GO.ID	Term	Annotated	Significant	Expected	pval_test	pval_adj	ontology
GO:0006874	cellular calcium ion homeostasis	38	37	30.42	0.0018	1	BP
GO:0002521	leukocyte differentiation	24	24	19.21	0.0043	1	BP
GO:0051172	negative regulation of nitrogen compound...	117	104	93.67	0.0045	1	BP
GO:0010629	negative regulation of gene expression	110	98	88.06	0.005	1	BP
GO:0045862	positive regulation of proteolysis	23	23	18.41	0.0055	1	BP
GO:0032101	regulation of response to external stimu...	48	45	38.43	0.0065	1	BP
GO:0046649	lymphocyte activation	31	30	24.82	0.0078	1	BP
GO:0050776	regulation of immune response	31	30	24.82	0.0078	1	BP
GO:0120035	regulation of plasma membrane bounded ce...	54	50	43.23	0.0082	1	BP
GO:0006417	regulation of translation	21	21	16.81	0.0087	1	BP
GO:0060047	heart contraction	30	29	24.02	0.0095	1	BP
GO:0002684	positive regulation of immune system pro...	30	29	24.02	0.0095	1	BP
GO:0032268	regulation of cellular protein metabolic...	123	108	98.47	0.0098	1	BP
GO:0030099	myeloid cell differentiation	20	20	16.01	0.0109	1	BP
GO:0051239	regulation of multicellular organismal p...	200	171	160.12	0.0129	1	BP
GO:1901701	cellular response to oxygen-containing c...	71	64	56.84	0.0138	1	BP
GO:0031175	neuron projection development	96	85	76.86	0.0141	1	BP
GO:0045595	regulation of cell differentiation	114	100	91.27	0.0142	1	BP
GO:0008016	regulation of heart contraction	28	27	22.42	0.0143	1	BP
GO:1901652	response to peptide	43	40	34.43	0.0156	1	BP
GO:0051240	positive regulation of multicellular org...	119	104	95.27	0.0159	1	BP
GO:0031347	regulation of defense response	27	26	21.62	0.0174	1	BP
GO:0031324	negative regulation of cellular metaboli...	141	122	112.88	0.0181	1	BP
GO:0031327	negative regulation of cellular biosynth...	94	83	75.26	0.0181	1	BP
GO:0009890	negative regulation of biosynthetic proc...	94	83	75.26	0.0181	1	BP
GO:0051235	maintenance of location	26	25	20.82	0.0212	1	BP
GO:0051480	regulation of cytosolic calcium ion conc...	26	25	20.82	0.0212	1	BP
GO:0001816	cytokine production	17	17	13.61	0.0217	1	BP
GO:1903706	regulation of hemopoiesis	17	17	13.61	0.0217	1	BP
GO:0000302	response to reactive oxygen species	17	17	13.61	0.0217	1	BP
GO:0002694	regulation of leukocyte activation	17	17	13.61	0.0217	1	BP
GO:0051248	negative regulation of protein metabolic...	48	44	38.43	0.0217	1	BP
GO:0010558	negative regulation of macromolecule bio...	86	76	68.85	0.023	1	BP
GO:0032870	cellular response to hormone stimulus	54	49	43.23	0.0242	1	BP
GO:1903522	regulation of blood circulation	33	31	26.42	0.0246	1	BP
GO:0045859	regulation of protein kinase activity	47	43	37.63	0.0253	1	BP
GO:0071375	cellular response to peptide hormone sti...	25	24	20.01	0.0258	1	BP
GO:2000113	negative regulation of cellular macromol...	85	75	68.05	0.0261	1	BP
GO:0045597	positive regulation of cell differentiat...	60	54	48.04	0.0262	1	BP
GO:0002831	regulation of response to biotic stimulu...	16	16	12.81	0.0272	1	BP
GO:0010628	positive regulation of gene expression	108	94	86.46	0.0286	1	BP
GO:1901653	cellular response to peptide	32	30	25.62	0.0294	1	BP
GO:0034762	regulation of transmembrane transport	32	30	25.62	0.0294	1	BP
GO:0051094	positive regulation of developmental pro...	96	84	76.86	0.0294	1	BP
GO:0051051	negative regulation of transport	24	23	19.21	0.0314	1	BP
GO:0019722	calcium-mediated signaling	24	23	19.21	0.0314	1	BP
GO:0007626	locomotory behavior	52	47	41.63	0.0324	1	BP
GO:0097659	nucleic acid-templated transcription	163	139	130.5	0.0335	1	BP
GO:0032774	RNA biosynthetic process	163	139	130.5	0.0335	1	BP
GO:0051249	regulation of lymphocyte activation	15	15	12.01	0.0342	1	BP
GO:0051651	maintenance of location in cell	15	15	12.01	0.0342	1	BP
GO:1903131	mononuclear cell differentiation	15	15	12.01	0.0342	1	BP
GO:0043434	response to peptide hormone	31	29	24.82	0.035	1	BP
GO:0010975	regulation of neuron projection developm...	38	35	30.42	0.0355	1	BP
GO:0006351	DNA-templated transcription	162	138	129.7	0.0368	1	BP
GO:1901699	cellular response to nitrogen compound	51	46	40.83	0.0374	1	BP
GO:0021537	telencephalon development	23	22	18.41	0.038	1	BP
GO:0007204	positive regulation of cytosolic calcium...	23	22	18.41	0.038	1	BP
GO:2001141	regulation of RNA biosynthetic process	156	133	124.89	0.0386	1	BP
GO:1903506	regulation of nucleic acid-templated tra...	156	133	124.89	0.0386	1	BP
GO:0062197	cellular response to chemical stress	30	28	24.02	0.0416	1	BP
GO:0045860	positive regulation of protein kinase ac...	30	28	24.02	0.0416	1	BP
GO:1901698	response to nitrogen compound	81	71	64.85	0.0422	1	BP
GO:0051252	regulation of RNA metabolic process	166	141	132.9	0.0423	1	BP
GO:0006355	regulation of DNA-templated transcriptio...	155	132	124.09	0.0424	1	BP
GO:0016070	RNA metabolic process	209	176	167.32	0.0427	1	BP
GO:0031589	cell-substrate adhesion	14	14	11.21	0.043	1	BP
GO:0033135	regulation of peptidyl-serine phosphoryl...	14	14	11.21	0.043	1	BP
GO:0034249	negative regulation of cellular amide me...	14	14	11.21	0.043	1	BP
GO:0042113	B cell activation	14	14	11.21	0.043	1	BP
GO:1903052	positive regulation of proteolysis invol...	14	14	11.21	0.043	1	BP
GO:0043603	cellular amide metabolic process	75	69	60.04	0.0462	1	BP
GO:0001505	regulation of neurotransmitter levels	43	39	34.43	0.0463	1	BP
GO:0009611	response to wounding	43	39	34.43	0.0463	1	BP
GO:0007399	nervous system development	192	162	153.71	0.0464	1	BP
GO:0048731	system development	275	232	220.16	0.0468	1	BP
GO:0040017	positive regulation of locomotion	36	33	28.82	0.0487	1	BP
GO:0022411	cellular component disassembly	29	27	23.22	0.0493	1	BP
GO:0070588	calcium ion transmembrane transport	29	27	23.22	0.0493	1	BP
GO:0043687	post-translational protein modification	29	27	23.22	0.0493	1	BP
GO:0031346	positive regulation of cell projection o...	29	27	23.22	0.0493	1	BP
GO:0032502	developmental process	348	290	278.61	0.0504	1	BP
GO:0055085	transmembrane transport	91	79	72.85	0.0514	1	BP
GO:1901700	response to oxygen-containing compound	108	93	86.46	0.0528	1	BP
GO:0007610	behavior	108	93	86.46	0.0528	1	BP
GO:0010243	response to organonitrogen compound	79	69	63.25	0.053	1	BP
GO:0006952	defense response	67	59	53.64	0.0533	1	BP
GO:0098660	inorganic ion transmembrane transport	67	59	53.64	0.0533	1	BP
GO:0040012	regulation of locomotion	73	64	58.44	0.0534	1	BP
GO:0006820	anion transport	42	38	33.62	0.0535	1	BP
GO:0006979	response to oxidative stress	42	38	33.62	0.0535	1	BP
GO:0043269	regulation of ion transport	42	38	33.62	0.0535	1	BP
GO:1901800	positive regulation of proteasomal prote...	13	13	10.41	0.0539	1	BP
GO:1901617	organic hydroxy compound biosynthetic pr...	13	13	10.41	0.0539	1	BP
GO:0030098	lymphocyte differentiation	13	13	10.41	0.0539	1	BP
GO:2000060	positive regulation of ubiquitin-depende...	13	13	10.41	0.0539	1	BP
GO:2000058	regulation of ubiquitin-dependent protei...	13	13	10.41	0.0539	1	BP
GO:0050867	positive regulation of cell activation	13	13	10.41	0.0539	1	BP
GO:0002696	positive regulation of leukocyte activat...	13	13	10.41	0.0539	1	BP
GO:0007606	sensory perception of chemical stimulus	13	13	10.41	0.0539	1	BP
GO:0034250	positive regulation of cellular amide me...	13	13	10.41	0.0539	1	BP
GO:0045637	regulation of myeloid cell differentiati...	13	13	10.41	0.0539	1	BP
GO:0032103	positive regulation of response to exter...	21	20	16.81	0.0557	1	BP
GO:0050778	positive regulation of immune response	21	20	16.81	0.0557	1	BP
GO:0010976	positive regulation of neuron projection...	21	20	16.81	0.0557	1	BP
GO:0031399	regulation of protein modification proce...	96	83	76.86	0.0559	1	BP
GO:0007568	aging	48	43	38.43	0.0567	1	BP
GO:1901615	organic hydroxy compound metabolic proce...	35	32	28.02	0.0568	1	BP
GO:0045927	positive regulation of growth	35	32	28.02	0.0568	1	BP
GO:0006357	regulation of transcription by RNA polym...	124	106	99.27	0.0577	1	BP
GO:1903507	negative regulation of nucleic acid-temp...	72	63	57.64	0.0599	1	BP
GO:1902679	negative regulation of RNA biosynthetic ...	72	63	57.64	0.0599	1	BP
GO:0001932	regulation of protein phosphorylation	66	58	52.84	0.0601	1	BP
GO:0042391	regulation of membrane potential	41	37	32.82	0.0618	1	BP
GO:0044093	positive regulation of molecular functio...	95	82	76.06	0.062	1	BP
GO:0051254	positive regulation of RNA metabolic pro...	95	82	76.06	0.062	1	BP
GO:0071417	cellular response to organonitrogen comp...	47	42	37.63	0.0649	1	BP
GO:0002164	larval development	34	31	27.22	0.0662	1	BP
GO:0051253	negative regulation of RNA metabolic pro...	77	67	61.65	0.0662	1	BP
GO:0019438	aromatic compound biosynthetic process	193	162	154.51	0.0666	1	BP
GO:0010035	response to inorganic substance	53	47	42.43	0.0667	1	BP
GO:0048569	post-embryonic animal organ development	53	47	42.43	0.0667	1	BP
GO:0045892	negative regulation of DNA-templated tra...	71	62	56.84	0.0671	1	BP
GO:0042742	defense response to bacterium	20	19	16.01	0.0671	1	BP
GO:0050865	regulation of cell activation	20	19	16.01	0.0671	1	BP
GO:0042110	T cell activation	20	19	16.01	0.0671	1	BP
GO:0051251	positive regulation of lymphocyte activa...	12	12	9.61	0.0676	1	BP
GO:0003205	cardiac chamber development	12	12	9.61	0.0676	1	BP
GO:0045088	regulation of innate immune response	12	12	9.61	0.0676	1	BP
GO:0032434	regulation of proteasomal ubiquitin-depe...	12	12	9.61	0.0676	1	BP
GO:0032436	positive regulation of proteasomal ubiqu...	12	12	9.61	0.0676	1	BP
GO:0018958	phenol-containing compound metabolic pro...	12	12	9.61	0.0676	1	BP
GO:0002573	myeloid leukocyte differentiation	12	12	9.61	0.0676	1	BP
GO:0048599	oocyte development	12	12	9.61	0.0676	1	BP
GO:0014074	response to purine-containing compound	12	12	9.61	0.0676	1	BP
GO:0042594	response to starvation	27	25	21.62	0.0688	1	BP
GO:0043270	positive regulation of ion transport	27	25	21.62	0.0688	1	BP
GO:0034765	regulation of ion transmembrane transpor...	27	25	21.62	0.0688	1	BP
GO:0022008	neurogenesis	155	131	124.09	0.0689	1	BP
GO:0070482	response to oxygen levels	40	36	32.02	0.0711	1	BP
GO:0048513	animal organ development	204	174	163.32	0.0716	1	BP
GO:0010556	regulation of macromolecule biosynthetic...	181	155	144.91	0.0722	1	BP
GO:0048699	generation of neurons	149	126	119.29	0.0724	1	BP
GO:0050877	nervous system process	99	85	79.26	0.0734	1	BP
GO:1901362	organic cyclic compound biosynthetic pro...	197	165	157.72	0.0739	1	BP
GO:0036211	protein modification process	197	165	157.72	0.0739	1	BP
GO:0006816	calcium ion transport	33	30	26.42	0.0769	1	BP
GO:0045934	negative regulation of nucleobase-contai...	81	70	64.85	0.0802	1	BP
GO:0001508	action potential	19	18	15.21	0.0808	1	BP
GO:0120032	regulation of plasma membrane bounded ce...	19	18	15.21	0.0808	1	BP
GO:0035637	multicellular organismal signaling	19	18	15.21	0.0808	1	BP
GO:0035966	response to topologically incorrect prot...	19	18	15.21	0.0808	1	BP
GO:0002764	immune response-regulating signaling pat...	19	18	15.21	0.0808	1	BP
GO:0048872	homeostasis of number of cells	19	18	15.21	0.0808	1	BP
GO:0060491	regulation of cell projection assembly	19	18	15.21	0.0808	1	BP
GO:0072521	purine-containing compound metabolic pro...	26	24	20.82	0.081	1	BP
GO:0071396	cellular response to lipid	26	24	20.82	0.081	1	BP
GO:1902903	regulation of supramolecular fiber organ...	26	24	20.82	0.081	1	BP
GO:0034599	cellular response to oxidative stress	26	24	20.82	0.081	1	BP
GO:0044271	cellular nitrogen compound biosynthetic ...	231	195	184.94	0.081	1	BP
GO:0009889	regulation of biosynthetic process	200	170	160.12	0.0832	1	BP
GO:0001934	positive regulation of protein phosphory...	45	40	36.03	0.0843	1	BP
GO:0051962	positive regulation of nervous system de...	45	40	36.03	0.0843	1	BP
GO:0097191	extrinsic apoptotic signaling pathway	11	11	8.81	0.0848	1	BP
GO:0034614	cellular response to reactive oxygen spe...	11	11	8.81	0.0848	1	BP
GO:0001817	regulation of cytokine production	11	11	8.81	0.0848	1	BP
GO:0033138	positive regulation of peptidyl-serine p...	11	11	8.81	0.0848	1	BP
GO:0003206	cardiac chamber morphogenesis	11	11	8.81	0.0848	1	BP
GO:0046434	organophosphate catabolic process	11	11	8.81	0.0848	1	BP
GO:0061337	cardiac conduction	11	11	8.81	0.0848	1	BP
GO:0007160	cell-matrix adhesion	11	11	8.81	0.0848	1	BP
GO:0010810	regulation of cell-substrate adhesion	11	11	8.81	0.0848	1	BP
GO:0017148	negative regulation of translation	11	11	8.81	0.0848	1	BP
GO:0031345	negative regulation of cell projection o...	11	11	8.81	0.0848	1	BP
GO:0031349	positive regulation of defense response	11	11	8.81	0.0848	1	BP
GO:0050920	regulation of chemotaxis	11	11	8.81	0.0848	1	BP
GO:0044057	regulation of system process	57	50	45.63	0.0856	1	BP
GO:0009991	response to extracellular stimulus	57	50	45.63	0.0856	1	BP
GO:1901135	carbohydrate derivative metabolic proces...	57	50	45.63	0.0856	1	BP
GO:0009887	animal organ morphogenesis	103	88	82.46	0.0857	1	BP
GO:0031668	cellular response to extracellular stimu...	32	29	25.62	0.0891	1	BP
GO:0033674	positive regulation of kinase activity	32	29	25.62	0.0891	1	BP
GO:0031400	negative regulation of protein modificat...	32	29	25.62	0.0891	1	BP
GO:0031326	regulation of cellular biosynthetic proc...	199	169	159.32	0.0901	1	BP
GO:0018130	heterocycle biosynthetic process	189	158	151.31	0.0909	1	BP
GO:2000112	regulation of cellular macromolecule bio...	178	152	142.51	0.0927	1	BP
GO:0060562	epithelial tube morphogenesis	62	54	49.64	0.0949	1	BP
GO:0003012	muscle system process	25	23	20.01	0.0952	1	BP
GO:0007635	chemosensory behavior	25	23	20.01	0.0952	1	BP
GO:0035239	tube morphogenesis	85	73	68.05	0.0952	1	BP
GO:0022898	regulation of transmembrane transporter ...	18	17	14.41	0.097	1	BP
GO:0006954	inflammatory response	18	17	14.41	0.097	1	BP
GO:0006986	response to unfolded protein	18	17	14.41	0.097	1	BP
GO:0032412	regulation of ion transmembrane transpor...	18	17	14.41	0.097	1	BP
GO:0032409	regulation of transporter activity	18	17	14.41	0.097	1	BP
GO:0032102	negative regulation of response to exter...	18	17	14.41	0.097	1	BP
GO:0034654	nucleobase-containing compound biosynthe...	188	157	150.51	0.0979	1	BP
GO:0032990	cell part morphogenesis	79	68	63.25	0.0982	1	BP
GO:0034220	ion transmembrane transport	79	68	63.25	0.0982	1	BP
GO:0006366	transcription by RNA polymerase II	129	109	103.28	0.0984	1	BP
GO:1903508	positive regulation of nucleic acid-temp...	90	77	72.05	0.1012	1	BP
GO:1902680	positive regulation of RNA biosynthetic ...	90	77	72.05	0.1012	1	BP
GO:0045893	positive regulation of DNA-templated tra...	90	77	72.05	0.1012	1	BP
GO:0000902	cell morphogenesis	90	77	72.05	0.1012	1	BP
GO:0071900	regulation of protein serine/threonine k...	31	28	24.82	0.103	1	BP
GO:0071495	cellular response to endogenous stimulus	84	72	67.25	0.1048	1	BP
GO:0031401	positive regulation of protein modificat...	61	53	48.84	0.1059	1	BP
GO:1903037	regulation of leukocyte cell-cell adhesi...	10	10	8.01	0.1064	1	BP
GO:0051282	regulation of sequestering of calcium io...	10	10	8.01	0.1064	1	BP
GO:0051208	sequestering of calcium ion	10	10	8.01	0.1064	1	BP
GO:2001236	regulation of extrinsic apoptotic signal...	10	10	8.01	0.1064	1	BP
GO:0003231	cardiac ventricle development	10	10	8.01	0.1064	1	BP
GO:0051952	regulation of amine transport	10	10	8.01	0.1064	1	BP
GO:0032024	positive regulation of insulin secretion	10	10	8.01	0.1064	1	BP
GO:0008286	insulin receptor signaling pathway	10	10	8.01	0.1064	1	BP
GO:0015837	amine transport	10	10	8.01	0.1064	1	BP
GO:0002262	myeloid cell homeostasis	10	10	8.01	0.1064	1	BP
GO:0007159	leukocyte cell-cell adhesion	10	10	8.01	0.1064	1	BP
GO:0050863	regulation of T cell activation	10	10	8.01	0.1064	1	BP
GO:0043543	protein acylation	10	10	8.01	0.1064	1	BP
GO:0050679	positive regulation of epithelial cell p...	10	10	8.01	0.1064	1	BP
GO:0019217	regulation of fatty acid metabolic proce...	10	10	8.01	0.1064	1	BP
GO:2001057	reactive nitrogen species metabolic proc...	10	10	8.01	0.1064	1	BP
GO:0006473	protein acetylation	10	10	8.01	0.1064	1	BP
GO:0036296	response to increased oxygen levels	10	10	8.01	0.1064	1	BP
GO:0009416	response to light stimulus	37	33	29.62	0.1069	1	BP
GO:0051345	positive regulation of hydrolase activit...	37	33	29.62	0.1069	1	BP
GO:0036293	response to decreased oxygen levels	37	33	29.62	0.1069	1	BP
GO:0048666	neuron development	117	99	93.67	0.1077	1	BP
GO:0043085	positive regulation of catalytic activit...	78	67	62.45	0.1083	1	BP
GO:0048667	cell morphogenesis involved in neuron di...	78	67	62.45	0.1083	1	BP
GO:0050890	cognition	43	38	34.43	0.1085	1	BP
GO:0042327	positive regulation of phosphorylation	49	43	39.23	0.1086	1	BP
GO:0019693	ribose phosphate metabolic process	24	22	19.21	0.1115	1	BP
GO:0009259	ribonucleotide metabolic process	24	22	19.21	0.1115	1	BP
GO:0006163	purine nucleotide metabolic process	24	22	19.21	0.1115	1	BP
GO:0050793	regulation of developmental process	165	138	132.1	0.1119	1	BP
GO:0006811	ion transport	100	85	80.06	0.1123	1	BP
GO:0010557	positive regulation of macromolecule bio...	100	85	80.06	0.1123	1	BP
GO:0003008	system process	126	110	100.87	0.114	1	BP
GO:0030182	neuron differentiation	138	116	110.48	0.114	1	BP
GO:0051928	positive regulation of calcium ion trans...	17	16	13.61	0.1162	1	BP
GO:0035967	cellular response to topologically incor...	17	16	13.61	0.1162	1	BP
GO:0021543	pallium development	17	16	13.61	0.1162	1	BP
GO:0015698	inorganic anion transport	17	16	13.61	0.1162	1	BP
GO:0032869	cellular response to insulin stimulus	17	16	13.61	0.1162	1	BP
GO:0009266	response to temperature stimulus	30	27	24.02	0.1187	1	BP
GO:0120039	plasma membrane bounded cell projection ...	77	66	61.65	0.1193	1	BP
GO:0048858	cell projection morphogenesis	77	66	61.65	0.1193	1	BP
GO:0048812	neuron projection morphogenesis	77	66	61.65	0.1193	1	BP
GO:0009791	post-embryonic development	77	66	61.65	0.1193	1	BP
GO:0002682	regulation of immune system process	52	50	41.63	0.1195	1	BP
GO:0098662	inorganic cation transmembrane transport	54	47	43.23	0.1202	1	BP
GO:0050769	positive regulation of neurogenesis	36	32	28.82	0.1219	1	BP
GO:0051129	negative regulation of cellular componen...	48	42	38.43	0.122	1	BP
GO:0010720	positive regulation of cell development	42	37	33.62	0.1227	1	BP
GO:0040011	locomotion	153	128	122.49	0.1237	1	BP
GO:0001525	angiogenesis	23	21	18.41	0.1302	1	BP
GO:0030335	positive regulation of cell migration	23	21	18.41	0.1302	1	BP
GO:0018105	peptidyl-serine phosphorylation	23	21	18.41	0.1302	1	BP
GO:0018209	peptidyl-serine modification	23	21	18.41	0.1302	1	BP
GO:0043161	proteasome-mediated ubiquitin-dependent ...	23	21	18.41	0.1302	1	BP
GO:1904062	regulation of cation transmembrane trans...	23	21	18.41	0.1302	1	BP
GO:2000147	positive regulation of cell motility	23	21	18.41	0.1302	1	BP
GO:0009150	purine ribonucleotide metabolic process	23	21	18.41	0.1302	1	BP
GO:0009628	response to abiotic stimulus	120	101	96.07	0.1313	1	BP
GO:0034641	cellular nitrogen compound metabolic pro...	304	252	243.38	0.1314	1	BP
GO:1901890	positive regulation of cell junction ass...	9	9	7.21	0.1333	1	BP
GO:0051283	negative regulation of sequestering of c...	9	9	7.21	0.1333	1	BP
GO:0042542	response to hydrogen peroxide	9	9	7.21	0.1333	1	BP
GO:0006809	nitric oxide biosynthetic process	9	9	7.21	0.1333	1	BP
GO:0055093	response to hyperoxia	9	9	7.21	0.1333	1	BP
GO:1903426	regulation of reactive oxygen species bi...	9	9	7.21	0.1333	1	BP
GO:1903409	reactive oxygen species biosynthetic pro...	9	9	7.21	0.1333	1	BP
GO:0018394	peptidyl-lysine acetylation	9	9	7.21	0.1333	1	BP
GO:0046209	nitric oxide metabolic process	9	9	7.21	0.1333	1	BP
GO:0046651	lymphocyte proliferation	9	9	7.21	0.1333	1	BP
GO:0070661	leukocyte proliferation	9	9	7.21	0.1333	1	BP
GO:0043255	regulation of carbohydrate biosynthetic ...	9	9	7.21	0.1333	1	BP
GO:0045428	regulation of nitric oxide biosynthetic ...	9	9	7.21	0.1333	1	BP
GO:0045185	maintenance of protein location	9	9	7.21	0.1333	1	BP
GO:0032526	response to retinoic acid	9	9	7.21	0.1333	1	BP
GO:0006090	pyruvate metabolic process	9	9	7.21	0.1333	1	BP
GO:0080164	regulation of nitric oxide metabolic pro...	9	9	7.21	0.1333	1	BP
GO:0034101	erythrocyte homeostasis	9	9	7.21	0.1333	1	BP
GO:0032943	mononuclear cell proliferation	9	9	7.21	0.1333	1	BP
GO:0036473	cell death in response to oxidative stre...	9	9	7.21	0.1333	1	BP
GO:0060326	cell chemotaxis	9	9	7.21	0.1333	1	BP
GO:0010952	positive regulation of peptidase activit...	9	9	7.21	0.1333	1	BP
GO:0071868	cellular response to monoamine stimulus	9	9	7.21	0.1333	1	BP
GO:0071869	response to catecholamine	9	9	7.21	0.1333	1	BP
GO:0006475	internal protein amino acid acetylation	9	9	7.21	0.1333	1	BP
GO:0071870	cellular response to catecholamine stimu...	9	9	7.21	0.1333	1	BP
GO:0097306	cellular response to alcohol	9	9	7.21	0.1333	1	BP
GO:0031667	response to nutrient levels	53	46	42.43	0.134	1	BP
GO:0042330	taxis	53	46	42.43	0.134	1	BP
GO:0050767	regulation of neurogenesis	70	60	56.04	0.1359	1	BP
GO:0032501	multicellular organismal process	393	325	314.63	0.1361	1	BP
GO:0006753	nucleoside phosphate metabolic process	29	26	23.22	0.1365	1	BP
GO:0034976	response to endoplasmic reticulum stress	29	26	23.22	0.1365	1	BP
GO:0009117	nucleotide metabolic process	29	26	23.22	0.1365	1	BP
GO:0045666	positive regulation of neuron differenti...	29	26	23.22	0.1365	1	BP
GO:0010959	regulation of metal ion transport	29	26	23.22	0.1365	1	BP
GO:0009314	response to radiation	47	41	37.63	0.1367	1	BP
GO:0009636	response to toxic substance	47	41	37.63	0.1367	1	BP
GO:0001666	response to hypoxia	35	31	28.02	0.1386	1	BP
GO:0034620	cellular response to unfolded protein	16	15	12.81	0.1388	1	BP
GO:0006821	chloride transport	16	15	12.81	0.1388	1	BP
GO:0070371	ERK1 and ERK2 cascade	16	15	12.81	0.1388	1	BP
GO:0002027	regulation of heart rate	16	15	12.81	0.1388	1	BP
GO:0015850	organic hydroxy compound transport	16	15	12.81	0.1388	1	BP
GO:0032984	protein-containing complex disassembly	16	15	12.81	0.1388	1	BP
GO:0098661	inorganic anion transmembrane transport	16	15	12.81	0.1388	1	BP
GO:0042752	regulation of circadian rhythm	16	15	12.81	0.1388	1	BP
GO:0042221	response to chemical	235	194	188.14	0.1391	1	BP
GO:0098916	anterograde trans-synaptic signaling	64	55	51.24	0.1405	1	BP
GO:0099536	synaptic signaling	64	55	51.24	0.1405	1	BP
GO:0099537	trans-synaptic signaling	64	55	51.24	0.1405	1	BP
GO:0007268	chemical synaptic transmission	64	55	51.24	0.1405	1	BP
GO:0045944	positive regulation of transcription by ...	75	64	60.04	0.1439	1	BP
GO:0018193	peptidyl-amino acid modification	58	50	46.43	0.145	1	BP
GO:0035295	tube development	97	82	77.66	0.145	1	BP
GO:0007275	multicellular organism development	304	252	243.38	0.1464	1	BP
GO:0043549	regulation of kinase activity	52	45	41.63	0.1491	1	BP
GO:0043412	macromolecule modification	208	172	166.52	0.1495	1	BP
GO:0044282	small molecule catabolic process	22	20	17.61	0.1517	1	BP
GO:0051924	regulation of calcium ion transport	22	20	17.61	0.1517	1	BP
GO:0043405	regulation of MAP kinase activity	22	20	17.61	0.1517	1	BP
GO:0009267	cellular response to starvation	22	20	17.61	0.1517	1	BP
GO:0032956	regulation of actin cytoskeleton organiz...	22	20	17.61	0.1517	1	BP
GO:0071407	cellular response to organic cyclic comp...	40	35	32.02	0.1556	1	BP
GO:0031669	cellular response to nutrient levels	28	25	22.42	0.1564	1	BP
GO:0007623	circadian rhythm	28	25	22.42	0.1564	1	BP
GO:0032970	regulation of actin filament-based proce...	28	25	22.42	0.1564	1	BP
GO:0016358	dendrite development	28	25	22.42	0.1564	1	BP
GO:0010608	post-transcriptional regulation of gene ...	29	29	23.22	0.1565	1	BP
GO:0034248	regulation of cellular amide metabolic p...	29	29	23.22	0.1565	1	BP
GO:0019932	second-messenger-mediated signaling	34	30	27.22	0.1571	1	BP
GO:0030534	adult behavior	34	30	27.22	0.1571	1	BP
GO:0032989	cellular component morphogenesis	96	81	76.86	0.1574	1	BP
GO:0042325	regulation of phosphorylation	74	63	59.24	0.1575	1	BP
GO:0051130	positive regulation of cellular componen...	74	63	59.24	0.1575	1	BP
GO:0051050	positive regulation of transport	68	58	54.44	0.1639	1	BP
GO:0019220	regulation of phosphate metabolic proces...	90	76	72.05	0.1645	1	BP
GO:0051174	regulation of phosphorus metabolic proce...	90	76	72.05	0.1645	1	BP
GO:0000904	cell morphogenesis involved in different...	79	67	63.25	0.165	1	BP
GO:0097553	calcium ion transmembrane import into cy...	15	14	12.01	0.1654	1	BP
GO:0016570	histone modification	15	14	12.01	0.1654	1	BP
GO:0030431	sleep	15	14	12.01	0.1654	1	BP
GO:0043406	positive regulation of MAP kinase activi...	15	14	12.01	0.1654	1	BP
GO:0002253	activation of immune response	15	14	12.01	0.1654	1	BP
GO:0010212	response to ionizing radiation	15	14	12.01	0.1654	1	BP
GO:0048771	tissue remodeling	15	14	12.01	0.1654	1	BP
GO:0009165	nucleotide biosynthetic process	15	14	12.01	0.1654	1	BP
GO:0030968	endoplasmic reticulum unfolded protein r...	15	14	12.01	0.1654	1	BP
GO:0007601	visual perception	15	14	12.01	0.1654	1	BP
GO:0050953	sensory perception of light stimulus	15	14	12.01	0.1654	1	BP
GO:0060402	calcium ion transport into cytosol	15	14	12.01	0.1654	1	BP
GO:1901293	nucleoside phosphate biosynthetic proces...	15	14	12.01	0.1654	1	BP
GO:1903050	regulation of proteolysis involved in pr...	15	14	12.01	0.1654	1	BP
GO:1903039	positive regulation of leukocyte cell-ce...	8	8	6.4	0.167	1	BP
GO:1903008	organelle disassembly	8	8	6.4	0.167	1	BP
GO:0062149	detection of stimulus involved in sensor...	8	8	6.4	0.167	1	BP
GO:1904659	glucose transmembrane transport	8	8	6.4	0.167	1	BP
GO:0051899	membrane depolarization	8	8	6.4	0.167	1	BP
GO:1901655	cellular response to ketone	8	8	6.4	0.167	1	BP
GO:0051591	response to cAMP	8	8	6.4	0.167	1	BP
GO:0150115	cell-substrate junction organization	8	8	6.4	0.167	1	BP
GO:0046323	glucose import	8	8	6.4	0.167	1	BP
GO:0001952	regulation of cell-matrix adhesion	8	8	6.4	0.167	1	BP
GO:0016573	histone acetylation	8	8	6.4	0.167	1	BP
GO:0003279	cardiac septum development	8	8	6.4	0.167	1	BP
GO:0018393	internal peptidyl-lysine acetylation	8	8	6.4	0.167	1	BP
GO:1902017	regulation of cilium assembly	8	8	6.4	0.167	1	BP
GO:1903531	negative regulation of secretion by cell	8	8	6.4	0.167	1	BP
GO:0072329	monocarboxylic acid catabolic process	8	8	6.4	0.167	1	BP
GO:0030433	ubiquitin-dependent ERAD pathway	8	8	6.4	0.167	1	BP
GO:0007044	cell-substrate junction assembly	8	8	6.4	0.167	1	BP
GO:0030217	T cell differentiation	8	8	6.4	0.167	1	BP
GO:0030218	erythrocyte differentiation	8	8	6.4	0.167	1	BP
GO:0045089	positive regulation of innate immune res...	8	8	6.4	0.167	1	BP
GO:0008643	carbohydrate transport	8	8	6.4	0.167	1	BP
GO:0008645	hexose transmembrane transport	8	8	6.4	0.167	1	BP
GO:0008630	intrinsic apoptotic signaling pathway in...	8	8	6.4	0.167	1	BP
GO:0021766	hippocampus development	8	8	6.4	0.167	1	BP
GO:0015749	monosaccharide transmembrane transport	8	8	6.4	0.167	1	BP
GO:0043467	regulation of generation of precursor me...	8	8	6.4	0.167	1	BP
GO:0070663	regulation of leukocyte proliferation	8	8	6.4	0.167	1	BP
GO:1902105	regulation of leukocyte differentiation	8	8	6.4	0.167	1	BP
GO:0021549	cerebellum development	8	8	6.4	0.167	1	BP
GO:0040018	positive regulation of multicellular org...	8	8	6.4	0.167	1	BP
GO:0050731	positive regulation of peptidyl-tyrosine...	8	8	6.4	0.167	1	BP
GO:0050870	positive regulation of T cell activation	8	8	6.4	0.167	1	BP
GO:0050829	defense response to Gram-negative bacter...	8	8	6.4	0.167	1	BP
GO:1902882	regulation of response to oxidative stre...	8	8	6.4	0.167	1	BP
GO:0002833	positive regulation of response to bioti...	8	8	6.4	0.167	1	BP
GO:0009185	ribonucleoside diphosphate metabolic pro...	8	8	6.4	0.167	1	BP
GO:0009132	nucleoside diphosphate metabolic process	8	8	6.4	0.167	1	BP
GO:0050670	regulation of lymphocyte proliferation	8	8	6.4	0.167	1	BP
GO:0007616	long-term memory	8	8	6.4	0.167	1	BP
GO:0007602	phototransduction	8	8	6.4	0.167	1	BP
GO:0032944	regulation of mononuclear cell prolifera...	8	8	6.4	0.167	1	BP
GO:0071277	cellular response to calcium ion	8	8	6.4	0.167	1	BP
GO:0034219	carbohydrate transmembrane transport	8	8	6.4	0.167	1	BP
GO:0009566	fertilization	8	8	6.4	0.167	1	BP
GO:0031109	microtubule polymerization or depolymeri...	8	8	6.4	0.167	1	BP
GO:0019751	polyol metabolic process	8	8	6.4	0.167	1	BP
GO:0022037	metencephalon development	8	8	6.4	0.167	1	BP
GO:0010977	negative regulation of neuron projection...	8	8	6.4	0.167	1	BP
GO:0042133	neurotransmitter metabolic process	8	8	6.4	0.167	1	BP
GO:0070647	protein modification by small protein co...	62	53	49.64	0.1703	1	BP
GO:0006950	response to stress	211	174	168.92	0.1712	1	BP
GO:0019219	regulation of nucleobase-containing comp...	185	153	148.11	0.1719	1	BP
GO:0007267	cell-cell signaling	111	93	88.87	0.173	1	BP
GO:1905114	cell surface receptor signaling pathway ...	39	34	31.22	0.1745	1	BP
GO:0002252	immune effector process	39	34	31.22	0.1745	1	BP
GO:0007611	learning or memory	39	34	31.22	0.1745	1	BP
GO:0071902	positive regulation of protein serine/th...	21	19	16.81	0.1761	1	BP
GO:0035264	multicellular organism growth	21	19	16.81	0.1761	1	BP
GO:0006936	muscle contraction	21	19	16.81	0.1761	1	BP
GO:0043010	camera-type eye development	21	19	16.81	0.1761	1	BP
GO:0032147	activation of protein kinase activity	21	19	16.81	0.1761	1	BP
GO:0007472	wing disc morphogenesis	21	19	16.81	0.1761	1	BP
GO:0009743	response to carbohydrate	21	19	16.81	0.1761	1	BP
GO:0034764	positive regulation of transmembrane tra...	21	19	16.81	0.1761	1	BP
GO:0032787	monocarboxylic acid metabolic process	33	29	26.42	0.1777	1	BP
GO:0048511	rhythmic process	33	29	26.42	0.1777	1	BP
GO:0031325	positive regulation of cellular metaboli...	174	144	139.3	0.1782	1	BP
GO:0050795	regulation of behavior	27	24	21.62	0.1788	1	BP
GO:0060284	regulation of cell development	78	66	62.45	0.1797	1	BP
GO:0045935	positive regulation of nucleobase-contai...	105	88	84.06	0.1813	1	BP
GO:0043069	negative regulation of programmed cell d...	50	43	40.03	0.1832	1	BP
GO:0000122	negative regulation of transcription by ...	50	43	40.03	0.1832	1	BP
GO:0010467	gene expression	248	211	198.55	0.1835	1	BP
GO:0048869	cellular developmental process	246	205	196.95	0.1853	1	BP
GO:0072359	circulatory system development	61	52	48.84	0.1869	1	BP
GO:0098655	cation transmembrane transport	61	52	48.84	0.1869	1	BP
GO:0009719	response to endogenous stimulus	99	83	79.26	0.1899	1	BP
GO:0009891	positive regulation of biosynthetic proc...	115	96	92.07	0.1907	1	BP
GO:0001568	blood vessel development	38	33	30.42	0.1952	1	BP
GO:0048563	post-embryonic animal organ morphogenesi...	38	33	30.42	0.1952	1	BP
GO:0097237	cellular response to toxic substance	14	13	11.21	0.1964	1	BP
GO:0051592	response to calcium ion	14	13	11.21	0.1964	1	BP
GO:0099565	chemical synaptic transmission, postsyna...	14	13	11.21	0.1964	1	BP
GO:0008277	regulation of G protein-coupled receptor...	14	13	11.21	0.1964	1	BP
GO:0035725	sodium ion transmembrane transport	14	13	11.21	0.1964	1	BP
GO:0061136	regulation of proteasomal protein catabo...	14	13	11.21	0.1964	1	BP
GO:0046887	positive regulation of hormone secretion	14	13	11.21	0.1964	1	BP
GO:1902476	chloride transmembrane transport	14	13	11.21	0.1964	1	BP
GO:0021761	limbic system development	14	13	11.21	0.1964	1	BP
GO:0002768	immune response-regulating cell surface ...	14	13	11.21	0.1964	1	BP
GO:0071383	cellular response to steroid hormone sti...	14	13	11.21	0.1964	1	BP
GO:0060078	regulation of postsynaptic membrane pote...	14	13	11.21	0.1964	1	BP
GO:0060041	retina development in camera-type eye	14	13	11.21	0.1964	1	BP
GO:0051099	positive regulation of binding	14	13	11.21	0.1964	1	BP
GO:0048678	response to axon injury	14	13	11.21	0.1964	1	BP
GO:0009583	detection of light stimulus	14	13	11.21	0.1964	1	BP
GO:0009653	anatomical structure morphogenesis	188	155	150.51	0.1965	1	BP
GO:0010605	negative regulation of macromolecule met...	134	119	107.28	0.1973	1	BP
GO:0048468	cell development	193	159	154.51	0.1986	1	BP
GO:0065009	regulation of molecular function	146	121	116.89	0.2001	1	BP
GO:0010604	positive regulation of macromolecule met...	169	143	135.3	0.2004	1	BP
GO:0006518	peptide metabolic process	63	57	50.44	0.2017	1	BP
GO:0044092	negative regulation of molecular functio...	49	42	39.23	0.2023	1	BP
GO:0006935	chemotaxis	49	42	39.23	0.2023	1	BP
GO:0043066	negative regulation of apoptotic process	49	42	39.23	0.2023	1	BP
GO:0051247	positive regulation of protein metabolic...	81	72	64.85	0.2027	1	BP
GO:0035120	post-embryonic appendage morphogenesis	26	23	20.82	0.2036	1	BP
GO:0015711	organic anion transport	26	23	20.82	0.2036	1	BP
GO:0010498	proteasomal protein catabolic process	26	23	20.82	0.2036	1	BP
GO:0042060	wound healing	26	23	20.82	0.2036	1	BP
GO:0072331	signal transduction by p53 class mediato...	20	18	16.01	0.2038	1	BP
GO:0007476	imaginal disc-derived wing morphogenesis	20	18	16.01	0.2038	1	BP
GO:0090068	positive regulation of cell cycle proces...	20	18	16.01	0.2038	1	BP
GO:0045732	positive regulation of protein catabolic...	20	18	16.01	0.2038	1	BP
GO:0051090	regulation of DNA-binding transcription ...	20	18	16.01	0.2038	1	BP
GO:0034284	response to monosaccharide	20	18	16.01	0.2038	1	BP
GO:0071248	cellular response to metal ion	20	18	16.01	0.2038	1	BP
GO:0050906	detection of stimulus involved in sensor...	20	18	16.01	0.2038	1	BP
GO:0009725	response to hormone	71	60	56.84	0.2042	1	BP
GO:0031328	positive regulation of cellular biosynth...	114	95	91.27	0.2045	1	BP
GO:0043436	oxoacid metabolic process	60	51	48.04	0.2046	1	BP
GO:0006082	organic acid metabolic process	60	51	48.04	0.2046	1	BP
GO:0048598	embryonic morphogenesis	60	51	48.04	0.2046	1	BP
GO:0006139	nucleobase-containing compound metabolic...	259	212	207.35	0.2064	1	BP
GO:0030154	cell differentiation	244	203	195.34	0.2084	1	BP
GO:0001776	leukocyte homeostasis	7	7	5.6	0.2092	1	BP
GO:1903036	positive regulation of response to wound...	7	7	5.6	0.2092	1	BP
GO:0051209	release of sequestered calcium ion into ...	7	7	5.6	0.2092	1	BP
GO:0090501	RNA phosphodiester bond hydrolysis	7	7	5.6	0.2092	1	BP
GO:0086001	cardiac muscle cell action potential	7	7	5.6	0.2092	1	BP
GO:0016125	sterol metabolic process	7	7	5.6	0.2092	1	BP
GO:0051823	regulation of synapse structural plastic...	7	7	5.6	0.2092	1	BP
GO:0006664	glycolipid metabolic process	7	7	5.6	0.2092	1	BP
GO:0046324	regulation of glucose import	7	7	5.6	0.2092	1	BP
GO:0060998	regulation of dendritic spine developmen...	7	7	5.6	0.2092	1	BP
GO:1903201	regulation of oxidative stress-induced c...	7	7	5.6	0.2092	1	BP
GO:0033865	nucleoside bisphosphate metabolic proces...	7	7	5.6	0.2092	1	BP
GO:0003208	cardiac ventricle morphogenesis	7	7	5.6	0.2092	1	BP
GO:0033875	ribonucleoside bisphosphate metabolic pr...	7	7	5.6	0.2092	1	BP
GO:0032007	negative regulation of TOR signaling	7	7	5.6	0.2092	1	BP
GO:0002011	morphogenesis of an epithelial sheet	7	7	5.6	0.2092	1	BP
GO:1900371	regulation of purine nucleotide biosynth...	7	7	5.6	0.2092	1	BP
GO:1903509	liposaccharide metabolic process	7	7	5.6	0.2092	1	BP
GO:0070265	necrotic cell death	7	7	5.6	0.2092	1	BP
GO:0048015	phosphatidylinositol-mediated signaling	7	7	5.6	0.2092	1	BP
GO:0048017	inositol lipid-mediated signaling	7	7	5.6	0.2092	1	BP
GO:0048002	antigen processing and presentation of p...	7	7	5.6	0.2092	1	BP
GO:1900407	regulation of cellular response to oxida...	7	7	5.6	0.2092	1	BP
GO:0000422	autophagy of mitochondrion	7	7	5.6	0.2092	1	BP
GO:0061726	mitochondrion disassembly	7	7	5.6	0.2092	1	BP
GO:0009062	fatty acid catabolic process	7	7	5.6	0.2092	1	BP
GO:0010332	response to gamma radiation	7	7	5.6	0.2092	1	BP
GO:0002478	antigen processing and presentation of e...	7	7	5.6	0.2092	1	BP
GO:0030808	regulation of nucleotide biosynthetic pr...	7	7	5.6	0.2092	1	BP
GO:0030595	leukocyte chemotaxis	7	7	5.6	0.2092	1	BP
GO:0002260	lymphocyte homeostasis	7	7	5.6	0.2092	1	BP
GO:0034032	purine nucleoside bisphosphate metabolic...	7	7	5.6	0.2092	1	BP
GO:0015695	organic cation transport	7	7	5.6	0.2092	1	BP
GO:0050772	positive regulation of axonogenesis	7	7	5.6	0.2092	1	BP
GO:1900542	regulation of purine nucleotide metaboli...	7	7	5.6	0.2092	1	BP
GO:2000106	regulation of leukocyte apoptotic proces...	7	7	5.6	0.2092	1	BP
GO:0009166	nucleotide catabolic process	7	7	5.6	0.2092	1	BP
GO:0010827	regulation of glucose transmembrane tran...	7	7	5.6	0.2092	1	BP
GO:0009179	purine ribonucleoside diphosphate metabo...	7	7	5.6	0.2092	1	BP
GO:0009135	purine nucleoside diphosphate metabolic ...	7	7	5.6	0.2092	1	BP
GO:0045773	positive regulation of axon extension	7	7	5.6	0.2092	1	BP
GO:1902667	regulation of axon guidance	7	7	5.6	0.2092	1	BP
GO:0045727	positive regulation of translation	7	7	5.6	0.2092	1	BP
GO:0030901	midbrain development	7	7	5.6	0.2092	1	BP
GO:0007595	lactation	7	7	5.6	0.2092	1	BP
GO:0045669	positive regulation of osteoblast differ...	7	7	5.6	0.2092	1	BP
GO:0050921	positive regulation of chemotaxis	7	7	5.6	0.2092	1	BP
GO:0010950	positive regulation of endopeptidase act...	7	7	5.6	0.2092	1	BP
GO:0060411	cardiac septum morphogenesis	7	7	5.6	0.2092	1	BP
GO:0071887	leukocyte apoptotic process	7	7	5.6	0.2092	1	BP
GO:1901292	nucleoside phosphate catabolic process	7	7	5.6	0.2092	1	BP
GO:0051481	negative regulation of cytosolic calcium...	7	7	5.6	0.2092	1	BP
GO:0019884	antigen processing and presentation of e...	7	7	5.6	0.2092	1	BP
GO:0006140	regulation of nucleotide metabolic proce...	7	7	5.6	0.2092	1	BP
GO:0051173	positive regulation of nitrogen compound...	163	138	130.5	0.2131	1	BP
GO:0048523	negative regulation of cellular process	263	215	210.56	0.2187	1	BP
GO:0046903	secretion	97	81	77.66	0.2199	1	BP
GO:0006725	cellular aromatic compound metabolic pro...	273	223	218.56	0.2205	1	BP
GO:0016567	protein ubiquitination	48	41	38.43	0.2228	1	BP
GO:0098542	defense response to other organism	48	41	38.43	0.2228	1	BP
GO:0060548	negative regulation of cell death	59	50	47.23	0.2235	1	BP
GO:1903829	positive regulation of protein localizat...	31	27	24.82	0.225	1	BP
GO:0080134	regulation of response to stress	75	63	60.04	0.2291	1	BP
GO:0006790	sulfur compound metabolic process	25	22	20.01	0.2312	1	BP
GO:0006631	fatty acid metabolic process	25	22	20.01	0.2312	1	BP
GO:0048639	positive regulation of developmental gro...	25	22	20.01	0.2312	1	BP
GO:0001944	vasculature development	42	36	33.62	0.2323	1	BP
GO:0007444	imaginal disc development	42	36	33.62	0.2323	1	BP
GO:0009994	oocyte differentiation	13	12	10.41	0.2324	1	BP
GO:0051588	regulation of neurotransmitter transport	13	12	10.41	0.2324	1	BP
GO:0035315	hair cell differentiation	13	12	10.41	0.2324	1	BP
GO:1903169	regulation of calcium ion transmembrane ...	13	12	10.41	0.2324	1	BP
GO:0046488	phosphatidylinositol metabolic process	13	12	10.41	0.2324	1	BP
GO:0070372	regulation of ERK1 and ERK2 cascade	13	12	10.41	0.2324	1	BP
GO:0030522	intracellular receptor signaling pathway	13	12	10.41	0.2324	1	BP
GO:0072522	purine-containing compound biosynthetic ...	13	12	10.41	0.2324	1	BP
GO:0046928	regulation of neurotransmitter secretion	13	12	10.41	0.2324	1	BP
GO:0002757	immune response-activating signal transd...	13	12	10.41	0.2324	1	BP
GO:0060079	excitatory postsynaptic potential	13	12	10.41	0.2324	1	BP
GO:0030902	hindbrain development	13	12	10.41	0.2324	1	BP
GO:0071236	cellular response to antibiotic	13	12	10.41	0.2324	1	BP
GO:0016042	lipid catabolic process	13	12	10.41	0.2324	1	BP
GO:0006164	purine nucleotide biosynthetic process	13	12	10.41	0.2324	1	BP
GO:0071560	cellular response to transforming growth...	13	12	10.41	0.2324	1	BP
GO:0071559	response to transforming growth factor b...	13	12	10.41	0.2324	1	BP
GO:0006109	regulation of carbohydrate metabolic pro...	13	12	10.41	0.2324	1	BP
GO:0001764	neuron migration	13	12	10.41	0.2324	1	BP
GO:0001933	negative regulation of protein phosphory...	19	17	15.21	0.2349	1	BP
GO:0032868	response to insulin	19	17	15.21	0.2349	1	BP
GO:0009410	response to xenobiotic stimulus	19	17	15.21	0.2349	1	BP
GO:0042048	olfactory behavior	19	17	15.21	0.2349	1	BP
GO:0048512	circadian behavior	19	17	15.21	0.2349	1	BP
GO:0009746	response to hexose	19	17	15.21	0.2349	1	BP
GO:0007622	rhythmic behavior	19	17	15.21	0.2349	1	BP
GO:0019221	cytokine-mediated signaling pathway	19	17	15.21	0.2349	1	BP
GO:0090304	nucleic acid metabolic process	236	193	188.94	0.2371	1	BP
GO:2000026	regulation of multicellular organismal d...	138	114	110.48	0.2377	1	BP
GO:0043604	amide biosynthetic process	56	51	44.83	0.238	1	BP
GO:0009790	embryo development	101	84	80.86	0.241	1	BP
GO:0097435	supramolecular fiber organization	36	31	28.82	0.2421	1	BP
GO:0006836	neurotransmitter transport	36	31	28.82	0.2421	1	BP
GO:0007560	imaginal disc morphogenesis	36	31	28.82	0.2421	1	BP
GO:0031331	positive regulation of cellular cataboli...	36	31	28.82	0.2421	1	BP
GO:0090407	organophosphate biosynthetic process	36	31	28.82	0.2421	1	BP
GO:0010468	regulation of gene expression	201	173	160.92	0.2426	1	BP
GO:0046483	heterocycle metabolic process	266	217	212.96	0.2434	1	BP
GO:0061564	axon development	58	49	46.43	0.2435	1	BP
GO:0051336	regulation of hydrolase activity	58	49	46.43	0.2435	1	BP
GO:1901566	organonitrogen compound biosynthetic pro...	98	85	78.46	0.2445	1	BP
GO:0008284	positive regulation of cell population p...	47	40	37.63	0.2447	1	BP
GO:0045055	regulated exocytosis	30	26	24.02	0.2519	1	BP
GO:0031329	regulation of cellular catabolic process	63	53	50.44	0.2521	1	BP
GO:0050790	regulation of catalytic activity	116	96	92.87	0.254	1	BP
GO:0045937	positive regulation of phosphate metabol...	52	44	41.63	0.2554	1	BP
GO:0048880	sensory system development	52	44	41.63	0.2554	1	BP
GO:0010562	positive regulation of phosphorus metabo...	52	44	41.63	0.2554	1	BP
GO:0007155	cell adhesion	41	35	32.82	0.2562	1	BP
GO:0007507	heart development	41	35	32.82	0.2562	1	BP
GO:0035220	wing disc development	24	21	19.21	0.2615	1	BP
GO:0002119	nematode larval development	24	21	19.21	0.2615	1	BP
GO:0002263	cell activation involved in immune respo...	24	21	19.21	0.2615	1	BP
GO:0010769	regulation of cell morphogenesis involve...	24	21	19.21	0.2615	1	BP
GO:0010876	lipid localization	24	21	19.21	0.2615	1	BP
GO:0051098	regulation of binding	24	21	19.21	0.2615	1	BP
GO:0098656	anion transmembrane transport	24	21	19.21	0.2615	1	BP
GO:0051293	establishment of spindle localization	6	6	4.8	0.2618	1	BP
GO:0034612	response to tumor necrosis factor	6	6	4.8	0.2618	1	BP
GO:0098900	regulation of action potential	6	6	4.8	0.2618	1	BP
GO:0060759	regulation of response to cytokine stimu...	6	6	4.8	0.2618	1	BP
GO:0001819	positive regulation of cytokine producti...	6	6	4.8	0.2618	1	BP
GO:0006890	retrograde vesicle-mediated transport, G...	6	6	4.8	0.2618	1	BP
GO:0086002	cardiac muscle cell action potential inv...	6	6	4.8	0.2618	1	BP
GO:0001570	vasculogenesis	6	6	4.8	0.2618	1	BP
GO:0006888	endoplasmic reticulum to Golgi vesicle-m...	6	6	4.8	0.2618	1	BP
GO:0051893	regulation of focal adhesion assembly	6	6	4.8	0.2618	1	BP
GO:0051865	protein autoubiquitination	6	6	4.8	0.2618	1	BP
GO:0006835	dicarboxylic acid transport	6	6	4.8	0.2618	1	BP
GO:1903350	response to dopamine	6	6	4.8	0.2618	1	BP
GO:1903351	cellular response to dopamine	6	6	4.8	0.2618	1	BP
GO:0046031	ADP metabolic process	6	6	4.8	0.2618	1	BP
GO:0006584	catecholamine metabolic process	6	6	4.8	0.2618	1	BP
GO:0150116	regulation of cell-substrate junction or...	6	6	4.8	0.2618	1	BP
GO:0061098	positive regulation of protein tyrosine ...	6	6	4.8	0.2618	1	BP
GO:0031987	locomotion involved in locomotory behavi...	6	6	4.8	0.2618	1	BP
GO:0061077	chaperone-mediated protein folding	6	6	4.8	0.2618	1	BP
GO:0097529	myeloid leukocyte migration	6	6	4.8	0.2618	1	BP
GO:0097696	receptor signaling pathway via STAT	6	6	4.8	0.2618	1	BP
GO:0001959	regulation of cytokine-mediated signalin...	6	6	4.8	0.2618	1	BP
GO:1900076	regulation of cellular response to insul...	6	6	4.8	0.2618	1	BP
GO:1903203	regulation of oxidative stress-induced n...	6	6	4.8	0.2618	1	BP
GO:1903779	regulation of cardiac conduction	6	6	4.8	0.2618	1	BP
GO:1903708	positive regulation of hemopoiesis	6	6	4.8	0.2618	1	BP
GO:0046165	alcohol biosynthetic process	6	6	4.8	0.2618	1	BP
GO:0006903	vesicle targeting	6	6	4.8	0.2618	1	BP
GO:0014910	regulation of smooth muscle cell migrati...	6	6	4.8	0.2618	1	BP
GO:0046189	phenol-containing compound biosynthetic ...	6	6	4.8	0.2618	1	BP
GO:0008203	cholesterol metabolic process	6	6	4.8	0.2618	1	BP
GO:0014909	smooth muscle cell migration	6	6	4.8	0.2618	1	BP
GO:0030316	osteoclast differentiation	6	6	4.8	0.2618	1	BP
GO:0046785	microtubule polymerization	6	6	4.8	0.2618	1	BP
GO:0070227	lymphocyte apoptotic process	6	6	4.8	0.2618	1	BP
GO:0070228	regulation of lymphocyte apoptotic proce...	6	6	4.8	0.2618	1	BP
GO:0048041	focal adhesion assembly	6	6	4.8	0.2618	1	BP
GO:0046685	response to arsenic-containing substance	6	6	4.8	0.2618	1	BP
GO:0015748	organophosphate ester transport	6	6	4.8	0.2618	1	BP
GO:0046626	regulation of insulin receptor signaling...	6	6	4.8	0.2618	1	BP
GO:0043487	regulation of RNA stability	6	6	4.8	0.2618	1	BP
GO:0030856	regulation of epithelial cell differenti...	6	6	4.8	0.2618	1	BP
GO:0032222	regulation of synaptic transmission, cho...	6	6	4.8	0.2618	1	BP
GO:0070665	positive regulation of leukocyte prolife...	6	6	4.8	0.2618	1	BP
GO:0015844	monoamine transport	6	6	4.8	0.2618	1	BP
GO:0043280	positive regulation of cysteine-type end...	6	6	4.8	0.2618	1	BP
GO:0021695	cerebellar cortex development	6	6	4.8	0.2618	1	BP
GO:0032835	glomerulus development	6	6	4.8	0.2618	1	BP
GO:0050893	sensory processing	6	6	4.8	0.2618	1	BP
GO:0021680	cerebellar Purkinje cell layer developme...	6	6	4.8	0.2618	1	BP
GO:0007259	receptor signaling pathway via JAK-STAT	6	6	4.8	0.2618	1	BP
GO:0007271	synaptic transmission, cholinergic	6	6	4.8	0.2618	1	BP
GO:0007229	integrin-mediated signaling pathway	6	6	4.8	0.2618	1	BP
GO:1902883	negative regulation of response to oxida...	6	6	4.8	0.2618	1	BP
GO:0010812	negative regulation of cell-substrate ad...	6	6	4.8	0.2618	1	BP
GO:0019395	fatty acid oxidation	6	6	4.8	0.2618	1	BP
GO:0050671	positive regulation of lymphocyte prolif...	6	6	4.8	0.2618	1	BP
GO:0071300	cellular response to retinoic acid	6	6	4.8	0.2618	1	BP
GO:1904385	cellular response to angiotensin	6	6	4.8	0.2618	1	BP
GO:0034440	lipid oxidation	6	6	4.8	0.2618	1	BP
GO:0010660	regulation of muscle cell apoptotic proc...	6	6	4.8	0.2618	1	BP
GO:0014013	regulation of gliogenesis	6	6	4.8	0.2618	1	BP
GO:0010657	muscle cell apoptotic process	6	6	4.8	0.2618	1	BP
GO:0009712	catechol-containing compound metabolic p...	6	6	4.8	0.2618	1	BP
GO:0045806	negative regulation of endocytosis	6	6	4.8	0.2618	1	BP
GO:1901379	regulation of potassium ion transmembran...	6	6	4.8	0.2618	1	BP
GO:0071103	DNA conformation change	6	6	4.8	0.2618	1	BP
GO:0032946	positive regulation of mononuclear cell ...	6	6	4.8	0.2618	1	BP
GO:0031110	regulation of microtubule polymerization...	6	6	4.8	0.2618	1	BP
GO:0036475	neuron death in response to oxidative st...	6	6	4.8	0.2618	1	BP
GO:0006354	DNA-templated transcription elongation	6	6	4.8	0.2618	1	BP
GO:0034763	negative regulation of transmembrane tra...	6	6	4.8	0.2618	1	BP
GO:0016048	detection of temperature stimulus	6	6	4.8	0.2618	1	BP
GO:0042417	dopamine metabolic process	6	6	4.8	0.2618	1	BP
GO:2001056	positive regulation of cysteine-type end...	6	6	4.8	0.2618	1	BP
GO:0090109	regulation of cell-substrate junction as...	6	6	4.8	0.2618	1	BP
GO:0010939	regulation of necrotic cell death	6	6	4.8	0.2618	1	BP
GO:1990776	response to angiotensin	6	6	4.8	0.2618	1	BP
GO:0060119	inner ear receptor cell development	6	6	4.8	0.2618	1	BP
GO:0006111	regulation of gluconeogenesis	6	6	4.8	0.2618	1	BP
GO:0060259	regulation of feeding behavior	6	6	4.8	0.2618	1	BP
GO:0045913	positive regulation of carbohydrate meta...	6	6	4.8	0.2618	1	BP
GO:0001782	B cell homeostasis	6	6	4.8	0.2618	1	BP
GO:0007409	axonogenesis	57	48	45.63	0.2648	1	BP
GO:0060322	head development	57	48	45.63	0.2648	1	BP
GO:0006812	cation transport	73	61	58.44	0.2668	1	BP
GO:0044260	cellular macromolecule metabolic process	350	286	280.21	0.2679	1	BP
GO:0055086	nucleobase-containing small molecule met...	35	30	28.02	0.2684	1	BP
GO:0070997	neuron death	35	30	28.02	0.2684	1	BP
GO:0048568	embryonic organ development	35	30	28.02	0.2684	1	BP
GO:0009612	response to mechanical stimulus	35	30	28.02	0.2684	1	BP
GO:1903034	regulation of response to wounding	18	16	14.41	0.2698	1	BP
GO:0007369	gastrulation	18	16	14.41	0.2698	1	BP
GO:2000377	regulation of reactive oxygen species me...	18	16	14.41	0.2698	1	BP
GO:0050714	positive regulation of protein secretion	18	16	14.41	0.2698	1	BP
GO:0048863	stem cell differentiation	18	16	14.41	0.2698	1	BP
GO:0009749	response to glucose	18	16	14.41	0.2698	1	BP
GO:0090257	regulation of muscle system process	18	16	14.41	0.2698	1	BP
GO:0110053	regulation of actin filament organizatio...	18	16	14.41	0.2698	1	BP
GO:0042745	circadian sleep/wake cycle	12	11	9.61	0.274	1	BP
GO:0042749	regulation of circadian sleep/wake cycle	12	11	9.61	0.274	1	BP
GO:0001889	liver development	12	11	9.61	0.274	1	BP
GO:0001649	osteoblast differentiation	12	11	9.61	0.274	1	BP
GO:2001257	regulation of cation channel activity	12	11	9.61	0.274	1	BP
GO:0061008	hepaticobiliary system development	12	11	9.61	0.274	1	BP
GO:0046390	ribose phosphate biosynthetic process	12	11	9.61	0.274	1	BP
GO:0044106	cellular amine metabolic process	12	11	9.61	0.274	1	BP
GO:0044242	cellular lipid catabolic process	12	11	9.61	0.274	1	BP
GO:0006941	striated muscle contraction	12	11	9.61	0.274	1	BP
GO:0008217	regulation of blood pressure	12	11	9.61	0.274	1	BP
GO:0043062	extracellular structure organization	12	11	9.61	0.274	1	BP
GO:0002429	immune response-activating cell surface ...	12	11	9.61	0.274	1	BP
GO:0043279	response to alkaloid	12	11	9.61	0.274	1	BP
GO:0050730	regulation of peptidyl-tyrosine phosphor...	12	11	9.61	0.274	1	BP
GO:0009308	amine metabolic process	12	11	9.61	0.274	1	BP
GO:0050848	regulation of calcium-mediated signaling	12	11	9.61	0.274	1	BP
GO:0018991	oviposition	12	11	9.61	0.274	1	BP
GO:0009409	response to cold	12	11	9.61	0.274	1	BP
GO:0009152	purine ribonucleotide biosynthetic proce...	12	11	9.61	0.274	1	BP
GO:0009260	ribonucleotide biosynthetic process	12	11	9.61	0.274	1	BP
GO:0060048	cardiac muscle contraction	12	11	9.61	0.274	1	BP
GO:0002683	negative regulation of immune system pro...	12	11	9.61	0.274	1	BP
GO:0010675	regulation of cellular carbohydrate meta...	12	11	9.61	0.274	1	BP
GO:0010634	positive regulation of epithelial cell m...	12	11	9.61	0.274	1	BP
GO:0042310	vasoconstriction	12	11	9.61	0.274	1	BP
GO:0019229	regulation of vasoconstriction	12	11	9.61	0.274	1	BP
GO:0006338	chromatin remodeling	12	11	9.61	0.274	1	BP
GO:0090277	positive regulation of peptide hormone s...	12	11	9.61	0.274	1	BP
GO:0006413	translational initiation	12	11	9.61	0.274	1	BP
GO:0070887	cellular response to chemical stimulus	151	124	120.89	0.276	1	BP
GO:0001654	eye development	51	43	40.83	0.2783	1	BP
GO:0150063	visual system development	51	43	40.83	0.2783	1	BP
GO:0007423	sensory organ development	67	56	53.64	0.2804	1	BP
GO:0030155	regulation of cell adhesion	29	25	23.22	0.2812	1	BP
GO:0051047	positive regulation of secretion	29	25	23.22	0.2812	1	BP
GO:0062012	regulation of small molecule metabolic p...	29	25	23.22	0.2812	1	BP
GO:0060249	anatomical structure homeostasis	29	25	23.22	0.2812	1	BP
GO:0097190	apoptotic signaling pathway	40	34	32.02	0.2818	1	BP
GO:0007411	axon guidance	40	34	32.02	0.2818	1	BP
GO:0045596	negative regulation of cell differentiat...	40	34	32.02	0.2818	1	BP
GO:0009896	positive regulation of catabolic process	40	34	32.02	0.2818	1	BP
GO:0097485	neuron projection guidance	40	34	32.02	0.2818	1	BP
GO:0044248	cellular catabolic process	135	111	108.08	0.2834	1	BP
GO:0007154	cell communication	278	226	222.56	0.2838	1	BP
GO:0140352	export from cell	88	73	70.45	0.2839	1	BP
GO:0007417	central nervous system development	72	60	57.64	0.2869	1	BP
GO:0007420	brain development	56	47	44.83	0.2872	1	BP
GO:0045664	regulation of neuron differentiation	56	47	44.83	0.2872	1	BP
GO:0019752	carboxylic acid metabolic process	56	47	44.83	0.2872	1	BP
GO:1901654	response to ketone	23	20	18.41	0.2947	1	BP
GO:0008544	epidermis development	23	20	18.41	0.2947	1	BP
GO:0002366	leukocyte activation involved in immune ...	23	20	18.41	0.2947	1	BP
GO:0000209	protein polyubiquitination	23	20	18.41	0.2947	1	BP
GO:0048871	multicellular organismal homeostasis	23	20	18.41	0.2947	1	BP
GO:0048813	dendrite morphogenesis	23	20	18.41	0.2947	1	BP
GO:0071241	cellular response to inorganic substance	23	20	18.41	0.2947	1	BP
GO:0042592	homeostatic process	116	101	92.87	0.2962	1	BP
GO:0010038	response to metal ion	34	29	27.22	0.2966	1	BP
GO:0048736	appendage development	34	29	27.22	0.2966	1	BP
GO:0048514	blood vessel morphogenesis	34	29	27.22	0.2966	1	BP
GO:1901214	regulation of neuron death	34	29	27.22	0.2966	1	BP
GO:1901360	organic cyclic compound metabolic proces...	282	229	225.77	0.2978	1	BP
GO:0032446	protein modification by small protein co...	50	42	40.03	0.3025	1	BP
GO:0042127	regulation of cell population proliferat...	92	76	73.65	0.3077	1	BP
GO:0006869	lipid transport	17	15	13.61	0.3085	1	BP
GO:0006814	sodium ion transport	17	15	13.61	0.3085	1	BP
GO:0030100	regulation of endocytosis	17	15	13.61	0.3085	1	BP
GO:0043393	regulation of protein binding	17	15	13.61	0.3085	1	BP
GO:0050770	regulation of axonogenesis	17	15	13.61	0.3085	1	BP
GO:0031099	regeneration	17	15	13.61	0.3085	1	BP
GO:0045229	external encapsulating structure organiz...	17	15	13.61	0.3085	1	BP
GO:0050678	regulation of epithelial cell proliferat...	17	15	13.61	0.3085	1	BP
GO:0021953	central nervous system neuron differenti...	17	15	13.61	0.3085	1	BP
GO:1902532	negative regulation of intracellular sig...	39	33	31.22	0.309	1	BP
GO:0034655	nucleobase-containing compound catabolic...	28	24	22.42	0.3128	1	BP
GO:0044270	cellular nitrogen compound catabolic pro...	28	24	22.42	0.3128	1	BP
GO:1903532	positive regulation of secretion by cell	28	24	22.42	0.3128	1	BP
GO:0046700	heterocycle catabolic process	28	24	22.42	0.3128	1	BP
GO:0019098	reproductive behavior	28	24	22.42	0.3128	1	BP
GO:0048749	compound eye development	28	24	22.42	0.3128	1	BP
GO:0048545	response to steroid hormone	28	24	22.42	0.3128	1	BP
GO:0048856	anatomical structure development	319	261	255.39	0.3151	1	BP
GO:0010033	response to organic substance	169	138	135.3	0.3155	1	BP
GO:0030001	metal ion transport	60	50	48.04	0.3179	1	BP
GO:0007600	sensory perception	60	50	48.04	0.3179	1	BP
GO:0030334	regulation of cell migration	44	37	35.23	0.3192	1	BP
GO:2000145	regulation of cell motility	44	37	35.23	0.3192	1	BP
GO:0009886	post-embryonic animal morphogenesis	44	37	35.23	0.3192	1	BP
GO:0009059	macromolecule biosynthetic process	224	185	179.33	0.3195	1	BP
GO:0003073	regulation of systemic arterial blood pr...	11	10	8.81	0.3217	1	BP
GO:0051216	cartilage development	11	10	8.81	0.3217	1	BP
GO:0008045	motor neuron axon guidance	11	10	8.81	0.3217	1	BP
GO:1901657	glycosyl compound metabolic process	11	10	8.81	0.3217	1	BP
GO:0003341	cilium movement	11	10	8.81	0.3217	1	BP
GO:0019915	lipid storage	11	10	8.81	0.3217	1	BP
GO:0030038	contractile actin filament bundle assemb...	11	10	8.81	0.3217	1	BP
GO:0060993	kidney morphogenesis	11	10	8.81	0.3217	1	BP
GO:0060996	dendritic spine development	11	10	8.81	0.3217	1	BP
GO:0043057	backward locomotion	11	10	8.81	0.3217	1	BP
GO:0043058	regulation of backward locomotion	11	10	8.81	0.3217	1	BP
GO:0030198	extracellular matrix organization	11	10	8.81	0.3217	1	BP
GO:0032231	regulation of actin filament bundle asse...	11	10	8.81	0.3217	1	BP
GO:0043149	stress fiber assembly	11	10	8.81	0.3217	1	BP
GO:0043271	negative regulation of ion transport	11	10	8.81	0.3217	1	BP
GO:0050773	regulation of dendrite development	11	10	8.81	0.3217	1	BP
GO:0007179	transforming growth factor beta receptor...	11	10	8.81	0.3217	1	BP
GO:0050727	regulation of inflammatory response	11	10	8.81	0.3217	1	BP
GO:0040025	vulval development	11	10	8.81	0.3217	1	BP
GO:0010770	positive regulation of cell morphogenesi...	11	10	8.81	0.3217	1	BP
GO:0010522	regulation of calcium ion transport into...	11	10	8.81	0.3217	1	BP
GO:0071482	cellular response to light stimulus	11	10	8.81	0.3217	1	BP
GO:0021987	cerebral cortex development	11	10	8.81	0.3217	1	BP
GO:0062013	positive regulation of small molecule me...	11	10	8.81	0.3217	1	BP
GO:0019226	transmission of nerve impulse	11	10	8.81	0.3217	1	BP
GO:0071867	response to monoamine	11	10	8.81	0.3217	1	BP
GO:0033058	directional locomotion	11	10	8.81	0.3217	1	BP
GO:0110020	regulation of actomyosin structure organ...	11	10	8.81	0.3217	1	BP
GO:0032940	secretion by cell	86	71	68.85	0.3231	1	BP
GO:0051674	localization of cell	65	54	52.04	0.3243	1	BP
GO:0051641	cellular localization	204	166	163.32	0.3263	1	BP
GO:0060537	muscle tissue development	33	28	26.42	0.3266	1	BP
GO:0035107	appendage morphogenesis	33	28	26.42	0.3266	1	BP
GO:0051294	establishment of spindle orientation	5	5	4	0.3277	1	BP
GO:0097194	execution phase of apoptosis	5	5	4	0.3277	1	BP
GO:0051279	regulation of release of sequestered cal...	5	5	4	0.3277	1	BP
GO:0001890	placenta development	5	5	4	0.3277	1	BP
GO:0001895	retina homeostasis	5	5	4	0.3277	1	BP
GO:0035094	response to nicotine	5	5	4	0.3277	1	BP
GO:0001818	negative regulation of cytokine producti...	5	5	4	0.3277	1	BP
GO:0086091	regulation of heart rate by cardiac cond...	5	5	4	0.3277	1	BP
GO:0001836	release of cytochrome c from mitochondri...	5	5	4	0.3277	1	BP
GO:0086065	cell communication involved in cardiac c...	5	5	4	0.3277	1	BP
GO:0051781	positive regulation of cell division	5	5	4	0.3277	1	BP
GO:0090504	epiboly	5	5	4	0.3277	1	BP
GO:0086009	membrane repolarization	5	5	4	0.3277	1	BP
GO:0051896	regulation of protein kinase B signaling	5	5	4	0.3277	1	BP
GO:0097720	calcineurin-mediated signaling	5	5	4	0.3277	1	BP
GO:0044344	cellular response to fibroblast growth f...	5	5	4	0.3277	1	BP
GO:2001237	negative regulation of extrinsic apoptot...	5	5	4	0.3277	1	BP
GO:0033173	calcineurin-NFAT signaling cascade	5	5	4	0.3277	1	BP
GO:1903427	negative regulation of reactive oxygen s...	5	5	4	0.3277	1	BP
GO:0033137	negative regulation of peptidyl-serine p...	5	5	4	0.3277	1	BP
GO:0035383	thioester metabolic process	5	5	4	0.3277	1	BP
GO:0006637	acyl-CoA metabolic process	5	5	4	0.3277	1	BP
GO:0051646	mitochondrion localization	5	5	4	0.3277	1	BP
GO:0051647	nucleus localization	5	5	4	0.3277	1	BP
GO:0051602	response to electrical stimulus	5	5	4	0.3277	1	BP
GO:1901992	positive regulation of mitotic cell cycl...	5	5	4	0.3277	1	BP
GO:0003170	heart valve development	5	5	4	0.3277	1	BP
GO:0046326	positive regulation of glucose import	5	5	4	0.3277	1	BP
GO:0042982	amyloid precursor protein metabolic proc...	5	5	4	0.3277	1	BP
GO:0042987	amyloid precursor protein catabolic proc...	5	5	4	0.3277	1	BP
GO:0001974	blood vessel remodeling	5	5	4	0.3277	1	BP
GO:0001976	nervous system process involved in regul...	5	5	4	0.3277	1	BP
GO:0001935	endothelial cell proliferation	5	5	4	0.3277	1	BP
GO:0001936	regulation of endothelial cell prolifera...	5	5	4	0.3277	1	BP
GO:0060999	positive regulation of dendritic spine d...	5	5	4	0.3277	1	BP
GO:1903202	negative regulation of oxidative stress-...	5	5	4	0.3277	1	BP
GO:0046425	regulation of receptor signaling pathway...	5	5	4	0.3277	1	BP
GO:0070373	negative regulation of ERK1 and ERK2 cas...	5	5	4	0.3277	1	BP
GO:0006984	ER-nucleus signaling pathway	5	5	4	0.3277	1	BP
GO:1903707	negative regulation of hemopoiesis	5	5	4	0.3277	1	BP
GO:0051932	synaptic transmission, GABAergic	5	5	4	0.3277	1	BP
GO:0051937	catecholamine transport	5	5	4	0.3277	1	BP
GO:1903828	negative regulation of protein localizat...	5	5	4	0.3277	1	BP
GO:0035774	positive regulation of insulin secretion...	5	5	4	0.3277	1	BP
GO:0033627	cell adhesion mediated by integrin	5	5	4	0.3277	1	BP
GO:0072384	organelle transport along microtubule	5	5	4	0.3277	1	BP
GO:0018107	peptidyl-threonine phosphorylation	5	5	4	0.3277	1	BP
GO:0007097	nuclear migration	5	5	4	0.3277	1	BP
GO:0046716	muscle cell cellular homeostasis	5	5	4	0.3277	1	BP
GO:0030183	B cell differentiation	5	5	4	0.3277	1	BP
GO:0048010	vascular endothelial growth factor recep...	5	5	4	0.3277	1	BP
GO:0048016	inositol phosphate-mediated signaling	5	5	4	0.3277	1	BP
GO:0018210	peptidyl-threonine modification	5	5	4	0.3277	1	BP
GO:1900408	negative regulation of cellular response...	5	5	4	0.3277	1	BP
GO:0045019	negative regulation of nitric oxide bios...	5	5	4	0.3277	1	BP
GO:0032410	negative regulation of transporter activ...	5	5	4	0.3277	1	BP
GO:0032413	negative regulation of ion transmembrane...	5	5	4	0.3277	1	BP
GO:0050432	catecholamine secretion	5	5	4	0.3277	1	BP
GO:0050433	regulation of catecholamine secretion	5	5	4	0.3277	1	BP
GO:0043491	protein kinase B signaling	5	5	4	0.3277	1	BP
GO:0070570	regulation of neuron projection regenera...	5	5	4	0.3277	1	BP
GO:0043457	regulation of cellular respiration	5	5	4	0.3277	1	BP
GO:0043484	regulation of RNA splicing	5	5	4	0.3277	1	BP
GO:0043488	regulation of mRNA stability	5	5	4	0.3277	1	BP
GO:0043470	regulation of carbohydrate catabolic pro...	5	5	4	0.3277	1	BP
GO:0032233	positive regulation of actin filament bu...	5	5	4	0.3277	1	BP
GO:0015800	acidic amino acid transport	5	5	4	0.3277	1	BP
GO:1902107	positive regulation of leukocyte differe...	5	5	4	0.3277	1	BP
GO:0032769	negative regulation of monooxygenase act...	5	5	4	0.3277	1	BP
GO:0007419	ventral cord development	5	5	4	0.3277	1	BP
GO:1902275	regulation of chromatin organization	5	5	4	0.3277	1	BP
GO:0043267	negative regulation of potassium ion tra...	5	5	4	0.3277	1	BP
GO:0021575	hindbrain morphogenesis	5	5	4	0.3277	1	BP
GO:0043276	anoikis	5	5	4	0.3277	1	BP
GO:0021515	cell differentiation in spinal cord	5	5	4	0.3277	1	BP
GO:0002221	pattern recognition receptor signaling p...	5	5	4	0.3277	1	BP
GO:0002224	toll-like receptor signaling pathway	5	5	4	0.3277	1	BP
GO:0045445	myoblast differentiation	5	5	4	0.3277	1	BP
GO:0002761	regulation of myeloid leukocyte differen...	5	5	4	0.3277	1	BP
GO:0050864	regulation of B cell activation	5	5	4	0.3277	1	BP
GO:0046939	nucleotide phosphorylation	5	5	4	0.3277	1	BP
GO:0050853	B cell receptor signaling pathway	5	5	4	0.3277	1	BP
GO:1904019	epithelial cell apoptotic process	5	5	4	0.3277	1	BP
GO:1904035	regulation of epithelial cell apoptotic ...	5	5	4	0.3277	1	BP
GO:0050830	defense response to Gram-positive bacter...	5	5	4	0.3277	1	BP
GO:0032507	maintenance of protein location in cell	5	5	4	0.3277	1	BP
GO:0042098	T cell proliferation	5	5	4	0.3277	1	BP
GO:0009187	cyclic nucleotide metabolic process	5	5	4	0.3277	1	BP
GO:0042052	rhabdomere development	5	5	4	0.3277	1	BP
GO:2000209	regulation of anoikis	5	5	4	0.3277	1	BP
GO:0010828	positive regulation of glucose transmemb...	5	5	4	0.3277	1	BP
GO:0010811	positive regulation of cell-substrate ad...	5	5	4	0.3277	1	BP
GO:0036003	positive regulation of transcription fro...	5	5	4	0.3277	1	BP
GO:0071356	cellular response to tumor necrosis fact...	5	5	4	0.3277	1	BP
GO:0002526	acute inflammatory response	5	5	4	0.3277	1	BP
GO:0071466	cellular response to xenobiotic stimulus	5	5	4	0.3277	1	BP
GO:0098781	ncRNA transcription	5	5	4	0.3277	1	BP
GO:0031397	negative regulation of protein ubiquitin...	5	5	4	0.3277	1	BP
GO:0014065	phosphatidylinositol 3-kinase signaling	5	5	4	0.3277	1	BP
GO:0034446	substrate adhesion-dependent cell spread...	5	5	4	0.3277	1	BP
GO:2000811	negative regulation of anoikis	5	5	4	0.3277	1	BP
GO:0014047	glutamate secretion	5	5	4	0.3277	1	BP
GO:0010676	positive regulation of cellular carbohyd...	5	5	4	0.3277	1	BP
GO:0051001	negative regulation of nitric-oxide synt...	5	5	4	0.3277	1	BP
GO:0098869	cellular oxidant detoxification	5	5	4	0.3277	1	BP
GO:0048679	regulation of axon regeneration	5	5	4	0.3277	1	BP
GO:1904406	negative regulation of nitric oxide meta...	5	5	4	0.3277	1	BP
GO:0007608	sensory perception of smell	5	5	4	0.3277	1	BP
GO:0050961	detection of temperature stimulus involv...	5	5	4	0.3277	1	BP
GO:0050962	detection of light stimulus involved in ...	5	5	4	0.3277	1	BP
GO:0050965	detection of temperature stimulus involv...	5	5	4	0.3277	1	BP
GO:0050951	sensory perception of temperature stimul...	5	5	4	0.3277	1	BP
GO:0016073	snRNA metabolic process	5	5	4	0.3277	1	BP
GO:0045646	regulation of erythrocyte differentiatio...	5	5	4	0.3277	1	BP
GO:0042475	odontogenesis of dentin-containing tooth	5	5	4	0.3277	1	BP
GO:0050908	detection of light stimulus involved in ...	5	5	4	0.3277	1	BP
GO:0050909	sensory perception of taste	5	5	4	0.3277	1	BP
GO:0034766	negative regulation of ion transmembrane...	5	5	4	0.3277	1	BP
GO:0060306	regulation of membrane repolarization	5	5	4	0.3277	1	BP
GO:0071774	response to fibroblast growth factor	5	5	4	0.3277	1	BP
GO:0043966	histone H3 acetylation	5	5	4	0.3277	1	BP
GO:0043967	histone H4 acetylation	5	5	4	0.3277	1	BP
GO:0051354	negative regulation of oxidoreductase ac...	5	5	4	0.3277	1	BP
GO:2001023	regulation of response to drug	5	5	4	0.3277	1	BP
GO:0051385	response to mineralocorticoid	5	5	4	0.3277	1	BP
GO:0009651	response to salt stress	5	5	4	0.3277	1	BP
GO:0042157	lipoprotein metabolic process	5	5	4	0.3277	1	BP
GO:0051496	positive regulation of stress fiber asse...	5	5	4	0.3277	1	BP
GO:0036295	cellular response to increased oxygen le...	5	5	4	0.3277	1	BP
GO:0042136	neurotransmitter biosynthetic process	5	5	4	0.3277	1	BP
GO:0010907	positive regulation of glucose metabolic...	5	5	4	0.3277	1	BP
GO:0042100	B cell proliferation	5	5	4	0.3277	1	BP
GO:0051412	response to corticosterone	5	5	4	0.3277	1	BP
GO:0060122	inner ear receptor cell stereocilium org...	5	5	4	0.3277	1	BP
GO:0006165	nucleoside diphosphate phosphorylation	5	5	4	0.3277	1	BP
GO:1904892	regulation of receptor signaling pathway...	5	5	4	0.3277	1	BP
GO:0038061	NIK/NF-kappaB signaling	5	5	4	0.3277	1	BP
GO:0003007	heart morphogenesis	22	19	17.61	0.3308	1	BP
GO:0001501	skeletal system development	22	19	17.61	0.3308	1	BP
GO:0033500	carbohydrate homeostasis	22	19	17.61	0.3308	1	BP
GO:0061138	morphogenesis of a branching epithelium	22	19	17.61	0.3308	1	BP
GO:0002274	myeloid leukocyte activation	22	19	17.61	0.3308	1	BP
GO:0010259	multicellular organism aging	22	19	17.61	0.3308	1	BP
GO:0042326	negative regulation of phosphorylation	22	19	17.61	0.3308	1	BP
GO:0001763	morphogenesis of a branching structure	22	19	17.61	0.3308	1	BP
GO:0048232	male gamete generation	38	32	30.42	0.3377	1	BP
GO:0071496	cellular response to external stimulus	38	32	30.42	0.3377	1	BP
GO:0009617	response to bacterium	38	32	30.42	0.3377	1	BP
GO:0023052	signaling	274	222	219.36	0.3388	1	BP
GO:0048646	anatomical structure formation involved ...	80	66	64.05	0.3396	1	BP
GO:0051707	response to other organism	59	49	47.23	0.3419	1	BP
GO:0043207	response to external biotic stimulus	59	49	47.23	0.3419	1	BP
GO:0035114	imaginal disc-derived appendage morphoge...	27	23	21.62	0.3466	1	BP
GO:0002066	columnar/cuboidal epithelial cell develo...	27	23	21.62	0.3466	1	BP
GO:0048737	imaginal disc-derived appendage developm...	27	23	21.62	0.3466	1	BP
GO:0009582	detection of abiotic stimulus	27	23	21.62	0.3466	1	BP
GO:0090596	sensory organ morphogenesis	43	36	34.43	0.3469	1	BP
GO:0048870	cell motility	95	78	76.06	0.351	1	BP
GO:0071310	cellular response to organic substance	131	107	104.88	0.3512	1	BP
GO:0001894	tissue homeostasis	16	14	12.81	0.3513	1	BP
GO:0046395	carboxylic acid catabolic process	16	14	12.81	0.3513	1	BP
GO:0061351	neural precursor cell proliferation	16	14	12.81	0.3513	1	BP
GO:0070646	protein modification by small protein re...	16	14	12.81	0.3513	1	BP
GO:0007162	negative regulation of cell adhesion	16	14	12.81	0.3513	1	BP
GO:0050806	positive regulation of synaptic transmis...	16	14	12.81	0.3513	1	BP
GO:0043524	negative regulation of neuron apoptotic ...	16	14	12.81	0.3513	1	BP
GO:0016054	organic acid catabolic process	16	14	12.81	0.3513	1	BP
GO:0042471	ear morphogenesis	16	14	12.81	0.3513	1	BP
GO:0034767	positive regulation of ion transmembrane...	16	14	12.81	0.3513	1	BP
GO:0006457	protein folding	16	14	12.81	0.3513	1	BP
GO:0071805	potassium ion transmembrane transport	16	14	12.81	0.3513	1	BP
GO:0009894	regulation of catabolic process	69	57	55.24	0.3527	1	BP
GO:0030029	actin filament-based process	48	40	38.43	0.3545	1	BP
GO:0043086	negative regulation of catalytic activit...	32	27	25.62	0.3586	1	BP
GO:0016071	mRNA metabolic process	32	27	25.62	0.3586	1	BP
GO:0023061	signal release	53	44	42.43	0.3611	1	BP
GO:0048729	tissue morphogenesis	79	65	63.25	0.3613	1	BP
GO:0002444	myeloid leukocyte mediated immunity	21	18	16.81	0.3697	1	BP
GO:0002446	neutrophil mediated immunity	21	18	16.81	0.3697	1	BP
GO:0002793	positive regulation of peptide secretion	21	18	16.81	0.3697	1	BP
GO:0048754	branching morphogenesis of an epithelial...	21	18	16.81	0.3697	1	BP
GO:0071453	cellular response to oxygen levels	21	18	16.81	0.3697	1	BP
GO:1901215	negative regulation of neuron death	21	18	16.81	0.3697	1	BP
GO:0030097	hemopoiesis	39	37	31.22	0.3707	1	BP
GO:0009607	response to biotic stimulus	63	52	50.44	0.3717	1	BP
GO:0009056	catabolic process	145	118	116.09	0.3747	1	BP
GO:0009888	tissue development	145	118	116.09	0.3747	1	BP
GO:0008285	negative regulation of cell population p...	42	35	33.62	0.3758	1	BP
GO:0001837	epithelial to mesenchymal transition	10	9	8.01	0.3758	1	BP
GO:0006749	glutathione metabolic process	10	9	8.01	0.3758	1	BP
GO:0006865	amino acid transport	10	9	8.01	0.3758	1	BP
GO:0036503	ERAD pathway	10	9	8.01	0.3758	1	BP
GO:0001539	cilium or flagellum-dependent cell motil...	10	9	8.01	0.3758	1	BP
GO:0099173	postsynapse organization	10	9	8.01	0.3758	1	BP
GO:0006576	cellular biogenic amine metabolic proces...	10	9	8.01	0.3758	1	BP
GO:0006661	phosphatidylinositol biosynthetic proces...	10	9	8.01	0.3758	1	BP
GO:0006643	membrane lipid metabolic process	10	9	8.01	0.3758	1	BP
GO:0070374	positive regulation of ERK1 and ERK2 cas...	10	9	8.01	0.3758	1	BP
GO:0006959	humoral immune response	10	9	8.01	0.3758	1	BP
GO:0030323	respiratory tube development	10	9	8.01	0.3758	1	BP
GO:0030324	lung development	10	9	8.01	0.3758	1	BP
GO:0106027	neuron projection organization	10	9	8.01	0.3758	1	BP
GO:0072347	response to anesthetic	10	9	8.01	0.3758	1	BP
GO:0043473	pigmentation	10	9	8.01	0.3758	1	BP
GO:0007350	blastoderm segmentation	10	9	8.01	0.3758	1	BP
GO:0070509	calcium ion import	10	9	8.01	0.3758	1	BP
GO:0043401	steroid hormone mediated signaling pathw...	10	9	8.01	0.3758	1	BP
GO:0043409	negative regulation of MAPK cascade	10	9	8.01	0.3758	1	BP
GO:0043266	regulation of potassium ion transport	10	9	8.01	0.3758	1	BP
GO:0050851	antigen receptor-mediated signaling path...	10	9	8.01	0.3758	1	BP
GO:0043588	skin development	10	9	8.01	0.3758	1	BP
GO:0045766	positive regulation of angiogenesis	10	9	8.01	0.3758	1	BP
GO:0031348	negative regulation of defense response	10	9	8.01	0.3758	1	BP
GO:0051048	negative regulation of secretion	10	9	8.01	0.3758	1	BP
GO:0045823	positive regulation of heart contraction	10	9	8.01	0.3758	1	BP
GO:1904427	positive regulation of calcium ion trans...	10	9	8.01	0.3758	1	BP
GO:0097061	dendritic spine organization	10	9	8.01	0.3758	1	BP
GO:0071242	cellular response to ammonium ion	10	9	8.01	0.3758	1	BP
GO:0045667	regulation of osteoblast differentiation	10	9	8.01	0.3758	1	BP
GO:0016052	carbohydrate catabolic process	10	9	8.01	0.3758	1	BP
GO:0051492	regulation of stress fiber assembly	10	9	8.01	0.3758	1	BP
GO:0010906	regulation of glucose metabolic process	10	9	8.01	0.3758	1	BP
GO:0060291	long-term synaptic potentiation	10	9	8.01	0.3758	1	BP
GO:0060285	cilium-dependent cell motility	10	9	8.01	0.3758	1	BP
GO:0032879	regulation of localization	150	122	120.09	0.3764	1	BP
GO:0046883	regulation of hormone secretion	26	22	20.82	0.3826	1	BP
GO:0016055	Wnt signaling pathway	26	22	20.82	0.3826	1	BP
GO:0009581	detection of external stimulus	26	22	20.82	0.3826	1	BP
GO:0034645	cellular macromolecule biosynthetic proc...	220	181	176.13	0.383	1	BP
GO:0006412	translation	41	38	32.82	0.3836	1	BP
GO:0060341	regulation of cellular localization	78	64	62.45	0.3837	1	BP
GO:0014706	striated muscle tissue development	31	26	24.82	0.3922	1	BP
GO:0001655	urogenital system development	31	26	24.82	0.3922	1	BP
GO:1901137	carbohydrate derivative biosynthetic pro...	31	26	24.82	0.3922	1	BP
GO:0043043	peptide biosynthetic process	51	46	40.83	0.3928	1	BP
GO:0065008	regulation of biological quality	223	185	178.53	0.3939	1	BP
GO:0051246	regulation of protein metabolic process	129	112	103.28	0.3965	1	BP
GO:0051338	regulation of transferase activity	62	51	49.64	0.3967	1	BP
GO:0008355	olfactory learning	15	13	12.01	0.398	1	BP
GO:0044706	multi-multicellular organism process	15	13	12.01	0.398	1	BP
GO:0030307	positive regulation of cell growth	15	13	12.01	0.398	1	BP
GO:1903524	positive regulation of blood circulation	15	13	12.01	0.398	1	BP
GO:0040014	regulation of multicellular organism gro...	15	13	12.01	0.398	1	BP
GO:0071229	cellular response to acid chemical	15	13	12.01	0.398	1	BP
GO:0060359	response to ammonium ion	15	13	12.01	0.398	1	BP
GO:0050900	leukocyte migration	15	13	12.01	0.398	1	BP
GO:0010921	regulation of phosphatase activity	15	13	12.01	0.398	1	BP
GO:0042180	cellular ketone metabolic process	15	13	12.01	0.398	1	BP
GO:0007283	spermatogenesis	36	30	28.82	0.3998	1	BP
GO:0051493	regulation of cytoskeleton organization	36	30	28.82	0.3998	1	BP
GO:0034330	cell junction organization	67	55	53.64	0.4004	1	BP
GO:0044087	regulation of cellular component biogene...	72	59	57.64	0.4036	1	BP
GO:0002009	morphogenesis of an epithelium	77	63	61.65	0.4066	1	BP
GO:0071621	granulocyte chemotaxis	4	4	3.2	0.4099	1	BP
GO:0038034	signal transduction in absence of ligand	4	4	3.2	0.4099	1	BP
GO:0097192	extrinsic apoptotic signaling pathway in...	4	4	3.2	0.4099	1	BP
GO:0098930	axonal transport	4	4	3.2	0.4099	1	BP
GO:0097120	receptor localization to synapse	4	4	3.2	0.4099	1	BP
GO:0006757	ATP generation from ADP	4	4	3.2	0.4099	1	BP
GO:0016441	post-transcriptional gene silencing	4	4	3.2	0.4099	1	BP
GO:0022410	circadian sleep/wake cycle process	4	4	3.2	0.4099	1	BP
GO:0008053	mitochondrial fusion	4	4	3.2	0.4099	1	BP
GO:0086011	membrane repolarization during action po...	4	4	3.2	0.4099	1	BP
GO:0090505	epiboly involved in wound healing	4	4	3.2	0.4099	1	BP
GO:0001569	branching involved in blood vessel morph...	4	4	3.2	0.4099	1	BP
GO:0001556	oocyte maturation	4	4	3.2	0.4099	1	BP
GO:0051703	biological process involved in intraspec...	4	4	3.2	0.4099	1	BP
GO:0051897	positive regulation of protein kinase B ...	4	4	3.2	0.4099	1	BP
GO:0014898	cardiac muscle hypertrophy in response t...	4	4	3.2	0.4099	1	BP
GO:0014887	cardiac muscle adaptation	4	4	3.2	0.4099	1	BP
GO:0014888	striated muscle adaptation	4	4	3.2	0.4099	1	BP
GO:0060581	cell fate commitment involved in pattern...	4	4	3.2	0.4099	1	BP
GO:0001662	behavioral fear response	4	4	3.2	0.4099	1	BP
GO:0033483	gas homeostasis	4	4	3.2	0.4099	1	BP
GO:0060547	negative regulation of necrotic cell dea...	4	4	3.2	0.4099	1	BP
GO:0099175	regulation of postsynapse organization	4	4	3.2	0.4099	1	BP
GO:0006582	melanin metabolic process	4	4	3.2	0.4099	1	BP
GO:1903313	positive regulation of mRNA metabolic pr...	4	4	3.2	0.4099	1	BP
GO:0051599	response to hydrostatic pressure	4	4	3.2	0.4099	1	BP
GO:1903332	regulation of protein folding	4	4	3.2	0.4099	1	BP
GO:2001258	negative regulation of cation channel ac...	4	4	3.2	0.4099	1	BP
GO:1903305	regulation of regulated secretory pathwa...	4	4	3.2	0.4099	1	BP
GO:0033194	response to hydroperoxide	4	4	3.2	0.4099	1	BP
GO:0044319	wound healing, spreading of cells	4	4	3.2	0.4099	1	BP
GO:2001238	positive regulation of extrinsic apoptot...	4	4	3.2	0.4099	1	BP
GO:0055090	acylglycerol homeostasis	4	4	3.2	0.4099	1	BP
GO:0006656	phosphatidylcholine biosynthetic process	4	4	3.2	0.4099	1	BP
GO:1903428	positive regulation of reactive oxygen s...	4	4	3.2	0.4099	1	BP
GO:0031952	regulation of protein autophosphorylatio...	4	4	3.2	0.4099	1	BP
GO:0035316	non-sensory hair organization	4	4	3.2	0.4099	1	BP
GO:0035317	imaginal disc-derived wing hair organiza...	4	4	3.2	0.4099	1	BP
GO:0061063	positive regulation of nematode larval d...	4	4	3.2	0.4099	1	BP
GO:0033280	response to vitamin D	4	4	3.2	0.4099	1	BP
GO:0038166	angiotensin-activated signaling pathway	4	4	3.2	0.4099	1	BP
GO:0097530	granulocyte migration	4	4	3.2	0.4099	1	BP
GO:0003158	endothelium development	4	4	3.2	0.4099	1	BP
GO:0140058	neuron projection arborization	4	4	3.2	0.4099	1	BP
GO:0140059	dendrite arborization	4	4	3.2	0.4099	1	BP
GO:0001963	synaptic transmission, dopaminergic	4	4	3.2	0.4099	1	BP
GO:0035194	post-transcriptional gene silencing by R...	4	4	3.2	0.4099	1	BP
GO:0001953	negative regulation of cell-matrix adhes...	4	4	3.2	0.4099	1	BP
GO:0035162	embryonic hemopoiesis	4	4	3.2	0.4099	1	BP
GO:0003299	muscle hypertrophy in response to stress	4	4	3.2	0.4099	1	BP
GO:0035172	hemocyte proliferation	4	4	3.2	0.4099	1	BP
GO:1900077	negative regulation of cellular response...	4	4	3.2	0.4099	1	BP
GO:0001938	positive regulation of endothelial cell ...	4	4	3.2	0.4099	1	BP
GO:0003281	ventricular septum development	4	4	3.2	0.4099	1	BP
GO:1903204	negative regulation of oxidative stress-...	4	4	3.2	0.4099	1	BP
GO:0000079	regulation of cyclin-dependent protein s...	4	4	3.2	0.4099	1	BP
GO:0033866	nucleoside bisphosphate biosynthetic pro...	4	4	3.2	0.4099	1	BP
GO:0070328	triglyceride homeostasis	4	4	3.2	0.4099	1	BP
GO:0086103	G protein-coupled receptor signaling pat...	4	4	3.2	0.4099	1	BP
GO:0032094	response to food	4	4	3.2	0.4099	1	BP
GO:1903715	regulation of aerobic respiration	4	4	3.2	0.4099	1	BP
GO:0008291	acetylcholine metabolic process	4	4	3.2	0.4099	1	BP
GO:0008292	acetylcholine biosynthetic process	4	4	3.2	0.4099	1	BP
GO:0070301	cellular response to hydrogen peroxide	4	4	3.2	0.4099	1	BP
GO:0006919	activation of cysteine-type endopeptidas...	4	4	3.2	0.4099	1	BP
GO:0051965	positive regulation of synapse assembly	4	4	3.2	0.4099	1	BP
GO:0006907	pinocytosis	4	4	3.2	0.4099	1	BP
GO:0035206	regulation of hemocyte proliferation	4	4	3.2	0.4099	1	BP
GO:0014911	positive regulation of smooth muscle cel...	4	4	3.2	0.4099	1	BP
GO:0046128	purine ribonucleoside metabolic process	4	4	3.2	0.4099	1	BP
GO:1902083	negative regulation of peptidyl-cysteine...	4	4	3.2	0.4099	1	BP
GO:0002093	auditory receptor cell morphogenesis	4	4	3.2	0.4099	1	BP
GO:0106056	regulation of calcineurin-mediated signa...	4	4	3.2	0.4099	1	BP
GO:0043051	regulation of pharyngeal pumping	4	4	3.2	0.4099	1	BP
GO:0018198	peptidyl-cysteine modification	4	4	3.2	0.4099	1	BP
GO:1902003	regulation of amyloid-beta formation	4	4	3.2	0.4099	1	BP
GO:1902004	positive regulation of amyloid-beta form...	4	4	3.2	0.4099	1	BP
GO:0033619	membrane protein proteolysis	4	4	3.2	0.4099	1	BP
GO:1903523	negative regulation of blood circulation	4	4	3.2	0.4099	1	BP
GO:0043029	T cell homeostasis	4	4	3.2	0.4099	1	BP
GO:0018119	peptidyl-cysteine S-nitrosylation	4	4	3.2	0.4099	1	BP
GO:0048024	regulation of mRNA splicing, via spliceo...	4	4	3.2	0.4099	1	BP
GO:1905879	regulation of oogenesis	4	4	3.2	0.4099	1	BP
GO:0008585	female gonad development	4	4	3.2	0.4099	1	BP
GO:0046856	phosphatidylinositol dephosphorylation	4	4	3.2	0.4099	1	BP
GO:0046888	negative regulation of hormone secretion	4	4	3.2	0.4099	1	BP
GO:0046843	dorsal appendage formation	4	4	3.2	0.4099	1	BP
GO:0046839	phospholipid dephosphorylation	4	4	3.2	0.4099	1	BP
GO:1900180	regulation of protein localization to nu...	4	4	3.2	0.4099	1	BP
GO:0032469	endoplasmic reticulum calcium ion homeos...	4	4	3.2	0.4099	1	BP
GO:1900117	regulation of execution phase of apoptos...	4	4	3.2	0.4099	1	BP
GO:0072132	mesenchyme morphogenesis	4	4	3.2	0.4099	1	BP
GO:1900101	regulation of endoplasmic reticulum unfo...	4	4	3.2	0.4099	1	BP
GO:0070884	regulation of calcineurin-NFAT signaling...	4	4	3.2	0.4099	1	BP
GO:0008631	intrinsic apoptotic signaling pathway in...	4	4	3.2	0.4099	1	BP
GO:1902305	regulation of sodium ion transmembrane t...	4	4	3.2	0.4099	1	BP
GO:0009065	glutamine family amino acid catabolic pr...	4	4	3.2	0.4099	1	BP
GO:0050435	amyloid-beta metabolic process	4	4	3.2	0.4099	1	BP
GO:1903998	regulation of eating behavior	4	4	3.2	0.4099	1	BP
GO:0002495	antigen processing and presentation of p...	4	4	3.2	0.4099	1	BP
GO:0046627	negative regulation of insulin receptor ...	4	4	3.2	0.4099	1	BP
GO:0070572	positive regulation of neuron projection...	4	4	3.2	0.4099	1	BP
GO:0017085	response to insecticide	4	4	3.2	0.4099	1	BP
GO:0002474	antigen processing and presentation of p...	4	4	3.2	0.4099	1	BP
GO:0017014	protein nitrosylation	4	4	3.2	0.4099	1	BP
GO:0030888	regulation of B cell proliferation	4	4	3.2	0.4099	1	BP
GO:0007379	segment specification	4	4	3.2	0.4099	1	BP
GO:0021702	cerebellar Purkinje cell differentiation	4	4	3.2	0.4099	1	BP
GO:0007338	single fertilization	4	4	3.2	0.4099	1	BP
GO:0023041	neuronal signal transduction	4	4	3.2	0.4099	1	BP
GO:0015870	acetylcholine transport	4	4	3.2	0.4099	1	BP
GO:0032225	regulation of synaptic transmission, dop...	4	4	3.2	0.4099	1	BP
GO:0032228	regulation of synaptic transmission, GAB...	4	4	3.2	0.4099	1	BP
GO:0030593	neutrophil chemotaxis	4	4	3.2	0.4099	1	BP
GO:0061512	protein localization to cilium	4	4	3.2	0.4099	1	BP
GO:0021885	forebrain cell migration	4	4	3.2	0.4099	1	BP
GO:0043171	peptide catabolic process	4	4	3.2	0.4099	1	BP
GO:1902106	negative regulation of leukocyte differe...	4	4	3.2	0.4099	1	BP
GO:2000379	positive regulation of reactive oxygen s...	4	4	3.2	0.4099	1	BP
GO:0007455	eye-antennal disc morphogenesis	4	4	3.2	0.4099	1	BP
GO:0032784	regulation of DNA-templated transcriptio...	4	4	3.2	0.4099	1	BP
GO:0035902	response to immobilization stress	4	4	3.2	0.4099	1	BP
GO:0007193	adenylate cyclase-inhibiting G protein-c...	4	4	3.2	0.4099	1	BP
GO:0021587	cerebellum morphogenesis	4	4	3.2	0.4099	1	BP
GO:0002285	lymphocyte activation involved in immune...	4	4	3.2	0.4099	1	BP
GO:0021522	spinal cord motor neuron differentiation	4	4	3.2	0.4099	1	BP
GO:0045494	photoreceptor cell maintenance	4	4	3.2	0.4099	1	BP
GO:0050764	regulation of phagocytosis	4	4	3.2	0.4099	1	BP
GO:0048168	regulation of neuronal synaptic plastici...	4	4	3.2	0.4099	1	BP
GO:0043278	response to morphine	4	4	3.2	0.4099	1	BP
GO:0021517	ventral spinal cord development	4	4	3.2	0.4099	1	BP
GO:0034030	ribonucleoside bisphosphate biosynthetic...	4	4	3.2	0.4099	1	BP
GO:0034033	purine nucleoside bisphosphate biosynthe...	4	4	3.2	0.4099	1	BP
GO:0002218	activation of innate immune response	4	4	3.2	0.4099	1	BP
GO:0050771	negative regulation of axonogenesis	4	4	3.2	0.4099	1	BP
GO:1905954	positive regulation of lipid localizatio...	4	4	3.2	0.4099	1	BP
GO:0040026	positive regulation of vulval developmen...	4	4	3.2	0.4099	1	BP
GO:0045429	positive regulation of nitric oxide bios...	4	4	3.2	0.4099	1	BP
GO:0002209	behavioral defense response	4	4	3.2	0.4099	1	BP
GO:0021692	cerebellar Purkinje cell layer morphogen...	4	4	3.2	0.4099	1	BP
GO:0021694	cerebellar Purkinje cell layer formation	4	4	3.2	0.4099	1	BP
GO:0021696	cerebellar cortex morphogenesis	4	4	3.2	0.4099	1	BP
GO:0021697	cerebellar cortex formation	4	4	3.2	0.4099	1	BP
GO:0045446	endothelial cell differentiation	4	4	3.2	0.4099	1	BP
GO:0040001	establishment of mitotic spindle localiz...	4	4	3.2	0.4099	1	BP
GO:1905906	regulation of amyloid fibril formation	4	4	3.2	0.4099	1	BP
GO:1904063	negative regulation of cation transmembr...	4	4	3.2	0.4099	1	BP
GO:2000169	regulation of peptidyl-cysteine S-nitros...	4	4	3.2	0.4099	1	BP
GO:0031056	regulation of histone modification	4	4	3.2	0.4099	1	BP
GO:1904029	regulation of cyclin-dependent protein k...	4	4	3.2	0.4099	1	BP
GO:0007223	Wnt signaling pathway, calcium modulatin...	4	4	3.2	0.4099	1	BP
GO:1900620	acetate ester biosynthetic process	4	4	3.2	0.4099	1	BP
GO:0045187	regulation of circadian sleep/wake cycle...	4	4	3.2	0.4099	1	BP
GO:1900619	acetate ester metabolic process	4	4	3.2	0.4099	1	BP
GO:0050849	negative regulation of calcium-mediated ...	4	4	3.2	0.4099	1	BP
GO:0010771	negative regulation of cell morphogenesi...	4	4	3.2	0.4099	1	BP
GO:2000108	positive regulation of leukocyte apoptot...	4	4	3.2	0.4099	1	BP
GO:0007200	phospholipase C-activating G protein-cou...	4	4	3.2	0.4099	1	BP
GO:0050802	circadian sleep/wake cycle, sleep	4	4	3.2	0.4099	1	BP
GO:1990000	amyloid fibril formation	4	4	3.2	0.4099	1	BP
GO:2000249	regulation of actin cytoskeleton reorgan...	4	4	3.2	0.4099	1	BP
GO:1901016	regulation of potassium ion transmembran...	4	4	3.2	0.4099	1	BP
GO:1901019	regulation of calcium ion transmembrane ...	4	4	3.2	0.4099	1	BP
GO:0032675	regulation of interleukin-6 production	4	4	3.2	0.4099	1	BP
GO:0071361	cellular response to ethanol	4	4	3.2	0.4099	1	BP
GO:0032640	tumor necrosis factor production	4	4	3.2	0.4099	1	BP
GO:0032635	interleukin-6 production	4	4	3.2	0.4099	1	BP
GO:0071384	cellular response to corticosteroid stim...	4	4	3.2	0.4099	1	BP
GO:0071385	cellular response to glucocorticoid stim...	4	4	3.2	0.4099	1	BP
GO:0071320	cellular response to cAMP	4	4	3.2	0.4099	1	BP
GO:0071312	cellular response to alkaloid	4	4	3.2	0.4099	1	BP
GO:0048865	stem cell fate commitment	4	4	3.2	0.4099	1	BP
GO:0048867	stem cell fate determination	4	4	3.2	0.4099	1	BP
GO:0048859	formation of anatomical boundary	4	4	3.2	0.4099	1	BP
GO:0071305	cellular response to vitamin D	4	4	3.2	0.4099	1	BP
GO:2000736	regulation of stem cell differentiation	4	4	3.2	0.4099	1	BP
GO:0060088	auditory receptor cell stereocilium orga...	4	4	3.2	0.4099	1	BP
GO:0060071	Wnt signaling pathway, planar cell polar...	4	4	3.2	0.4099	1	BP
GO:0048840	otolith development	4	4	3.2	0.4099	1	BP
GO:0006096	glycolytic process	4	4	3.2	0.4099	1	BP
GO:1902669	positive regulation of axon guidance	4	4	3.2	0.4099	1	BP
GO:0002504	antigen processing and presentation of p...	4	4	3.2	0.4099	1	BP
GO:1904398	positive regulation of neuromuscular jun...	4	4	3.2	0.4099	1	BP
GO:0002695	negative regulation of leukocyte activat...	4	4	3.2	0.4099	1	BP
GO:0015914	phospholipid transport	4	4	3.2	0.4099	1	BP
GO:0071455	cellular response to hyperoxia	4	4	3.2	0.4099	1	BP
GO:0006071	glycerol metabolic process	4	4	3.2	0.4099	1	BP
GO:0098743	cell aggregation	4	4	3.2	0.4099	1	BP
GO:0014066	regulation of phosphatidylinositol 3-kin...	4	4	3.2	0.4099	1	BP
GO:0014072	response to isoquinoline alkaloid	4	4	3.2	0.4099	1	BP
GO:0031333	negative regulation of protein-containin...	4	4	3.2	0.4099	1	BP
GO:0010656	negative regulation of muscle cell apopt...	4	4	3.2	0.4099	1	BP
GO:0045887	positive regulation of synaptic assembly...	4	4	3.2	0.4099	1	BP
GO:0014015	positive regulation of gliogenesis	4	4	3.2	0.4099	1	BP
GO:0014016	neuroblast differentiation	4	4	3.2	0.4099	1	BP
GO:0014017	neuroblast fate commitment	4	4	3.2	0.4099	1	BP
GO:0010644	cell communication by electrical couplin...	4	4	3.2	0.4099	1	BP
GO:0045838	positive regulation of membrane potentia...	4	4	3.2	0.4099	1	BP
GO:0009713	catechol-containing compound biosyntheti...	4	4	3.2	0.4099	1	BP
GO:0071168	protein localization to chromatin	4	4	3.2	0.4099	1	BP
GO:0014009	glial cell proliferation	4	4	3.2	0.4099	1	BP
GO:0019400	alditol metabolic process	4	4	3.2	0.4099	1	BP
GO:0048662	negative regulation of smooth muscle cel...	4	4	3.2	0.4099	1	BP
GO:0045598	regulation of fat cell differentiation	4	4	3.2	0.4099	1	BP
GO:0045599	negative regulation of fat cell differen...	4	4	3.2	0.4099	1	BP
GO:0048668	collateral sprouting	4	4	3.2	0.4099	1	BP
GO:0048680	positive regulation of axon regeneration	4	4	3.2	0.4099	1	BP
GO:1901374	acetate ester transport	4	4	3.2	0.4099	1	BP
GO:0034103	regulation of tissue remodeling	4	4	3.2	0.4099	1	BP
GO:0048644	muscle organ morphogenesis	4	4	3.2	0.4099	1	BP
GO:1904407	positive regulation of nitric oxide meta...	4	4	3.2	0.4099	1	BP
GO:0071295	cellular response to vitamin	4	4	3.2	0.4099	1	BP
GO:0062014	negative regulation of small molecule me...	4	4	3.2	0.4099	1	BP
GO:0050966	detection of mechanical stimulus involve...	4	4	3.2	0.4099	1	BP
GO:0031113	regulation of microtubule polymerization	4	4	3.2	0.4099	1	BP
GO:1902991	regulation of amyloid precursor protein ...	4	4	3.2	0.4099	1	BP
GO:1902993	positive regulation of amyloid precursor...	4	4	3.2	0.4099	1	BP
GO:0050910	detection of mechanical stimulus involve...	4	4	3.2	0.4099	1	BP
GO:0034205	amyloid-beta formation	4	4	3.2	0.4099	1	BP
GO:0045670	regulation of osteoclast differentiation	4	4	3.2	0.4099	1	BP
GO:0006360	transcription by RNA polymerase I	4	4	3.2	0.4099	1	BP
GO:0006368	transcription elongation by RNA polymera...	4	4	3.2	0.4099	1	BP
GO:0090162	establishment of epithelial cell polarit...	4	4	3.2	0.4099	1	BP
GO:0050907	detection of chemical stimulus involved ...	4	4	3.2	0.4099	1	BP
GO:0045639	positive regulation of myeloid cell diff...	4	4	3.2	0.4099	1	BP
GO:0042423	catecholamine biosynthetic process	4	4	3.2	0.4099	1	BP
GO:0031294	lymphocyte costimulation	4	4	3.2	0.4099	1	BP
GO:0031295	T cell costimulation	4	4	3.2	0.4099	1	BP
GO:0042416	dopamine biosynthetic process	4	4	3.2	0.4099	1	BP
GO:0042440	pigment metabolic process	4	4	3.2	0.4099	1	BP
GO:1902930	regulation of alcohol biosynthetic proce...	4	4	3.2	0.4099	1	BP
GO:0022029	telencephalon cell migration	4	4	3.2	0.4099	1	BP
GO:0002920	regulation of humoral immune response	4	4	3.2	0.4099	1	BP
GO:1990266	neutrophil migration	4	4	3.2	0.4099	1	BP
GO:0002931	response to ischemia	4	4	3.2	0.4099	1	BP
GO:0071706	tumor necrosis factor superfamily cytoki...	4	4	3.2	0.4099	1	BP
GO:0002902	regulation of B cell apoptotic process	4	4	3.2	0.4099	1	BP
GO:0060415	muscle tissue morphogenesis	4	4	3.2	0.4099	1	BP
GO:0042129	regulation of T cell proliferation	4	4	3.2	0.4099	1	BP
GO:1901264	carbohydrate derivative transport	4	4	3.2	0.4099	1	BP
GO:0051452	intracellular pH reduction	4	4	3.2	0.4099	1	BP
GO:1901222	regulation of NIK/NF-kappaB signaling	4	4	3.2	0.4099	1	BP
GO:0019886	antigen processing and presentation of e...	4	4	3.2	0.4099	1	BP
GO:0060117	auditory receptor cell development	4	4	3.2	0.4099	1	BP
GO:0042278	purine nucleoside metabolic process	4	4	3.2	0.4099	1	BP
GO:0033047	regulation of mitotic sister chromatid s...	4	4	3.2	0.4099	1	BP
GO:0097300	programmed necrotic cell death	4	4	3.2	0.4099	1	BP
GO:0060281	regulation of oocyte development	4	4	3.2	0.4099	1	BP
GO:0038095	Fc-epsilon receptor signaling pathway	4	4	3.2	0.4099	1	BP
GO:0001783	B cell apoptotic process	4	4	3.2	0.4099	1	BP
GO:0009605	response to external stimulus	179	150	143.31	0.4106	1	BP
GO:0099177	regulation of trans-synaptic signaling	46	38	36.83	0.411	1	BP
GO:0050804	modulation of chemical synaptic transmis...	46	38	36.83	0.411	1	BP
GO:0001745	compound eye morphogenesis	20	17	16.01	0.4114	1	BP
GO:0003018	vascular process in circulatory system	20	17	16.01	0.4114	1	BP
GO:0042593	glucose homeostasis	20	17	16.01	0.4114	1	BP
GO:0006813	potassium ion transport	20	17	16.01	0.4114	1	BP
GO:0099643	signal release from synapse	20	17	16.01	0.4114	1	BP
GO:0043087	regulation of GTPase activity	20	17	16.01	0.4114	1	BP
GO:0043312	neutrophil degranulation	20	17	16.01	0.4114	1	BP
GO:0015849	organic acid transport	20	17	16.01	0.4114	1	BP
GO:0043299	leukocyte degranulation	20	17	16.01	0.4114	1	BP
GO:0072593	reactive oxygen species metabolic proces...	20	17	16.01	0.4114	1	BP
GO:0002283	neutrophil activation involved in immune...	20	17	16.01	0.4114	1	BP
GO:0002275	myeloid cell activation involved in immu...	20	17	16.01	0.4114	1	BP
GO:0046942	carboxylic acid transport	20	17	16.01	0.4114	1	BP
GO:0007269	neurotransmitter secretion	20	17	16.01	0.4114	1	BP
GO:0050805	negative regulation of synaptic transmis...	20	17	16.01	0.4114	1	BP
GO:0050673	epithelial cell proliferation	20	17	16.01	0.4114	1	BP
GO:0031396	regulation of protein ubiquitination	20	17	16.01	0.4114	1	BP
GO:0042119	neutrophil activation	20	17	16.01	0.4114	1	BP
GO:0036230	granulocyte activation	20	17	16.01	0.4114	1	BP
GO:0006468	protein phosphorylation	92	75	73.65	0.4139	1	BP
GO:0003006	developmental process involved in reprod...	97	79	77.66	0.4159	1	BP
GO:0044281	small molecule metabolic process	102	83	81.66	0.4178	1	BP
GO:0033993	response to lipid	56	46	44.83	0.4191	1	BP
GO:0090066	regulation of anatomical structure size	56	46	44.83	0.4191	1	BP
GO:0051222	positive regulation of protein transport	25	21	20.01	0.4207	1	BP
GO:2001233	regulation of apoptotic signaling pathwa...	25	21	20.01	0.4207	1	BP
GO:1904951	positive regulation of establishment of ...	25	21	20.01	0.4207	1	BP
GO:0035150	regulation of tube size	25	21	20.01	0.4207	1	BP
GO:0002443	leukocyte mediated immunity	25	21	20.01	0.4207	1	BP
GO:0007163	establishment or maintenance of cell pol...	25	21	20.01	0.4207	1	BP
GO:0045321	leukocyte activation	50	46	40.03	0.4207	1	BP
GO:0019637	organophosphate metabolic process	61	50	48.84	0.4223	1	BP
GO:0002520	immune system development	43	40	34.43	0.4237	1	BP
GO:0045936	negative regulation of phosphate metabol...	30	25	24.02	0.4275	1	BP
GO:0009914	hormone transport	30	25	24.02	0.4275	1	BP
GO:0010563	negative regulation of phosphorus metabo...	30	25	24.02	0.4275	1	BP
GO:0048562	embryonic organ morphogenesis	30	25	24.02	0.4275	1	BP
GO:0007612	learning	30	25	24.02	0.4275	1	BP
GO:0044089	positive regulation of cellular componen...	35	29	28.02	0.4328	1	BP
GO:0006325	chromatin organization	35	29	28.02	0.4328	1	BP
GO:0016477	cell migration	86	70	68.85	0.434	1	BP
GO:0044070	regulation of anion transport	9	8	7.21	0.4367	1	BP
GO:0034644	cellular response to UV	9	8	7.21	0.4367	1	BP
GO:0001823	mesonephros development	9	8	7.21	0.4367	1	BP
GO:0035051	cardiocyte differentiation	9	8	7.21	0.4367	1	BP
GO:0031623	receptor internalization	9	8	7.21	0.4367	1	BP
GO:0086003	cardiac muscle cell contraction	9	8	7.21	0.4367	1	BP
GO:0051881	regulation of mitochondrial membrane pot...	9	8	7.21	0.4367	1	BP
GO:0097722	sperm motility	9	8	7.21	0.4367	1	BP
GO:0001657	ureteric bud development	9	8	7.21	0.4367	1	BP
GO:0060675	ureteric bud morphogenesis	9	8	7.21	0.4367	1	BP
GO:0061097	regulation of protein tyrosine kinase ac...	9	8	7.21	0.4367	1	BP
GO:0033238	regulation of cellular amine metabolic p...	9	8	7.21	0.4367	1	BP
GO:0072088	nephron epithelium morphogenesis	9	8	7.21	0.4367	1	BP
GO:0072078	nephron tubule morphogenesis	9	8	7.21	0.4367	1	BP
GO:0072028	nephron morphogenesis	9	8	7.21	0.4367	1	BP
GO:0032091	negative regulation of protein binding	9	8	7.21	0.4367	1	BP
GO:0032092	positive regulation of protein binding	9	8	7.21	0.4367	1	BP
GO:0030317	flagellated sperm motility	9	8	7.21	0.4367	1	BP
GO:0046717	acid secretion	9	8	7.21	0.4367	1	BP
GO:0120034	positive regulation of plasma membrane b...	9	8	7.21	0.4367	1	BP
GO:0007043	cell-cell junction assembly	9	8	7.21	0.4367	1	BP
GO:0046847	filopodium assembly	9	8	7.21	0.4367	1	BP
GO:0072163	mesonephric epithelium development	9	8	7.21	0.4367	1	BP
GO:0072164	mesonephric tubule development	9	8	7.21	0.4367	1	BP
GO:0072171	mesonephric tubule morphogenesis	9	8	7.21	0.4367	1	BP
GO:0032411	positive regulation of transporter activ...	9	8	7.21	0.4367	1	BP
GO:0032414	positive regulation of ion transmembrane...	9	8	7.21	0.4367	1	BP
GO:0008637	apoptotic mitochondrial changes	9	8	7.21	0.4367	1	BP
GO:0046686	response to cadmium ion	9	8	7.21	0.4367	1	BP
GO:0070555	response to interleukin-1	9	8	7.21	0.4367	1	BP
GO:0043433	negative regulation of DNA-binding trans...	9	8	7.21	0.4367	1	BP
GO:2000378	negative regulation of reactive oxygen s...	9	8	7.21	0.4367	1	BP
GO:0030518	intracellular steroid hormone receptor s...	9	8	7.21	0.4367	1	BP
GO:0032768	regulation of monooxygenase activity	9	8	7.21	0.4367	1	BP
GO:0010171	body morphogenesis	9	8	7.21	0.4367	1	BP
GO:0007214	gamma-aminobutyric acid signaling pathwa...	9	8	7.21	0.4367	1	BP
GO:0017156	calcium-ion regulated exocytosis	9	8	7.21	0.4367	1	BP
GO:0043542	endothelial cell migration	9	8	7.21	0.4367	1	BP
GO:0045777	positive regulation of blood pressure	9	8	7.21	0.4367	1	BP
GO:0098754	detoxification	9	8	7.21	0.4367	1	BP
GO:0090328	regulation of olfactory learning	9	8	7.21	0.4367	1	BP
GO:0048660	regulation of smooth muscle cell prolife...	9	8	7.21	0.4367	1	BP
GO:0048659	smooth muscle cell proliferation	9	8	7.21	0.4367	1	BP
GO:0050999	regulation of nitric-oxide synthase acti...	9	8	7.21	0.4367	1	BP
GO:0009584	detection of visible light	9	8	7.21	0.4367	1	BP
GO:0031102	neuron projection regeneration	9	8	7.21	0.4367	1	BP
GO:0031103	axon regeneration	9	8	7.21	0.4367	1	BP
GO:1901136	carbohydrate derivative catabolic proces...	9	8	7.21	0.4367	1	BP
GO:0051489	regulation of filopodium assembly	9	8	7.21	0.4367	1	BP
GO:0097327	response to antineoplastic agent	9	8	7.21	0.4367	1	BP
GO:0060294	cilium movement involved in cell motilit...	9	8	7.21	0.4367	1	BP
GO:0006887	exocytosis	40	33	32.02	0.4371	1	BP
GO:0048707	instar larval or pupal morphogenesis	40	33	32.02	0.4371	1	BP
GO:0007552	metamorphosis	40	33	32.02	0.4371	1	BP
GO:0051347	positive regulation of transferase activ...	40	33	32.02	0.4371	1	BP
GO:0019538	protein metabolic process	269	222	215.36	0.4411	1	BP
GO:0048522	positive regulation of cellular process	272	219	217.76	0.4439	1	BP
GO:0097164	ammonium ion metabolic process	14	12	11.21	0.4486	1	BP
GO:0099111	microtubule-based transport	14	12	11.21	0.4486	1	BP
GO:2001235	positive regulation of apoptotic signali...	14	12	11.21	0.4486	1	BP
GO:0030010	establishment of cell polarity	14	12	11.21	0.4486	1	BP
GO:0030048	actin filament-based movement	14	12	11.21	0.4486	1	BP
GO:0072073	kidney epithelium development	14	12	11.21	0.4486	1	BP
GO:0072009	nephron epithelium development	14	12	11.21	0.4486	1	BP
GO:0006937	regulation of muscle contraction	14	12	11.21	0.4486	1	BP
GO:0030258	lipid modification	14	12	11.21	0.4486	1	BP
GO:0061572	actin filament bundle organization	14	12	11.21	0.4486	1	BP
GO:0007498	mesoderm development	14	12	11.21	0.4486	1	BP
GO:0045444	fat cell differentiation	14	12	11.21	0.4486	1	BP
GO:1904064	positive regulation of cation transmembr...	14	12	11.21	0.4486	1	BP
GO:0090090	negative regulation of canonical Wnt sig...	14	12	11.21	0.4486	1	BP
GO:0009411	response to UV	14	12	11.21	0.4486	1	BP
GO:0071322	cellular response to carbohydrate stimul...	14	12	11.21	0.4486	1	BP
GO:0010565	regulation of cellular ketone metabolic ...	14	12	11.21	0.4486	1	BP
GO:0045785	positive regulation of cell adhesion	14	12	11.21	0.4486	1	BP
GO:0071478	cellular response to radiation	14	12	11.21	0.4486	1	BP
GO:0007589	body fluid secretion	14	12	11.21	0.4486	1	BP
GO:0010632	regulation of epithelial cell migration	14	12	11.21	0.4486	1	BP
GO:0048675	axon extension	14	12	11.21	0.4486	1	BP
GO:0006397	mRNA processing	14	12	11.21	0.4486	1	BP
GO:0042472	inner ear morphogenesis	14	12	11.21	0.4486	1	BP
GO:0051384	response to glucocorticoid	14	12	11.21	0.4486	1	BP
GO:0051495	positive regulation of cytoskeleton orga...	14	12	11.21	0.4486	1	BP
GO:0001751	compound eye photoreceptor cell differen...	14	12	11.21	0.4486	1	BP
GO:0033043	regulation of organelle organization	80	65	64.05	0.4554	1	BP
GO:0009913	epidermal cell differentiation	19	16	15.21	0.4557	1	BP
GO:0097746	blood vessel diameter maintenance	19	16	15.21	0.4557	1	BP
GO:0040013	negative regulation of locomotion	19	16	15.21	0.4557	1	BP
GO:0031032	actomyosin structure organization	19	16	15.21	0.4557	1	BP
GO:0045216	cell-cell junction organization	19	16	15.21	0.4557	1	BP
GO:0060070	canonical Wnt signaling pathway	19	16	15.21	0.4557	1	BP
GO:0006066	alcohol metabolic process	19	16	15.21	0.4557	1	BP
GO:0007613	memory	19	16	15.21	0.4557	1	BP
GO:0006401	RNA catabolic process	19	16	15.21	0.4557	1	BP
GO:0051960	regulation of nervous system development	90	73	72.05	0.4579	1	BP
GO:0006810	transport	251	202	200.95	0.4583	1	BP
GO:0051234	establishment of localization	256	206	204.95	0.4586	1	BP
GO:0023056	positive regulation of signaling	95	77	76.06	0.459	1	BP
GO:0010647	positive regulation of cell communicatio...	95	77	76.06	0.459	1	BP
GO:0001822	kidney development	24	20	19.21	0.4606	1	BP
GO:1903320	regulation of protein modification by sm...	24	20	19.21	0.4606	1	BP
GO:0007018	microtubule-based movement	24	20	19.21	0.4606	1	BP
GO:0042176	regulation of protein catabolic process	24	20	19.21	0.4606	1	BP
GO:0008283	cell population proliferation	110	89	88.06	0.4619	1	BP
GO:0001775	cell activation	54	49	43.23	0.4629	1	BP
GO:1901575	organic substance catabolic process	120	97	96.07	0.4634	1	BP
GO:0032504	multicellular organism reproduction	120	97	96.07	0.4634	1	BP
GO:0001708	cell fate specification	29	24	23.22	0.4642	1	BP
GO:0008306	associative learning	29	24	23.22	0.4642	1	BP
GO:0046879	hormone secretion	29	24	23.22	0.4642	1	BP
GO:0019439	aromatic compound catabolic process	29	24	23.22	0.4642	1	BP
GO:1901361	organic cyclic compound catabolic proces...	29	24	23.22	0.4642	1	BP
GO:0022414	reproductive process	145	117	116.09	0.4667	1	BP
GO:0061458	reproductive system development	34	28	27.22	0.467	1	BP
GO:0002065	columnar/cuboidal epithelial cell differ...	34	28	27.22	0.467	1	BP
GO:0030900	forebrain development	34	28	27.22	0.467	1	BP
GO:0009058	biosynthetic process	283	230	226.57	0.4687	1	BP
GO:0046677	response to antibiotic	39	32	31.22	0.4693	1	BP
GO:0043408	regulation of MAPK cascade	39	32	31.22	0.4693	1	BP
GO:0048534	hematopoietic or lymphoid organ developm...	42	39	33.62	0.4706	1	BP
GO:0044249	cellular biosynthetic process	278	226	222.56	0.471	1	BP
GO:0034329	cell junction assembly	44	36	35.23	0.4712	1	BP
GO:0007186	G protein-coupled receptor signaling pat...	49	40	39.23	0.4728	1	BP
GO:0044419	biological process involved in interspec...	69	56	55.24	0.4774	1	BP
GO:0016310	phosphorylation	109	88	87.26	0.4826	1	BP
GO:1901576	organic substance biosynthetic process	282	229	225.77	0.4849	1	BP
GO:0033036	macromolecule localization	159	128	127.29	0.4862	1	BP
GO:0097193	intrinsic apoptotic signaling pathway	28	23	22.42	0.5021	1	BP
GO:0001667	ameboidal-type cell migration	28	23	22.42	0.5021	1	BP
GO:0043410	positive regulation of MAPK cascade	28	23	22.42	0.5021	1	BP
GO:0034660	ncRNA metabolic process	33	27	26.42	0.5022	1	BP
GO:0070848	response to growth factor	33	27	26.42	0.5022	1	BP
GO:0001101	response to acid chemical	33	27	26.42	0.5022	1	BP
GO:0001503	ossification	23	19	18.41	0.5022	1	BP
GO:0008361	regulation of cell size	23	19	18.41	0.5022	1	BP
GO:0043583	ear development	23	19	18.41	0.5022	1	BP
GO:0045787	positive regulation of cell cycle	23	19	18.41	0.5022	1	BP
GO:0051402	neuron apoptotic process	23	19	18.41	0.5022	1	BP
GO:0097305	response to alcohol	38	31	30.42	0.5022	1	BP
GO:0002165	instar larval or pupal development	43	35	34.43	0.5023	1	BP
GO:0035303	regulation of dephosphorylation	18	15	14.41	0.5023	1	BP
GO:0008340	determination of adult lifespan	18	15	14.41	0.5023	1	BP
GO:0008344	adult locomotory behavior	18	15	14.41	0.5023	1	BP
GO:2000027	regulation of animal organ morphogenesis	18	15	14.41	0.5023	1	BP
GO:0046530	photoreceptor cell differentiation	18	15	14.41	0.5023	1	BP
GO:0050796	regulation of insulin secretion	18	15	14.41	0.5023	1	BP
GO:0043547	positive regulation of GTPase activity	18	15	14.41	0.5023	1	BP
GO:0019233	sensory perception of pain	18	15	14.41	0.5023	1	BP
GO:1903530	regulation of secretion by cell	58	47	46.43	0.5025	1	BP
GO:0014070	response to organic cyclic compound	63	51	50.44	0.5026	1	BP
GO:0044265	cellular macromolecule catabolic process	68	55	54.44	0.5027	1	BP
GO:0001709	cell fate determination	13	11	10.41	0.5027	1	BP
GO:0001678	cellular glucose homeostasis	13	11	10.41	0.5027	1	BP
GO:1903311	regulation of mRNA metabolic process	13	11	10.41	0.5027	1	BP
GO:0061041	regulation of wound healing	13	11	10.41	0.5027	1	BP
GO:0016579	protein deubiquitination	13	11	10.41	0.5027	1	BP
GO:0061448	connective tissue development	13	11	10.41	0.5027	1	BP
GO:0070252	actin-mediated cell contraction	13	11	10.41	0.5027	1	BP
GO:0018108	peptidyl-tyrosine phosphorylation	13	11	10.41	0.5027	1	BP
GO:0018212	peptidyl-tyrosine modification	13	11	10.41	0.5027	1	BP
GO:0032496	response to lipopolysaccharide	13	11	10.41	0.5027	1	BP
GO:0030879	mammary gland development	13	11	10.41	0.5027	1	BP
GO:0032271	regulation of protein polymerization	13	11	10.41	0.5027	1	BP
GO:0007405	neuroblast proliferation	13	11	10.41	0.5027	1	BP
GO:0040029	epigenetic regulation of gene expression	13	11	10.41	0.5027	1	BP
GO:0009408	response to heat	13	11	10.41	0.5027	1	BP
GO:0048738	cardiac muscle tissue development	13	11	10.41	0.5027	1	BP
GO:0071326	cellular response to monosaccharide stim...	13	11	10.41	0.5027	1	BP
GO:0071331	cellular response to hexose stimulus	13	11	10.41	0.5027	1	BP
GO:0071333	cellular response to glucose stimulus	13	11	10.41	0.5027	1	BP
GO:0034332	adherens junction organization	13	11	10.41	0.5027	1	BP
GO:0045765	regulation of angiogenesis	13	11	10.41	0.5027	1	BP
GO:0051017	actin filament bundle assembly	13	11	10.41	0.5027	1	BP
GO:0052547	regulation of peptidase activity	13	11	10.41	0.5027	1	BP
GO:1902905	positive regulation of supramolecular fi...	13	11	10.41	0.5027	1	BP
GO:0051346	negative regulation of hydrolase activit...	13	11	10.41	0.5027	1	BP
GO:0048609	multicellular organismal reproductive pr...	113	91	90.47	0.5035	1	BP
GO:0060429	epithelium development	118	95	94.47	0.5036	1	BP
GO:0033554	cellular response to stress	138	111	110.48	0.5039	1	BP
GO:0006750	glutathione biosynthetic process	8	7	6.4	0.5042	1	BP
GO:0035050	embryonic heart tube development	8	7	6.4	0.5042	1	BP
GO:0035088	establishment or maintenance of apical/b...	8	7	6.4	0.5042	1	BP
GO:0008088	axo-dendritic transport	8	7	6.4	0.5042	1	BP
GO:1904645	response to amyloid-beta	8	7	6.4	0.5042	1	BP
GO:1903391	regulation of adherens junction organiza...	8	7	6.4	0.5042	1	BP
GO:0014812	muscle cell migration	8	7	6.4	0.5042	1	BP
GO:0001658	branching involved in ureteric bud morph...	8	7	6.4	0.5042	1	BP
GO:1903321	negative regulation of protein modificat...	8	7	6.4	0.5042	1	BP
GO:0033273	response to vitamin	8	7	6.4	0.5042	1	BP
GO:0051607	defense response to virus	8	7	6.4	0.5042	1	BP
GO:0046364	monosaccharide biosynthetic process	8	7	6.4	0.5042	1	BP
GO:0006942	regulation of striated muscle contractio...	8	7	6.4	0.5042	1	BP
GO:0061371	determination of heart left/right asymme...	8	7	6.4	0.5042	1	BP
GO:0030330	DNA damage response, signal transduction...	8	7	6.4	0.5042	1	BP
GO:0055117	regulation of cardiac muscle contraction	8	7	6.4	0.5042	1	BP
GO:0061245	establishment or maintenance of bipolar ...	8	7	6.4	0.5042	1	BP
GO:0046849	bone remodeling	8	7	6.4	0.5042	1	BP
GO:1900271	regulation of long-term synaptic potenti...	8	7	6.4	0.5042	1	BP
GO:0030703	eggshell formation	8	7	6.4	0.5042	1	BP
GO:0010460	positive regulation of heart rate	8	7	6.4	0.5042	1	BP
GO:0140546	defense response to symbiont	8	7	6.4	0.5042	1	BP
GO:0021510	spinal cord development	8	7	6.4	0.5042	1	BP
GO:0009415	response to water	8	7	6.4	0.5042	1	BP
GO:0009116	nucleoside metabolic process	8	7	6.4	0.5042	1	BP
GO:0009119	ribonucleoside metabolic process	8	7	6.4	0.5042	1	BP
GO:0071347	cellular response to interleukin-1	8	7	6.4	0.5042	1	BP
GO:0048814	regulation of dendrite morphogenesis	8	7	6.4	0.5042	1	BP
GO:0010524	positive regulation of calcium ion trans...	8	7	6.4	0.5042	1	BP
GO:0045744	negative regulation of G protein-coupled...	8	7	6.4	0.5042	1	BP
GO:0002697	regulation of immune effector process	8	7	6.4	0.5042	1	BP
GO:0015931	nucleobase-containing compound transport	8	7	6.4	0.5042	1	BP
GO:0043620	regulation of DNA-templated transcriptio...	8	7	6.4	0.5042	1	BP
GO:0043618	regulation of transcription from RNA pol...	8	7	6.4	0.5042	1	BP
GO:0019184	nonribosomal peptide biosynthetic proces...	8	7	6.4	0.5042	1	BP
GO:0007614	short-term memory	8	7	6.4	0.5042	1	BP
GO:0042491	inner ear auditory receptor cell differe...	8	7	6.4	0.5042	1	BP
GO:0019228	neuronal action potential	8	7	6.4	0.5042	1	BP
GO:0060348	bone development	8	7	6.4	0.5042	1	BP
GO:0016079	synaptic vesicle exocytosis	8	7	6.4	0.5042	1	BP
GO:1902904	negative regulation of supramolecular fi...	8	7	6.4	0.5042	1	BP
GO:0019730	antimicrobial humoral response	8	7	6.4	0.5042	1	BP
GO:0038093	Fc receptor signaling pathway	8	7	6.4	0.5042	1	BP
GO:0051179	localization	323	259	258.59	0.5073	1	BP
GO:0009893	positive regulation of metabolic process	185	152	148.11	0.5098	1	BP
GO:0045933	positive regulation of muscle contractio...	3	3	2.4	0.5126	1	BP
GO:0045938	positive regulation of circadian sleep/w...	3	3	2.4	0.5126	1	BP
GO:0051291	protein heterooligomerization	3	3	2.4	0.5126	1	BP
GO:1903044	protein localization to membrane raft	3	3	2.4	0.5126	1	BP
GO:0098926	postsynaptic signal transduction	3	3	2.4	0.5126	1	BP
GO:0042748	circadian sleep/wake cycle, non-REM slee...	3	3	2.4	0.5126	1	BP
GO:0044062	regulation of excretion	3	3	2.4	0.5126	1	BP
GO:1903038	negative regulation of leukocyte cell-ce...	3	3	2.4	0.5126	1	BP
GO:0044065	regulation of respiratory system process	3	3	2.4	0.5126	1	BP
GO:0051261	protein depolymerization	3	3	2.4	0.5126	1	BP
GO:0071616	acyl-CoA biosynthetic process	3	3	2.4	0.5126	1	BP
GO:0051250	negative regulation of lymphocyte activa...	3	3	2.4	0.5126	1	BP
GO:0071634	regulation of transforming growth factor...	3	3	2.4	0.5126	1	BP
GO:0003025	regulation of systemic arterial blood pr...	3	3	2.4	0.5126	1	BP
GO:0098901	regulation of cardiac muscle cell action...	3	3	2.4	0.5126	1	BP
GO:0098909	regulation of cardiac muscle cell action...	3	3	2.4	0.5126	1	BP
GO:0001892	embryonic placenta development	3	3	2.4	0.5126	1	BP
GO:0071604	transforming growth factor beta producti...	3	3	2.4	0.5126	1	BP
GO:0035095	behavioral response to nicotine	3	3	2.4	0.5126	1	BP
GO:0060749	mammary gland alveolus development	3	3	2.4	0.5126	1	BP
GO:0035089	establishment of apical/basal cell polar...	3	3	2.4	0.5126	1	BP
GO:0035023	regulation of Rho protein signal transdu...	3	3	2.4	0.5126	1	BP
GO:0086066	atrial cardiac muscle cell to AV node ce...	3	3	2.4	0.5126	1	BP
GO:0051784	negative regulation of nuclear division	3	3	2.4	0.5126	1	BP
GO:0097254	renal tubular secretion	3	3	2.4	0.5126	1	BP
GO:0086026	atrial cardiac muscle cell to AV node ce...	3	3	2.4	0.5126	1	BP
GO:0042590	antigen processing and presentation of e...	3	3	2.4	0.5126	1	BP
GO:0090502	RNA phosphodiester bond hydrolysis, endo...	3	3	2.4	0.5126	1	BP
GO:0086010	membrane depolarization during action po...	3	3	2.4	0.5126	1	BP
GO:0086014	atrial cardiac muscle cell action potent...	3	3	2.4	0.5126	1	BP
GO:0086019	cell-cell signaling involved in cardiac ...	3	3	2.4	0.5126	1	BP
GO:0042554	superoxide anion generation	3	3	2.4	0.5126	1	BP
GO:0086005	ventricular cardiac muscle cell action p...	3	3	2.4	0.5126	1	BP
GO:0016126	sterol biosynthetic process	3	3	2.4	0.5126	1	BP
GO:0051894	positive regulation of focal adhesion as...	3	3	2.4	0.5126	1	BP
GO:0051895	negative regulation of focal adhesion as...	3	3	2.4	0.5126	1	BP
GO:0097205	renal filtration	3	3	2.4	0.5126	1	BP
GO:0001541	ovarian follicle development	3	3	2.4	0.5126	1	BP
GO:2001169	regulation of ATP biosynthetic process	3	3	2.4	0.5126	1	BP
GO:0016137	glycoside metabolic process	3	3	2.4	0.5126	1	BP
GO:1901658	glycosyl compound catabolic process	3	3	2.4	0.5126	1	BP
GO:0062207	regulation of pattern recognition recept...	3	3	2.4	0.5126	1	BP
GO:1903392	negative regulation of adherens junction...	3	3	2.4	0.5126	1	BP
GO:0046068	cGMP metabolic process	3	3	2.4	0.5126	1	BP
GO:1901616	organic hydroxy compound catabolic proce...	3	3	2.4	0.5126	1	BP
GO:0060544	regulation of necroptotic process	3	3	2.4	0.5126	1	BP
GO:0060546	negative regulation of necroptotic proce...	3	3	2.4	0.5126	1	BP
GO:0099174	regulation of presynapse organization	3	3	2.4	0.5126	1	BP
GO:0034975	protein folding in endoplasmic reticulum	3	3	2.4	0.5126	1	BP
GO:0006517	protein deglycosylation	3	3	2.4	0.5126	1	BP
GO:0044380	protein localization to cytoskeleton	3	3	2.4	0.5126	1	BP
GO:0150117	positive regulation of cell-substrate ju...	3	3	2.4	0.5126	1	BP
GO:0150118	negative regulation of cell-substrate ju...	3	3	2.4	0.5126	1	BP
GO:0051589	negative regulation of neurotransmitter ...	3	3	2.4	0.5126	1	BP
GO:0006505	GPI anchor metabolic process	3	3	2.4	0.5126	1	BP
GO:0006509	membrane protein ectodomain proteolysis	3	3	2.4	0.5126	1	BP
GO:2001239	regulation of extrinsic apoptotic signal...	3	3	2.4	0.5126	1	BP
GO:0070050	neuron cellular homeostasis	3	3	2.4	0.5126	1	BP
GO:0006695	cholesterol biosynthetic process	3	3	2.4	0.5126	1	BP
GO:0006687	glycosphingolipid metabolic process	3	3	2.4	0.5126	1	BP
GO:0006672	ceramide metabolic process	3	3	2.4	0.5126	1	BP
GO:0035384	thioester biosynthetic process	3	3	2.4	0.5126	1	BP
GO:0031953	negative regulation of protein autophosp...	3	3	2.4	0.5126	1	BP
GO:0006635	fatty acid beta-oxidation	3	3	2.4	0.5126	1	BP
GO:0008358	maternal determination of anterior/poste...	3	3	2.4	0.5126	1	BP
GO:0055008	cardiac muscle tissue morphogenesis	3	3	2.4	0.5126	1	BP
GO:0061014	positive regulation of mRNA catabolic pr...	3	3	2.4	0.5126	1	BP
GO:0061001	regulation of dendritic spine morphogene...	3	3	2.4	0.5126	1	BP
GO:0030071	regulation of mitotic metaphase/anaphase...	3	3	2.4	0.5126	1	BP
GO:1903146	regulation of autophagy of mitochondrion	3	3	2.4	0.5126	1	BP
GO:0033209	tumor necrosis factor-mediated signaling...	3	3	2.4	0.5126	1	BP
GO:0003171	atrioventricular valve development	3	3	2.4	0.5126	1	BP
GO:0003179	heart valve morphogenesis	3	3	2.4	0.5126	1	BP
GO:1901983	regulation of protein acetylation	3	3	2.4	0.5126	1	BP
GO:0046365	monosaccharide catabolic process	3	3	2.4	0.5126	1	BP
GO:0003148	outflow tract septum morphogenesis	3	3	2.4	0.5126	1	BP
GO:0046320	regulation of fatty acid oxidation	3	3	2.4	0.5126	1	BP
GO:0035195	miRNA-mediated gene silencing	3	3	2.4	0.5126	1	BP
GO:0001954	positive regulation of cell-matrix adhes...	3	3	2.4	0.5126	1	BP
GO:0001982	baroreceptor response to decreased syste...	3	3	2.4	0.5126	1	BP
GO:0001988	positive regulation of heart rate involv...	3	3	2.4	0.5126	1	BP
GO:0001978	regulation of systemic arterial blood pr...	3	3	2.4	0.5126	1	BP
GO:0035166	post-embryonic hemopoiesis	3	3	2.4	0.5126	1	BP
GO:1900084	regulation of peptidyl-tyrosine autophos...	3	3	2.4	0.5126	1	BP
GO:0001945	lymph vessel development	3	3	2.4	0.5126	1	BP
GO:0001937	negative regulation of endothelial cell ...	3	3	2.4	0.5126	1	BP
GO:1900024	regulation of substrate adhesion-depende...	3	3	2.4	0.5126	1	BP
GO:0060992	response to fungicide	3	3	2.4	0.5126	1	BP
GO:0003215	cardiac right ventricle morphogenesis	3	3	2.4	0.5126	1	BP
GO:0060964	regulation of miRNA-mediated gene silenc...	3	3	2.4	0.5126	1	BP
GO:0060966	regulation of gene silencing by RNA	3	3	2.4	0.5126	1	BP
GO:1903793	positive regulation of anion transport	3	3	2.4	0.5126	1	BP
GO:0060986	endocrine hormone secretion	3	3	2.4	0.5126	1	BP
GO:0046426	negative regulation of receptor signalin...	3	3	2.4	0.5126	1	BP
GO:0003207	cardiac chamber formation	3	3	2.4	0.5126	1	BP
GO:0006972	hyperosmotic response	3	3	2.4	0.5126	1	BP
GO:0006977	DNA damage response, signal transduction...	3	3	2.4	0.5126	1	BP
GO:0006921	cellular component disassembly involved ...	3	3	2.4	0.5126	1	BP
GO:0006929	substrate-dependent cell migration	3	3	2.4	0.5126	1	BP
GO:0044752	response to human chorionic gonadotropin	3	3	2.4	0.5126	1	BP
GO:0051955	regulation of amino acid transport	3	3	2.4	0.5126	1	BP
GO:0032088	negative regulation of NF-kappaB transcr...	3	3	2.4	0.5126	1	BP
GO:0022617	extracellular matrix disassembly	3	3	2.4	0.5126	1	BP
GO:0051985	negative regulation of chromosome segreg...	3	3	2.4	0.5126	1	BP
GO:0035234	ectopic germ cell programmed cell death	3	3	2.4	0.5126	1	BP
GO:1905144	response to acetylcholine	3	3	2.4	0.5126	1	BP
GO:1905145	cellular response to acetylcholine	3	3	2.4	0.5126	1	BP
GO:0032026	response to magnesium ion	3	3	2.4	0.5126	1	BP
GO:0046164	alcohol catabolic process	3	3	2.4	0.5126	1	BP
GO:0061377	mammary gland lobule development	3	3	2.4	0.5126	1	BP
GO:0022602	ovulation cycle process	3	3	2.4	0.5126	1	BP
GO:0046173	polyol biosynthetic process	3	3	2.4	0.5126	1	BP
GO:0046174	polyol catabolic process	3	3	2.4	0.5126	1	BP
GO:0061339	establishment or maintenance of monopola...	3	3	2.4	0.5126	1	BP
GO:0099622	cardiac muscle cell membrane repolarizat...	3	3	2.4	0.5126	1	BP
GO:0099623	regulation of cardiac muscle cell membra...	3	3	2.4	0.5126	1	BP
GO:1905268	negative regulation of chromatin organiz...	3	3	2.4	0.5126	1	BP
GO:1903844	regulation of cellular response to trans...	3	3	2.4	0.5126	1	BP
GO:1903831	signal transduction involved in cellular...	3	3	2.4	0.5126	1	BP
GO:1903555	regulation of tumor necrosis factor supe...	3	3	2.4	0.5126	1	BP
GO:1903556	negative regulation of tumor necrosis fa...	3	3	2.4	0.5126	1	BP
GO:0070121	Kupffer's vesicle development	3	3	2.4	0.5126	1	BP
GO:0002087	regulation of respiratory gaseous exchan...	3	3	2.4	0.5126	1	BP
GO:0033628	regulation of cell adhesion mediated by ...	3	3	2.4	0.5126	1	BP
GO:1903578	regulation of ATP metabolic process	3	3	2.4	0.5126	1	BP
GO:0002076	osteoblast development	3	3	2.4	0.5126	1	BP
GO:1900368	regulation of post-transcriptional gene ...	3	3	2.4	0.5126	1	BP
GO:1900373	positive regulation of purine nucleotide...	3	3	2.4	0.5126	1	BP
GO:0140467	integrated stress response signaling	3	3	2.4	0.5126	1	BP
GO:0002031	G protein-coupled receptor internalizati...	3	3	2.4	0.5126	1	BP
GO:0035821	modulation of process of another organis...	3	3	2.4	0.5126	1	BP
GO:0035812	renal sodium excretion	3	3	2.4	0.5126	1	BP
GO:0035813	regulation of renal sodium excretion	3	3	2.4	0.5126	1	BP
GO:0072348	sulfur compound transport	3	3	2.4	0.5126	1	BP
GO:0061162	establishment of monopolar cell polarity	3	3	2.4	0.5126	1	BP
GO:0070296	sarcoplasmic reticulum calcium ion trans...	3	3	2.4	0.5126	1	BP
GO:0061157	mRNA destabilization	3	3	2.4	0.5126	1	BP
GO:0000380	alternative mRNA splicing, via spliceoso...	3	3	2.4	0.5126	1	BP
GO:0000381	regulation of alternative mRNA splicing,...	3	3	2.4	0.5126	1	BP
GO:0070266	necroptotic process	3	3	2.4	0.5126	1	BP
GO:0007091	metaphase/anaphase transition of mitotic...	3	3	2.4	0.5126	1	BP
GO:0070229	negative regulation of lymphocyte apopto...	3	3	2.4	0.5126	1	BP
GO:0120033	negative regulation of plasma membrane b...	3	3	2.4	0.5126	1	BP
GO:0070230	positive regulation of lymphocyte apopto...	3	3	2.4	0.5126	1	BP
GO:0070231	T cell apoptotic process	3	3	2.4	0.5126	1	BP
GO:0008594	photoreceptor cell morphogenesis	3	3	2.4	0.5126	1	BP
GO:1905881	positive regulation of oogenesis	3	3	2.4	0.5126	1	BP
GO:0061298	retina vasculature development in camera...	3	3	2.4	0.5126	1	BP
GO:0046850	regulation of bone remodeling	3	3	2.4	0.5126	1	BP
GO:0048008	platelet-derived growth factor receptor ...	3	3	2.4	0.5126	1	BP
GO:1900182	positive regulation of protein localizat...	3	3	2.4	0.5126	1	BP
GO:0030225	macrophage differentiation	3	3	2.4	0.5126	1	BP
GO:0072176	nephric duct development	3	3	2.4	0.5126	1	BP
GO:0072177	mesonephric duct development	3	3	2.4	0.5126	1	BP
GO:0030219	megakaryocyte differentiation	3	3	2.4	0.5126	1	BP
GO:1900120	regulation of receptor binding	3	3	2.4	0.5126	1	BP
GO:0032467	positive regulation of cytokinesis	3	3	2.4	0.5126	1	BP
GO:1900119	positive regulation of execution phase o...	3	3	2.4	0.5126	1	BP
GO:0035635	entry of bacterium into host cell	3	3	2.4	0.5126	1	BP
GO:0008625	extrinsic apoptotic signaling pathway vi...	3	3	2.4	0.5126	1	BP
GO:0070873	regulation of glycogen metabolic process	3	3	2.4	0.5126	1	BP
GO:0070828	heterochromatin organization	3	3	2.4	0.5126	1	BP
GO:0046500	S-adenosylmethionine metabolic process	3	3	2.4	0.5126	1	BP
GO:1900272	negative regulation of long-term synapti...	3	3	2.4	0.5126	1	BP
GO:0043331	response to dsRNA	3	3	2.4	0.5126	1	BP
GO:0021795	cerebral cortex cell migration	3	3	2.4	0.5126	1	BP
GO:0000288	nuclear-transcribed mRNA catabolic proce...	3	3	2.4	0.5126	1	BP
GO:1902430	negative regulation of amyloid-beta form...	3	3	2.4	0.5126	1	BP
GO:0030857	negative regulation of epithelial cell d...	3	3	2.4	0.5126	1	BP
GO:0046631	alpha-beta T cell activation	3	3	2.4	0.5126	1	BP
GO:0046632	alpha-beta T cell differentiation	3	3	2.4	0.5126	1	BP
GO:0046634	regulation of alpha-beta T cell activati...	3	3	2.4	0.5126	1	BP
GO:0046637	regulation of alpha-beta T cell differen...	3	3	2.4	0.5126	1	BP
GO:0017015	regulation of transforming growth factor...	3	3	2.4	0.5126	1	BP
GO:0032292	peripheral nervous system axon ensheathm...	3	3	2.4	0.5126	1	BP
GO:0070534	protein K63-linked ubiquitination	3	3	2.4	0.5126	1	BP
GO:0030810	positive regulation of nucleotide biosyn...	3	3	2.4	0.5126	1	BP
GO:0030811	regulation of nucleotide catabolic proce...	3	3	2.4	0.5126	1	BP
GO:0007314	oocyte anterior/posterior axis specifica...	3	3	2.4	0.5126	1	BP
GO:0048311	mitochondrion distribution	3	3	2.4	0.5126	1	BP
GO:0015874	norepinephrine transport	3	3	2.4	0.5126	1	BP
GO:1902175	regulation of oxidative stress-induced i...	3	3	2.4	0.5126	1	BP
GO:0007308	oocyte construction	3	3	2.4	0.5126	1	BP
GO:0007309	oocyte axis specification	3	3	2.4	0.5126	1	BP
GO:0015812	gamma-aminobutyric acid transport	3	3	2.4	0.5126	1	BP
GO:0061526	acetylcholine secretion	3	3	2.4	0.5126	1	BP
GO:0002168	instar larval development	3	3	2.4	0.5126	1	BP
GO:0035994	response to muscle stretch	3	3	2.4	0.5126	1	BP
GO:0021871	forebrain regionalization	3	3	2.4	0.5126	1	BP
GO:0106118	regulation of sterol biosynthetic proces...	3	3	2.4	0.5126	1	BP
GO:0021846	cell proliferation in forebrain	3	3	2.4	0.5126	1	BP
GO:2000310	regulation of NMDA receptor activity	3	3	2.4	0.5126	1	BP
GO:0007474	imaginal disc-derived wing vein specific...	3	3	2.4	0.5126	1	BP
GO:0030521	androgen receptor signaling pathway	3	3	2.4	0.5126	1	BP
GO:0010165	response to X-ray	3	3	2.4	0.5126	1	BP
GO:0030540	female genitalia development	3	3	2.4	0.5126	1	BP
GO:1902284	neuron projection extension involved in ...	3	3	2.4	0.5126	1	BP
GO:0032720	negative regulation of tumor necrosis fa...	3	3	2.4	0.5126	1	BP
GO:0007400	neuroblast fate determination	3	3	2.4	0.5126	1	BP
GO:0032715	negative regulation of interleukin-6 pro...	3	3	2.4	0.5126	1	BP
GO:0048169	regulation of long-term neuronal synapti...	3	3	2.4	0.5126	1	BP
GO:0072584	caveolin-mediated endocytosis	3	3	2.4	0.5126	1	BP
GO:0050777	negative regulation of immune response	3	3	2.4	0.5126	1	BP
GO:0050779	RNA destabilization	3	3	2.4	0.5126	1	BP
GO:0019079	viral genome replication	3	3	2.4	0.5126	1	BP
GO:1905920	positive regulation of CoA-transferase a...	3	3	2.4	0.5126	1	BP
GO:0040010	positive regulation of growth rate	3	3	2.4	0.5126	1	BP
GO:1905921	regulation of acetylcholine biosynthetic...	3	3	2.4	0.5126	1	BP
GO:1905923	positive regulation of acetylcholine bio...	3	3	2.4	0.5126	1	BP
GO:0032881	regulation of polysaccharide metabolic p...	3	3	2.4	0.5126	1	BP
GO:1900544	positive regulation of purine nucleotide...	3	3	2.4	0.5126	1	BP
GO:1905918	regulation of CoA-transferase activity	3	3	2.4	0.5126	1	BP
GO:0032878	regulation of establishment or maintenan...	3	3	2.4	0.5126	1	BP
GO:0045448	mitotic cell cycle, embryonic	3	3	2.4	0.5126	1	BP
GO:0040009	regulation of growth rate	3	3	2.4	0.5126	1	BP
GO:0002763	positive regulation of myeloid leukocyte...	3	3	2.4	0.5126	1	BP
GO:0046929	negative regulation of neurotransmitter ...	3	3	2.4	0.5126	1	BP
GO:1904058	positive regulation of sensory perceptio...	3	3	2.4	0.5126	1	BP
GO:0002758	innate immune response-activating signal...	3	3	2.4	0.5126	1	BP
GO:0002759	regulation of antimicrobial humoral resp...	3	3	2.4	0.5126	1	BP
GO:0009301	snRNA transcription	3	3	2.4	0.5126	1	BP
GO:0031057	negative regulation of histone modificat...	3	3	2.4	0.5126	1	BP
GO:1990090	cellular response to nerve growth factor...	3	3	2.4	0.5126	1	BP
GO:0050868	negative regulation of T cell activation	3	3	2.4	0.5126	1	BP
GO:0010799	regulation of peptidyl-threonine phospho...	3	3	2.4	0.5126	1	BP
GO:2000114	regulation of establishment of cell pola...	3	3	2.4	0.5126	1	BP
GO:0050871	positive regulation of B cell activation	3	3	2.4	0.5126	1	BP
GO:2000142	regulation of DNA-templated transcriptio...	3	3	2.4	0.5126	1	BP
GO:2000144	positive regulation of DNA-templated tra...	3	3	2.4	0.5126	1	BP
GO:0007212	dopamine receptor signaling pathway	3	3	2.4	0.5126	1	BP
GO:0050812	regulation of acyl-CoA biosynthetic proc...	3	3	2.4	0.5126	1	BP
GO:0045188	regulation of circadian sleep/wake cycle...	3	3	2.4	0.5126	1	BP
GO:1990089	response to nerve growth factor	3	3	2.4	0.5126	1	BP
GO:0021604	cranial nerve structural organization	3	3	2.4	0.5126	1	BP
GO:0048243	norepinephrine secretion	3	3	2.4	0.5126	1	BP
GO:0045124	regulation of bone resorption	3	3	2.4	0.5126	1	BP
GO:2000107	negative regulation of leukocyte apoptot...	3	3	2.4	0.5126	1	BP
GO:2000291	regulation of myoblast proliferation	3	3	2.4	0.5126	1	BP
GO:0036098	male germ-line stem cell population main...	3	3	2.4	0.5126	1	BP
GO:2000251	positive regulation of actin cytoskeleto...	3	3	2.4	0.5126	1	BP
GO:2000288	positive regulation of myoblast prolifer...	3	3	2.4	0.5126	1	BP
GO:2000270	negative regulation of fibroblast apopto...	3	3	2.4	0.5126	1	BP
GO:0032691	negative regulation of interleukin-1 bet...	3	3	2.4	0.5126	1	BP
GO:0032692	negative regulation of interleukin-1 pro...	3	3	2.4	0.5126	1	BP
GO:1901021	positive regulation of calcium ion trans...	3	3	2.4	0.5126	1	BP
GO:0002832	negative regulation of response to bioti...	3	3	2.4	0.5126	1	BP
GO:0032651	regulation of interleukin-1 beta product...	3	3	2.4	0.5126	1	BP
GO:0032652	regulation of interleukin-1 production	3	3	2.4	0.5126	1	BP
GO:0010882	regulation of cardiac muscle contraction...	3	3	2.4	0.5126	1	BP
GO:0032680	regulation of tumor necrosis factor prod...	3	3	2.4	0.5126	1	BP
GO:0042069	regulation of catecholamine metabolic pr...	3	3	2.4	0.5126	1	BP
GO:0042053	regulation of dopamine metabolic process	3	3	2.4	0.5126	1	BP
GO:0032611	interleukin-1 beta production	3	3	2.4	0.5126	1	BP
GO:0032612	interleukin-1 production	3	3	2.4	0.5126	1	BP
GO:0048703	embryonic viscerocranium morphogenesis	3	3	2.4	0.5126	1	BP
GO:0048708	astrocyte differentiation	3	3	2.4	0.5126	1	BP
GO:0071359	cellular response to dsRNA	3	3	2.4	0.5126	1	BP
GO:0071374	cellular response to parathyroid hormone...	3	3	2.4	0.5126	1	BP
GO:2000765	regulation of cytoplasmic translation	3	3	2.4	0.5126	1	BP
GO:0043555	regulation of translation in response to...	3	3	2.4	0.5126	1	BP
GO:2000756	regulation of peptidyl-lysine acetylatio...	3	3	2.4	0.5126	1	BP
GO:0030951	establishment or maintenance of microtub...	3	3	2.4	0.5126	1	BP
GO:0030952	establishment or maintenance of cytoskel...	3	3	2.4	0.5126	1	BP
GO:0002576	platelet degranulation	3	3	2.4	0.5126	1	BP
GO:0043576	regulation of respiratory gaseous exchan...	3	3	2.4	0.5126	1	BP
GO:0034333	adherens junction assembly	3	3	2.4	0.5126	1	BP
GO:0060056	mammary gland involution	3	3	2.4	0.5126	1	BP
GO:0019320	hexose catabolic process	3	3	2.4	0.5126	1	BP
GO:0048841	regulation of axon extension involved in...	3	3	2.4	0.5126	1	BP
GO:0010586	miRNA metabolic process	3	3	2.4	0.5126	1	BP
GO:0048846	axon extension involved in axon guidance	3	3	2.4	0.5126	1	BP
GO:0060025	regulation of synaptic activity	3	3	2.4	0.5126	1	BP
GO:0060026	convergent extension	3	3	2.4	0.5126	1	BP
GO:0060027	convergent extension involved in gastrul...	3	3	2.4	0.5126	1	BP
GO:0045722	positive regulation of gluconeogenesis	3	3	2.4	0.5126	1	BP
GO:0045724	positive regulation of cilium assembly	3	3	2.4	0.5126	1	BP
GO:1902653	secondary alcohol biosynthetic process	3	3	2.4	0.5126	1	BP
GO:0071498	cellular response to fluid shear stress	3	3	2.4	0.5126	1	BP
GO:0010510	regulation of acetyl-CoA biosynthetic pr...	3	3	2.4	0.5126	1	BP
GO:0010517	regulation of phospholipase activity	3	3	2.4	0.5126	1	BP
GO:0010518	positive regulation of phospholipase act...	3	3	2.4	0.5126	1	BP
GO:0071462	cellular response to water stimulus	3	3	2.4	0.5126	1	BP
GO:0071467	cellular response to pH	3	3	2.4	0.5126	1	BP
GO:0002699	positive regulation of immune effector p...	3	3	2.4	0.5126	1	BP
GO:0006084	acetyl-CoA metabolic process	3	3	2.4	0.5126	1	BP
GO:0006085	acetyl-CoA biosynthetic process	3	3	2.4	0.5126	1	BP
GO:0006086	acetyl-CoA biosynthetic process from pyr...	3	3	2.4	0.5126	1	BP
GO:0009247	glycolipid biosynthetic process	3	3	2.4	0.5126	1	BP
GO:0006089	lactate metabolic process	3	3	2.4	0.5126	1	BP
GO:0002687	positive regulation of leukocyte migrati...	3	3	2.4	0.5126	1	BP
GO:0002688	regulation of leukocyte chemotaxis	3	3	2.4	0.5126	1	BP
GO:0014061	regulation of norepinephrine secretion	3	3	2.4	0.5126	1	BP
GO:1902600	proton transmembrane transport	3	3	2.4	0.5126	1	BP
GO:0002673	regulation of acute inflammatory respons...	3	3	2.4	0.5126	1	BP
GO:0071447	cellular response to hydroperoxide	3	3	2.4	0.5126	1	BP
GO:0014051	gamma-aminobutyric acid secretion	3	3	2.4	0.5126	1	BP
GO:0009794	regulation of mitotic cell cycle, embryo...	3	3	2.4	0.5126	1	BP
GO:0006004	fucose metabolic process	3	3	2.4	0.5126	1	BP
GO:0043647	inositol phosphate metabolic process	3	3	2.4	0.5126	1	BP
GO:0071402	cellular response to lipoprotein particl...	3	3	2.4	0.5126	1	BP
GO:0007526	larval somatic muscle development	3	3	2.4	0.5126	1	BP
GO:0034405	response to fluid shear stress	3	3	2.4	0.5126	1	BP
GO:0009750	response to fructose	3	3	2.4	0.5126	1	BP
GO:0014048	regulation of glutamate secretion	3	3	2.4	0.5126	1	BP
GO:0048536	spleen development	3	3	2.4	0.5126	1	BP
GO:0045840	positive regulation of mitotic nuclear d...	3	3	2.4	0.5126	1	BP
GO:0007508	larval heart development	3	3	2.4	0.5126	1	BP
GO:0090322	regulation of superoxide metabolic proce...	3	3	2.4	0.5126	1	BP
GO:0090325	regulation of locomotion involved in loc...	3	3	2.4	0.5126	1	BP
GO:0034121	regulation of toll-like receptor signali...	3	3	2.4	0.5126	1	BP
GO:1901381	positive regulation of potassium ion tra...	3	3	2.4	0.5126	1	BP
GO:0090303	positive regulation of wound healing	3	3	2.4	0.5126	1	BP
GO:0071107	response to parathyroid hormone	3	3	2.4	0.5126	1	BP
GO:0032963	collagen metabolic process	3	3	2.4	0.5126	1	BP
GO:2000535	regulation of entry of bacterium into ho...	3	3	2.4	0.5126	1	BP
GO:0045580	regulation of T cell differentiation	3	3	2.4	0.5126	1	BP
GO:0062098	regulation of programmed necrotic cell d...	3	3	2.4	0.5126	1	BP
GO:0062099	negative regulation of programmed necrot...	3	3	2.4	0.5126	1	BP
GO:0090497	mesenchymal cell migration	3	3	2.4	0.5126	1	BP
GO:0045540	regulation of cholesterol biosynthetic p...	3	3	2.4	0.5126	1	BP
GO:0097006	regulation of plasma lipoprotein particl...	3	3	2.4	0.5126	1	BP
GO:0036499	PERK-mediated unfolded protein response	3	3	2.4	0.5126	1	BP
GO:0032906	transforming growth factor beta2 product...	3	3	2.4	0.5126	1	BP
GO:0062033	positive regulation of mitotic sister ch...	3	3	2.4	0.5126	1	BP
GO:0032909	regulation of transforming growth factor...	3	3	2.4	0.5126	1	BP
GO:0060395	SMAD protein signal transduction	3	3	2.4	0.5126	1	BP
GO:2000628	regulation of miRNA metabolic process	3	3	2.4	0.5126	1	BP
GO:0031122	cytoplasmic microtubule organization	3	3	2.4	0.5126	1	BP
GO:0062009	secondary palate development	3	3	2.4	0.5126	1	BP
GO:0031111	negative regulation of microtubule polym...	3	3	2.4	0.5126	1	BP
GO:0045661	regulation of myoblast differentiation	3	3	2.4	0.5126	1	BP
GO:0031112	positive regulation of microtubule polym...	3	3	2.4	0.5126	1	BP
GO:0031116	positive regulation of microtubule polym...	3	3	2.4	0.5126	1	BP
GO:1902992	negative regulation of amyloid precursor...	3	3	2.4	0.5126	1	BP
GO:0045652	regulation of megakaryocyte differentiat...	3	3	2.4	0.5126	1	BP
GO:0060384	innervation	3	3	2.4	0.5126	1	BP
GO:0045685	regulation of glial cell differentiation	3	3	2.4	0.5126	1	BP
GO:0050918	positive chemotaxis	3	3	2.4	0.5126	1	BP
GO:0045672	positive regulation of osteoclast differ...	3	3	2.4	0.5126	1	BP
GO:0016081	synaptic vesicle docking	3	3	2.4	0.5126	1	BP
GO:0045619	regulation of lymphocyte differentiation	3	3	2.4	0.5126	1	BP
GO:0045638	negative regulation of myeloid cell diff...	3	3	2.4	0.5126	1	BP
GO:0006356	regulation of transcription by RNA polym...	3	3	2.4	0.5126	1	BP
GO:0090181	regulation of cholesterol metabolic proc...	3	3	2.4	0.5126	1	BP
GO:0045604	regulation of epidermal cell differentia...	3	3	2.4	0.5126	1	BP
GO:2001053	regulation of mesenchymal cell apoptotic...	3	3	2.4	0.5126	1	BP
GO:0042430	indole-containing compound metabolic pro...	3	3	2.4	0.5126	1	BP
GO:0043954	cellular component maintenance	3	3	2.4	0.5126	1	BP
GO:0043984	histone H4-K16 acetylation	3	3	2.4	0.5126	1	BP
GO:0022011	myelination in peripheral nervous system	3	3	2.4	0.5126	1	BP
GO:0090100	positive regulation of transmembrane rec...	3	3	2.4	0.5126	1	BP
GO:0010965	regulation of mitotic sister chromatid s...	3	3	2.4	0.5126	1	BP
GO:0095500	acetylcholine receptor signaling pathway	3	3	2.4	0.5126	1	BP
GO:1901142	insulin metabolic process	3	3	2.4	0.5126	1	BP
GO:0006497	protein lipidation	3	3	2.4	0.5126	1	BP
GO:0002904	positive regulation of B cell apoptotic ...	3	3	2.4	0.5126	1	BP
GO:0060412	ventricular septum morphogenesis	3	3	2.4	0.5126	1	BP
GO:0060416	response to growth hormone	3	3	2.4	0.5126	1	BP
GO:0042158	lipoprotein biosynthetic process	3	3	2.4	0.5126	1	BP
GO:0019731	antibacterial humoral response	3	3	2.4	0.5126	1	BP
GO:0051306	mitotic sister chromatid separation	3	3	2.4	0.5126	1	BP
GO:0009629	response to gravity	3	3	2.4	0.5126	1	BP
GO:0010940	positive regulation of necrotic cell dea...	3	3	2.4	0.5126	1	BP
GO:0060408	regulation of acetylcholine metabolic pr...	3	3	2.4	0.5126	1	BP
GO:0060409	positive regulation of acetylcholine met...	3	3	2.4	0.5126	1	BP
GO:0060191	regulation of lipase activity	3	3	2.4	0.5126	1	BP
GO:0060193	positive regulation of lipase activity	3	3	2.4	0.5126	1	BP
GO:0051450	myoblast proliferation	3	3	2.4	0.5126	1	BP
GO:0042102	positive regulation of T cell proliferat...	3	3	2.4	0.5126	1	BP
GO:1901224	positive regulation of NIK/NF-kappaB sig...	3	3	2.4	0.5126	1	BP
GO:0060112	generation of ovulation cycle rhythm	3	3	2.4	0.5126	1	BP
GO:0033077	T cell differentiation in thymus	3	3	2.4	0.5126	1	BP
GO:0060147	regulation of post-transcriptional gene ...	3	3	2.4	0.5126	1	BP
GO:1904893	negative regulation of receptor signalin...	3	3	2.4	0.5126	1	BP
GO:0006110	regulation of glycolytic process	3	3	2.4	0.5126	1	BP
GO:1904886	beta-catenin destruction complex disasse...	3	3	2.4	0.5126	1	BP
GO:0060260	regulation of transcription initiation b...	3	3	2.4	0.5126	1	BP
GO:0060261	positive regulation of transcription ini...	3	3	2.4	0.5126	1	BP
GO:0060251	regulation of glial cell proliferation	3	3	2.4	0.5126	1	BP
GO:0042795	snRNA transcription by RNA polymerase II	3	3	2.4	0.5126	1	BP
GO:1990858	cellular response to lectin	3	3	2.4	0.5126	1	BP
GO:0060282	positive regulation of oocyte developmen...	3	3	2.4	0.5126	1	BP
GO:0045981	positive regulation of nucleotide metabo...	3	3	2.4	0.5126	1	BP
GO:0042762	regulation of sulfur metabolic process	3	3	2.4	0.5126	1	BP
GO:0045923	positive regulation of fatty acid metabo...	3	3	2.4	0.5126	1	BP
GO:1903053	regulation of extracellular matrix organ...	3	3	2.4	0.5126	1	BP
GO:0001755	neural crest cell migration	3	3	2.4	0.5126	1	BP
GO:0042753	positive regulation of circadian rhythm	3	3	2.4	0.5126	1	BP
GO:0034698	response to gonadotropin	3	3	2.4	0.5126	1	BP
GO:1990840	response to lectin	3	3	2.4	0.5126	1	BP
GO:0003013	circulatory system process	47	43	37.63	0.5182	1	BP
GO:0008015	blood circulation	47	43	37.63	0.5182	1	BP
GO:0007166	cell surface receptor signaling pathway	122	98	97.67	0.5236	1	BP
GO:0044703	multi-organism reproductive process	112	90	89.67	0.5241	1	BP
GO:0030030	cell projection organization	122	104	97.67	0.5348	1	BP
GO:0120036	plasma membrane bounded cell projection ...	122	104	97.67	0.5348	1	BP
GO:0030036	actin cytoskeleton organization	37	30	29.62	0.5358	1	BP
GO:0005975	carbohydrate metabolic process	37	30	29.62	0.5358	1	BP
GO:0051656	establishment of organelle localization	32	26	25.62	0.5381	1	BP
GO:0071363	cellular response to growth factor stimu...	32	26	25.62	0.5381	1	BP
GO:0048608	reproductive structure development	32	26	25.62	0.5381	1	BP
GO:0000003	reproduction	151	121	120.89	0.5409	1	BP
GO:0031644	regulation of nervous system process	27	22	21.62	0.541	1	BP
GO:0072001	renal system development	27	22	21.62	0.541	1	BP
GO:0104004	cellular response to environmental stimu...	27	22	21.62	0.541	1	BP
GO:0198738	cell-cell signaling by wnt	27	22	21.62	0.541	1	BP
GO:0010631	epithelial cell migration	27	22	21.62	0.541	1	BP
GO:0071214	cellular response to abiotic stimulus	27	22	21.62	0.541	1	BP
GO:0090130	tissue migration	27	22	21.62	0.541	1	BP
GO:0090132	epithelium migration	27	22	21.62	0.541	1	BP
GO:0044262	cellular carbohydrate metabolic process	22	18	17.61	0.545	1	BP
GO:0022613	ribonucleoprotein complex biogenesis	22	18	17.61	0.545	1	BP
GO:0030111	regulation of Wnt signaling pathway	22	18	17.61	0.545	1	BP
GO:0007015	actin filament organization	22	18	17.61	0.545	1	BP
GO:0030707	ovarian follicle cell development	22	18	17.61	0.545	1	BP
GO:0010721	negative regulation of cell development	22	18	17.61	0.545	1	BP
GO:0048588	developmental cell growth	22	18	17.61	0.545	1	BP
GO:0090276	regulation of peptide hormone secretion	22	18	17.61	0.545	1	BP
GO:0007276	gamete generation	86	69	68.85	0.5488	1	BP
GO:0051258	protein polymerization	17	14	13.61	0.5508	1	BP
GO:0001701	in utero embryonic development	17	14	13.61	0.5508	1	BP
GO:0060828	regulation of canonical Wnt signaling pa...	17	14	13.61	0.5508	1	BP
GO:0006520	cellular amino acid metabolic process	17	14	13.61	0.5508	1	BP
GO:0006612	protein targeting to membrane	17	14	13.61	0.5508	1	BP
GO:0055002	striated muscle cell development	17	14	13.61	0.5508	1	BP
GO:0072006	nephron development	17	14	13.61	0.5508	1	BP
GO:0018205	peptidyl-lysine modification	17	14	13.61	0.5508	1	BP
GO:0002181	cytoplasmic translation	17	14	13.61	0.5508	1	BP
GO:0007584	response to nutrient	17	14	13.61	0.5508	1	BP
GO:0007617	mating behavior	17	14	13.61	0.5508	1	BP
GO:0007618	mating	17	14	13.61	0.5508	1	BP
GO:0060485	mesenchyme development	17	14	13.61	0.5508	1	BP
GO:0036294	cellular response to decreased oxygen le...	17	14	13.61	0.5508	1	BP
GO:0006402	mRNA catabolic process	17	14	13.61	0.5508	1	BP
GO:0033044	regulation of chromosome organization	17	14	13.61	0.5508	1	BP
GO:0048589	developmental growth	71	57	56.84	0.5525	1	BP
GO:0031323	regulation of cellular metabolic process	297	240	237.78	0.5557	1	BP
GO:0030163	protein catabolic process	56	45	44.83	0.5577	1	BP
GO:0001736	establishment of planar polarity	12	10	9.61	0.5599	1	BP
GO:0006641	triglyceride metabolic process	12	10	9.61	0.5599	1	BP
GO:0006638	neutral lipid metabolic process	12	10	9.61	0.5599	1	BP
GO:0006639	acylglycerol metabolic process	12	10	9.61	0.5599	1	BP
GO:0008380	RNA splicing	12	10	9.61	0.5599	1	BP
GO:0072080	nephron tubule development	12	10	9.61	0.5599	1	BP
GO:0044272	sulfur compound biosynthetic process	12	10	9.61	0.5599	1	BP
GO:0061387	regulation of extent of cell growth	12	10	9.61	0.5599	1	BP
GO:0061333	renal tubule morphogenesis	12	10	9.61	0.5599	1	BP
GO:0015718	monocarboxylic acid transport	12	10	9.61	0.5599	1	BP
GO:0002118	aggressive behavior	12	10	9.61	0.5599	1	BP
GO:0007164	establishment of tissue polarity	12	10	9.61	0.5599	1	BP
GO:1904018	positive regulation of vasculature devel...	12	10	9.61	0.5599	1	BP
GO:1902806	regulation of cell cycle G1/S phase tran...	12	10	9.61	0.5599	1	BP
GO:0009755	hormone-mediated signaling pathway	12	10	9.61	0.5599	1	BP
GO:0045807	positive regulation of endocytosis	12	10	9.61	0.5599	1	BP
GO:0042461	photoreceptor cell development	12	10	9.61	0.5599	1	BP
GO:0010970	transport along microtubule	12	10	9.61	0.5599	1	BP
GO:0051302	regulation of cell division	12	10	9.61	0.5599	1	BP
GO:0006469	negative regulation of protein kinase ac...	12	10	9.61	0.5599	1	BP
GO:1901796	regulation of signal transduction by p53...	12	10	9.61	0.5599	1	BP
GO:0048477	oogenesis	46	37	36.83	0.5627	1	BP
GO:0019953	sexual reproduction	105	84	84.06	0.5664	1	BP
GO:0007165	signal transduction	249	199	199.35	0.5691	1	BP
GO:0016311	dephosphorylation	36	29	28.82	0.5697	1	BP
GO:0019941	modification-dependent protein catabolic...	36	29	28.82	0.5697	1	BP
GO:0002791	regulation of peptide secretion	36	29	28.82	0.5697	1	BP
GO:0032535	regulation of cellular component size	36	29	28.82	0.5697	1	BP
GO:0043632	modification-dependent macromolecule cat...	36	29	28.82	0.5697	1	BP
GO:0050708	regulation of protein secretion	31	25	24.82	0.5745	1	BP
GO:0045907	positive regulation of vasoconstriction	7	6	5.6	0.5779	1	BP
GO:1903035	negative regulation of response to wound...	7	6	5.6	0.5779	1	BP
GO:0003084	positive regulation of systemic arterial...	7	6	5.6	0.5779	1	BP
GO:0031670	cellular response to nutrient	7	6	5.6	0.5779	1	BP
GO:0051701	biological process involved in interacti...	7	6	5.6	0.5779	1	BP
GO:0090659	walking behavior	7	6	5.6	0.5779	1	BP
GO:0006885	regulation of pH	7	6	5.6	0.5779	1	BP
GO:0014896	muscle hypertrophy	7	6	5.6	0.5779	1	BP
GO:0014897	striated muscle hypertrophy	7	6	5.6	0.5779	1	BP
GO:0006839	mitochondrial transport	7	6	5.6	0.5779	1	BP
GO:0014823	response to activity	7	6	5.6	0.5779	1	BP
GO:0097711	ciliary basal body-plasma membrane docki...	7	6	5.6	0.5779	1	BP
GO:2001252	positive regulation of chromosome organi...	7	6	5.6	0.5779	1	BP
GO:0042632	cholesterol homeostasis	7	6	5.6	0.5779	1	BP
GO:0003300	cardiac muscle hypertrophy	7	6	5.6	0.5779	1	BP
GO:0055092	sterol homeostasis	7	6	5.6	0.5779	1	BP
GO:0055072	iron ion homeostasis	7	6	5.6	0.5779	1	BP
GO:0051653	spindle localization	7	6	5.6	0.5779	1	BP
GO:0061062	regulation of nematode larval developmen...	7	6	5.6	0.5779	1	BP
GO:0055007	cardiac muscle cell differentiation	7	6	5.6	0.5779	1	BP
GO:0061013	regulation of mRNA catabolic process	7	6	5.6	0.5779	1	BP
GO:0003407	neural retina development	7	6	5.6	0.5779	1	BP
GO:0061005	cell differentiation involved in kidney ...	7	6	5.6	0.5779	1	BP
GO:0003143	embryonic heart tube morphogenesis	7	6	5.6	0.5779	1	BP
GO:0001947	heart looping	7	6	5.6	0.5779	1	BP
GO:1900006	positive regulation of dendrite developm...	7	6	5.6	0.5779	1	BP
GO:0046470	phosphatidylcholine metabolic process	7	6	5.6	0.5779	1	BP
GO:0002026	regulation of the force of heart contrac...	7	6	5.6	0.5779	1	BP
GO:0002028	regulation of sodium ion transport	7	6	5.6	0.5779	1	BP
GO:1905898	positive regulation of response to endop...	7	6	5.6	0.5779	1	BP
GO:0035567	non-canonical Wnt signaling pathway	7	6	5.6	0.5779	1	BP
GO:0030216	keratinocyte differentiation	7	6	5.6	0.5779	1	BP
GO:0009064	glutamine family amino acid metabolic pr...	7	6	5.6	0.5779	1	BP
GO:0046660	female sex differentiation	7	6	5.6	0.5779	1	BP
GO:0007304	chorion-containing eggshell formation	7	6	5.6	0.5779	1	BP
GO:2000463	positive regulation of excitatory postsy...	7	6	5.6	0.5779	1	BP
GO:0002250	adaptive immune response	7	6	5.6	0.5779	1	BP
GO:0045453	bone resorption	7	6	5.6	0.5779	1	BP
GO:0050728	negative regulation of inflammatory resp...	7	6	5.6	0.5779	1	BP
GO:0045475	locomotor rhythm	7	6	5.6	0.5779	1	BP
GO:0046916	cellular transition metal ion homeostasi...	7	6	5.6	0.5779	1	BP
GO:0045197	establishment or maintenance of epitheli...	7	6	5.6	0.5779	1	BP
GO:0050866	negative regulation of cell activation	7	6	5.6	0.5779	1	BP
GO:0050885	neuromuscular process controlling balanc...	7	6	5.6	0.5779	1	BP
GO:0007274	neuromuscular synaptic transmission	7	6	5.6	0.5779	1	BP
GO:0032570	response to progesterone	7	6	5.6	0.5779	1	BP
GO:0042067	establishment of ommatidial planar polar...	7	6	5.6	0.5779	1	BP
GO:0010594	regulation of endothelial cell migration	7	6	5.6	0.5779	1	BP
GO:0050680	negative regulation of epithelial cell p...	7	6	5.6	0.5779	1	BP
GO:0006094	gluconeogenesis	7	6	5.6	0.5779	1	BP
GO:0019319	hexose biosynthetic process	7	6	5.6	0.5779	1	BP
GO:1902652	secondary alcohol metabolic process	7	6	5.6	0.5779	1	BP
GO:0043500	muscle adaptation	7	6	5.6	0.5779	1	BP
GO:0043502	regulation of muscle adaptation	7	6	5.6	0.5779	1	BP
GO:0045745	positive regulation of G protein-coupled...	7	6	5.6	0.5779	1	BP
GO:0015918	sterol transport	7	6	5.6	0.5779	1	BP
GO:0043666	regulation of phosphoprotein phosphatase...	7	6	5.6	0.5779	1	BP
GO:0098739	import across plasma membrane	7	6	5.6	0.5779	1	BP
GO:0014020	primary neural tube formation	7	6	5.6	0.5779	1	BP
GO:0034404	nucleobase-containing small molecule bio...	7	6	5.6	0.5779	1	BP
GO:0045814	negative regulation of gene expression, ...	7	6	5.6	0.5779	1	BP
GO:0098815	modulation of excitatory postsynaptic po...	7	6	5.6	0.5779	1	BP
GO:0007628	adult walking behavior	7	6	5.6	0.5779	1	BP
GO:0007632	visual behavior	7	6	5.6	0.5779	1	BP
GO:0009593	detection of chemical stimulus	7	6	5.6	0.5779	1	BP
GO:0042476	odontogenesis	7	6	5.6	0.5779	1	BP
GO:0090102	cochlea development	7	6	5.6	0.5779	1	BP
GO:0006403	RNA localization	7	6	5.6	0.5779	1	BP
GO:0033045	regulation of sister chromatid segregati...	7	6	5.6	0.5779	1	BP
GO:0008104	protein localization	144	115	115.29	0.5783	1	BP
GO:0070727	cellular macromolecule localization	144	115	115.29	0.5783	1	BP
GO:0045471	response to ethanol	26	21	20.82	0.5806	1	BP
GO:0050878	regulation of body fluid levels	26	21	20.82	0.5806	1	BP
GO:0010639	negative regulation of organelle organiz...	26	21	20.82	0.5806	1	BP
GO:0044255	cellular lipid metabolic process	60	48	48.04	0.5824	1	BP
GO:0051046	regulation of secretion	60	48	48.04	0.5824	1	BP
GO:0055001	muscle cell development	21	17	16.81	0.5888	1	BP
GO:0035296	regulation of tube diameter	21	17	16.81	0.5888	1	BP
GO:0035282	segmentation	21	17	16.81	0.5888	1	BP
GO:1902115	regulation of organelle assembly	21	17	16.81	0.5888	1	BP
GO:0050768	negative regulation of neurogenesis	21	17	16.81	0.5888	1	BP
GO:0005996	monosaccharide metabolic process	21	17	16.81	0.5888	1	BP
GO:0043523	regulation of neuron apoptotic process	21	17	16.81	0.5888	1	BP
GO:0048839	inner ear development	21	17	16.81	0.5888	1	BP
GO:0009895	negative regulation of catabolic process	21	17	16.81	0.5888	1	BP
GO:1990778	protein localization to cell periphery	21	17	16.81	0.5888	1	BP
GO:0051668	localization within membrane	45	36	36.03	0.5931	1	BP
GO:0051603	proteolysis involved in protein cataboli...	45	36	36.03	0.5931	1	BP
GO:0051649	establishment of localization in cell	143	114	114.48	0.5967	1	BP
GO:0043009	chordate embryonic development	40	32	32.02	0.5979	1	BP
GO:0072657	protein localization to membrane	40	32	32.02	0.5979	1	BP
GO:0006396	RNA processing	40	32	32.02	0.5979	1	BP
GO:0071702	organic substance transport	133	106	106.48	0.599	1	BP
GO:1903322	positive regulation of protein modificat...	16	13	12.81	0.6005	1	BP
GO:0055088	lipid homeostasis	16	13	12.81	0.6005	1	BP
GO:0030178	negative regulation of Wnt signaling pat...	16	13	12.81	0.6005	1	BP
GO:0048193	Golgi vesicle transport	16	13	12.81	0.6005	1	BP
GO:0009100	glycoprotein metabolic process	16	13	12.81	0.6005	1	BP
GO:0071456	cellular response to hypoxia	16	13	12.81	0.6005	1	BP
GO:0050905	neuromuscular process	16	13	12.81	0.6005	1	BP
GO:0001754	eye photoreceptor cell differentiation	16	13	12.81	0.6005	1	BP
GO:0050794	regulation of cellular process	442	357	353.86	0.6023	1	BP
GO:0006511	ubiquitin-dependent protein catabolic pr...	35	28	28.02	0.6038	1	BP
GO:0051301	cell division	35	28	28.02	0.6038	1	BP
GO:0048878	chemical homeostasis	85	74	68.05	0.6059	1	BP
GO:0048584	positive regulation of response to stimu...	108	86	86.46	0.6064	1	BP
GO:0030855	epithelial cell differentiation	59	47	47.23	0.6091	1	BP
GO:1902531	regulation of intracellular signal trans...	98	78	78.46	0.6102	1	BP
GO:0022604	regulation of cell morphogenesis	30	24	24.02	0.6111	1	BP
GO:0050808	synapse organization	49	39	39.23	0.6179	1	BP
GO:0001704	formation of primary germ layer	11	9	8.81	0.6194	1	BP
GO:0008037	cell recognition	11	9	8.81	0.6194	1	BP
GO:0060563	neuroepithelial cell differentiation	11	9	8.81	0.6194	1	BP
GO:0046034	ATP metabolic process	11	9	8.81	0.6194	1	BP
GO:0006613	cotranslational protein targeting to mem...	11	9	8.81	0.6194	1	BP
GO:0003151	outflow tract morphogenesis	11	9	8.81	0.6194	1	BP
GO:0006970	response to osmotic stress	11	9	8.81	0.6194	1	BP
GO:0007030	Golgi organization	11	9	8.81	0.6194	1	BP
GO:0000184	nuclear-transcribed mRNA catabolic proce...	11	9	8.81	0.6194	1	BP
GO:0046683	response to organophosphorus	11	9	8.81	0.6194	1	BP
GO:0030516	regulation of axon extension	11	9	8.81	0.6194	1	BP
GO:0048149	behavioral response to ethanol	11	9	8.81	0.6194	1	BP
GO:0090092	regulation of transmembrane receptor pro...	11	9	8.81	0.6194	1	BP
GO:0009199	ribonucleoside triphosphate metabolic pr...	11	9	8.81	0.6194	1	BP
GO:0009141	nucleoside triphosphate metabolic proces...	11	9	8.81	0.6194	1	BP
GO:0009144	purine nucleoside triphosphate metabolic...	11	9	8.81	0.6194	1	BP
GO:0045778	positive regulation of ossification	11	9	8.81	0.6194	1	BP
GO:0009205	purine ribonucleoside triphosphate metab...	11	9	8.81	0.6194	1	BP
GO:0007565	female pregnancy	11	9	8.81	0.6194	1	BP
GO:0052548	regulation of endopeptidase activity	11	9	8.81	0.6194	1	BP
GO:0042490	mechanoreceptor differentiation	11	9	8.81	0.6194	1	BP
GO:0009615	response to virus	11	9	8.81	0.6194	1	BP
GO:0051494	negative regulation of cytoskeleton orga...	11	9	8.81	0.6194	1	BP
GO:0071826	ribonucleoprotein complex subunit organi...	11	9	8.81	0.6194	1	BP
GO:0099003	vesicle-mediated transport in synapse	11	9	8.81	0.6194	1	BP
GO:0051100	negative regulation of binding	11	9	8.81	0.6194	1	BP
GO:0030072	peptide hormone secretion	25	20	20.01	0.6204	1	BP
GO:0044782	cilium organization	25	20	20.01	0.6204	1	BP
GO:0006897	endocytosis	44	35	35.23	0.6234	1	BP
GO:0051049	regulation of transport	107	85	85.66	0.6266	1	BP
GO:0051716	cellular response to stimulus	315	251	252.19	0.6279	1	BP
GO:0010817	regulation of hormone levels	39	31	31.22	0.6299	1	BP
GO:0016049	cell growth	39	31	31.22	0.6299	1	BP
GO:0044237	cellular metabolic process	482	386	385.88	0.6318	1	BP
GO:0016241	regulation of macroautophagy	20	16	16.01	0.6329	1	BP
GO:0007178	transmembrane receptor protein serine/th...	20	16	16.01	0.6329	1	BP
GO:0007219	Notch signaling pathway	20	16	16.01	0.6329	1	BP
GO:0031330	negative regulation of cellular cataboli...	20	16	16.01	0.6329	1	BP
GO:0007519	skeletal muscle tissue development	20	16	16.01	0.6329	1	BP
GO:0010638	positive regulation of organelle organiz...	34	27	27.22	0.6378	1	BP
GO:0080090	regulation of primary metabolic process	276	225	220.96	0.6393	1	BP
GO:0032880	regulation of protein localization	53	42	42.43	0.6406	1	BP
GO:1903071	positive regulation of ER-associated ubi...	2	2	1.6	0.6407	1	BP
GO:0016325	oocyte microtubule cytoskeleton organiza...	2	2	1.6	0.6407	1	BP
GO:0003094	glomerular filtration	2	2	1.6	0.6407	1	BP
GO:0016318	ommatidial rotation	2	2	1.6	0.6407	1	BP
GO:0034661	ncRNA catabolic process	2	2	1.6	0.6407	1	BP
GO:1903018	regulation of glycoprotein metabolic pro...	2	2	1.6	0.6407	1	BP
GO:0042713	sperm ejaculation	2	2	1.6	0.6407	1	BP
GO:0051295	establishment of meiotic spindle localiz...	2	2	1.6	0.6407	1	BP
GO:0051296	establishment of meiotic spindle orienta...	2	2	1.6	0.6407	1	BP
GO:0034656	nucleobase-containing small molecule cat...	2	2	1.6	0.6407	1	BP
GO:0042743	hydrogen peroxide metabolic process	2	2	1.6	0.6407	1	BP
GO:0006220	pyrimidine nucleotide metabolic process	2	2	1.6	0.6407	1	BP
GO:0045906	negative regulation of vasoconstriction	2	2	1.6	0.6407	1	BP
GO:1990806	ligand-gated ion channel signaling pathw...	2	2	1.6	0.6407	1	BP
GO:0071677	positive regulation of mononuclear cell ...	2	2	1.6	0.6407	1	BP
GO:0098911	regulation of ventricular cardiac muscle...	2	2	1.6	0.6407	1	BP
GO:0001737	establishment of imaginal disc-derived w...	2	2	1.6	0.6407	1	BP
GO:0098914	membrane repolarization during atrial ca...	2	2	1.6	0.6407	1	BP
GO:0044068	modulation by symbiont of host cellular ...	2	2	1.6	0.6407	1	BP
GO:0031581	hemidesmosome assembly	2	2	1.6	0.6407	1	BP
GO:0001703	gastrulation with mouth forming first	2	2	1.6	0.6407	1	BP
GO:0051280	negative regulation of release of seques...	2	2	1.6	0.6407	1	BP
GO:0051281	positive regulation of release of seques...	2	2	1.6	0.6407	1	BP
GO:0051284	positive regulation of sequestering of c...	2	2	1.6	0.6407	1	BP
GO:0034643	establishment of mitochondrion localizat...	2	2	1.6	0.6407	1	BP
GO:0071636	positive regulation of transforming grow...	2	2	1.6	0.6407	1	BP
GO:0031579	membrane raft organization	2	2	1.6	0.6407	1	BP
GO:1901880	negative regulation of protein depolymer...	2	2	1.6	0.6407	1	BP
GO:0060761	negative regulation of response to cytok...	2	2	1.6	0.6407	1	BP
GO:0060765	regulation of androgen receptor signalin...	2	2	1.6	0.6407	1	BP
GO:0098903	regulation of membrane repolarization du...	2	2	1.6	0.6407	1	BP
GO:0051220	cytoplasmic sequestering of protein	2	2	1.6	0.6407	1	BP
GO:1901879	regulation of protein depolymerization	2	2	1.6	0.6407	1	BP
GO:0097186	amelogenesis	2	2	1.6	0.6407	1	BP
GO:1901844	regulation of cell communication by elec...	2	2	1.6	0.6407	1	BP
GO:0009950	dorsal/ventral axis specification	2	2	1.6	0.6407	1	BP
GO:0044003	modulation by symbiont of host process	2	2	1.6	0.6407	1	BP
GO:0009988	cell-cell recognition	2	2	1.6	0.6407	1	BP
GO:0031507	heterochromatin formation	2	2	1.6	0.6407	1	BP
GO:0001885	endothelial cell development	2	2	1.6	0.6407	1	BP
GO:1990542	mitochondrial transmembrane transport	2	2	1.6	0.6407	1	BP
GO:0016479	negative regulation of transcription by ...	2	2	1.6	0.6407	1	BP
GO:0006760	folic acid-containing compound metabolic...	2	2	1.6	0.6407	1	BP
GO:0006751	glutathione catabolic process	2	2	1.6	0.6407	1	BP
GO:0035065	regulation of histone acetylation	2	2	1.6	0.6407	1	BP
GO:0086098	angiotensin-activated signaling pathway ...	2	2	1.6	0.6407	1	BP
GO:0035021	negative regulation of Rac protein signa...	2	2	1.6	0.6407	1	BP
GO:0035010	encapsulation of foreign target	2	2	1.6	0.6407	1	BP
GO:0035011	melanotic encapsulation of foreign targe...	2	2	1.6	0.6407	1	BP
GO:0086064	cell communication by electrical couplin...	2	2	1.6	0.6407	1	BP
GO:0086069	bundle of His cell to Purkinje myocyte c...	2	2	1.6	0.6407	1	BP
GO:0086050	membrane repolarization during bundle of...	2	2	1.6	0.6407	1	BP
GO:0086052	membrane repolarization during SA node c...	2	2	1.6	0.6407	1	BP
GO:0051780	behavioral response to nutrient	2	2	1.6	0.6407	1	BP
GO:0022417	protein maturation by protein folding	2	2	1.6	0.6407	1	BP
GO:0035036	sperm-egg recognition	2	2	1.6	0.6407	1	BP
GO:0086070	SA node cell to atrial cardiac muscle ce...	2	2	1.6	0.6407	1	BP
GO:0008089	anterograde axonal transport	2	2	1.6	0.6407	1	BP
GO:0016198	axon choice point recognition	2	2	1.6	0.6407	1	BP
GO:0016199	axon midline choice point recognition	2	2	1.6	0.6407	1	BP
GO:0086023	adenylate cyclase-activating adrenergic ...	2	2	1.6	0.6407	1	BP
GO:0086028	bundle of His cell to Purkinje myocyte s...	2	2	1.6	0.6407	1	BP
GO:1901522	positive regulation of transcription fro...	2	2	1.6	0.6407	1	BP
GO:0086013	membrane repolarization during cardiac m...	2	2	1.6	0.6407	1	BP
GO:0086015	SA node cell action potential	2	2	1.6	0.6407	1	BP
GO:0035006	melanization defense response	2	2	1.6	0.6407	1	BP
GO:0086018	SA node cell to atrial cardiac muscle ce...	2	2	1.6	0.6407	1	BP
GO:0033363	secretory granule organization	2	2	1.6	0.6407	1	BP
GO:0086043	bundle of His cell action potential	2	2	1.6	0.6407	1	BP
GO:0060872	semicircular canal development	2	2	1.6	0.6407	1	BP
GO:0014741	negative regulation of muscle hypertroph...	2	2	1.6	0.6407	1	BP
GO:0014745	negative regulation of muscle adaptation	2	2	1.6	0.6407	1	BP
GO:0006896	Golgi to vacuole transport	2	2	1.6	0.6407	1	BP
GO:1901532	regulation of hematopoietic progenitor c...	2	2	1.6	0.6407	1	BP
GO:0042558	pteridine-containing compound metabolic ...	2	2	1.6	0.6407	1	BP
GO:0060841	venous blood vessel development	2	2	1.6	0.6407	1	BP
GO:0006855	xenobiotic transmembrane transport	2	2	1.6	0.6407	1	BP
GO:0006858	extracellular transport	2	2	1.6	0.6407	1	BP
GO:0036507	protein demannosylation	2	2	1.6	0.6407	1	BP
GO:0036508	protein alpha-1,2-demannosylation	2	2	1.6	0.6407	1	BP
GO:0051890	regulation of cardioblast differentiatio...	2	2	1.6	0.6407	1	BP
GO:0097201	negative regulation of transcription fro...	2	2	1.6	0.6407	1	BP
GO:0016139	glycoside catabolic process	2	2	1.6	0.6407	1	BP
GO:0042532	negative regulation of tyrosine phosphor...	2	2	1.6	0.6407	1	BP
GO:0042538	hyperosmotic salinity response	2	2	1.6	0.6407	1	BP
GO:2001171	positive regulation of ATP biosynthetic ...	2	2	1.6	0.6407	1	BP
GO:1901660	calcium ion export	2	2	1.6	0.6407	1	BP
GO:0051882	mitochondrial depolarization	2	2	1.6	0.6407	1	BP
GO:0042509	regulation of tyrosine phosphorylation o...	2	2	1.6	0.6407	1	BP
GO:0062208	positive regulation of pattern recogniti...	2	2	1.6	0.6407	1	BP
GO:0060561	apoptotic process involved in morphogene...	2	2	1.6	0.6407	1	BP
GO:1905038	regulation of membrane lipid metabolic p...	2	2	1.6	0.6407	1	BP
GO:0046058	cAMP metabolic process	2	2	1.6	0.6407	1	BP
GO:0060573	cell fate specification involved in patt...	2	2	1.6	0.6407	1	BP
GO:0016264	gap junction assembly	2	2	1.6	0.6407	1	BP
GO:0051835	positive regulation of synapse structura...	2	2	1.6	0.6407	1	BP
GO:0001661	conditioned taste aversion	2	2	1.6	0.6407	1	BP
GO:0033484	nitric oxide homeostasis	2	2	1.6	0.6407	1	BP
GO:1903376	regulation of oxidative stress-induced n...	2	2	1.6	0.6407	1	BP
GO:0060536	cartilage morphogenesis	2	2	1.6	0.6407	1	BP
GO:0016226	iron-sulfur cluster assembly	2	2	1.6	0.6407	1	BP
GO:0014808	release of sequestered calcium ion into ...	2	2	1.6	0.6407	1	BP
GO:0099120	socially cooperative development	2	2	1.6	0.6407	1	BP
GO:0051590	positive regulation of neurotransmitter ...	2	2	1.6	0.6407	1	BP
GO:0006521	regulation of cellular amino acid metabo...	2	2	1.6	0.6407	1	BP
GO:0046006	regulation of activated T cell prolifera...	2	2	1.6	0.6407	1	BP
GO:1903334	positive regulation of protein folding	2	2	1.6	0.6407	1	BP
GO:0006525	arginine metabolic process	2	2	1.6	0.6407	1	BP
GO:0006527	arginine catabolic process	2	2	1.6	0.6407	1	BP
GO:0003351	epithelial cilium movement involved in e...	2	2	1.6	0.6407	1	BP
GO:0006515	protein quality control for misfolded or...	2	2	1.6	0.6407	1	BP
GO:0051560	mitochondrial calcium ion homeostasis	2	2	1.6	0.6407	1	BP
GO:0051561	positive regulation of mitochondrial cal...	2	2	1.6	0.6407	1	BP
GO:0006541	glutamine metabolic process	2	2	1.6	0.6407	1	BP
GO:0044387	negative regulation of protein kinase ac...	2	2	1.6	0.6407	1	BP
GO:2001225	regulation of chloride transport	2	2	1.6	0.6407	1	BP
GO:1903307	positive regulation of regulated secreto...	2	2	1.6	0.6407	1	BP
GO:0070091	glucagon secretion	2	2	1.6	0.6407	1	BP
GO:0070092	regulation of glucagon secretion	2	2	1.6	0.6407	1	BP
GO:0070098	chemokine-mediated signaling pathway	2	2	1.6	0.6407	1	BP
GO:2001240	negative regulation of extrinsic apoptot...	2	2	1.6	0.6407	1	BP
GO:0003344	pericardium morphogenesis	2	2	1.6	0.6407	1	BP
GO:0006506	GPI anchor biosynthetic process	2	2	1.6	0.6407	1	BP
GO:0006691	leukotriene metabolic process	2	2	1.6	0.6407	1	BP
GO:0060625	regulation of protein deneddylation	2	2	1.6	0.6407	1	BP
GO:0055091	phospholipid homeostasis	2	2	1.6	0.6407	1	BP
GO:0055094	response to lipoprotein particle	2	2	1.6	0.6407	1	BP
GO:0033120	positive regulation of RNA splicing	2	2	1.6	0.6407	1	BP
GO:0060632	regulation of microtubule-based movement	2	2	1.6	0.6407	1	BP
GO:0035357	peroxisome proliferator activated recept...	2	2	1.6	0.6407	1	BP
GO:0006677	glycosylceramide metabolic process	2	2	1.6	0.6407	1	BP
GO:1903431	positive regulation of cell maturation	2	2	1.6	0.6407	1	BP
GO:0055089	fatty acid homeostasis	2	2	1.6	0.6407	1	BP
GO:0044458	motile cilium assembly	2	2	1.6	0.6407	1	BP
GO:0035313	wound healing, spreading of epidermal ce...	2	2	1.6	0.6407	1	BP
GO:0055010	ventricular cardiac muscle tissue morpho...	2	2	1.6	0.6407	1	BP
GO:0051654	establishment of mitochondrion localizat...	2	2	1.6	0.6407	1	BP
GO:0051657	maintenance of organelle location	2	2	1.6	0.6407	1	BP
GO:0110150	negative regulation of biomineralization	2	2	1.6	0.6407	1	BP
GO:0061057	peptidoglycan recognition protein signal...	2	2	1.6	0.6407	1	BP
GO:0008377	light-induced release of internally sequ...	2	2	1.6	0.6407	1	BP
GO:0061074	regulation of neural retina development	2	2	1.6	0.6407	1	BP
GO:0035309	wing and notum subfield formation	2	2	1.6	0.6407	1	BP
GO:0051642	centrosome localization	2	2	1.6	0.6407	1	BP
GO:0008348	negative regulation of antimicrobial hum...	2	2	1.6	0.6407	1	BP
GO:0033275	actin-myosin filament sliding	2	2	1.6	0.6407	1	BP
GO:0061030	epithelial cell differentiation involved...	2	2	1.6	0.6407	1	BP
GO:1903170	negative regulation of calcium ion trans...	2	2	1.6	0.6407	1	BP
GO:0038189	neuropilin signaling pathway	2	2	1.6	0.6407	1	BP
GO:0003197	endocardial cushion development	2	2	1.6	0.6407	1	BP
GO:0033241	regulation of cellular amine catabolic p...	2	2	1.6	0.6407	1	BP
GO:0033242	negative regulation of cellular amine ca...	2	2	1.6	0.6407	1	BP
GO:0030070	insulin processing	2	2	1.6	0.6407	1	BP
GO:0035459	vesicle cargo loading	2	2	1.6	0.6407	1	BP
GO:0033239	negative regulation of cellular amine me...	2	2	1.6	0.6407	1	BP
GO:0097502	mannosylation	2	2	1.6	0.6407	1	BP
GO:0038110	interleukin-2-mediated signaling pathway	2	2	1.6	0.6407	1	BP
GO:0140053	mitochondrial gene expression	2	2	1.6	0.6407	1	BP
GO:0030049	muscle filament sliding	2	2	1.6	0.6407	1	BP
GO:0035418	protein localization to synapse	2	2	1.6	0.6407	1	BP
GO:1901950	dense core granule transport	2	2	1.6	0.6407	1	BP
GO:1901985	positive regulation of protein acetylati...	2	2	1.6	0.6407	1	BP
GO:1901970	positive regulation of mitotic sister ch...	2	2	1.6	0.6407	1	BP
GO:1901979	regulation of inward rectifier potassium...	2	2	1.6	0.6407	1	BP
GO:0015012	heparan sulfate proteoglycan biosyntheti...	2	2	1.6	0.6407	1	BP
GO:0042994	cytoplasmic sequestering of transcriptio...	2	2	1.6	0.6407	1	BP
GO:0033762	response to glucagon	2	2	1.6	0.6407	1	BP
GO:0001960	negative regulation of cytokine-mediated...	2	2	1.6	0.6407	1	BP
GO:0046321	positive regulation of fatty acid oxidat...	2	2	1.6	0.6407	1	BP
GO:0001956	positive regulation of neurotransmitter ...	2	2	1.6	0.6407	1	BP
GO:0016574	histone ubiquitination	2	2	1.6	0.6407	1	BP
GO:0001973	G protein-coupled adenosine receptor sig...	2	2	1.6	0.6407	1	BP
GO:0001975	response to amphetamine	2	2	1.6	0.6407	1	BP
GO:1903223	positive regulation of oxidative stress-...	2	2	1.6	0.6407	1	BP
GO:0001922	B-1 B cell homeostasis	2	2	1.6	0.6407	1	BP
GO:0072050	S-shaped body morphogenesis	2	2	1.6	0.6407	1	BP
GO:1900081	regulation of arginine catabolic process	2	2	1.6	0.6407	1	BP
GO:1900082	negative regulation of arginine cataboli...	2	2	1.6	0.6407	1	BP
GO:1903242	regulation of cardiac muscle hypertrophy...	2	2	1.6	0.6407	1	BP
GO:1903243	negative regulation of cardiac muscle hy...	2	2	1.6	0.6407	1	BP
GO:1900085	negative regulation of peptidyl-tyrosine...	2	2	1.6	0.6407	1	BP
GO:1900087	positive regulation of G1/S transition o...	2	2	1.6	0.6407	1	BP
GO:1903248	regulation of citrulline biosynthetic pr...	2	2	1.6	0.6407	1	BP
GO:1903249	negative regulation of citrulline biosyn...	2	2	1.6	0.6407	1	BP
GO:0001946	lymphangiogenesis	2	2	1.6	0.6407	1	BP
GO:0072070	loop of Henle development	2	2	1.6	0.6407	1	BP
GO:0035176	social behavior	2	2	1.6	0.6407	1	BP
GO:1900078	positive regulation of cellular response...	2	2	1.6	0.6407	1	BP
GO:0072021	ascending thin limb development	2	2	1.6	0.6407	1	BP
GO:0003254	regulation of membrane depolarization	2	2	1.6	0.6407	1	BP
GO:1900026	positive regulation of substrate adhesio...	2	2	1.6	0.6407	1	BP
GO:1900027	regulation of ruffle assembly	2	2	1.6	0.6407	1	BP
GO:0072010	glomerular epithelium development	2	2	1.6	0.6407	1	BP
GO:1905476	negative regulation of protein localizat...	2	2	1.6	0.6407	1	BP
GO:0003283	atrial septum development	2	2	1.6	0.6407	1	BP
GO:0072015	podocyte development	2	2	1.6	0.6407	1	BP
GO:0035116	embryonic hindlimb morphogenesis	2	2	1.6	0.6407	1	BP
GO:0003272	endocardial cushion formation	2	2	1.6	0.6407	1	BP
GO:0046498	S-adenosylhomocysteine metabolic process	2	2	1.6	0.6407	1	BP
GO:1903209	positive regulation of oxidative stress-...	2	2	1.6	0.6407	1	BP
GO:0003223	ventricular compact myocardium morphogen...	2	2	1.6	0.6407	1	BP
GO:0042908	xenobiotic transport	2	2	1.6	0.6407	1	BP
GO:0003229	ventricular cardiac muscle tissue develo...	2	2	1.6	0.6407	1	BP
GO:0000052	citrulline metabolic process	2	2	1.6	0.6407	1	BP
GO:0003211	cardiac ventricle formation	2	2	1.6	0.6407	1	BP
GO:0046466	membrane lipid catabolic process	2	2	1.6	0.6407	1	BP
GO:1903795	regulation of inorganic anion transmembr...	2	2	1.6	0.6407	1	BP
GO:0003230	cardiac atrium development	2	2	1.6	0.6407	1	BP
GO:0060972	left/right pattern formation	2	2	1.6	0.6407	1	BP
GO:0060973	cell migration involved in heart develop...	2	2	1.6	0.6407	1	BP
GO:0060976	coronary vasculature development	2	2	1.6	0.6407	1	BP
GO:0003203	endocardial cushion morphogenesis	2	2	1.6	0.6407	1	BP
GO:0003209	cardiac atrium morphogenesis	2	2	1.6	0.6407	1	BP
GO:0099563	modification of synaptic structure	2	2	1.6	0.6407	1	BP
GO:0035283	central nervous system segmentation	2	2	1.6	0.6407	1	BP
GO:0035284	brain segmentation	2	2	1.6	0.6407	1	BP
GO:0008293	torso signaling pathway	2	2	1.6	0.6407	1	BP
GO:0070303	negative regulation of stress-activated ...	2	2	1.6	0.6407	1	BP
GO:0070306	lens fiber cell differentiation	2	2	1.6	0.6407	1	BP
GO:0032055	negative regulation of translation in re...	2	2	1.6	0.6407	1	BP
GO:0051969	regulation of transmission of nerve impu...	2	2	1.6	0.6407	1	BP
GO:0051953	negative regulation of amine transport	2	2	1.6	0.6407	1	BP
GO:0006930	substrate-dependent cell migration, cell...	2	2	1.6	0.6407	1	BP
GO:0051954	positive regulation of amine transport	2	2	1.6	0.6407	1	BP
GO:0051956	negative regulation of amino acid transp...	2	2	1.6	0.6407	1	BP
GO:0035235	ionotropic glutamate receptor signaling ...	2	2	1.6	0.6407	1	BP
GO:0033599	regulation of mammary gland epithelial c...	2	2	1.6	0.6407	1	BP
GO:0032025	response to cobalt ion	2	2	1.6	0.6407	1	BP
GO:0006901	vesicle coating	2	2	1.6	0.6407	1	BP
GO:0051926	negative regulation of calcium ion trans...	2	2	1.6	0.6407	1	BP
GO:0061383	trabecula morphogenesis	2	2	1.6	0.6407	1	BP
GO:0046167	glycerol-3-phosphate biosynthetic proces...	2	2	1.6	0.6407	1	BP
GO:1903897	regulation of PERK-mediated unfolded pro...	2	2	1.6	0.6407	1	BP
GO:0008214	protein dealkylation	2	2	1.6	0.6407	1	BP
GO:0070459	prolactin secretion	2	2	1.6	0.6407	1	BP
GO:0061318	renal filtration cell differentiation	2	2	1.6	0.6407	1	BP
GO:0035795	negative regulation of mitochondrial mem...	2	2	1.6	0.6407	1	BP
GO:0033522	histone H2A ubiquitination	2	2	1.6	0.6407	1	BP
GO:0051900	regulation of mitochondrial depolarizati...	2	2	1.6	0.6407	1	BP
GO:0046148	pigment biosynthetic process	2	2	1.6	0.6407	1	BP
GO:0008206	bile acid metabolic process	2	2	1.6	0.6407	1	BP
GO:0035767	endothelial cell chemotaxis	2	2	1.6	0.6407	1	BP
GO:1903817	negative regulation of voltage-gated pot...	2	2	1.6	0.6407	1	BP
GO:1903818	positive regulation of voltage-gated pot...	2	2	1.6	0.6407	1	BP
GO:0099624	atrial cardiac muscle cell membrane repo...	2	2	1.6	0.6407	1	BP
GO:1903845	negative regulation of cellular response...	2	2	1.6	0.6407	1	BP
GO:0030322	stabilization of membrane potential	2	2	1.6	0.6407	1	BP
GO:0044860	protein localization to plasma membrane ...	2	2	1.6	0.6407	1	BP
GO:0035722	interleukin-12-mediated signaling pathwa...	2	2	1.6	0.6407	1	BP
GO:0140353	lipid export from cell	2	2	1.6	0.6407	1	BP
GO:0140354	lipid import into cell	2	2	1.6	0.6407	1	BP
GO:0035728	response to hepatocyte growth factor	2	2	1.6	0.6407	1	BP
GO:0035729	cellular response to hepatocyte growth f...	2	2	1.6	0.6407	1	BP
GO:0044854	plasma membrane raft assembly	2	2	1.6	0.6407	1	BP
GO:0044857	plasma membrane raft organization	2	2	1.6	0.6407	1	BP
GO:0035710	CD4-positive, alpha-beta T cell activati...	2	2	1.6	0.6407	1	BP
GO:1903596	regulation of gap junction assembly	2	2	1.6	0.6407	1	BP
GO:1903598	positive regulation of gap junction asse...	2	2	1.6	0.6407	1	BP
GO:1903599	positive regulation of autophagy of mito...	2	2	1.6	0.6407	1	BP
GO:0061478	response to platelet aggregation inhibit...	2	2	1.6	0.6407	1	BP
GO:0070168	negative regulation of biomineral tissue...	2	2	1.6	0.6407	1	BP
GO:1902018	negative regulation of cilium assembly	2	2	1.6	0.6407	1	BP
GO:1902041	regulation of extrinsic apoptotic signal...	2	2	1.6	0.6407	1	BP
GO:1905208	negative regulation of cardiocyte differ...	2	2	1.6	0.6407	1	BP
GO:0106057	negative regulation of calcineurin-media...	2	2	1.6	0.6407	1	BP
GO:0061440	kidney vasculature development	2	2	1.6	0.6407	1	BP
GO:0061441	renal artery morphogenesis	2	2	1.6	0.6407	1	BP
GO:0043052	thermotaxis	2	2	1.6	0.6407	1	BP
GO:0106072	negative regulation of adenylate cyclase...	2	2	1.6	0.6407	1	BP
GO:0043056	forward locomotion	2	2	1.6	0.6407	1	BP
GO:1903580	positive regulation of ATP metabolic pro...	2	2	1.6	0.6407	1	BP
GO:0043059	regulation of forward locomotion	2	2	1.6	0.6407	1	BP
GO:0061437	renal system vasculature development	2	2	1.6	0.6407	1	BP
GO:0061438	renal system vasculature morphogenesis	2	2	1.6	0.6407	1	BP
GO:0061439	kidney vasculature morphogenesis	2	2	1.6	0.6407	1	BP
GO:1903573	negative regulation of response to endop...	2	2	1.6	0.6407	1	BP
GO:1903514	release of sequestered calcium ion into ...	2	2	1.6	0.6407	1	BP
GO:0033631	cell-cell adhesion mediated by integrin	2	2	1.6	0.6407	1	BP
GO:0035881	amacrine cell differentiation	2	2	1.6	0.6407	1	BP
GO:0072375	medium-term memory	2	2	1.6	0.6407	1	BP
GO:1900376	regulation of secondary metabolite biosy...	2	2	1.6	0.6407	1	BP
GO:1900377	negative regulation of secondary metabol...	2	2	1.6	0.6407	1	BP
GO:0035825	homologous recombination	2	2	1.6	0.6407	1	BP
GO:0072310	glomerular epithelial cell development	2	2	1.6	0.6407	1	BP
GO:0072311	glomerular epithelial cell differentiati...	2	2	1.6	0.6407	1	BP
GO:0035815	positive regulation of renal sodium excr...	2	2	1.6	0.6407	1	BP
GO:0046794	transport of virus	2	2	1.6	0.6407	1	BP
GO:0035844	cloaca development	2	2	1.6	0.6407	1	BP
GO:0075509	endocytosis involved in viral entry into...	2	2	1.6	0.6407	1	BP
GO:0070291	N-acylethanolamine metabolic process	2	2	1.6	0.6407	1	BP
GO:0010042	response to manganese ion	2	2	1.6	0.6407	1	BP
GO:0010043	response to zinc ion	2	2	1.6	0.6407	1	BP
GO:0010037	response to carbon dioxide	2	2	1.6	0.6407	1	BP
GO:0044539	long-chain fatty acid import into cell	2	2	1.6	0.6407	1	BP
GO:0070254	mucus secretion	2	2	1.6	0.6407	1	BP
GO:0070255	regulation of mucus secretion	2	2	1.6	0.6407	1	BP
GO:1905709	negative regulation of membrane permeabi...	2	2	1.6	0.6407	1	BP
GO:0007099	centriole replication	2	2	1.6	0.6407	1	BP
GO:0070286	axonemal dynein complex assembly	2	2	1.6	0.6407	1	BP
GO:0035590	purinergic nucleotide receptor signaling...	2	2	1.6	0.6407	1	BP
GO:0010002	cardioblast differentiation	2	2	1.6	0.6407	1	BP
GO:0010004	gastrulation involving germ band extensi...	2	2	1.6	0.6407	1	BP
GO:0000338	protein deneddylation	2	2	1.6	0.6407	1	BP
GO:0007063	regulation of sister chromatid cohesion	2	2	1.6	0.6407	1	BP
GO:0140192	regulation of adenylate cyclase-activati...	2	2	1.6	0.6407	1	BP
GO:0140199	negative regulation of adenylate cyclase...	2	2	1.6	0.6407	1	BP
GO:0070242	thymocyte apoptotic process	2	2	1.6	0.6407	1	BP
GO:0000305	response to oxygen radical	2	2	1.6	0.6407	1	BP
GO:0070232	regulation of T cell apoptotic process	2	2	1.6	0.6407	1	BP
GO:0070233	negative regulation of T cell apoptotic ...	2	2	1.6	0.6407	1	BP
GO:0048070	regulation of developmental pigmentation	2	2	1.6	0.6407	1	BP
GO:0035588	G protein-coupled purinergic receptor si...	2	2	1.6	0.6407	1	BP
GO:0072488	ammonium transmembrane transport	2	2	1.6	0.6407	1	BP
GO:0085029	extracellular matrix assembly	2	2	1.6	0.6407	1	BP
GO:0007020	microtubule nucleation	2	2	1.6	0.6407	1	BP
GO:0007026	negative regulation of microtubule depol...	2	2	1.6	0.6407	1	BP
GO:0048021	regulation of melanin biosynthetic proce...	2	2	1.6	0.6407	1	BP
GO:0048022	negative regulation of melanin biosynthe...	2	2	1.6	0.6407	1	BP
GO:0032364	oxygen homeostasis	2	2	1.6	0.6407	1	BP
GO:0032365	intracellular lipid transport	2	2	1.6	0.6407	1	BP
GO:1900424	regulation of defense response to bacter...	2	2	1.6	0.6407	1	BP
GO:0032366	intracellular sterol transport	2	2	1.6	0.6407	1	BP
GO:0032367	intracellular cholesterol transport	2	2	1.6	0.6407	1	BP
GO:0061299	retina vasculature morphogenesis in came...	2	2	1.6	0.6407	1	BP
GO:0007019	microtubule depolymerization	2	2	1.6	0.6407	1	BP
GO:0048047	mating behavior, sex discrimination	2	2	1.6	0.6407	1	BP
GO:0046898	response to cycloheximide	2	2	1.6	0.6407	1	BP
GO:0007035	vacuolar acidification	2	2	1.6	0.6407	1	BP
GO:1903609	negative regulation of inward rectifier ...	2	2	1.6	0.6407	1	BP
GO:0032370	positive regulation of lipid transport	2	2	1.6	0.6407	1	BP
GO:0000463	maturation of LSU-rRNA from tricistronic...	2	2	1.6	0.6407	1	BP
GO:1905819	negative regulation of chromosome separa...	2	2	1.6	0.6407	1	BP
GO:0000469	cleavage involved in rRNA processing	2	2	1.6	0.6407	1	BP
GO:0140115	export across plasma membrane	2	2	1.6	0.6407	1	BP
GO:0030101	natural killer cell activation	2	2	1.6	0.6407	1	BP
GO:0007007	inner mitochondrial membrane organizatio...	2	2	1.6	0.6407	1	BP
GO:0035502	metanephric part of ureteric bud develop...	2	2	1.6	0.6407	1	BP
GO:0046855	inositol phosphate dephosphorylation	2	2	1.6	0.6407	1	BP
GO:1900409	positive regulation of cellular response...	2	2	1.6	0.6407	1	BP
GO:0008543	fibroblast growth factor receptor signal...	2	2	1.6	0.6407	1	BP
GO:0035694	mitochondrial protein catabolic process	2	2	1.6	0.6407	1	BP
GO:0030261	chromosome condensation	2	2	1.6	0.6407	1	BP
GO:0030262	apoptotic nuclear changes	2	2	1.6	0.6407	1	BP
GO:0046844	chorion micropyle formation	2	2	1.6	0.6407	1	BP
GO:0072160	nephron tubule epithelial cell different...	2	2	1.6	0.6407	1	BP
GO:0046838	phosphorylated carbohydrate dephosphoryl...	2	2	1.6	0.6407	1	BP
GO:0030224	monocyte differentiation	2	2	1.6	0.6407	1	BP
GO:0072170	metanephric tubule development	2	2	1.6	0.6407	1	BP
GO:1900122	positive regulation of receptor binding	2	2	1.6	0.6407	1	BP
GO:0072112	podocyte differentiation	2	2	1.6	0.6407	1	BP
GO:0032481	positive regulation of type I interferon...	2	2	1.6	0.6407	1	BP
GO:0032471	negative regulation of endoplasmic retic...	2	2	1.6	0.6407	1	BP
GO:0032474	otolith morphogenesis	2	2	1.6	0.6407	1	BP
GO:0032479	regulation of type I interferon producti...	2	2	1.6	0.6407	1	BP
GO:0000154	rRNA modification	2	2	1.6	0.6407	1	BP
GO:0030201	heparan sulfate proteoglycan metabolic p...	2	2	1.6	0.6407	1	BP
GO:0030204	chondroitin sulfate metabolic process	2	2	1.6	0.6407	1	BP
GO:0035601	protein deacylation	2	2	1.6	0.6407	1	BP
GO:1900102	negative regulation of endoplasmic retic...	2	2	1.6	0.6407	1	BP
GO:0008626	granzyme-mediated apoptotic signaling pa...	2	2	1.6	0.6407	1	BP
GO:0072102	glomerulus morphogenesis	2	2	1.6	0.6407	1	BP
GO:0061771	response to caloric restriction	2	2	1.6	0.6407	1	BP
GO:1900103	positive regulation of endoplasmic retic...	2	2	1.6	0.6407	1	BP
GO:0140238	presynaptic endocytosis	2	2	1.6	0.6407	1	BP
GO:0033962	P-body assembly	2	2	1.6	0.6407	1	BP
GO:1905508	protein localization to microtubule orga...	2	2	1.6	0.6407	1	BP
GO:0070885	negative regulation of calcineurin-NFAT ...	2	2	1.6	0.6407	1	BP
GO:0008635	activation of cysteine-type endopeptidas...	2	2	1.6	0.6407	1	BP
GO:0043367	CD4-positive, alpha-beta T cell differen...	2	2	1.6	0.6407	1	BP
GO:0070875	positive regulation of glycogen metaboli...	2	2	1.6	0.6407	1	BP
GO:0000132	establishment of mitotic spindle orienta...	2	2	1.6	0.6407	1	BP
GO:0046513	ceramide biosynthetic process	2	2	1.6	0.6407	1	BP
GO:0043388	positive regulation of DNA binding	2	2	1.6	0.6407	1	BP
GO:0043370	regulation of CD4-positive, alpha-beta T...	2	2	1.6	0.6407	1	BP
GO:0043371	negative regulation of CD4-positive, alp...	2	2	1.6	0.6407	1	BP
GO:0002320	lymphoid progenitor cell differentiation	2	2	1.6	0.6407	1	BP
GO:0002328	pro-B cell differentiation	2	2	1.6	0.6407	1	BP
GO:0070849	response to epidermal growth factor	2	2	1.6	0.6407	1	BP
GO:0002312	B cell activation involved in immune res...	2	2	1.6	0.6407	1	BP
GO:0070836	caveola assembly	2	2	1.6	0.6407	1	BP
GO:0072284	metanephric S-shaped body morphogenesis	2	2	1.6	0.6407	1	BP
GO:1900274	regulation of phospholipase C activity	2	2	1.6	0.6407	1	BP
GO:0043330	response to exogenous dsRNA	2	2	1.6	0.6407	1	BP
GO:0072218	metanephric ascending thin limb developm...	2	2	1.6	0.6407	1	BP
GO:0072243	metanephric nephron epithelium developme...	2	2	1.6	0.6407	1	BP
GO:0009081	branched-chain amino acid metabolic proc...	2	2	1.6	0.6407	1	BP
GO:0043300	regulation of leukocyte degranulation	2	2	1.6	0.6407	1	BP
GO:0009083	branched-chain amino acid catabolic proc...	2	2	1.6	0.6407	1	BP
GO:0043302	positive regulation of leukocyte degranu...	2	2	1.6	0.6407	1	BP
GO:0072234	metanephric nephron tubule development	2	2	1.6	0.6407	1	BP
GO:0072235	metanephric distal tubule development	2	2	1.6	0.6407	1	BP
GO:0072236	metanephric loop of Henle development	2	2	1.6	0.6407	1	BP
GO:0021799	cerebral cortex radially oriented cell m...	2	2	1.6	0.6407	1	BP
GO:0046666	retinal cell programmed cell death	2	2	1.6	0.6407	1	BP
GO:0000289	nuclear-transcribed mRNA poly(A) tail sh...	2	2	1.6	0.6407	1	BP
GO:0043496	regulation of protein homodimerization a...	2	2	1.6	0.6407	1	BP
GO:0043497	regulation of protein heterodimerization...	2	2	1.6	0.6407	1	BP
GO:0072207	metanephric epithelium development	2	2	1.6	0.6407	1	BP
GO:1902414	protein localization to cell junction	2	2	1.6	0.6407	1	BP
GO:0015740	C4-dicarboxylate transport	2	2	1.6	0.6407	1	BP
GO:0009047	dosage compensation by hyperactivation o...	2	2	1.6	0.6407	1	BP
GO:0030890	positive regulation of B cell proliferat...	2	2	1.6	0.6407	1	BP
GO:0070584	mitochondrion morphogenesis	2	2	1.6	0.6407	1	BP
GO:0002467	germinal center formation	2	2	1.6	0.6407	1	BP
GO:0000245	spliceosomal complex assembly	2	2	1.6	0.6407	1	BP
GO:0061842	microtubule organizing center localizati...	2	2	1.6	0.6407	1	BP
GO:0046628	positive regulation of insulin receptor ...	2	2	1.6	0.6407	1	BP
GO:1903959	regulation of anion transmembrane transp...	2	2	1.6	0.6407	1	BP
GO:0043455	regulation of secondary metabolic proces...	2	2	1.6	0.6407	1	BP
GO:0032104	regulation of response to extracellular ...	2	2	1.6	0.6407	1	BP
GO:0021772	olfactory bulb development	2	2	1.6	0.6407	1	BP
GO:0032107	regulation of response to nutrient level...	2	2	1.6	0.6407	1	BP
GO:0070528	protein kinase C signaling	2	2	1.6	0.6407	1	BP
GO:0043486	histone exchange	2	2	1.6	0.6407	1	BP
GO:0043489	RNA stabilization	2	2	1.6	0.6407	1	BP
GO:0007365	periodic partitioning	2	2	1.6	0.6407	1	BP
GO:0030851	granulocyte differentiation	2	2	1.6	0.6407	1	BP
GO:0043471	regulation of cellular carbohydrate cata...	2	2	1.6	0.6407	1	BP
GO:0002479	antigen processing and presentation of e...	2	2	1.6	0.6407	1	BP
GO:0046635	positive regulation of alpha-beta T cell...	2	2	1.6	0.6407	1	BP
GO:0046636	negative regulation of alpha-beta T cell...	2	2	1.6	0.6407	1	BP
GO:0046638	positive regulation of alpha-beta T cell...	2	2	1.6	0.6407	1	BP
GO:0046639	negative regulation of alpha-beta T cell...	2	2	1.6	0.6407	1	BP
GO:0070535	histone H2A K63-linked ubiquitination	2	2	1.6	0.6407	1	BP
GO:0120305	regulation of pigmentation	2	2	1.6	0.6407	1	BP
GO:0007377	germ-band extension	2	2	1.6	0.6407	1	BP
GO:0007320	insemination	2	2	1.6	0.6407	1	BP
GO:0030813	positive regulation of nucleotide catabo...	2	2	1.6	0.6407	1	BP
GO:0007315	pole plasm assembly	2	2	1.6	0.6407	1	BP
GO:0032252	secretory granule localization	2	2	1.6	0.6407	1	BP
GO:0032253	dense core granule localization	2	2	1.6	0.6407	1	BP
GO:0021707	cerebellar granule cell differentiation	2	2	1.6	0.6407	1	BP
GO:0017001	antibiotic catabolic process	2	2	1.6	0.6407	1	BP
GO:0007339	binding of sperm to zona pellucida	2	2	1.6	0.6407	1	BP
GO:0032272	negative regulation of protein polymeriz...	2	2	1.6	0.6407	1	BP
GO:0015872	dopamine transport	2	2	1.6	0.6407	1	BP
GO:0032224	positive regulation of synaptic transmis...	2	2	1.6	0.6407	1	BP
GO:0032229	negative regulation of synaptic transmis...	2	2	1.6	0.6407	1	BP
GO:1902176	negative regulation of oxidative stress-...	2	2	1.6	0.6407	1	BP
GO:0007300	ovarian nurse cell to oocyte transport	2	2	1.6	0.6407	1	BP
GO:0007303	cytoplasmic transport, nurse cell to ooc...	2	2	1.6	0.6407	1	BP
GO:0010447	response to acidic pH	2	2	1.6	0.6407	1	BP
GO:0032230	positive regulation of synaptic transmis...	2	2	1.6	0.6407	1	BP
GO:0021860	pyramidal neuron development	2	2	1.6	0.6407	1	BP
GO:0070669	response to interleukin-2	2	2	1.6	0.6407	1	BP
GO:0021855	hypothalamus cell migration	2	2	1.6	0.6407	1	BP
GO:0007494	midgut development	2	2	1.6	0.6407	1	BP
GO:0061515	myeloid cell development	2	2	1.6	0.6407	1	BP
GO:0021859	pyramidal neuron differentiation	2	2	1.6	0.6407	1	BP
GO:0070671	response to interleukin-12	2	2	1.6	0.6407	1	BP
GO:0002183	cytoplasmic translational initiation	2	2	1.6	0.6407	1	BP
GO:0106120	positive regulation of sterol biosynthet...	2	2	1.6	0.6407	1	BP
GO:1902100	negative regulation of metaphase/anaphas...	2	2	1.6	0.6407	1	BP
GO:0030587	sorocarp development	2	2	1.6	0.6407	1	BP
GO:0007488	histoblast morphogenesis	2	2	1.6	0.6407	1	BP
GO:0070633	transepithelial transport	2	2	1.6	0.6407	1	BP
GO:0048488	synaptic vesicle endocytosis	2	2	1.6	0.6407	1	BP
GO:0030512	negative regulation of transforming grow...	2	2	1.6	0.6407	1	BP
GO:2000331	regulation of terminal button organizati...	2	2	1.6	0.6407	1	BP
GO:0030517	negative regulation of axon extension	2	2	1.6	0.6407	1	BP
GO:0032785	negative regulation of DNA-templated tra...	2	2	1.6	0.6407	1	BP
GO:0032786	positive regulation of DNA-templated tra...	2	2	1.6	0.6407	1	BP
GO:0045324	late endosome to vacuole transport	2	2	1.6	0.6407	1	BP
GO:2000300	regulation of synaptic vesicle exocytosi...	2	2	1.6	0.6407	1	BP
GO:0032770	positive regulation of monooxygenase act...	2	2	1.6	0.6407	1	BP
GO:0140527	reciprocal homologous recombination	2	2	1.6	0.6407	1	BP
GO:0030502	negative regulation of bone mineralizati...	2	2	1.6	0.6407	1	BP
GO:0045332	phospholipid translocation	2	2	1.6	0.6407	1	BP
GO:0034063	stress granule assembly	2	2	1.6	0.6407	1	BP
GO:0000820	regulation of glutamine family amino aci...	2	2	1.6	0.6407	1	BP
GO:0000821	regulation of arginine metabolic process	2	2	1.6	0.6407	1	BP
GO:0021562	vestibulocochlear nerve development	2	2	1.6	0.6407	1	BP
GO:0034059	response to anoxia	2	2	1.6	0.6407	1	BP
GO:0021554	optic nerve development	2	2	1.6	0.6407	1	BP
GO:0061614	miRNA transcription	2	2	1.6	0.6407	1	BP
GO:0048194	Golgi vesicle budding	2	2	1.6	0.6407	1	BP
GO:0050798	activated T cell proliferation	2	2	1.6	0.6407	1	BP
GO:0048199	vesicle targeting, to, from or within Go...	2	2	1.6	0.6407	1	BP
GO:0065001	specification of axis polarity	2	2	1.6	0.6407	1	BP
GO:0140507	granzyme-mediated programmed cell death ...	2	2	1.6	0.6407	1	BP
GO:0021527	spinal cord association neuron different...	2	2	1.6	0.6407	1	BP
GO:0050766	positive regulation of phagocytosis	2	2	1.6	0.6407	1	BP
GO:0002220	innate immune response activating cell s...	2	2	1.6	0.6407	1	BP
GO:0021516	dorsal spinal cord development	2	2	1.6	0.6407	1	BP
GO:0048150	behavioral response to ether	2	2	1.6	0.6407	1	BP
GO:0002223	stimulatory C-type lectin receptor signa...	2	2	1.6	0.6407	1	BP
GO:0019065	receptor-mediated endocytosis of virus b...	2	2	1.6	0.6407	1	BP
GO:0021546	rhombomere development	2	2	1.6	0.6407	1	BP
GO:0009395	phospholipid catabolic process	2	2	1.6	0.6407	1	BP
GO:0019054	modulation by virus of host cellular pro...	2	2	1.6	0.6407	1	BP
GO:0007172	signal complex assembly	2	2	1.6	0.6407	1	BP
GO:0021535	cell migration in hindbrain	2	2	1.6	0.6407	1	BP
GO:0007176	regulation of epidermal growth factor-ac...	2	2	1.6	0.6407	1	BP
GO:0043242	negative regulation of protein-containin...	2	2	1.6	0.6407	1	BP
GO:0045454	cell redox homeostasis	2	2	1.6	0.6407	1	BP
GO:0010269	response to selenium ion	2	2	1.6	0.6407	1	BP
GO:0050729	positive regulation of inflammatory resp...	2	2	1.6	0.6407	1	BP
GO:0040021	hermaphrodite germ-line sex determinatio...	2	2	1.6	0.6407	1	BP
GO:0045472	response to ether	2	2	1.6	0.6407	1	BP
GO:0048146	positive regulation of fibroblast prolif...	2	2	1.6	0.6407	1	BP
GO:0007131	reciprocal meiotic recombination	2	2	1.6	0.6407	1	BP
GO:0032885	regulation of polysaccharide biosyntheti...	2	2	1.6	0.6407	1	BP
GO:0032887	regulation of spindle elongation	2	2	1.6	0.6407	1	BP
GO:2000403	positive regulation of lymphocyte migrat...	2	2	1.6	0.6407	1	BP
GO:0032873	negative regulation of stress-activated ...	2	2	1.6	0.6407	1	BP
GO:0072531	pyrimidine-containing compound transmemb...	2	2	1.6	0.6407	1	BP
GO:0032875	regulation of DNA endoreduplication	2	2	1.6	0.6407	1	BP
GO:0032876	negative regulation of DNA endoreduplica...	2	2	1.6	0.6407	1	BP
GO:0019048	modulation by virus of host process	2	2	1.6	0.6407	1	BP
GO:0002792	negative regulation of peptide secretion	2	2	1.6	0.6407	1	BP
GO:0009311	oligosaccharide metabolic process	2	2	1.6	0.6407	1	BP
GO:0032847	regulation of cellular pH reduction	2	2	1.6	0.6407	1	BP
GO:0032849	positive regulation of cellular pH reduc...	2	2	1.6	0.6407	1	BP
GO:0005981	regulation of glycogen catabolic process	2	2	1.6	0.6407	1	BP
GO:1902742	apoptotic process involved in developmen...	2	2	1.6	0.6407	1	BP
GO:0005979	regulation of glycogen biosynthetic proc...	2	2	1.6	0.6407	1	BP
GO:0002762	negative regulation of myeloid leukocyte...	2	2	1.6	0.6407	1	BP
GO:0021681	cerebellar granular layer development	2	2	1.6	0.6407	1	BP
GO:0021683	cerebellar granular layer morphogenesis	2	2	1.6	0.6407	1	BP
GO:0021684	cerebellar granular layer formation	2	2	1.6	0.6407	1	BP
GO:0072698	protein localization to microtubule cyto...	2	2	1.6	0.6407	1	BP
GO:0009303	rRNA transcription	2	2	1.6	0.6407	1	BP
GO:0007260	tyrosine phosphorylation of STAT protein	2	2	1.6	0.6407	1	BP
GO:0007263	nitric oxide mediated signal transductio...	2	2	1.6	0.6407	1	BP
GO:0048261	negative regulation of receptor-mediated...	2	2	1.6	0.6407	1	BP
GO:0045198	establishment of epithelial cell apical/...	2	2	1.6	0.6407	1	BP
GO:0048265	response to pain	2	2	1.6	0.6407	1	BP
GO:2000178	negative regulation of neural precursor ...	2	2	1.6	0.6407	1	BP
GO:0050854	regulation of antigen receptor-mediated ...	2	2	1.6	0.6407	1	BP
GO:0048255	mRNA stabilization	2	2	1.6	0.6407	1	BP
GO:0032594	protein transport within lipid bilayer	2	2	1.6	0.6407	1	BP
GO:0050884	neuromuscular process controlling postur...	2	2	1.6	0.6407	1	BP
GO:0021631	optic nerve morphogenesis	2	2	1.6	0.6407	1	BP
GO:0021633	optic nerve structural organization	2	2	1.6	0.6407	1	BP
GO:0045167	asymmetric protein localization involved...	2	2	1.6	0.6407	1	BP
GO:1902893	regulation of miRNA transcription	2	2	1.6	0.6407	1	BP
GO:1902895	positive regulation of miRNA transcripti...	2	2	1.6	0.6407	1	BP
GO:0046900	tetrahydrofolylpolyglutamate metabolic p...	2	2	1.6	0.6407	1	BP
GO:1904036	negative regulation of epithelial cell a...	2	2	1.6	0.6407	1	BP
GO:0072678	T cell migration	2	2	1.6	0.6407	1	BP
GO:1904037	positive regulation of epithelial cell a...	2	2	1.6	0.6407	1	BP
GO:0007211	octopamine or tyramine signaling pathway	2	2	1.6	0.6407	1	BP
GO:0010751	negative regulation of nitric oxide medi...	2	2	1.6	0.6407	1	BP
GO:0007217	tachykinin receptor signaling pathway	2	2	1.6	0.6407	1	BP
GO:0045175	basal protein localization	2	2	1.6	0.6407	1	BP
GO:0009453	energy taxis	2	2	1.6	0.6407	1	BP
GO:1902866	regulation of retina development in came...	2	2	1.6	0.6407	1	BP
GO:0002705	positive regulation of leukocyte mediate...	2	2	1.6	0.6407	1	BP
GO:1902855	regulation of non-motile cilium assembly	2	2	1.6	0.6407	1	BP
GO:1902857	positive regulation of non-motile cilium...	2	2	1.6	0.6407	1	BP
GO:0031000	response to caffeine	2	2	1.6	0.6407	1	BP
GO:1902884	positive regulation of response to oxida...	2	2	1.6	0.6407	1	BP
GO:0010712	regulation of collagen metabolic process	2	2	1.6	0.6407	1	BP
GO:0010715	regulation of extracellular matrix disas...	2	2	1.6	0.6407	1	BP
GO:0010718	positive regulation of epithelial to mes...	2	2	1.6	0.6407	1	BP
GO:0007202	activation of phospholipase C activity	2	2	1.6	0.6407	1	BP
GO:0007205	protein kinase C-activating G protein-co...	2	2	1.6	0.6407	1	BP
GO:1990034	calcium ion export across plasma membran...	2	2	1.6	0.6407	1	BP
GO:0010749	regulation of nitric oxide mediated sign...	2	2	1.6	0.6407	1	BP
GO:0048207	vesicle targeting, rough ER to cis-Golgi	2	2	1.6	0.6407	1	BP
GO:0048208	COPII vesicle coating	2	2	1.6	0.6407	1	BP
GO:0090084	negative regulation of inclusion body as...	2	2	1.6	0.6407	1	BP
GO:0090085	regulation of protein deubiquitination	2	2	1.6	0.6407	1	BP
GO:1901099	negative regulation of signal transducti...	2	2	1.6	0.6407	1	BP
GO:0090077	foam cell differentiation	2	2	1.6	0.6407	1	BP
GO:0070988	demethylation	2	2	1.6	0.6407	1	BP
GO:2000282	regulation of cellular amino acid biosyn...	2	2	1.6	0.6407	1	BP
GO:2000283	negative regulation of cellular amino ac...	2	2	1.6	0.6407	1	BP
GO:1901068	guanosine-containing compound metabolic ...	2	2	1.6	0.6407	1	BP
GO:1902803	regulation of synaptic vesicle transport	2	2	1.6	0.6407	1	BP
GO:0045299	otolith mineralization	2	2	1.6	0.6407	1	BP
GO:1902808	positive regulation of cell cycle G1/S p...	2	2	1.6	0.6407	1	BP
GO:0070918	small regulatory ncRNA processing	2	2	1.6	0.6407	1	BP
GO:0090036	regulation of protein kinase C signaling	2	2	1.6	0.6407	1	BP
GO:0048752	semicircular canal morphogenesis	2	2	1.6	0.6407	1	BP
GO:0009190	cyclic nucleotide biosynthetic process	2	2	1.6	0.6407	1	BP
GO:0070935	3'-UTR-mediated mRNA stabilization	2	2	1.6	0.6407	1	BP
GO:2000242	negative regulation of reproductive proc...	2	2	1.6	0.6407	1	BP
GO:1901020	negative regulation of calcium ion trans...	2	2	1.6	0.6407	1	BP
GO:0010863	positive regulation of phospholipase C a...	2	2	1.6	0.6407	1	BP
GO:1901017	negative regulation of potassium ion tra...	2	2	1.6	0.6407	1	BP
GO:1901018	positive regulation of potassium ion tra...	2	2	1.6	0.6407	1	BP
GO:0048710	regulation of astrocyte differentiation	2	2	1.6	0.6407	1	BP
GO:0036010	protein localization to endosome	2	2	1.6	0.6407	1	BP
GO:0010880	regulation of release of sequestered cal...	2	2	1.6	0.6407	1	BP
GO:0010884	positive regulation of lipid storage	2	2	1.6	0.6407	1	BP
GO:0071391	cellular response to estrogen stimulus	2	2	1.6	0.6407	1	BP
GO:0071394	cellular response to testosterone stimul...	2	2	1.6	0.6407	1	BP
GO:0071398	cellular response to fatty acid	2	2	1.6	0.6407	1	BP
GO:0010826	negative regulation of centrosome duplic...	2	2	1.6	0.6407	1	BP
GO:0045217	cell-cell junction maintenance	2	2	1.6	0.6407	1	BP
GO:0034394	protein localization to cell surface	2	2	1.6	0.6407	1	BP
GO:0071360	cellular response to exogenous dsRNA	2	2	1.6	0.6407	1	BP
GO:0071364	cellular response to epidermal growth fa...	2	2	1.6	0.6407	1	BP
GO:0042026	protein refolding	2	2	1.6	0.6407	1	BP
GO:0071352	cellular response to interleukin-2	2	2	1.6	0.6407	1	BP
GO:0032637	interleukin-8 production	2	2	1.6	0.6407	1	BP
GO:0071386	cellular response to corticosterone stim...	2	2	1.6	0.6407	1	BP
GO:0071389	cellular response to mineralocorticoid s...	2	2	1.6	0.6407	1	BP
GO:0042044	fluid transport	2	2	1.6	0.6407	1	BP
GO:0042045	epithelial fluid transport	2	2	1.6	0.6407	1	BP
GO:0034381	plasma lipoprotein particle clearance	2	2	1.6	0.6407	1	BP
GO:0071377	cellular response to glucagon stimulus	2	2	1.6	0.6407	1	BP
GO:0071378	cellular response to growth hormone stim...	2	2	1.6	0.6407	1	BP
GO:0017158	regulation of calcium ion-dependent exoc...	2	2	1.6	0.6407	1	BP
GO:2000766	negative regulation of cytoplasmic trans...	2	2	1.6	0.6407	1	BP
GO:0010800	positive regulation of peptidyl-threonin...	2	2	1.6	0.6407	1	BP
GO:0010803	regulation of tumor necrosis factor-medi...	2	2	1.6	0.6407	1	BP
GO:2000758	positive regulation of peptidyl-lysine a...	2	2	1.6	0.6407	1	BP
GO:0043558	regulation of translational initiation i...	2	2	1.6	0.6407	1	BP
GO:0032606	type I interferon production	2	2	1.6	0.6407	1	BP
GO:0071315	cellular response to morphine	2	2	1.6	0.6407	1	BP
GO:0071317	cellular response to isoquinoline alkalo...	2	2	1.6	0.6407	1	BP
GO:0030953	astral microtubule organization	2	2	1.6	0.6407	1	BP
GO:0071349	cellular response to interleukin-12	2	2	1.6	0.6407	1	BP
GO:0050650	chondroitin sulfate proteoglycan biosynt...	2	2	1.6	0.6407	1	BP
GO:0042006	masculinization of hermaphroditic germ-l...	2	2	1.6	0.6407	1	BP
GO:0050654	chondroitin sulfate proteoglycan metabol...	2	2	1.6	0.6407	1	BP
GO:0048854	brain morphogenesis	2	2	1.6	0.6407	1	BP
GO:0034331	cell junction maintenance	2	2	1.6	0.6407	1	BP
GO:0034334	adherens junction maintenance	2	2	1.6	0.6407	1	BP
GO:0050688	regulation of defense response to virus	2	2	1.6	0.6407	1	BP
GO:0060065	uterus development	2	2	1.6	0.6407	1	BP
GO:0060068	vagina development	2	2	1.6	0.6407	1	BP
GO:0045763	negative regulation of cellular amino ac...	2	2	1.6	0.6407	1	BP
GO:0019370	leukotriene biosynthetic process	2	2	1.6	0.6407	1	BP
GO:2000737	negative regulation of stem cell differe...	2	2	1.6	0.6407	1	BP
GO:0019377	glycolipid catabolic process	2	2	1.6	0.6407	1	BP
GO:0009261	ribonucleotide catabolic process	2	2	1.6	0.6407	1	BP
GO:0030947	regulation of vascular endothelial growt...	2	2	1.6	0.6407	1	BP
GO:0060074	synapse maturation	2	2	1.6	0.6407	1	BP
GO:0048842	positive regulation of axon extension in...	2	2	1.6	0.6407	1	BP
GO:1902656	calcium ion import into cytosol	2	2	1.6	0.6407	1	BP
GO:0010523	negative regulation of calcium ion trans...	2	2	1.6	0.6407	1	BP
GO:0045740	positive regulation of DNA replication	2	2	1.6	0.6407	1	BP
GO:0060039	pericardium development	2	2	1.6	0.6407	1	BP
GO:0002690	positive regulation of leukocyte chemota...	2	2	1.6	0.6407	1	BP
GO:0048800	antennal morphogenesis	2	2	1.6	0.6407	1	BP
GO:0071464	cellular response to hydrostatic pressur...	2	2	1.6	0.6407	1	BP
GO:0071468	cellular response to acidic pH	2	2	1.6	0.6407	1	BP
GO:0071480	cellular response to gamma radiation	2	2	1.6	0.6407	1	BP
GO:0015949	nucleobase-containing small molecule int...	2	2	1.6	0.6407	1	BP
GO:0006072	glycerol-3-phosphate metabolic process	2	2	1.6	0.6407	1	BP
GO:0021955	central nervous system neuron axonogenes...	2	2	1.6	0.6407	1	BP
GO:0071470	cellular response to osmotic stress	2	2	1.6	0.6407	1	BP
GO:0010501	RNA secondary structure unwinding	2	2	1.6	0.6407	1	BP
GO:0021988	olfactory lobe development	2	2	1.6	0.6407	1	BP
GO:0043653	mitochondrial fragmentation involved in ...	2	2	1.6	0.6407	1	BP
GO:0021978	telencephalon regionalization	2	2	1.6	0.6407	1	BP
GO:0098732	macromolecule deacylation	2	2	1.6	0.6407	1	BP
GO:0098736	negative regulation of the force of hear...	2	2	1.6	0.6407	1	BP
GO:0007566	embryo implantation	2	2	1.6	0.6407	1	BP
GO:1904376	negative regulation of protein localizat...	2	2	1.6	0.6407	1	BP
GO:0045898	regulation of RNA polymerase II transcri...	2	2	1.6	0.6407	1	BP
GO:0045899	positive regulation of RNA polymerase II...	2	2	1.6	0.6407	1	BP
GO:0014067	negative regulation of phosphatidylinosi...	2	2	1.6	0.6407	1	BP
GO:0014068	positive regulation of phosphatidylinosi...	2	2	1.6	0.6407	1	BP
GO:1904321	response to forskolin	2	2	1.6	0.6407	1	BP
GO:1904322	cellular response to forskolin	2	2	1.6	0.6407	1	BP
GO:0014050	negative regulation of glutamate secreti...	2	2	1.6	0.6407	1	BP
GO:0010692	regulation of alkaline phosphatase activ...	2	2	1.6	0.6407	1	BP
GO:0048550	negative regulation of pinocytosis	2	2	1.6	0.6407	1	BP
GO:0010694	positive regulation of alkaline phosphat...	2	2	1.6	0.6407	1	BP
GO:0051085	chaperone cofactor-dependent protein ref...	2	2	1.6	0.6407	1	BP
GO:0014055	acetylcholine secretion, neurotransmissi...	2	2	1.6	0.6407	1	BP
GO:0014056	regulation of acetylcholine secretion, n...	2	2	1.6	0.6407	1	BP
GO:0014059	regulation of dopamine secretion	2	2	1.6	0.6407	1	BP
GO:0043619	regulation of transcription from RNA pol...	2	2	1.6	0.6407	1	BP
GO:0014075	response to amine	2	2	1.6	0.6407	1	BP
GO:0045851	pH reduction	2	2	1.6	0.6407	1	BP
GO:0010661	positive regulation of muscle cell apopt...	2	2	1.6	0.6407	1	BP
GO:0010662	regulation of striated muscle cell apopt...	2	2	1.6	0.6407	1	BP
GO:0010665	regulation of cardiac muscle cell apopto...	2	2	1.6	0.6407	1	BP
GO:0002634	regulation of germinal center formation	2	2	1.6	0.6407	1	BP
GO:0071404	cellular response to low-density lipopro...	2	2	1.6	0.6407	1	BP
GO:0007512	adult heart development	2	2	1.6	0.6407	1	BP
GO:0051043	regulation of membrane protein ectodomai...	2	2	1.6	0.6407	1	BP
GO:0051044	positive regulation of membrane protein ...	2	2	1.6	0.6407	1	BP
GO:0014014	negative regulation of gliogenesis	2	2	1.6	0.6407	1	BP
GO:0010658	striated muscle cell apoptotic process	2	2	1.6	0.6407	1	BP
GO:0010659	cardiac muscle cell apoptotic process	2	2	1.6	0.6407	1	BP
GO:0007549	dosage compensation	2	2	1.6	0.6407	1	BP
GO:0014046	dopamine secretion	2	2	1.6	0.6407	1	BP
GO:0048548	regulation of pinocytosis	2	2	1.6	0.6407	1	BP
GO:0045821	positive regulation of glycolytic proces...	2	2	1.6	0.6407	1	BP
GO:0045822	negative regulation of heart contraction	2	2	1.6	0.6407	1	BP
GO:0051000	positive regulation of nitric-oxide synt...	2	2	1.6	0.6407	1	BP
GO:0045842	positive regulation of mitotic metaphase...	2	2	1.6	0.6407	1	BP
GO:0010612	regulation of cardiac muscle adaptation	2	2	1.6	0.6407	1	BP
GO:0010614	negative regulation of cardiac muscle hy...	2	2	1.6	0.6407	1	BP
GO:0010616	negative regulation of cardiac muscle ad...	2	2	1.6	0.6407	1	BP
GO:0009726	detection of endogenous stimulus	2	2	1.6	0.6407	1	BP
GO:0014002	astrocyte development	2	2	1.6	0.6407	1	BP
GO:0045835	negative regulation of meiotic nuclear d...	2	2	1.6	0.6407	1	BP
GO:0010649	regulation of cell communication by elec...	2	2	1.6	0.6407	1	BP
GO:0010635	regulation of mitochondrial fusion	2	2	1.6	0.6407	1	BP
GO:0019401	alditol biosynthetic process	2	2	1.6	0.6407	1	BP
GO:0098814	spontaneous synaptic transmission	2	2	1.6	0.6407	1	BP
GO:0090326	positive regulation of locomotion involv...	2	2	1.6	0.6407	1	BP
GO:0034123	positive regulation of toll-like recepto...	2	2	1.6	0.6407	1	BP
GO:0034141	positive regulation of toll-like recepto...	2	2	1.6	0.6407	1	BP
GO:1901380	negative regulation of potassium ion tra...	2	2	1.6	0.6407	1	BP
GO:0097065	anterior head development	2	2	1.6	0.6407	1	BP
GO:2000514	regulation of CD4-positive, alpha-beta T...	2	2	1.6	0.6407	1	BP
GO:0034138	toll-like receptor 3 signaling pathway	2	2	1.6	0.6407	1	BP
GO:2000515	negative regulation of CD4-positive, alp...	2	2	1.6	0.6407	1	BP
GO:0034139	regulation of toll-like receptor 3 signa...	2	2	1.6	0.6407	1	BP
GO:0097050	type B pancreatic cell apoptotic process	2	2	1.6	0.6407	1	BP
GO:0007620	copulation	2	2	1.6	0.6407	1	BP
GO:0045581	negative regulation of T cell differenti...	2	2	1.6	0.6407	1	BP
GO:0045582	positive regulation of T cell differenti...	2	2	1.6	0.6407	1	BP
GO:0007615	anesthesia-resistant memory	2	2	1.6	0.6407	1	BP
GO:0034105	positive regulation of tissue remodeling	2	2	1.6	0.6407	1	BP
GO:0045576	mast cell activation	2	2	1.6	0.6407	1	BP
GO:0052652	cyclic purine nucleotide metabolic proce...	2	2	1.6	0.6407	1	BP
GO:1901334	lactone metabolic process	2	2	1.6	0.6407	1	BP
GO:0007637	proboscis extension reflex	2	2	1.6	0.6407	1	BP
GO:0032922	circadian regulation of gene expression	2	2	1.6	0.6407	1	BP
GO:0032928	regulation of superoxide anion generatio...	2	2	1.6	0.6407	1	BP
GO:0045542	positive regulation of cholesterol biosy...	2	2	1.6	0.6407	1	BP
GO:0097035	regulation of membrane lipid distributio...	2	2	1.6	0.6407	1	BP
GO:0032915	positive regulation of transforming grow...	2	2	1.6	0.6407	1	BP
GO:0007603	phototransduction, visible light	2	2	1.6	0.6407	1	BP
GO:0039694	viral RNA genome replication	2	2	1.6	0.6407	1	BP
GO:0036303	lymph vessel morphogenesis	2	2	1.6	0.6407	1	BP
GO:0034260	negative regulation of GTPase activity	2	2	1.6	0.6407	1	BP
GO:0071257	cellular response to electrical stimulus	2	2	1.6	0.6407	1	BP
GO:0052646	alditol phosphate metabolic process	2	2	1.6	0.6407	1	BP
GO:0071286	cellular response to magnesium ion	2	2	1.6	0.6407	1	BP
GO:0050995	negative regulation of lipid catabolic p...	2	2	1.6	0.6407	1	BP
GO:0071279	cellular response to cobalt ion	2	2	1.6	0.6407	1	BP
GO:0036490	regulation of translation in response to...	2	2	1.6	0.6407	1	BP
GO:0042331	phototaxis	2	2	1.6	0.6407	1	BP
GO:0042332	gravitaxis	2	2	1.6	0.6407	1	BP
GO:0031163	metallo-sulfur cluster assembly	2	2	1.6	0.6407	1	BP
GO:0071222	cellular response to lipopolysaccharide	2	2	1.6	0.6407	1	BP
GO:0036498	IRE1-mediated unfolded protein response	2	2	1.6	0.6407	1	BP
GO:0031152	aggregation involved in sorocarp develop...	2	2	1.6	0.6407	1	BP
GO:0098534	centriole assembly	2	2	1.6	0.6407	1	BP
GO:0071243	cellular response to arsenic-containing ...	2	2	1.6	0.6407	1	BP
GO:0071244	cellular response to carbon dioxide	2	2	1.6	0.6407	1	BP
GO:2000674	regulation of type B pancreatic cell apo...	2	2	1.6	0.6407	1	BP
GO:2000677	regulation of transcription regulatory r...	2	2	1.6	0.6407	1	BP
GO:0036465	synaptic vesicle recycling	2	2	1.6	0.6407	1	BP
GO:0042304	regulation of fatty acid biosynthetic pr...	2	2	1.6	0.6407	1	BP
GO:0034243	regulation of transcription elongation b...	2	2	1.6	0.6407	1	BP
GO:0036480	neuron intrinsic apoptotic signaling pat...	2	2	1.6	0.6407	1	BP
GO:2000618	regulation of histone H4-K16 acetylation	2	2	1.6	0.6407	1	BP
GO:0045662	negative regulation of myoblast differen...	2	2	1.6	0.6407	1	BP
GO:0031114	regulation of microtubule depolymerizati...	2	2	1.6	0.6407	1	BP
GO:0060350	endochondral bone morphogenesis	2	2	1.6	0.6407	1	BP
GO:0060352	cell adhesion molecule production	2	2	1.6	0.6407	1	BP
GO:0060353	regulation of cell adhesion molecule pro...	2	2	1.6	0.6407	1	BP
GO:0060355	positive regulation of cell adhesion mol...	2	2	1.6	0.6407	1	BP
GO:2000630	positive regulation of miRNA metabolic p...	2	2	1.6	0.6407	1	BP
GO:0050911	detection of chemical stimulus involved ...	2	2	1.6	0.6407	1	BP
GO:0050912	detection of chemical stimulus involved ...	2	2	1.6	0.6407	1	BP
GO:0050913	sensory perception of bitter taste	2	2	1.6	0.6407	1	BP
GO:0045687	positive regulation of glial cell differ...	2	2	1.6	0.6407	1	BP
GO:0034204	lipid translocation	2	2	1.6	0.6407	1	BP
GO:0060372	regulation of atrial cardiac muscle cell...	2	2	1.6	0.6407	1	BP
GO:0016056	rhodopsin mediated signaling pathway	2	2	1.6	0.6407	1	BP
GO:0045620	negative regulation of lymphocyte differ...	2	2	1.6	0.6407	1	BP
GO:0045621	positive regulation of lymphocyte differ...	2	2	1.6	0.6407	1	BP
GO:0090199	regulation of release of cytochrome c fr...	2	2	1.6	0.6407	1	BP
GO:0016080	synaptic vesicle targeting	2	2	1.6	0.6407	1	BP
GO:0060314	regulation of ryanodine-sensitive calciu...	2	2	1.6	0.6407	1	BP
GO:0060315	negative regulation of ryanodine-sensiti...	2	2	1.6	0.6407	1	BP
GO:0019240	citrulline biosynthetic process	2	2	1.6	0.6407	1	BP
GO:0045616	regulation of keratinocyte differentiati...	2	2	1.6	0.6407	1	BP
GO:1904294	positive regulation of ERAD pathway	2	2	1.6	0.6407	1	BP
GO:0090153	regulation of sphingolipid biosynthetic ...	2	2	1.6	0.6407	1	BP
GO:0042428	serotonin metabolic process	2	2	1.6	0.6407	1	BP
GO:1902946	protein localization to early endosome	2	2	1.6	0.6407	1	BP
GO:1904262	negative regulation of TORC1 signaling	2	2	1.6	0.6407	1	BP
GO:1902932	positive regulation of alcohol biosynthe...	2	2	1.6	0.6407	1	BP
GO:2001054	negative regulation of mesenchymal cell ...	2	2	1.6	0.6407	1	BP
GO:0071722	detoxification of arsenic-containing sub...	2	2	1.6	0.6407	1	BP
GO:0042438	melanin biosynthetic process	2	2	1.6	0.6407	1	BP
GO:0042439	ethanolamine-containing compound metabol...	2	2	1.6	0.6407	1	BP
GO:0031268	pseudopodium organization	2	2	1.6	0.6407	1	BP
GO:0090110	COPII-coated vesicle cargo loading	2	2	1.6	0.6407	1	BP
GO:0090114	COPII-coated vesicle budding	2	2	1.6	0.6407	1	BP
GO:1901160	primary amino compound metabolic process	2	2	1.6	0.6407	1	BP
GO:0098630	aggregation of unicellular organisms	2	2	1.6	0.6407	1	BP
GO:0034728	nucleosome organization	2	2	1.6	0.6407	1	BP
GO:0002921	negative regulation of humoral immune re...	2	2	1.6	0.6407	1	BP
GO:2001044	regulation of integrin-mediated signalin...	2	2	1.6	0.6407	1	BP
GO:0010962	regulation of glucan biosynthetic proces...	2	2	1.6	0.6407	1	BP
GO:1990255	subsynaptic reticulum organization	2	2	1.6	0.6407	1	BP
GO:0051340	regulation of ligase activity	2	2	1.6	0.6407	1	BP
GO:0047496	vesicle transport along microtubule	2	2	1.6	0.6407	1	BP
GO:0047497	mitochondrion transport along microtubul...	2	2	1.6	0.6407	1	BP
GO:0036149	phosphatidylinositol acyl-chain remodeli...	2	2	1.6	0.6407	1	BP
GO:0060413	atrial septum morphogenesis	2	2	1.6	0.6407	1	BP
GO:0010922	positive regulation of phosphatase activ...	2	2	1.6	0.6407	1	BP
GO:0060446	branching involved in open tracheal syst...	2	2	1.6	0.6407	1	BP
GO:0099054	presynapse assembly	2	2	1.6	0.6407	1	BP
GO:0006465	signal peptide processing	2	2	1.6	0.6407	1	BP
GO:0060438	trachea development	2	2	1.6	0.6407	1	BP
GO:0006482	protein demethylation	2	2	1.6	0.6407	1	BP
GO:0090259	regulation of retinal ganglion cell axon...	2	2	1.6	0.6407	1	BP
GO:0099024	plasma membrane invagination	2	2	1.6	0.6407	1	BP
GO:0042116	macrophage activation	2	2	1.6	0.6407	1	BP
GO:0071871	response to epinephrine	2	2	1.6	0.6407	1	BP
GO:0071872	cellular response to epinephrine stimulu...	2	2	1.6	0.6407	1	BP
GO:0090278	negative regulation of peptide hormone s...	2	2	1.6	0.6407	1	BP
GO:0071878	negative regulation of adenylate cyclase...	2	2	1.6	0.6407	1	BP
GO:1904752	regulation of vascular associated smooth...	2	2	1.6	0.6407	1	BP
GO:0019896	axonal transport of mitochondrion	2	2	1.6	0.6407	1	BP
GO:0006446	regulation of translational initiation	2	2	1.6	0.6407	1	BP
GO:1990791	dorsal root ganglion development	2	2	1.6	0.6407	1	BP
GO:0036260	RNA capping	2	2	1.6	0.6407	1	BP
GO:0090239	regulation of histone H4 acetylation	2	2	1.6	0.6407	1	BP
GO:0060161	positive regulation of dopamine receptor...	2	2	1.6	0.6407	1	BP
GO:0097366	response to bronchodilator	2	2	1.6	0.6407	1	BP
GO:0019852	L-ascorbic acid metabolic process	2	2	1.6	0.6407	1	BP
GO:0036270	response to diuretic	2	2	1.6	0.6407	1	BP
GO:0090200	positive regulation of release of cytoch...	2	2	1.6	0.6407	1	BP
GO:0060159	regulation of dopamine receptor signalin...	2	2	1.6	0.6407	1	BP
GO:0090205	positive regulation of cholesterol metab...	2	2	1.6	0.6407	1	BP
GO:1904738	vascular associated smooth muscle cell m...	2	2	1.6	0.6407	1	BP
GO:0060180	female mating behavior	2	2	1.6	0.6407	1	BP
GO:0071806	protein transmembrane transport	2	2	1.6	0.6407	1	BP
GO:0051447	negative regulation of meiotic cell cycl...	2	2	1.6	0.6407	1	BP
GO:0150003	regulation of spontaneous synaptic trans...	2	2	1.6	0.6407	1	BP
GO:1904706	negative regulation of vascular associat...	2	2	1.6	0.6407	1	BP
GO:1901201	regulation of extracellular matrix assem...	2	2	1.6	0.6407	1	BP
GO:1901203	positive regulation of extracellular mat...	2	2	1.6	0.6407	1	BP
GO:0042274	ribosomal small subunit biogenesis	2	2	1.6	0.6407	1	BP
GO:0034587	piRNA metabolic process	2	2	1.6	0.6407	1	BP
GO:0006114	glycerol biosynthetic process	2	2	1.6	0.6407	1	BP
GO:0033003	regulation of mast cell activation	2	2	1.6	0.6407	1	BP
GO:0051154	negative regulation of striated muscle c...	2	2	1.6	0.6407	1	BP
GO:0071545	inositol phosphate catabolic process	2	2	1.6	0.6407	1	BP
GO:0071539	protein localization to centrosome	2	2	1.6	0.6407	1	BP
GO:0060250	germ-line stem-cell niche homeostasis	2	2	1.6	0.6407	1	BP
GO:1990868	response to chemokine	2	2	1.6	0.6407	1	BP
GO:0060252	positive regulation of glial cell prolif...	2	2	1.6	0.6407	1	BP
GO:1990869	cellular response to chemokine	2	2	1.6	0.6407	1	BP
GO:0097475	motor neuron migration	2	2	1.6	0.6407	1	BP
GO:0045987	positive regulation of smooth muscle con...	2	2	1.6	0.6407	1	BP
GO:0051148	negative regulation of muscle cell diffe...	2	2	1.6	0.6407	1	BP
GO:0045988	negative regulation of striated muscle c...	2	2	1.6	0.6407	1	BP
GO:0045977	positive regulation of mitotic cell cycl...	2	2	1.6	0.6407	1	BP
GO:0001765	membrane raft assembly	2	2	1.6	0.6407	1	BP
GO:1903069	regulation of ER-associated ubiquitin-de...	2	2	1.6	0.6407	1	BP
GO:0097411	hypoxia-inducible factor-1alpha signalin...	2	2	1.6	0.6407	1	BP
GO:0045924	regulation of female receptivity	2	2	1.6	0.6407	1	BP
GO:1903055	positive regulation of extracellular mat...	2	2	1.6	0.6407	1	BP
GO:0060216	definitive hemopoiesis	2	2	1.6	0.6407	1	BP
GO:0060218	hematopoietic stem cell differentiation	2	2	1.6	0.6407	1	BP
GO:0001757	somite specification	2	2	1.6	0.6407	1	BP
GO:0034694	response to prostaglandin	2	2	1.6	0.6407	1	BP
GO:0034695	response to prostaglandin E	2	2	1.6	0.6407	1	BP
GO:0071705	nitrogen compound transport	116	92	92.87	0.642	1	BP
GO:0048732	gland development	48	38	38.43	0.6465	1	BP
GO:1901888	regulation of cell junction assembly	29	23	23.22	0.6476	1	BP
GO:0016236	macroautophagy	29	23	23.22	0.6476	1	BP
GO:0048592	eye morphogenesis	29	23	23.22	0.6476	1	BP
GO:0010506	regulation of autophagy	29	23	23.22	0.6476	1	BP
GO:1901564	organonitrogen compound metabolic proces...	322	261	257.79	0.6506	1	BP
GO:0022406	membrane docking	15	12	12.01	0.651	1	BP
GO:0031960	response to corticosteroid	15	12	12.01	0.651	1	BP
GO:0061025	membrane fusion	15	12	12.01	0.651	1	BP
GO:0140056	organelle localization by membrane tethe...	15	12	12.01	0.651	1	BP
GO:0061326	renal tubule development	15	12	12.01	0.651	1	BP
GO:0030336	negative regulation of cell migration	15	12	12.01	0.651	1	BP
GO:0030308	negative regulation of cell growth	15	12	12.01	0.651	1	BP
GO:0072659	protein localization to plasma membrane	15	12	12.01	0.651	1	BP
GO:2000146	negative regulation of cell motility	15	12	12.01	0.651	1	BP
GO:0048762	mesenchymal cell differentiation	15	12	12.01	0.651	1	BP
GO:2000241	regulation of reproductive process	15	12	12.01	0.651	1	BP
GO:0031398	positive regulation of protein ubiquitin...	15	12	12.01	0.651	1	BP
GO:0000956	nuclear-transcribed mRNA catabolic proce...	15	12	12.01	0.651	1	BP
GO:1901342	regulation of vasculature development	15	12	12.01	0.651	1	BP
GO:0016072	rRNA metabolic process	15	12	12.01	0.651	1	BP
GO:1990138	neuron projection extension	15	12	12.01	0.651	1	BP
GO:0010941	regulation of cell death	96	76	76.86	0.6521	1	BP
GO:0002790	peptide secretion	43	34	34.43	0.6534	1	BP
GO:0090087	regulation of peptide transport	43	34	34.43	0.6534	1	BP
GO:0098657	import into cell	43	34	34.43	0.6534	1	BP
GO:0031532	actin cytoskeleton reorganization	6	5	4.8	0.6568	1	BP
GO:0051236	establishment of RNA localization	6	5	4.8	0.6568	1	BP
GO:0006754	ATP biosynthetic process	6	5	4.8	0.6568	1	BP
GO:0001843	neural tube closure	6	5	4.8	0.6568	1	BP
GO:0042596	fear response	6	5	4.8	0.6568	1	BP
GO:0022401	negative adaptation of signaling pathway	6	5	4.8	0.6568	1	BP
GO:0014743	regulation of muscle hypertrophy	6	5	4.8	0.6568	1	BP
GO:0001510	RNA methylation	6	5	4.8	0.6568	1	BP
GO:0006879	cellular iron ion homeostasis	6	5	4.8	0.6568	1	BP
GO:0090630	activation of GTPase activity	6	5	4.8	0.6568	1	BP
GO:0042693	muscle cell fate commitment	6	5	4.8	0.6568	1	BP
GO:1901606	alpha-amino acid catabolic process	6	5	4.8	0.6568	1	BP
GO:0099172	presynapse organization	6	5	4.8	0.6568	1	BP
GO:2001259	positive regulation of cation channel ac...	6	5	4.8	0.6568	1	BP
GO:0071901	negative regulation of protein serine/th...	6	5	4.8	0.6568	1	BP
GO:0006665	sphingolipid metabolic process	6	5	4.8	0.6568	1	BP
GO:0060606	tube closure	6	5	4.8	0.6568	1	BP
GO:0055013	cardiac muscle cell development	6	5	4.8	0.6568	1	BP
GO:0035305	negative regulation of dephosphorylation	6	5	4.8	0.6568	1	BP
GO:0055006	cardiac cell development	6	5	4.8	0.6568	1	BP
GO:0008343	adult feeding behavior	6	5	4.8	0.6568	1	BP
GO:0061045	negative regulation of wound healing	6	5	4.8	0.6568	1	BP
GO:0060997	dendritic spine morphogenesis	6	5	4.8	0.6568	1	BP
GO:0046467	membrane lipid biosynthetic process	6	5	4.8	0.6568	1	BP
GO:0099587	inorganic ion import across plasma membr...	6	5	4.8	0.6568	1	BP
GO:0000002	mitochondrial genome maintenance	6	5	4.8	0.6568	1	BP
GO:0008213	protein alkylation	6	5	4.8	0.6568	1	BP
GO:0014904	myotube cell development	6	5	4.8	0.6568	1	BP
GO:0030301	cholesterol transport	6	5	4.8	0.6568	1	BP
GO:1905207	regulation of cardiocyte differentiation	6	5	4.8	0.6568	1	BP
GO:0002062	chondrocyte differentiation	6	5	4.8	0.6568	1	BP
GO:0043050	pharyngeal pumping	6	5	4.8	0.6568	1	BP
GO:0002029	desensitization of G protein-coupled rec...	6	5	4.8	0.6568	1	BP
GO:0002040	sprouting angiogenesis	6	5	4.8	0.6568	1	BP
GO:0048066	developmental pigmentation	6	5	4.8	0.6568	1	BP
GO:0008595	anterior/posterior axis specification, e...	6	5	4.8	0.6568	1	BP
GO:1900273	positive regulation of long-term synapti...	6	5	4.8	0.6568	1	BP
GO:0002460	adaptive immune response based on somati...	6	5	4.8	0.6568	1	BP
GO:0007351	tripartite regional subdivision	6	5	4.8	0.6568	1	BP
GO:0023058	adaptation of signaling pathway	6	5	4.8	0.6568	1	BP
GO:0010463	mesenchymal cell proliferation	6	5	4.8	0.6568	1	BP
GO:0007306	eggshell chorion assembly	6	5	4.8	0.6568	1	BP
GO:0021854	hypothalamus development	6	5	4.8	0.6568	1	BP
GO:0043268	positive regulation of potassium ion tra...	6	5	4.8	0.6568	1	BP
GO:0002244	hematopoietic progenitor cell differenti...	6	5	4.8	0.6568	1	BP
GO:0043244	regulation of protein-containing complex...	6	5	4.8	0.6568	1	BP
GO:0030641	regulation of cellular pH	6	5	4.8	0.6568	1	BP
GO:0040028	regulation of vulval development	6	5	4.8	0.6568	1	BP
GO:0048144	fibroblast proliferation	6	5	4.8	0.6568	1	BP
GO:0048145	regulation of fibroblast proliferation	6	5	4.8	0.6568	1	BP
GO:0048103	somatic stem cell division	6	5	4.8	0.6568	1	BP
GO:0009309	amine biosynthetic process	6	5	4.8	0.6568	1	BP
GO:2000177	regulation of neural precursor cell prol...	6	5	4.8	0.6568	1	BP
GO:0050852	T cell receptor signaling pathway	6	5	4.8	0.6568	1	BP
GO:0007215	glutamate receptor signaling pathway	6	5	4.8	0.6568	1	BP
GO:0010717	regulation of epithelial to mesenchymal ...	6	5	4.8	0.6568	1	BP
GO:0045138	nematode male tail tip morphogenesis	6	5	4.8	0.6568	1	BP
GO:2000273	positive regulation of signaling recepto...	6	5	4.8	0.6568	1	BP
GO:0010883	regulation of lipid storage	6	5	4.8	0.6568	1	BP
GO:0048741	skeletal muscle fiber development	6	5	4.8	0.6568	1	BP
GO:0009142	nucleoside triphosphate biosynthetic pro...	6	5	4.8	0.6568	1	BP
GO:0009145	purine nucleoside triphosphate biosynthe...	6	5	4.8	0.6568	1	BP
GO:0048864	stem cell development	6	5	4.8	0.6568	1	BP
GO:0010595	positive regulation of endothelial cell ...	6	5	4.8	0.6568	1	BP
GO:0050684	regulation of mRNA processing	6	5	4.8	0.6568	1	BP
GO:0043534	blood vessel endothelial cell migration	6	5	4.8	0.6568	1	BP
GO:0009268	response to pH	6	5	4.8	0.6568	1	BP
GO:0060021	roof of mouth development	6	5	4.8	0.6568	1	BP
GO:0045746	negative regulation of Notch signaling p...	6	5	4.8	0.6568	1	BP
GO:0002685	regulation of leukocyte migration	6	5	4.8	0.6568	1	BP
GO:0009201	ribonucleoside triphosphate biosynthetic...	6	5	4.8	0.6568	1	BP
GO:0009206	purine ribonucleoside triphosphate biosy...	6	5	4.8	0.6568	1	BP
GO:0015908	fatty acid transport	6	5	4.8	0.6568	1	BP
GO:0015909	long-chain fatty acid transport	6	5	4.8	0.6568	1	BP
GO:0007588	excretion	6	5	4.8	0.6568	1	BP
GO:0045861	negative regulation of proteolysis	6	5	4.8	0.6568	1	BP
GO:0007525	somatic muscle development	6	5	4.8	0.6568	1	BP
GO:0014033	neural crest cell differentiation	6	5	4.8	0.6568	1	BP
GO:0010611	regulation of cardiac muscle hypertrophy	6	5	4.8	0.6568	1	BP
GO:0071216	cellular response to biotic stimulus	6	5	4.8	0.6568	1	BP
GO:0098659	inorganic cation import across plasma me...	6	5	4.8	0.6568	1	BP
GO:0090175	regulation of establishment of planar po...	6	5	4.8	0.6568	1	BP
GO:0042446	hormone biosynthetic process	6	5	4.8	0.6568	1	BP
GO:0042401	cellular biogenic amine biosynthetic pro...	6	5	4.8	0.6568	1	BP
GO:0010923	negative regulation of phosphatase activ...	6	5	4.8	0.6568	1	BP
GO:0060443	mammary gland morphogenesis	6	5	4.8	0.6568	1	BP
GO:0051491	positive regulation of filopodium assemb...	6	5	4.8	0.6568	1	BP
GO:0006479	protein methylation	6	5	4.8	0.6568	1	BP
GO:0090279	regulation of calcium ion import	6	5	4.8	0.6568	1	BP
GO:0051453	regulation of intracellular pH	6	5	4.8	0.6568	1	BP
GO:0097352	autophagosome maturation	6	5	4.8	0.6568	1	BP
GO:1990748	cellular detoxification	6	5	4.8	0.6568	1	BP
GO:0051153	regulation of striated muscle cell diffe...	6	5	4.8	0.6568	1	BP
GO:0051101	regulation of DNA binding	6	5	4.8	0.6568	1	BP
GO:0009057	macromolecule catabolic process	86	68	68.85	0.6584	1	BP
GO:0045087	innate immune response	24	19	19.21	0.6601	1	BP
GO:0060271	cilium assembly	24	19	19.21	0.6601	1	BP
GO:0006914	autophagy	38	30	30.42	0.6616	1	BP
GO:0035592	establishment of protein localization to...	38	30	30.42	0.6616	1	BP
GO:0009306	protein secretion	38	30	30.42	0.6616	1	BP
GO:0061919	process utilizing autophagic mechanism	38	30	30.42	0.6616	1	BP
GO:0071692	protein localization to extracellular re...	38	30	30.42	0.6616	1	BP
GO:1901565	organonitrogen compound catabolic proces...	76	60	60.84	0.6661	1	BP
GO:0000165	MAPK cascade	52	41	41.63	0.6677	1	BP
GO:0009792	embryo development ending in birth or eg...	71	56	56.84	0.6705	1	BP
GO:0021700	developmental maturation	33	26	26.42	0.6714	1	BP
GO:0040007	growth	95	75	76.06	0.6725	1	BP
GO:0051241	negative regulation of multicellular org...	66	52	52.84	0.6755	1	BP
GO:0044403	biological process involved in symbiotic...	19	15	15.21	0.677	1	BP
GO:0030073	insulin secretion	19	15	15.21	0.677	1	BP
GO:0019318	hexose metabolic process	19	15	15.21	0.677	1	BP
GO:0007631	feeding behavior	19	15	15.21	0.677	1	BP
GO:0007605	sensory perception of sound	19	15	15.21	0.677	1	BP
GO:0045931	positive regulation of mitotic cell cycl...	10	8	8.01	0.68	1	BP
GO:1901889	negative regulation of cell junction ass...	10	8	8.01	0.68	1	BP
GO:0001841	neural tube formation	10	8	8.01	0.68	1	BP
GO:0008064	regulation of actin polymerization or de...	10	8	8.01	0.68	1	BP
GO:0022409	positive regulation of cell-cell adhesio...	10	8	8.01	0.68	1	BP
GO:0006614	SRP-dependent cotranslational protein ta...	10	8	8.01	0.68	1	BP
GO:0055076	transition metal ion homeostasis	10	8	8.01	0.68	1	BP
GO:0006939	smooth muscle contraction	10	8	8.01	0.68	1	BP
GO:0051983	regulation of chromosome segregation	10	8	8.01	0.68	1	BP
GO:0022618	ribonucleoprotein complex assembly	10	8	8.01	0.68	1	BP
GO:0099504	synaptic vesicle cycle	10	8	8.01	0.68	1	BP
GO:0033555	multicellular organismal response to str...	10	8	8.01	0.68	1	BP
GO:0000398	mRNA splicing, via spliceosome	10	8	8.01	0.68	1	BP
GO:0000375	RNA splicing, via transesterification re...	10	8	8.01	0.68	1	BP
GO:0000377	RNA splicing, via transesterification re...	10	8	8.01	0.68	1	BP
GO:2000045	regulation of G1/S transition of mitotic...	10	8	8.01	0.68	1	BP
GO:0030832	regulation of actin filament length	10	8	8.01	0.68	1	BP
GO:0002121	inter-male aggressive behavior	10	8	8.01	0.68	1	BP
GO:0007480	imaginal disc-derived leg morphogenesis	10	8	8.01	0.68	1	BP
GO:0048489	synaptic vesicle transport	10	8	8.01	0.68	1	BP
GO:0007478	leg disc morphogenesis	10	8	8.01	0.68	1	BP
GO:0007297	ovarian follicle cell migration	10	8	8.01	0.68	1	BP
GO:0007298	border follicle cell migration	10	8	8.01	0.68	1	BP
GO:0007266	Rho protein signal transduction	10	8	8.01	0.68	1	BP
GO:0010821	regulation of mitochondrion organization	10	8	8.01	0.68	1	BP
GO:0009123	nucleoside monophosphate metabolic proce...	10	8	8.01	0.68	1	BP
GO:0098727	maintenance of cell number	10	8	8.01	0.68	1	BP
GO:0042398	cellular modified amino acid biosyntheti...	10	8	8.01	0.68	1	BP
GO:0050974	detection of mechanical stimulus involve...	10	8	8.01	0.68	1	BP
GO:0051341	regulation of oxidoreductase activity	10	8	8.01	0.68	1	BP
GO:0019882	antigen processing and presentation	10	8	8.01	0.68	1	BP
GO:0019827	stem cell population maintenance	10	8	8.01	0.68	1	BP
GO:0060113	inner ear receptor cell differentiation	10	8	8.01	0.68	1	BP
GO:0097479	synaptic vesicle localization	10	8	8.01	0.68	1	BP
GO:0022603	regulation of anatomical structure morph...	61	48	48.84	0.681	1	BP
GO:0060560	developmental growth involved in morphog...	28	22	22.42	0.6836	1	BP
GO:0044238	primary metabolic process	461	370	369.07	0.6882	1	BP
GO:0042981	regulation of apoptotic process	75	59	60.04	0.6885	1	BP
GO:0030031	cell projection assembly	37	29	29.62	0.6927	1	BP
GO:0120031	plasma membrane bounded cell projection ...	37	29	29.62	0.6927	1	BP
GO:0071345	cellular response to cytokine stimulus	37	29	29.62	0.6927	1	BP
GO:0009892	negative regulation of metabolic process	160	139	128.09	0.6941	1	BP
GO:0045165	cell fate commitment	51	40	40.83	0.6943	1	BP
GO:0006575	cellular modified amino acid metabolic p...	23	18	18.41	0.6993	1	BP
GO:0006605	protein targeting	23	18	18.41	0.6993	1	BP
GO:0006470	protein dephosphorylation	23	18	18.41	0.6993	1	BP
GO:0031646	positive regulation of nervous system pr...	14	11	11.21	0.7013	1	BP
GO:1901605	alpha-amino acid metabolic process	14	11	11.21	0.7013	1	BP
GO:2001242	regulation of intrinsic apoptotic signal...	14	11	11.21	0.7013	1	BP
GO:2001234	negative regulation of apoptotic signali...	14	11	11.21	0.7013	1	BP
GO:0019935	cyclic-nucleotide-mediated signaling	14	11	11.21	0.7013	1	BP
GO:0110148	biomineralization	14	11	11.21	0.7013	1	BP
GO:0035148	tube formation	14	11	11.21	0.7013	1	BP
GO:0010001	glial cell differentiation	14	11	11.21	0.7013	1	BP
GO:0002237	response to molecule of bacterial origin	14	11	11.21	0.7013	1	BP
GO:0048284	organelle fusion	14	11	11.21	0.7013	1	BP
GO:0009798	axis specification	14	11	11.21	0.7013	1	BP
GO:0006006	glucose metabolic process	14	11	11.21	0.7013	1	BP
GO:0016051	carbohydrate biosynthetic process	14	11	11.21	0.7013	1	BP
GO:0031214	biomineral tissue development	14	11	11.21	0.7013	1	BP
GO:0010927	cellular component assembly involved in ...	14	11	11.21	0.7013	1	BP
GO:0061061	muscle structure development	60	47	48.04	0.7053	1	BP
GO:0007281	germ cell development	60	47	48.04	0.7053	1	BP
GO:0051093	negative regulation of developmental pro...	60	47	48.04	0.7053	1	BP
GO:0050801	ion homeostasis	64	57	51.24	0.7078	1	BP
GO:0060255	regulation of macromolecule metabolic pr...	276	229	220.96	0.7078	1	BP
GO:0006793	phosphorus metabolic process	156	123	124.89	0.7105	1	BP
GO:0006796	phosphate-containing compound metabolic ...	156	123	124.89	0.7105	1	BP
GO:0035556	intracellular signal transduction	141	111	112.88	0.7169	1	BP
GO:1901990	regulation of mitotic cell cycle phase t...	27	21	21.62	0.7189	1	BP
GO:0007548	sex differentiation	27	21	21.62	0.7189	1	BP
GO:0098609	cell-cell adhesion	27	21	21.62	0.7189	1	BP
GO:0022407	regulation of cell-cell adhesion	18	14	14.41	0.7203	1	BP
GO:0008406	gonad development	18	14	14.41	0.7203	1	BP
GO:0044843	cell cycle G1/S phase transition	18	14	14.41	0.7203	1	BP
GO:0042063	gliogenesis	18	14	14.41	0.7203	1	BP
GO:0009880	embryonic pattern specification	18	14	14.41	0.7203	1	BP
GO:0045665	negative regulation of neuron differenti...	18	14	14.41	0.7203	1	BP
GO:0051606	detection of stimulus	36	28	28.82	0.7231	1	BP
GO:0002064	epithelial cell development	36	28	28.82	0.7231	1	BP
GO:0007005	mitochondrion organization	36	28	28.82	0.7231	1	BP
GO:0048585	negative regulation of response to stimu...	97	76	77.66	0.7273	1	BP
GO:0051640	organelle localization	45	35	36.03	0.7294	1	BP
GO:0080135	regulation of cellular response to stres...	45	35	36.03	0.7294	1	BP
GO:0009987	cellular process	652	522	521.99	0.7308	1	BP
GO:0007517	muscle organ development	31	24	24.82	0.7365	1	BP
GO:0043254	regulation of protein-containing complex...	22	17	17.61	0.7375	1	BP
GO:0038083	peptidyl-tyrosine autophosphorylation	5	4	4	0.7388	1	BP
GO:0071674	mononuclear cell migration	5	4	4	0.7388	1	BP
GO:0044060	regulation of endocrine process	5	4	4	0.7388	1	BP
GO:0003085	negative regulation of systemic arterial...	5	4	4	0.7388	1	BP
GO:0060795	cell fate commitment involved in formati...	5	4	4	0.7388	1	BP
GO:0001706	endoderm formation	5	4	4	0.7388	1	BP
GO:0031571	mitotic G1 DNA damage checkpoint signali...	5	4	4	0.7388	1	BP
GO:0042706	eye photoreceptor cell fate commitment	5	4	4	0.7388	1	BP
GO:0003016	respiratory system process	5	4	4	0.7388	1	BP
GO:0003044	regulation of systemic arterial blood pr...	5	4	4	0.7388	1	BP
GO:0044000	movement in host	5	4	4	0.7388	1	BP
GO:0051785	positive regulation of nuclear division	5	4	4	0.7388	1	BP
GO:1904646	cellular response to amyloid-beta	5	4	4	0.7388	1	BP
GO:0006892	post-Golgi vesicle-mediated transport	5	4	4	0.7388	1	BP
GO:0086004	regulation of cardiac muscle cell contra...	5	4	4	0.7388	1	BP
GO:0006801	superoxide metabolic process	5	4	4	0.7388	1	BP
GO:0042698	ovulation cycle	5	4	4	0.7388	1	BP
GO:0042659	regulation of cell fate specification	5	4	4	0.7388	1	BP
GO:1903312	negative regulation of mRNA metabolic pr...	5	4	4	0.7388	1	BP
GO:0016242	negative regulation of macroautophagy	5	4	4	0.7388	1	BP
GO:2001251	negative regulation of chromosome organi...	5	4	4	0.7388	1	BP
GO:0044346	fibroblast apoptotic process	5	4	4	0.7388	1	BP
GO:0006694	steroid biosynthetic process	5	4	4	0.7388	1	BP
GO:0033143	regulation of intracellular steroid horm...	5	4	4	0.7388	1	BP
GO:0055057	neuroblast division	5	4	4	0.7388	1	BP
GO:0055059	asymmetric neuroblast division	5	4	4	0.7388	1	BP
GO:0044409	entry into host	5	4	4	0.7388	1	BP
GO:0061035	regulation of cartilage development	5	4	4	0.7388	1	BP
GO:0033240	positive regulation of cellular amine me...	5	4	4	0.7388	1	BP
GO:1903115	regulation of actin filament-based movem...	5	4	4	0.7388	1	BP
GO:1901998	toxin transport	5	4	4	0.7388	1	BP
GO:0035152	regulation of tube architecture, open tr...	5	4	4	0.7388	1	BP
GO:0046496	nicotinamide nucleotide metabolic proces...	5	4	4	0.7388	1	BP
GO:0044275	cellular carbohydrate catabolic process	5	4	4	0.7388	1	BP
GO:0035222	wing disc pattern formation	5	4	4	0.7388	1	BP
GO:0051966	regulation of synaptic transmission, glu...	5	4	4	0.7388	1	BP
GO:0035214	eye-antennal disc development	5	4	4	0.7388	1	BP
GO:0044784	metaphase/anaphase transition of cell cy...	5	4	4	0.7388	1	BP
GO:0051984	positive regulation of chromosome segreg...	5	4	4	0.7388	1	BP
GO:0035794	positive regulation of mitochondrial mem...	5	4	4	0.7388	1	BP
GO:1902099	regulation of metaphase/anaphase transit...	5	4	4	0.7388	1	BP
GO:0099601	regulation of neurotransmitter receptor ...	5	4	4	0.7388	1	BP
GO:0044819	mitotic G1/S transition checkpoint signa...	5	4	4	0.7388	1	BP
GO:0002090	regulation of receptor internalization	5	4	4	0.7388	1	BP
GO:0035850	epithelial cell differentiation involved...	5	4	4	0.7388	1	BP
GO:1905710	positive regulation of membrane permeabi...	5	4	4	0.7388	1	BP
GO:0072499	photoreceptor cell axon guidance	5	4	4	0.7388	1	BP
GO:0032352	positive regulation of hormone metabolic...	5	4	4	0.7388	1	BP
GO:1900449	regulation of glutamate receptor signali...	5	4	4	0.7388	1	BP
GO:1905818	regulation of chromosome separation	5	4	4	0.7388	1	BP
GO:0030104	water homeostasis	5	4	4	0.7388	1	BP
GO:0046885	regulation of hormone biosynthetic proce...	5	4	4	0.7388	1	BP
GO:0046886	positive regulation of hormone biosynthe...	5	4	4	0.7388	1	BP
GO:0022904	respiratory electron transport chain	5	4	4	0.7388	1	BP
GO:0030239	myofibril assembly	5	4	4	0.7388	1	BP
GO:1905515	non-motile cilium assembly	5	4	4	0.7388	1	BP
GO:0046545	development of primary female sexual cha...	5	4	4	0.7388	1	BP
GO:0070830	bicellular tight junction assembly	5	4	4	0.7388	1	BP
GO:0046662	regulation of oviposition	5	4	4	0.7388	1	BP
GO:0007398	ectoderm development	5	4	4	0.7388	1	BP
GO:0070542	response to fatty acid	5	4	4	0.7388	1	BP
GO:0002449	lymphocyte mediated immunity	5	4	4	0.7388	1	BP
GO:0002431	Fc receptor mediated stimulatory signali...	5	4	4	0.7388	1	BP
GO:0010464	regulation of mesenchymal cell prolifera...	5	4	4	0.7388	1	BP
GO:0002433	immune response-regulating cell surface ...	5	4	4	0.7388	1	BP
GO:0010453	regulation of cell fate commitment	5	4	4	0.7388	1	BP
GO:0010470	regulation of gastrulation	5	4	4	0.7388	1	BP
GO:0043407	negative regulation of MAP kinase activi...	5	4	4	0.7388	1	BP
GO:1902110	positive regulation of mitochondrial mem...	5	4	4	0.7388	1	BP
GO:1902116	negative regulation of organelle assembl...	5	4	4	0.7388	1	BP
GO:0032232	negative regulation of actin filament bu...	5	4	4	0.7388	1	BP
GO:0007492	endoderm development	5	4	4	0.7388	1	BP
GO:1902108	regulation of mitochondrial membrane per...	5	4	4	0.7388	1	BP
GO:0007450	dorsal/ventral pattern formation, imagin...	5	4	4	0.7388	1	BP
GO:0030520	intracellular estrogen receptor signalin...	5	4	4	0.7388	1	BP
GO:0120192	tight junction assembly	5	4	4	0.7388	1	BP
GO:0120193	tight junction organization	5	4	4	0.7388	1	BP
GO:0030537	larval behavior	5	4	4	0.7388	1	BP
GO:0043297	apical junction assembly	5	4	4	0.7388	1	BP
GO:2000479	regulation of cAMP-dependent protein kin...	5	4	4	0.7388	1	BP
GO:0032890	regulation of organic acid transport	5	4	4	0.7388	1	BP
GO:0021533	cell differentiation in hindbrain	5	4	4	0.7388	1	BP
GO:0072524	pyridine-containing compound metabolic p...	5	4	4	0.7388	1	BP
GO:0040024	dauer larval development	5	4	4	0.7388	1	BP
GO:0007143	female meiotic nuclear division	5	4	4	0.7388	1	BP
GO:0048147	negative regulation of fibroblast prolif...	5	4	4	0.7388	1	BP
GO:0050850	positive regulation of calcium-mediated ...	5	4	4	0.7388	1	BP
GO:0050886	endocrine process	5	4	4	0.7388	1	BP
GO:0046902	regulation of mitochondrial membrane per...	5	4	4	0.7388	1	BP
GO:0031047	gene silencing by RNA	5	4	4	0.7388	1	BP
GO:0048793	pronephros development	5	4	4	0.7388	1	BP
GO:0070936	protein K48-linked ubiquitination	5	4	4	0.7388	1	BP
GO:0010822	positive regulation of mitochondrion org...	5	4	4	0.7388	1	BP
GO:0010823	negative regulation of mitochondrion org...	5	4	4	0.7388	1	BP
GO:0045214	sarcomere organization	5	4	4	0.7388	1	BP
GO:0009124	nucleoside monophosphate biosynthetic pr...	5	4	4	0.7388	1	BP
GO:0043552	positive regulation of phosphatidylinosi...	5	4	4	0.7388	1	BP
GO:0050657	nucleic acid transport	5	4	4	0.7388	1	BP
GO:0050658	RNA transport	5	4	4	0.7388	1	BP
GO:0019362	pyridine nucleotide metabolic process	5	4	4	0.7388	1	BP
GO:0043535	regulation of blood vessel endothelial c...	5	4	4	0.7388	1	BP
GO:0045776	negative regulation of blood pressure	5	4	4	0.7388	1	BP
GO:1902686	mitochondrial outer membrane permeabiliz...	5	4	4	0.7388	1	BP
GO:0051092	positive regulation of NF-kappaB transcr...	5	4	4	0.7388	1	BP
GO:0048593	camera-type eye morphogenesis	5	4	4	0.7388	1	BP
GO:1904375	regulation of protein localization to ce...	5	4	4	0.7388	1	BP
GO:0048582	positive regulation of post-embryonic de...	5	4	4	0.7388	1	BP
GO:0014031	mesenchymal cell development	5	4	4	0.7388	1	BP
GO:0014032	neural crest cell development	5	4	4	0.7388	1	BP
GO:0090398	cellular senescence	5	4	4	0.7388	1	BP
GO:0045833	negative regulation of lipid metabolic p...	5	4	4	0.7388	1	BP
GO:0098801	regulation of renal system process	5	4	4	0.7388	1	BP
GO:0048645	animal organ formation	5	4	4	0.7388	1	BP
GO:0031123	RNA 3'-end processing	5	4	4	0.7388	1	BP
GO:0031124	mRNA 3'-end processing	5	4	4	0.7388	1	BP
GO:0036445	neuronal stem cell division	5	4	4	0.7388	1	BP
GO:0060349	bone morphogenesis	5	4	4	0.7388	1	BP
GO:0006383	transcription by RNA polymerase III	5	4	4	0.7388	1	BP
GO:0031279	regulation of cyclase activity	5	4	4	0.7388	1	BP
GO:0090101	negative regulation of transmembrane rec...	5	4	4	0.7388	1	BP
GO:0051339	regulation of lyase activity	5	4	4	0.7388	1	BP
GO:0051304	chromosome separation	5	4	4	0.7388	1	BP
GO:0009620	response to fungus	5	4	4	0.7388	1	BP
GO:0051497	negative regulation of stress fiber asse...	5	4	4	0.7388	1	BP
GO:0042147	retrograde transport, endosome to Golgi	5	4	4	0.7388	1	BP
GO:0042149	cellular response to glucose starvation	5	4	4	0.7388	1	BP
GO:0090218	positive regulation of lipid kinase acti...	5	4	4	0.7388	1	BP
GO:0051438	regulation of ubiquitin-protein transfer...	5	4	4	0.7388	1	BP
GO:0006119	oxidative phosphorylation	5	4	4	0.7388	1	BP
GO:0060292	long-term synaptic depression	5	4	4	0.7388	1	BP
GO:0038094	Fc-gamma receptor signaling pathway	5	4	4	0.7388	1	BP
GO:0038096	Fc-gamma receptor signaling pathway invo...	5	4	4	0.7388	1	BP
GO:0097421	liver regeneration	5	4	4	0.7388	1	BP
GO:0045921	positive regulation of exocytosis	5	4	4	0.7388	1	BP
GO:0071696	ectodermal placode development	5	4	4	0.7388	1	BP
GO:0001752	compound eye photoreceptor fate commitme...	5	4	4	0.7388	1	BP
GO:0051223	regulation of protein transport	40	31	32.02	0.74	1	BP
GO:0070201	regulation of establishment of protein l...	40	31	32.02	0.74	1	BP
GO:0001707	mesoderm formation	9	7	7.21	0.7406	1	BP
GO:0022408	negative regulation of cell-cell adhesio...	9	7	7.21	0.7406	1	BP
GO:0008038	neuron recognition	9	7	7.21	0.7406	1	BP
GO:2001244	positive regulation of intrinsic apoptot...	9	7	7.21	0.7406	1	BP
GO:0070059	intrinsic apoptotic signaling pathway in...	9	7	7.21	0.7406	1	BP
GO:0055081	anion homeostasis	9	7	7.21	0.7406	1	BP
GO:0031929	TOR signaling	9	7	7.21	0.7406	1	BP
GO:0035304	regulation of protein dephosphorylation	9	7	7.21	0.7406	1	BP
GO:1905330	regulation of morphogenesis of an epithe...	9	7	7.21	0.7406	1	BP
GO:0046328	regulation of JNK cascade	9	7	7.21	0.7406	1	BP
GO:0006906	vesicle fusion	9	7	7.21	0.7406	1	BP
GO:0032006	regulation of TOR signaling	9	7	7.21	0.7406	1	BP
GO:1905897	regulation of response to endoplasmic re...	9	7	7.21	0.7406	1	BP
GO:0030833	regulation of actin filament polymerizat...	9	7	7.21	0.7406	1	BP
GO:0048332	mesoderm morphogenesis	9	7	7.21	0.7406	1	BP
GO:0007422	peripheral nervous system development	9	7	7.21	0.7406	1	BP
GO:0043281	regulation of cysteine-type endopeptidas...	9	7	7.21	0.7406	1	BP
GO:0007188	adenylate cyclase-modulating G protein-c...	9	7	7.21	0.7406	1	BP
GO:0000578	embryonic axis specification	9	7	7.21	0.7406	1	BP
GO:2000116	regulation of cysteine-type endopeptidas...	9	7	7.21	0.7406	1	BP
GO:0009451	RNA modification	9	7	7.21	0.7406	1	BP
GO:2000243	positive regulation of reproductive proc...	9	7	7.21	0.7406	1	BP
GO:0009161	ribonucleoside monophosphate metabolic p...	9	7	7.21	0.7406	1	BP
GO:0009167	purine ribonucleoside monophosphate meta...	9	7	7.21	0.7406	1	BP
GO:0042051	compound eye photoreceptor development	9	7	7.21	0.7406	1	BP
GO:0009126	purine nucleoside monophosphate metaboli...	9	7	7.21	0.7406	1	BP
GO:0051091	positive regulation of DNA-binding trans...	9	7	7.21	0.7406	1	BP
GO:0043627	response to estrogen	9	7	7.21	0.7406	1	BP
GO:0048520	positive regulation of behavior	9	7	7.21	0.7406	1	BP
GO:0007619	courtship behavior	9	7	7.21	0.7406	1	BP
GO:0042303	molting cycle	9	7	7.21	0.7406	1	BP
GO:0042462	eye photoreceptor cell development	9	7	7.21	0.7406	1	BP
GO:0090174	organelle membrane fusion	9	7	7.21	0.7406	1	BP
GO:0043949	regulation of cAMP-mediated signaling	9	7	7.21	0.7406	1	BP
GO:0043903	regulation of biological process involve...	9	7	7.21	0.7406	1	BP
GO:0071824	protein-DNA complex subunit organization	9	7	7.21	0.7406	1	BP
GO:0060173	limb development	9	7	7.21	0.7406	1	BP
GO:0051147	regulation of muscle cell differentiatio...	9	7	7.21	0.7406	1	BP
GO:0045184	establishment of protein localization	101	79	80.86	0.7416	1	BP
GO:0023051	regulation of signaling	188	148	150.51	0.7428	1	BP
GO:0043067	regulation of programmed cell death	77	60	61.65	0.7464	1	BP
GO:0001738	morphogenesis of a polarized epithelium	13	10	10.41	0.7505	1	BP
GO:0019933	cAMP-mediated signaling	13	10	10.41	0.7505	1	BP
GO:0055067	monovalent inorganic cation homeostasis	13	10	10.41	0.7505	1	BP
GO:0033673	negative regulation of kinase activity	13	10	10.41	0.7505	1	BP
GO:0032355	response to estradiol	13	10	10.41	0.7505	1	BP
GO:0010389	regulation of G2/M transition of mitotic...	13	10	10.41	0.7505	1	BP
GO:0030705	cytoskeleton-dependent intracellular tra...	13	10	10.41	0.7505	1	BP
GO:0007368	determination of left/right symmetry	13	10	10.41	0.7505	1	BP
GO:0043112	receptor metabolic process	13	10	10.41	0.7505	1	BP
GO:0048705	skeletal system morphogenesis	13	10	10.41	0.7505	1	BP
GO:0009799	specification of symmetry	13	10	10.41	0.7505	1	BP
GO:0048665	neuron fate specification	13	10	10.41	0.7505	1	BP
GO:0009855	determination of bilateral symmetry	13	10	10.41	0.7505	1	BP
GO:0050982	detection of mechanical stimulus	13	10	10.41	0.7505	1	BP
GO:0051348	negative regulation of transferase activ...	13	10	10.41	0.7505	1	BP
GO:0043170	macromolecule metabolic process	419	339	335.45	0.7507	1	BP
GO:0044283	small molecule biosynthetic process	35	27	28.02	0.7525	1	BP
GO:0050954	sensory perception of mechanical stimulu...	26	20	20.82	0.7531	1	BP
GO:0043933	protein-containing complex organization	105	82	84.06	0.7551	1	BP
GO:0007292	female gamete generation	53	41	42.43	0.7603	1	BP
GO:1902533	positive regulation of intracellular sig...	53	41	42.43	0.7603	1	BP
GO:0009967	positive regulation of signal transducti...	81	63	64.85	0.7603	1	BP
GO:0051650	establishment of vesicle localization	17	13	13.61	0.7623	1	BP
GO:0051648	vesicle localization	17	13	13.61	0.7623	1	BP
GO:0000086	G2/M transition of mitotic cell cycle	17	13	13.61	0.7623	1	BP
GO:0022612	gland morphogenesis	17	13	13.61	0.7623	1	BP
GO:0030278	regulation of ossification	17	13	13.61	0.7623	1	BP
GO:0032886	regulation of microtubule-based process	17	13	13.61	0.7623	1	BP
GO:0016032	viral process	17	13	13.61	0.7623	1	BP
GO:0042692	muscle cell differentiation	39	30	31.22	0.7671	1	BP
GO:0007416	synapse assembly	30	23	24.02	0.7675	1	BP
GO:0051146	striated muscle cell differentiation	30	23	24.02	0.7675	1	BP
GO:0071695	anatomical structure maturation	30	23	24.02	0.7675	1	BP
GO:0008219	cell death	109	85	87.26	0.7679	1	BP
GO:0007346	regulation of mitotic cell cycle	48	37	38.43	0.7698	1	BP
GO:0010646	regulation of cell communication	186	146	148.91	0.7701	1	BP
GO:0060538	skeletal muscle organ development	21	16	16.81	0.7743	1	BP
GO:0034470	ncRNA processing	21	16	16.81	0.7743	1	BP
GO:0042886	amide transport	99	77	79.26	0.7762	1	BP
GO:0023057	negative regulation of signaling	99	77	79.26	0.7762	1	BP
GO:0015833	peptide transport	99	77	79.26	0.7762	1	BP
GO:0010648	negative regulation of cell communicatio...	99	77	79.26	0.7762	1	BP
GO:0034097	response to cytokine	43	33	34.43	0.7806	1	BP
GO:0046486	glycerolipid metabolic process	34	26	27.22	0.7807	1	BP
GO:0006629	lipid metabolic process	75	58	60.04	0.785	1	BP
GO:0060541	respiratory system development	25	19	20.01	0.7859	1	BP
GO:0006807	nitrogen compound metabolic process	452	364	361.87	0.7898	1	BP
GO:0015031	protein transport	98	76	78.46	0.7926	1	BP
GO:0003015	heart process	31	30	24.82	0.7929	1	BP
GO:0045926	negative regulation of growth	29	22	23.22	0.797	1	BP
GO:0001700	embryonic development via the syncytial ...	12	9	9.61	0.7977	1	BP
GO:0016482	cytosolic transport	12	9	9.61	0.7977	1	BP
GO:0008154	actin polymerization or depolymerization	12	9	9.61	0.7977	1	BP
GO:0035265	organ growth	12	9	9.61	0.7977	1	BP
GO:0035218	leg disc development	12	9	9.61	0.7977	1	BP
GO:0072330	monocarboxylic acid biosynthetic process	12	9	9.61	0.7977	1	BP
GO:0008593	regulation of Notch signaling pathway	12	9	9.61	0.7977	1	BP
GO:0046890	regulation of lipid biosynthetic process	12	9	9.61	0.7977	1	BP
GO:0072175	epithelial tube formation	12	9	9.61	0.7977	1	BP
GO:0046661	male sex differentiation	12	9	9.61	0.7977	1	BP
GO:0007424	open tracheal system development	12	9	9.61	0.7977	1	BP
GO:0061640	cytoskeleton-dependent cytokinesis	12	9	9.61	0.7977	1	BP
GO:0019058	viral life cycle	12	9	9.61	0.7977	1	BP
GO:0050817	coagulation	12	9	9.61	0.7977	1	BP
GO:0007596	blood coagulation	12	9	9.61	0.7977	1	BP
GO:0007599	hemostasis	12	9	9.61	0.7977	1	BP
GO:0010508	positive regulation of autophagy	12	9	9.61	0.7977	1	BP
GO:0006364	rRNA processing	12	9	9.61	0.7977	1	BP
GO:1901216	positive regulation of neuron death	12	9	9.61	0.7977	1	BP
GO:0033002	muscle cell proliferation	12	9	9.61	0.7977	1	BP
GO:1905037	autophagosome organization	8	6	6.4	0.7992	1	BP
GO:0006633	fatty acid biosynthetic process	8	6	6.4	0.7992	1	BP
GO:1901989	positive regulation of cell cycle phase ...	8	6	6.4	0.7992	1	BP
GO:0046330	positive regulation of JNK cascade	8	6	6.4	0.7992	1	BP
GO:0035113	embryonic appendage morphogenesis	8	6	6.4	0.7992	1	BP
GO:1900046	regulation of hemostasis	8	6	6.4	0.7992	1	BP
GO:0035108	limb morphogenesis	8	6	6.4	0.7992	1	BP
GO:0000045	autophagosome assembly	8	6	6.4	0.7992	1	BP
GO:0070304	positive regulation of stress-activated ...	8	6	6.4	0.7992	1	BP
GO:0006940	regulation of smooth muscle contraction	8	6	6.4	0.7992	1	BP
GO:0035249	synaptic transmission, glutamatergic	8	6	6.4	0.7992	1	BP
GO:0051930	regulation of sensory perception of pain	8	6	6.4	0.7992	1	BP
GO:0035773	insulin secretion involved in cellular r...	8	6	6.4	0.7992	1	BP
GO:0072332	intrinsic apoptotic signaling pathway by...	8	6	6.4	0.7992	1	BP
GO:0061180	mammary gland epithelium development	8	6	6.4	0.7992	1	BP
GO:0061178	regulation of insulin secretion involved...	8	6	6.4	0.7992	1	BP
GO:0030193	regulation of blood coagulation	8	6	6.4	0.7992	1	BP
GO:0007029	endoplasmic reticulum organization	8	6	6.4	0.7992	1	BP
GO:0030203	glycosaminoglycan metabolic process	8	6	6.4	0.7992	1	BP
GO:0009063	cellular amino acid catabolic process	8	6	6.4	0.7992	1	BP
GO:0032273	positive regulation of protein polymeriz...	8	6	6.4	0.7992	1	BP
GO:0021872	forebrain generation of neurons	8	6	6.4	0.7992	1	BP
GO:0021879	forebrain neuron differentiation	8	6	6.4	0.7992	1	BP
GO:0007447	imaginal disc pattern formation	8	6	6.4	0.7992	1	BP
GO:0032781	positive regulation of ATP-dependent act...	8	6	6.4	0.7992	1	BP
GO:0035904	aorta development	8	6	6.4	0.7992	1	BP
GO:0021545	cranial nerve development	8	6	6.4	0.7992	1	BP
GO:0032874	positive regulation of stress-activated ...	8	6	6.4	0.7992	1	BP
GO:0021675	nerve development	8	6	6.4	0.7992	1	BP
GO:0048278	vesicle docking	8	6	6.4	0.7992	1	BP
GO:2000134	negative regulation of G1/S transition o...	8	6	6.4	0.7992	1	BP
GO:0050818	regulation of coagulation	8	6	6.4	0.7992	1	BP
GO:1902807	negative regulation of cell cycle G1/S p...	8	6	6.4	0.7992	1	BP
GO:0006022	aminoglycan metabolic process	8	6	6.4	0.7992	1	BP
GO:0007585	respiratory gaseous exchange by respirat...	8	6	6.4	0.7992	1	BP
GO:0048580	regulation of post-embryonic development	8	6	6.4	0.7992	1	BP
GO:0010623	programmed cell death involved in cell d...	8	6	6.4	0.7992	1	BP
GO:0031100	animal organ regeneration	8	6	6.4	0.7992	1	BP
GO:0006112	energy reserve metabolic process	8	6	6.4	0.7992	1	BP
GO:0097480	establishment of synaptic vesicle locali...	8	6	6.4	0.7992	1	BP
GO:0042755	eating behavior	8	6	6.4	0.7992	1	BP
GO:0045943	positive regulation of transcription by ...	1	1	0.8	0.8006	1	BP
GO:0075071	modulation by symbiont of host autophagy	1	1	0.8	0.8006	1	BP
GO:0098969	neurotransmitter receptor transport to p...	1	1	0.8	0.8006	1	BP
GO:0042789	mRNA transcription by RNA polymerase II	1	1	0.8	0.8006	1	BP
GO:0045947	negative regulation of translational ini...	1	1	0.8	0.8006	1	BP
GO:0045948	positive regulation of translational ini...	1	1	0.8	0.8006	1	BP
GO:0006265	DNA topological change	1	1	0.8	0.8006	1	BP
GO:0038084	vascular endothelial growth factor signa...	1	1	0.8	0.8006	1	BP
GO:1903077	negative regulation of protein localizat...	1	1	0.8	0.8006	1	BP
GO:0001774	microglial cell activation	1	1	0.8	0.8006	1	BP
GO:1904591	positive regulation of protein import	1	1	0.8	0.8006	1	BP
GO:0001777	T cell homeostatic proliferation	1	1	0.8	0.8006	1	BP
GO:0042772	DNA damage response, signal transduction...	1	1	0.8	0.8006	1	BP
GO:0001779	natural killer cell differentiation	1	1	0.8	0.8006	1	BP
GO:0098957	anterograde axonal transport of mitochon...	1	1	0.8	0.8006	1	BP
GO:0042776	proton motive force-driven mitochondrial...	1	1	0.8	0.8006	1	BP
GO:1903020	positive regulation of glycoprotein meta...	1	1	0.8	0.8006	1	BP
GO:0003093	regulation of glomerular filtration	1	1	0.8	0.8006	1	BP
GO:1990839	response to endothelin	1	1	0.8	0.8006	1	BP
GO:0006256	UDP catabolic process	1	1	0.8	0.8006	1	BP
GO:0006258	UDP-glucose catabolic process	1	1	0.8	0.8006	1	BP
GO:1903010	regulation of bone development	1	1	0.8	0.8006	1	BP
GO:1903012	positive regulation of bone development	1	1	0.8	0.8006	1	BP
GO:0001711	endodermal cell fate commitment	1	1	0.8	0.8006	1	BP
GO:0001712	ectodermal cell fate commitment	1	1	0.8	0.8006	1	BP
GO:0016340	calcium-dependent cell-matrix adhesion	1	1	0.8	0.8006	1	BP
GO:0001714	endodermal cell fate specification	1	1	0.8	0.8006	1	BP
GO:0001715	ectodermal cell fate specification	1	1	0.8	0.8006	1	BP
GO:0098971	anterograde dendritic transport of neuro...	1	1	0.8	0.8006	1	BP
GO:0042711	maternal behavior	1	1	0.8	0.8006	1	BP
GO:0042714	dosage compensation complex assembly	1	1	0.8	0.8006	1	BP
GO:0051292	nuclear pore complex assembly	1	1	0.8	0.8006	1	BP
GO:0075044	positive regulation by symbiont of host ...	1	1	0.8	0.8006	1	BP
GO:0071688	striated muscle myosin thick filament as...	1	1	0.8	0.8006	1	BP
GO:0001743	lens placode formation	1	1	0.8	0.8006	1	BP
GO:1903048	regulation of acetylcholine-gated cation...	1	1	0.8	0.8006	1	BP
GO:0001744	insect visual primordium formation	1	1	0.8	0.8006	1	BP
GO:0016332	establishment or maintenance of polarity...	1	1	0.8	0.8006	1	BP
GO:1901894	regulation of ATPase-coupled calcium tra...	1	1	0.8	0.8006	1	BP
GO:0001748	insect visual primordium development	1	1	0.8	0.8006	1	BP
GO:1901896	positive regulation of ATPase-coupled ca...	1	1	0.8	0.8006	1	BP
GO:0042744	hydrogen peroxide catabolic process	1	1	0.8	0.8006	1	BP
GO:0016339	calcium-dependent cell-cell adhesion via...	1	1	0.8	0.8006	1	BP
GO:0006221	pyrimidine nucleotide biosynthetic proce...	1	1	0.8	0.8006	1	BP
GO:0001731	formation of translation preinitiation c...	1	1	0.8	0.8006	1	BP
GO:0006226	dUMP biosynthetic process	1	1	0.8	0.8006	1	BP
GO:0003068	regulation of systemic arterial blood pr...	1	1	0.8	0.8006	1	BP
GO:0003069	acetylcholine-mediated vasodilation invo...	1	1	0.8	0.8006	1	BP
GO:0042730	fibrinolysis	1	1	0.8	0.8006	1	BP
GO:0098912	membrane depolarization during atrial ca...	1	1	0.8	0.8006	1	BP
GO:0003051	angiotensin-mediated drinking behavior	1	1	0.8	0.8006	1	BP
GO:0071622	regulation of granulocyte chemotaxis	1	1	0.8	0.8006	1	BP
GO:0038030	non-canonical Wnt signaling pathway via ...	1	1	0.8	0.8006	1	BP
GO:0006213	pyrimidine nucleoside metabolic process	1	1	0.8	0.8006	1	BP
GO:0038031	non-canonical Wnt signaling pathway via ...	1	1	0.8	0.8006	1	BP
GO:0019692	deoxyribose phosphate metabolic process	1	1	0.8	0.8006	1	BP
GO:1904580	regulation of intracellular mRNA localiz...	1	1	0.8	0.8006	1	BP
GO:1904585	response to putrescine	1	1	0.8	0.8006	1	BP
GO:1904586	cellular response to putrescine	1	1	0.8	0.8006	1	BP
GO:1904587	response to glycoprotein	1	1	0.8	0.8006	1	BP
GO:0097195	pilomotor reflex	1	1	0.8	0.8006	1	BP
GO:1904589	regulation of protein import	1	1	0.8	0.8006	1	BP
GO:0006244	pyrimidine nucleotide catabolic process	1	1	0.8	0.8006	1	BP
GO:1901862	negative regulation of muscle tissue dev...	1	1	0.8	0.8006	1	BP
GO:0098935	dendritic transport	1	1	0.8	0.8006	1	BP
GO:0003070	regulation of systemic arterial blood pr...	1	1	0.8	0.8006	1	BP
GO:0098937	anterograde dendritic transport	1	1	0.8	0.8006	1	BP
GO:0006231	dTMP biosynthetic process	1	1	0.8	0.8006	1	BP
GO:0031585	regulation of inositol 1,4,5-trisphospha...	1	1	0.8	0.8006	1	BP
GO:0031587	positive regulation of inositol 1,4,5-tr...	1	1	0.8	0.8006	1	BP
GO:1903003	positive regulation of protein deubiquit...	1	1	0.8	0.8006	1	BP
GO:1901857	positive regulation of cellular respirat...	1	1	0.8	0.8006	1	BP
GO:0042705	ocellus photoreceptor cell differentiati...	1	1	0.8	0.8006	1	BP
GO:0031573	mitotic intra-S DNA damage checkpoint si...	1	1	0.8	0.8006	1	BP
GO:0071632	optomotor response	1	1	0.8	0.8006	1	BP
GO:0038001	paracrine signaling	1	1	0.8	0.8006	1	BP
GO:0038003	G protein-coupled opioid receptor signal...	1	1	0.8	0.8006	1	BP
GO:0019660	glycolytic fermentation	1	1	0.8	0.8006	1	BP
GO:0038007	netrin-activated signaling pathway	1	1	0.8	0.8006	1	BP
GO:0019661	glucose catabolic process to lactate via...	1	1	0.8	0.8006	1	BP
GO:0019666	nitrogenous compound fermentation	1	1	0.8	0.8006	1	BP
GO:0003010	voluntary skeletal muscle contraction	1	1	0.8	0.8006	1	BP
GO:0060760	positive regulation of response to cytok...	1	1	0.8	0.8006	1	BP
GO:0097167	circadian regulation of translation	1	1	0.8	0.8006	1	BP
GO:0060763	mammary duct terminal end bud growth	1	1	0.8	0.8006	1	BP
GO:0051224	negative regulation of protein transport	1	1	0.8	0.8006	1	BP
GO:0098908	regulation of neuronal action potential	1	1	0.8	0.8006	1	BP
GO:0019659	glucose catabolic process to lactate	1	1	0.8	0.8006	1	BP
GO:0097156	fasciculation of motor neuron axon	1	1	0.8	0.8006	1	BP
GO:0060756	foraging behavior	1	1	0.8	0.8006	1	BP
GO:0071600	otic vesicle morphogenesis	1	1	0.8	0.8006	1	BP
GO:0003032	detection of oxygen	1	1	0.8	0.8006	1	BP
GO:0097187	dentinogenesis	1	1	0.8	0.8006	1	BP
GO:0044036	cell wall macromolecule metabolic proces...	1	1	0.8	0.8006	1	BP
GO:0060789	hair follicle placode formation	1	1	0.8	0.8006	1	BP
GO:0031536	positive regulation of exit from mitosis	1	1	0.8	0.8006	1	BP
GO:0060775	planar cell polarity pathway involved in...	1	1	0.8	0.8006	1	BP
GO:1901841	regulation of high voltage-gated calcium...	1	1	0.8	0.8006	1	BP
GO:1901843	positive regulation of high voltage-gate...	1	1	0.8	0.8006	1	BP
GO:0019626	short-chain fatty acid catabolic process	1	1	0.8	0.8006	1	BP
GO:1990573	potassium ion import across plasma membr...	1	1	0.8	0.8006	1	BP
GO:0016457	dosage compensation complex assembly inv...	1	1	0.8	0.8006	1	BP
GO:0090594	inflammatory response to wounding	1	1	0.8	0.8006	1	BP
GO:0097112	gamma-aminobutyric acid receptor cluster...	1	1	0.8	0.8006	1	BP
GO:0042866	pyruvate biosynthetic process	1	1	0.8	0.8006	1	BP
GO:0035092	sperm DNA condensation	1	1	0.8	0.8006	1	BP
GO:0090597	nematode male tail mating organ morphoge...	1	1	0.8	0.8006	1	BP
GO:0060712	spongiotrophoblast layer development	1	1	0.8	0.8006	1	BP
GO:0035096	larval midgut cell programmed cell death	1	1	0.8	0.8006	1	BP
GO:0016480	negative regulation of transcription by ...	1	1	0.8	0.8006	1	BP
GO:0035099	hemocyte migration	1	1	0.8	0.8006	1	BP
GO:1990511	piRNA biosynthetic process	1	1	0.8	0.8006	1	BP
GO:1990519	pyrimidine nucleotide import into mitoch...	1	1	0.8	0.8006	1	BP
GO:0060746	parental behavior	1	1	0.8	0.8006	1	BP
GO:0001886	endothelial cell morphogenesis	1	1	0.8	0.8006	1	BP
GO:0001887	selenium compound metabolic process	1	1	0.8	0.8006	1	BP
GO:1904690	positive regulation of cytoplasmic trans...	1	1	0.8	0.8006	1	BP
GO:0060739	mesenchymal-epithelial cell signaling in...	1	1	0.8	0.8006	1	BP
GO:0001878	response to yeast	1	1	0.8	0.8006	1	BP
GO:1990535	neuron projection maintenance	1	1	0.8	0.8006	1	BP
GO:0035066	positive regulation of histone acetylati...	1	1	0.8	0.8006	1	BP
GO:0001820	serotonin secretion	1	1	0.8	0.8006	1	BP
GO:0035067	negative regulation of histone acetylati...	1	1	0.8	0.8006	1	BP
GO:0035069	larval midgut histolysis	1	1	0.8	0.8006	1	BP
GO:0009946	proximal/distal axis specification	1	1	0.8	0.8006	1	BP
GO:0016444	somatic cell DNA recombination	1	1	0.8	0.8006	1	BP
GO:0009949	polarity specification of anterior/poste...	1	1	0.8	0.8006	1	BP
GO:0016445	somatic diversification of immunoglobuli...	1	1	0.8	0.8006	1	BP
GO:0016447	somatic recombination of immunoglobulin ...	1	1	0.8	0.8006	1	BP
GO:0097101	blood vessel endothelial cell fate speci...	1	1	0.8	0.8006	1	BP
GO:0097102	endothelial tip cell fate specification	1	1	0.8	0.8006	1	BP
GO:0051794	regulation of timing of catagen	1	1	0.8	0.8006	1	BP
GO:0051795	positive regulation of timing of catagen	1	1	0.8	0.8006	1	BP
GO:0051797	regulation of hair follicle development	1	1	0.8	0.8006	1	BP
GO:0051798	positive regulation of hair follicle dev...	1	1	0.8	0.8006	1	BP
GO:0001840	neural plate development	1	1	0.8	0.8006	1	BP
GO:0001842	neural fold formation	1	1	0.8	0.8006	1	BP
GO:0060706	cell differentiation involved in embryon...	1	1	0.8	0.8006	1	BP
GO:0060707	trophoblast giant cell differentiation	1	1	0.8	0.8006	1	BP
GO:0008090	retrograde axonal transport	1	1	0.8	0.8006	1	BP
GO:0060708	spongiotrophoblast differentiation	1	1	0.8	0.8006	1	BP
GO:1990502	dense core granule maturation	1	1	0.8	0.8006	1	BP
GO:0035076	ecdysone receptor-mediated signaling pat...	1	1	0.8	0.8006	1	BP
GO:0001830	trophectodermal cell fate commitment	1	1	0.8	0.8006	1	BP
GO:1904653	regulation of lung alveolus development	1	1	0.8	0.8006	1	BP
GO:0001839	neural plate morphogenesis	1	1	0.8	0.8006	1	BP
GO:1904655	positive regulation of lung alveolus dev...	1	1	0.8	0.8006	1	BP
GO:0090527	actin filament reorganization	1	1	0.8	0.8006	1	BP
GO:0035024	negative regulation of Rho protein signa...	1	1	0.8	0.8006	1	BP
GO:1904681	response to 3-methylcholanthrene	1	1	0.8	0.8006	1	BP
GO:0031650	regulation of heat generation	1	1	0.8	0.8006	1	BP
GO:1904682	cellular response to 3-methylcholanthren...	1	1	0.8	0.8006	1	BP
GO:0031652	positive regulation of heat generation	1	1	0.8	0.8006	1	BP
GO:1904688	regulation of cytoplasmic translational ...	1	1	0.8	0.8006	1	BP
GO:0097296	activation of cysteine-type endopeptidas...	1	1	0.8	0.8006	1	BP
GO:0086067	AV node cell to bundle of His cell commu...	1	1	0.8	0.8006	1	BP
GO:0060896	neural plate pattern specification	1	1	0.8	0.8006	1	BP
GO:0060897	neural plate regionalization	1	1	0.8	0.8006	1	BP
GO:0060898	eye field cell fate commitment involved ...	1	1	0.8	0.8006	1	BP
GO:0035041	sperm DNA decondensation	1	1	0.8	0.8006	1	BP
GO:1990697	protein depalmitoleylation	1	1	0.8	0.8006	1	BP
GO:0006735	NADH regeneration	1	1	0.8	0.8006	1	BP
GO:0006739	NADP metabolic process	1	1	0.8	0.8006	1	BP
GO:1904620	cellular response to dimethyl sulfoxide	1	1	0.8	0.8006	1	BP
GO:0008052	sensory organ boundary specification	1	1	0.8	0.8006	1	BP
GO:0008056	ocellus development	1	1	0.8	0.8006	1	BP
GO:1904627	response to phorbol 13-acetate 12-myrist...	1	1	0.8	0.8006	1	BP
GO:1904628	cellular response to phorbol 13-acetate ...	1	1	0.8	0.8006	1	BP
GO:0051788	response to misfolded protein	1	1	0.8	0.8006	1	BP
GO:0035039	male pronucleus assembly	1	1	0.8	0.8006	1	BP
GO:1904612	response to 2,3,7,8-tetrachlorodibenzodi...	1	1	0.8	0.8006	1	BP
GO:1904613	cellular response to 2,3,7,8-tetrachloro...	1	1	0.8	0.8006	1	BP
GO:1904619	response to dimethyl sulfoxide	1	1	0.8	0.8006	1	BP
GO:1901571	fatty acid derivative transport	1	1	0.8	0.8006	1	BP
GO:1904640	response to methionine	1	1	0.8	0.8006	1	BP
GO:1904647	response to rotenone	1	1	0.8	0.8006	1	BP
GO:0008078	mesodermal cell migration	1	1	0.8	0.8006	1	BP
GO:0086027	AV node cell to bundle of His cell signa...	1	1	0.8	0.8006	1	BP
GO:0014721	twitch skeletal muscle contraction	1	1	0.8	0.8006	1	BP
GO:0035001	dorsal trunk growth, open tracheal syste...	1	1	0.8	0.8006	1	BP
GO:0086012	membrane depolarization during cardiac m...	1	1	0.8	0.8006	1	BP
GO:0031645	negative regulation of nervous system pr...	1	1	0.8	0.8006	1	BP
GO:0014724	regulation of twitch skeletal muscle con...	1	1	0.8	0.8006	1	BP
GO:0031648	protein destabilization	1	1	0.8	0.8006	1	BP
GO:0086016	AV node cell action potential	1	1	0.8	0.8006	1	BP
GO:1990680	response to melanocyte-stimulating hormo...	1	1	0.8	0.8006	1	BP
GO:0086045	membrane depolarization during AV node c...	1	1	0.8	0.8006	1	BP
GO:0033353	S-adenosylmethionine cycle	1	1	0.8	0.8006	1	BP
GO:0086036	regulation of cardiac muscle cell membra...	1	1	0.8	0.8006	1	BP
GO:0001560	regulation of cell growth by extracellul...	1	1	0.8	0.8006	1	BP
GO:0001561	fatty acid alpha-oxidation	1	1	0.8	0.8006	1	BP
GO:0097212	lysosomal membrane organization	1	1	0.8	0.8006	1	BP
GO:0014733	regulation of skeletal muscle adaptation	1	1	0.8	0.8006	1	BP
GO:0060810	intracellular mRNA localization involved...	1	1	0.8	0.8006	1	BP
GO:0008039	synaptic target recognition	1	1	0.8	0.8006	1	BP
GO:0060811	intracellular mRNA localization involved...	1	1	0.8	0.8006	1	BP
GO:0016180	snRNA processing	1	1	0.8	0.8006	1	BP
GO:0001555	oocyte growth	1	1	0.8	0.8006	1	BP
GO:0001580	detection of chemical stimulus involved ...	1	1	0.8	0.8006	1	BP
GO:0001581	detection of chemical stimulus involved ...	1	1	0.8	0.8006	1	BP
GO:0060846	blood vessel endothelial cell fate commi...	1	1	0.8	0.8006	1	BP
GO:0060847	endothelial cell fate specification	1	1	0.8	0.8006	1	BP
GO:0051702	biological process involved in interacti...	1	1	0.8	0.8006	1	BP
GO:1905097	regulation of guanyl-nucleotide exchange...	1	1	0.8	0.8006	1	BP
GO:1905098	negative regulation of guanyl-nucleotide...	1	1	0.8	0.8006	1	BP
GO:0006862	nucleotide transport	1	1	0.8	0.8006	1	BP
GO:1990646	cellular response to prolactin	1	1	0.8	0.8006	1	BP
GO:0006864	pyrimidine nucleotide transport	1	1	0.8	0.8006	1	BP
GO:0060837	blood vessel endothelial cell differenti...	1	1	0.8	0.8006	1	BP
GO:2001197	basement membrane assembly involved in e...	1	1	0.8	0.8006	1	BP
GO:0033314	mitotic DNA replication checkpoint signa...	1	1	0.8	0.8006	1	BP
GO:0060839	endothelial cell fate commitment	1	1	0.8	0.8006	1	BP
GO:0001579	medium-chain fatty acid transport	1	1	0.8	0.8006	1	BP
GO:1990637	response to prolactin	1	1	0.8	0.8006	1	BP
GO:0001522	pseudouridine synthesis	1	1	0.8	0.8006	1	BP
GO:0036500	ATF6-mediated unfolded protein response	1	1	0.8	0.8006	1	BP
GO:0033333	fin development	1	1	0.8	0.8006	1	BP
GO:0033337	dorsal fin development	1	1	0.8	0.8006	1	BP
GO:0033338	medial fin development	1	1	0.8	0.8006	1	BP
GO:0051892	negative regulation of cardioblast diffe...	1	1	0.8	0.8006	1	BP
GO:0097206	nephrocyte filtration	1	1	0.8	0.8006	1	BP
GO:0006878	cellular copper ion homeostasis	1	1	0.8	0.8006	1	BP
GO:0042541	hemoglobin biosynthetic process	1	1	0.8	0.8006	1	BP
GO:0090677	reversible differentiation	1	1	0.8	0.8006	1	BP
GO:0090679	cell differentiation involved in phenoty...	1	1	0.8	0.8006	1	BP
GO:0006828	manganese ion transport	1	1	0.8	0.8006	1	BP
GO:0042537	benzene-containing compound metabolic pr...	1	1	0.8	0.8006	1	BP
GO:0033301	cell cycle comprising mitosis without cy...	1	1	0.8	0.8006	1	BP
GO:0006817	phosphate ion transport	1	1	0.8	0.8006	1	BP
GO:2001185	regulation of CD8-positive, alpha-beta T...	1	1	0.8	0.8006	1	BP
GO:2001187	positive regulation of CD8-positive, alp...	1	1	0.8	0.8006	1	BP
GO:0062237	protein localization to postsynapse	1	1	0.8	0.8006	1	BP
GO:0006842	tricarboxylic acid transport	1	1	0.8	0.8006	1	BP
GO:2001170	negative regulation of ATP biosynthetic ...	1	1	0.8	0.8006	1	BP
GO:0006848	pyruvate transport	1	1	0.8	0.8006	1	BP
GO:0051851	modulation by host of symbiont process	1	1	0.8	0.8006	1	BP
GO:0014866	skeletal myofibril assembly	1	1	0.8	0.8006	1	BP
GO:0001502	cartilage condensation	1	1	0.8	0.8006	1	BP
GO:0006837	serotonin transport	1	1	0.8	0.8006	1	BP
GO:0089718	amino acid import across plasma membrane	1	1	0.8	0.8006	1	BP
GO:0001504	neurotransmitter uptake	1	1	0.8	0.8006	1	BP
GO:0042501	serine phosphorylation of STAT protein	1	1	0.8	0.8006	1	BP
GO:0014850	response to muscle activity	1	1	0.8	0.8006	1	BP
GO:1905040	otic placode development	1	1	0.8	0.8006	1	BP
GO:1901684	arsenate ion transmembrane transport	1	1	0.8	0.8006	1	BP
GO:0033499	galactose catabolic process via UDP-gala...	1	1	0.8	0.8006	1	BP
GO:0014883	transition between fast and slow fiber	1	1	0.8	0.8006	1	BP
GO:0051875	pigment granule localization	1	1	0.8	0.8006	1	BP
GO:1901679	nucleotide transmembrane transport	1	1	0.8	0.8006	1	BP
GO:0097752	regulation of DNA stability	1	1	0.8	0.8006	1	BP
GO:0006805	xenobiotic metabolic process	1	1	0.8	0.8006	1	BP
GO:0006808	regulation of nitrogen utilization	1	1	0.8	0.8006	1	BP
GO:1901623	regulation of lymphocyte chemotaxis	1	1	0.8	0.8006	1	BP
GO:0042691	positive regulation of crystal cell diff...	1	1	0.8	0.8006	1	BP
GO:0014820	tonic smooth muscle contraction	1	1	0.8	0.8006	1	BP
GO:0014824	artery smooth muscle contraction	1	1	0.8	0.8006	1	BP
GO:0060582	cell fate determination involved in patt...	1	1	0.8	0.8006	1	BP
GO:0014829	vascular associated smooth muscle contra...	1	1	0.8	0.8006	1	BP
GO:0060571	morphogenesis of an epithelial fold	1	1	0.8	0.8006	1	BP
GO:0060574	intestinal epithelial cell maturation	1	1	0.8	0.8006	1	BP
GO:0014819	regulation of skeletal muscle contractio...	1	1	0.8	0.8006	1	BP
GO:0060575	intestinal epithelial cell differentiati...	1	1	0.8	0.8006	1	BP
GO:0060576	intestinal epithelial cell development	1	1	0.8	0.8006	1	BP
GO:0060577	pulmonary vein morphogenesis	1	1	0.8	0.8006	1	BP
GO:0046073	dTMP metabolic process	1	1	0.8	0.8006	1	BP
GO:0046078	dUMP metabolic process	1	1	0.8	0.8006	1	BP
GO:1903365	regulation of fear response	1	1	0.8	0.8006	1	BP
GO:0006597	spermine biosynthetic process	1	1	0.8	0.8006	1	BP
GO:1903367	positive regulation of fear response	1	1	0.8	0.8006	1	BP
GO:0016254	preassembly of GPI anchor in ER membrane	1	1	0.8	0.8006	1	BP
GO:0016255	attachment of GPI anchor to protein	1	1	0.8	0.8006	1	BP
GO:0042665	regulation of ectodermal cell fate speci...	1	1	0.8	0.8006	1	BP
GO:0016259	selenocysteine metabolic process	1	1	0.8	0.8006	1	BP
GO:0042666	negative regulation of ectodermal cell f...	1	1	0.8	0.8006	1	BP
GO:0014834	skeletal muscle satellite cell maintenan...	1	1	0.8	0.8006	1	BP
GO:0001682	tRNA 5'-leader removal	1	1	0.8	0.8006	1	BP
GO:0046040	IMP metabolic process	1	1	0.8	0.8006	1	BP
GO:0042684	cardioblast cell fate commitment	1	1	0.8	0.8006	1	BP
GO:0006560	proline metabolic process	1	1	0.8	0.8006	1	BP
GO:0042688	crystal cell differentiation	1	1	0.8	0.8006	1	BP
GO:0042689	regulation of crystal cell differentiati...	1	1	0.8	0.8006	1	BP
GO:0046048	UDP metabolic process	1	1	0.8	0.8006	1	BP
GO:1903375	facioacoustic ganglion development	1	1	0.8	0.8006	1	BP
GO:1903377	negative regulation of oxidative stress-...	1	1	0.8	0.8006	1	BP
GO:1903378	positive regulation of oxidative stress-...	1	1	0.8	0.8006	1	BP
GO:0001675	acrosome assembly	1	1	0.8	0.8006	1	BP
GO:0042675	compound eye cone cell differentiation	1	1	0.8	0.8006	1	BP
GO:0046033	AMP metabolic process	1	1	0.8	0.8006	1	BP
GO:0046037	GMP metabolic process	1	1	0.8	0.8006	1	BP
GO:0071966	fungal-type cell wall polysaccharide met...	1	1	0.8	0.8006	1	BP
GO:0046039	GTP metabolic process	1	1	0.8	0.8006	1	BP
GO:1903318	negative regulation of protein maturatio...	1	1	0.8	0.8006	1	BP
GO:1903319	positive regulation of protein maturatio...	1	1	0.8	0.8006	1	BP
GO:0097702	response to oscillatory fluid shear stre...	1	1	0.8	0.8006	1	BP
GO:0097704	cellular response to oscillatory fluid s...	1	1	0.8	0.8006	1	BP
GO:0051596	methylglyoxal catabolic process	1	1	0.8	0.8006	1	BP
GO:0006573	valine metabolic process	1	1	0.8	0.8006	1	BP
GO:0060501	positive regulation of epithelial cell p...	1	1	0.8	0.8006	1	BP
GO:0006574	valine catabolic process	1	1	0.8	0.8006	1	BP
GO:0060502	epithelial cell proliferation involved i...	1	1	0.8	0.8006	1	BP
GO:0097709	connective tissue replacement	1	1	0.8	0.8006	1	BP
GO:2001267	regulation of cysteine-type endopeptidas...	1	1	0.8	0.8006	1	BP
GO:2001269	positive regulation of cysteine-type end...	1	1	0.8	0.8006	1	BP
GO:0099116	tRNA 5'-end processing	1	1	0.8	0.8006	1	BP
GO:0016237	lysosomal microautophagy	1	1	0.8	0.8006	1	BP
GO:0006522	alanine metabolic process	1	1	0.8	0.8006	1	BP
GO:0046007	negative regulation of activated T cell ...	1	1	0.8	0.8006	1	BP
GO:1903333	negative regulation of protein folding	1	1	0.8	0.8006	1	BP
GO:0006528	asparagine metabolic process	1	1	0.8	0.8006	1	BP
GO:0042631	cellular response to water deprivation	1	1	0.8	0.8006	1	BP
GO:0042634	regulation of hair cycle	1	1	0.8	0.8006	1	BP
GO:0042635	positive regulation of hair cycle	1	1	0.8	0.8006	1	BP
GO:0071921	cohesin loading	1	1	0.8	0.8006	1	BP
GO:0071922	regulation of cohesin loading	1	1	0.8	0.8006	1	BP
GO:0003352	regulation of cilium movement	1	1	0.8	0.8006	1	BP
GO:0042637	catagen	1	1	0.8	0.8006	1	BP
GO:0003353	positive regulation of cilium movement	1	1	0.8	0.8006	1	BP
GO:2001280	positive regulation of unsaturated fatty...	1	1	0.8	0.8006	1	BP
GO:0003357	noradrenergic neuron differentiation	1	1	0.8	0.8006	1	BP
GO:0044351	macropinocytosis	1	1	0.8	0.8006	1	BP
GO:0006516	glycoprotein catabolic process	1	1	0.8	0.8006	1	BP
GO:2001284	regulation of BMP secretion	1	1	0.8	0.8006	1	BP
GO:2001286	regulation of caveolin-mediated endocyto...	1	1	0.8	0.8006	1	BP
GO:2001287	negative regulation of caveolin-mediated...	1	1	0.8	0.8006	1	BP
GO:0071910	determination of liver left/right asymme...	1	1	0.8	0.8006	1	BP
GO:0051563	smooth endoplasmic reticulum calcium ion...	1	1	0.8	0.8006	1	BP
GO:0006542	glutamine biosynthetic process	1	1	0.8	0.8006	1	BP
GO:0006544	glycine metabolic process	1	1	0.8	0.8006	1	BP
GO:2001279	regulation of unsaturated fatty acid bio...	1	1	0.8	0.8006	1	BP
GO:0006530	asparagine catabolic process	1	1	0.8	0.8006	1	BP
GO:0006531	aspartate metabolic process	1	1	0.8	0.8006	1	BP
GO:2001222	regulation of neuron migration	1	1	0.8	0.8006	1	BP
GO:1903306	negative regulation of regulated secreto...	1	1	0.8	0.8006	1	BP
GO:0006538	glutamate catabolic process	1	1	0.8	0.8006	1	BP
GO:0044379	protein localization to actin cortical p...	1	1	0.8	0.8006	1	BP
GO:0071934	thiamine transmembrane transport	1	1	0.8	0.8006	1	BP
GO:0044321	response to leptin	1	1	0.8	0.8006	1	BP
GO:0070093	negative regulation of glucagon secretio...	1	1	0.8	0.8006	1	BP
GO:0070094	positive regulation of glucagon secretio...	1	1	0.8	0.8006	1	BP
GO:0033197	response to vitamin E	1	1	0.8	0.8006	1	BP
GO:0033198	response to ATP	1	1	0.8	0.8006	1	BP
GO:0070099	regulation of chemokine-mediated signali...	1	1	0.8	0.8006	1	BP
GO:0003313	heart rudiment development	1	1	0.8	0.8006	1	BP
GO:0060661	submandibular salivary gland formation	1	1	0.8	0.8006	1	BP
GO:2001241	positive regulation of extrinsic apoptot...	1	1	0.8	0.8006	1	BP
GO:0060666	dichotomous subdivision of terminal unit...	1	1	0.8	0.8006	1	BP
GO:1903490	positive regulation of mitotic cytokines...	1	1	0.8	0.8006	1	BP
GO:0006501	C-terminal protein lipidation	1	1	0.8	0.8006	1	BP
GO:0044341	sodium-dependent phosphate transport	1	1	0.8	0.8006	1	BP
GO:0006507	GPI anchor release	1	1	0.8	0.8006	1	BP
GO:0044330	canonical Wnt signaling pathway involved...	1	1	0.8	0.8006	1	BP
GO:0044333	Wnt signaling pathway involved in digest...	1	1	0.8	0.8006	1	BP
GO:0044336	canonical Wnt signaling pathway involved...	1	1	0.8	0.8006	1	BP
GO:0044337	canonical Wnt signaling pathway involved...	1	1	0.8	0.8006	1	BP
GO:0044338	canonical Wnt signaling pathway involved...	1	1	0.8	0.8006	1	BP
GO:0051541	elastin metabolic process	1	1	0.8	0.8006	1	BP
GO:0044339	canonical Wnt signaling pathway involved...	1	1	0.8	0.8006	1	BP
GO:0060674	placenta blood vessel development	1	1	0.8	0.8006	1	BP
GO:0033182	regulation of histone ubiquitination	1	1	0.8	0.8006	1	BP
GO:0033183	negative regulation of histone ubiquitin...	1	1	0.8	0.8006	1	BP
GO:0006699	bile acid biosynthetic process	1	1	0.8	0.8006	1	BP
GO:2001207	regulation of transcription elongation b...	1	1	0.8	0.8006	1	BP
GO:2001208	negative regulation of transcription elo...	1	1	0.8	0.8006	1	BP
GO:0033189	response to vitamin A	1	1	0.8	0.8006	1	BP
GO:0060612	adipose tissue development	1	1	0.8	0.8006	1	BP
GO:0070076	histone lysine demethylation	1	1	0.8	0.8006	1	BP
GO:0019934	cGMP-mediated signaling	1	1	0.8	0.8006	1	BP
GO:0060631	regulation of meiosis I	1	1	0.8	0.8006	1	BP
GO:0060638	mesenchymal-epithelial cell signaling	1	1	0.8	0.8006	1	BP
GO:0035360	positive regulation of peroxisome prolif...	1	1	0.8	0.8006	1	BP
GO:0033119	negative regulation of RNA splicing	1	1	0.8	0.8006	1	BP
GO:1903421	regulation of synaptic vesicle recycling	1	1	0.8	0.8006	1	BP
GO:1903423	positive regulation of synaptic vesicle ...	1	1	0.8	0.8006	1	BP
GO:0006657	CDP-choline pathway	1	1	0.8	0.8006	1	BP
GO:0006681	galactosylceramide metabolic process	1	1	0.8	0.8006	1	BP
GO:0006682	galactosylceramide biosynthetic process	1	1	0.8	0.8006	1	BP
GO:0031998	regulation of fatty acid beta-oxidation	1	1	0.8	0.8006	1	BP
GO:0035358	regulation of peroxisome proliferator ac...	1	1	0.8	0.8006	1	BP
GO:0006688	glycosphingolipid biosynthetic process	1	1	0.8	0.8006	1	BP
GO:1903441	protein localization to ciliary membrane	1	1	0.8	0.8006	1	BP
GO:1903436	regulation of mitotic cytokinetic proces...	1	1	0.8	0.8006	1	BP
GO:1903438	positive regulation of mitotic cytokinet...	1	1	0.8	0.8006	1	BP
GO:1904950	negative regulation of establishment of ...	1	1	0.8	0.8006	1	BP
GO:1904953	Wnt signaling pathway involved in midbra...	1	1	0.8	0.8006	1	BP
GO:0035320	imaginal disc-derived wing hair site sel...	1	1	0.8	0.8006	1	BP
GO:0006616	SRP-dependent cotranslational protein ta...	1	1	0.8	0.8006	1	BP
GO:0051661	maintenance of centrosome location	1	1	0.8	0.8006	1	BP
GO:0035310	notum cell fate specification	1	1	0.8	0.8006	1	BP
GO:0031954	positive regulation of protein autophosp...	1	1	0.8	0.8006	1	BP
GO:0051666	actin cortical patch localization	1	1	0.8	0.8006	1	BP
GO:0006642	triglyceride mobilization	1	1	0.8	0.8006	1	BP
GO:0055026	negative regulation of cardiac muscle ti...	1	1	0.8	0.8006	1	BP
GO:0006646	phosphatidylethanolamine biosynthetic pr...	1	1	0.8	0.8006	1	BP
GO:0018076	N-terminal peptidyl-lysine acetylation	1	1	0.8	0.8006	1	BP
GO:0035318	imaginal disc-derived wing hair outgrowt...	1	1	0.8	0.8006	1	BP
GO:0008363	larval chitin-based cuticle development	1	1	0.8	0.8006	1	BP
GO:0055012	ventricular cardiac muscle cell differen...	1	1	0.8	0.8006	1	BP
GO:0018023	peptidyl-lysine trimethylation	1	1	0.8	0.8006	1	BP
GO:0055015	ventricular cardiac muscle cell developm...	1	1	0.8	0.8006	1	BP
GO:0051659	maintenance of mitochondrion location	1	1	0.8	0.8006	1	BP
GO:0018026	peptidyl-lysine monomethylation	1	1	0.8	0.8006	1	BP
GO:0051683	establishment of Golgi localization	1	1	0.8	0.8006	1	BP
GO:0061060	negative regulation of peptidoglycan rec...	1	1	0.8	0.8006	1	BP
GO:0061065	regulation of dauer larval development	1	1	0.8	0.8006	1	BP
GO:0033292	T-tubule organization	1	1	0.8	0.8006	1	BP
GO:0003413	chondrocyte differentiation involved in ...	1	1	0.8	0.8006	1	BP
GO:0003416	endochondral bone growth	1	1	0.8	0.8006	1	BP
GO:0061058	regulation of peptidoglycan recognition ...	1	1	0.8	0.8006	1	BP
GO:1904948	midbrain dopaminergic neuron differentia...	1	1	0.8	0.8006	1	BP
GO:0061083	regulation of protein refolding	1	1	0.8	0.8006	1	BP
GO:0061084	negative regulation of protein refolding	1	1	0.8	0.8006	1	BP
GO:0061072	iris morphogenesis	1	1	0.8	0.8006	1	BP
GO:0038190	VEGF-activated neuropilin signaling path...	1	1	0.8	0.8006	1	BP
GO:0061076	negative regulation of neural retina dev...	1	1	0.8	0.8006	1	BP
GO:0035308	negative regulation of protein dephospho...	1	1	0.8	0.8006	1	BP
GO:0051645	Golgi localization	1	1	0.8	0.8006	1	BP
GO:0055003	cardiac myofibril assembly	1	1	0.8	0.8006	1	BP
GO:0055005	ventricular cardiac myofibril assembly	1	1	0.8	0.8006	1	BP
GO:0030091	protein repair	1	1	0.8	0.8006	1	BP
GO:1903165	response to polycyclic arene	1	1	0.8	0.8006	1	BP
GO:1903166	cellular response to polycyclic arene	1	1	0.8	0.8006	1	BP
GO:1904903	ESCRT III complex disassembly	1	1	0.8	0.8006	1	BP
GO:0003402	planar cell polarity pathway involved in...	1	1	0.8	0.8006	1	BP
GO:0003406	retinal pigment epithelium development	1	1	0.8	0.8006	1	BP
GO:1903181	positive regulation of dopamine biosynth...	1	1	0.8	0.8006	1	BP
GO:0061036	positive regulation of cartilage develop...	1	1	0.8	0.8006	1	BP
GO:0061037	negative regulation of cartilage develop...	1	1	0.8	0.8006	1	BP
GO:0061038	uterus morphogenesis	1	1	0.8	0.8006	1	BP
GO:0038156	interleukin-3-mediated signaling pathway	1	1	0.8	0.8006	1	BP
GO:0051601	exocyst localization	1	1	0.8	0.8006	1	BP
GO:0033211	adiponectin-activated signaling pathway	1	1	0.8	0.8006	1	BP
GO:0033212	iron import into cell	1	1	0.8	0.8006	1	BP
GO:1903179	regulation of dopamine biosynthetic proc...	1	1	0.8	0.8006	1	BP
GO:0033215	reductive iron assimilation	1	1	0.8	0.8006	1	BP
GO:0035461	vitamin transmembrane transport	1	1	0.8	0.8006	1	BP
GO:0003193	pulmonary valve formation	1	1	0.8	0.8006	1	BP
GO:0038171	cannabinoid signaling pathway	1	1	0.8	0.8006	1	BP
GO:0003198	epithelial to mesenchymal transition inv...	1	1	0.8	0.8006	1	BP
GO:0061003	positive regulation of dendritic spine m...	1	1	0.8	0.8006	1	BP
GO:0035455	response to interferon-alpha	1	1	0.8	0.8006	1	BP
GO:0035457	cellular response to interferon-alpha	1	1	0.8	0.8006	1	BP
GO:0061009	common bile duct development	1	1	0.8	0.8006	1	BP
GO:1903119	protein localization to actin cytoskelet...	1	1	0.8	0.8006	1	BP
GO:0038111	interleukin-7-mediated signaling pathway	1	1	0.8	0.8006	1	BP
GO:1901994	negative regulation of meiotic cell cycl...	1	1	0.8	0.8006	1	BP
GO:0003161	cardiac conduction system development	1	1	0.8	0.8006	1	BP
GO:0003150	muscular septum morphogenesis	1	1	0.8	0.8006	1	BP
GO:0035425	autocrine signaling	1	1	0.8	0.8006	1	BP
GO:0030042	actin filament depolymerization	1	1	0.8	0.8006	1	BP
GO:0003180	aortic valve morphogenesis	1	1	0.8	0.8006	1	BP
GO:0003181	atrioventricular valve morphogenesis	1	1	0.8	0.8006	1	BP
GO:0003183	mitral valve morphogenesis	1	1	0.8	0.8006	1	BP
GO:0003184	pulmonary valve morphogenesis	1	1	0.8	0.8006	1	BP
GO:0003185	sinoatrial valve morphogenesis	1	1	0.8	0.8006	1	BP
GO:0003188	heart valve formation	1	1	0.8	0.8006	1	BP
GO:0030037	actin filament reorganization involved i...	1	1	0.8	0.8006	1	BP
GO:0035441	cell migration involved in vasculogenesi...	1	1	0.8	0.8006	1	BP
GO:0003172	sinoatrial valve development	1	1	0.8	0.8006	1	BP
GO:0003174	mitral valve development	1	1	0.8	0.8006	1	BP
GO:0003175	tricuspid valve development	1	1	0.8	0.8006	1	BP
GO:0003176	aortic valve development	1	1	0.8	0.8006	1	BP
GO:0003177	pulmonary valve development	1	1	0.8	0.8006	1	BP
GO:1905314	semi-lunar valve development	1	1	0.8	0.8006	1	BP
GO:0035435	phosphate ion transmembrane transport	1	1	0.8	0.8006	1	BP
GO:0003127	detection of nodal flow	1	1	0.8	0.8006	1	BP
GO:0003128	heart field specification	1	1	0.8	0.8006	1	BP
GO:1901984	negative regulation of protein acetylati...	1	1	0.8	0.8006	1	BP
GO:1905345	protein localization to cleavage furrow	1	1	0.8	0.8006	1	BP
GO:1905349	ciliary transition zone assembly	1	1	0.8	0.8006	1	BP
GO:0003116	regulation of vasoconstriction by norepi...	1	1	0.8	0.8006	1	BP
GO:0003117	regulation of vasoconstriction by circul...	1	1	0.8	0.8006	1	BP
GO:0003146	heart jogging	1	1	0.8	0.8006	1	BP
GO:0001992	regulation of systemic arterial blood pr...	1	1	0.8	0.8006	1	BP
GO:0003149	membranous septum morphogenesis	1	1	0.8	0.8006	1	BP
GO:0003138	primary heart field specification	1	1	0.8	0.8006	1	BP
GO:0003139	secondary heart field specification	1	1	0.8	0.8006	1	BP
GO:0046385	deoxyribose phosphate biosynthetic proce...	1	1	0.8	0.8006	1	BP
GO:0001961	positive regulation of cytokine-mediated...	1	1	0.8	0.8006	1	BP
GO:0016557	peroxisome membrane biogenesis	1	1	0.8	0.8006	1	BP
GO:0035190	syncytial nuclear migration	1	1	0.8	0.8006	1	BP
GO:0046325	negative regulation of glucose import	1	1	0.8	0.8006	1	BP
GO:0046327	glycerol biosynthetic process from pyruv...	1	1	0.8	0.8006	1	BP
GO:0035196	miRNA processing	1	1	0.8	0.8006	1	BP
GO:0046329	negative regulation of JNK cascade	1	1	0.8	0.8006	1	BP
GO:0001958	endochondral ossification	1	1	0.8	0.8006	1	BP
GO:0042953	lipoprotein transport	1	1	0.8	0.8006	1	BP
GO:1903286	regulation of potassium ion import	1	1	0.8	0.8006	1	BP
GO:1903288	positive regulation of potassium ion imp...	1	1	0.8	0.8006	1	BP
GO:0016575	histone deacetylation	1	1	0.8	0.8006	1	BP
GO:0046340	diacylglycerol catabolic process	1	1	0.8	0.8006	1	BP
GO:0016577	histone demethylation	1	1	0.8	0.8006	1	BP
GO:0001977	renal system process involved in regulat...	1	1	0.8	0.8006	1	BP
GO:0042976	activation of Janus kinase activity	1	1	0.8	0.8006	1	BP
GO:0046337	phosphatidylethanolamine metabolic proce...	1	1	0.8	0.8006	1	BP
GO:0046339	diacylglycerol metabolic process	1	1	0.8	0.8006	1	BP
GO:0035167	larval lymph gland hemopoiesis	1	1	0.8	0.8006	1	BP
GO:0001921	positive regulation of receptor recyclin...	1	1	0.8	0.8006	1	BP
GO:0072069	DCT cell differentiation	1	1	0.8	0.8006	1	BP
GO:0072051	juxtaglomerular apparatus development	1	1	0.8	0.8006	1	BP
GO:0072055	renal cortex development	1	1	0.8	0.8006	1	BP
GO:0001910	regulation of leukocyte mediated cytotox...	1	1	0.8	0.8006	1	BP
GO:0001912	positive regulation of leukocyte mediate...	1	1	0.8	0.8006	1	BP
GO:0072059	cortical collecting duct development	1	1	0.8	0.8006	1	BP
GO:1905461	positive regulation of vascular associat...	1	1	0.8	0.8006	1	BP
GO:0042918	alkanesulfonate transport	1	1	0.8	0.8006	1	BP
GO:0035185	preblastoderm mitotic cell cycle	1	1	0.8	0.8006	1	BP
GO:1900086	positive regulation of peptidyl-tyrosine...	1	1	0.8	0.8006	1	BP
GO:0001941	postsynaptic membrane organization	1	1	0.8	0.8006	1	BP
GO:0042940	D-amino acid transport	1	1	0.8	0.8006	1	BP
GO:1905456	regulation of lymphoid progenitor cell d...	1	1	0.8	0.8006	1	BP
GO:0072071	kidney interstitial fibroblast different...	1	1	0.8	0.8006	1	BP
GO:1905459	regulation of vascular associated smooth...	1	1	0.8	0.8006	1	BP
GO:1903233	regulation of calcium ion-dependent exoc...	1	1	0.8	0.8006	1	BP
GO:0035177	larval foraging behavior	1	1	0.8	0.8006	1	BP
GO:0072023	thick ascending limb development	1	1	0.8	0.8006	1	BP
GO:0072024	macula densa development	1	1	0.8	0.8006	1	BP
GO:0072025	distal convoluted tubule development	1	1	0.8	0.8006	1	BP
GO:0033700	phospholipid efflux	1	1	0.8	0.8006	1	BP
GO:0072014	proximal tubule development	1	1	0.8	0.8006	1	BP
GO:0003284	septum primum development	1	1	0.8	0.8006	1	BP
GO:0072019	proximal convoluted tubule development	1	1	0.8	0.8006	1	BP
GO:0003289	atrial septum primum morphogenesis	1	1	0.8	0.8006	1	BP
GO:1905420	vascular associated smooth muscle cell d...	1	1	0.8	0.8006	1	BP
GO:1900044	regulation of protein K63-linked ubiquit...	1	1	0.8	0.8006	1	BP
GO:1900045	negative regulation of protein K63-linke...	1	1	0.8	0.8006	1	BP
GO:0072049	comma-shaped body morphogenesis	1	1	0.8	0.8006	1	BP
GO:0035149	lumen formation, open tracheal system	1	1	0.8	0.8006	1	BP
GO:0001906	cell killing	1	1	0.8	0.8006	1	BP
GO:0001909	leukocyte mediated cytotoxicity	1	1	0.8	0.8006	1	BP
GO:0003221	right ventricular cardiac muscle tissue ...	1	1	0.8	0.8006	1	BP
GO:0003222	ventricular trabecula myocardium morphog...	1	1	0.8	0.8006	1	BP
GO:0003226	right ventricular compact myocardium mor...	1	1	0.8	0.8006	1	BP
GO:0038203	TORC2 signaling	1	1	0.8	0.8006	1	BP
GO:1900037	regulation of cellular response to hypox...	1	1	0.8	0.8006	1	BP
GO:0003214	cardiac left ventricle morphogenesis	1	1	0.8	0.8006	1	BP
GO:0060965	negative regulation of miRNA-mediated ge...	1	1	0.8	0.8006	1	BP
GO:0060967	negative regulation of gene silencing by...	1	1	0.8	0.8006	1	BP
GO:0003241	growth involved in heart morphogenesis	1	1	0.8	0.8006	1	BP
GO:0000083	regulation of transcription involved in ...	1	1	0.8	0.8006	1	BP
GO:0003243	circumferential growth involved in left ...	1	1	0.8	0.8006	1	BP
GO:1903797	positive regulation of inorganic anion t...	1	1	0.8	0.8006	1	BP
GO:1903798	regulation of miRNA maturation	1	1	0.8	0.8006	1	BP
GO:0060980	cell migration involved in coronary vasc...	1	1	0.8	0.8006	1	BP
GO:0060982	coronary artery morphogenesis	1	1	0.8	0.8006	1	BP
GO:0035106	operant conditioning	1	1	0.8	0.8006	1	BP
GO:0046459	short-chain fatty acid metabolic process	1	1	0.8	0.8006	1	BP
GO:0070365	hepatocyte differentiation	1	1	0.8	0.8006	1	BP
GO:0000028	ribosomal small subunit assembly	1	1	0.8	0.8006	1	BP
GO:0060977	coronary vasculature morphogenesis	1	1	0.8	0.8006	1	BP
GO:0060978	angiogenesis involved in coronary vascul...	1	1	0.8	0.8006	1	BP
GO:0060979	vasculogenesis involved in coronary vasc...	1	1	0.8	0.8006	1	BP
GO:0070358	actin polymerization-dependent cell moti...	1	1	0.8	0.8006	1	BP
GO:0000012	single strand break repair	1	1	0.8	0.8006	1	BP
GO:0046475	glycerophospholipid catabolic process	1	1	0.8	0.8006	1	BP
GO:0046476	glycosylceramide biosynthetic process	1	1	0.8	0.8006	1	BP
GO:0046477	glycosylceramide catabolic process	1	1	0.8	0.8006	1	BP
GO:0006995	cellular response to nitrogen starvation	1	1	0.8	0.8006	1	BP
GO:0046479	glycosphingolipid catabolic process	1	1	0.8	0.8006	1	BP
GO:0006999	nuclear pore organization	1	1	0.8	0.8006	1	BP
GO:0035290	trunk segmentation	1	1	0.8	0.8006	1	BP
GO:0035293	chitin-based larval cuticle pattern form...	1	1	0.8	0.8006	1	BP
GO:0060911	cardiac cell fate commitment	1	1	0.8	0.8006	1	BP
GO:0046427	positive regulation of receptor signalin...	1	1	0.8	0.8006	1	BP
GO:0070375	ERK5 cascade	1	1	0.8	0.8006	1	BP
GO:0099566	regulation of postsynaptic cytosolic cal...	1	1	0.8	0.8006	1	BP
GO:0000038	very long-chain fatty acid metabolic pro...	1	1	0.8	0.8006	1	BP
GO:0099550	trans-synaptic signaling, modulating syn...	1	1	0.8	0.8006	1	BP
GO:0099552	trans-synaptic signaling by lipid, modul...	1	1	0.8	0.8006	1	BP
GO:0099553	trans-synaptic signaling by endocannabin...	1	1	0.8	0.8006	1	BP
GO:0006963	positive regulation of antibacterial pep...	1	1	0.8	0.8006	1	BP
GO:0006968	cellular defense response	1	1	0.8	0.8006	1	BP
GO:0008103	oocyte microtubule cytoskeleton polariza...	1	1	0.8	0.8006	1	BP
GO:0006953	acute-phase response	1	1	0.8	0.8006	1	BP
GO:0046439	L-cysteine metabolic process	1	1	0.8	0.8006	1	BP
GO:0006956	complement activation	1	1	0.8	0.8006	1	BP
GO:0035268	protein mannosylation	1	1	0.8	0.8006	1	BP
GO:0035269	protein O-linked mannosylation	1	1	0.8	0.8006	1	BP
GO:0044794	positive regulation by host of viral pro...	1	1	0.8	0.8006	1	BP
GO:0044795	trans-Golgi network to recycling endosom...	1	1	0.8	0.8006	1	BP
GO:0032095	regulation of response to food	1	1	0.8	0.8006	1	BP
GO:0032096	negative regulation of response to food	1	1	0.8	0.8006	1	BP
GO:0006983	ER overload response	1	1	0.8	0.8006	1	BP
GO:0032098	regulation of appetite	1	1	0.8	0.8006	1	BP
GO:0032099	negative regulation of appetite	1	1	0.8	0.8006	1	BP
GO:1905168	positive regulation of double-strand bre...	1	1	0.8	0.8006	1	BP
GO:0060903	positive regulation of meiosis I	1	1	0.8	0.8006	1	BP
GO:0035287	head segmentation	1	1	0.8	0.8006	1	BP
GO:0035288	anterior head segmentation	1	1	0.8	0.8006	1	BP
GO:0006978	DNA damage response, signal transduction...	1	1	0.8	0.8006	1	BP
GO:0099519	dense core granule cytoskeletal transpor...	1	1	0.8	0.8006	1	BP
GO:0008298	intracellular mRNA localization	1	1	0.8	0.8006	1	BP
GO:0006924	activation-induced cell death of T cells	1	1	0.8	0.8006	1	BP
GO:0006925	inflammatory cell apoptotic process	1	1	0.8	0.8006	1	BP
GO:0099541	trans-synaptic signaling by lipid	1	1	0.8	0.8006	1	BP
GO:0099542	trans-synaptic signaling by endocannabin...	1	1	0.8	0.8006	1	BP
GO:0006911	phagocytosis, engulfment	1	1	0.8	0.8006	1	BP
GO:0035227	regulation of glutamate-cysteine ligase ...	1	1	0.8	0.8006	1	BP
GO:0035229	positive regulation of glutamate-cystein...	1	1	0.8	0.8006	1	BP
GO:0032053	ciliary basal body organization	1	1	0.8	0.8006	1	BP
GO:0032056	positive regulation of translation in re...	1	1	0.8	0.8006	1	BP
GO:0032057	negative regulation of translational ini...	1	1	0.8	0.8006	1	BP
GO:0051967	negative regulation of synaptic transmis...	1	1	0.8	0.8006	1	BP
GO:0044788	modulation by host of viral process	1	1	0.8	0.8006	1	BP
GO:0006931	substrate-dependent cell migration, cell...	1	1	0.8	0.8006	1	BP
GO:0051957	positive regulation of amino acid transp...	1	1	0.8	0.8006	1	BP
GO:0033591	response to L-ascorbic acid	1	1	0.8	0.8006	1	BP
GO:0033594	response to hydroxyisoflavone	1	1	0.8	0.8006	1	BP
GO:0033595	response to genistein	1	1	0.8	0.8006	1	BP
GO:0051970	negative regulation of transmission of n...	1	1	0.8	0.8006	1	BP
GO:1905133	negative regulation of meiotic chromosom...	1	1	0.8	0.8006	1	BP
GO:0044719	regulation of imaginal disc-derived wing...	1	1	0.8	0.8006	1	BP
GO:0061381	cell migration in diencephalon	1	1	0.8	0.8006	1	BP
GO:1903891	regulation of ATF6-mediated unfolded pro...	1	1	0.8	0.8006	1	BP
GO:1903892	negative regulation of ATF6-mediated unf...	1	1	0.8	0.8006	1	BP
GO:0061384	heart trabecula morphogenesis	1	1	0.8	0.8006	1	BP
GO:1903898	negative regulation of PERK-mediated unf...	1	1	0.8	0.8006	1	BP
GO:1903899	positive regulation of PERK-mediated unf...	1	1	0.8	0.8006	1	BP
GO:0061373	mammillary axonal complex development	1	1	0.8	0.8006	1	BP
GO:0051917	regulation of fibrinolysis	1	1	0.8	0.8006	1	BP
GO:0061374	mammillothalamic axonal tract developmen...	1	1	0.8	0.8006	1	BP
GO:0061378	corpora quadrigemina development	1	1	0.8	0.8006	1	BP
GO:0061379	inferior colliculus development	1	1	0.8	0.8006	1	BP
GO:0033563	dorsal/ventral axon guidance	1	1	0.8	0.8006	1	BP
GO:0033564	anterior/posterior axon guidance	1	1	0.8	0.8006	1	BP
GO:0014912	negative regulation of smooth muscle cel...	1	1	0.8	0.8006	1	BP
GO:0046185	aldehyde catabolic process	1	1	0.8	0.8006	1	BP
GO:0022606	establishment of proximal/distal cell po...	1	1	0.8	0.8006	1	BP
GO:0061311	cell surface receptor signaling pathway ...	1	1	0.8	0.8006	1	BP
GO:0061312	BMP signaling pathway involved in heart ...	1	1	0.8	0.8006	1	BP
GO:1903862	positive regulation of oxidative phospho...	1	1	0.8	0.8006	1	BP
GO:0101023	vascular endothelial cell proliferation	1	1	0.8	0.8006	1	BP
GO:0051938	L-glutamate import	1	1	0.8	0.8006	1	BP
GO:0070486	leukocyte aggregation	1	1	0.8	0.8006	1	BP
GO:0070489	T cell aggregation	1	1	0.8	0.8006	1	BP
GO:0035791	platelet-derived growth factor receptor-...	1	1	0.8	0.8006	1	BP
GO:0070471	uterine smooth muscle contraction	1	1	0.8	0.8006	1	BP
GO:0070472	regulation of uterine smooth muscle cont...	1	1	0.8	0.8006	1	BP
GO:0033572	transferrin transport	1	1	0.8	0.8006	1	BP
GO:0070474	positive regulation of uterine smooth mu...	1	1	0.8	0.8006	1	BP
GO:0070475	rRNA base methylation	1	1	0.8	0.8006	1	BP
GO:0032000	positive regulation of fatty acid beta-o...	1	1	0.8	0.8006	1	BP
GO:0033523	histone H2B ubiquitination	1	1	0.8	0.8006	1	BP
GO:0051902	negative regulation of mitochondrial dep...	1	1	0.8	0.8006	1	BP
GO:0051904	pigment granule transport	1	1	0.8	0.8006	1	BP
GO:0051905	establishment of pigment granule localiz...	1	1	0.8	0.8006	1	BP
GO:0070417	cellular response to cold	1	1	0.8	0.8006	1	BP
GO:0046131	pyrimidine ribonucleoside metabolic proc...	1	1	0.8	0.8006	1	BP
GO:0046133	pyrimidine ribonucleoside catabolic proc...	1	1	0.8	0.8006	1	BP
GO:0046135	pyrimidine nucleoside catabolic process	1	1	0.8	0.8006	1	BP
GO:0030381	chorion-containing eggshell pattern form...	1	1	0.8	0.8006	1	BP
GO:0035754	B cell chemotaxis	1	1	0.8	0.8006	1	BP
GO:0099625	ventricular cardiac muscle cell membrane...	1	1	0.8	0.8006	1	BP
GO:1903840	response to arsenite(3-)	1	1	0.8	0.8006	1	BP
GO:1905269	positive regulation of chromatin organiz...	1	1	0.8	0.8006	1	BP
GO:1903841	cellular response to arsenite(3-)	1	1	0.8	0.8006	1	BP
GO:1903842	response to arsenite ion	1	1	0.8	0.8006	1	BP
GO:1903843	cellular response to arsenite ion	1	1	0.8	0.8006	1	BP
GO:1903846	positive regulation of cellular response...	1	1	0.8	0.8006	1	BP
GO:0030325	adrenal gland development	1	1	0.8	0.8006	1	BP
GO:1902093	positive regulation of flagellated sperm...	1	1	0.8	0.8006	1	BP
GO:0035721	intraciliary retrograde transport	1	1	0.8	0.8006	1	BP
GO:1905288	vascular associated smooth muscle cell a...	1	1	0.8	0.8006	1	BP
GO:0044851	hair cycle phase	1	1	0.8	0.8006	1	BP
GO:0033501	galactose homeostasis	1	1	0.8	0.8006	1	BP
GO:0099632	protein transport within plasma membrane	1	1	0.8	0.8006	1	BP
GO:0070407	oxidation-dependent protein catabolic pr...	1	1	0.8	0.8006	1	BP
GO:0099637	neurotransmitter receptor transport	1	1	0.8	0.8006	1	BP
GO:0099639	neurotransmitter receptor transport, end...	1	1	0.8	0.8006	1	BP
GO:1903800	positive regulation of miRNA maturation	1	1	0.8	0.8006	1	BP
GO:0044872	lipoprotein localization	1	1	0.8	0.8006	1	BP
GO:1905214	regulation of RNA binding	1	1	0.8	0.8006	1	BP
GO:1905216	positive regulation of RNA binding	1	1	0.8	0.8006	1	BP
GO:0140321	negative regulation by symbiont of host ...	1	1	0.8	0.8006	1	BP
GO:0018410	C-terminal protein amino acid modificati...	1	1	0.8	0.8006	1	BP
GO:0035733	hepatic stellate cell activation	1	1	0.8	0.8006	1	BP
GO:0044827	modulation by host of viral genome repli...	1	1	0.8	0.8006	1	BP
GO:0044829	positive regulation by host of viral gen...	1	1	0.8	0.8006	1	BP
GO:0070199	establishment of protein localization to...	1	1	0.8	0.8006	1	BP
GO:0030302	deoxynucleotide transport	1	1	0.8	0.8006	1	BP
GO:0002091	negative regulation of receptor internal...	1	1	0.8	0.8006	1	BP
GO:0043090	amino acid import	1	1	0.8	0.8006	1	BP
GO:0002097	tRNA wobble base modification	1	1	0.8	0.8006	1	BP
GO:0044848	biological phase	1	1	0.8	0.8006	1	BP
GO:0002098	tRNA wobble uridine modification	1	1	0.8	0.8006	1	BP
GO:0043094	cellular metabolic compound salvage	1	1	0.8	0.8006	1	BP
GO:0061470	T follicular helper cell differentiation	1	1	0.8	0.8006	1	BP
GO:1902010	negative regulation of translation in re...	1	1	0.8	0.8006	1	BP
GO:0070166	enamel mineralization	1	1	0.8	0.8006	1	BP
GO:1902019	regulation of cilium-dependent cell moti...	1	1	0.8	0.8006	1	BP
GO:0030490	maturation of SSU-rRNA	1	1	0.8	0.8006	1	BP
GO:1902042	negative regulation of extrinsic apoptot...	1	1	0.8	0.8006	1	BP
GO:0030497	fatty acid elongation	1	1	0.8	0.8006	1	BP
GO:1903564	regulation of protein localization to ci...	1	1	0.8	0.8006	1	BP
GO:0106058	positive regulation of calcineurin-media...	1	1	0.8	0.8006	1	BP
GO:1903565	negative regulation of protein localizat...	1	1	0.8	0.8006	1	BP
GO:1903567	regulation of protein localization to ci...	1	1	0.8	0.8006	1	BP
GO:0002063	chondrocyte development	1	1	0.8	0.8006	1	BP
GO:1903568	negative regulation of protein localizat...	1	1	0.8	0.8006	1	BP
GO:0061419	positive regulation of transcription fro...	1	1	0.8	0.8006	1	BP
GO:0033684	regulation of luteinizing hormone secret...	1	1	0.8	0.8006	1	BP
GO:0033685	negative regulation of luteinizing hormo...	1	1	0.8	0.8006	1	BP
GO:1902036	regulation of hematopoietic stem cell di...	1	1	0.8	0.8006	1	BP
GO:0002069	columnar/cuboidal epithelial cell matura...	1	1	0.8	0.8006	1	BP
GO:0072396	response to cell cycle checkpoint signal...	1	1	0.8	0.8006	1	BP
GO:0044804	autophagy of nucleus	1	1	0.8	0.8006	1	BP
GO:0044805	late nucleophagy	1	1	0.8	0.8006	1	BP
GO:0061430	bone trabecula morphogenesis	1	1	0.8	0.8006	1	BP
GO:0061433	cellular response to caloric restriction	1	1	0.8	0.8006	1	BP
GO:0002082	regulation of oxidative phosphorylation	1	1	0.8	0.8006	1	BP
GO:0043084	penile erection	1	1	0.8	0.8006	1	BP
GO:0018196	peptidyl-asparagine modification	1	1	0.8	0.8006	1	BP
GO:0018197	peptidyl-aspartic acid modification	1	1	0.8	0.8006	1	BP
GO:1903579	negative regulation of ATP metabolic pro...	1	1	0.8	0.8006	1	BP
GO:1903521	positive regulation of mammary gland inv...	1	1	0.8	0.8006	1	BP
GO:0035864	response to potassium ion	1	1	0.8	0.8006	1	BP
GO:1900369	negative regulation of post-transcriptio...	1	1	0.8	0.8006	1	BP
GO:0035852	horizontal cell localization	1	1	0.8	0.8006	1	BP
GO:0061402	positive regulation of transcription fro...	1	1	0.8	0.8006	1	BP
GO:1903515	calcium ion transport from cytosol to en...	1	1	0.8	0.8006	1	BP
GO:0033630	positive regulation of cell adhesion med...	1	1	0.8	0.8006	1	BP
GO:0030473	nuclear migration along microtubule	1	1	0.8	0.8006	1	BP
GO:0033632	regulation of cell-cell adhesion mediate...	1	1	0.8	0.8006	1	BP
GO:1903519	regulation of mammary gland involution	1	1	0.8	0.8006	1	BP
GO:0002016	regulation of blood volume by renin-angi...	1	1	0.8	0.8006	1	BP
GO:0035880	embryonic nail plate morphogenesis	1	1	0.8	0.8006	1	BP
GO:1903540	establishment of protein localization to...	1	1	0.8	0.8006	1	BP
GO:0030422	siRNA processing	1	1	0.8	0.8006	1	BP
GO:1900370	positive regulation of post-transcriptio...	1	1	0.8	0.8006	1	BP
GO:1900372	negative regulation of purine nucleotide...	1	1	0.8	0.8006	1	BP
GO:0035873	lactate transmembrane transport	1	1	0.8	0.8006	1	BP
GO:1903533	regulation of protein targeting	1	1	0.8	0.8006	1	BP
GO:0072376	protein activation cascade	1	1	0.8	0.8006	1	BP
GO:0035878	nail development	1	1	0.8	0.8006	1	BP
GO:0035879	plasma membrane lactate transport	1	1	0.8	0.8006	1	BP
GO:1903539	protein localization to postsynaptic mem...	1	1	0.8	0.8006	1	BP
GO:0002035	brain renin-angiotensin system	1	1	0.8	0.8006	1	BP
GO:0043030	regulation of macrophage activation	1	1	0.8	0.8006	1	BP
GO:0043032	positive regulation of macrophage activa...	1	1	0.8	0.8006	1	BP
GO:0043038	amino acid activation	1	1	0.8	0.8006	1	BP
GO:0043039	tRNA aminoacylation	1	1	0.8	0.8006	1	BP
GO:0070101	positive regulation of chemokine-mediate...	1	1	0.8	0.8006	1	BP
GO:0033601	positive regulation of mammary gland epi...	1	1	0.8	0.8006	1	BP
GO:0061199	striated muscle contraction involved in ...	1	1	0.8	0.8006	1	BP
GO:0030449	regulation of complement activation	1	1	0.8	0.8006	1	BP
GO:0035814	negative regulation of renal sodium excr...	1	1	0.8	0.8006	1	BP
GO:0010085	polarity specification of proximal/dista...	1	1	0.8	0.8006	1	BP
GO:0055113	epiboly involved in gastrulation with mo...	1	1	0.8	0.8006	1	BP
GO:0055116	entry into reproductive diapause	1	1	0.8	0.8006	1	BP
GO:0035846	oviduct epithelium development	1	1	0.8	0.8006	1	BP
GO:0035847	uterine epithelium development	1	1	0.8	0.8006	1	BP
GO:0055118	negative regulation of cardiac muscle co...	1	1	0.8	0.8006	1	BP
GO:0035849	nephric duct elongation	1	1	0.8	0.8006	1	BP
GO:0055119	relaxation of cardiac muscle	1	1	0.8	0.8006	1	BP
GO:0072337	modified amino acid transport	1	1	0.8	0.8006	1	BP
GO:0061158	3'-UTR-mediated mRNA destabilization	1	1	0.8	0.8006	1	BP
GO:0018149	peptide cross-linking	1	1	0.8	0.8006	1	BP
GO:1903690	negative regulation of wound healing, sp...	1	1	0.8	0.8006	1	BP
GO:0010044	response to aluminum ion	1	1	0.8	0.8006	1	BP
GO:0070262	peptidyl-serine dephosphorylation	1	1	0.8	0.8006	1	BP
GO:0000320	re-entry into mitotic cell cycle	1	1	0.8	0.8006	1	BP
GO:0055107	Golgi to secretory granule transport	1	1	0.8	0.8006	1	BP
GO:0070253	somatostatin secretion	1	1	0.8	0.8006	1	BP
GO:0070256	negative regulation of mucus secretion	1	1	0.8	0.8006	1	BP
GO:0070257	positive regulation of mucus secretion	1	1	0.8	0.8006	1	BP
GO:0070285	pigment cell development	1	1	0.8	0.8006	1	BP
GO:0046722	lactic acid secretion	1	1	0.8	0.8006	1	BP
GO:0072497	mesenchymal stem cell differentiation	1	1	0.8	0.8006	1	BP
GO:0070276	halogen metabolic process	1	1	0.8	0.8006	1	BP
GO:0046710	GDP metabolic process	1	1	0.8	0.8006	1	BP
GO:1903689	regulation of wound healing, spreading o...	1	1	0.8	0.8006	1	BP
GO:0018293	protein-FAD linkage	1	1	0.8	0.8006	1	BP
GO:1903674	regulation of cap-dependent translationa...	1	1	0.8	0.8006	1	BP
GO:0048060	negative gravitaxis	1	1	0.8	0.8006	1	BP
GO:1903676	positive regulation of cap-dependent tra...	1	1	0.8	0.8006	1	BP
GO:1903677	regulation of cap-independent translatio...	1	1	0.8	0.8006	1	BP
GO:1903679	positive regulation of cap-independent t...	1	1	0.8	0.8006	1	BP
GO:0030157	pancreatic juice secretion	1	1	0.8	0.8006	1	BP
GO:0016926	protein desumoylation	1	1	0.8	0.8006	1	BP
GO:0048069	eye pigmentation	1	1	0.8	0.8006	1	BP
GO:1903624	regulation of DNA catabolic process	1	1	0.8	0.8006	1	BP
GO:0044691	tooth eruption	1	1	0.8	0.8006	1	BP
GO:0048050	post-embryonic eye morphogenesis	1	1	0.8	0.8006	1	BP
GO:1903626	positive regulation of DNA catabolic pro...	1	1	0.8	0.8006	1	BP
GO:0070243	regulation of thymocyte apoptotic proces...	1	1	0.8	0.8006	1	BP
GO:0070244	negative regulation of thymocyte apoptot...	1	1	0.8	0.8006	1	BP
GO:0032392	DNA geometric change	1	1	0.8	0.8006	1	BP
GO:0000303	response to superoxide	1	1	0.8	0.8006	1	BP
GO:1900453	negative regulation of long-term synapti...	1	1	0.8	0.8006	1	BP
GO:0030174	regulation of DNA-templated DNA replicat...	1	1	0.8	0.8006	1	BP
GO:0070235	regulation of activation-induced cell de...	1	1	0.8	0.8006	1	BP
GO:0070236	negative regulation of activation-induce...	1	1	0.8	0.8006	1	BP
GO:0048087	positive regulation of developmental pig...	1	1	0.8	0.8006	1	BP
GO:1905868	regulation of 3'-UTR-mediated mRNA stabi...	1	1	0.8	0.8006	1	BP
GO:0035584	calcium-mediated signaling using intrace...	1	1	0.8	0.8006	1	BP
GO:1903644	regulation of chaperone-mediated protein...	1	1	0.8	0.8006	1	BP
GO:0007076	mitotic chromosome condensation	1	1	0.8	0.8006	1	BP
GO:0048072	compound eye pigmentation	1	1	0.8	0.8006	1	BP
GO:0048073	regulation of eye pigmentation	1	1	0.8	0.8006	1	BP
GO:1905852	positive regulation of backward locomoti...	1	1	0.8	0.8006	1	BP
GO:0048076	regulation of compound eye pigmentation	1	1	0.8	0.8006	1	BP
GO:0048025	negative regulation of mRNA splicing, vi...	1	1	0.8	0.8006	1	BP
GO:0048026	positive regulation of mRNA splicing, vi...	1	1	0.8	0.8006	1	BP
GO:0000491	small nucleolar ribonucleoprotein comple...	1	1	0.8	0.8006	1	BP
GO:0000492	box C/D snoRNP assembly	1	1	0.8	0.8006	1	BP
GO:0072423	response to DNA damage checkpoint signal...	1	1	0.8	0.8006	1	BP
GO:1900425	negative regulation of defense response ...	1	1	0.8	0.8006	1	BP
GO:1900426	positive regulation of defense response ...	1	1	0.8	0.8006	1	BP
GO:0048012	hepatocyte growth factor receptor signal...	1	1	0.8	0.8006	1	BP
GO:0030149	sphingolipid catabolic process	1	1	0.8	0.8006	1	BP
GO:0035511	oxidative DNA demethylation	1	1	0.8	0.8006	1	BP
GO:0032354	response to follicle-stimulating hormone	1	1	0.8	0.8006	1	BP
GO:0018279	protein N-linked glycosylation via aspar...	1	1	0.8	0.8006	1	BP
GO:0032387	negative regulation of intracellular tra...	1	1	0.8	0.8006	1	BP
GO:1903608	protein localization to cytoplasmic stre...	1	1	0.8	0.8006	1	BP
GO:0000462	maturation of SSU-rRNA from tricistronic...	1	1	0.8	0.8006	1	BP
GO:0032373	positive regulation of sterol transport	1	1	0.8	0.8006	1	BP
GO:0000466	maturation of 5.8S rRNA from tricistroni...	1	1	0.8	0.8006	1	BP
GO:0032376	positive regulation of cholesterol trans...	1	1	0.8	0.8006	1	BP
GO:0008586	imaginal disc-derived wing vein morphoge...	1	1	0.8	0.8006	1	BP
GO:1905833	negative regulation of microtubule nucle...	1	1	0.8	0.8006	1	BP
GO:0000480	endonucleolytic cleavage in 5'-ETS of tr...	1	1	0.8	0.8006	1	BP
GO:0007000	nucleolus organization	1	1	0.8	0.8006	1	BP
GO:0007008	outer mitochondrial membrane organizatio...	1	1	0.8	0.8006	1	BP
GO:0046851	negative regulation of bone remodeling	1	1	0.8	0.8006	1	BP
GO:0046852	positive regulation of bone remodeling	1	1	0.8	0.8006	1	BP
GO:0048009	insulin-like growth factor receptor sign...	1	1	0.8	0.8006	1	BP
GO:0140131	positive regulation of lymphocyte chemot...	1	1	0.8	0.8006	1	BP
GO:0072402	response to DNA integrity checkpoint sig...	1	1	0.8	0.8006	1	BP
GO:0000478	endonucleolytic cleavage involved in rRN...	1	1	0.8	0.8006	1	BP
GO:0000479	endonucleolytic cleavage of tricistronic...	1	1	0.8	0.8006	1	BP
GO:0052040	modulation by symbiont of host programme...	1	1	0.8	0.8006	1	BP
GO:1900193	regulation of oocyte maturation	1	1	0.8	0.8006	1	BP
GO:0072194	kidney smooth muscle tissue development	1	1	0.8	0.8006	1	BP
GO:0035695	mitophagy by induced vacuole formation	1	1	0.8	0.8006	1	BP
GO:1900195	positive regulation of oocyte maturation	1	1	0.8	0.8006	1	BP
GO:0070777	D-aspartate transport	1	1	0.8	0.8006	1	BP
GO:0070778	L-aspartate transmembrane transport	1	1	0.8	0.8006	1	BP
GO:0070779	D-aspartate import across plasma membran...	1	1	0.8	0.8006	1	BP
GO:0030265	phospholipase C-activating rhodopsin med...	1	1	0.8	0.8006	1	BP
GO:0030259	lipid glycosylation	1	1	0.8	0.8006	1	BP
GO:0046834	lipid phosphorylation	1	1	0.8	0.8006	1	BP
GO:0039021	pronephric glomerulus development	1	1	0.8	0.8006	1	BP
GO:0035666	TRIF-dependent toll-like receptor signal...	1	1	0.8	0.8006	1	BP
GO:1900151	regulation of nuclear-transcribed mRNA c...	1	1	0.8	0.8006	1	BP
GO:1900153	positive regulation of nuclear-transcrib...	1	1	0.8	0.8006	1	BP
GO:0061205	paramesonephric duct development	1	1	0.8	0.8006	1	BP
GO:1905562	regulation of vascular endothelial cell ...	1	1	0.8	0.8006	1	BP
GO:2000010	positive regulation of protein localizat...	1	1	0.8	0.8006	1	BP
GO:1905563	negative regulation of vascular endothel...	1	1	0.8	0.8006	1	BP
GO:1900181	negative regulation of protein localizat...	1	1	0.8	0.8006	1	BP
GO:0072182	regulation of nephron tubule epithelial ...	1	1	0.8	0.8006	1	BP
GO:0045060	negative thymic T cell selection	1	1	0.8	0.8006	1	BP
GO:0045061	thymic T cell selection	1	1	0.8	0.8006	1	BP
GO:0072185	metanephric cap development	1	1	0.8	0.8006	1	BP
GO:0030220	platelet formation	1	1	0.8	0.8006	1	BP
GO:1900186	negative regulation of clathrin-dependen...	1	1	0.8	0.8006	1	BP
GO:0072186	metanephric cap morphogenesis	1	1	0.8	0.8006	1	BP
GO:0045066	regulatory T cell differentiation	1	1	0.8	0.8006	1	BP
GO:0045069	regulation of viral genome replication	1	1	0.8	0.8006	1	BP
GO:0035674	tricarboxylic acid transmembrane transpo...	1	1	0.8	0.8006	1	BP
GO:0035675	neuromast hair cell development	1	1	0.8	0.8006	1	BP
GO:0030212	hyaluronan metabolic process	1	1	0.8	0.8006	1	BP
GO:0072178	nephric duct morphogenesis	1	1	0.8	0.8006	1	BP
GO:0072179	nephric duct formation	1	1	0.8	0.8006	1	BP
GO:0030214	hyaluronan catabolic process	1	1	0.8	0.8006	1	BP
GO:0045058	T cell selection	1	1	0.8	0.8006	1	BP
GO:0045059	positive thymic T cell selection	1	1	0.8	0.8006	1	BP
GO:1900121	negative regulation of receptor binding	1	1	0.8	0.8006	1	BP
GO:0061792	secretory granule maturation	1	1	0.8	0.8006	1	BP
GO:0030241	skeletal muscle myosin thick filament as...	1	1	0.8	0.8006	1	BP
GO:0072111	cell proliferation involved in kidney de...	1	1	0.8	0.8006	1	BP
GO:0045070	positive regulation of viral genome repl...	1	1	0.8	0.8006	1	BP
GO:0072114	pronephros morphogenesis	1	1	0.8	0.8006	1	BP
GO:0035617	stress granule disassembly	1	1	0.8	0.8006	1	BP
GO:1902362	melanocyte apoptotic process	1	1	0.8	0.8006	1	BP
GO:1905521	regulation of macrophage migration	1	1	0.8	0.8006	1	BP
GO:0035640	exploration behavior	1	1	0.8	0.8006	1	BP
GO:0035641	locomotory exploration behavior	1	1	0.8	0.8006	1	BP
GO:1900144	positive regulation of BMP secretion	1	1	0.8	0.8006	1	BP
GO:0045023	G0 to G1 transition	1	1	0.8	0.8006	1	BP
GO:0032489	regulation of Cdc42 protein signal trans...	1	1	0.8	0.8006	1	BP
GO:0072148	epithelial cell fate commitment	1	1	0.8	0.8006	1	BP
GO:0000160	phosphorelay signal transduction system	1	1	0.8	0.8006	1	BP
GO:0032470	positive regulation of endoplasmic retic...	1	1	0.8	0.8006	1	BP
GO:1905516	positive regulation of fertilization	1	1	0.8	0.8006	1	BP
GO:1905517	macrophage migration	1	1	0.8	0.8006	1	BP
GO:0072131	kidney mesenchyme morphogenesis	1	1	0.8	0.8006	1	BP
GO:1905518	regulation of presynaptic active zone as...	1	1	0.8	0.8006	1	BP
GO:1905519	negative regulation of presynaptic activ...	1	1	0.8	0.8006	1	BP
GO:0072133	metanephric mesenchyme morphogenesis	1	1	0.8	0.8006	1	BP
GO:0032475	otolith formation	1	1	0.8	0.8006	1	BP
GO:2000008	regulation of protein localization to ce...	1	1	0.8	0.8006	1	BP
GO:0061763	multivesicular body-lysosome fusion	1	1	0.8	0.8006	1	BP
GO:0032429	regulation of phospholipase A2 activity	1	1	0.8	0.8006	1	BP
GO:0045046	protein import into peroxisome membrane	1	1	0.8	0.8006	1	BP
GO:1902378	VEGF-activated neuropilin signaling path...	1	1	0.8	0.8006	1	BP
GO:0000183	rDNA heterochromatin formation	1	1	0.8	0.8006	1	BP
GO:0032430	positive regulation of phospholipase A2 ...	1	1	0.8	0.8006	1	BP
GO:0032431	activation of phospholipase A2 activity	1	1	0.8	0.8006	1	BP
GO:0061727	methylglyoxal catabolic process to lacta...	1	1	0.8	0.8006	1	BP
GO:0070886	positive regulation of calcineurin-NFAT ...	1	1	0.8	0.8006	1	BP
GO:1902336	positive regulation of retinal ganglion ...	1	1	0.8	0.8006	1	BP
GO:1902337	regulation of apoptotic process involved...	1	1	0.8	0.8006	1	BP
GO:1902339	positive regulation of apoptotic process...	1	1	0.8	0.8006	1	BP
GO:0043366	beta selection	1	1	0.8	0.8006	1	BP
GO:0043368	positive T cell selection	1	1	0.8	0.8006	1	BP
GO:0061744	motor behavior	1	1	0.8	0.8006	1	BP
GO:0002351	serotonin production involved in inflamm...	1	1	0.8	0.8006	1	BP
GO:0002352	B cell negative selection	1	1	0.8	0.8006	1	BP
GO:0002358	B cell homeostatic proliferation	1	1	0.8	0.8006	1	BP
GO:0032400	melanosome localization	1	1	0.8	0.8006	1	BP
GO:0032401	establishment of melanosome localization	1	1	0.8	0.8006	1	BP
GO:0032402	melanosome transport	1	1	0.8	0.8006	1	BP
GO:0046514	ceramide catabolic process	1	1	0.8	0.8006	1	BP
GO:0002381	immunoglobulin production involved in im...	1	1	0.8	0.8006	1	BP
GO:0043383	negative T cell selection	1	1	0.8	0.8006	1	BP
GO:0002377	immunoglobulin production	1	1	0.8	0.8006	1	BP
GO:1902307	positive regulation of sodium ion transm...	1	1	0.8	0.8006	1	BP
GO:0043374	CD8-positive, alpha-beta T cell differen...	1	1	0.8	0.8006	1	BP
GO:0043376	regulation of CD8-positive, alpha-beta T...	1	1	0.8	0.8006	1	BP
GO:0043378	positive regulation of CD8-positive, alp...	1	1	0.8	0.8006	1	BP
GO:0002323	natural killer cell activation involved ...	1	1	0.8	0.8006	1	BP
GO:0043320	natural killer cell degranulation	1	1	0.8	0.8006	1	BP
GO:0002327	immature B cell differentiation	1	1	0.8	0.8006	1	BP
GO:0043321	regulation of natural killer cell degran...	1	1	0.8	0.8006	1	BP
GO:0043323	positive regulation of natural killer ce...	1	1	0.8	0.8006	1	BP
GO:0000101	sulfur amino acid transport	1	1	0.8	0.8006	1	BP
GO:0043328	protein transport to vacuole involved in...	1	1	0.8	0.8006	1	BP
GO:0070831	basement membrane assembly	1	1	0.8	0.8006	1	BP
GO:0002313	mature B cell differentiation involved i...	1	1	0.8	0.8006	1	BP
GO:0002315	marginal zone B cell differentiation	1	1	0.8	0.8006	1	BP
GO:0043313	regulation of neutrophil degranulation	1	1	0.8	0.8006	1	BP
GO:0072278	metanephric comma-shaped body morphogene...	1	1	0.8	0.8006	1	BP
GO:0002335	mature B cell differentiation	1	1	0.8	0.8006	1	BP
GO:0050427	3'-phosphoadenosine 5'-phosphosulfate me...	1	1	0.8	0.8006	1	BP
GO:0030717	oocyte karyosome formation	1	1	0.8	0.8006	1	BP
GO:0002339	B cell selection	1	1	0.8	0.8006	1	BP
GO:0072221	metanephric distal convoluted tubule dev...	1	1	0.8	0.8006	1	BP
GO:0061890	positive regulation of astrocyte activat...	1	1	0.8	0.8006	1	BP
GO:0072224	metanephric glomerulus development	1	1	0.8	0.8006	1	BP
GO:0072227	metanephric macula densa development	1	1	0.8	0.8006	1	BP
GO:0010359	regulation of anion channel activity	1	1	0.8	0.8006	1	BP
GO:0009068	aspartate family amino acid catabolic pr...	1	1	0.8	0.8006	1	BP
GO:0072214	metanephric cortex development	1	1	0.8	0.8006	1	BP
GO:0072215	regulation of metanephros development	1	1	0.8	0.8006	1	BP
GO:0072216	positive regulation of metanephros devel...	1	1	0.8	0.8006	1	BP
GO:0010383	cell wall polysaccharide metabolic proce...	1	1	0.8	0.8006	1	BP
GO:0072219	metanephric cortical collecting duct dev...	1	1	0.8	0.8006	1	BP
GO:0010387	COP9 signalosome assembly	1	1	0.8	0.8006	1	BP
GO:1902463	protein localization to cell leading edg...	1	1	0.8	0.8006	1	BP
GO:0072240	metanephric DCT cell differentiation	1	1	0.8	0.8006	1	BP
GO:1900241	positive regulation of phenotypic switch...	1	1	0.8	0.8006	1	BP
GO:1900242	regulation of synaptic vesicle endocytos...	1	1	0.8	0.8006	1	BP
GO:1900244	positive regulation of synaptic vesicle ...	1	1	0.8	0.8006	1	BP
GO:0010378	temperature compensation of the circadia...	1	1	0.8	0.8006	1	BP
GO:0009084	glutamine family amino acid biosynthetic...	1	1	0.8	0.8006	1	BP
GO:0043303	mast cell degranulation	1	1	0.8	0.8006	1	BP
GO:0043304	regulation of mast cell degranulation	1	1	0.8	0.8006	1	BP
GO:0043306	positive regulation of mast cell degranu...	1	1	0.8	0.8006	1	BP
GO:0072233	metanephric thick ascending limb develop...	1	1	0.8	0.8006	1	BP
GO:1900239	regulation of phenotypic switching	1	1	0.8	0.8006	1	BP
GO:0070593	dendrite self-avoidance	1	1	0.8	0.8006	1	BP
GO:0009078	pyruvate family amino acid metabolic pro...	1	1	0.8	0.8006	1	BP
GO:0021796	cerebral cortex regionalization	1	1	0.8	0.8006	1	BP
GO:0140718	facultative heterochromatin formation	1	1	0.8	0.8006	1	BP
GO:0021798	forebrain dorsal/ventral pattern formati...	1	1	0.8	0.8006	1	BP
GO:0030706	germarium-derived oocyte differentiation	1	1	0.8	0.8006	1	BP
GO:0030708	germarium-derived female germ-line cyst ...	1	1	0.8	0.8006	1	BP
GO:1905634	regulation of protein localization to ch...	1	1	0.8	0.8006	1	BP
GO:0030709	border follicle cell delamination	1	1	0.8	0.8006	1	BP
GO:0046664	dorsal closure, amnioserosa morphology c...	1	1	0.8	0.8006	1	BP
GO:0046667	compound eye retinal cell programmed cel...	1	1	0.8	0.8006	1	BP
GO:0015727	lactate transport	1	1	0.8	0.8006	1	BP
GO:0046668	regulation of retinal cell programmed ce...	1	1	0.8	0.8006	1	BP
GO:0046669	regulation of compound eye retinal cell ...	1	1	0.8	0.8006	1	BP
GO:0061888	regulation of astrocyte activation	1	1	0.8	0.8006	1	BP
GO:0072201	negative regulation of mesenchymal cell ...	1	1	0.8	0.8006	1	BP
GO:0072203	cell proliferation involved in metanephr...	1	1	0.8	0.8006	1	BP
GO:0072206	metanephric juxtaglomerular apparatus de...	1	1	0.8	0.8006	1	BP
GO:0032148	activation of protein kinase B activity	1	1	0.8	0.8006	1	BP
GO:1902410	mitotic cytokinetic process	1	1	0.8	0.8006	1	BP
GO:0072208	metanephric smooth muscle tissue develop...	1	1	0.8	0.8006	1	BP
GO:1902412	regulation of mitotic cytokinesis	1	1	0.8	0.8006	1	BP
GO:1902415	regulation of mRNA binding	1	1	0.8	0.8006	1	BP
GO:0046680	response to DDT	1	1	0.8	0.8006	1	BP
GO:1902416	positive regulation of mRNA binding	1	1	0.8	0.8006	1	BP
GO:0015743	malate transport	1	1	0.8	0.8006	1	BP
GO:1902445	regulation of mitochondrial membrane per...	1	1	0.8	0.8006	1	BP
GO:0046671	negative regulation of retinal cell prog...	1	1	0.8	0.8006	1	BP
GO:1905606	regulation of presynapse assembly	1	1	0.8	0.8006	1	BP
GO:0046673	negative regulation of compound eye reti...	1	1	0.8	0.8006	1	BP
GO:1905607	negative regulation of presynapse assemb...	1	1	0.8	0.8006	1	BP
GO:0015734	taurine transport	1	1	0.8	0.8006	1	BP
GO:0007390	germ-band shortening	1	1	0.8	0.8006	1	BP
GO:1903961	positive regulation of anion transmembra...	1	1	0.8	0.8006	1	BP
GO:0046676	negative regulation of insulin secretion	1	1	0.8	0.8006	1	BP
GO:0007396	suture of dorsal opening	1	1	0.8	0.8006	1	BP
GO:0046621	negative regulation of organ growth	1	1	0.8	0.8006	1	BP
GO:0120316	sperm flagellum assembly	1	1	0.8	0.8006	1	BP
GO:0021785	branchiomotor neuron axon guidance	1	1	0.8	0.8006	1	BP
GO:0046629	gamma-delta T cell activation	1	1	0.8	0.8006	1	BP
GO:0070571	negative regulation of neuron projection...	1	1	0.8	0.8006	1	BP
GO:1903980	positive regulation of microglial cell a...	1	1	0.8	0.8006	1	BP
GO:0032105	negative regulation of response to extra...	1	1	0.8	0.8006	1	BP
GO:0002480	antigen processing and presentation of e...	1	1	0.8	0.8006	1	BP
GO:0032108	negative regulation of response to nutri...	1	1	0.8	0.8006	1	BP
GO:0046619	lens placode formation involved in camer...	1	1	0.8	0.8006	1	BP
GO:0002483	antigen processing and presentation of e...	1	1	0.8	0.8006	1	BP
GO:0046640	regulation of alpha-beta T cell prolifer...	1	1	0.8	0.8006	1	BP
GO:0046641	positive regulation of alpha-beta T cell...	1	1	0.8	0.8006	1	BP
GO:0015701	bicarbonate transport	1	1	0.8	0.8006	1	BP
GO:0046643	regulation of gamma-delta T cell activat...	1	1	0.8	0.8006	1	BP
GO:0046645	positive regulation of gamma-delta T cel...	1	1	0.8	0.8006	1	BP
GO:0015705	iodide transport	1	1	0.8	0.8006	1	BP
GO:0007366	periodic partitioning by pair rule gene	1	1	0.8	0.8006	1	BP
GO:0007367	segment polarity determination	1	1	0.8	0.8006	1	BP
GO:1903978	regulation of microglial cell activation	1	1	0.8	0.8006	1	BP
GO:0030858	positive regulation of epithelial cell d...	1	1	0.8	0.8006	1	BP
GO:0048368	lateral mesoderm development	1	1	0.8	0.8006	1	BP
GO:0046633	alpha-beta T cell proliferation	1	1	0.8	0.8006	1	BP
GO:0048369	lateral mesoderm morphogenesis	1	1	0.8	0.8006	1	BP
GO:0007354	zygotic determination of anterior/poster...	1	1	0.8	0.8006	1	BP
GO:0007355	anterior region determination	1	1	0.8	0.8006	1	BP
GO:1903927	response to cyanide	1	1	0.8	0.8006	1	BP
GO:1903928	cellular response to cyanide	1	1	0.8	0.8006	1	BP
GO:1903929	primary palate development	1	1	0.8	0.8006	1	BP
GO:0030889	negative regulation of B cell proliferat...	1	1	0.8	0.8006	1	BP
GO:1903912	negative regulation of endoplasmic retic...	1	1	0.8	0.8006	1	BP
GO:0007386	compartment pattern specification	1	1	0.8	0.8006	1	BP
GO:0048388	endosomal lumen acidification	1	1	0.8	0.8006	1	BP
GO:0002442	serotonin secretion involved in inflamma...	1	1	0.8	0.8006	1	BP
GO:0048370	lateral mesoderm formation	1	1	0.8	0.8006	1	BP
GO:0002448	mast cell mediated immunity	1	1	0.8	0.8006	1	BP
GO:1903935	response to sodium arsenite	1	1	0.8	0.8006	1	BP
GO:0030812	negative regulation of nucleotide catabo...	1	1	0.8	0.8006	1	BP
GO:0007310	oocyte dorsal/ventral axis specification	1	1	0.8	0.8006	1	BP
GO:0061590	calcium activated phosphatidylcholine sc...	1	1	0.8	0.8006	1	BP
GO:0061591	calcium activated galactosylceramide scr...	1	1	0.8	0.8006	1	BP
GO:0007316	pole plasm RNA localization	1	1	0.8	0.8006	1	BP
GO:0007317	regulation of pole plasm oskar mRNA loca...	1	1	0.8	0.8006	1	BP
GO:0048312	intracellular distribution of mitochondr...	1	1	0.8	0.8006	1	BP
GO:0072718	response to cisplatin	1	1	0.8	0.8006	1	BP
GO:0017000	antibiotic biosynthetic process	1	1	0.8	0.8006	1	BP
GO:0048340	paraxial mesoderm morphogenesis	1	1	0.8	0.8006	1	BP
GO:0007347	regulation of preblastoderm mitotic cell...	1	1	0.8	0.8006	1	BP
GO:0048341	paraxial mesoderm formation	1	1	0.8	0.8006	1	BP
GO:0030837	negative regulation of actin filament po...	1	1	0.8	0.8006	1	BP
GO:0072741	protein localization to cell division si...	1	1	0.8	0.8006	1	BP
GO:0015858	nucleoside transport	1	1	0.8	0.8006	1	BP
GO:0043403	skeletal muscle tissue regeneration	1	1	0.8	0.8006	1	BP
GO:0048339	paraxial mesoderm development	1	1	0.8	0.8006	1	BP
GO:0032274	gonadotropin secretion	1	1	0.8	0.8006	1	BP
GO:0072733	response to staurosporine	1	1	0.8	0.8006	1	BP
GO:0032275	luteinizing hormone secretion	1	1	0.8	0.8006	1	BP
GO:0072734	cellular response to staurosporine	1	1	0.8	0.8006	1	BP
GO:0032276	regulation of gonadotropin secretion	1	1	0.8	0.8006	1	BP
GO:0032277	negative regulation of gonadotropin secr...	1	1	0.8	0.8006	1	BP
GO:0015888	thiamine transport	1	1	0.8	0.8006	1	BP
GO:0015871	choline transport	1	1	0.8	0.8006	1	BP
GO:0061552	ganglion morphogenesis	1	1	0.8	0.8006	1	BP
GO:1902170	cellular response to reactive nitrogen s...	1	1	0.8	0.8006	1	BP
GO:1902177	positive regulation of oxidative stress-...	1	1	0.8	0.8006	1	BP
GO:0030809	negative regulation of nucleotide biosyn...	1	1	0.8	0.8006	1	BP
GO:0002190	cap-independent translational initiation	1	1	0.8	0.8006	1	BP
GO:0002191	cap-dependent translational initiation	1	1	0.8	0.8006	1	BP
GO:1902120	negative regulation of meiotic spindle e...	1	1	0.8	0.8006	1	BP
GO:0010446	response to alkaline pH	1	1	0.8	0.8006	1	BP
GO:0061588	calcium activated phospholipid scramblin...	1	1	0.8	0.8006	1	BP
GO:0015811	L-cystine transport	1	1	0.8	0.8006	1	BP
GO:0032241	positive regulation of nucleobase-contai...	1	1	0.8	0.8006	1	BP
GO:0032242	regulation of nucleoside transport	1	1	0.8	0.8006	1	BP
GO:0015813	L-glutamate transmembrane transport	1	1	0.8	0.8006	1	BP
GO:0072702	response to methyl methanesulfonate	1	1	0.8	0.8006	1	BP
GO:0032244	positive regulation of nucleoside transp...	1	1	0.8	0.8006	1	BP
GO:0072703	cellular response to methyl methanesulfo...	1	1	0.8	0.8006	1	BP
GO:0015819	lysine transport	1	1	0.8	0.8006	1	BP
GO:0061577	calcium ion transmembrane transport via ...	1	1	0.8	0.8006	1	BP
GO:0070664	negative regulation of leukocyte prolife...	1	1	0.8	0.8006	1	BP
GO:1902119	regulation of meiotic spindle elongation	1	1	0.8	0.8006	1	BP
GO:0032239	regulation of nucleobase-containing comp...	1	1	0.8	0.8006	1	BP
GO:0021869	forebrain ventricular zone progenitor ce...	1	1	0.8	0.8006	1	BP
GO:0007490	tergite morphogenesis	1	1	0.8	0.8006	1	BP
GO:0021852	pyramidal neuron migration to cerebral c...	1	1	0.8	0.8006	1	BP
GO:0000715	nucleotide-excision repair, DNA damage r...	1	1	0.8	0.8006	1	BP
GO:0021856	hypothalamic tangential migration using ...	1	1	0.8	0.8006	1	BP
GO:0000719	photoreactive repair	1	1	0.8	0.8006	1	BP
GO:0007496	anterior midgut development	1	1	0.8	0.8006	1	BP
GO:0048496	maintenance of animal organ identity	1	1	0.8	0.8006	1	BP
GO:0061541	rhabdomere morphogenesis	1	1	0.8	0.8006	1	BP
GO:0021886	hypothalamus gonadotrophin-releasing hor...	1	1	0.8	0.8006	1	BP
GO:0021888	hypothalamus gonadotrophin-releasing hor...	1	1	0.8	0.8006	1	BP
GO:0021889	olfactory bulb interneuron differentiati...	1	1	0.8	0.8006	1	BP
GO:0061549	sympathetic ganglion development	1	1	0.8	0.8006	1	BP
GO:2000351	regulation of endothelial cell apoptotic...	1	1	0.8	0.8006	1	BP
GO:2000352	negative regulation of endothelial cell ...	1	1	0.8	0.8006	1	BP
GO:0043153	entrainment of circadian clock by photop...	1	1	0.8	0.8006	1	BP
GO:0080058	protein deglutathionylation	1	1	0.8	0.8006	1	BP
GO:2000383	regulation of ectoderm development	1	1	0.8	0.8006	1	BP
GO:2000384	negative regulation of ectoderm developm...	1	1	0.8	0.8006	1	BP
GO:0015802	basic amino acid transport	1	1	0.8	0.8006	1	BP
GO:0021824	cerebral cortex tangential migration usi...	1	1	0.8	0.8006	1	BP
GO:0021825	substrate-dependent cerebral cortex tang...	1	1	0.8	0.8006	1	BP
GO:0007465	R7 cell fate commitment	1	1	0.8	0.8006	1	BP
GO:0021828	gonadotrophin-releasing hormone neuronal...	1	1	0.8	0.8006	1	BP
GO:1902103	negative regulation of metaphase/anaphas...	1	1	0.8	0.8006	1	BP
GO:1902109	negative regulation of mitochondrial mem...	1	1	0.8	0.8006	1	BP
GO:0010193	response to ozone	1	1	0.8	0.8006	1	BP
GO:0002125	maternal aggressive behavior	1	1	0.8	0.8006	1	BP
GO:2000320	negative regulation of T-helper 17 cell ...	1	1	0.8	0.8006	1	BP
GO:0043124	negative regulation of I-kappaB kinase/N...	1	1	0.8	0.8006	1	BP
GO:0032792	negative regulation of CREB transcriptio...	1	1	0.8	0.8006	1	BP
GO:0043129	surfactant homeostasis	1	1	0.8	0.8006	1	BP
GO:0032799	low-density lipoprotein receptor particl...	1	1	0.8	0.8006	1	BP
GO:0030574	collagen catabolic process	1	1	0.8	0.8006	1	BP
GO:0002115	store-operated calcium entry	1	1	0.8	0.8006	1	BP
GO:0030575	nuclear body organization	1	1	0.8	0.8006	1	BP
GO:0030576	Cajal body organization	1	1	0.8	0.8006	1	BP
GO:0048484	enteric nervous system development	1	1	0.8	0.8006	1	BP
GO:0043113	receptor clustering	1	1	0.8	0.8006	1	BP
GO:0043114	regulation of vascular permeability	1	1	0.8	0.8006	1	BP
GO:2000316	regulation of T-helper 17 type immune re...	1	1	0.8	0.8006	1	BP
GO:2000317	negative regulation of T-helper 17 type ...	1	1	0.8	0.8006	1	BP
GO:0035983	response to trichostatin A	1	1	0.8	0.8006	1	BP
GO:0043117	positive regulation of vascular permeabi...	1	1	0.8	0.8006	1	BP
GO:0035984	cellular response to trichostatin A	1	1	0.8	0.8006	1	BP
GO:2000319	regulation of T-helper 17 cell different...	1	1	0.8	0.8006	1	BP
GO:0035987	endodermal cell differentiation	1	1	0.8	0.8006	1	BP
GO:0010160	formation of animal organ boundary	1	1	0.8	0.8006	1	BP
GO:0035977	protein deglycosylation involved in glyc...	1	1	0.8	0.8006	1	BP
GO:0030511	positive regulation of transforming grow...	1	1	0.8	0.8006	1	BP
GO:0007426	tracheal outgrowth, open tracheal system	1	1	0.8	0.8006	1	BP
GO:0030513	positive regulation of BMP signaling pat...	1	1	0.8	0.8006	1	BP
GO:0080033	response to nitrite	1	1	0.8	0.8006	1	BP
GO:0035922	foramen ovale closure	1	1	0.8	0.8006	1	BP
GO:0035924	cellular response to vascular endothelia...	1	1	0.8	0.8006	1	BP
GO:0007412	axon target recognition	1	1	0.8	0.8006	1	BP
GO:0035929	steroid hormone secretion	1	1	0.8	0.8006	1	BP
GO:0035910	ascending aorta morphogenesis	1	1	0.8	0.8006	1	BP
GO:0032752	positive regulation of interleukin-3 pro...	1	1	0.8	0.8006	1	BP
GO:0021800	cerebral cortex tangential migration	1	1	0.8	0.8006	1	BP
GO:0032753	positive regulation of interleukin-4 pro...	1	1	0.8	0.8006	1	BP
GO:0021801	cerebral cortex radial glia-guided migra...	1	1	0.8	0.8006	1	BP
GO:0032755	positive regulation of interleukin-6 pro...	1	1	0.8	0.8006	1	BP
GO:0007446	imaginal disc growth	1	1	0.8	0.8006	1	BP
GO:1902262	apoptotic process involved in blood vess...	1	1	0.8	0.8006	1	BP
GO:1902263	apoptotic process involved in embryonic ...	1	1	0.8	0.8006	1	BP
GO:0032782	bile acid secretion	1	1	0.8	0.8006	1	BP
GO:0007436	larval salivary gland morphogenesis	1	1	0.8	0.8006	1	BP
GO:2000301	negative regulation of synaptic vesicle ...	1	1	0.8	0.8006	1	BP
GO:0043101	purine-containing compound salvage	1	1	0.8	0.8006	1	BP
GO:2000303	regulation of ceramide biosynthetic proc...	1	1	0.8	0.8006	1	BP
GO:2000304	positive regulation of ceramide biosynth...	1	1	0.8	0.8006	1	BP
GO:0035936	testosterone secretion	1	1	0.8	0.8006	1	BP
GO:0045313	rhabdomere membrane biogenesis	1	1	0.8	0.8006	1	BP
GO:0035938	estradiol secretion	1	1	0.8	0.8006	1	BP
GO:0045314	regulation of compound eye photoreceptor...	1	1	0.8	0.8006	1	BP
GO:0045315	positive regulation of compound eye phot...	1	1	0.8	0.8006	1	BP
GO:0045317	equator specification	1	1	0.8	0.8006	1	BP
GO:0061669	spontaneous neurotransmitter secretion	1	1	0.8	0.8006	1	BP
GO:1902285	semaphorin-plexin signaling pathway invo...	1	1	0.8	0.8006	1	BP
GO:1902287	semaphorin-plexin signaling pathway invo...	1	1	0.8	0.8006	1	BP
GO:0032722	positive regulation of chemokine product...	1	1	0.8	0.8006	1	BP
GO:0021590	cerebellum maturation	1	1	0.8	0.8006	1	BP
GO:0021591	ventricular system development	1	1	0.8	0.8006	1	BP
GO:0032725	positive regulation of granulocyte macro...	1	1	0.8	0.8006	1	BP
GO:0021593	rhombomere morphogenesis	1	1	0.8	0.8006	1	BP
GO:0021594	rhombomere formation	1	1	0.8	0.8006	1	BP
GO:0032727	positive regulation of interferon-alpha ...	1	1	0.8	0.8006	1	BP
GO:0021598	abducens nerve morphogenesis	1	1	0.8	0.8006	1	BP
GO:0021599	abducens nerve formation	1	1	0.8	0.8006	1	BP
GO:0007402	ganglion mother cell fate determination	1	1	0.8	0.8006	1	BP
GO:0002292	T cell differentiation involved in immun...	1	1	0.8	0.8006	1	BP
GO:0007406	negative regulation of neuroblast prolif...	1	1	0.8	0.8006	1	BP
GO:0002293	alpha-beta T cell differentiation involv...	1	1	0.8	0.8006	1	BP
GO:0002294	CD4-positive, alpha-beta T cell differen...	1	1	0.8	0.8006	1	BP
GO:0035900	response to isolation stress	1	1	0.8	0.8006	1	BP
GO:1902229	regulation of intrinsic apoptotic signal...	1	1	0.8	0.8006	1	BP
GO:0035905	ascending aorta development	1	1	0.8	0.8006	1	BP
GO:0034067	protein localization to Golgi apparatus	1	1	0.8	0.8006	1	BP
GO:0021560	abducens nerve development	1	1	0.8	0.8006	1	BP
GO:0061620	glycolytic process through glucose-6-pho...	1	1	0.8	0.8006	1	BP
GO:0061622	glycolytic process through glucose-1-pho...	1	1	0.8	0.8006	1	BP
GO:0061623	glycolytic process from galactose	1	1	0.8	0.8006	1	BP
GO:0007191	adenylate cyclase-activating dopamine re...	1	1	0.8	0.8006	1	BP
GO:0021553	olfactory nerve development	1	1	0.8	0.8006	1	BP
GO:0120127	response to zinc ion starvation	1	1	0.8	0.8006	1	BP
GO:0007194	negative regulation of adenylate cyclase...	1	1	0.8	0.8006	1	BP
GO:0007195	adenylate cyclase-inhibiting dopamine re...	1	1	0.8	0.8006	1	BP
GO:0061615	glycolytic process through fructose-6-ph...	1	1	0.8	0.8006	1	BP
GO:1902230	negative regulation of intrinsic apoptot...	1	1	0.8	0.8006	1	BP
GO:0007196	adenylate cyclase-inhibiting G protein-c...	1	1	0.8	0.8006	1	BP
GO:0002265	astrocyte activation involved in immune ...	1	1	0.8	0.8006	1	BP
GO:0007199	G protein-coupled receptor signaling pat...	1	1	0.8	0.8006	1	BP
GO:0034085	establishment of sister chromatid cohesi...	1	1	0.8	0.8006	1	BP
GO:1902236	negative regulation of endoplasmic retic...	1	1	0.8	0.8006	1	BP
GO:0034086	maintenance of sister chromatid cohesion	1	1	0.8	0.8006	1	BP
GO:0002269	leukocyte activation involved in inflamm...	1	1	0.8	0.8006	1	BP
GO:0034088	maintenance of mitotic sister chromatid ...	1	1	0.8	0.8006	1	BP
GO:0065002	intracellular protein transmembrane tran...	1	1	0.8	0.8006	1	BP
GO:0061647	histone H3-K9 modification	1	1	0.8	0.8006	1	BP
GO:0021571	rhombomere 5 development	1	1	0.8	0.8006	1	BP
GO:0021572	rhombomere 6 development	1	1	0.8	0.8006	1	BP
GO:0019094	pole plasm mRNA localization	1	1	0.8	0.8006	1	BP
GO:0002281	macrophage activation involved in immune...	1	1	0.8	0.8006	1	BP
GO:0021578	hindbrain maturation	1	1	0.8	0.8006	1	BP
GO:0034021	response to silicon dioxide	1	1	0.8	0.8006	1	BP
GO:0002286	T cell activation involved in immune res...	1	1	0.8	0.8006	1	BP
GO:0002287	alpha-beta T cell activation involved in...	1	1	0.8	0.8006	1	BP
GO:0021524	visceral motor neuron differentiation	1	1	0.8	0.8006	1	BP
GO:0050765	negative regulation of phagocytosis	1	1	0.8	0.8006	1	BP
GO:0002279	mast cell activation involved in immune ...	1	1	0.8	0.8006	1	BP
GO:2000474	regulation of opioid receptor signaling ...	1	1	0.8	0.8006	1	BP
GO:0007157	heterophilic cell-cell adhesion via plas...	1	1	0.8	0.8006	1	BP
GO:0002225	positive regulation of antimicrobial pep...	1	1	0.8	0.8006	1	BP
GO:0002227	innate immune response in mucosa	1	1	0.8	0.8006	1	BP
GO:0002228	natural killer cell mediated immunity	1	1	0.8	0.8006	1	BP
GO:0032892	positive regulation of organic acid tran...	1	1	0.8	0.8006	1	BP
GO:0021542	dentate gyrus development	1	1	0.8	0.8006	1	BP
GO:0021544	subpallium development	1	1	0.8	0.8006	1	BP
GO:0007183	SMAD protein complex assembly	1	1	0.8	0.8006	1	BP
GO:0032898	neurotrophin production	1	1	0.8	0.8006	1	BP
GO:0032899	regulation of neurotrophin production	1	1	0.8	0.8006	1	BP
GO:0034035	purine ribonucleoside bisphosphate metab...	1	1	0.8	0.8006	1	BP
GO:0009394	2'-deoxyribonucleotide metabolic process	1	1	0.8	0.8006	1	BP
GO:0021534	cell proliferation in hindbrain	1	1	0.8	0.8006	1	BP
GO:0015697	quaternary ammonium group transport	1	1	0.8	0.8006	1	BP
GO:0048170	positive regulation of long-term neurona...	1	1	0.8	0.8006	1	BP
GO:0002246	wound healing involved in inflammatory r...	1	1	0.8	0.8006	1	BP
GO:0002248	connective tissue replacement involved i...	1	1	0.8	0.8006	1	BP
GO:0045451	pole plasm oskar mRNA localization	1	1	0.8	0.8006	1	BP
GO:0043249	erythrocyte maturation	1	1	0.8	0.8006	1	BP
GO:0071000	response to magnetism	1	1	0.8	0.8006	1	BP
GO:0002230	positive regulation of defense response ...	1	1	0.8	0.8006	1	BP
GO:0019087	transformation of host cell by virus	1	1	0.8	0.8006	1	BP
GO:0072577	endothelial cell apoptotic process	1	1	0.8	0.8006	1	BP
GO:0072578	neurotransmitter-gated ion channel clust...	1	1	0.8	0.8006	1	BP
GO:0010265	SCF complex assembly	1	1	0.8	0.8006	1	BP
GO:0002238	response to molecule of fungal origin	1	1	0.8	0.8006	1	BP
GO:2000434	regulation of protein neddylation	1	1	0.8	0.8006	1	BP
GO:0140650	radial glia-guided pyramidal neuron migr...	1	1	0.8	0.8006	1	BP
GO:2000435	negative regulation of protein neddylati...	1	1	0.8	0.8006	1	BP
GO:0072523	purine-containing compound catabolic pro...	1	1	0.8	0.8006	1	BP
GO:0007112	male meiosis cytokinesis	1	1	0.8	0.8006	1	BP
GO:0007113	endomitotic cell cycle	1	1	0.8	0.8006	1	BP
GO:0072525	pyridine-containing compound biosyntheti...	1	1	0.8	0.8006	1	BP
GO:0072528	pyrimidine-containing compound biosynthe...	1	1	0.8	0.8006	1	BP
GO:0072529	pyrimidine-containing compound catabolic...	1	1	0.8	0.8006	1	BP
GO:0030643	cellular phosphate ion homeostasis	1	1	0.8	0.8006	1	BP
GO:0030647	aminoglycoside antibiotic metabolic proc...	1	1	0.8	0.8006	1	BP
GO:0021502	neural fold elevation formation	1	1	0.8	0.8006	1	BP
GO:0007144	female meiosis I	1	1	0.8	0.8006	1	BP
GO:0015669	gas transport	1	1	0.8	0.8006	1	BP
GO:0010286	heat acclimation	1	1	0.8	0.8006	1	BP
GO:0048143	astrocyte activation	1	1	0.8	0.8006	1	BP
GO:1902769	regulation of choline O-acetyltransferas...	1	1	0.8	0.8006	1	BP
GO:1900543	negative regulation of purine nucleotide...	1	1	0.8	0.8006	1	BP
GO:0002200	somatic diversification of immune recept...	1	1	0.8	0.8006	1	BP
GO:0032888	regulation of mitotic spindle elongation	1	1	0.8	0.8006	1	BP
GO:1902751	positive regulation of cell cycle G2/M p...	1	1	0.8	0.8006	1	BP
GO:0040040	thermosensory behavior	1	1	0.8	0.8006	1	BP
GO:0002204	somatic recombination of immunoglobulin ...	1	1	0.8	0.8006	1	BP
GO:0043201	response to leucine	1	1	0.8	0.8006	1	BP
GO:0002208	somatic diversification of immunoglobuli...	1	1	0.8	0.8006	1	BP
GO:1905915	regulation of cell differentiation invol...	1	1	0.8	0.8006	1	BP
GO:2000404	regulation of T cell migration	1	1	0.8	0.8006	1	BP
GO:1905917	positive regulation of cell differentiat...	1	1	0.8	0.8006	1	BP
GO:0048139	female germ-line cyst encapsulation	1	1	0.8	0.8006	1	BP
GO:2000406	positive regulation of T cell migration	1	1	0.8	0.8006	1	BP
GO:0072537	fibroblast activation	1	1	0.8	0.8006	1	BP
GO:0072538	T-helper 17 type immune response	1	1	0.8	0.8006	1	BP
GO:0072539	T-helper 17 cell differentiation	1	1	0.8	0.8006	1	BP
GO:0010226	response to lithium ion	1	1	0.8	0.8006	1	BP
GO:1905941	positive regulation of gonad development	1	1	0.8	0.8006	1	BP
GO:0040031	snRNA modification	1	1	0.8	0.8006	1	BP
GO:0015671	oxygen transport	1	1	0.8	0.8006	1	BP
GO:1905945	regulation of response to calcium ion	1	1	0.8	0.8006	1	BP
GO:0021691	cerebellar Purkinje cell layer maturatio...	1	1	0.8	0.8006	1	BP
GO:0021699	cerebellar cortex maturation	1	1	0.8	0.8006	1	BP
GO:1905930	regulation of vascular associated smooth...	1	1	0.8	0.8006	1	BP
GO:1905932	positive regulation of vascular associat...	1	1	0.8	0.8006	1	BP
GO:1905936	regulation of germ cell proliferation	1	1	0.8	0.8006	1	BP
GO:0032814	regulation of natural killer cell activa...	1	1	0.8	0.8006	1	BP
GO:1905938	positive regulation of germ cell prolife...	1	1	0.8	0.8006	1	BP
GO:1905939	regulation of gonad development	1	1	0.8	0.8006	1	BP
GO:1904092	regulation of autophagic cell death	1	1	0.8	0.8006	1	BP
GO:0032816	positive regulation of natural killer ce...	1	1	0.8	0.8006	1	BP
GO:0046967	cytosol to endoplasmic reticulum transpo...	1	1	0.8	0.8006	1	BP
GO:0052129	negative energy taxis	1	1	0.8	0.8006	1	BP
GO:0010248	establishment or maintenance of transmem...	1	1	0.8	0.8006	1	BP
GO:0009312	oligosaccharide biosynthetic process	1	1	0.8	0.8006	1	BP
GO:0050709	negative regulation of protein secretion	1	1	0.8	0.8006	1	BP
GO:2000194	regulation of female gonad development	1	1	0.8	0.8006	1	BP
GO:0072501	cellular divalent inorganic anion homeos...	1	1	0.8	0.8006	1	BP
GO:2000196	positive regulation of female gonad deve...	1	1	0.8	0.8006	1	BP
GO:0072502	cellular trivalent inorganic anion homeo...	1	1	0.8	0.8006	1	BP
GO:0046957	negative phototaxis	1	1	0.8	0.8006	1	BP
GO:0046958	nonassociative learning	1	1	0.8	0.8006	1	BP
GO:0046959	habituation	1	1	0.8	0.8006	1	BP
GO:0040002	collagen and cuticulin-based cuticle dev...	1	1	0.8	0.8006	1	BP
GO:0040003	chitin-based cuticle development	1	1	0.8	0.8006	1	BP
GO:0032836	glomerular basement membrane development	1	1	0.8	0.8006	1	BP
GO:1902745	positive regulation of lamellipodium org...	1	1	0.8	0.8006	1	BP
GO:1905908	positive regulation of amyloid fibril fo...	1	1	0.8	0.8006	1	BP
GO:0021654	rhombomere boundary formation	1	1	0.8	0.8006	1	BP
GO:0002760	positive regulation of antimicrobial hum...	1	1	0.8	0.8006	1	BP
GO:0007294	germarium-derived oocyte fate determinat...	1	1	0.8	0.8006	1	BP
GO:0050892	intestinal absorption	1	1	0.8	0.8006	1	BP
GO:0072697	protein localization to cell cortex	1	1	0.8	0.8006	1	BP
GO:0031063	regulation of histone deacetylation	1	1	0.8	0.8006	1	BP
GO:0031064	negative regulation of histone deacetyla...	1	1	0.8	0.8006	1	BP
GO:0002756	MyD88-independent toll-like receptor sig...	1	1	0.8	0.8006	1	BP
GO:0031069	hair follicle morphogenesis	1	1	0.8	0.8006	1	BP
GO:0032802	low-density lipoprotein particle recepto...	1	1	0.8	0.8006	1	BP
GO:0021670	lateral ventricle development	1	1	0.8	0.8006	1	BP
GO:2000155	positive regulation of cilium-dependent ...	1	1	0.8	0.8006	1	BP
GO:0032803	regulation of low-density lipoprotein pa...	1	1	0.8	0.8006	1	BP
GO:1904081	positive regulation of transcription fro...	1	1	0.8	0.8006	1	BP
GO:0002780	antibacterial peptide biosynthetic proce...	1	1	0.8	0.8006	1	BP
GO:0021678	third ventricle development	1	1	0.8	0.8006	1	BP
GO:0002784	regulation of antimicrobial peptide prod...	1	1	0.8	0.8006	1	BP
GO:0002786	regulation of antibacterial peptide prod...	1	1	0.8	0.8006	1	BP
GO:0031058	positive regulation of histone modificat...	1	1	0.8	0.8006	1	BP
GO:0046940	nucleoside monophosphate phosphorylation	1	1	0.8	0.8006	1	BP
GO:0009304	tRNA transcription	1	1	0.8	0.8006	1	BP
GO:2000185	regulation of phosphate transmembrane tr...	1	1	0.8	0.8006	1	BP
GO:1904071	presynaptic active zone assembly	1	1	0.8	0.8006	1	BP
GO:2000187	positive regulation of phosphate transme...	1	1	0.8	0.8006	1	BP
GO:0045190	isotype switching	1	1	0.8	0.8006	1	BP
GO:0021626	central nervous system maturation	1	1	0.8	0.8006	1	BP
GO:0002777	antimicrobial peptide biosynthetic proce...	1	1	0.8	0.8006	1	BP
GO:0002778	antibacterial peptide production	1	1	0.8	0.8006	1	BP
GO:0048266	behavioral response to pain	1	1	0.8	0.8006	1	BP
GO:0050869	negative regulation of B cell activation	1	1	0.8	0.8006	1	BP
GO:0046931	pore complex assembly	1	1	0.8	0.8006	1	BP
GO:0072660	maintenance of protein location in plasm...	1	1	0.8	0.8006	1	BP
GO:1904020	regulation of G protein-coupled receptor...	1	1	0.8	0.8006	1	BP
GO:0007250	activation of NF-kappaB-inducing kinase ...	1	1	0.8	0.8006	1	BP
GO:0021612	facial nerve structural organization	1	1	0.8	0.8006	1	BP
GO:1904022	positive regulation of G protein-coupled...	1	1	0.8	0.8006	1	BP
GO:0007252	I-kappaB phosphorylation	1	1	0.8	0.8006	1	BP
GO:0072666	establishment of protein localization to...	1	1	0.8	0.8006	1	BP
GO:0010796	regulation of multivesicular body size	1	1	0.8	0.8006	1	BP
GO:0050855	regulation of B cell receptor signaling ...	1	1	0.8	0.8006	1	BP
GO:0031077	post-embryonic camera-type eye developme...	1	1	0.8	0.8006	1	BP
GO:0050856	regulation of T cell receptor signaling ...	1	1	0.8	0.8006	1	BP
GO:2000120	positive regulation of sodium-dependent ...	1	1	0.8	0.8006	1	BP
GO:0032596	protein transport into membrane raft	1	1	0.8	0.8006	1	BP
GO:0007285	primary spermatocyte growth	1	1	0.8	0.8006	1	BP
GO:0072658	maintenance of protein location in membr...	1	1	0.8	0.8006	1	BP
GO:0021648	vestibulocochlear nerve morphogenesis	1	1	0.8	0.8006	1	BP
GO:0021649	vestibulocochlear nerve structural organ...	1	1	0.8	0.8006	1	BP
GO:0007288	sperm axoneme assembly	1	1	0.8	0.8006	1	BP
GO:0002715	regulation of natural killer cell mediat...	1	1	0.8	0.8006	1	BP
GO:0007289	spermatid nucleus differentiation	1	1	0.8	0.8006	1	BP
GO:0002717	positive regulation of natural killer ce...	1	1	0.8	0.8006	1	BP
GO:2000111	positive regulation of macrophage apopto...	1	1	0.8	0.8006	1	BP
GO:0007270	neuron-neuron synaptic transmission	1	1	0.8	0.8006	1	BP
GO:2000118	regulation of sodium-dependent phosphate...	1	1	0.8	0.8006	1	BP
GO:0021636	trigeminal nerve morphogenesis	1	1	0.8	0.8006	1	BP
GO:0021637	trigeminal nerve structural organization	1	1	0.8	0.8006	1	BP
GO:1904048	regulation of spontaneous neurotransmitt...	1	1	0.8	0.8006	1	BP
GO:1904049	negative regulation of spontaneous neuro...	1	1	0.8	0.8006	1	BP
GO:1904030	negative regulation of cyclin-dependent ...	1	1	0.8	0.8006	1	BP
GO:1904031	positive regulation of cyclin-dependent ...	1	1	0.8	0.8006	1	BP
GO:0007210	serotonin receptor signaling pathway	1	1	0.8	0.8006	1	BP
GO:0010752	regulation of cGMP-mediated signaling	1	1	0.8	0.8006	1	BP
GO:0031033	myosin filament organization	1	1	0.8	0.8006	1	BP
GO:0007216	G protein-coupled glutamate receptor sig...	1	1	0.8	0.8006	1	BP
GO:0031034	myosin filament assembly	1	1	0.8	0.8006	1	BP
GO:0045186	zonula adherens assembly	1	1	0.8	0.8006	1	BP
GO:0010758	regulation of macrophage chemotaxis	1	1	0.8	0.8006	1	BP
GO:0045176	apical protein localization	1	1	0.8	0.8006	1	BP
GO:0009452	7-methylguanosine RNA capping	1	1	0.8	0.8006	1	BP
GO:0048246	macrophage chemotaxis	1	1	0.8	0.8006	1	BP
GO:1902867	negative regulation of retina developmen...	1	1	0.8	0.8006	1	BP
GO:0048247	lymphocyte chemotaxis	1	1	0.8	0.8006	1	BP
GO:1902869	regulation of amacrine cell differentiat...	1	1	0.8	0.8006	1	BP
GO:0090091	positive regulation of extracellular mat...	1	1	0.8	0.8006	1	BP
GO:0002700	regulation of production of molecular me...	1	1	0.8	0.8006	1	BP
GO:0090094	metanephric cap mesenchymal cell prolife...	1	1	0.8	0.8006	1	BP
GO:0045123	cellular extravasation	1	1	0.8	0.8006	1	BP
GO:0090095	regulation of metanephric cap mesenchyma...	1	1	0.8	0.8006	1	BP
GO:0002702	positive regulation of production of mol...	1	1	0.8	0.8006	1	BP
GO:0090096	positive regulation of metanephric cap m...	1	1	0.8	0.8006	1	BP
GO:0002708	positive regulation of lymphocyte mediat...	1	1	0.8	0.8006	1	BP
GO:2000109	regulation of macrophage apoptotic proce...	1	1	0.8	0.8006	1	BP
GO:0045116	protein neddylation	1	1	0.8	0.8006	1	BP
GO:0045117	azole transmembrane transport	1	1	0.8	0.8006	1	BP
GO:0070995	NADPH oxidation	1	1	0.8	0.8006	1	BP
GO:0010710	regulation of collagen catabolic process	1	1	0.8	0.8006	1	BP
GO:1902870	negative regulation of amacrine cell dif...	1	1	0.8	0.8006	1	BP
GO:0010716	negative regulation of extracellular mat...	1	1	0.8	0.8006	1	BP
GO:1902875	regulation of embryonic pattern specific...	1	1	0.8	0.8006	1	BP
GO:1990049	retrograde neuronal dense core vesicle t...	1	1	0.8	0.8006	1	BP
GO:0032510	endosome to lysosome transport via multi...	1	1	0.8	0.8006	1	BP
GO:0032511	late endosome to vacuole transport via m...	1	1	0.8	0.8006	1	BP
GO:0032515	negative regulation of phosphoprotein ph...	1	1	0.8	0.8006	1	BP
GO:0010742	macrophage derived foam cell differentia...	1	1	0.8	0.8006	1	BP
GO:0010743	regulation of macrophage derived foam ce...	1	1	0.8	0.8006	1	BP
GO:0007206	phospholipase C-activating G protein-cou...	1	1	0.8	0.8006	1	BP
GO:0010745	negative regulation of macrophage derive...	1	1	0.8	0.8006	1	BP
GO:0045136	development of secondary sexual characte...	1	1	0.8	0.8006	1	BP
GO:1990036	calcium ion import into sarcoplasmic ret...	1	1	0.8	0.8006	1	BP
GO:0090069	regulation of ribosome biogenesis	1	1	0.8	0.8006	1	BP
GO:0032543	mitochondrial translation	1	1	0.8	0.8006	1	BP
GO:0090086	negative regulation of protein deubiquit...	1	1	0.8	0.8006	1	BP
GO:1902846	positive regulation of mitotic spindle e...	1	1	0.8	0.8006	1	BP
GO:0009438	methylglyoxal metabolic process	1	1	0.8	0.8006	1	BP
GO:0090070	positive regulation of ribosome biogenes...	1	1	0.8	0.8006	1	BP
GO:0090073	positive regulation of protein homodimer...	1	1	0.8	0.8006	1	BP
GO:0090076	relaxation of skeletal muscle	1	1	0.8	0.8006	1	BP
GO:0048791	calcium ion-regulated exocytosis of neur...	1	1	0.8	0.8006	1	BP
GO:0070983	dendrite guidance	1	1	0.8	0.8006	1	BP
GO:0070986	left/right axis specification	1	1	0.8	0.8006	1	BP
GO:0036090	cleavage furrow ingression	1	1	0.8	0.8006	1	BP
GO:0070989	oxidative demethylation	1	1	0.8	0.8006	1	BP
GO:0036091	positive regulation of transcription fro...	1	1	0.8	0.8006	1	BP
GO:0036092	phosphatidylinositol-3-phosphate biosynt...	1	1	0.8	0.8006	1	BP
GO:0036093	germ cell proliferation	1	1	0.8	0.8006	1	BP
GO:0090022	regulation of neutrophil chemotaxis	1	1	0.8	0.8006	1	BP
GO:0090025	regulation of monocyte chemotaxis	1	1	0.8	0.8006	1	BP
GO:0090026	positive regulation of monocyte chemotax...	1	1	0.8	0.8006	1	BP
GO:2000257	regulation of protein activation cascade	1	1	0.8	0.8006	1	BP
GO:0032508	DNA duplex unwinding	1	1	0.8	0.8006	1	BP
GO:0070920	regulation of production of small RNA in...	1	1	0.8	0.8006	1	BP
GO:0002886	regulation of myeloid leukocyte mediated...	1	1	0.8	0.8006	1	BP
GO:0002888	positive regulation of myeloid leukocyte...	1	1	0.8	0.8006	1	BP
GO:2000289	regulation of photoreceptor cell axon gu...	1	1	0.8	0.8006	1	BP
GO:1902804	negative regulation of synaptic vesicle ...	1	1	0.8	0.8006	1	BP
GO:0002820	negative regulation of adaptive immune r...	1	1	0.8	0.8006	1	BP
GO:0002823	negative regulation of adaptive immune r...	1	1	0.8	0.8006	1	BP
GO:0090037	positive regulation of protein kinase C ...	1	1	0.8	0.8006	1	BP
GO:0090038	negative regulation of protein kinase C ...	1	1	0.8	0.8006	1	BP
GO:0010897	negative regulation of triglyceride cata...	1	1	0.8	0.8006	1	BP
GO:0009191	ribonucleoside diphosphate catabolic pro...	1	1	0.8	0.8006	1	BP
GO:0009193	pyrimidine ribonucleoside diphosphate me...	1	1	0.8	0.8006	1	BP
GO:0009195	pyrimidine ribonucleoside diphosphate ca...	1	1	0.8	0.8006	1	BP
GO:0048789	cytoskeletal matrix organization at acti...	1	1	0.8	0.8006	1	BP
GO:0048773	erythrophore differentiation	1	1	0.8	0.8006	1	BP
GO:0036075	replacement ossification	1	1	0.8	0.8006	1	BP
GO:0042093	T-helper cell differentiation	1	1	0.8	0.8006	1	BP
GO:1901029	negative regulation of mitochondrial out...	1	1	0.8	0.8006	1	BP
GO:2000232	regulation of rRNA processing	1	1	0.8	0.8006	1	BP
GO:2000234	positive regulation of rRNA processing	1	1	0.8	0.8006	1	BP
GO:0048711	positive regulation of astrocyte differe...	1	1	0.8	0.8006	1	BP
GO:0048712	negative regulation of astrocyte differe...	1	1	0.8	0.8006	1	BP
GO:0048713	regulation of oligodendrocyte differenti...	1	1	0.8	0.8006	1	BP
GO:0009162	deoxyribonucleoside monophosphate metabo...	1	1	0.8	0.8006	1	BP
GO:0048714	positive regulation of oligodendrocyte d...	1	1	0.8	0.8006	1	BP
GO:0009164	nucleoside catabolic process	1	1	0.8	0.8006	1	BP
GO:0009169	purine ribonucleoside monophosphate cata...	1	1	0.8	0.8006	1	BP
GO:0010881	regulation of cardiac muscle contraction...	1	1	0.8	0.8006	1	BP
GO:1901048	transforming growth factor beta receptor...	1	1	0.8	0.8006	1	BP
GO:0010885	regulation of cholesterol storage	1	1	0.8	0.8006	1	BP
GO:0048742	regulation of skeletal muscle fiber deve...	1	1	0.8	0.8006	1	BP
GO:1902563	regulation of neutrophil activation	1	1	0.8	0.8006	1	BP
GO:0010887	negative regulation of cholesterol stora...	1	1	0.8	0.8006	1	BP
GO:0009154	purine ribonucleotide catabolic process	1	1	0.8	0.8006	1	BP
GO:0009157	deoxyribonucleoside monophosphate biosyn...	1	1	0.8	0.8006	1	BP
GO:0009158	ribonucleoside monophosphate catabolic p...	1	1	0.8	0.8006	1	BP
GO:0071390	cellular response to ecdysone	1	1	0.8	0.8006	1	BP
GO:0002803	positive regulation of antibacterial pep...	1	1	0.8	0.8006	1	BP
GO:0010875	positive regulation of cholesterol efflu...	1	1	0.8	0.8006	1	BP
GO:0002805	regulation of antimicrobial peptide bios...	1	1	0.8	0.8006	1	BP
GO:0010878	cholesterol storage	1	1	0.8	0.8006	1	BP
GO:0002807	positive regulation of antimicrobial pep...	1	1	0.8	0.8006	1	BP
GO:0002808	regulation of antibacterial peptide bios...	1	1	0.8	0.8006	1	BP
GO:0032672	regulation of interleukin-3 production	1	1	0.8	0.8006	1	BP
GO:0032673	regulation of interleukin-4 production	1	1	0.8	0.8006	1	BP
GO:0036037	CD8-positive, alpha-beta T cell activati...	1	1	0.8	0.8006	1	BP
GO:0045213	neurotransmitter receptor metabolic proc...	1	1	0.8	0.8006	1	BP
GO:0034390	smooth muscle cell apoptotic process	1	1	0.8	0.8006	1	BP
GO:0034391	regulation of smooth muscle cell apoptot...	1	1	0.8	0.8006	1	BP
GO:0034393	positive regulation of smooth muscle cel...	1	1	0.8	0.8006	1	BP
GO:0010829	negative regulation of glucose transmemb...	1	1	0.8	0.8006	1	BP
GO:0009176	pyrimidine deoxyribonucleoside monophosp...	1	1	0.8	0.8006	1	BP
GO:0009177	pyrimidine deoxyribonucleoside monophosp...	1	1	0.8	0.8006	1	BP
GO:0032623	interleukin-2 production	1	1	0.8	0.8006	1	BP
GO:0010813	neuropeptide catabolic process	1	1	0.8	0.8006	1	BP
GO:1902570	protein localization to nucleolus	1	1	0.8	0.8006	1	BP
GO:0010815	bradykinin catabolic process	1	1	0.8	0.8006	1	BP
GO:0009125	nucleoside monophosphate catabolic proce...	1	1	0.8	0.8006	1	BP
GO:0009128	purine nucleoside monophosphate cataboli...	1	1	0.8	0.8006	1	BP
GO:0009129	pyrimidine nucleoside monophosphate meta...	1	1	0.8	0.8006	1	BP
GO:0042074	cell migration involved in gastrulation	1	1	0.8	0.8006	1	BP
GO:0009110	vitamin biosynthetic process	1	1	0.8	0.8006	1	BP
GO:0061988	karyosome formation	1	1	0.8	0.8006	1	BP
GO:2000793	cell proliferation involved in heart val...	1	1	0.8	0.8006	1	BP
GO:2000794	regulation of epithelial cell proliferat...	1	1	0.8	0.8006	1	BP
GO:0032642	regulation of chemokine production	1	1	0.8	0.8006	1	BP
GO:0032645	regulation of granulocyte macrophage col...	1	1	0.8	0.8006	1	BP
GO:0010830	regulation of myotube differentiation	1	1	0.8	0.8006	1	BP
GO:0032647	regulation of interferon-alpha productio...	1	1	0.8	0.8006	1	BP
GO:1902510	regulation of apoptotic DNA fragmentatio...	1	1	0.8	0.8006	1	BP
GO:1902512	positive regulation of apoptotic DNA fra...	1	1	0.8	0.8006	1	BP
GO:0009140	pyrimidine nucleoside diphosphate catabo...	1	1	0.8	0.8006	1	BP
GO:1902513	regulation of organelle transport along ...	1	1	0.8	0.8006	1	BP
GO:0010837	regulation of keratinocyte proliferation	1	1	0.8	0.8006	1	BP
GO:1902514	regulation of calcium ion transmembrane ...	1	1	0.8	0.8006	1	BP
GO:0010839	negative regulation of keratinocyte prol...	1	1	0.8	0.8006	1	BP
GO:0034367	protein-containing complex remodeling	1	1	0.8	0.8006	1	BP
GO:0034368	protein-lipid complex remodeling	1	1	0.8	0.8006	1	BP
GO:0032632	interleukin-3 production	1	1	0.8	0.8006	1	BP
GO:0034369	plasma lipoprotein particle remodeling	1	1	0.8	0.8006	1	BP
GO:0032633	interleukin-4 production	1	1	0.8	0.8006	1	BP
GO:0071380	cellular response to prostaglandin E sti...	1	1	0.8	0.8006	1	BP
GO:0009130	pyrimidine nucleoside monophosphate bios...	1	1	0.8	0.8006	1	BP
GO:0009134	nucleoside diphosphate catabolic process	1	1	0.8	0.8006	1	BP
GO:0009138	pyrimidine nucleoside diphosphate metabo...	1	1	0.8	0.8006	1	BP
GO:0071371	cellular response to gonadotropin stimul...	1	1	0.8	0.8006	1	BP
GO:0050691	regulation of defense response to virus ...	1	1	0.8	0.8006	1	BP
GO:0002562	somatic diversification of immune recept...	1	1	0.8	0.8006	1	BP
GO:0071372	cellular response to follicle-stimulatin...	1	1	0.8	0.8006	1	BP
GO:0034383	low-density lipoprotein particle clearan...	1	1	0.8	0.8006	1	BP
GO:0034384	high-density lipoprotein particle cleara...	1	1	0.8	0.8006	1	BP
GO:2000761	positive regulation of N-terminal peptid...	1	1	0.8	0.8006	1	BP
GO:0043562	cellular response to nitrogen levels	1	1	0.8	0.8006	1	BP
GO:0071379	cellular response to prostaglandin stimu...	1	1	0.8	0.8006	1	BP
GO:2000767	positive regulation of cytoplasmic trans...	1	1	0.8	0.8006	1	BP
GO:2000768	positive regulation of nephron tubule ep...	1	1	0.8	0.8006	1	BP
GO:0010801	negative regulation of peptidyl-threonin...	1	1	0.8	0.8006	1	BP
GO:0002554	serotonin secretion by platelet	1	1	0.8	0.8006	1	BP
GO:0034374	low-density lipoprotein particle remodel...	1	1	0.8	0.8006	1	BP
GO:0034375	high-density lipoprotein particle remode...	1	1	0.8	0.8006	1	BP
GO:0032602	chemokine production	1	1	0.8	0.8006	1	BP
GO:0032604	granulocyte macrophage colony-stimulatin...	1	1	0.8	0.8006	1	BP
GO:2000757	negative regulation of peptidyl-lysine a...	1	1	0.8	0.8006	1	BP
GO:2000759	regulation of N-terminal peptidyl-lysine...	1	1	0.8	0.8006	1	BP
GO:0032607	interferon-alpha production	1	1	0.8	0.8006	1	BP
GO:0071313	cellular response to caffeine	1	1	0.8	0.8006	1	BP
GO:2000780	negative regulation of double-strand bre...	1	1	0.8	0.8006	1	BP
GO:0071318	cellular response to ATP	1	1	0.8	0.8006	1	BP
GO:0043589	skin morphogenesis	1	1	0.8	0.8006	1	BP
GO:0045792	negative regulation of cell size	1	1	0.8	0.8006	1	BP
GO:0017121	plasma membrane phospholipid scrambling	1	1	0.8	0.8006	1	BP
GO:0050665	hydrogen peroxide biosynthetic process	1	1	0.8	0.8006	1	BP
GO:0048866	stem cell fate specification	1	1	0.8	0.8006	1	BP
GO:0010592	positive regulation of lamellipodium ass...	1	1	0.8	0.8006	1	BP
GO:0071332	cellular response to fructose stimulus	1	1	0.8	0.8006	1	BP
GO:0010596	negative regulation of endothelial cell ...	1	1	0.8	0.8006	1	BP
GO:0071335	hair follicle cell proliferation	1	1	0.8	0.8006	1	BP
GO:0048853	forebrain morphogenesis	1	1	0.8	0.8006	1	BP
GO:0071336	regulation of hair follicle cell prolife...	1	1	0.8	0.8006	1	BP
GO:2000721	positive regulation of transcription fro...	1	1	0.8	0.8006	1	BP
GO:0071338	positive regulation of hair follicle cel...	1	1	0.8	0.8006	1	BP
GO:0034349	glial cell apoptotic process	1	1	0.8	0.8006	1	BP
GO:2000726	negative regulation of cardiac muscle ce...	1	1	0.8	0.8006	1	BP
GO:0061900	glial cell activation	1	1	0.8	0.8006	1	BP
GO:0061901	regulation of 1-phosphatidylinositol-3-k...	1	1	0.8	0.8006	1	BP
GO:0019363	pyridine nucleotide biosynthetic process	1	1	0.8	0.8006	1	BP
GO:0061903	positive regulation of 1-phosphatidylino...	1	1	0.8	0.8006	1	BP
GO:0030974	thiamine pyrophosphate transmembrane tra...	1	1	0.8	0.8006	1	BP
GO:0048882	lateral line development	1	1	0.8	0.8006	1	BP
GO:0050685	positive regulation of mRNA processing	1	1	0.8	0.8006	1	BP
GO:0048884	neuromast development	1	1	0.8	0.8006	1	BP
GO:0050686	negative regulation of mRNA processing	1	1	0.8	0.8006	1	BP
GO:0048886	neuromast hair cell differentiation	1	1	0.8	0.8006	1	BP
GO:0060066	oviduct development	1	1	0.8	0.8006	1	BP
GO:0060067	cervix development	1	1	0.8	0.8006	1	BP
GO:0043517	positive regulation of DNA damage respon...	1	1	0.8	0.8006	1	BP
GO:0009299	mRNA transcription	1	1	0.8	0.8006	1	BP
GO:0045760	positive regulation of action potential	1	1	0.8	0.8006	1	BP
GO:0050672	negative regulation of lymphocyte prolif...	1	1	0.8	0.8006	1	BP
GO:0019359	nicotinamide nucleotide biosynthetic pro...	1	1	0.8	0.8006	1	BP
GO:0048873	homeostasis of number of cells within a ...	1	1	0.8	0.8006	1	BP
GO:0048875	chemical homeostasis within a tissue	1	1	0.8	0.8006	1	BP
GO:0002548	monocyte chemotaxis	1	1	0.8	0.8006	1	BP
GO:2000742	regulation of anterior head development	1	1	0.8	0.8006	1	BP
GO:0060054	positive regulation of epithelial cell p...	1	1	0.8	0.8006	1	BP
GO:0060055	angiogenesis involved in wound healing	1	1	0.8	0.8006	1	BP
GO:2000744	positive regulation of anterior head dev...	1	1	0.8	0.8006	1	BP
GO:0060057	apoptotic process involved in mammary gl...	1	1	0.8	0.8006	1	BP
GO:0060058	positive regulation of apoptotic process...	1	1	0.8	0.8006	1	BP
GO:0060059	embryonic retina morphogenesis in camera...	1	1	0.8	0.8006	1	BP
GO:0002532	production of molecular mediator involve...	1	1	0.8	0.8006	1	BP
GO:0048820	hair follicle maturation	1	1	0.8	0.8006	1	BP
GO:0019388	galactose catabolic process	1	1	0.8	0.8006	1	BP
GO:0048821	erythrocyte development	1	1	0.8	0.8006	1	BP
GO:0045759	negative regulation of action potential	1	1	0.8	0.8006	1	BP
GO:0030917	midbrain-hindbrain boundary development	1	1	0.8	0.8006	1	BP
GO:0043537	negative regulation of blood vessel endo...	1	1	0.8	0.8006	1	BP
GO:0045780	positive regulation of bone resorption	1	1	0.8	0.8006	1	BP
GO:0019374	galactolipid metabolic process	1	1	0.8	0.8006	1	BP
GO:0019375	galactolipid biosynthetic process	1	1	0.8	0.8006	1	BP
GO:0009262	deoxyribonucleotide metabolic process	1	1	0.8	0.8006	1	BP
GO:0009263	deoxyribonucleotide biosynthetic process	1	1	0.8	0.8006	1	BP
GO:0010559	regulation of glycoprotein biosynthetic ...	1	1	0.8	0.8006	1	BP
GO:0048816	ocellus morphogenesis	1	1	0.8	0.8006	1	BP
GO:0009265	2'-deoxyribonucleotide biosynthetic proc...	1	1	0.8	0.8006	1	BP
GO:0030949	positive regulation of vascular endothel...	1	1	0.8	0.8006	1	BP
GO:0048818	positive regulation of hair follicle mat...	1	1	0.8	0.8006	1	BP
GO:0048819	regulation of hair follicle maturation	1	1	0.8	0.8006	1	BP
GO:0048843	negative regulation of axon extension in...	1	1	0.8	0.8006	1	BP
GO:0060022	hard palate development	1	1	0.8	0.8006	1	BP
GO:0045779	negative regulation of bone resorption	1	1	0.8	0.8006	1	BP
GO:0048845	venous blood vessel morphogenesis	1	1	0.8	0.8006	1	BP
GO:1902668	negative regulation of axon guidance	1	1	0.8	0.8006	1	BP
GO:0060028	convergent extension involved in axis el...	1	1	0.8	0.8006	1	BP
GO:0045721	negative regulation of gluconeogenesis	1	1	0.8	0.8006	1	BP
GO:0045723	positive regulation of fatty acid biosyn...	1	1	0.8	0.8006	1	BP
GO:0010573	vascular endothelial growth factor produ...	1	1	0.8	0.8006	1	BP
GO:0019317	fucose catabolic process	1	1	0.8	0.8006	1	BP
GO:0010574	regulation of vascular endothelial growt...	1	1	0.8	0.8006	1	BP
GO:0045725	positive regulation of glycogen biosynth...	1	1	0.8	0.8006	1	BP
GO:0010575	positive regulation of vascular endothel...	1	1	0.8	0.8006	1	BP
GO:0060011	Sertoli cell proliferation	1	1	0.8	0.8006	1	BP
GO:0043501	skeletal muscle adaptation	1	1	0.8	0.8006	1	BP
GO:0015985	energy coupled proton transport, down el...	1	1	0.8	0.8006	1	BP
GO:0015986	proton motive force-driven ATP synthesis	1	1	0.8	0.8006	1	BP
GO:0015988	energy coupled proton transmembrane tran...	1	1	0.8	0.8006	1	BP
GO:1902683	regulation of receptor localization to s...	1	1	0.8	0.8006	1	BP
GO:1902685	positive regulation of receptor localiza...	1	1	0.8	0.8006	1	BP
GO:0098760	response to interleukin-7	1	1	0.8	0.8006	1	BP
GO:0098761	cellular response to interleukin-7	1	1	0.8	0.8006	1	BP
GO:0060049	regulation of protein glycosylation	1	1	0.8	0.8006	1	BP
GO:0045741	positive regulation of epidermal growth ...	1	1	0.8	0.8006	1	BP
GO:0030903	notochord development	1	1	0.8	0.8006	1	BP
GO:0009221	pyrimidine deoxyribonucleotide biosynthe...	1	1	0.8	0.8006	1	BP
GO:0060031	mediolateral intercalation	1	1	0.8	0.8006	1	BP
GO:0009222	pyrimidine ribonucleotide catabolic proc...	1	1	0.8	0.8006	1	BP
GO:0009227	nucleotide-sugar catabolic process	1	1	0.8	0.8006	1	BP
GO:0002691	regulation of cellular extravasation	1	1	0.8	0.8006	1	BP
GO:0045736	negative regulation of cyclin-dependent ...	1	1	0.8	0.8006	1	BP
GO:1902622	regulation of neutrophil migration	1	1	0.8	0.8006	1	BP
GO:0045737	positive regulation of cyclin-dependent ...	1	1	0.8	0.8006	1	BP
GO:0045738	negative regulation of DNA repair	1	1	0.8	0.8006	1	BP
GO:0043691	reverse cholesterol transport	1	1	0.8	0.8006	1	BP
GO:0002698	negative regulation of immune effector p...	1	1	0.8	0.8006	1	BP
GO:0009218	pyrimidine ribonucleotide metabolic proc...	1	1	0.8	0.8006	1	BP
GO:0009219	pyrimidine deoxyribonucleotide metabolic...	1	1	0.8	0.8006	1	BP
GO:0071450	cellular response to oxygen radical	1	1	0.8	0.8006	1	BP
GO:0031392	regulation of prostaglandin biosynthetic...	1	1	0.8	0.8006	1	BP
GO:0015919	peroxisomal membrane transport	1	1	0.8	0.8006	1	BP
GO:0098787	mRNA cleavage involved in mRNA processin...	1	1	0.8	0.8006	1	BP
GO:0071451	cellular response to superoxide	1	1	0.8	0.8006	1	BP
GO:0031394	positive regulation of prostaglandin bio...	1	1	0.8	0.8006	1	BP
GO:0098789	pre-mRNA cleavage required for polyadeny...	1	1	0.8	0.8006	1	BP
GO:0071454	cellular response to anoxia	1	1	0.8	0.8006	1	BP
GO:1902617	response to fluoride	1	1	0.8	0.8006	1	BP
GO:0034453	microtubule anchoring	1	1	0.8	0.8006	1	BP
GO:0060008	Sertoli cell differentiation	1	1	0.8	0.8006	1	BP
GO:0007591	molting cycle, chitin-based cuticle	1	1	0.8	0.8006	1	BP
GO:0060009	Sertoli cell development	1	1	0.8	0.8006	1	BP
GO:0015936	coenzyme A metabolic process	1	1	0.8	0.8006	1	BP
GO:0015937	coenzyme A biosynthetic process	1	1	0.8	0.8006	1	BP
GO:0015939	pantothenate metabolic process	1	1	0.8	0.8006	1	BP
GO:0071472	cellular response to salt stress	1	1	0.8	0.8006	1	BP
GO:0071474	cellular hyperosmotic response	1	1	0.8	0.8006	1	BP
GO:0071475	cellular hyperosmotic salinity response	1	1	0.8	0.8006	1	BP
GO:0048597	post-embryonic camera-type eye morphogen...	1	1	0.8	0.8006	1	BP
GO:2000864	regulation of estradiol secretion	1	1	0.8	0.8006	1	BP
GO:0098712	L-glutamate import across plasma membran...	1	1	0.8	0.8006	1	BP
GO:0034471	ncRNA 5'-end processing	1	1	0.8	0.8006	1	BP
GO:0098719	sodium ion import across plasma membrane	1	1	0.8	0.8006	1	BP
GO:0006011	UDP-glucose metabolic process	1	1	0.8	0.8006	1	BP
GO:0031365	N-terminal protein amino acid modificati...	1	1	0.8	0.8006	1	BP
GO:0006012	galactose metabolic process	1	1	0.8	0.8006	1	BP
GO:0080154	regulation of fertilization	1	1	0.8	0.8006	1	BP
GO:1904380	endoplasmic reticulum mannose trimming	1	1	0.8	0.8006	1	BP
GO:1904382	mannose trimming involved in glycoprotei...	1	1	0.8	0.8006	1	BP
GO:0098749	cerebellar neuron development	1	1	0.8	0.8006	1	BP
GO:1904387	cellular response to L-phenylalanine der...	1	1	0.8	0.8006	1	BP
GO:0071415	cellular response to purine-containing c...	1	1	0.8	0.8006	1	BP
GO:0080184	response to phenylpropanoid	1	1	0.8	0.8006	1	BP
GO:0043686	co-translational protein modification	1	1	0.8	0.8006	1	BP
GO:1904370	regulation of protein localization to ac...	1	1	0.8	0.8006	1	BP
GO:0021924	cell proliferation in external granule l...	1	1	0.8	0.8006	1	BP
GO:1904372	positive regulation of protein localizat...	1	1	0.8	0.8006	1	BP
GO:1904373	response to kainic acid	1	1	0.8	0.8006	1	BP
GO:0002674	negative regulation of acute inflammator...	1	1	0.8	0.8006	1	BP
GO:0002675	positive regulation of acute inflammator...	1	1	0.8	0.8006	1	BP
GO:1902605	heterotrimeric G-protein complex assembl...	1	1	0.8	0.8006	1	BP
GO:0080120	CAAX-box protein maturation	1	1	0.8	0.8006	1	BP
GO:0014057	positive regulation of acetylcholine sec...	1	1	0.8	0.8006	1	BP
GO:2000822	regulation of behavioral fear response	1	1	0.8	0.8006	1	BP
GO:0021940	positive regulation of cerebellar granul...	1	1	0.8	0.8006	1	BP
GO:2000825	positive regulation of androgen receptor...	1	1	0.8	0.8006	1	BP
GO:2000810	regulation of bicellular tight junction ...	1	1	0.8	0.8006	1	BP
GO:0080111	DNA demethylation	1	1	0.8	0.8006	1	BP
GO:0034436	glycoprotein transport	1	1	0.8	0.8006	1	BP
GO:0021930	cerebellar granule cell precursor prolif...	1	1	0.8	0.8006	1	BP
GO:0043616	keratinocyte proliferation	1	1	0.8	0.8006	1	BP
GO:2000816	negative regulation of mitotic sister ch...	1	1	0.8	0.8006	1	BP
GO:0021936	regulation of cerebellar granule cell pr...	1	1	0.8	0.8006	1	BP
GO:0021937	cerebellar Purkinje cell-granule cell pr...	1	1	0.8	0.8006	1	BP
GO:0048570	notochord morphogenesis	1	1	0.8	0.8006	1	BP
GO:2000843	regulation of testosterone secretion	1	1	0.8	0.8006	1	BP
GO:0006007	glucose catabolic process	1	1	0.8	0.8006	1	BP
GO:0080144	amino acid homeostasis	1	1	0.8	0.8006	1	BP
GO:2000845	positive regulation of testosterone secr...	1	1	0.8	0.8006	1	BP
GO:0007521	muscle cell fate determination	1	1	0.8	0.8006	1	BP
GO:0031341	regulation of cell killing	1	1	0.8	0.8006	1	BP
GO:0043649	dicarboxylic acid catabolic process	1	1	0.8	0.8006	1	BP
GO:0051012	microtubule sliding	1	1	0.8	0.8006	1	BP
GO:0031343	positive regulation of cell killing	1	1	0.8	0.8006	1	BP
GO:0010663	positive regulation of striated muscle c...	1	1	0.8	0.8006	1	BP
GO:0010664	negative regulation of striated muscle c...	1	1	0.8	0.8006	1	BP
GO:0071403	cellular response to high density lipopr...	1	1	0.8	0.8006	1	BP
GO:0048521	negative regulation of behavior	1	1	0.8	0.8006	1	BP
GO:0010666	positive regulation of cardiac muscle ce...	1	1	0.8	0.8006	1	BP
GO:0002635	negative regulation of germinal center f...	1	1	0.8	0.8006	1	BP
GO:0010667	negative regulation of cardiac muscle ce...	1	1	0.8	0.8006	1	BP
GO:0010668	ectodermal cell differentiation	1	1	0.8	0.8006	1	BP
GO:2000831	regulation of steroid hormone secretion	1	1	0.8	0.8006	1	BP
GO:0048526	imaginal disc-derived wing expansion	1	1	0.8	0.8006	1	BP
GO:0071409	cellular response to cycloheximide	1	1	0.8	0.8006	1	BP
GO:0019471	4-hydroxyproline metabolic process	1	1	0.8	0.8006	1	BP
GO:0014010	Schwann cell proliferation	1	1	0.8	0.8006	1	BP
GO:0014018	neuroblast fate specification	1	1	0.8	0.8006	1	BP
GO:0014019	neuroblast development	1	1	0.8	0.8006	1	BP
GO:0007540	sex determination, establishment of X:A ...	1	1	0.8	0.8006	1	BP
GO:0021903	rostrocaudal neural tube patterning	1	1	0.8	0.8006	1	BP
GO:0014042	positive regulation of neuron maturation	1	1	0.8	0.8006	1	BP
GO:0048541	Peyer's patch development	1	1	0.8	0.8006	1	BP
GO:0045876	positive regulation of sister chromatid ...	1	1	0.8	0.8006	1	BP
GO:0048542	lymph gland development	1	1	0.8	0.8006	1	BP
GO:0014049	positive regulation of glutamate secreti...	1	1	0.8	0.8006	1	BP
GO:0045820	negative regulation of glycolytic proces...	1	1	0.8	0.8006	1	BP
GO:0007539	primary sex determination, soma	1	1	0.8	0.8006	1	BP
GO:0048535	lymph node development	1	1	0.8	0.8006	1	BP
GO:0048537	mucosa-associated lymphoid tissue develo...	1	1	0.8	0.8006	1	BP
GO:0000966	RNA 5'-end processing	1	1	0.8	0.8006	1	BP
GO:1990314	cellular response to insulin-like growth...	1	1	0.8	0.8006	1	BP
GO:0010624	regulation of Schwann cell proliferation	1	1	0.8	0.8006	1	BP
GO:0045815	epigenetic maintenance of chromatin in t...	1	1	0.8	0.8006	1	BP
GO:0010626	negative regulation of Schwann cell prol...	1	1	0.8	0.8006	1	BP
GO:0045819	positive regulation of glycogen cataboli...	1	1	0.8	0.8006	1	BP
GO:0019430	removal of superoxide radicals	1	1	0.8	0.8006	1	BP
GO:0052575	carbohydrate localization	1	1	0.8	0.8006	1	BP
GO:0052576	carbohydrate storage	1	1	0.8	0.8006	1	BP
GO:0045841	negative regulation of mitotic metaphase...	1	1	0.8	0.8006	1	BP
GO:0045843	negative regulation of striated muscle t...	1	1	0.8	0.8006	1	BP
GO:0000959	mitochondrial RNA metabolic process	1	1	0.8	0.8006	1	BP
GO:0098868	bone growth	1	1	0.8	0.8006	1	BP
GO:0009720	detection of hormone stimulus	1	1	0.8	0.8006	1	BP
GO:1904491	protein localization to ciliary transiti...	1	1	0.8	0.8006	1	BP
GO:0014004	microglia differentiation	1	1	0.8	0.8006	1	BP
GO:0045837	negative regulation of membrane potentia...	1	1	0.8	0.8006	1	BP
GO:0014005	microglia development	1	1	0.8	0.8006	1	BP
GO:0045839	negative regulation of mitotic nuclear d...	1	1	0.8	0.8006	1	BP
GO:0071169	establishment of protein localization to...	1	1	0.8	0.8006	1	BP
GO:0020027	hemoglobin metabolic process	1	1	0.8	0.8006	1	BP
GO:0098886	modification of dendritic spine	1	1	0.8	0.8006	1	BP
GO:0098887	neurotransmitter receptor transport, end...	1	1	0.8	0.8006	1	BP
GO:0010637	negative regulation of mitochondrial fus...	1	1	0.8	0.8006	1	BP
GO:0098870	action potential propagation	1	1	0.8	0.8006	1	BP
GO:0019405	alditol catabolic process	1	1	0.8	0.8006	1	BP
GO:0098877	neurotransmitter receptor transport to p...	1	1	0.8	0.8006	1	BP
GO:0048690	regulation of axon extension involved in...	1	1	0.8	0.8006	1	BP
GO:0048691	positive regulation of axon extension in...	1	1	0.8	0.8006	1	BP
GO:0010603	regulation of cytoplasmic mRNA processin...	1	1	0.8	0.8006	1	BP
GO:0090311	regulation of protein deacetylation	1	1	0.8	0.8006	1	BP
GO:0097094	craniofacial suture morphogenesis	1	1	0.8	0.8006	1	BP
GO:0048664	neuron fate determination	1	1	0.8	0.8006	1	BP
GO:0048669	collateral sprouting in absence of injur...	1	1	0.8	0.8006	1	BP
GO:0039521	suppression by virus of host autophagy	1	1	0.8	0.8006	1	BP
GO:1901382	regulation of chorionic trophoblast cell...	1	1	0.8	0.8006	1	BP
GO:1901385	regulation of voltage-gated calcium chan...	1	1	0.8	0.8006	1	BP
GO:1901387	positive regulation of voltage-gated cal...	1	1	0.8	0.8006	1	BP
GO:0097062	dendritic spine maintenance	1	1	0.8	0.8006	1	BP
GO:0031424	keratinization	1	1	0.8	0.8006	1	BP
GO:0048681	negative regulation of axon regeneration	1	1	0.8	0.8006	1	BP
GO:0048682	sprouting of injured axon	1	1	0.8	0.8006	1	BP
GO:0039519	modulation by virus of host autophagy	1	1	0.8	0.8006	1	BP
GO:0048686	regulation of sprouting of injured axon	1	1	0.8	0.8006	1	BP
GO:0097069	cellular response to thyroxine stimulus	1	1	0.8	0.8006	1	BP
GO:0048687	positive regulation of sprouting of inju...	1	1	0.8	0.8006	1	BP
GO:0048689	formation of growth cone in injured axon	1	1	0.8	0.8006	1	BP
GO:0048670	regulation of collateral sprouting	1	1	0.8	0.8006	1	BP
GO:0048671	negative regulation of collateral sprout...	1	1	0.8	0.8006	1	BP
GO:0048674	collateral sprouting of injured axon	1	1	0.8	0.8006	1	BP
GO:2000542	negative regulation of gastrulation	1	1	0.8	0.8006	1	BP
GO:0048677	axon extension involved in regeneration	1	1	0.8	0.8006	1	BP
GO:0036372	opsin transport	1	1	0.8	0.8006	1	BP
GO:0007621	negative regulation of female receptivit...	1	1	0.8	0.8006	1	BP
GO:0007625	grooming behavior	1	1	0.8	0.8006	1	BP
GO:0031443	fast-twitch skeletal muscle fiber contra...	1	1	0.8	0.8006	1	BP
GO:0048620	post-embryonic hindgut morphogenesis	1	1	0.8	0.8006	1	BP
GO:0097084	vascular associated smooth muscle cell d...	1	1	0.8	0.8006	1	BP
GO:0031446	regulation of fast-twitch skeletal muscl...	1	1	0.8	0.8006	1	BP
GO:0007629	flight behavior	1	1	0.8	0.8006	1	BP
GO:0031448	positive regulation of fast-twitch skele...	1	1	0.8	0.8006	1	BP
GO:0048625	myoblast fate commitment	1	1	0.8	0.8006	1	BP
GO:0032960	regulation of inositol trisphosphate bio...	1	1	0.8	0.8006	1	BP
GO:0071108	protein K48-linked deubiquitination	1	1	0.8	0.8006	1	BP
GO:0032964	collagen biosynthetic process	1	1	0.8	0.8006	1	BP
GO:1901314	regulation of histone H2A K63-linked ubi...	1	1	0.8	0.8006	1	BP
GO:2000537	regulation of B cell chemotaxis	1	1	0.8	0.8006	1	BP
GO:1901315	negative regulation of histone H2A K63-l...	1	1	0.8	0.8006	1	BP
GO:0032965	regulation of collagen biosynthetic proc...	1	1	0.8	0.8006	1	BP
GO:2000538	positive regulation of B cell chemotaxis	1	1	0.8	0.8006	1	BP
GO:1901317	regulation of flagellated sperm motility	1	1	0.8	0.8006	1	BP
GO:0032968	positive regulation of transcription elo...	1	1	0.8	0.8006	1	BP
GO:0045586	regulation of gamma-delta T cell differe...	1	1	0.8	0.8006	1	BP
GO:0045588	positive regulation of gamma-delta T cel...	1	1	0.8	0.8006	1	BP
GO:0034104	negative regulation of tissue remodeling	1	1	0.8	0.8006	1	BP
GO:0045589	regulation of regulatory T cell differen...	1	1	0.8	0.8006	1	BP
GO:0032954	regulation of cytokinetic process	1	1	0.8	0.8006	1	BP
GO:0036315	cellular response to sterol	1	1	0.8	0.8006	1	BP
GO:0032957	inositol trisphosphate metabolic process	1	1	0.8	0.8006	1	BP
GO:0032958	inositol phosphate biosynthetic process	1	1	0.8	0.8006	1	BP
GO:0032959	inositol trisphosphate biosynthetic proc...	1	1	0.8	0.8006	1	BP
GO:0045577	regulation of B cell differentiation	1	1	0.8	0.8006	1	BP
GO:0045579	positive regulation of B cell differenti...	1	1	0.8	0.8006	1	BP
GO:0007630	jump response	1	1	0.8	0.8006	1	BP
GO:0036343	psychomotor behavior	1	1	0.8	0.8006	1	BP
GO:0036344	platelet morphogenesis	1	1	0.8	0.8006	1	BP
GO:1901336	lactone biosynthetic process	1	1	0.8	0.8006	1	BP
GO:0032986	protein-DNA complex disassembly	1	1	0.8	0.8006	1	BP
GO:0007634	optokinetic behavior	1	1	0.8	0.8006	1	BP
GO:0032988	ribonucleoprotein complex disassembly	1	1	0.8	0.8006	1	BP
GO:0042364	water-soluble vitamin biosynthetic proce...	1	1	0.8	0.8006	1	BP
GO:0007636	chemosensory jump behavior	1	1	0.8	0.8006	1	BP
GO:0071294	cellular response to zinc ion	1	1	0.8	0.8006	1	BP
GO:0048635	negative regulation of muscle organ deve...	1	1	0.8	0.8006	1	BP
GO:0032976	release of matrix enzymes from mitochond...	1	1	0.8	0.8006	1	BP
GO:0042354	L-fucose metabolic process	1	1	0.8	0.8006	1	BP
GO:0036336	dendritic cell migration	1	1	0.8	0.8006	1	BP
GO:0042355	L-fucose catabolic process	1	1	0.8	0.8006	1	BP
GO:1990416	cellular response to brain-derived neuro...	1	1	0.8	0.8006	1	BP
GO:0097049	motor neuron apoptotic process	1	1	0.8	0.8006	1	BP
GO:0032924	activin receptor signaling pathway	1	1	0.8	0.8006	1	BP
GO:0032925	regulation of activin receptor signaling...	1	1	0.8	0.8006	1	BP
GO:1990440	positive regulation of transcription fro...	1	1	0.8	0.8006	1	BP
GO:1990441	negative regulation of transcription fro...	1	1	0.8	0.8006	1	BP
GO:0007604	phototransduction, UV	1	1	0.8	0.8006	1	BP
GO:0009812	flavonoid metabolic process	1	1	0.8	0.8006	1	BP
GO:2000690	regulation of cardiac muscle cell myobla...	1	1	0.8	0.8006	1	BP
GO:2000691	negative regulation of cardiac muscle ce...	1	1	0.8	0.8006	1	BP
GO:0036302	atrioventricular canal development	1	1	0.8	0.8006	1	BP
GO:2000696	regulation of epithelial cell differenti...	1	1	0.8	0.8006	1	BP
GO:0042321	negative regulation of circadian sleep/w...	1	1	0.8	0.8006	1	BP
GO:0032945	negative regulation of mononuclear cell ...	1	1	0.8	0.8006	1	BP
GO:2000698	positive regulation of epithelial cell d...	1	1	0.8	0.8006	1	BP
GO:0042323	negative regulation of circadian sleep/w...	1	1	0.8	0.8006	1	BP
GO:0071250	cellular response to nitrite	1	1	0.8	0.8006	1	BP
GO:0036306	embryonic heart tube elongation	1	1	0.8	0.8006	1	BP
GO:0032930	positive regulation of superoxide anion ...	1	1	0.8	0.8006	1	BP
GO:0071280	cellular response to copper ion	1	1	0.8	0.8006	1	BP
GO:0071287	cellular response to manganese ion	1	1	0.8	0.8006	1	BP
GO:0097009	energy homeostasis	1	1	0.8	0.8006	1	BP
GO:0045500	sevenless signaling pathway	1	1	0.8	0.8006	1	BP
GO:0036491	regulation of translation initiation in ...	1	1	0.8	0.8006	1	BP
GO:0036492	eiF2alpha phosphorylation in response to...	1	1	0.8	0.8006	1	BP
GO:0036493	positive regulation of translation in re...	1	1	0.8	0.8006	1	BP
GO:0090427	activation of meiosis	1	1	0.8	0.8006	1	BP
GO:0042337	cuticle development involved in chitin-b...	1	1	0.8	0.8006	1	BP
GO:0031167	rRNA methylation	1	1	0.8	0.8006	1	BP
GO:0071226	cellular response to molecule of fungal ...	1	1	0.8	0.8006	1	BP
GO:2000651	positive regulation of sodium ion transm...	1	1	0.8	0.8006	1	BP
GO:0032900	negative regulation of neurotrophin prod...	1	1	0.8	0.8006	1	BP
GO:1904180	negative regulation of membrane depolari...	1	1	0.8	0.8006	1	BP
GO:0039689	negative stranded viral RNA replication	1	1	0.8	0.8006	1	BP
GO:0034224	cellular response to zinc ion starvation	1	1	0.8	0.8006	1	BP
GO:0071218	cellular response to misfolded protein	1	1	0.8	0.8006	1	BP
GO:0060396	growth hormone receptor signaling pathwa...	1	1	0.8	0.8006	1	BP
GO:0050960	detection of temperature stimulus involv...	1	1	0.8	0.8006	1	BP
GO:0071245	cellular response to carbon monoxide	1	1	0.8	0.8006	1	BP
GO:2000671	regulation of motor neuron apoptotic pro...	1	1	0.8	0.8006	1	BP
GO:0050968	detection of chemical stimulus involved ...	1	1	0.8	0.8006	1	BP
GO:2000672	negative regulation of motor neuron apop...	1	1	0.8	0.8006	1	BP
GO:2000675	negative regulation of type B pancreatic...	1	1	0.8	0.8006	1	BP
GO:2000676	positive regulation of type B pancreatic...	1	1	0.8	0.8006	1	BP
GO:2000678	negative regulation of transcription reg...	1	1	0.8	0.8006	1	BP
GO:2000679	positive regulation of transcription reg...	1	1	0.8	0.8006	1	BP
GO:0071233	cellular response to leucine	1	1	0.8	0.8006	1	BP
GO:0050955	thermoception	1	1	0.8	0.8006	1	BP
GO:0034244	negative regulation of transcription elo...	1	1	0.8	0.8006	1	BP
GO:2000620	positive regulation of histone H4-K16 ac...	1	1	0.8	0.8006	1	BP
GO:0050957	equilibrioception	1	1	0.8	0.8006	1	BP
GO:0031120	snRNA pseudouridine synthesis	1	1	0.8	0.8006	1	BP
GO:1904116	response to vasopressin	1	1	0.8	0.8006	1	BP
GO:1904117	cellular response to vasopressin	1	1	0.8	0.8006	1	BP
GO:0060363	cranial suture morphogenesis	1	1	0.8	0.8006	1	BP
GO:0060364	frontal suture morphogenesis	1	1	0.8	0.8006	1	BP
GO:0036484	trunk neural crest cell migration	1	1	0.8	0.8006	1	BP
GO:2000619	negative regulation of histone H4-K16 ac...	1	1	0.8	0.8006	1	BP
GO:0036486	ventral trunk neural crest cell migratio...	1	1	0.8	0.8006	1	BP
GO:0045663	positive regulation of myoblast differen...	1	1	0.8	0.8006	1	BP
GO:1904147	response to nonylphenol	1	1	0.8	0.8006	1	BP
GO:0031115	negative regulation of microtubule polym...	1	1	0.8	0.8006	1	BP
GO:1904148	cellular response to nonylphenol	1	1	0.8	0.8006	1	BP
GO:0060351	cartilage development involved in endoch...	1	1	0.8	0.8006	1	BP
GO:0031118	rRNA pseudouridine synthesis	1	1	0.8	0.8006	1	BP
GO:2000644	regulation of receptor catabolic process	1	1	0.8	0.8006	1	BP
GO:1901423	response to benzene	1	1	0.8	0.8006	1	BP
GO:0090400	stress-induced premature senescence	1	1	0.8	0.8006	1	BP
GO:2000647	negative regulation of stem cell prolife...	1	1	0.8	0.8006	1	BP
GO:0042492	gamma-delta T cell differentiation	1	1	0.8	0.8006	1	BP
GO:0036474	cell death in response to hydrogen perox...	1	1	0.8	0.8006	1	BP
GO:2000649	regulation of sodium ion transmembrane t...	1	1	0.8	0.8006	1	BP
GO:0050922	negative regulation of chemotaxis	1	1	0.8	0.8006	1	BP
GO:0045655	regulation of monocyte differentiation	1	1	0.8	0.8006	1	BP
GO:0031146	SCF-dependent proteasomal ubiquitin-depe...	1	1	0.8	0.8006	1	BP
GO:0045656	negative regulation of monocyte differen...	1	1	0.8	0.8006	1	BP
GO:0060385	axonogenesis involved in innervation	1	1	0.8	0.8006	1	BP
GO:2000637	positive regulation of miRNA-mediated ge...	1	1	0.8	0.8006	1	BP
GO:0045683	negative regulation of epidermis develop...	1	1	0.8	0.8006	1	BP
GO:0045684	positive regulation of epidermis develop...	1	1	0.8	0.8006	1	BP
GO:0045686	negative regulation of glial cell differ...	1	1	0.8	0.8006	1	BP
GO:0050915	sensory perception of sour taste	1	1	0.8	0.8006	1	BP
GO:0050916	sensory perception of sweet taste	1	1	0.8	0.8006	1	BP
GO:0060378	regulation of brood size	1	1	0.8	0.8006	1	BP
GO:0016064	immunoglobulin mediated immune response	1	1	0.8	0.8006	1	BP
GO:0060379	cardiac muscle cell myoblast differentia...	1	1	0.8	0.8006	1	BP
GO:0045671	negative regulation of osteoclast differ...	1	1	0.8	0.8006	1	BP
GO:0019227	neuronal action potential propagation	1	1	0.8	0.8006	1	BP
GO:0006390	mitochondrial transcription	1	1	0.8	0.8006	1	BP
GO:0016057	regulation of membrane potential in phot...	1	1	0.8	0.8006	1	BP
GO:0042463	ocellus photoreceptor cell development	1	1	0.8	0.8006	1	BP
GO:0036446	myofibroblast differentiation	1	1	0.8	0.8006	1	BP
GO:0045622	regulation of T-helper cell differentiat...	1	1	0.8	0.8006	1	BP
GO:0045623	negative regulation of T-helper cell dif...	1	1	0.8	0.8006	1	BP
GO:1902950	regulation of dendritic spine maintenanc...	1	1	0.8	0.8006	1	BP
GO:0060317	cardiac epithelial to mesenchymal transi...	1	1	0.8	0.8006	1	BP
GO:0009589	detection of UV	1	1	0.8	0.8006	1	BP
GO:0019243	methylglyoxal catabolic process to D-lac...	1	1	0.8	0.8006	1	BP
GO:0042454	ribonucleoside catabolic process	1	1	0.8	0.8006	1	BP
GO:0045612	positive regulation of hemocyte differen...	1	1	0.8	0.8006	1	BP
GO:0019249	lactate biosynthetic process	1	1	0.8	0.8006	1	BP
GO:1990117	B cell receptor apoptotic signaling path...	1	1	0.8	0.8006	1	BP
GO:0045617	negative regulation of keratinocyte diff...	1	1	0.8	0.8006	1	BP
GO:0060343	trabecula formation	1	1	0.8	0.8006	1	BP
GO:0019230	proprioception	1	1	0.8	0.8006	1	BP
GO:0060346	bone trabecula formation	1	1	0.8	0.8006	1	BP
GO:0016075	rRNA catabolic process	1	1	0.8	0.8006	1	BP
GO:0016078	tRNA catabolic process	1	1	0.8	0.8006	1	BP
GO:1990144	intrinsic apoptotic signaling pathway in...	1	1	0.8	0.8006	1	BP
GO:0006361	transcription initiation at RNA polymera...	1	1	0.8	0.8006	1	BP
GO:0006362	transcription elongation by RNA polymera...	1	1	0.8	0.8006	1	BP
GO:0006363	termination of RNA polymerase I transcri...	1	1	0.8	0.8006	1	BP
GO:0045647	negative regulation of erythrocyte diffe...	1	1	0.8	0.8006	1	BP
GO:0045648	positive regulation of erythrocyte diffe...	1	1	0.8	0.8006	1	BP
GO:0090160	Golgi to lysosome transport	1	1	0.8	0.8006	1	BP
GO:0090161	Golgi ribbon formation	1	1	0.8	0.8006	1	BP
GO:0042473	outer ear morphogenesis	1	1	0.8	0.8006	1	BP
GO:0042478	regulation of eye photoreceptor cell dev...	1	1	0.8	0.8006	1	BP
GO:0042479	positive regulation of eye photoreceptor...	1	1	0.8	0.8006	1	BP
GO:0042421	norepinephrine biosynthetic process	1	1	0.8	0.8006	1	BP
GO:0090154	positive regulation of sphingolipid bios...	1	1	0.8	0.8006	1	BP
GO:0090155	negative regulation of sphingolipid bios...	1	1	0.8	0.8006	1	BP
GO:0090156	cellular sphingolipid homeostasis	1	1	0.8	0.8006	1	BP
GO:0006384	transcription initiation at RNA polymera...	1	1	0.8	0.8006	1	BP
GO:1902914	regulation of protein polyubiquitination	1	1	0.8	0.8006	1	BP
GO:1902915	negative regulation of protein polyubiqu...	1	1	0.8	0.8006	1	BP
GO:0042415	norepinephrine metabolic process	1	1	0.8	0.8006	1	BP
GO:0090186	regulation of pancreatic juice secretion	1	1	0.8	0.8006	1	BP
GO:0006370	7-methylguanosine mRNA capping	1	1	0.8	0.8006	1	BP
GO:0090188	negative regulation of pancreatic juice ...	1	1	0.8	0.8006	1	BP
GO:0060300	regulation of cytokine activity	1	1	0.8	0.8006	1	BP
GO:0060301	positive regulation of cytokine activity	1	1	0.8	0.8006	1	BP
GO:0006376	mRNA splice site selection	1	1	0.8	0.8006	1	BP
GO:0060305	regulation of cell diameter	1	1	0.8	0.8006	1	BP
GO:1902947	regulation of tau-protein kinase activit...	1	1	0.8	0.8006	1	BP
GO:0006379	mRNA cleavage	1	1	0.8	0.8006	1	BP
GO:0060307	regulation of ventricular cardiac muscle...	1	1	0.8	0.8006	1	BP
GO:1902949	positive regulation of tau-protein kinas...	1	1	0.8	0.8006	1	BP
GO:1904261	positive regulation of basement membrane...	1	1	0.8	0.8006	1	BP
GO:0016037	light absorption	1	1	0.8	0.8006	1	BP
GO:0016039	absorption of UV light	1	1	0.8	0.8006	1	BP
GO:0090177	establishment of planar polarity involve...	1	1	0.8	0.8006	1	BP
GO:0045605	negative regulation of epidermal cell di...	1	1	0.8	0.8006	1	BP
GO:0090178	regulation of establishment of planar po...	1	1	0.8	0.8006	1	BP
GO:0090179	planar cell polarity pathway involved in...	1	1	0.8	0.8006	1	BP
GO:0045607	regulation of inner ear auditory recepto...	1	1	0.8	0.8006	1	BP
GO:2001055	positive regulation of mesenchymal cell ...	1	1	0.8	0.8006	1	BP
GO:1902938	regulation of intracellular calcium acti...	1	1	0.8	0.8006	1	BP
GO:0042431	indole metabolic process	1	1	0.8	0.8006	1	BP
GO:1904251	regulation of bile acid metabolic proces...	1	1	0.8	0.8006	1	BP
GO:0043968	histone H2A acetylation	1	1	0.8	0.8006	1	BP
GO:0090128	regulation of synapse maturation	1	1	0.8	0.8006	1	BP
GO:0090129	positive regulation of synapse maturatio...	1	1	0.8	0.8006	1	BP
GO:1904259	regulation of basement membrane assembly...	1	1	0.8	0.8006	1	BP
GO:0031269	pseudopodium assembly	1	1	0.8	0.8006	1	BP
GO:0034720	histone H3-K4 demethylation	1	1	0.8	0.8006	1	BP
GO:0034721	histone H3-K4 demethylation, trimethyl-H...	1	1	0.8	0.8006	1	BP
GO:0051365	cellular response to potassium ion starv...	1	1	0.8	0.8006	1	BP
GO:0043981	histone H4-K5 acetylation	1	1	0.8	0.8006	1	BP
GO:0043982	histone H4-K8 acetylation	1	1	0.8	0.8006	1	BP
GO:0034727	piecemeal microautophagy of the nucleus	1	1	0.8	0.8006	1	BP
GO:0043983	histone H4-K12 acetylation	1	1	0.8	0.8006	1	BP
GO:0090140	regulation of mitochondrial fission	1	1	0.8	0.8006	1	BP
GO:0090141	positive regulation of mitochondrial fis...	1	1	0.8	0.8006	1	BP
GO:1901166	neural crest cell migration involved in ...	1	1	0.8	0.8006	1	BP
GO:0031280	negative regulation of cyclase activity	1	1	0.8	0.8006	1	BP
GO:0051350	negative regulation of lyase activity	1	1	0.8	0.8006	1	BP
GO:0051351	positive regulation of ligase activity	1	1	0.8	0.8006	1	BP
GO:0031282	regulation of guanylate cyclase activity	1	1	0.8	0.8006	1	BP
GO:0022027	interkinetic nuclear migration	1	1	0.8	0.8006	1	BP
GO:0031284	positive regulation of guanylate cyclase...	1	1	0.8	0.8006	1	BP
GO:0051355	proprioception involved in equilibriocep...	1	1	0.8	0.8006	1	BP
GO:0043970	histone H3-K9 acetylation	1	1	0.8	0.8006	1	BP
GO:0006334	nucleosome assembly	1	1	0.8	0.8006	1	BP
GO:2001025	positive regulation of response to drug	1	1	0.8	0.8006	1	BP
GO:0031270	pseudopodium retraction	1	1	0.8	0.8006	1	BP
GO:0010990	regulation of SMAD protein complex assem...	1	1	0.8	0.8006	1	BP
GO:0010991	negative regulation of SMAD protein comp...	1	1	0.8	0.8006	1	BP
GO:0036166	phenotypic switching	1	1	0.8	0.8006	1	BP
GO:0031272	regulation of pseudopodium assembly	1	1	0.8	0.8006	1	BP
GO:0010992	ubiquitin recycling	1	1	0.8	0.8006	1	BP
GO:0090135	actin filament branching	1	1	0.8	0.8006	1	BP
GO:0031274	positive regulation of pseudopodium asse...	1	1	0.8	0.8006	1	BP
GO:0010994	free ubiquitin chain polymerization	1	1	0.8	0.8006	1	BP
GO:0002922	positive regulation of humoral immune re...	1	1	0.8	0.8006	1	BP
GO:0010998	regulation of translational initiation b...	1	1	0.8	0.8006	1	BP
GO:0002926	tRNA wobble base 5-methoxycarbonylmethyl...	1	1	0.8	0.8006	1	BP
GO:2001013	epithelial cell proliferation involved i...	1	1	0.8	0.8006	1	BP
GO:2001016	positive regulation of skeletal muscle c...	1	1	0.8	0.8006	1	BP
GO:1904211	membrane protein proteolysis involved in...	1	1	0.8	0.8006	1	BP
GO:0036158	outer dynein arm assembly	1	1	0.8	0.8006	1	BP
GO:0022030	telencephalon glial cell migration	1	1	0.8	0.8006	1	BP
GO:2001046	positive regulation of integrin-mediated...	1	1	0.8	0.8006	1	BP
GO:0022035	rhombomere cell migration	1	1	0.8	0.8006	1	BP
GO:0002946	tRNA C5-cytosine methylation	1	1	0.8	0.8006	1	BP
GO:0006309	apoptotic DNA fragmentation	1	1	0.8	0.8006	1	BP
GO:0060457	negative regulation of digestive system ...	1	1	0.8	0.8006	1	BP
GO:1901128	gentamycin metabolic process	1	1	0.8	0.8006	1	BP
GO:1990253	cellular response to leucine starvation	1	1	0.8	0.8006	1	BP
GO:1904235	regulation of substrate-dependent cell m...	1	1	0.8	0.8006	1	BP
GO:1904237	positive regulation of substrate-depende...	1	1	0.8	0.8006	1	BP
GO:0010966	regulation of phosphate transport	1	1	0.8	0.8006	1	BP
GO:0010968	regulation of microtubule nucleation	1	1	0.8	0.8006	1	BP
GO:0060484	lung-associated mesenchyme development	1	1	0.8	0.8006	1	BP
GO:0036120	cellular response to platelet-derived gr...	1	1	0.8	0.8006	1	BP
GO:0010955	negative regulation of protein processin...	1	1	0.8	0.8006	1	BP
GO:0019724	B cell mediated immunity	1	1	0.8	0.8006	1	BP
GO:0010984	regulation of lipoprotein particle clear...	1	1	0.8	0.8006	1	BP
GO:0006491	N-glycan processing	1	1	0.8	0.8006	1	BP
GO:0010985	negative regulation of lipoprotein parti...	1	1	0.8	0.8006	1	BP
GO:0036119	response to platelet-derived growth fact...	1	1	0.8	0.8006	1	BP
GO:0006493	protein O-linked glycosylation	1	1	0.8	0.8006	1	BP
GO:0010988	regulation of low-density lipoprotein pa...	1	1	0.8	0.8006	1	BP
GO:0010989	negative regulation of low-density lipop...	1	1	0.8	0.8006	1	BP
GO:0010971	positive regulation of G2/M transition o...	1	1	0.8	0.8006	1	BP
GO:0002903	negative regulation of B cell apoptotic ...	1	1	0.8	0.8006	1	BP
GO:0019740	nitrogen utilization	1	1	0.8	0.8006	1	BP
GO:0042159	lipoprotein catabolic process	1	1	0.8	0.8006	1	BP
GO:0060442	branching involved in prostate gland mor...	1	1	0.8	0.8006	1	BP
GO:0060445	branching involved in salivary gland mor...	1	1	0.8	0.8006	1	BP
GO:0060447	bud outgrowth involved in lung branching	1	1	0.8	0.8006	1	BP
GO:0019732	antifungal humoral response	1	1	0.8	0.8006	1	BP
GO:0042182	ketone catabolic process	1	1	0.8	0.8006	1	BP
GO:0010917	negative regulation of mitochondrial mem...	1	1	0.8	0.8006	1	BP
GO:0010918	positive regulation of mitochondrial mem...	1	1	0.8	0.8006	1	BP
GO:0010919	regulation of inositol phosphate biosynt...	1	1	0.8	0.8006	1	BP
GO:0042177	negative regulation of protein catabolic...	1	1	0.8	0.8006	1	BP
GO:0090269	fibroblast growth factor production	1	1	0.8	0.8006	1	BP
GO:0099072	regulation of postsynaptic membrane neur...	1	1	0.8	0.8006	1	BP
GO:0090250	cell-cell adhesion involved in establish...	1	1	0.8	0.8006	1	BP
GO:0071852	fungal-type cell wall organization or bi...	1	1	0.8	0.8006	1	BP
GO:0042126	nitrate metabolic process	1	1	0.8	0.8006	1	BP
GO:0009642	response to light intensity	1	1	0.8	0.8006	1	BP
GO:0009648	photoperiodism	1	1	0.8	0.8006	1	BP
GO:0009649	entrainment of circadian clock	1	1	0.8	0.8006	1	BP
GO:0051490	negative regulation of filopodium assemb...	1	1	0.8	0.8006	1	BP
GO:0150065	regulation of deacetylase activity	1	1	0.8	0.8006	1	BP
GO:0150066	negative regulation of deacetylase activ...	1	1	0.8	0.8006	1	BP
GO:0006474	N-terminal protein amino acid acetylatio...	1	1	0.8	0.8006	1	BP
GO:0099010	modification of postsynaptic structure	1	1	0.8	0.8006	1	BP
GO:0006476	protein deacetylation	1	1	0.8	0.8006	1	BP
GO:0071888	macrophage apoptotic process	1	1	0.8	0.8006	1	BP
GO:0009635	response to herbicide	1	1	0.8	0.8006	1	BP
GO:0090270	regulation of fibroblast growth factor p...	1	1	0.8	0.8006	1	BP
GO:1904760	regulation of myofibroblast differentiat...	1	1	0.8	0.8006	1	BP
GO:1904761	negative regulation of myofibroblast dif...	1	1	0.8	0.8006	1	BP
GO:0090272	negative regulation of fibroblast growth...	1	1	0.8	0.8006	1	BP
GO:0090273	regulation of somatostatin secretion	1	1	0.8	0.8006	1	BP
GO:0090275	negative regulation of somatostatin secr...	1	1	0.8	0.8006	1	BP
GO:0071873	response to norepinephrine	1	1	0.8	0.8006	1	BP
GO:0071874	cellular response to norepinephrine stim...	1	1	0.8	0.8006	1	BP
GO:0006424	glutamyl-tRNA aminoacylation	1	1	0.8	0.8006	1	BP
GO:0042130	negative regulation of T cell proliferat...	1	1	0.8	0.8006	1	BP
GO:1904751	positive regulation of protein localizat...	1	1	0.8	0.8006	1	BP
GO:1904753	negative regulation of vascular associat...	1	1	0.8	0.8006	1	BP
GO:1904754	positive regulation of vascular associat...	1	1	0.8	0.8006	1	BP
GO:0071825	protein-lipid complex subunit organizati...	1	1	0.8	0.8006	1	BP
GO:0006414	translational elongation	1	1	0.8	0.8006	1	BP
GO:0071827	plasma lipoprotein particle organization	1	1	0.8	0.8006	1	BP
GO:0006418	tRNA aminoacylation for protein translat...	1	1	0.8	0.8006	1	BP
GO:1904780	negative regulation of protein localizat...	1	1	0.8	0.8006	1	BP
GO:0150076	neuroinflammatory response	1	1	0.8	0.8006	1	BP
GO:0150077	regulation of neuroinflammatory response	1	1	0.8	0.8006	1	BP
GO:0150078	positive regulation of neuroinflammatory...	1	1	0.8	0.8006	1	BP
GO:0006448	regulation of translational elongation	1	1	0.8	0.8006	1	BP
GO:0060197	cloacal septation	1	1	0.8	0.8006	1	BP
GO:0090240	positive regulation of histone H4 acetyl...	1	1	0.8	0.8006	1	BP
GO:0150020	basal dendrite arborization	1	1	0.8	0.8006	1	BP
GO:0090241	negative regulation of histone H4 acetyl...	1	1	0.8	0.8006	1	BP
GO:1904776	regulation of protein localization to ce...	1	1	0.8	0.8006	1	BP
GO:1904778	positive regulation of protein localizat...	1	1	0.8	0.8006	1	BP
GO:0006433	prolyl-tRNA aminoacylation	1	1	0.8	0.8006	1	BP
GO:1904779	regulation of protein localization to ce...	1	1	0.8	0.8006	1	BP
GO:0051458	corticotropin secretion	1	1	0.8	0.8006	1	BP
GO:0051459	regulation of corticotropin secretion	1	1	0.8	0.8006	1	BP
GO:0042104	positive regulation of activated T cell ...	1	1	0.8	0.8006	1	BP
GO:0051482	positive regulation of cytosolic calcium...	1	1	0.8	0.8006	1	BP
GO:0150018	basal dendrite development	1	1	0.8	0.8006	1	BP
GO:0150019	basal dendrite morphogenesis	1	1	0.8	0.8006	1	BP
GO:0097360	chorionic trophoblast cell proliferation	1	1	0.8	0.8006	1	BP
GO:0060163	subpallium neuron fate commitment	1	1	0.8	0.8006	1	BP
GO:0097368	establishment of Sertoli cell barrier	1	1	0.8	0.8006	1	BP
GO:0019853	L-ascorbic acid biosynthetic process	1	1	0.8	0.8006	1	BP
GO:1904747	positive regulation of apoptotic process...	1	1	0.8	0.8006	1	BP
GO:1904748	regulation of apoptotic process involved...	1	1	0.8	0.8006	1	BP
GO:1904749	regulation of protein localization to nu...	1	1	0.8	0.8006	1	BP
GO:1901223	negative regulation of NIK/NF-kappaB sig...	1	1	0.8	0.8006	1	BP
GO:0019883	antigen processing and presentation of e...	1	1	0.8	0.8006	1	BP
GO:0051410	detoxification of nitrogen compound	1	1	0.8	0.8006	1	BP
GO:0019885	antigen processing and presentation of e...	1	1	0.8	0.8006	1	BP
GO:0090204	protein localization to nuclear pore	1	1	0.8	0.8006	1	BP
GO:0090209	negative regulation of triglyceride meta...	1	1	0.8	0.8006	1	BP
GO:0048925	lateral line system development	1	1	0.8	0.8006	1	BP
GO:0097374	sensory neuron axon guidance	1	1	0.8	0.8006	1	BP
GO:0097376	interneuron axon guidance	1	1	0.8	0.8006	1	BP
GO:0097377	spinal cord interneuron axon guidance	1	1	0.8	0.8006	1	BP
GO:0097378	dorsal spinal cord interneuron axon guid...	1	1	0.8	0.8006	1	BP
GO:0060174	limb bud formation	1	1	0.8	0.8006	1	BP
GO:0097379	dorsal spinal cord interneuron posterior...	1	1	0.8	0.8006	1	BP
GO:0033059	cellular pigmentation	1	1	0.8	0.8006	1	BP
GO:0097325	melanocyte proliferation	1	1	0.8	0.8006	1	BP
GO:0006195	purine nucleotide catabolic process	1	1	0.8	0.8006	1	BP
GO:0006196	AMP catabolic process	1	1	0.8	0.8006	1	BP
GO:0060128	corticotropin hormone secreting cell dif...	1	1	0.8	0.8006	1	BP
GO:1904700	granulosa cell apoptotic process	1	1	0.8	0.8006	1	BP
GO:0042267	natural killer cell mediated cytotoxicit...	1	1	0.8	0.8006	1	BP
GO:0071593	lymphocyte aggregation	1	1	0.8	0.8006	1	BP
GO:1904708	regulation of granulosa cell apoptotic p...	1	1	0.8	0.8006	1	BP
GO:0042269	regulation of natural killer cell mediat...	1	1	0.8	0.8006	1	BP
GO:0060114	vestibular receptor cell differentiation	1	1	0.8	0.8006	1	BP
GO:0060118	vestibular receptor cell development	1	1	0.8	0.8006	1	BP
GO:0060148	positive regulation of post-transcriptio...	1	1	0.8	0.8006	1	BP
GO:0060149	negative regulation of post-transcriptio...	1	1	0.8	0.8006	1	BP
GO:0033028	myeloid cell apoptotic process	1	1	0.8	0.8006	1	BP
GO:0097332	response to antipsychotic drug	1	1	0.8	0.8006	1	BP
GO:0051409	response to nitrosative stress	1	1	0.8	0.8006	1	BP
GO:0097338	response to clozapine	1	1	0.8	0.8006	1	BP
GO:0060134	prepulse inhibition	1	1	0.8	0.8006	1	BP
GO:0060135	maternal process involved in female preg...	1	1	0.8	0.8006	1	BP
GO:1904894	positive regulation of receptor signalin...	1	1	0.8	0.8006	1	BP
GO:1904896	ESCRT complex disassembly	1	1	0.8	0.8006	1	BP
GO:1990737	response to manganese-induced endoplasmi...	1	1	0.8	0.8006	1	BP
GO:0071569	protein ufmylation	1	1	0.8	0.8006	1	BP
GO:0033046	negative regulation of sister chromatid ...	1	1	0.8	0.8006	1	BP
GO:0033048	negative regulation of mitotic sister ch...	1	1	0.8	0.8006	1	BP
GO:0071554	cell wall organization or biogenesis	1	1	0.8	0.8006	1	BP
GO:0006182	cGMP biosynthetic process	1	1	0.8	0.8006	1	BP
GO:0033032	regulation of myeloid cell apoptotic pro...	1	1	0.8	0.8006	1	BP
GO:0006188	IMP biosynthetic process	1	1	0.8	0.8006	1	BP
GO:0033034	positive regulation of myeloid cell apop...	1	1	0.8	0.8006	1	BP
GO:0006171	cAMP biosynthetic process	1	1	0.8	0.8006	1	BP
GO:0034552	respiratory chain complex II assembly	1	1	0.8	0.8006	1	BP
GO:0034553	mitochondrial respiratory chain complex ...	1	1	0.8	0.8006	1	BP
GO:0071586	CAAX-box protein processing	1	1	0.8	0.8006	1	BP
GO:1990700	nucleolar chromatin organization	1	1	0.8	0.8006	1	BP
GO:0042246	tissue regeneration	1	1	0.8	0.8006	1	BP
GO:0006121	mitochondrial electron transport, succin...	1	1	0.8	0.8006	1	BP
GO:0042249	establishment of planar polarity of embr...	1	1	0.8	0.8006	1	BP
GO:0006123	mitochondrial electron transport, cytoch...	1	1	0.8	0.8006	1	BP
GO:1990709	presynaptic active zone organization	1	1	0.8	0.8006	1	BP
GO:0090727	positive regulation of brood size	1	1	0.8	0.8006	1	BP
GO:0006113	fermentation	1	1	0.8	0.8006	1	BP
GO:0006116	NADH oxidation	1	1	0.8	0.8006	1	BP
GO:0033004	negative regulation of mast cell activat...	1	1	0.8	0.8006	1	BP
GO:0033005	positive regulation of mast cell activat...	1	1	0.8	0.8006	1	BP
GO:0033006	regulation of mast cell activation invol...	1	1	0.8	0.8006	1	BP
GO:0033008	positive regulation of mast cell activat...	1	1	0.8	0.8006	1	BP
GO:0097490	sympathetic neuron projection extension	1	1	0.8	0.8006	1	BP
GO:0097491	sympathetic neuron projection guidance	1	1	0.8	0.8006	1	BP
GO:0060290	transdifferentiation	1	1	0.8	0.8006	1	BP
GO:0060295	regulation of cilium movement involved i...	1	1	0.8	0.8006	1	BP
GO:0060297	regulation of sarcomere organization	1	1	0.8	0.8006	1	BP
GO:2000987	positive regulation of behavioral fear r...	1	1	0.8	0.8006	1	BP
GO:1904879	positive regulation of calcium ion trans...	1	1	0.8	0.8006	1	BP
GO:0071549	cellular response to dexamethasone stimu...	1	1	0.8	0.8006	1	BP
GO:2000973	regulation of pro-B cell differentiation	1	1	0.8	0.8006	1	BP
GO:0051180	vitamin transport	1	1	0.8	0.8006	1	BP
GO:0019563	glycerol catabolic process	1	1	0.8	0.8006	1	BP
GO:1904811	positive regulation of dense core granul...	1	1	0.8	0.8006	1	BP
GO:0097466	ubiquitin-dependent glycoprotein ERAD pa...	1	1	0.8	0.8006	1	BP
GO:0045964	positive regulation of dopamine metaboli...	1	1	0.8	0.8006	1	BP
GO:0060253	negative regulation of glial cell prolif...	1	1	0.8	0.8006	1	BP
GO:0006107	oxaloacetate metabolic process	1	1	0.8	0.8006	1	BP
GO:1901722	regulation of cell proliferation involve...	1	1	0.8	0.8006	1	BP
GO:0110021	cardiac muscle myoblast proliferation	1	1	0.8	0.8006	1	BP
GO:1901724	positive regulation of cell proliferatio...	1	1	0.8	0.8006	1	BP
GO:0042790	nucleolar large rRNA transcription by RN...	1	1	0.8	0.8006	1	BP
GO:0110022	regulation of cardiac muscle myoblast pr...	1	1	0.8	0.8006	1	BP
GO:1901725	regulation of histone deacetylase activi...	1	1	0.8	0.8006	1	BP
GO:0042791	5S class rRNA transcription by RNA polym...	1	1	0.8	0.8006	1	BP
GO:1901726	negative regulation of histone deacetyla...	1	1	0.8	0.8006	1	BP
GO:0110024	positive regulation of cardiac muscle my...	1	1	0.8	0.8006	1	BP
GO:1904835	dorsal root ganglion morphogenesis	1	1	0.8	0.8006	1	BP
GO:0110028	positive regulation of mitotic spindle o...	1	1	0.8	0.8006	1	BP
GO:0045954	positive regulation of natural killer ce...	1	1	0.8	0.8006	1	BP
GO:0042797	tRNA transcription by RNA polymerase III	1	1	0.8	0.8006	1	BP
GO:1904837	beta-catenin-TCF complex assembly	1	1	0.8	0.8006	1	BP
GO:0045955	negative regulation of calcium ion-depen...	1	1	0.8	0.8006	1	BP
GO:1990859	cellular response to endothelin	1	1	0.8	0.8006	1	BP
GO:0110011	regulation of basement membrane organiza...	1	1	0.8	0.8006	1	BP
GO:0060288	formation of a compartment boundary	1	1	0.8	0.8006	1	BP
GO:0045980	negative regulation of nucleotide metabo...	1	1	0.8	0.8006	1	BP
GO:0097476	spinal cord motor neuron migration	1	1	0.8	0.8006	1	BP
GO:0097477	lateral motor column neuron migration	1	1	0.8	0.8006	1	BP
GO:0045989	positive regulation of striated muscle c...	1	1	0.8	0.8006	1	BP
GO:0016360	sensory organ precursor cell fate determ...	1	1	0.8	0.8006	1	BP
GO:0097428	protein maturation by iron-sulfur cluste...	1	1	0.8	0.8006	1	BP
GO:0042760	very long-chain fatty acid catabolic pro...	1	1	0.8	0.8006	1	BP
GO:1904801	positive regulation of neuron remodeling	1	1	0.8	0.8006	1	BP
GO:0045920	negative regulation of exocytosis	1	1	0.8	0.8006	1	BP
GO:0019516	lactate oxidation	1	1	0.8	0.8006	1	BP
GO:1904809	regulation of dense core granule transpo...	1	1	0.8	0.8006	1	BP
GO:0060211	regulation of nuclear-transcribed mRNA p...	1	1	0.8	0.8006	1	BP
GO:1903054	negative regulation of extracellular mat...	1	1	0.8	0.8006	1	BP
GO:0038063	collagen-activated tyrosine kinase recep...	1	1	0.8	0.8006	1	BP
GO:0060213	positive regulation of nuclear-transcrib...	1	1	0.8	0.8006	1	BP
GO:0038065	collagen-activated signaling pathway	1	1	0.8	0.8006	1	BP
GO:0019541	propionate metabolic process	1	1	0.8	0.8006	1	BP
GO:0019543	propionate catabolic process	1	1	0.8	0.8006	1	BP
GO:0045911	positive regulation of DNA recombination	1	1	0.8	0.8006	1	BP
GO:0042754	negative regulation of circadian rhythm	1	1	0.8	0.8006	1	BP
GO:0042756	drinking behavior	1	1	0.8	0.8006	1	BP
GO:0045915	positive regulation of catecholamine met...	1	1	0.8	0.8006	1	BP
GO:0042758	long-chain fatty acid catabolic process	1	1	0.8	0.8006	1	BP
GO:0038055	BMP secretion	1	1	0.8	0.8006	1	BP
GO:0098962	regulation of postsynaptic neurotransmit...	1	1	0.8	0.8006	1	BP
GO:0051604	protein maturation	16	12	12.81	0.8023	1	BP
GO:0140014	mitotic nuclear division	16	12	12.81	0.8023	1	BP
GO:0072089	stem cell proliferation	16	12	12.81	0.8023	1	BP
GO:0000082	G1/S transition of mitotic cell cycle	16	12	12.81	0.8023	1	BP
GO:0032259	methylation	16	12	12.81	0.8023	1	BP
GO:0021915	neural tube development	16	12	12.81	0.8023	1	BP
GO:0000910	cytokinesis	16	12	12.81	0.8023	1	BP
GO:0034504	protein localization to nucleus	16	12	12.81	0.8023	1	BP
GO:0006915	apoptotic process	88	68	70.45	0.8025	1	BP
GO:0001558	regulation of cell growth	33	25	26.42	0.8076	1	BP
GO:0050803	regulation of synapse structure or activ...	33	25	26.42	0.8076	1	BP
GO:0046394	carboxylic acid biosynthetic process	20	15	16.01	0.8091	1	BP
GO:0016053	organic acid biosynthetic process	20	15	16.01	0.8091	1	BP
GO:0051321	meiotic cell cycle	20	15	16.01	0.8091	1	BP
GO:0009952	anterior/posterior pattern specification	24	18	19.21	0.8168	1	BP
GO:0090150	establishment of protein localization to...	24	18	19.21	0.8168	1	BP
GO:0002376	immune system process	110	95	88.06	0.8201	1	BP
GO:0007010	cytoskeleton organization	73	56	58.44	0.8205	1	BP
GO:1990845	adaptive thermogenesis	4	3	3.2	0.8206	1	BP
GO:1903076	regulation of protein localization to pl...	4	3	3.2	0.8206	1	BP
GO:0042773	ATP synthesis coupled electron transport	4	3	3.2	0.8206	1	BP
GO:0042775	mitochondrial ATP synthesis coupled elec...	4	3	3.2	0.8206	1	BP
GO:0006278	RNA-templated DNA biosynthetic process	4	3	3.2	0.8206	1	BP
GO:0042733	embryonic digit morphogenesis	4	3	3.2	0.8206	1	BP
GO:0003057	regulation of the force of heart contrac...	4	3	3.2	0.8206	1	BP
GO:0044058	regulation of digestive system process	4	3	3.2	0.8206	1	BP
GO:0001702	gastrulation with mouth forming second	4	3	3.2	0.8206	1	BP
GO:0031529	ruffle organization	4	3	3.2	0.8206	1	BP
GO:0097152	mesenchymal cell apoptotic process	4	3	3.2	0.8206	1	BP
GO:0060788	ectodermal placode formation	4	3	3.2	0.8206	1	BP
GO:0097178	ruffle assembly	4	3	3.2	0.8206	1	BP
GO:0016486	peptide hormone processing	4	3	3.2	0.8206	1	BP
GO:0019646	aerobic electron transport chain	4	3	3.2	0.8206	1	BP
GO:0035082	axoneme assembly	4	3	3.2	0.8206	1	BP
GO:0031641	regulation of myelination	4	3	3.2	0.8206	1	BP
GO:0022405	hair cycle process	4	3	3.2	0.8206	1	BP
GO:0014742	positive regulation of muscle hypertroph...	4	3	3.2	0.8206	1	BP
GO:0033344	cholesterol efflux	4	3	3.2	0.8206	1	BP
GO:1903393	positive regulation of adherens junction...	4	3	3.2	0.8206	1	BP
GO:0042694	muscle cell fate specification	4	3	3.2	0.8206	1	BP
GO:0001659	temperature homeostasis	4	3	3.2	0.8206	1	BP
GO:1903317	regulation of protein maturation	4	3	3.2	0.8206	1	BP
GO:0071985	multivesicular body sorting pathway	4	3	3.2	0.8206	1	BP
GO:0042633	hair cycle	4	3	3.2	0.8206	1	BP
GO:0006536	glutamate metabolic process	4	3	3.2	0.8206	1	BP
GO:1903429	regulation of cell maturation	4	3	3.2	0.8206	1	BP
GO:0055070	copper ion homeostasis	4	3	3.2	0.8206	1	BP
GO:0055078	sodium ion homeostasis	4	3	3.2	0.8206	1	BP
GO:0018022	peptidyl-lysine methylation	4	3	3.2	0.8206	1	BP
GO:0035306	positive regulation of dephosphorylation	4	3	3.2	0.8206	1	BP
GO:0008345	larval locomotory behavior	4	3	3.2	0.8206	1	BP
GO:0033206	meiotic cytokinesis	4	3	3.2	0.8206	1	BP
GO:0030002	cellular anion homeostasis	4	3	3.2	0.8206	1	BP
GO:0001990	regulation of systemic arterial blood pr...	4	3	3.2	0.8206	1	BP
GO:0001964	startle response	4	3	3.2	0.8206	1	BP
GO:0001967	suckling behavior	4	3	3.2	0.8206	1	BP
GO:0072091	regulation of stem cell proliferation	4	3	3.2	0.8206	1	BP
GO:0035151	regulation of tube size, open tracheal s...	4	3	3.2	0.8206	1	BP
GO:0035159	regulation of tube length, open tracheal...	4	3	3.2	0.8206	1	BP
GO:0001942	hair follicle development	4	3	3.2	0.8206	1	BP
GO:1900047	negative regulation of hemostasis	4	3	3.2	0.8206	1	BP
GO:0008156	negative regulation of DNA replication	4	3	3.2	0.8206	1	BP
GO:0044247	cellular polysaccharide catabolic proces...	4	3	3.2	0.8206	1	BP
GO:0035262	gonad morphogenesis	4	3	3.2	0.8206	1	BP
GO:0033598	mammary gland epithelial cell proliferat...	4	3	3.2	0.8206	1	BP
GO:0032042	mitochondrial DNA metabolic process	4	3	3.2	0.8206	1	BP
GO:0033574	response to testosterone	4	3	3.2	0.8206	1	BP
GO:0030320	cellular monovalent inorganic anion home...	4	3	3.2	0.8206	1	BP
GO:0002092	positive regulation of receptor internal...	4	3	3.2	0.8206	1	BP
GO:0002053	positive regulation of mesenchymal cell ...	4	3	3.2	0.8206	1	BP
GO:0106070	regulation of adenylate cyclase-activati...	4	3	3.2	0.8206	1	BP
GO:0002088	lens development in camera-type eye	4	3	3.2	0.8206	1	BP
GO:0030488	tRNA methylation	4	3	3.2	0.8206	1	BP
GO:1903510	mucopolysaccharide metabolic process	4	3	3.2	0.8206	1	BP
GO:0140448	signaling receptor ligand precursor proc...	4	3	3.2	0.8206	1	BP
GO:0030195	negative regulation of blood coagulation	4	3	3.2	0.8206	1	BP
GO:0046718	viral entry into host cell	4	3	3.2	0.8206	1	BP
GO:0030168	platelet activation	4	3	3.2	0.8206	1	BP
GO:0007064	mitotic sister chromatid cohesion	4	3	3.2	0.8206	1	BP
GO:0048056	R3/R4 cell differentiation	4	3	3.2	0.8206	1	BP
GO:0030148	sphingolipid biosynthetic process	4	3	3.2	0.8206	1	BP
GO:0007004	telomere maintenance via telomerase	4	3	3.2	0.8206	1	BP
GO:0000470	maturation of LSU-rRNA	4	3	3.2	0.8206	1	BP
GO:0008542	visual learning	4	3	3.2	0.8206	1	BP
GO:1902369	negative regulation of RNA catabolic pro...	4	3	3.2	0.8206	1	BP
GO:0070897	transcription preinitiation complex asse...	4	3	3.2	0.8206	1	BP
GO:1902373	negative regulation of mRNA catabolic pr...	4	3	3.2	0.8206	1	BP
GO:0046580	negative regulation of Ras protein signa...	4	3	3.2	0.8206	1	BP
GO:0046528	imaginal disc fusion	4	3	3.2	0.8206	1	BP
GO:0046529	imaginal disc fusion, thorax closure	4	3	3.2	0.8206	1	BP
GO:0046532	regulation of photoreceptor cell differe...	4	3	3.2	0.8206	1	BP
GO:0046503	glycerolipid catabolic process	4	3	3.2	0.8206	1	BP
GO:0030718	germ-line stem cell population maintenan...	4	3	3.2	0.8206	1	BP
GO:0009066	aspartate family amino acid metabolic pr...	4	3	3.2	0.8206	1	BP
GO:0000272	polysaccharide catabolic process	4	3	3.2	0.8206	1	BP
GO:0000212	meiotic spindle organization	4	3	3.2	0.8206	1	BP
GO:0061844	antimicrobial humoral immune response me...	4	3	3.2	0.8206	1	BP
GO:0070527	platelet aggregation	4	3	3.2	0.8206	1	BP
GO:0030850	prostate gland development	4	3	3.2	0.8206	1	BP
GO:0010466	negative regulation of peptidase activit...	4	3	3.2	0.8206	1	BP
GO:0007349	cellularization	4	3	3.2	0.8206	1	BP
GO:0052372	modulation by symbiont of entry into hos...	4	3	3.2	0.8206	1	BP
GO:0032204	regulation of telomere maintenance	4	3	3.2	0.8206	1	BP
GO:0007464	R3/R4 cell fate commitment	4	3	3.2	0.8206	1	BP
GO:0030514	negative regulation of BMP signaling pat...	4	3	3.2	0.8206	1	BP
GO:0010172	embryonic body morphogenesis	4	3	3.2	0.8206	1	BP
GO:0048190	wing disc dorsal/ventral pattern formati...	4	3	3.2	0.8206	1	BP
GO:1902235	regulation of endoplasmic reticulum stre...	4	3	3.2	0.8206	1	BP
GO:2000481	positive regulation of cAMP-dependent pr...	4	3	3.2	0.8206	1	BP
GO:0072553	terminal button organization	4	3	3.2	0.8206	1	BP
GO:0050775	positive regulation of dendrite morphoge...	4	3	3.2	0.8206	1	BP
GO:0005980	glycogen catabolic process	4	3	3.2	0.8206	1	BP
GO:1902743	regulation of lamellipodium organization	4	3	3.2	0.8206	1	BP
GO:0050891	multicellular organismal water homeostas...	4	3	3.2	0.8206	1	BP
GO:0045196	establishment or maintenance of neurobla...	4	3	3.2	0.8206	1	BP
GO:2000179	positive regulation of neural precursor ...	4	3	3.2	0.8206	1	BP
GO:0007280	pole cell migration	4	3	3.2	0.8206	1	BP
GO:0048286	lung alveolus development	4	3	3.2	0.8206	1	BP
GO:0050873	brown fat cell differentiation	4	3	3.2	0.8206	1	BP
GO:0072676	lymphocyte migration	4	3	3.2	0.8206	1	BP
GO:0010765	positive regulation of sodium ion transp...	4	3	3.2	0.8206	1	BP
GO:0050810	regulation of steroid biosynthetic proce...	4	3	3.2	0.8206	1	BP
GO:0050819	negative regulation of coagulation	4	3	3.2	0.8206	1	BP
GO:0002703	regulation of leukocyte mediated immunit...	4	3	3.2	0.8206	1	BP
GO:2000104	negative regulation of DNA-templated DNA...	4	3	3.2	0.8206	1	BP
GO:0010737	protein kinase A signaling	4	3	3.2	0.8206	1	BP
GO:2000269	regulation of fibroblast apoptotic proce...	4	3	3.2	0.8206	1	BP
GO:0032506	cytokinetic process	4	3	3.2	0.8206	1	BP
GO:0032509	endosome transport via multivesicular bo...	4	3	3.2	0.8206	1	BP
GO:0018996	molting cycle, collagen and cuticulin-ba...	4	3	3.2	0.8206	1	BP
GO:0002822	regulation of adaptive immune response b...	4	3	3.2	0.8206	1	BP
GO:0002819	regulation of adaptive immune response	4	3	3.2	0.8206	1	BP
GO:0009168	purine ribonucleoside monophosphate bios...	4	3	3.2	0.8206	1	BP
GO:0009156	ribonucleoside monophosphate biosyntheti...	4	3	3.2	0.8206	1	BP
GO:0071392	cellular response to estradiol stimulus	4	3	3.2	0.8206	1	BP
GO:0048730	epidermis morphogenesis	4	3	3.2	0.8206	1	BP
GO:0009127	purine nucleoside monophosphate biosynth...	4	3	3.2	0.8206	1	BP
GO:0010833	telomere maintenance via telomere length...	4	3	3.2	0.8206	1	BP
GO:0045793	positive regulation of cell size	4	3	3.2	0.8206	1	BP
GO:0010591	regulation of lamellipodium assembly	4	3	3.2	0.8206	1	BP
GO:2000725	regulation of cardiac muscle cell differ...	4	3	3.2	0.8206	1	BP
GO:0045761	regulation of adenylate cyclase activity	4	3	3.2	0.8206	1	BP
GO:1902692	regulation of neuroblast proliferation	4	3	3.2	0.8206	1	BP
GO:0043536	positive regulation of blood vessel endo...	4	3	3.2	0.8206	1	BP
GO:0009251	glucan catabolic process	4	3	3.2	0.8206	1	BP
GO:0045742	positive regulation of epidermal growth ...	4	3	3.2	0.8206	1	BP
GO:0010543	regulation of platelet activation	4	3	3.2	0.8206	1	BP
GO:0098773	skin epidermis development	4	3	3.2	0.8206	1	BP
GO:0060004	reflex	4	3	3.2	0.8206	1	BP
GO:0006023	aminoglycan biosynthetic process	4	3	3.2	0.8206	1	BP
GO:0006024	glycosaminoglycan biosynthetic process	4	3	3.2	0.8206	1	BP
GO:0006026	aminoglycan catabolic process	4	3	3.2	0.8206	1	BP
GO:0006027	glycosaminoglycan catabolic process	4	3	3.2	0.8206	1	BP
GO:0051058	negative regulation of small GTPase medi...	4	3	3.2	0.8206	1	BP
GO:2000826	regulation of heart morphogenesis	4	3	3.2	0.8206	1	BP
GO:0098703	calcium ion import across plasma membran...	4	3	3.2	0.8206	1	BP
GO:0051028	mRNA transport	4	3	3.2	0.8206	1	BP
GO:0043631	RNA polyadenylation	4	3	3.2	0.8206	1	BP
GO:0014044	Schwann cell development	4	3	3.2	0.8206	1	BP
GO:0007530	sex determination	4	3	3.2	0.8206	1	BP
GO:0048532	anatomical structure arrangement	4	3	3.2	0.8206	1	BP
GO:0014037	Schwann cell differentiation	4	3	3.2	0.8206	1	BP
GO:0048538	thymus development	4	3	3.2	0.8206	1	BP
GO:0010613	positive regulation of cardiac muscle hy...	4	3	3.2	0.8206	1	BP
GO:0071166	ribonucleoprotein complex localization	4	3	3.2	0.8206	1	BP
GO:0034110	regulation of homotypic cell-cell adhesi...	4	3	3.2	0.8206	1	BP
GO:0048661	positive regulation of smooth muscle cel...	4	3	3.2	0.8206	1	BP
GO:0090330	regulation of platelet aggregation	4	3	3.2	0.8206	1	BP
GO:0071276	cellular response to cadmium ion	4	3	3.2	0.8206	1	BP
GO:0045682	regulation of epidermis development	4	3	3.2	0.8206	1	BP
GO:0098693	regulation of synaptic vesicle cycle	4	3	3.2	0.8206	1	BP
GO:0060324	face development	4	3	3.2	0.8206	1	BP
GO:0050931	pigment cell differentiation	4	3	3.2	0.8206	1	BP
GO:0042474	middle ear morphogenesis	4	3	3.2	0.8206	1	BP
GO:0031290	retinal ganglion cell axon guidance	4	3	3.2	0.8206	1	BP
GO:0006378	mRNA polyadenylation	4	3	3.2	0.8206	1	BP
GO:0043951	negative regulation of cAMP-mediated sig...	4	3	3.2	0.8206	1	BP
GO:0031281	positive regulation of cyclase activity	4	3	3.2	0.8206	1	BP
GO:1901186	positive regulation of ERBB signaling pa...	4	3	3.2	0.8206	1	BP
GO:0010960	magnesium ion homeostasis	4	3	3.2	0.8206	1	BP
GO:0090103	cochlea morphogenesis	4	3	3.2	0.8206	1	BP
GO:0071709	membrane assembly	4	3	3.2	0.8206	1	BP
GO:0010951	negative regulation of endopeptidase act...	4	3	3.2	0.8206	1	BP
GO:0051349	positive regulation of lyase activity	4	3	3.2	0.8206	1	BP
GO:0090280	positive regulation of calcium ion impor...	4	3	3.2	0.8206	1	BP
GO:0071880	adenylate cyclase-activating adrenergic ...	4	3	3.2	0.8206	1	BP
GO:0071875	adrenergic receptor signaling pathway	4	3	3.2	0.8206	1	BP
GO:0006405	RNA export from nucleus	4	3	3.2	0.8206	1	BP
GO:0006406	mRNA export from nucleus	4	3	3.2	0.8206	1	BP
GO:0051443	positive regulation of ubiquitin-protein...	4	3	3.2	0.8206	1	BP
GO:0097345	mitochondrial outer membrane permeabiliz...	4	3	3.2	0.8206	1	BP
GO:0042220	response to cocaine	4	3	3.2	0.8206	1	BP
GO:1901798	positive regulation of signal transducti...	4	3	3.2	0.8206	1	BP
GO:0071542	dopaminergic neuron differentiation	4	3	3.2	0.8206	1	BP
GO:0051123	RNA polymerase II preinitiation complex ...	4	3	3.2	0.8206	1	BP
GO:0071697	ectodermal placode morphogenesis	4	3	3.2	0.8206	1	BP
GO:0045912	negative regulation of carbohydrate meta...	4	3	3.2	0.8206	1	BP
GO:0048469	cell maturation	28	21	22.42	0.8249	1	BP
GO:0007017	microtubule-based process	59	45	47.23	0.8257	1	BP
GO:0048518	positive regulation of biological proces...	295	237	236.17	0.8282	1	BP
GO:0012501	programmed cell death	91	70	72.85	0.8285	1	BP
GO:0051726	regulation of cell cycle	77	59	61.65	0.8304	1	BP
GO:0006875	cellular metal ion homeostasis	45	42	36.03	0.8359	1	BP
GO:0061024	membrane organization	45	34	36.03	0.8361	1	BP
GO:0031647	regulation of protein stability	15	11	12.01	0.8396	1	BP
GO:1901991	negative regulation of mitotic cell cycl...	15	11	12.01	0.8396	1	BP
GO:0043414	macromolecule methylation	15	11	12.01	0.8396	1	BP
GO:0070507	regulation of microtubule cytoskeleton o...	15	11	12.01	0.8396	1	BP
GO:0045333	cellular respiration	15	11	12.01	0.8396	1	BP
GO:0031334	positive regulation of protein-containin...	15	11	12.01	0.8396	1	BP
GO:0042254	ribosome biogenesis	15	11	12.01	0.8396	1	BP
GO:0009968	negative regulation of signal transducti...	81	62	64.85	0.8397	1	BP
GO:0044085	cellular component biogenesis	185	144	148.11	0.8402	1	BP
GO:1901987	regulation of cell cycle phase transitio...	36	27	28.82	0.8408	1	BP
GO:0046474	glycerophospholipid biosynthetic process	19	14	15.21	0.8417	1	BP
GO:0008654	phospholipid biosynthetic process	19	14	15.21	0.8417	1	BP
GO:0045137	development of primary sexual characteri...	19	14	15.21	0.8417	1	BP
GO:0051298	centrosome duplication	11	8	8.81	0.8418	1	BP
GO:0003014	renal system process	11	8	8.81	0.8418	1	BP
GO:0016485	protein processing	11	8	8.81	0.8418	1	BP
GO:0009948	anterior/posterior axis specification	11	8	8.81	0.8418	1	BP
GO:0001838	embryonic epithelial tube formation	11	8	8.81	0.8418	1	BP
GO:0060840	artery development	11	8	8.81	0.8418	1	BP
GO:0016239	positive regulation of macroautophagy	11	8	8.81	0.8418	1	BP
GO:0030041	actin filament polymerization	11	8	8.81	0.8418	1	BP
GO:0070302	regulation of stress-activated protein k...	11	8	8.81	0.8418	1	BP
GO:0030282	bone mineralization	11	8	8.81	0.8418	1	BP
GO:1905952	regulation of lipid localization	11	8	8.81	0.8418	1	BP
GO:0032872	regulation of stress-activated MAPK casc...	11	8	8.81	0.8418	1	BP
GO:0050821	protein stabilization	11	8	8.81	0.8418	1	BP
GO:0010507	negative regulation of autophagy	11	8	8.81	0.8418	1	BP
GO:0090305	nucleic acid phosphodiester bond hydroly...	11	8	8.81	0.8418	1	BP
GO:0051171	regulation of nitrogen compound metaboli...	263	217	210.56	0.8424	1	BP
GO:0022412	cellular process involved in reproductio...	67	51	53.64	0.8442	1	BP
GO:0051276	chromosome organization	49	37	39.23	0.8447	1	BP
GO:0055080	cation homeostasis	56	50	44.83	0.8453	1	BP
GO:0015980	energy derivation by oxidation of organi...	23	17	18.41	0.8457	1	BP
GO:0051124	synaptic assembly at neuromuscular junct...	23	17	18.41	0.8457	1	BP
GO:0022607	cellular component assembly	170	132	136.1	0.8462	1	BP
GO:0019725	cellular homeostasis	72	62	57.64	0.8477	1	BP
GO:0045786	negative regulation of cell cycle	40	30	32.02	0.8484	1	BP
GO:0055065	metal ion homeostasis	52	47	41.63	0.8508	1	BP
GO:0048519	negative regulation of biological proces...	284	232	227.37	0.8519	1	BP
GO:0044091	membrane biogenesis	7	5	5.6	0.854	1	BP
GO:0044088	regulation of vacuole organization	7	5	5.6	0.854	1	BP
GO:0044042	glucan metabolic process	7	5	5.6	0.854	1	BP
GO:0034605	cellular response to heat	7	5	5.6	0.854	1	BP
GO:0090598	male anatomical structure morphogenesis	7	5	5.6	0.854	1	BP
GO:0022404	molting cycle process	7	5	5.6	0.854	1	BP
GO:0008049	male courtship behavior	7	5	5.6	0.854	1	BP
GO:0008033	tRNA processing	7	5	5.6	0.854	1	BP
GO:0042552	myelination	7	5	5.6	0.854	1	BP
GO:0001578	microtubule bundle formation	7	5	5.6	0.854	1	BP
GO:1905039	carboxylic acid transmembrane transport	7	5	5.6	0.854	1	BP
GO:0001656	metanephros development	7	5	5.6	0.854	1	BP
GO:2001243	negative regulation of intrinsic apoptot...	7	5	5.6	0.854	1	BP
GO:0006611	protein export from nucleus	7	5	5.6	0.854	1	BP
GO:0008360	regulation of cell shape	7	5	5.6	0.854	1	BP
GO:0008366	axon ensheathment	7	5	5.6	0.854	1	BP
GO:0051964	negative regulation of synapse assembly	7	5	5.6	0.854	1	BP
GO:1903825	organic acid transmembrane transport	7	5	5.6	0.854	1	BP
GO:0030326	embryonic limb morphogenesis	7	5	5.6	0.854	1	BP
GO:0016999	antibiotic metabolic process	7	5	5.6	0.854	1	BP
GO:0030177	positive regulation of Wnt signaling pat...	7	5	5.6	0.854	1	BP
GO:0007006	mitochondrial membrane organization	7	5	5.6	0.854	1	BP
GO:1905809	negative regulation of synapse organizat...	7	5	5.6	0.854	1	BP
GO:0032465	regulation of cytokinesis	7	5	5.6	0.854	1	BP
GO:0046552	photoreceptor cell fate commitment	7	5	5.6	0.854	1	BP
GO:0046622	positive regulation of organ growth	7	5	5.6	0.854	1	BP
GO:0043413	macromolecule glycosylation	7	5	5.6	0.854	1	BP
GO:0030510	regulation of BMP signaling pathway	7	5	5.6	0.854	1	BP
GO:0035914	skeletal muscle cell differentiation	7	5	5.6	0.854	1	BP
GO:0065004	protein-DNA complex assembly	7	5	5.6	0.854	1	BP
GO:0040019	positive regulation of embryonic develop...	7	5	5.6	0.854	1	BP
GO:0005977	glycogen metabolic process	7	5	5.6	0.854	1	BP
GO:0048259	regulation of receptor-mediated endocyto...	7	5	5.6	0.854	1	BP
GO:0007272	ensheathment of neurons	7	5	5.6	0.854	1	BP
GO:0061982	meiosis I cell cycle process	7	5	5.6	0.854	1	BP
GO:0043550	regulation of lipid kinase activity	7	5	5.6	0.854	1	BP
GO:2000785	regulation of autophagosome assembly	7	5	5.6	0.854	1	BP
GO:0048806	genitalia development	7	5	5.6	0.854	1	BP
GO:0006073	cellular glucan metabolic process	7	5	5.6	0.854	1	BP
GO:0032941	secretion by tissue	7	5	5.6	0.854	1	BP
GO:2001022	positive regulation of response to DNA d...	7	5	5.6	0.854	1	BP
GO:0010972	negative regulation of G2/M transition o...	7	5	5.6	0.854	1	BP
GO:0006486	protein glycosylation	7	5	5.6	0.854	1	BP
GO:0090224	regulation of spindle organization	7	5	5.6	0.854	1	BP
GO:0051168	nuclear export	7	5	5.6	0.854	1	BP
GO:0001756	somitogenesis	7	5	5.6	0.854	1	BP
GO:0006644	phospholipid metabolic process	31	23	24.82	0.8565	1	BP
GO:0050807	regulation of synapse organization	31	23	24.82	0.8565	1	BP
GO:0040008	regulation of growth	75	57	60.04	0.8607	1	BP
GO:0044772	mitotic cell cycle phase transition	35	26	28.02	0.8623	1	BP
GO:0006974	cellular response to DNA damage stimulus	48	36	38.43	0.8629	1	BP
GO:0016192	vesicle-mediated transport	107	82	85.66	0.8632	1	BP
GO:0007389	pattern specification process	52	39	41.63	0.8697	1	BP
GO:0007167	enzyme-linked receptor protein signaling...	52	39	41.63	0.8697	1	BP
GO:0070925	organelle assembly	52	39	41.63	0.8697	1	BP
GO:0010942	positive regulation of cell death	52	39	41.63	0.8697	1	BP
GO:0044839	cell cycle G2/M phase transition	18	13	14.41	0.8715	1	BP
GO:0098771	inorganic ion homeostasis	59	52	47.23	0.8716	1	BP
GO:0045017	glycerolipid biosynthetic process	22	16	17.61	0.8723	1	BP
GO:0048167	regulation of synaptic plasticity	22	16	17.61	0.8723	1	BP
GO:0048663	neuron fate commitment	22	16	17.61	0.8723	1	BP
GO:0006909	phagocytosis	14	10	11.21	0.8737	1	BP
GO:0014902	myotube differentiation	14	10	11.21	0.8737	1	BP
GO:0007088	regulation of mitotic nuclear division	14	10	11.21	0.8737	1	BP
GO:0045047	protein targeting to ER	14	10	11.21	0.8737	1	BP
GO:1902749	regulation of cell cycle G2/M phase tran...	14	10	11.21	0.8737	1	BP
GO:0048640	negative regulation of developmental gro...	14	10	11.21	0.8737	1	BP
GO:0006352	DNA-templated transcription initiation	14	10	11.21	0.8737	1	BP
GO:0051169	nuclear transport	14	10	11.21	0.8737	1	BP
GO:0044770	cell cycle phase transition	43	32	34.43	0.8741	1	BP
GO:0043065	positive regulation of apoptotic process	43	32	34.43	0.8741	1	BP
GO:0006650	glycerophospholipid metabolic process	26	19	20.82	0.8748	1	BP
GO:0033365	protein localization to organelle	56	42	44.83	0.8762	1	BP
GO:0007528	neuromuscular junction development	30	22	24.02	0.8782	1	BP
GO:0070085	glycosylation	10	7	8.01	0.8817	1	BP
GO:0006997	nucleus organization	10	7	8.01	0.8817	1	BP
GO:0035272	exocrine system development	10	7	8.01	0.8817	1	BP
GO:0044773	mitotic DNA damage checkpoint signaling	10	7	8.01	0.8817	1	BP
GO:0007034	vacuolar transport	10	7	8.01	0.8817	1	BP
GO:0046889	positive regulation of lipid biosyntheti...	10	7	8.01	0.8817	1	BP
GO:0000281	mitotic cytokinesis	10	7	8.01	0.8817	1	BP
GO:0007391	dorsal closure	10	7	8.01	0.8817	1	BP
GO:0046620	regulation of organ growth	10	7	8.01	0.8817	1	BP
GO:0017038	protein import	10	7	8.01	0.8817	1	BP
GO:0007431	salivary gland development	10	7	8.01	0.8817	1	BP
GO:0007187	G protein-coupled receptor signaling pat...	10	7	8.01	0.8817	1	BP
GO:0048706	embryonic skeletal system development	10	7	8.01	0.8817	1	BP
GO:0017157	regulation of exocytosis	10	7	8.01	0.8817	1	BP
GO:0009101	glycoprotein biosynthetic process	10	7	8.01	0.8817	1	BP
GO:0006399	tRNA metabolic process	10	7	8.01	0.8817	1	BP
GO:0006367	transcription initiation at RNA polymera...	10	7	8.01	0.8817	1	BP
GO:0060179	male mating behavior	10	7	8.01	0.8817	1	BP
GO:0072507	divalent inorganic cation homeostasis	41	39	32.82	0.887	1	BP
GO:0055082	cellular chemical homeostasis	62	54	49.64	0.893	1	BP
GO:0050789	regulation of biological process	468	378	374.68	0.8943	1	BP
GO:0065003	protein-containing complex assembly	95	72	76.06	0.8947	1	BP
GO:0051963	regulation of synapse assembly	21	15	16.81	0.8963	1	BP
GO:0016050	vesicle organization	21	15	16.81	0.8963	1	BP
GO:0045930	negative regulation of mitotic cell cycl...	25	18	20.01	0.8965	1	BP
GO:1903078	positive regulation of protein localizat...	3	2	2.4	0.897	1	BP
GO:0003091	renal water homeostasis	3	2	2.4	0.897	1	BP
GO:0001710	mesodermal cell fate commitment	3	2	2.4	0.897	1	BP
GO:0051299	centrosome separation	3	2	2.4	0.897	1	BP
GO:0071675	regulation of mononuclear cell migration	3	2	2.4	0.897	1	BP
GO:0003081	regulation of systemic arterial blood pr...	3	2	2.4	0.897	1	BP
GO:0003071	renal system process involved in regulat...	3	2	2.4	0.897	1	BP
GO:0001705	ectoderm formation	3	2	2.4	0.897	1	BP
GO:0009996	negative regulation of cell fate specifi...	3	2	2.4	0.897	1	BP
GO:0019674	NAD metabolic process	3	2	2.4	0.897	1	BP
GO:0009954	proximal/distal pattern formation	3	2	2.4	0.897	1	BP
GO:1904502	regulation of lipophagy	3	2	2.4	0.897	1	BP
GO:1904504	positive regulation of lipophagy	3	2	2.4	0.897	1	BP
GO:0003009	skeletal muscle contraction	3	2	2.4	0.897	1	BP
GO:0060740	prostate gland epithelium morphogenesis	3	2	2.4	0.897	1	BP
GO:0001881	receptor recycling	3	2	2.4	0.897	1	BP
GO:1904666	regulation of ubiquitin protein ligase a...	3	2	2.4	0.897	1	BP
GO:1904668	positive regulation of ubiquitin protein...	3	2	2.4	0.897	1	BP
GO:0035020	regulation of Rac protein signal transdu...	3	2	2.4	0.897	1	BP
GO:0022416	chaeta development	3	2	2.4	0.897	1	BP
GO:0051782	negative regulation of cell division	3	2	2.4	0.897	1	BP
GO:0031643	positive regulation of myelination	3	2	2.4	0.897	1	BP
GO:0031649	heat generation	3	2	2.4	0.897	1	BP
GO:0006893	Golgi to plasma membrane transport	3	2	2.4	0.897	1	BP
GO:0001516	prostaglandin biosynthetic process	3	2	2.4	0.897	1	BP
GO:1901659	glycosyl compound biosynthetic process	3	2	2.4	0.897	1	BP
GO:0014848	urinary tract smooth muscle contraction	3	2	2.4	0.897	1	BP
GO:0014832	urinary bladder smooth muscle contractio...	3	2	2.4	0.897	1	BP
GO:0060512	prostate gland morphogenesis	3	2	2.4	0.897	1	BP
GO:0046015	regulation of transcription by glucose	3	2	2.4	0.897	1	BP
GO:0006513	protein monoubiquitination	3	2	2.4	0.897	1	BP
GO:0006534	cysteine metabolic process	3	2	2.4	0.897	1	BP
GO:0003333	amino acid transmembrane transport	3	2	2.4	0.897	1	BP
GO:0003338	metanephros morphogenesis	3	2	2.4	0.897	1	BP
GO:0060644	mammary gland epithelial cell differenti...	3	2	2.4	0.897	1	BP
GO:0033146	regulation of intracellular estrogen rec...	3	2	2.4	0.897	1	BP
GO:0055064	chloride ion homeostasis	3	2	2.4	0.897	1	BP
GO:0060603	mammary gland duct morphogenesis	3	2	2.4	0.897	1	BP
GO:0006625	protein targeting to peroxisome	3	2	2.4	0.897	1	BP
GO:0061099	negative regulation of protein tyrosine ...	3	2	2.4	0.897	1	BP
GO:0030011	maintenance of cell polarity	3	2	2.4	0.897	1	BP
GO:0016525	negative regulation of angiogenesis	3	2	2.4	0.897	1	BP
GO:0001919	regulation of receptor recycling	3	2	2.4	0.897	1	BP
GO:1900073	regulation of neuromuscular synaptic tra...	3	2	2.4	0.897	1	BP
GO:0072074	kidney mesenchyme development	3	2	2.4	0.897	1	BP
GO:0072075	metanephric mesenchyme development	3	2	2.4	0.897	1	BP
GO:0000096	sulfur amino acid metabolic process	3	2	2.4	0.897	1	BP
GO:0072017	distal tubule development	3	2	2.4	0.897	1	BP
GO:0044273	sulfur compound catabolic process	3	2	2.4	0.897	1	BP
GO:0035137	hindlimb morphogenesis	3	2	2.4	0.897	1	BP
GO:0046461	neutral lipid catabolic process	3	2	2.4	0.897	1	BP
GO:0046464	acylglycerol catabolic process	3	2	2.4	0.897	1	BP
GO:1903792	negative regulation of anion transport	3	2	2.4	0.897	1	BP
GO:0072002	Malpighian tubule development	3	2	2.4	0.897	1	BP
GO:0046457	prostanoid biosynthetic process	3	2	2.4	0.897	1	BP
GO:0046471	phosphatidylglycerol metabolic process	3	2	2.4	0.897	1	BP
GO:0060914	heart formation	3	2	2.4	0.897	1	BP
GO:0035285	appendage segmentation	3	2	2.4	0.897	1	BP
GO:0099518	vesicle cytoskeletal trafficking	3	2	2.4	0.897	1	BP
GO:0035223	leg disc pattern formation	3	2	2.4	0.897	1	BP
GO:0016601	Rac protein signal transduction	3	2	2.4	0.897	1	BP
GO:0070498	interleukin-1-mediated signaling pathway	3	2	2.4	0.897	1	BP
GO:0051972	regulation of telomerase activity	3	2	2.4	0.897	1	BP
GO:0051973	positive regulation of telomerase activi...	3	2	2.4	0.897	1	BP
GO:0006900	vesicle budding from membrane	3	2	2.4	0.897	1	BP
GO:0046116	queuosine metabolic process	3	2	2.4	0.897	1	BP
GO:0070193	synaptonemal complex organization	3	2	2.4	0.897	1	BP
GO:0044818	mitotic G2/M transition checkpoint	3	2	2.4	0.897	1	BP
GO:1905209	positive regulation of cardiocyte differ...	3	2	2.4	0.897	1	BP
GO:0002052	positive regulation of neuroblast prolif...	3	2	2.4	0.897	1	BP
GO:0002070	epithelial cell maturation	3	2	2.4	0.897	1	BP
GO:0010092	specification of animal organ identity	3	2	2.4	0.897	1	BP
GO:0002024	diet induced thermogenesis	3	2	2.4	0.897	1	BP
GO:0035886	vascular associated smooth muscle cell d...	3	2	2.4	0.897	1	BP
GO:0002042	cell migration involved in sprouting ang...	3	2	2.4	0.897	1	BP
GO:0035811	negative regulation of urine volume	3	2	2.4	0.897	1	BP
GO:0007096	regulation of exit from mitosis	3	2	2.4	0.897	1	BP
GO:0030166	proteoglycan biosynthetic process	3	2	2.4	0.897	1	BP
GO:1903670	regulation of sprouting angiogenesis	3	2	2.4	0.897	1	BP
GO:1903672	positive regulation of sprouting angioge...	3	2	2.4	0.897	1	BP
GO:1900452	regulation of long-term synaptic depress...	3	2	2.4	0.897	1	BP
GO:0007080	mitotic metaphase plate congression	3	2	2.4	0.897	1	BP
GO:0061101	neuroendocrine cell differentiation	3	2	2.4	0.897	1	BP
GO:1905820	positive regulation of chromosome separa...	3	2	2.4	0.897	1	BP
GO:0007031	peroxisome organization	3	2	2.4	0.897	1	BP
GO:0032330	regulation of chondrocyte differentiatio...	3	2	2.4	0.897	1	BP
GO:0000413	protein peptidyl-prolyl isomerization	3	2	2.4	0.897	1	BP
GO:0046877	regulation of saliva secretion	3	2	2.4	0.897	1	BP
GO:0046878	positive regulation of saliva secretion	3	2	2.4	0.897	1	BP
GO:0018208	peptidyl-proline modification	3	2	2.4	0.897	1	BP
GO:0032309	icosanoid secretion	3	2	2.4	0.897	1	BP
GO:0030252	growth hormone secretion	3	2	2.4	0.897	1	BP
GO:0032488	Cdc42 protein signal transduction	3	2	2.4	0.897	1	BP
GO:0008616	queuosine biosynthetic process	3	2	2.4	0.897	1	BP
GO:0061724	lipophagy	3	2	2.4	0.897	1	BP
GO:0046534	positive regulation of photoreceptor cel...	3	2	2.4	0.897	1	BP
GO:0070841	inclusion body assembly	3	2	2.4	0.897	1	BP
GO:0050482	arachidonic acid secretion	3	2	2.4	0.897	1	BP
GO:0030728	ovulation	3	2	2.4	0.897	1	BP
GO:0072273	metanephric nephron morphogenesis	3	2	2.4	0.897	1	BP
GO:0030716	oocyte fate determination	3	2	2.4	0.897	1	BP
GO:0030730	sequestering of triglyceride	3	2	2.4	0.897	1	BP
GO:0010324	membrane invagination	3	2	2.4	0.897	1	BP
GO:0021794	thalamus development	3	2	2.4	0.897	1	BP
GO:1902475	L-alpha-amino acid transmembrane transpo...	3	2	2.4	0.897	1	BP
GO:0046688	response to copper ion	3	2	2.4	0.897	1	BP
GO:1903963	arachidonate transport	3	2	2.4	0.897	1	BP
GO:0002456	T cell mediated immunity	3	2	2.4	0.897	1	BP
GO:0030859	polarized epithelial cell differentiatio...	3	2	2.4	0.897	1	BP
GO:0002440	production of molecular mediator of immu...	3	2	2.4	0.897	1	BP
GO:0046606	negative regulation of centrosome cycle	3	2	2.4	0.897	1	BP
GO:0010454	negative regulation of cell fate commitm...	3	2	2.4	0.897	1	BP
GO:0010457	centriole-centriole cohesion	3	2	2.4	0.897	1	BP
GO:0048333	mesodermal cell differentiation	3	2	2.4	0.897	1	BP
GO:0032210	regulation of telomere maintenance via t...	3	2	2.4	0.897	1	BP
GO:0061525	hindgut development	3	2	2.4	0.897	1	BP
GO:0061548	ganglion development	3	2	2.4	0.897	1	BP
GO:0015807	L-amino acid transport	3	2	2.4	0.897	1	BP
GO:1902101	positive regulation of metaphase/anaphas...	3	2	2.4	0.897	1	BP
GO:0007469	antennal development	3	2	2.4	0.897	1	BP
GO:0070613	regulation of protein processing	3	2	2.4	0.897	1	BP
GO:2000311	regulation of AMPA receptor activity	3	2	2.4	0.897	1	BP
GO:0048485	sympathetic nervous system development	3	2	2.4	0.897	1	BP
GO:0007442	hindgut morphogenesis	3	2	2.4	0.897	1	BP
GO:0007190	activation of adenylate cyclase activity	3	2	2.4	0.897	1	BP
GO:0071071	regulation of phospholipid biosynthetic ...	3	2	2.4	0.897	1	BP
GO:0021559	trigeminal nerve development	3	2	2.4	0.897	1	BP
GO:1902237	positive regulation of endoplasmic retic...	3	2	2.4	0.897	1	BP
GO:0032891	negative regulation of organic acid tran...	3	2	2.4	0.897	1	BP
GO:0045466	R7 cell differentiation	3	2	2.4	0.897	1	BP
GO:0043243	positive regulation of protein-containin...	3	2	2.4	0.897	1	BP
GO:0072527	pyrimidine-containing compound metabolic...	3	2	2.4	0.897	1	BP
GO:0030644	cellular chloride ion homeostasis	3	2	2.4	0.897	1	BP
GO:0010288	response to lead ion	3	2	2.4	0.897	1	BP
GO:0050732	negative regulation of peptidyl-tyrosine...	3	2	2.4	0.897	1	BP
GO:2000401	regulation of lymphocyte migration	3	2	2.4	0.897	1	BP
GO:0040038	polar body extrusion after meiotic divis...	3	2	2.4	0.897	1	BP
GO:0009310	amine catabolic process	3	2	2.4	0.897	1	BP
GO:0005978	glycogen biosynthetic process	3	2	2.4	0.897	1	BP
GO:0007293	germarium-derived egg chamber formation	3	2	2.4	0.897	1	BP
GO:0032801	receptor catabolic process	3	2	2.4	0.897	1	BP
GO:2000181	negative regulation of blood vessel morp...	3	2	2.4	0.897	1	BP
GO:0072662	protein localization to peroxisome	3	2	2.4	0.897	1	BP
GO:0072663	establishment of protein localization to...	3	2	2.4	0.897	1	BP
GO:0050881	musculoskeletal movement	3	2	2.4	0.897	1	BP
GO:0050879	multicellular organismal movement	3	2	2.4	0.897	1	BP
GO:0050832	defense response to fungus	3	2	2.4	0.897	1	BP
GO:0002706	regulation of lymphocyte mediated immuni...	3	2	2.4	0.897	1	BP
GO:0032525	somite rostral/caudal axis specification	3	2	2.4	0.897	1	BP
GO:0009414	response to water deprivation	3	2	2.4	0.897	1	BP
GO:0090050	positive regulation of cell migration in...	3	2	2.4	0.897	1	BP
GO:0010738	regulation of protein kinase A signaling	3	2	2.4	0.897	1	BP
GO:0010739	positive regulation of protein kinase A ...	3	2	2.4	0.897	1	BP
GO:0090083	regulation of inclusion body assembly	3	2	2.4	0.897	1	BP
GO:1901096	regulation of autophagosome maturation	3	2	2.4	0.897	1	BP
GO:0090075	relaxation of muscle	3	2	2.4	0.897	1	BP
GO:0070979	protein K11-linked ubiquitination	3	2	2.4	0.897	1	BP
GO:2000286	receptor internalization involved in can...	3	2	2.4	0.897	1	BP
GO:0018992	germ-line sex determination	3	2	2.4	0.897	1	BP
GO:0090049	regulation of cell migration involved in...	3	2	2.4	0.897	1	BP
GO:0036065	fucosylation	3	2	2.4	0.897	1	BP
GO:0010893	positive regulation of steroid biosynthe...	3	2	2.4	0.897	1	BP
GO:0010866	regulation of triglyceride biosynthetic ...	3	2	2.4	0.897	1	BP
GO:0010867	positive regulation of triglyceride bios...	3	2	2.4	0.897	1	BP
GO:0009163	nucleoside biosynthetic process	3	2	2.4	0.897	1	BP
GO:0036011	imaginal disc-derived leg segmentation	3	2	2.4	0.897	1	BP
GO:1901046	positive regulation of oviposition	3	2	2.4	0.897	1	BP
GO:0010888	negative regulation of lipid storage	3	2	2.4	0.897	1	BP
GO:0048745	smooth muscle tissue development	3	2	2.4	0.897	1	BP
GO:0045200	establishment of neuroblast polarity	3	2	2.4	0.897	1	BP
GO:0043574	peroxisomal transport	3	2	2.4	0.897	1	BP
GO:0050651	dermatan sulfate proteoglycan biosynthet...	3	2	2.4	0.897	1	BP
GO:0050655	dermatan sulfate proteoglycan metabolic ...	3	2	2.4	0.897	1	BP
GO:2000727	positive regulation of cardiac muscle ce...	3	2	2.4	0.897	1	BP
GO:0043516	regulation of DNA damage response, signa...	3	2	2.4	0.897	1	BP
GO:0045762	positive regulation of adenylate cyclase...	3	2	2.4	0.897	1	BP
GO:0060081	membrane hyperpolarization	3	2	2.4	0.897	1	BP
GO:0009250	glucan biosynthetic process	3	2	2.4	0.897	1	BP
GO:0043506	regulation of JUN kinase activity	3	2	2.4	0.897	1	BP
GO:0043507	positive regulation of JUN kinase activi...	3	2	2.4	0.897	1	BP
GO:0060043	regulation of cardiac muscle cell prolif...	3	2	2.4	0.897	1	BP
GO:0060045	positive regulation of cardiac muscle ce...	3	2	2.4	0.897	1	BP
GO:0060038	cardiac muscle cell proliferation	3	2	2.4	0.897	1	BP
GO:0010544	negative regulation of platelet activati...	3	2	2.4	0.897	1	BP
GO:0071479	cellular response to ionizing radiation	3	2	2.4	0.897	1	BP
GO:0006029	proteoglycan metabolic process	3	2	2.4	0.897	1	BP
GO:1904356	regulation of telomere maintenance via t...	3	2	2.4	0.897	1	BP
GO:1904386	response to L-phenylalanine derivative	3	2	2.4	0.897	1	BP
GO:0021979	hypothalamus cell differentiation	3	2	2.4	0.897	1	BP
GO:0051055	negative regulation of lipid biosyntheti...	3	2	2.4	0.897	1	BP
GO:1904377	positive regulation of protein localizat...	3	2	2.4	0.897	1	BP
GO:0051084	'de novo' post-translational protein fol...	3	2	2.4	0.897	1	BP
GO:0051036	regulation of endosome size	3	2	2.4	0.897	1	BP
GO:0010677	negative regulation of cellular carbohyd...	3	2	2.4	0.897	1	BP
GO:0019433	triglyceride catabolic process	3	2	2.4	0.897	1	BP
GO:0007501	mesodermal cell fate specification	3	2	2.4	0.897	1	BP
GO:0045836	positive regulation of meiotic nuclear d...	3	2	2.4	0.897	1	BP
GO:0034111	negative regulation of homotypic cell-ce...	3	2	2.4	0.897	1	BP
GO:0090331	negative regulation of platelet aggregat...	3	2	2.4	0.897	1	BP
GO:0042395	ecdysis, collagen and cuticulin-based cu...	3	2	2.4	0.897	1	BP
GO:1901343	negative regulation of vasculature devel...	3	2	2.4	0.897	1	BP
GO:0048643	positive regulation of skeletal muscle t...	3	2	2.4	0.897	1	BP
GO:0036335	intestinal stem cell homeostasis	3	2	2.4	0.897	1	BP
GO:0042386	hemocyte differentiation	3	2	2.4	0.897	1	BP
GO:0050994	regulation of lipid catabolic process	3	2	2.4	0.897	1	BP
GO:0050996	positive regulation of lipid catabolic p...	3	2	2.4	0.897	1	BP
GO:0071219	cellular response to molecule of bacteri...	3	2	2.4	0.897	1	BP
GO:2000648	positive regulation of stem cell prolife...	3	2	2.4	0.897	1	BP
GO:0060323	head morphogenesis	3	2	2.4	0.897	1	BP
GO:0060325	face morphogenesis	3	2	2.4	0.897	1	BP
GO:0045610	regulation of hemocyte differentiation	3	2	2.4	0.897	1	BP
GO:0042455	ribonucleoside biosynthetic process	3	2	2.4	0.897	1	BP
GO:1904292	regulation of ERAD pathway	3	2	2.4	0.897	1	BP
GO:0006359	regulation of transcription by RNA polym...	3	2	2.4	0.897	1	BP
GO:0090183	regulation of kidney development	3	2	2.4	0.897	1	BP
GO:0090184	positive regulation of kidney developmen...	3	2	2.4	0.897	1	BP
GO:0071786	endoplasmic reticulum tubular network or...	3	2	2.4	0.897	1	BP
GO:0043950	positive regulation of cAMP-mediated sig...	3	2	2.4	0.897	1	BP
GO:0071715	icosanoid transport	3	2	2.4	0.897	1	BP
GO:0051353	positive regulation of oxidoreductase ac...	3	2	2.4	0.897	1	BP
GO:1902902	negative regulation of autophagosome ass...	3	2	2.4	0.897	1	BP
GO:0010996	response to auditory stimulus	3	2	2.4	0.897	1	BP
GO:0036150	phosphatidylserine acyl-chain remodeling	3	2	2.4	0.897	1	BP
GO:0036151	phosphatidylcholine acyl-chain remodelin...	3	2	2.4	0.897	1	BP
GO:0036152	phosphatidylethanolamine acyl-chain remo...	3	2	2.4	0.897	1	BP
GO:0060456	positive regulation of digestive system ...	3	2	2.4	0.897	1	BP
GO:0051310	metaphase plate congression	3	2	2.4	0.897	1	BP
GO:0060425	lung morphogenesis	3	2	2.4	0.897	1	BP
GO:0060428	lung epithelium development	3	2	2.4	0.897	1	BP
GO:0060444	branching involved in mammary gland duct...	3	2	2.4	0.897	1	BP
GO:0006458	'de novo' protein folding	3	2	2.4	0.897	1	BP
GO:0051446	positive regulation of meiotic cell cycl...	3	2	2.4	0.897	1	BP
GO:1904705	regulation of vascular associated smooth...	3	2	2.4	0.897	1	BP
GO:0042219	cellular modified amino acid catabolic p...	3	2	2.4	0.897	1	BP
GO:0097494	regulation of vesicle size	3	2	2.4	0.897	1	BP
GO:0051155	positive regulation of striated muscle c...	3	2	2.4	0.897	1	BP
GO:0071548	response to dexamethasone	3	2	2.4	0.897	1	BP
GO:1990874	vascular associated smooth muscle cell p...	3	2	2.4	0.897	1	BP
GO:0045940	positive regulation of steroid metabolic...	3	2	2.4	0.897	1	BP
GO:0051961	negative regulation of nervous system de...	29	21	23.22	0.898	1	BP
GO:0042770	signal transduction in response to DNA d...	17	12	13.61	0.8982	1	BP
GO:0046777	protein autophosphorylation	17	12	13.61	0.8982	1	BP
GO:0031023	microtubule organizing center organizati...	17	12	13.61	0.8982	1	BP
GO:0045834	positive regulation of lipid metabolic p...	17	12	13.61	0.8982	1	BP
GO:0048638	regulation of developmental growth	50	37	40.03	0.9	1	BP
GO:0007049	cell cycle	108	82	86.46	0.9021	1	BP
GO:0060236	regulation of mitotic spindle organizati...	6	4	4.8	0.9028	1	BP
GO:0016319	mushroom body development	6	4	4.8	0.9028	1	BP
GO:0051289	protein homotetramerization	6	4	4.8	0.9028	1	BP
GO:0034637	cellular carbohydrate biosynthetic proce...	6	4	4.8	0.9028	1	BP
GO:0090559	regulation of membrane permeability	6	4	4.8	0.9028	1	BP
GO:1903361	protein localization to basolateral plas...	6	4	4.8	0.9028	1	BP
GO:0006690	icosanoid metabolic process	6	4	4.8	0.9028	1	BP
GO:0055024	regulation of cardiac muscle tissue deve...	6	4	4.8	0.9028	1	BP
GO:0008354	germ cell migration	6	4	4.8	0.9028	1	BP
GO:0035335	peptidyl-tyrosine dephosphorylation	6	4	4.8	0.9028	1	BP
GO:0097581	lamellipodium organization	6	4	4.8	0.9028	1	BP
GO:1990928	response to amino acid starvation	6	4	4.8	0.9028	1	BP
GO:0030032	lamellipodium assembly	6	4	4.8	0.9028	1	BP
GO:1905475	regulation of protein localization to me...	6	4	4.8	0.9028	1	BP
GO:0046460	neutral lipid biosynthetic process	6	4	4.8	0.9028	1	BP
GO:0046463	acylglycerol biosynthetic process	6	4	4.8	0.9028	1	BP
GO:0046456	icosanoid biosynthetic process	6	4	4.8	0.9028	1	BP
GO:1903727	positive regulation of phospholipid meta...	6	4	4.8	0.9028	1	BP
GO:0006904	vesicle docking involved in exocytosis	6	4	4.8	0.9028	1	BP
GO:0007028	cytoplasm organization	6	4	4.8	0.9028	1	BP
GO:0032368	regulation of lipid transport	6	4	4.8	0.9028	1	BP
GO:0048013	ephrin receptor signaling pathway	6	4	4.8	0.9028	1	BP
GO:0032350	regulation of hormone metabolic process	6	4	4.8	0.9028	1	BP
GO:0008584	male gonad development	6	4	4.8	0.9028	1	BP
GO:0030279	negative regulation of ossification	6	4	4.8	0.9028	1	BP
GO:0008652	cellular amino acid biosynthetic process	6	4	4.8	0.9028	1	BP
GO:0046546	development of primary male sexual chara...	6	4	4.8	0.9028	1	BP
GO:0009069	serine family amino acid metabolic proce...	6	4	4.8	0.9028	1	BP
GO:0030865	cortical cytoskeleton organization	6	4	4.8	0.9028	1	BP
GO:0010458	exit from mitosis	6	4	4.8	0.9028	1	BP
GO:1902117	positive regulation of organelle assembl...	6	4	4.8	0.9028	1	BP
GO:0007189	adenylate cyclase-activating G protein-c...	6	4	4.8	0.9028	1	BP
GO:0007127	meiosis I	6	4	4.8	0.9028	1	BP
GO:0040020	regulation of meiotic nuclear division	6	4	4.8	0.9028	1	BP
GO:0021602	cranial nerve morphogenesis	6	4	4.8	0.9028	1	BP
GO:0010824	regulation of centrosome duplication	6	4	4.8	0.9028	1	BP
GO:0043551	regulation of phosphatidylinositol 3-kin...	6	4	4.8	0.9028	1	BP
GO:1904397	negative regulation of neuromuscular jun...	6	4	4.8	0.9028	1	BP
GO:0021954	central nervous system neuron developmen...	6	4	4.8	0.9028	1	BP
GO:0051053	negative regulation of DNA metabolic pro...	6	4	4.8	0.9028	1	BP
GO:0045886	negative regulation of synaptic assembly...	6	4	4.8	0.9028	1	BP
GO:0034198	cellular response to amino acid starvati...	6	4	4.8	0.9028	1	BP
GO:0019432	triglyceride biosynthetic process	6	4	4.8	0.9028	1	BP
GO:0090316	positive regulation of intracellular pro...	6	4	4.8	0.9028	1	BP
GO:0048641	regulation of skeletal muscle tissue dev...	6	4	4.8	0.9028	1	BP
GO:0050975	sensory perception of touch	6	4	4.8	0.9028	1	BP
GO:0090169	regulation of spindle assembly	6	4	4.8	0.9028	1	BP
GO:2001021	negative regulation of response to DNA d...	6	4	4.8	0.9028	1	BP
GO:0060420	regulation of heart growth	6	4	4.8	0.9028	1	BP
GO:0060419	heart growth	6	4	4.8	0.9028	1	BP
GO:0019748	secondary metabolic process	6	4	4.8	0.9028	1	BP
GO:0090263	positive regulation of canonical Wnt sig...	6	4	4.8	0.9028	1	BP
GO:0090288	negative regulation of cellular response...	6	4	4.8	0.9028	1	BP
GO:0006400	tRNA modification	6	4	4.8	0.9028	1	BP
GO:0090207	regulation of triglyceride metabolic pro...	6	4	4.8	0.9028	1	BP
GO:0051445	regulation of meiotic cell cycle	6	4	4.8	0.9028	1	BP
GO:0051145	smooth muscle cell differentiation	6	4	4.8	0.9028	1	BP
GO:0034502	protein localization to chromosome	6	4	4.8	0.9028	1	BP
GO:0051149	positive regulation of muscle cell diffe...	6	4	4.8	0.9028	1	BP
GO:0008610	lipid biosynthetic process	37	27	29.62	0.9032	1	BP
GO:0007169	transmembrane receptor protein tyrosine ...	37	27	29.62	0.9032	1	BP
GO:0031503	protein-containing complex localization	13	9	10.41	0.9039	1	BP
GO:0006913	nucleocytoplasmic transport	13	9	10.41	0.9039	1	BP
GO:0008202	steroid metabolic process	13	9	10.41	0.9039	1	BP
GO:0007033	vacuole organization	13	9	10.41	0.9039	1	BP
GO:0010469	regulation of signaling receptor activit...	13	9	10.41	0.9039	1	BP
GO:0051054	positive regulation of DNA metabolic pro...	13	9	10.41	0.9039	1	BP
GO:0051056	regulation of small GTPase mediated sign...	13	9	10.41	0.9039	1	BP
GO:0048515	spermatid differentiation	13	9	10.41	0.9039	1	BP
GO:0090287	regulation of cellular response to growt...	13	9	10.41	0.9039	1	BP
GO:0010564	regulation of cell cycle process	54	40	43.23	0.9044	1	BP
GO:0046907	intracellular transport	103	78	82.46	0.906	1	BP
GO:0050896	response to stimulus	388	308	310.63	0.9091	1	BP
GO:0043068	positive regulation of programmed cell d...	45	33	36.03	0.9098	1	BP
GO:0008152	metabolic process	507	405	405.9	0.9122	1	BP
GO:0000280	nuclear division	28	20	22.42	0.9158	1	BP
GO:0006091	generation of precursor metabolites and ...	28	20	22.42	0.9158	1	BP
GO:0006275	regulation of DNA replication	9	6	7.21	0.9165	1	BP
GO:0051262	protein tetramerization	9	6	7.21	0.9165	1	BP
GO:1901861	regulation of muscle tissue development	9	6	7.21	0.9165	1	BP
GO:0016202	regulation of striated muscle tissue dev...	9	6	7.21	0.9165	1	BP
GO:0061053	somite development	9	6	7.21	0.9165	1	BP
GO:0044264	cellular polysaccharide metabolic proces...	9	6	7.21	0.9165	1	BP
GO:0051931	regulation of sensory perception	9	6	7.21	0.9165	1	BP
GO:0022900	electron transport chain	9	6	7.21	0.9165	1	BP
GO:0046578	regulation of Ras protein signal transdu...	9	6	7.21	0.9165	1	BP
GO:0043462	regulation of ATP-dependent activity	9	6	7.21	0.9165	1	BP
GO:0021782	glial cell development	9	6	7.21	0.9165	1	BP
GO:0007435	salivary gland morphogenesis	9	6	7.21	0.9165	1	BP
GO:0043200	response to amino acid	9	6	7.21	0.9165	1	BP
GO:0005976	polysaccharide metabolic process	9	6	7.21	0.9165	1	BP
GO:0048704	embryonic skeletal system morphogenesis	9	6	7.21	0.9165	1	BP
GO:0048844	artery morphogenesis	9	6	7.21	0.9165	1	BP
GO:0098722	asymmetric stem cell division	9	6	7.21	0.9165	1	BP
GO:0048546	digestive tract morphogenesis	9	6	7.21	0.9165	1	BP
GO:0048634	regulation of muscle organ development	9	6	7.21	0.9165	1	BP
GO:1904888	cranial skeletal system development	9	6	7.21	0.9165	1	BP
GO:0031098	stress-activated protein kinase signalin...	20	14	16.01	0.9176	1	BP
GO:0007265	Ras protein signal transduction	20	14	16.01	0.9176	1	BP
GO:0051259	protein complex oligomerization	40	29	32.02	0.9205	1	BP
GO:0009966	regulation of signal transduction	152	116	121.69	0.9215	1	BP
GO:1903046	meiotic cell cycle process	16	11	12.81	0.9217	1	BP
GO:2001020	regulation of response to DNA damage sti...	16	11	12.81	0.9217	1	BP
GO:0008356	asymmetric cell division	12	8	9.61	0.93	1	BP
GO:0000070	mitotic sister chromatid segregation	12	8	9.61	0.93	1	BP
GO:0000077	DNA damage checkpoint signaling	12	8	9.61	0.93	1	BP
GO:0044774	mitotic DNA integrity checkpoint signali...	12	8	9.61	0.93	1	BP
GO:0007286	spermatid development	12	8	9.61	0.93	1	BP
GO:0017145	stem cell division	12	8	9.61	0.93	1	BP
GO:0042445	hormone metabolic process	12	8	9.61	0.93	1	BP
GO:0000278	mitotic cell cycle	69	51	55.24	0.9307	1	BP
GO:0016331	morphogenesis of embryonic epithelium	23	16	18.41	0.933	1	BP
GO:0051260	protein homooligomerization	23	16	18.41	0.933	1	BP
GO:0016043	cellular component organization	334	264	267.4	0.9339	1	BP
GO:0071704	organic substance metabolic process	478	381	382.68	0.9353	1	BP
GO:0006508	proteolysis	85	68	68.05	0.9359	1	BP
GO:0008582	regulation of synaptic assembly at neuro...	19	13	15.21	0.9361	1	BP
GO:1904396	regulation of neuromuscular junction dev...	19	13	15.21	0.9361	1	BP
GO:0051403	stress-activated MAPK cascade	19	13	15.21	0.9361	1	BP
GO:0003002	regionalization	47	34	37.63	0.9364	1	BP
GO:0065007	biological regulation	493	397	394.69	0.9377	1	BP
GO:1903047	mitotic cell cycle process	55	40	44.03	0.9406	1	BP
GO:0030003	cellular cation homeostasis	49	44	39.23	0.9412	1	BP
GO:0016322	neuron remodeling	15	10	12.01	0.9418	1	BP
GO:0006898	receptor-mediated endocytosis	15	10	12.01	0.9418	1	BP
GO:0042551	neuron maturation	15	10	12.01	0.9418	1	BP
GO:0140013	meiotic nuclear division	15	10	12.01	0.9418	1	BP
GO:0007098	centrosome cycle	15	10	12.01	0.9418	1	BP
GO:0072599	establishment of protein localization to...	15	10	12.01	0.9418	1	BP
GO:0007254	JNK cascade	15	10	12.01	0.9418	1	BP
GO:0070972	protein localization to endoplasmic reti...	15	10	12.01	0.9418	1	BP
GO:0045995	regulation of embryonic development	15	10	12.01	0.9418	1	BP
GO:0006886	intracellular protein transport	59	43	47.23	0.9428	1	BP
GO:0045932	negative regulation of muscle contractio...	5	3	4	0.9432	1	BP
GO:1901863	positive regulation of muscle tissue dev...	5	3	4	0.9432	1	BP
GO:0006766	vitamin metabolic process	5	3	4	0.9432	1	BP
GO:0006767	water-soluble vitamin metabolic process	5	3	4	0.9432	1	BP
GO:0035019	somatic stem cell population maintenance	5	3	4	0.9432	1	BP
GO:1901568	fatty acid derivative metabolic process	5	3	4	0.9432	1	BP
GO:1901570	fatty acid derivative biosynthetic proce...	5	3	4	0.9432	1	BP
GO:0006826	iron ion transport	5	3	4	0.9432	1	BP
GO:1901673	regulation of mitotic spindle assembly	5	3	4	0.9432	1	BP
GO:1901607	alpha-amino acid biosynthetic process	5	3	4	0.9432	1	BP
GO:0003382	epithelial cell morphogenesis	5	3	4	0.9432	1	BP
GO:0006654	phosphatidic acid biosynthetic process	5	3	4	0.9432	1	BP
GO:0055083	monovalent inorganic anion homeostasis	5	3	4	0.9432	1	BP
GO:0033108	mitochondrial respiratory chain complex ...	5	3	4	0.9432	1	BP
GO:0055021	regulation of cardiac muscle tissue grow...	5	3	4	0.9432	1	BP
GO:0055023	positive regulation of cardiac muscle ti...	5	3	4	0.9432	1	BP
GO:0055025	positive regulation of cardiac muscle ti...	5	3	4	0.9432	1	BP
GO:0055017	cardiac muscle tissue growth	5	3	4	0.9432	1	BP
GO:0008333	endosome to lysosome transport	5	3	4	0.9432	1	BP
GO:0038202	TORC1 signaling	5	3	4	0.9432	1	BP
GO:0046473	phosphatidic acid metabolic process	5	3	4	0.9432	1	BP
GO:0106030	neuron projection fasciculation	5	3	4	0.9432	1	BP
GO:0035809	regulation of urine volume	5	3	4	0.9432	1	BP
GO:0007062	sister chromatid cohesion	5	3	4	0.9432	1	BP
GO:0030866	cortical actin cytoskeleton organization	5	3	4	0.9432	1	BP
GO:0021884	forebrain neuron development	5	3	4	0.9432	1	BP
GO:0048483	autonomic nervous system development	5	3	4	0.9432	1	BP
GO:0007413	axonal fasciculation	5	3	4	0.9432	1	BP
GO:0035909	aorta morphogenesis	5	3	4	0.9432	1	BP
GO:0050792	regulation of viral process	5	3	4	0.9432	1	BP
GO:0019068	virion assembly	5	3	4	0.9432	1	BP
GO:0040015	negative regulation of multicellular org...	5	3	4	0.9432	1	BP
GO:0048260	positive regulation of receptor-mediated...	5	3	4	0.9432	1	BP
GO:0007218	neuropeptide signaling pathway	5	3	4	0.9432	1	BP
GO:0045132	meiotic chromosome segregation	5	3	4	0.9432	1	BP
GO:0048709	oligodendrocyte differentiation	5	3	4	0.9432	1	BP
GO:0042023	DNA endoreduplication	5	3	4	0.9432	1	BP
GO:0071346	cellular response to interferon-gamma	5	3	4	0.9432	1	BP
GO:0045739	positive regulation of DNA repair	5	3	4	0.9432	1	BP
GO:0098742	cell-cell adhesion via plasma-membrane a...	5	3	4	0.9432	1	BP
GO:0043648	dicarboxylic acid metabolic process	5	3	4	0.9432	1	BP
GO:0045880	positive regulation of smoothened signal...	5	3	4	0.9432	1	BP
GO:0045844	positive regulation of striated muscle t...	5	3	4	0.9432	1	BP
GO:2000573	positive regulation of DNA biosynthetic ...	5	3	4	0.9432	1	BP
GO:0034109	homotypic cell-cell adhesion	5	3	4	0.9432	1	BP
GO:0048636	positive regulation of muscle organ deve...	5	3	4	0.9432	1	BP
GO:0042311	vasodilation	5	3	4	0.9432	1	BP
GO:0060421	positive regulation of heart growth	5	3	4	0.9432	1	BP
GO:0006487	protein N-linked glycosylation	5	3	4	0.9432	1	BP
GO:0048285	organelle fission	30	21	24.02	0.9442	1	BP
GO:0000226	microtubule cytoskeleton organization	42	30	33.62	0.9451	1	BP
GO:0010948	negative regulation of cell cycle proces...	26	18	20.82	0.9453	1	BP
GO:1990830	cellular response to leukemia inhibitory...	8	5	6.4	0.9453	1	BP
GO:0006289	nucleotide-excision repair	8	5	6.4	0.9453	1	BP
GO:0006606	protein import into nucleus	8	5	6.4	0.9453	1	BP
GO:0110149	regulation of biomineralization	8	5	6.4	0.9453	1	BP
GO:0140029	exocytic process	8	5	6.4	0.9453	1	BP
GO:0030004	cellular monovalent inorganic cation hom...	8	5	6.4	0.9453	1	BP
GO:1903725	regulation of phospholipid metabolic pro...	8	5	6.4	0.9453	1	BP
GO:0022600	digestive system process	8	5	6.4	0.9453	1	BP
GO:0070167	regulation of biomineral tissue developm...	8	5	6.4	0.9453	1	BP
GO:0070206	protein trimerization	8	5	6.4	0.9453	1	BP
GO:0007032	endosome organization	8	5	6.4	0.9453	1	BP
GO:0030500	regulation of bone mineralization	8	5	6.4	0.9453	1	BP
GO:0030509	BMP signaling pathway	8	5	6.4	0.9453	1	BP
GO:1902750	negative regulation of cell cycle G2/M p...	8	5	6.4	0.9453	1	BP
GO:0048102	autophagic cell death	8	5	6.4	0.9453	1	BP
GO:0007586	digestion	8	5	6.4	0.9453	1	BP
GO:0071260	cellular response to mechanical stimulus	8	5	6.4	0.9453	1	BP
GO:0071772	response to BMP	8	5	6.4	0.9453	1	BP
GO:0071773	cellular response to BMP stimulus	8	5	6.4	0.9453	1	BP
GO:0051170	import into nucleus	8	5	6.4	0.9453	1	BP
GO:1990823	response to leukemia inhibitory factor	8	5	6.4	0.9453	1	BP
GO:1901988	negative regulation of cell cycle phase ...	22	15	17.61	0.9477	1	BP
GO:0007059	chromosome segregation	22	15	17.61	0.9477	1	BP
GO:0007264	small GTPase mediated signal transductio...	22	15	17.61	0.9477	1	BP
GO:0006873	cellular ion homeostasis	52	46	41.63	0.9481	1	BP
GO:0071840	cellular component organization or bioge...	345	272	276.2	0.9492	1	BP
GO:0006996	organelle organization	199	152	159.32	0.9492	1	BP
GO:0009060	aerobic respiration	11	7	8.81	0.9516	1	BP
GO:0009953	dorsal/ventral pattern formation	18	12	14.41	0.9518	1	BP
GO:0051128	regulation of cellular component organiz...	154	123	123.29	0.9558	1	BP
GO:0055074	calcium ion homeostasis	40	38	32.02	0.9563	1	BP
GO:0031570	DNA integrity checkpoint signaling	14	9	11.21	0.9584	1	BP
GO:0055123	digestive system development	14	9	11.21	0.9584	1	BP
GO:0007093	mitotic cell cycle checkpoint signaling	14	9	11.21	0.9584	1	BP
GO:0021536	diencephalon development	14	9	11.21	0.9584	1	BP
GO:0048565	digestive tract development	14	9	11.21	0.9584	1	BP
GO:0045945	positive regulation of transcription by ...	2	1	1.6	0.9605	1	BP
GO:0060231	mesenchymal to epithelial transition	2	1	1.6	0.9605	1	BP
GO:0006264	mitochondrial DNA replication	2	1	1.6	0.9605	1	BP
GO:0060232	delamination	2	1	1.6	0.9605	1	BP
GO:1990849	vacuolar localization	2	1	1.6	0.9605	1	BP
GO:0044090	positive regulation of vacuole organizat...	2	1	1.6	0.9605	1	BP
GO:0003099	positive regulation of the force of hear...	2	1	1.6	0.9605	1	BP
GO:0016348	imaginal disc-derived leg joint morphoge...	2	1	1.6	0.9605	1	BP
GO:0006270	DNA replication initiation	2	1	1.6	0.9605	1	BP
GO:0006277	DNA amplification	2	1	1.6	0.9605	1	BP
GO:0016333	morphogenesis of follicular epithelium	2	1	1.6	0.9605	1	BP
GO:0001746	Bolwig's organ morphogenesis	2	1	1.6	0.9605	1	BP
GO:0003061	positive regulation of the force of hear...	2	1	1.6	0.9605	1	BP
GO:0071679	commissural neuron axon guidance	2	1	1.6	0.9605	1	BP
GO:0003059	positive regulation of the force of hear...	2	1	1.6	0.9605	1	BP
GO:1901858	regulation of mitochondrial DNA metaboli...	2	1	1.6	0.9605	1	BP
GO:1901859	negative regulation of mitochondrial DNA...	2	1	1.6	0.9605	1	BP
GO:0003011	involuntary skeletal muscle contraction	2	1	1.6	0.9605	1	BP
GO:0034606	response to hermaphrodite contact	2	1	1.6	0.9605	1	BP
GO:0034608	vulval location	2	1	1.6	0.9605	1	BP
GO:0051232	meiotic spindle elongation	2	1	1.6	0.9605	1	BP
GO:0035090	maintenance of apical/basal cell polarit...	2	1	1.6	0.9605	1	BP
GO:0060742	epithelial cell differentiation involved...	2	1	1.6	0.9605	1	BP
GO:0060743	epithelial cell maturation involved in p...	2	1	1.6	0.9605	1	BP
GO:0016476	regulation of embryonic cell shape	2	1	1.6	0.9605	1	BP
GO:0051204	protein insertion into mitochondrial mem...	2	1	1.6	0.9605	1	BP
GO:0051205	protein insertion into membrane	2	1	1.6	0.9605	1	BP
GO:0001825	blastocyst formation	2	1	1.6	0.9605	1	BP
GO:0001829	trophectodermal cell differentiation	2	1	1.6	0.9605	1	BP
GO:0001844	protein insertion into mitochondrial mem...	2	1	1.6	0.9605	1	BP
GO:0035017	cuticle pattern formation	2	1	1.6	0.9605	1	BP
GO:0008063	Toll signaling pathway	2	1	1.6	0.9605	1	BP
GO:0006734	NADH metabolic process	2	1	1.6	0.9605	1	BP
GO:0097264	self proteolysis	2	1	1.6	0.9605	1	BP
GO:1905063	regulation of vascular associated smooth...	2	1	1.6	0.9605	1	BP
GO:1905065	positive regulation of vascular associat...	2	1	1.6	0.9605	1	BP
GO:0001696	gastric acid secretion	2	1	1.6	0.9605	1	BP
GO:0014821	phasic smooth muscle contraction	2	1	1.6	0.9605	1	BP
GO:0014827	intestine smooth muscle contraction	2	1	1.6	0.9605	1	BP
GO:0006595	polyamine metabolic process	2	1	1.6	0.9605	1	BP
GO:0006596	polyamine biosynthetic process	2	1	1.6	0.9605	1	BP
GO:0014831	gastro-intestinal system smooth muscle c...	2	1	1.6	0.9605	1	BP
GO:0060539	diaphragm development	2	1	1.6	0.9605	1	BP
GO:0006555	methionine metabolic process	2	1	1.6	0.9605	1	BP
GO:0016233	telomere capping	2	1	1.6	0.9605	1	BP
GO:0003383	apical constriction	2	1	1.6	0.9605	1	BP
GO:0003321	positive regulation of blood pressure by...	2	1	1.6	0.9605	1	BP
GO:0003334	keratinocyte development	2	1	1.6	0.9605	1	BP
GO:0060684	epithelial-mesenchymal cell signaling	2	1	1.6	0.9605	1	BP
GO:0060688	regulation of morphogenesis of a branchi...	2	1	1.6	0.9605	1	BP
GO:0003301	physiological cardiac muscle hypertrophy	2	1	1.6	0.9605	1	BP
GO:0006655	phosphatidylglycerol biosynthetic proces...	2	1	1.6	0.9605	1	BP
GO:0006659	phosphatidylserine biosynthetic process	2	1	1.6	0.9605	1	BP
GO:0033145	positive regulation of intracellular ste...	2	1	1.6	0.9605	1	BP
GO:0055062	phosphate ion homeostasis	2	1	1.6	0.9605	1	BP
GO:0060600	dichotomous subdivision of an epithelial...	2	1	1.6	0.9605	1	BP
GO:0018027	peptidyl-lysine dimethylation	2	1	1.6	0.9605	1	BP
GO:0061064	negative regulation of nematode larval d...	2	1	1.6	0.9605	1	BP
GO:0061050	regulation of cell growth involved in ca...	2	1	1.6	0.9605	1	BP
GO:0061051	positive regulation of cell growth invol...	2	1	1.6	0.9605	1	BP
GO:0055034	Bolwig's organ development	2	1	1.6	0.9605	1	BP
GO:0035307	positive regulation of protein dephospho...	2	1	1.6	0.9605	1	BP
GO:0110116	regulation of compound eye photoreceptor...	2	1	1.6	0.9605	1	BP
GO:0008347	glial cell migration	2	1	1.6	0.9605	1	BP
GO:0061049	cell growth involved in cardiac muscle c...	2	1	1.6	0.9605	1	BP
GO:1990911	response to psychosocial stress	2	1	1.6	0.9605	1	BP
GO:1901993	regulation of meiotic cell cycle phase t...	2	1	1.6	0.9605	1	BP
GO:0003156	regulation of animal organ formation	2	1	1.6	0.9605	1	BP
GO:1905331	negative regulation of morphogenesis of ...	2	1	1.6	0.9605	1	BP
GO:1905332	positive regulation of morphogenesis of ...	2	1	1.6	0.9605	1	BP
GO:1901977	negative regulation of cell cycle checkp...	2	1	1.6	0.9605	1	BP
GO:0001991	regulation of systemic arterial blood pr...	2	1	1.6	0.9605	1	BP
GO:0001993	regulation of systemic arterial blood pr...	2	1	1.6	0.9605	1	BP
GO:0001996	positive regulation of heart rate by epi...	2	1	1.6	0.9605	1	BP
GO:0001997	positive regulation of the force of hear...	2	1	1.6	0.9605	1	BP
GO:0001999	renal response to blood flow involved in...	2	1	1.6	0.9605	1	BP
GO:0016571	histone methylation	2	1	1.6	0.9605	1	BP
GO:0008407	chaeta morphogenesis	2	1	1.6	0.9605	1	BP
GO:0003298	physiological muscle hypertrophy	2	1	1.6	0.9605	1	BP
GO:0035158	regulation of tube diameter, open trache...	2	1	1.6	0.9605	1	BP
GO:0016545	male courtship behavior, veined wing vib...	2	1	1.6	0.9605	1	BP
GO:0072087	renal vesicle development	2	1	1.6	0.9605	1	BP
GO:0003263	cardioblast proliferation	2	1	1.6	0.9605	1	BP
GO:0003264	regulation of cardioblast proliferation	2	1	1.6	0.9605	1	BP
GO:1900074	negative regulation of neuromuscular syn...	2	1	1.6	0.9605	1	BP
GO:0003266	regulation of secondary heart field card...	2	1	1.6	0.9605	1	BP
GO:0072077	renal vesicle morphogenesis	2	1	1.6	0.9605	1	BP
GO:0035112	genitalia morphogenesis	2	1	1.6	0.9605	1	BP
GO:0035115	embryonic forelimb morphogenesis	2	1	1.6	0.9605	1	BP
GO:1900034	regulation of cellular response to heat	2	1	1.6	0.9605	1	BP
GO:0035136	forelimb morphogenesis	2	1	1.6	0.9605	1	BP
GO:0000076	DNA replication checkpoint signaling	2	1	1.6	0.9605	1	BP
GO:0000022	mitotic spindle elongation	2	1	1.6	0.9605	1	BP
GO:1903726	negative regulation of phospholipid meta...	2	1	1.6	0.9605	1	BP
GO:0060900	embryonic camera-type eye formation	2	1	1.6	0.9605	1	BP
GO:0008295	spermidine biosynthetic process	2	1	1.6	0.9605	1	BP
GO:0051968	positive regulation of synaptic transmis...	2	1	1.6	0.9605	1	BP
GO:0044785	metaphase/anaphase transition of meiotic...	2	1	1.6	0.9605	1	BP
GO:0044771	meiotic cell cycle phase transition	2	1	1.6	0.9605	1	BP
GO:0022611	dormancy process	2	1	1.6	0.9605	1	BP
GO:0008258	head involution	2	1	1.6	0.9605	1	BP
GO:0051988	regulation of attachment of spindle micr...	2	1	1.6	0.9605	1	BP
GO:1905132	regulation of meiotic chromosome separat...	2	1	1.6	0.9605	1	BP
GO:0032048	cardiolipin metabolic process	2	1	1.6	0.9605	1	BP
GO:0032049	cardiolipin biosynthetic process	2	1	1.6	0.9605	1	BP
GO:0008215	spermine metabolic process	2	1	1.6	0.9605	1	BP
GO:0008216	spermidine metabolic process	2	1	1.6	0.9605	1	BP
GO:0061323	cell proliferation involved in heart mor...	2	1	1.6	0.9605	1	BP
GO:0030318	melanocyte differentiation	2	1	1.6	0.9605	1	BP
GO:0033504	floor plate development	2	1	1.6	0.9605	1	BP
GO:1905276	regulation of epithelial tube formation	2	1	1.6	0.9605	1	BP
GO:0099638	endosome to plasma membrane protein tran...	2	1	1.6	0.9605	1	BP
GO:0044878	mitotic cytokinesis checkpoint signaling	2	1	1.6	0.9605	1	BP
GO:0035735	intraciliary transport involved in ciliu...	2	1	1.6	0.9605	1	BP
GO:1902074	response to salt	2	1	1.6	0.9605	1	BP
GO:0044849	estrous cycle	2	1	1.6	0.9605	1	BP
GO:0044837	actomyosin contractile ring organization	2	1	1.6	0.9605	1	BP
GO:0061418	regulation of transcription from RNA pol...	2	1	1.6	0.9605	1	BP
GO:0106071	positive regulation of adenylate cyclase...	2	1	1.6	0.9605	1	BP
GO:0002086	diaphragm contraction	2	1	1.6	0.9605	1	BP
GO:0033617	mitochondrial cytochrome c oxidase assem...	2	1	1.6	0.9605	1	BP
GO:0002025	norepinephrine-epinephrine-mediated vaso...	2	1	1.6	0.9605	1	BP
GO:1903513	endoplasmic reticulum to cytosol transpo...	2	1	1.6	0.9605	1	BP
GO:0002032	desensitization of G protein-coupled rec...	2	1	1.6	0.9605	1	BP
GO:0044557	relaxation of smooth muscle	2	1	1.6	0.9605	1	BP
GO:0035810	positive regulation of urine volume	2	1	1.6	0.9605	1	BP
GO:0055115	entry into diapause	2	1	1.6	0.9605	1	BP
GO:0002001	renin secretion into blood stream	2	1	1.6	0.9605	1	BP
GO:0043001	Golgi to plasma membrane protein transpo...	2	1	1.6	0.9605	1	BP
GO:0010039	response to iron ion	2	1	1.6	0.9605	1	BP
GO:0007095	mitotic G2 DNA damage checkpoint signali...	2	1	1.6	0.9605	1	BP
GO:0048065	male courtship behavior, veined wing ext...	2	1	1.6	0.9605	1	BP
GO:0016925	protein sumoylation	2	1	1.6	0.9605	1	BP
GO:1900451	positive regulation of glutamate recepto...	2	1	1.6	0.9605	1	BP
GO:1900454	positive regulation of long-term synapti...	2	1	1.6	0.9605	1	BP
GO:0035510	DNA dealkylation	2	1	1.6	0.9605	1	BP
GO:0048048	embryonic eye morphogenesis	2	1	1.6	0.9605	1	BP
GO:0000460	maturation of 5.8S rRNA	2	1	1.6	0.9605	1	BP
GO:0032371	regulation of sterol transport	2	1	1.6	0.9605	1	BP
GO:0032374	regulation of cholesterol transport	2	1	1.6	0.9605	1	BP
GO:0046854	phosphatidylinositol phosphate biosynthe...	2	1	1.6	0.9605	1	BP
GO:0061213	positive regulation of mesonephros devel...	2	1	1.6	0.9605	1	BP
GO:0061217	regulation of mesonephros development	2	1	1.6	0.9605	1	BP
GO:0008535	respiratory chain complex IV assembly	2	1	1.6	0.9605	1	BP
GO:0032303	regulation of icosanoid secretion	2	1	1.6	0.9605	1	BP
GO:0070741	response to interleukin-6	2	1	1.6	0.9605	1	BP
GO:0039019	pronephric nephron development	2	1	1.6	0.9605	1	BP
GO:0032461	positive regulation of protein oligomeri...	2	1	1.6	0.9605	1	BP
GO:0032466	negative regulation of cytokinesis	2	1	1.6	0.9605	1	BP
GO:0032459	regulation of protein oligomerization	2	1	1.6	0.9605	1	BP
GO:0030238	male sex determination	2	1	1.6	0.9605	1	BP
GO:0032482	Rab protein signal transduction	2	1	1.6	0.9605	1	BP
GO:2000002	negative regulation of DNA damage checkp...	2	1	1.6	0.9605	1	BP
GO:1900133	regulation of renin secretion into blood...	2	1	1.6	0.9605	1	BP
GO:0045010	actin nucleation	2	1	1.6	0.9605	1	BP
GO:1900135	positive regulation of renin secretion i...	2	1	1.6	0.9605	1	BP
GO:0032418	lysosome localization	2	1	1.6	0.9605	1	BP
GO:0043392	negative regulation of DNA binding	2	1	1.6	0.9605	1	BP
GO:0046579	positive regulation of Ras protein signa...	2	1	1.6	0.9605	1	BP
GO:0002385	mucosal immune response	2	1	1.6	0.9605	1	BP
GO:0008608	attachment of spindle microtubules to ki...	2	1	1.6	0.9605	1	BP
GO:1905664	regulation of calcium ion import across ...	2	1	1.6	0.9605	1	BP
GO:1905665	positive regulation of calcium ion impor...	2	1	1.6	0.9605	1	BP
GO:0072283	metanephric renal vesicle morphogenesis	2	1	1.6	0.9605	1	BP
GO:0000266	mitochondrial fission	2	1	1.6	0.9605	1	BP
GO:0061884	regulation of mini excitatory postsynapt...	2	1	1.6	0.9605	1	BP
GO:0061885	positive regulation of mini excitatory p...	2	1	1.6	0.9605	1	BP
GO:0072202	cell differentiation involved in metanep...	2	1	1.6	0.9605	1	BP
GO:0021767	mammillary body development	2	1	1.6	0.9605	1	BP
GO:0070585	protein localization to mitochondrion	2	1	1.6	0.9605	1	BP
GO:0002457	T cell antigen processing and presentati...	2	1	1.6	0.9605	1	BP
GO:0017004	cytochrome complex assembly	2	1	1.6	0.9605	1	BP
GO:0023019	signal transduction involved in regulati...	2	1	1.6	0.9605	1	BP
GO:0061550	cranial ganglion development	2	1	1.6	0.9605	1	BP
GO:0061551	trigeminal ganglion development	2	1	1.6	0.9605	1	BP
GO:0032212	positive regulation of telomere maintena...	2	1	1.6	0.9605	1	BP
GO:0007307	eggshell chorion gene amplification	2	1	1.6	0.9605	1	BP
GO:0043154	negative regulation of cysteine-type end...	2	1	1.6	0.9605	1	BP
GO:0032206	positive regulation of telomere maintena...	2	1	1.6	0.9605	1	BP
GO:0000737	DNA catabolic process, endonucleolytic	2	1	1.6	0.9605	1	BP
GO:0015804	neutral amino acid transport	2	1	1.6	0.9605	1	BP
GO:1902102	regulation of metaphase/anaphase transit...	2	1	1.6	0.9605	1	BP
GO:2000371	regulation of DNA topoisomerase (ATP-hyd...	2	1	1.6	0.9605	1	BP
GO:2000373	positive regulation of DNA topoisomerase...	2	1	1.6	0.9605	1	BP
GO:0035988	chondrocyte proliferation	2	1	1.6	0.9605	1	BP
GO:0007479	leg disc proximal/distal pattern formati...	2	1	1.6	0.9605	1	BP
GO:0035970	peptidyl-threonine dephosphorylation	2	1	1.6	0.9605	1	BP
GO:0007443	Malpighian tubule morphogenesis	2	1	1.6	0.9605	1	BP
GO:0007449	proximal/distal pattern formation, imagi...	2	1	1.6	0.9605	1	BP
GO:0030539	male genitalia development	2	1	1.6	0.9605	1	BP
GO:1902255	positive regulation of intrinsic apoptot...	2	1	1.6	0.9605	1	BP
GO:0021561	facial nerve development	2	1	1.6	0.9605	1	BP
GO:0071072	negative regulation of phospholipid bios...	2	1	1.6	0.9605	1	BP
GO:0071073	positive regulation of phospholipid bios...	2	1	1.6	0.9605	1	BP
GO:0002251	organ or tissue specific immune response	2	1	1.6	0.9605	1	BP
GO:0043277	apoptotic cell clearance	2	1	1.6	0.9605	1	BP
GO:0007171	activation of transmembrane receptor pro...	2	1	1.6	0.9605	1	BP
GO:0021538	epithalamus development	2	1	1.6	0.9605	1	BP
GO:0007129	homologous chromosome pairing at meiosis	2	1	1.6	0.9605	1	BP
GO:0010257	NADH dehydrogenase complex assembly	2	1	1.6	0.9605	1	BP
GO:0040027	negative regulation of vulval developmen...	2	1	1.6	0.9605	1	BP
GO:0007140	male meiotic nuclear division	2	1	1.6	0.9605	1	BP
GO:0072513	positive regulation of secondary heart f...	2	1	1.6	0.9605	1	BP
GO:0007130	synaptonemal complex assembly	2	1	1.6	0.9605	1	BP
GO:0048133	male germ-line stem cell asymmetric divi...	2	1	1.6	0.9605	1	BP
GO:0048138	germ-line cyst encapsulation	2	1	1.6	0.9605	1	BP
GO:0007100	mitotic centrosome separation	2	1	1.6	0.9605	1	BP
GO:0045433	male courtship behavior, veined wing gen...	2	1	1.6	0.9605	1	BP
GO:2000191	regulation of fatty acid transport	2	1	1.6	0.9605	1	BP
GO:0072505	divalent inorganic anion homeostasis	2	1	1.6	0.9605	1	BP
GO:0072506	trivalent inorganic anion homeostasis	2	1	1.6	0.9605	1	BP
GO:0007291	sperm individualization	2	1	1.6	0.9605	1	BP
GO:0007295	growth of a germarium-derived egg chambe...	2	1	1.6	0.9605	1	BP
GO:1902732	positive regulation of chondrocyte proli...	2	1	1.6	0.9605	1	BP
GO:0007299	ovarian follicle cell-cell adhesion	2	1	1.6	0.9605	1	BP
GO:0002775	antimicrobial peptide production	2	1	1.6	0.9605	1	BP
GO:0045199	maintenance of epithelial cell apical/ba...	2	1	1.6	0.9605	1	BP
GO:0021610	facial nerve morphogenesis	2	1	1.6	0.9605	1	BP
GO:0072665	protein localization to vacuole	2	1	1.6	0.9605	1	BP
GO:0031076	embryonic camera-type eye development	2	1	1.6	0.9605	1	BP
GO:0072655	establishment of protein localization to...	2	1	1.6	0.9605	1	BP
GO:2000117	negative regulation of cysteine-type end...	2	1	1.6	0.9605	1	BP
GO:0031016	pancreas development	2	1	1.6	0.9605	1	BP
GO:0031018	endocrine pancreas development	2	1	1.6	0.9605	1	BP
GO:0007221	positive regulation of transcription of ...	2	1	1.6	0.9605	1	BP
GO:0007225	patched ligand maturation	2	1	1.6	0.9605	1	BP
GO:2000136	regulation of cell proliferation involve...	2	1	1.6	0.9605	1	BP
GO:0021603	cranial nerve formation	2	1	1.6	0.9605	1	BP
GO:0002709	regulation of T cell mediated immunity	2	1	1.6	0.9605	1	BP
GO:0032527	protein exit from endoplasmic reticulum	2	1	1.6	0.9605	1	BP
GO:0045143	homologous chromosome segregation	2	1	1.6	0.9605	1	BP
GO:0010719	negative regulation of epithelial to mes...	2	1	1.6	0.9605	1	BP
GO:1901098	positive regulation of autophagosome mat...	2	1	1.6	0.9605	1	BP
GO:0018993	somatic sex determination	2	1	1.6	0.9605	1	BP
GO:0010891	negative regulation of sequestering of t...	2	1	1.6	0.9605	1	BP
GO:0010896	regulation of triglyceride catabolic pro...	2	1	1.6	0.9605	1	BP
GO:1901028	regulation of mitochondrial outer membra...	2	1	1.6	0.9605	1	BP
GO:0090009	primitive streak formation	2	1	1.6	0.9605	1	BP
GO:0010889	regulation of sequestering of triglyceri...	2	1	1.6	0.9605	1	BP
GO:1901030	positive regulation of mitochondrial out...	2	1	1.6	0.9605	1	BP
GO:0010872	regulation of cholesterol esterification	2	1	1.6	0.9605	1	BP
GO:0010874	regulation of cholesterol efflux	2	1	1.6	0.9605	1	BP
GO:0042073	intraciliary transport	2	1	1.6	0.9605	1	BP
GO:0010842	retina layer formation	2	1	1.6	0.9605	1	BP
GO:0034389	lipid droplet organization	2	1	1.6	0.9605	1	BP
GO:0043584	nose development	2	1	1.6	0.9605	1	BP
GO:2000786	positive regulation of autophagosome ass...	2	1	1.6	0.9605	1	BP
GO:0034314	Arp2/3 complex-mediated actin nucleation	2	1	1.6	0.9605	1	BP
GO:0034315	regulation of Arp2/3 complex-mediated ac...	2	1	1.6	0.9605	1	BP
GO:2000772	regulation of cellular senescence	2	1	1.6	0.9605	1	BP
GO:2000773	negative regulation of cellular senescen...	2	1	1.6	0.9605	1	BP
GO:0030970	retrograde protein transport, ER to cyto...	2	1	1.6	0.9605	1	BP
GO:0019369	arachidonic acid metabolic process	2	1	1.6	0.9605	1	BP
GO:0043518	negative regulation of DNA damage respon...	2	1	1.6	0.9605	1	BP
GO:0060080	inhibitory postsynaptic potential	2	1	1.6	0.9605	1	BP
GO:0010569	regulation of double-strand break repair...	2	1	1.6	0.9605	1	BP
GO:0060083	smooth muscle contraction involved in mi...	2	1	1.6	0.9605	1	BP
GO:0060087	relaxation of vascular associated smooth...	2	1	1.6	0.9605	1	BP
GO:0019371	cyclooxygenase pathway	2	1	1.6	0.9605	1	BP
GO:0060073	micturition	2	1	1.6	0.9605	1	BP
GO:0060042	retina morphogenesis in camera-type eye	2	1	1.6	0.9605	1	BP
GO:0010511	regulation of phosphatidylinositol biosy...	2	1	1.6	0.9605	1	BP
GO:0010513	positive regulation of phosphatidylinosi...	2	1	1.6	0.9605	1	BP
GO:0009225	nucleotide-sugar metabolic process	2	1	1.6	0.9605	1	BP
GO:0060037	pharyngeal system development	2	1	1.6	0.9605	1	BP
GO:0048808	male genitalia morphogenesis	2	1	1.6	0.9605	1	BP
GO:0006081	cellular aldehyde metabolic process	2	1	1.6	0.9605	1	BP
GO:0034465	response to carbon monoxide	2	1	1.6	0.9605	1	BP
GO:0048596	embryonic camera-type eye morphogenesis	2	1	1.6	0.9605	1	BP
GO:0021985	neurohypophysis development	2	1	1.6	0.9605	1	BP
GO:1904353	regulation of telomere capping	2	1	1.6	0.9605	1	BP
GO:0021986	habenula development	2	1	1.6	0.9605	1	BP
GO:1904355	positive regulation of telomere capping	2	1	1.6	0.9605	1	BP
GO:1904358	positive regulation of telomere maintena...	2	1	1.6	0.9605	1	BP
GO:0002686	negative regulation of leukocyte migrati...	2	1	1.6	0.9605	1	BP
GO:0007567	parturition	2	1	1.6	0.9605	1	BP
GO:0051057	positive regulation of small GTPase medi...	2	1	1.6	0.9605	1	BP
GO:0048581	negative regulation of post-embryonic de...	2	1	1.6	0.9605	1	BP
GO:0034433	steroid esterification	2	1	1.6	0.9605	1	BP
GO:0034434	sterol esterification	2	1	1.6	0.9605	1	BP
GO:0034435	cholesterol esterification	2	1	1.6	0.9605	1	BP
GO:0014012	peripheral nervous system axon regenerat...	2	1	1.6	0.9605	1	BP
GO:0031338	regulation of vesicle fusion	2	1	1.6	0.9605	1	BP
GO:0014041	regulation of neuron maturation	2	1	1.6	0.9605	1	BP
GO:0007538	primary sex determination	2	1	1.6	0.9605	1	BP
GO:0010633	negative regulation of epithelial cell m...	2	1	1.6	0.9605	1	BP
GO:0000912	assembly of actomyosin apparatus involve...	2	1	1.6	0.9605	1	BP
GO:0000915	actomyosin contractile ring assembly	2	1	1.6	0.9605	1	BP
GO:0098816	mini excitatory postsynaptic potential	2	1	1.6	0.9605	1	BP
GO:0031468	nuclear membrane reassembly	2	1	1.6	0.9605	1	BP
GO:1904424	regulation of GTP binding	2	1	1.6	0.9605	1	BP
GO:0097067	cellular response to thyroid hormone sti...	2	1	1.6	0.9605	1	BP
GO:0097068	response to thyroxine	2	1	1.6	0.9605	1	BP
GO:2000543	positive regulation of gastrulation	2	1	1.6	0.9605	1	BP
GO:0031440	regulation of mRNA 3'-end processing	2	1	1.6	0.9605	1	BP
GO:0048619	embryonic hindgut morphogenesis	2	1	1.6	0.9605	1	BP
GO:0032981	mitochondrial respiratory chain complex ...	2	1	1.6	0.9605	1	BP
GO:0048630	skeletal muscle tissue growth	2	1	1.6	0.9605	1	BP
GO:0048631	regulation of skeletal muscle tissue gro...	2	1	1.6	0.9605	1	BP
GO:0048633	positive regulation of skeletal muscle t...	2	1	1.6	0.9605	1	BP
GO:0098586	cellular response to virus	2	1	1.6	0.9605	1	BP
GO:0009838	abscission	2	1	1.6	0.9605	1	BP
GO:0090435	protein localization to nuclear envelope	2	1	1.6	0.9605	1	BP
GO:2000622	regulation of nuclear-transcribed mRNA c...	2	1	1.6	0.9605	1	BP
GO:2000623	negative regulation of nuclear-transcrib...	2	1	1.6	0.9605	1	BP
GO:0009595	detection of biotic stimulus	2	1	1.6	0.9605	1	BP
GO:0031145	anaphase-promoting complex-dependent cat...	2	1	1.6	0.9605	1	BP
GO:0045676	regulation of R7 cell differentiation	2	1	1.6	0.9605	1	BP
GO:0090190	positive regulation of branching involve...	2	1	1.6	0.9605	1	BP
GO:0036438	maintenance of lens transparency	2	1	1.6	0.9605	1	BP
GO:0042481	regulation of odontogenesis	2	1	1.6	0.9605	1	BP
GO:1904290	negative regulation of mitotic DNA damag...	2	1	1.6	0.9605	1	BP
GO:0045631	regulation of mechanoreceptor differenti...	2	1	1.6	0.9605	1	BP
GO:0006353	DNA-templated transcription termination	2	1	1.6	0.9605	1	BP
GO:0090151	establishment of protein localization to...	2	1	1.6	0.9605	1	BP
GO:0090189	regulation of branching involved in uret...	2	1	1.6	0.9605	1	BP
GO:0071711	basement membrane organization	2	1	1.6	0.9605	1	BP
GO:1904289	regulation of mitotic DNA damage checkpo...	2	1	1.6	0.9605	1	BP
GO:2001014	regulation of skeletal muscle cell diffe...	2	1	1.6	0.9605	1	BP
GO:0006308	DNA catabolic process	2	1	1.6	0.9605	1	BP
GO:0060487	lung epithelial cell differentiation	2	1	1.6	0.9605	1	BP
GO:0060479	lung cell differentiation	2	1	1.6	0.9605	1	BP
GO:0009650	UV protection	2	1	1.6	0.9605	1	BP
GO:0090296	regulation of mitochondrial DNA replicat...	2	1	1.6	0.9605	1	BP
GO:0036148	phosphatidylglycerol acyl-chain remodeli...	2	1	1.6	0.9605	1	BP
GO:0090298	negative regulation of mitochondrial DNA...	2	1	1.6	0.9605	1	BP
GO:0060441	epithelial tube branching involved in lu...	2	1	1.6	0.9605	1	BP
GO:0010911	regulation of isomerase activity	2	1	1.6	0.9605	1	BP
GO:0010912	positive regulation of isomerase activit...	2	1	1.6	0.9605	1	BP
GO:0051307	meiotic chromosome separation	2	1	1.6	0.9605	1	BP
GO:0071863	regulation of cell proliferation in bone...	2	1	1.6	0.9605	1	BP
GO:0071864	positive regulation of cell proliferatio...	2	1	1.6	0.9605	1	BP
GO:1904799	regulation of neuron remodeling	2	1	1.6	0.9605	1	BP
GO:0036297	interstrand cross-link repair	2	1	1.6	0.9605	1	BP
GO:0051451	myoblast migration	2	1	1.6	0.9605	1	BP
GO:0090237	regulation of arachidonic acid secretion	2	1	1.6	0.9605	1	BP
GO:0071838	cell proliferation in bone marrow	2	1	1.6	0.9605	1	BP
GO:0060123	regulation of growth hormone secretion	2	1	1.6	0.9605	1	BP
GO:0048934	peripheral nervous system neuron differe...	2	1	1.6	0.9605	1	BP
GO:0048935	peripheral nervous system neuron develop...	2	1	1.6	0.9605	1	BP
GO:0071599	otic vesicle development	2	1	1.6	0.9605	1	BP
GO:0006120	mitochondrial electron transport, NADH t...	2	1	1.6	0.9605	1	BP
GO:2000969	positive regulation of AMPA receptor act...	2	1	1.6	0.9605	1	BP
GO:0071526	semaphorin-plexin signaling pathway	2	1	1.6	0.9605	1	BP
GO:2000980	regulation of inner ear receptor cell di...	2	1	1.6	0.9605	1	BP
GO:0051150	regulation of smooth muscle cell differe...	2	1	1.6	0.9605	1	BP
GO:0051152	positive regulation of smooth muscle cel...	2	1	1.6	0.9605	1	BP
GO:0045992	negative regulation of embryonic develop...	2	1	1.6	0.9605	1	BP
GO:0051125	regulation of actin nucleation	2	1	1.6	0.9605	1	BP
GO:0034505	tooth mineralization	2	1	1.6	0.9605	1	BP
GO:0006290	pyrimidine dimer repair	2	1	1.6	0.9605	1	BP
GO:0060242	contact inhibition	2	1	1.6	0.9605	1	BP
GO:0060244	negative regulation of cell proliferatio...	2	1	1.6	0.9605	1	BP
GO:0060245	detection of cell density	2	1	1.6	0.9605	1	BP
GO:0006955	immune response	62	51	49.64	0.9622	1	BP
GO:0030162	regulation of proteolysis	33	29	26.42	0.964	1	BP
GO:0032386	regulation of intracellular transport	17	11	13.61	0.9648	1	BP
GO:0098813	nuclear chromosome segregation	17	11	13.61	0.9648	1	BP
GO:0019222	regulation of metabolic process	321	259	256.99	0.9651	1	BP
GO:0048583	regulation of response to stimulus	203	161	162.52	0.9665	1	BP
GO:0006283	transcription-coupled nucleotide-excisio...	7	4	5.6	0.9678	1	BP
GO:0070207	protein homotrimerization	7	4	5.6	0.9678	1	BP
GO:0007041	lysosomal transport	7	4	5.6	0.9678	1	BP
GO:0046605	regulation of centrosome cycle	7	4	5.6	0.9678	1	BP
GO:0000723	telomere maintenance	7	4	5.6	0.9678	1	BP
GO:0032200	telomere organization	7	4	5.6	0.9678	1	BP
GO:2000278	regulation of DNA biosynthetic process	7	4	5.6	0.9678	1	BP
GO:0048701	embryonic cranial skeleton morphogenesis	7	4	5.6	0.9678	1	BP
GO:0043525	positive regulation of neuron apoptotic ...	7	4	5.6	0.9678	1	BP
GO:0090329	regulation of DNA-templated DNA replicat...	7	4	5.6	0.9678	1	BP
GO:0032388	positive regulation of intracellular tra...	10	6	8.01	0.9687	1	BP
GO:0007009	plasma membrane organization	10	6	8.01	0.9687	1	BP
GO:0022402	cell cycle process	89	65	71.25	0.9696	1	BP
GO:0019216	regulation of lipid metabolic process	35	24	28.02	0.9701	1	BP
GO:0051783	regulation of nuclear division	20	13	16.01	0.9705	1	BP
GO:0072594	establishment of protein localization to...	31	21	24.82	0.9711	1	BP
GO:1902850	microtubule cytoskeleton organization in...	13	8	10.41	0.9717	1	BP
GO:0051231	spindle elongation	4	2	3.2	0.9734	1	BP
GO:0001824	blastocyst development	4	2	3.2	0.9734	1	BP
GO:0035075	response to ecdysone	4	2	3.2	0.9734	1	BP
GO:0014855	striated muscle cell proliferation	4	2	3.2	0.9734	1	BP
GO:0006692	prostanoid metabolic process	4	2	3.2	0.9734	1	BP
GO:0006693	prostaglandin metabolic process	4	2	3.2	0.9734	1	BP
GO:1903432	regulation of TORC1 signaling	4	2	3.2	0.9734	1	BP
GO:0055075	potassium ion homeostasis	4	2	3.2	0.9734	1	BP
GO:0006636	unsaturated fatty acid biosynthetic proc...	4	2	3.2	0.9734	1	BP
GO:0110151	positive regulation of biomineralization	4	2	3.2	0.9734	1	BP
GO:1901976	regulation of cell cycle checkpoint	4	2	3.2	0.9734	1	BP
GO:1905477	positive regulation of protein localizat...	4	2	3.2	0.9734	1	BP
GO:0006998	nuclear envelope organization	4	2	3.2	0.9734	1	BP
GO:0044728	DNA methylation or demethylation	4	2	3.2	0.9734	1	BP
GO:0033559	unsaturated fatty acid metabolic process	4	2	3.2	0.9734	1	BP
GO:0070192	chromosome organization involved in meio...	4	2	3.2	0.9734	1	BP
GO:0033692	cellular polysaccharide biosynthetic pro...	4	2	3.2	0.9734	1	BP
GO:0050000	chromosome localization	4	2	3.2	0.9734	1	BP
GO:0070169	positive regulation of biomineral tissue...	4	2	3.2	0.9734	1	BP
GO:0002021	response to dietary excess	4	2	3.2	0.9734	1	BP
GO:0072350	tricarboxylic acid metabolic process	4	2	3.2	0.9734	1	BP
GO:0044550	secondary metabolite biosynthetic proces...	4	2	3.2	0.9734	1	BP
GO:0046755	viral budding	4	2	3.2	0.9734	1	BP
GO:0007040	lysosome organization	4	2	3.2	0.9734	1	BP
GO:2000001	regulation of DNA damage checkpoint	4	2	3.2	0.9734	1	BP
GO:0046541	saliva secretion	4	2	3.2	0.9734	1	BP
GO:0072210	metanephric nephron development	4	2	3.2	0.9734	1	BP
GO:0000271	polysaccharide biosynthetic process	4	2	3.2	0.9734	1	BP
GO:0030838	positive regulation of actin filament po...	4	2	3.2	0.9734	1	BP
GO:1903900	regulation of viral life cycle	4	2	3.2	0.9734	1	BP
GO:1903902	positive regulation of viral life cycle	4	2	3.2	0.9734	1	BP
GO:0030501	positive regulation of bone mineralizati...	4	2	3.2	0.9734	1	BP
GO:0021532	neural tube patterning	4	2	3.2	0.9734	1	BP
GO:1905953	negative regulation of lipid localizatio...	4	2	3.2	0.9734	1	BP
GO:0007296	vitellogenesis	4	2	3.2	0.9734	1	BP
GO:0061951	establishment of protein localization to...	4	2	3.2	0.9734	1	BP
GO:0061912	selective autophagy	4	2	3.2	0.9734	1	BP
GO:0034308	primary alcohol metabolic process	4	2	3.2	0.9734	1	BP
GO:0060033	anatomical structure regression	4	2	3.2	0.9734	1	BP
GO:0098728	germline stem cell asymmetric division	4	2	3.2	0.9734	1	BP
GO:0021984	adenohypophysis development	4	2	3.2	0.9734	1	BP
GO:0080171	lytic vacuole organization	4	2	3.2	0.9734	1	BP
GO:0048524	positive regulation of viral process	4	2	3.2	0.9734	1	BP
GO:0000920	septum digestion after cytokinesis	4	2	3.2	0.9734	1	BP
GO:0097066	response to thyroid hormone	4	2	3.2	0.9734	1	BP
GO:0036314	response to sterol	4	2	3.2	0.9734	1	BP
GO:0071230	cellular response to amino acid stimulus	4	2	3.2	0.9734	1	BP
GO:0050976	detection of mechanical stimulus involve...	4	2	3.2	0.9734	1	BP
GO:0090136	epithelial cell-cell adhesion	4	2	3.2	0.9734	1	BP
GO:0051303	establishment of chromosome localization	4	2	3.2	0.9734	1	BP
GO:0036257	multivesicular body organization	4	2	3.2	0.9734	1	BP
GO:0036258	multivesicular body assembly	4	2	3.2	0.9734	1	BP
GO:0090208	positive regulation of triglyceride meta...	4	2	3.2	0.9734	1	BP
GO:0045986	negative regulation of smooth muscle con...	4	2	3.2	0.9734	1	BP
GO:0000075	cell cycle checkpoint signaling	16	10	12.81	0.9753	1	BP
GO:0051052	regulation of DNA metabolic process	23	15	18.41	0.9753	1	BP
GO:0060627	regulation of vesicle-mediated transport	34	23	27.22	0.9763	1	BP
GO:0010256	endomembrane system organization	37	25	29.62	0.9806	1	BP
GO:0033157	regulation of intracellular protein tran...	9	5	7.21	0.9814	1	BP
GO:0035270	endocrine system development	9	5	7.21	0.9814	1	BP
GO:0098876	vesicle-mediated transport to the plasma...	9	5	7.21	0.9814	1	BP
GO:0140694	non-membrane-bounded organelle assembly	22	14	17.61	0.982	1	BP
GO:0038127	ERBB signaling pathway	15	9	12.01	0.9834	1	BP
GO:0000819	sister chromatid segregation	15	9	12.01	0.9834	1	BP
GO:0007173	epidermal growth factor receptor signali...	15	9	12.01	0.9834	1	BP
GO:0001676	long-chain fatty acid metabolic process	6	3	4.8	0.9837	1	BP
GO:0006658	phosphatidylserine metabolic process	6	3	4.8	0.9837	1	BP
GO:0003401	axis elongation	6	3	4.8	0.9837	1	BP
GO:0006949	syncytium formation	6	3	4.8	0.9837	1	BP
GO:0140253	cell-cell fusion	6	3	4.8	0.9837	1	BP
GO:0000768	syncytium formation by plasma membrane f...	6	3	4.8	0.9837	1	BP
GO:0034341	response to interferon-gamma	6	3	4.8	0.9837	1	BP
GO:0021983	pituitary gland development	6	3	4.8	0.9837	1	BP
GO:0007520	myoblast fusion	6	3	4.8	0.9837	1	BP
GO:0006281	DNA repair	25	16	20.01	0.9848	1	BP
GO:0016197	endosomal transport	18	11	14.41	0.9853	1	BP
GO:0007052	mitotic spindle organization	11	6	8.81	0.9892	1	BP
GO:0042058	regulation of epidermal growth factor re...	14	8	11.21	0.9894	1	BP
GO:1901184	regulation of ERBB signaling pathway	14	8	11.21	0.9894	1	BP
GO:0006282	regulation of DNA repair	8	4	6.4	0.9902	1	BP
GO:0000041	transition metal ion transport	8	4	6.4	0.9902	1	BP
GO:0008589	regulation of smoothened signaling pathw...	8	4	6.4	0.9902	1	BP
GO:0090307	mitotic spindle assembly	8	4	6.4	0.9902	1	BP
GO:0019218	regulation of steroid metabolic process	8	4	6.4	0.9902	1	BP
GO:0006310	DNA recombination	8	4	6.4	0.9902	1	BP
GO:0006259	DNA metabolic process	49	33	39.23	0.9912	1	BP
GO:0035081	induction of programmed cell death by ho...	3	1	2.4	0.9922	1	BP
GO:0035070	salivary gland histolysis	3	1	2.4	0.9922	1	BP
GO:0035071	salivary gland cell autophagic cell deat...	3	1	2.4	0.9922	1	BP
GO:0035072	ecdysone-mediated induction of salivary ...	3	1	2.4	0.9922	1	BP
GO:0035078	induction of programmed cell death by ec...	3	1	2.4	0.9922	1	BP
GO:0006891	intra-Golgi vesicle-mediated transport	3	1	2.4	0.9922	1	BP
GO:0090611	ubiquitin-independent protein catabolic ...	3	1	2.4	0.9922	1	BP
GO:0060602	branch elongation of an epithelium	3	1	2.4	0.9922	1	BP
GO:0006620	post-translational protein targeting to ...	3	1	2.4	0.9922	1	BP
GO:0000018	regulation of DNA recombination	3	1	2.4	0.9922	1	BP
GO:0033683	nucleotide-excision repair, DNA incision	3	1	2.4	0.9922	1	BP
GO:1903651	positive regulation of cytoplasmic trans...	3	1	2.4	0.9922	1	BP
GO:0046689	response to mercury ion	3	1	2.4	0.9922	1	BP
GO:0021783	preganglionic parasympathetic fiber deve...	3	1	2.4	0.9922	1	BP
GO:2000369	regulation of clathrin-dependent endocyt...	3	1	2.4	0.9922	1	BP
GO:0043122	regulation of I-kappaB kinase/NF-kappaB ...	3	1	2.4	0.9922	1	BP
GO:0043123	positive regulation of I-kappaB kinase/N...	3	1	2.4	0.9922	1	BP
GO:0007484	imaginal disc-derived genitalia developm...	3	1	2.4	0.9922	1	BP
GO:0007485	imaginal disc-derived male genitalia dev...	3	1	2.4	0.9922	1	BP
GO:0048486	parasympathetic nervous system developme...	3	1	2.4	0.9922	1	BP
GO:1902253	regulation of intrinsic apoptotic signal...	3	1	2.4	0.9922	1	BP
GO:0007439	ectodermal digestive tract development	3	1	2.4	0.9922	1	BP
GO:0007156	homophilic cell adhesion via plasma memb...	3	1	2.4	0.9922	1	BP
GO:0048132	female germ-line stem cell asymmetric di...	3	1	2.4	0.9922	1	BP
GO:0120254	olefinic compound metabolic process	3	1	2.4	0.9922	1	BP
GO:0007249	I-kappaB kinase/NF-kappaB signaling	3	1	2.4	0.9922	1	BP
GO:2000781	positive regulation of double-strand bre...	3	1	2.4	0.9922	1	BP
GO:0006099	tricarboxylic acid cycle	3	1	2.4	0.9922	1	BP
GO:0039702	viral budding via host ESCRT complex	3	1	2.4	0.9922	1	BP
GO:0045747	positive regulation of Notch signaling p...	3	1	2.4	0.9922	1	BP
GO:0048566	embryonic digestive tract development	3	1	2.4	0.9922	1	BP
GO:0048557	embryonic digestive tract morphogenesis	3	1	2.4	0.9922	1	BP
GO:0012502	induction of programmed cell death	3	1	2.4	0.9922	1	BP
GO:0071763	nuclear membrane organization	3	1	2.4	0.9922	1	BP
GO:0090148	membrane fission	3	1	2.4	0.9922	1	BP
GO:0060465	pharynx development	3	1	2.4	0.9922	1	BP
GO:0006303	double-strand break repair via nonhomolo...	3	1	2.4	0.9922	1	BP
GO:0006305	DNA alkylation	3	1	2.4	0.9922	1	BP
GO:0006306	DNA methylation	3	1	2.4	0.9922	1	BP
GO:0097320	plasma membrane tubulation	3	1	2.4	0.9922	1	BP
GO:0042255	ribosome assembly	3	1	2.4	0.9922	1	BP
GO:1901797	negative regulation of signal transducti...	3	1	2.4	0.9922	1	BP
GO:0006101	citrate metabolic process	3	1	2.4	0.9922	1	BP
GO:0006296	nucleotide-excision repair, DNA incision...	3	1	2.4	0.9922	1	BP
GO:0032456	endocytic recycling	5	2	4	0.9936	1	BP
GO:0043162	ubiquitin-dependent protein catabolic pr...	5	2	4	0.9936	1	BP
GO:0042078	germ-line stem cell division	5	2	4	0.9936	1	BP
GO:2000779	regulation of double-strand break repair	5	2	4	0.9936	1	BP
GO:0007638	mechanosensory behavior	5	2	4	0.9936	1	BP
GO:0042335	cuticle development	5	2	4	0.9936	1	BP
GO:0006304	DNA modification	5	2	4	0.9936	1	BP
GO:0071897	DNA biosynthetic process	13	7	10.41	0.9936	1	BP
GO:0007051	spindle organization	16	9	12.81	0.9938	1	BP
GO:0051225	spindle assembly	10	5	8.01	0.9941	1	BP
GO:0007224	smoothened signaling pathway	10	5	8.01	0.9941	1	BP
GO:0042273	ribosomal large subunit biogenesis	7	3	5.6	0.9956	1	BP
GO:0042059	negative regulation of epidermal growth ...	9	4	7.21	0.9972	1	BP
GO:1901185	negative regulation of ERBB signaling pa...	9	4	7.21	0.9972	1	BP
GO:0006302	double-strand break repair	14	7	11.21	0.9979	1	BP
GO:0006284	base-excision repair	4	1	3.2	0.9985	1	BP
GO:0098927	vesicle-mediated transport between endos...	4	1	3.2	0.9985	1	BP
GO:0019985	translesion synthesis	4	1	3.2	0.9985	1	BP
GO:0035215	genital disc development	4	1	3.2	0.9985	1	BP
GO:1903649	regulation of cytoplasmic transport	4	1	3.2	0.9985	1	BP
GO:0045022	early endosome to late endosome transpor...	4	1	3.2	0.9985	1	BP
GO:0000731	DNA synthesis involved in DNA repair	4	1	3.2	0.9985	1	BP
GO:0072583	clathrin-dependent endocytosis	4	1	3.2	0.9985	1	BP
GO:0006301	postreplication repair	4	1	3.2	0.9985	1	BP
GO:0042276	error-prone translesion synthesis	4	1	3.2	0.9985	1	BP
GO:0006297	nucleotide-excision repair, DNA gap fill...	4	1	3.2	0.9985	1	BP
GO:0006260	DNA replication	16	8	12.81	0.9987	1	BP
GO:0044786	cell cycle DNA replication	8	3	6.4	0.9989	1	BP
GO:0000724	double-strand break repair via homologou...	5	1	4	0.9997	1	BP
GO:0000725	recombinational repair	5	1	4	0.9997	1	BP
GO:0006261	DNA-templated DNA replication	13	5	10.41	0.9999	1	BP
GO:0008150	biological_process	677	542	542	1	1	BP
GO:0072503	cellular divalent inorganic cation homeo...	38	37	30.42	1	1	BP
GO:0031344	regulation of cell projection organizati...	54	50	43.23	1	1	BP
GO:0046982	protein heterodimerization activity	51	47	40.85	0.013	1	MF
GO:0003723	RNA binding	36	34	28.84	0.014	1	MF
GO:0022839	ion gated channel activity	35	33	28.04	0.017	1	MF
GO:0008134	transcription factor binding	44	40	35.24	0.04	1	MF
GO:0046983	protein dimerization activity	93	81	74.49	0.041	1	MF
GO:0003729	mRNA binding	14	14	11.21	0.043	1	MF
GO:0005515	protein binding	343	283	274.74	0.055	1	MF
GO:0005102	signaling receptor binding	71	62	56.87	0.067	1	MF
GO:0015267	channel activity	46	41	36.85	0.074	1	MF
GO:0022803	passive transmembrane transporter activi...	46	41	36.85	0.074	1	MF
GO:0015085	calcium ion transmembrane transporter ac...	19	18	15.22	0.081	1	MF
GO:0015276	ligand-gated ion channel activity	19	18	15.22	0.081	1	MF
GO:0022834	ligand-gated channel activity	19	18	15.22	0.081	1	MF
GO:0097110	scaffold protein binding	11	11	8.81	0.085	1	MF
GO:0019904	protein domain specific binding	51	45	40.85	0.085	1	MF
GO:0015318	inorganic molecular entity transmembrane...	62	54	49.66	0.095	1	MF
GO:0005216	ion channel activity	44	39	35.24	0.096	1	MF
GO:0022890	inorganic cation transmembrane transport...	44	39	35.24	0.096	1	MF
GO:0005244	voltage-gated ion channel activity	18	17	14.42	0.097	1	MF
GO:0022832	voltage-gated channel activity	18	17	14.42	0.097	1	MF
GO:0015075	ion transmembrane transporter activity	61	53	48.86	0.106	1	MF
GO:0019887	protein kinase regulator activity	10	10	8.01	0.107	1	MF
GO:0005516	calmodulin binding	10	10	8.01	0.107	1	MF
GO:0022836	gated channel activity	37	33	29.64	0.107	1	MF
GO:0003676	nucleic acid binding	116	98	92.92	0.116	1	MF
GO:0008289	lipid binding	30	27	24.03	0.119	1	MF
GO:0004842	ubiquitin-protein transferase activity	23	21	18.42	0.131	1	MF
GO:0019787	ubiquitin-like protein transferase activ...	23	21	18.42	0.131	1	MF
GO:0031072	heat shock protein binding	9	9	7.21	0.134	1	MF
GO:0001067	transcription regulatory region nucleic ...	47	41	37.65	0.137	1	MF
GO:0046873	metal ion transmembrane transporter acti...	35	31	28.04	0.139	1	MF
GO:0004857	enzyme inhibitor activity	16	15	12.82	0.139	1	MF
GO:0005262	calcium channel activity	16	15	12.82	0.139	1	MF
GO:0022843	voltage-gated cation channel activity	16	15	12.82	0.139	1	MF
GO:0005215	transporter activity	75	64	60.08	0.144	1	MF
GO:0044877	protein-containing complex binding	52	45	41.65	0.149	1	MF
GO:0005509	calcium ion binding	22	20	17.62	0.152	1	MF
GO:0019899	enzyme binding	134	112	107.33	0.153	1	MF
GO:0042277	peptide binding	15	14	12.02	0.166	1	MF
GO:0099106	ion channel regulator activity	15	14	12.02	0.166	1	MF
GO:0015103	inorganic anion transmembrane transporte...	15	14	12.02	0.166	1	MF
GO:0016247	channel regulator activity	15	14	12.02	0.166	1	MF
GO:0099094	ligand-gated cation channel activity	8	8	6.41	0.167	1	MF
GO:0005178	integrin binding	8	8	6.41	0.167	1	MF
GO:0005245	voltage-gated calcium channel activity	8	8	6.41	0.167	1	MF
GO:0003730	mRNA 3'-UTR binding	8	8	6.41	0.167	1	MF
GO:0008324	cation transmembrane transporter activit...	45	39	36.05	0.171	1	MF
GO:0140657	ATP-dependent activity	21	19	16.82	0.177	1	MF
GO:0042802	identical protein binding	105	88	84.11	0.181	1	MF
GO:0097159	organic cyclic compound binding	157	130	125.76	0.193	1	MF
GO:0005253	anion channel activity	14	13	11.21	0.197	1	MF
GO:0005254	chloride channel activity	14	13	11.21	0.197	1	MF
GO:0005230	extracellular ligand-gated ion channel a...	14	13	11.21	0.197	1	MF
GO:0015108	chloride transmembrane transporter activ...	14	13	11.21	0.197	1	MF
GO:0022853	active ion transmembrane transporter act...	14	13	11.21	0.197	1	MF
GO:0005261	cation channel activity	32	28	25.63	0.201	1	MF
GO:0016887	ATP hydrolysis activity	20	18	16.02	0.204	1	MF
GO:0003700	DNA-binding transcription factor activit...	71	60	56.87	0.205	1	MF
GO:0008017	microtubule binding	7	7	5.61	0.21	1	MF
GO:0008238	exopeptidase activity	7	7	5.61	0.21	1	MF
GO:0051082	unfolded protein binding	7	7	5.61	0.21	1	MF
GO:0008081	phosphoric diester hydrolase activity	7	7	5.61	0.21	1	MF
GO:0022857	transmembrane transporter activity	70	59	56.07	0.222	1	MF
GO:0008047	enzyme activator activity	25	22	20.03	0.232	1	MF
GO:0051117	ATPase binding	13	12	10.41	0.233	1	MF
GO:0035091	phosphatidylinositol binding	13	12	10.41	0.233	1	MF
GO:0043565	sequence-specific DNA binding	53	45	42.45	0.235	1	MF
GO:1990837	sequence-specific double-stranded DNA bi...	41	35	32.84	0.257	1	MF
GO:0016705	oxidoreductase activity, acting on paire...	6	6	4.81	0.262	1	MF
GO:0035591	signaling adaptor activity	6	6	4.81	0.262	1	MF
GO:0140678	molecular function inhibitor activity	6	6	4.81	0.262	1	MF
GO:0005231	excitatory extracellular ligand-gated io...	6	6	4.81	0.262	1	MF
GO:0005319	lipid transporter activity	6	6	4.81	0.262	1	MF
GO:0042562	hormone binding	6	6	4.81	0.262	1	MF
GO:0140034	methylation-dependent protein binding	6	6	4.81	0.262	1	MF
GO:0005496	steroid binding	6	6	4.81	0.262	1	MF
GO:0051015	actin filament binding	6	6	4.81	0.262	1	MF
GO:0035064	methylated histone binding	6	6	4.81	0.262	1	MF
GO:0044389	ubiquitin-like protein ligase binding	24	21	19.22	0.262	1	MF
GO:0022804	active transmembrane transporter activit...	18	16	14.42	0.271	1	MF
GO:0016298	lipase activity	12	11	9.61	0.275	1	MF
GO:0051427	hormone receptor binding	12	11	9.61	0.275	1	MF
GO:1901363	heterocyclic compound binding	151	124	120.95	0.277	1	MF
GO:0042803	protein homodimerization activity	67	56	53.67	0.282	1	MF
GO:0000976	transcription cis-regulatory region bind...	40	34	32.04	0.283	1	MF
GO:0003690	double-stranded DNA binding	45	38	36.05	0.294	1	MF
GO:0031625	ubiquitin protein ligase binding	23	20	18.42	0.296	1	MF
GO:0001664	G protein-coupled receptor binding	17	15	13.62	0.31	1	MF
GO:0008022	protein C-terminus binding	17	15	13.62	0.31	1	MF
GO:0019901	protein kinase binding	44	37	35.24	0.321	1	MF
GO:0016787	hydrolase activity	107	88	85.71	0.321	1	MF
GO:0099095	ligand-gated anion channel activity	11	10	8.81	0.323	1	MF
GO:0140297	DNA-binding transcription factor binding	11	10	8.81	0.323	1	MF
GO:0050839	cell adhesion molecule binding	11	10	8.81	0.323	1	MF
GO:0030165	PDZ domain binding	11	10	8.81	0.323	1	MF
GO:0022824	transmitter-gated ion channel activity	11	10	8.81	0.323	1	MF
GO:0019207	kinase regulator activity	11	10	8.81	0.323	1	MF
GO:0022835	transmitter-gated channel activity	11	10	8.81	0.323	1	MF
GO:0051087	chaperone binding	11	10	8.81	0.323	1	MF
GO:0140110	transcription regulator activity	86	71	68.89	0.325	1	MF
GO:0004860	protein kinase inhibitor activity	5	5	4.01	0.328	1	MF
GO:0042626	ATPase-coupled transmembrane transporter...	5	5	4.01	0.328	1	MF
GO:0016706	2-oxoglutarate-dependent dioxygenase act...	5	5	4.01	0.328	1	MF
GO:0050998	nitric-oxide synthase binding	5	5	4.01	0.328	1	MF
GO:0015485	cholesterol binding	5	5	4.01	0.328	1	MF
GO:0004553	hydrolase activity, hydrolyzing O-glycos...	5	5	4.01	0.328	1	MF
GO:0016810	hydrolase activity, acting on carbon-nit...	5	5	4.01	0.328	1	MF
GO:0044325	transmembrane transporter binding	5	5	4.01	0.328	1	MF
GO:0051213	dioxygenase activity	5	5	4.01	0.328	1	MF
GO:0051219	phosphoprotein binding	5	5	4.01	0.328	1	MF
GO:0032934	sterol binding	5	5	4.01	0.328	1	MF
GO:0008200	ion channel inhibitor activity	5	5	4.01	0.328	1	MF
GO:0019210	kinase inhibitor activity	5	5	4.01	0.328	1	MF
GO:0015271	outward rectifier potassium channel acti...	5	5	4.01	0.328	1	MF
GO:0050780	dopamine receptor binding	5	5	4.01	0.328	1	MF
GO:0043178	alcohol binding	5	5	4.01	0.328	1	MF
GO:0016248	channel inhibitor activity	5	5	4.01	0.328	1	MF
GO:0016209	antioxidant activity	5	5	4.01	0.328	1	MF
GO:0003677	DNA binding	91	75	72.89	0.329	1	MF
GO:0008509	anion transmembrane transporter activity	22	19	17.62	0.332	1	MF
GO:0097367	carbohydrate derivative binding	38	32	30.44	0.339	1	MF
GO:0140096	catalytic activity, acting on a protein	111	91	88.91	0.343	1	MF
GO:0033218	amide binding	16	14	12.82	0.352	1	MF
GO:1901981	phosphatidylinositol phosphate binding	10	9	8.01	0.377	1	MF
GO:0042393	histone binding	10	9	8.01	0.377	1	MF
GO:0015081	sodium ion transmembrane transporter act...	10	9	8.01	0.377	1	MF
GO:0004620	phospholipase activity	10	9	8.01	0.377	1	MF
GO:0061629	RNA polymerase II-specific DNA-binding t...	10	9	8.01	0.377	1	MF
GO:0015631	tubulin binding	10	9	8.01	0.377	1	MF
GO:0000987	cis-regulatory region sequence-specific ...	26	22	20.83	0.384	1	MF
GO:0000978	RNA polymerase II cis-regulatory region ...	26	22	20.83	0.384	1	MF
GO:0035639	purine ribonucleoside triphosphate bindi...	31	26	24.83	0.394	1	MF
GO:0000981	DNA-binding transcription factor activit...	62	51	49.66	0.399	1	MF
GO:0030594	neurotransmitter receptor activity	15	13	12.02	0.399	1	MF
GO:0061659	ubiquitin-like protein ligase activity	15	13	12.02	0.399	1	MF
GO:0061630	ubiquitin protein ligase activity	15	13	12.02	0.399	1	MF
GO:0000977	RNA polymerase II transcription regulato...	36	30	28.84	0.402	1	MF
GO:0008092	cytoskeletal protein binding	36	30	28.84	0.402	1	MF
GO:0002020	protease binding	4	4	3.2	0.411	1	MF
GO:0042625	ATPase-coupled ion transmembrane transpo...	4	4	3.2	0.411	1	MF
GO:1990782	protein tyrosine kinase binding	4	4	3.2	0.411	1	MF
GO:0019870	potassium channel inhibitor activity	4	4	3.2	0.411	1	MF
GO:0019829	ATPase-coupled cation transmembrane tran...	4	4	3.2	0.411	1	MF
GO:0008157	protein phosphatase 1 binding	4	4	3.2	0.411	1	MF
GO:0005548	phospholipid transporter activity	4	4	3.2	0.411	1	MF
GO:0016864	intramolecular oxidoreductase activity, ...	4	4	3.2	0.411	1	MF
GO:0017081	chloride channel regulator activity	4	4	3.2	0.411	1	MF
GO:0004540	ribonuclease activity	4	4	3.2	0.411	1	MF
GO:0005217	intracellular ligand-gated ion channel a...	4	4	3.2	0.411	1	MF
GO:0016595	glutamate binding	4	4	3.2	0.411	1	MF
GO:0005246	calcium channel regulator activity	4	4	3.2	0.411	1	MF
GO:0035250	UDP-galactosyltransferase activity	4	4	3.2	0.411	1	MF
GO:0090079	translation regulator activity, nucleic ...	4	4	3.2	0.411	1	MF
GO:0008237	metallopeptidase activity	4	4	3.2	0.411	1	MF
GO:0017171	serine hydrolase activity	4	4	3.2	0.411	1	MF
GO:0098960	postsynaptic neurotransmitter receptor a...	4	4	3.2	0.411	1	MF
GO:0030544	Hsp70 protein binding	4	4	3.2	0.411	1	MF
GO:0004622	lysophospholipase activity	4	4	3.2	0.411	1	MF
GO:0045182	translation regulator activity	4	4	3.2	0.411	1	MF
GO:0042165	neurotransmitter binding	4	4	3.2	0.411	1	MF
GO:0042169	SH2 domain binding	4	4	3.2	0.411	1	MF
GO:0008378	galactosyltransferase activity	4	4	3.2	0.411	1	MF
GO:0003756	protein disulfide isomerase activity	4	4	3.2	0.411	1	MF
GO:0048531	beta-1,3-galactosyltransferase activity	4	4	3.2	0.411	1	MF
GO:0003774	cytoskeletal motor activity	4	4	3.2	0.411	1	MF
GO:0031369	translation initiation factor binding	4	4	3.2	0.411	1	MF
GO:0052866	phosphatidylinositol phosphate phosphata...	4	4	3.2	0.411	1	MF
GO:0005080	protein kinase C binding	4	4	3.2	0.411	1	MF
GO:0008499	UDP-galactose:beta-N-acetylglucosamine b...	4	4	3.2	0.411	1	MF
GO:0005524	ATP binding	20	17	16.02	0.413	1	MF
GO:0005543	phospholipid binding	20	17	16.02	0.413	1	MF
GO:0019900	kinase binding	46	38	36.85	0.413	1	MF
GO:0043168	anion binding	66	54	52.87	0.428	1	MF
GO:0015291	secondary active transmembrane transport...	9	8	7.21	0.438	1	MF
GO:0003714	transcription corepressor activity	9	8	7.21	0.438	1	MF
GO:0015399	primary active transmembrane transporter...	9	8	7.21	0.438	1	MF
GO:0140098	catalytic activity, acting on RNA	19	16	15.22	0.457	1	MF
GO:0042578	phosphoric ester hydrolase activity	24	20	19.22	0.462	1	MF
GO:0003712	transcription coregulator activity	29	24	23.23	0.466	1	MF
GO:0098772	molecular function regulator activity	69	56	55.27	0.48	1	MF
GO:0005488	binding	430	345	344.43	0.49	1	MF
GO:0008270	zinc ion binding	18	15	14.42	0.504	1	MF
GO:0016757	glycosyltransferase activity	13	11	10.41	0.504	1	MF
GO:0016758	hexosyltransferase activity	13	11	10.41	0.504	1	MF
GO:0003779	actin binding	13	11	10.41	0.504	1	MF
GO:0017076	purine nucleotide binding	33	27	26.43	0.504	1	MF
GO:0032553	ribonucleotide binding	33	27	26.43	0.504	1	MF
GO:0032555	purine ribonucleotide binding	33	27	26.43	0.504	1	MF
GO:0001228	DNA-binding transcription activator acti...	33	27	26.43	0.504	1	MF
GO:0001216	DNA-binding transcription activator acti...	33	27	26.43	0.504	1	MF
GO:0016788	hydrolase activity, acting on ester bond...	38	31	30.44	0.505	1	MF
GO:0016874	ligase activity	8	7	6.41	0.505	1	MF
GO:0008503	benzodiazepine receptor activity	8	7	6.41	0.505	1	MF
GO:0032182	ubiquitin-like protein binding	8	7	6.41	0.505	1	MF
GO:0005249	voltage-gated potassium channel activity	8	7	6.41	0.505	1	MF
GO:0000149	SNARE binding	8	7	6.41	0.505	1	MF
GO:0016922	nuclear receptor binding	8	7	6.41	0.505	1	MF
GO:0016917	GABA receptor activity	8	7	6.41	0.505	1	MF
GO:0022851	GABA-gated chloride ion channel activity	8	7	6.41	0.505	1	MF
GO:0016667	oxidoreductase activity, acting on a sul...	8	7	6.41	0.505	1	MF
GO:0070405	ammonium ion binding	8	7	6.41	0.505	1	MF
GO:0004890	GABA-A receptor activity	8	7	6.41	0.505	1	MF
GO:0031490	chromatin DNA binding	3	3	2.4	0.513	1	MF
GO:0035035	histone acetyltransferase binding	3	3	2.4	0.513	1	MF
GO:0061733	peptide-lysine-N-acetyltransferase activ...	3	3	2.4	0.513	1	MF
GO:0019894	kinesin binding	3	3	2.4	0.513	1	MF
GO:0031420	alkali metal ion binding	3	3	2.4	0.513	1	MF
GO:0005158	insulin receptor binding	3	3	2.4	0.513	1	MF
GO:0004438	phosphatidylinositol-3-phosphatase activ...	3	3	2.4	0.513	1	MF
GO:0032813	tumor necrosis factor receptor superfami...	3	3	2.4	0.513	1	MF
GO:0005126	cytokine receptor binding	3	3	2.4	0.513	1	MF
GO:0004402	histone acetyltransferase activity	3	3	2.4	0.513	1	MF
GO:0043394	proteoglycan binding	3	3	2.4	0.513	1	MF
GO:0005518	collagen binding	3	3	2.4	0.513	1	MF
GO:0044390	ubiquitin-like protein conjugating enzym...	3	3	2.4	0.513	1	MF
GO:0015464	acetylcholine receptor activity	3	3	2.4	0.513	1	MF
GO:0031402	sodium ion binding	3	3	2.4	0.513	1	MF
GO:0050997	quaternary ammonium group binding	3	3	2.4	0.513	1	MF
GO:0019843	rRNA binding	3	3	2.4	0.513	1	MF
GO:0019838	growth factor binding	3	3	2.4	0.513	1	MF
GO:0015078	proton transmembrane transporter activit...	3	3	2.4	0.513	1	MF
GO:0005109	frizzled binding	3	3	2.4	0.513	1	MF
GO:0008135	translation factor activity, RNA binding	3	3	2.4	0.513	1	MF
GO:0016877	ligase activity, forming carbon-sulfur b...	3	3	2.4	0.513	1	MF
GO:0016879	ligase activity, forming carbon-nitrogen...	3	3	2.4	0.513	1	MF
GO:0070273	phosphatidylinositol-4-phosphate binding	3	3	2.4	0.513	1	MF
GO:0004177	aminopeptidase activity	3	3	2.4	0.513	1	MF
GO:0034593	phosphatidylinositol bisphosphate phosph...	3	3	2.4	0.513	1	MF
GO:0017046	peptide hormone binding	3	3	2.4	0.513	1	MF
GO:1901682	sulfur compound transmembrane transporte...	3	3	2.4	0.513	1	MF
GO:0005272	sodium channel activity	3	3	2.4	0.513	1	MF
GO:0140358	P-type transmembrane transporter activit...	3	3	2.4	0.513	1	MF
GO:0046875	ephrin receptor binding	3	3	2.4	0.513	1	MF
GO:0005248	voltage-gated sodium channel activity	3	3	2.4	0.513	1	MF
GO:0000146	microfilament motor activity	3	3	2.4	0.513	1	MF
GO:0099529	neurotransmitter receptor activity invol...	3	3	2.4	0.513	1	MF
GO:0005234	extracellularly glutamate-gated ion chan...	3	3	2.4	0.513	1	MF
GO:0033130	acetylcholine receptor binding	3	3	2.4	0.513	1	MF
GO:1990841	promoter-specific chromatin binding	3	3	2.4	0.513	1	MF
GO:0030159	signaling receptor complex adaptor activ...	3	3	2.4	0.513	1	MF
GO:0042826	histone deacetylase binding	3	3	2.4	0.513	1	MF
GO:0051393	alpha-actinin binding	3	3	2.4	0.513	1	MF
GO:0008236	serine-type peptidase activity	3	3	2.4	0.513	1	MF
GO:0004683	calmodulin-dependent protein kinase acti...	3	3	2.4	0.513	1	MF
GO:0004629	phospholipase C activity	3	3	2.4	0.513	1	MF
GO:0042805	actinin binding	3	3	2.4	0.513	1	MF
GO:0031624	ubiquitin conjugating enzyme binding	3	3	2.4	0.513	1	MF
GO:0005388	P-type calcium transporter activity	3	3	2.4	0.513	1	MF
GO:0016504	peptidase activator activity	3	3	2.4	0.513	1	MF
GO:0015297	antiporter activity	3	3	2.4	0.513	1	MF
GO:0030295	protein kinase activator activity	3	3	2.4	0.513	1	MF
GO:0052744	phosphatidylinositol monophosphate phosp...	3	3	2.4	0.513	1	MF
GO:0034212	peptide N-acetyltransferase activity	3	3	2.4	0.513	1	MF
GO:0042166	acetylcholine binding	3	3	2.4	0.513	1	MF
GO:0015662	P-type ion transporter activity	3	3	2.4	0.513	1	MF
GO:1904315	transmitter-gated ion channel activity i...	3	3	2.4	0.513	1	MF
GO:0070063	RNA polymerase binding	3	3	2.4	0.513	1	MF
GO:0019209	kinase activator activity	3	3	2.4	0.513	1	MF
GO:0070888	E-box binding	3	3	2.4	0.513	1	MF
GO:0022848	acetylcholine-gated cation-selective cha...	3	3	2.4	0.513	1	MF
GO:0015643	toxic substance binding	3	3	2.4	0.513	1	MF
GO:0030235	nitric-oxide synthase regulator activity	3	3	2.4	0.513	1	MF
GO:0004712	protein serine/threonine/tyrosine kinase...	3	3	2.4	0.513	1	MF
GO:0051879	Hsp90 protein binding	3	3	2.4	0.513	1	MF
GO:0031749	D2 dopamine receptor binding	3	3	2.4	0.513	1	MF
GO:0008068	extracellularly glutamate-gated chloride...	3	3	2.4	0.513	1	MF
GO:0004707	MAP kinase activity	3	3	2.4	0.513	1	MF
GO:0051400	BH domain binding	3	3	2.4	0.513	1	MF
GO:0043169	cation binding	67	54	53.67	0.532	1	MF
GO:0008233	peptidase activity	27	22	21.63	0.543	1	MF
GO:0032559	adenyl ribonucleotide binding	22	18	17.62	0.547	1	MF
GO:0030554	adenyl nucleotide binding	22	18	17.62	0.547	1	MF
GO:0030234	enzyme regulator activity	56	45	44.86	0.561	1	MF
GO:0036094	small molecule binding	56	45	44.86	0.561	1	MF
GO:0015079	potassium ion transmembrane transporter ...	12	10	9.61	0.561	1	MF
GO:0001882	nucleoside binding	12	10	9.61	0.561	1	MF
GO:0001883	purine nucleoside binding	12	10	9.61	0.561	1	MF
GO:0016462	pyrophosphatase activity	31	25	24.83	0.577	1	MF
GO:0016817	hydrolase activity, acting on acid anhyd...	31	25	24.83	0.577	1	MF
GO:0016818	hydrolase activity, acting on acid anhyd...	31	25	24.83	0.577	1	MF
GO:0008194	UDP-glycosyltransferase activity	7	6	5.61	0.579	1	MF
GO:0019888	protein phosphatase regulator activity	7	6	5.61	0.579	1	MF
GO:0015459	potassium channel regulator activity	7	6	5.61	0.579	1	MF
GO:0015036	disulfide oxidoreductase activity	7	6	5.61	0.579	1	MF
GO:0016597	amino acid binding	7	6	5.61	0.579	1	MF
GO:0019208	phosphatase regulator activity	7	6	5.61	0.579	1	MF
GO:0016798	hydrolase activity, acting on glycosyl b...	7	6	5.61	0.579	1	MF
GO:0003682	chromatin binding	26	21	20.83	0.583	1	MF
GO:0043167	ion binding	114	91	91.31	0.59	1	MF
GO:0003713	transcription coactivator activity	21	17	16.82	0.591	1	MF
GO:0004175	endopeptidase activity	16	13	12.82	0.602	1	MF
GO:1901265	nucleoside phosphate binding	35	28	28.04	0.606	1	MF
GO:0000166	nucleotide binding	35	28	28.04	0.606	1	MF
GO:0017111	ribonucleoside triphosphate phosphatase ...	30	24	24.03	0.613	1	MF
GO:0016779	nucleotidyltransferase activity	11	9	8.81	0.621	1	MF
GO:0005525	GTP binding	11	9	8.81	0.621	1	MF
GO:0019001	guanyl nucleotide binding	11	9	8.81	0.621	1	MF
GO:0032561	guanyl ribonucleotide binding	11	9	8.81	0.621	1	MF
GO:0032550	purine ribonucleoside binding	11	9	8.81	0.621	1	MF
GO:0032549	ribonucleoside binding	11	9	8.81	0.621	1	MF
GO:0008757	S-adenosylmethionine-dependent methyltra...	11	9	8.81	0.621	1	MF
GO:0005096	GTPase activator activity	11	9	8.81	0.621	1	MF
GO:0046872	metal ion binding	58	46	46.46	0.639	1	MF
GO:0016301	kinase activity	34	27	27.23	0.64	1	MF
GO:0008429	phosphatidylethanolamine binding	2	2	1.6	0.641	1	MF
GO:0008013	beta-catenin binding	2	2	1.6	0.641	1	MF
GO:0070567	cytidylyltransferase activity	2	2	1.6	0.641	1	MF
GO:0070568	guanylyltransferase activity	2	2	1.6	0.641	1	MF
GO:0070569	uridylyltransferase activity	2	2	1.6	0.641	1	MF
GO:0061778	intracellular chloride channel activity	2	2	1.6	0.641	1	MF
GO:0030371	translation repressor activity	2	2	1.6	0.641	1	MF
GO:0036487	nitric-oxide synthase inhibitor activity	2	2	1.6	0.641	1	MF
GO:0016776	phosphotransferase activity, phosphate g...	2	2	1.6	0.641	1	MF
GO:0140103	catalytic activity, acting on a glycopro...	2	2	1.6	0.641	1	MF
GO:0086008	voltage-gated potassium channel activity...	2	2	1.6	0.641	1	MF
GO:0043621	protein self-association	2	2	1.6	0.641	1	MF
GO:0009975	cyclase activity	2	2	1.6	0.641	1	MF
GO:0030346	protein phosphatase 2B binding	2	2	1.6	0.641	1	MF
GO:0070513	death domain binding	2	2	1.6	0.641	1	MF
GO:0140296	general transcription initiation factor ...	2	2	1.6	0.641	1	MF
GO:0032451	demethylase activity	2	2	1.6	0.641	1	MF
GO:0005164	tumor necrosis factor receptor binding	2	2	1.6	0.641	1	MF
GO:0097718	disordered domain specific binding	2	2	1.6	0.641	1	MF
GO:0003839	gamma-glutamylcyclotransferase activity	2	2	1.6	0.641	1	MF
GO:0034062	5'-3' RNA polymerase activity	2	2	1.6	0.641	1	MF
GO:0005159	insulin-like growth factor receptor bind...	2	2	1.6	0.641	1	MF
GO:0097747	RNA polymerase activity	2	2	1.6	0.641	1	MF
GO:0034452	dynactin binding	2	2	1.6	0.641	1	MF
GO:0005113	patched binding	2	2	1.6	0.641	1	MF
GO:0030899	calcium-dependent ATPase activity	2	2	1.6	0.641	1	MF
GO:0032036	myosin heavy chain binding	2	2	1.6	0.641	1	MF
GO:0140677	molecular function activator activity	2	2	1.6	0.641	1	MF
GO:0005544	calcium-dependent phospholipid binding	2	2	1.6	0.641	1	MF
GO:1990715	mRNA CDS binding	2	2	1.6	0.641	1	MF
GO:0005547	phosphatidylinositol-3,4,5-trisphosphate...	2	2	1.6	0.641	1	MF
GO:0008171	O-methyltransferase activity	2	2	1.6	0.641	1	MF
GO:0005539	glycosaminoglycan binding	2	2	1.6	0.641	1	MF
GO:0004995	tachykinin receptor activity	2	2	1.6	0.641	1	MF
GO:0045309	protein phosphorylated amino acid bindin...	2	2	1.6	0.641	1	MF
GO:0008519	ammonium transmembrane transporter activ...	2	2	1.6	0.641	1	MF
GO:0015020	glucuronosyltransferase activity	2	2	1.6	0.641	1	MF
GO:0016881	acid-amino acid ligase activity	2	2	1.6	0.641	1	MF
GO:0015026	coreceptor activity	2	2	1.6	0.641	1	MF
GO:0015018	galactosylgalactosylxylosylprotein 3-bet...	2	2	1.6	0.641	1	MF
GO:0016878	acid-thiol ligase activity	2	2	1.6	0.641	1	MF
GO:0004180	carboxypeptidase activity	2	2	1.6	0.641	1	MF
GO:0016018	cyclosporin A binding	2	2	1.6	0.641	1	MF
GO:0016811	hydrolase activity, acting on carbon-nit...	2	2	1.6	0.641	1	MF
GO:0004989	octopamine receptor activity	2	2	1.6	0.641	1	MF
GO:0017025	TBP-class protein binding	2	2	1.6	0.641	1	MF
GO:0016814	hydrolase activity, acting on carbon-nit...	2	2	1.6	0.641	1	MF
GO:0004521	endoribonuclease activity	2	2	1.6	0.641	1	MF
GO:0004129	cytochrome-c oxidase activity	2	2	1.6	0.641	1	MF
GO:0016849	phosphorus-oxygen lyase activity	2	2	1.6	0.641	1	MF
GO:0005251	delayed rectifier potassium channel acti...	2	2	1.6	0.641	1	MF
GO:0016405	CoA-ligase activity	2	2	1.6	0.641	1	MF
GO:0005221	intracellular cyclic nucleotide activate...	2	2	1.6	0.641	1	MF
GO:0005229	intracellular calcium activated chloride...	2	2	1.6	0.641	1	MF
GO:0072341	modified amino acid binding	2	2	1.6	0.641	1	MF
GO:0005247	voltage-gated chloride channel activity	2	2	1.6	0.641	1	MF
GO:0008273	calcium, potassium:sodium antiporter act...	2	2	1.6	0.641	1	MF
GO:0042056	chemoattractant activity	2	2	1.6	0.641	1	MF
GO:0010851	cyclase regulator activity	2	2	1.6	0.641	1	MF
GO:0001671	ATPase activator activity	2	2	1.6	0.641	1	MF
GO:0010485	H4 histone acetyltransferase activity	2	2	1.6	0.641	1	MF
GO:0030955	potassium ion binding	2	2	1.6	0.641	1	MF
GO:0043855	cyclic nucleotide-gated ion channel acti...	2	2	1.6	0.641	1	MF
GO:0008242	omega peptidase activity	2	2	1.6	0.641	1	MF
GO:0000900	mRNA regulatory element binding translat...	2	2	1.6	0.641	1	MF
GO:0003680	minor groove of adenine-thymine-rich DNA...	2	2	1.6	0.641	1	MF
GO:0030971	receptor tyrosine kinase binding	2	2	1.6	0.641	1	MF
GO:0004252	serine-type endopeptidase activity	2	2	1.6	0.641	1	MF
GO:0008235	metalloexopeptidase activity	2	2	1.6	0.641	1	MF
GO:0042043	neurexin family protein binding	2	2	1.6	0.641	1	MF
GO:0035613	RNA stem-loop binding	2	2	1.6	0.641	1	MF
GO:0070320	inward rectifier potassium channel inhib...	2	2	1.6	0.641	1	MF
GO:0030515	snoRNA binding	2	2	1.6	0.641	1	MF
GO:0004222	metalloendopeptidase activity	2	2	1.6	0.641	1	MF
GO:0015932	nucleobase-containing compound transmemb...	2	2	1.6	0.641	1	MF
GO:0017110	nucleoside diphosphate phosphatase activ...	2	2	1.6	0.641	1	MF
GO:0016538	cyclin-dependent protein serine/threonin...	2	2	1.6	0.641	1	MF
GO:0015101	organic cation transmembrane transporter...	2	2	1.6	0.641	1	MF
GO:0017134	fibroblast growth factor binding	2	2	1.6	0.641	1	MF
GO:0071074	eukaryotic initiation factor eIF2 bindin...	2	2	1.6	0.641	1	MF
GO:0031210	phosphatidylcholine binding	2	2	1.6	0.641	1	MF
GO:0015298	solute:cation antiporter activity	2	2	1.6	0.641	1	MF
GO:0030296	protein tyrosine kinase activator activi...	2	2	1.6	0.641	1	MF
GO:0033612	receptor serine/threonine kinase binding	2	2	1.6	0.641	1	MF
GO:0019211	phosphatase activator activity	2	2	1.6	0.641	1	MF
GO:0045545	syndecan binding	2	2	1.6	0.641	1	MF
GO:0000217	DNA secondary structure binding	2	2	1.6	0.641	1	MF
GO:0052745	inositol phosphate phosphatase activity	2	2	1.6	0.641	1	MF
GO:0071837	HMG box domain binding	2	2	1.6	0.641	1	MF
GO:0140828	metal cation:monoatomic cation antiporte...	2	2	1.6	0.641	1	MF
GO:0001784	phosphotyrosine residue binding	2	2	1.6	0.641	1	MF
GO:0019239	deaminase activity	2	2	1.6	0.641	1	MF
GO:0016668	oxidoreductase activity, acting on a sul...	2	2	1.6	0.641	1	MF
GO:0047134	protein-disulfide reductase (NAD(P)) act...	2	2	1.6	0.641	1	MF
GO:0015278	calcium-release channel activity	2	2	1.6	0.641	1	MF
GO:0022821	solute:potassium antiporter activity	2	2	1.6	0.641	1	MF
GO:0016684	oxidoreductase activity, acting on perox...	2	2	1.6	0.641	1	MF
GO:0008331	high voltage-gated calcium channel activ...	2	2	1.6	0.641	1	MF
GO:0019205	nucleobase-containing compound kinase ac...	2	2	1.6	0.641	1	MF
GO:0046906	tetrapyrrole binding	2	2	1.6	0.641	1	MF
GO:0032794	GTPase activating protein binding	2	2	1.6	0.641	1	MF
GO:0016675	oxidoreductase activity, acting on a hem...	2	2	1.6	0.641	1	MF
GO:0099604	ligand-gated calcium channel activity	2	2	1.6	0.641	1	MF
GO:0004370	glycerol kinase activity	2	2	1.6	0.641	1	MF
GO:0003725	double-stranded RNA binding	2	2	1.6	0.641	1	MF
GO:0015248	sterol transporter activity	2	2	1.6	0.641	1	MF
GO:0003727	single-stranded RNA binding	2	2	1.6	0.641	1	MF
GO:0070412	R-SMAD binding	2	2	1.6	0.641	1	MF
GO:0008308	voltage-gated anion channel activity	2	2	1.6	0.641	1	MF
GO:0086090	voltage-gated potassium channel activity...	2	2	1.6	0.641	1	MF
GO:0043548	phosphatidylinositol 3-kinase binding	2	2	1.6	0.641	1	MF
GO:0003743	translation initiation factor activity	2	2	1.6	0.641	1	MF
GO:0043531	ADP binding	2	2	1.6	0.641	1	MF
GO:0070034	telomerase RNA binding	2	2	1.6	0.641	1	MF
GO:0004741	[pyruvate dehydrogenase (lipoamide)] pho...	2	2	1.6	0.641	1	MF
GO:0044548	S100 protein binding	2	2	1.6	0.641	1	MF
GO:0015605	organophosphate ester transmembrane tran...	2	2	1.6	0.641	1	MF
GO:0005484	SNAP receptor activity	2	2	1.6	0.641	1	MF
GO:0051018	protein kinase A binding	2	2	1.6	0.641	1	MF
GO:0031748	D1 dopamine receptor binding	2	2	1.6	0.641	1	MF
GO:0086087	voltage-gated potassium channel activity...	2	2	1.6	0.641	1	MF
GO:0086089	voltage-gated potassium channel activity...	2	2	1.6	0.641	1	MF
GO:0004708	MAP kinase kinase activity	2	2	1.6	0.641	1	MF
GO:0097603	temperature-gated ion channel activity	2	2	1.6	0.641	1	MF
GO:0051434	BH3 domain binding	2	2	1.6	0.641	1	MF
GO:0034722	gamma-glutamyl-peptidase activity	2	2	1.6	0.641	1	MF
GO:0020037	heme binding	2	2	1.6	0.641	1	MF
GO:0003899	DNA-directed 5'-3' RNA polymerase activi...	2	2	1.6	0.641	1	MF
GO:0072542	protein phosphatase activator activity	2	2	1.6	0.641	1	MF
GO:0005432	calcium:sodium antiporter activity	2	2	1.6	0.641	1	MF
GO:0015368	calcium:cation antiporter activity	2	2	1.6	0.641	1	MF
GO:0004497	monooxygenase activity	2	2	1.6	0.641	1	MF
GO:0008234	cysteine-type peptidase activity	15	12	12.02	0.653	1	MF
GO:0038023	signaling receptor activity	43	34	34.44	0.656	1	MF
GO:0060089	molecular transducer activity	43	34	34.44	0.656	1	MF
GO:0008170	N-methyltransferase activity	6	5	4.81	0.658	1	MF
GO:0008173	RNA methyltransferase activity	6	5	4.81	0.658	1	MF
GO:0008179	adenylate cyclase binding	6	5	4.81	0.658	1	MF
GO:1902936	phosphatidylinositol bisphosphate bindin...	6	5	4.81	0.658	1	MF
GO:0016860	intramolecular oxidoreductase activity	6	5	4.81	0.658	1	MF
GO:0001540	amyloid-beta binding	6	5	4.81	0.658	1	MF
GO:0015035	protein-disulfide reductase activity	6	5	4.81	0.658	1	MF
GO:0005227	calcium activated cation channel activit...	6	5	4.81	0.658	1	MF
GO:0008276	protein methyltransferase activity	6	5	4.81	0.658	1	MF
GO:0005326	neurotransmitter transmembrane transport...	6	5	4.81	0.658	1	MF
GO:0030246	carbohydrate binding	6	5	4.81	0.658	1	MF
GO:0008307	structural constituent of muscle	6	5	4.81	0.658	1	MF
GO:0043130	ubiquitin binding	6	5	4.81	0.658	1	MF
GO:0016773	phosphotransferase activity, alcohol gro...	33	26	26.43	0.674	1	MF
GO:0016491	oxidoreductase activity	33	26	26.43	0.674	1	MF
GO:0031406	carboxylic acid binding	10	8	8.01	0.681	1	MF
GO:0004197	cysteine-type endopeptidase activity	10	8	8.01	0.681	1	MF
GO:0005267	potassium channel activity	10	8	8.01	0.681	1	MF
GO:0052689	carboxylic ester hydrolase activity	10	8	8.01	0.681	1	MF
GO:0043177	organic acid binding	10	8	8.01	0.681	1	MF
GO:0016741	transferase activity, transferring one-c...	14	11	11.21	0.703	1	MF
GO:0008168	methyltransferase activity	14	11	11.21	0.703	1	MF
GO:0016772	transferase activity, transferring phosp...	45	35	36.05	0.733	1	MF
GO:0015370	solute:sodium symporter activity	5	4	4.01	0.74	1	MF
GO:0001046	core promoter sequence-specific DNA bind...	5	4	4.01	0.74	1	MF
GO:0002039	p53 binding	5	4	4.01	0.74	1	MF
GO:0005546	phosphatidylinositol-4,5-bisphosphate bi...	5	4	4.01	0.74	1	MF
GO:0046332	SMAD binding	5	4	4.01	0.74	1	MF
GO:0004518	nuclease activity	5	4	4.01	0.74	1	MF
GO:1901681	sulfur compound binding	5	4	4.01	0.74	1	MF
GO:0016407	acetyltransferase activity	5	4	4.01	0.74	1	MF
GO:0035254	glutamate receptor binding	5	4	4.01	0.74	1	MF
GO:0019905	syntaxin binding	5	4	4.01	0.74	1	MF
GO:0061134	peptidase regulator activity	5	4	4.01	0.74	1	MF
GO:0015293	symporter activity	5	4	4.01	0.74	1	MF
GO:0015294	solute:cation symporter activity	5	4	4.01	0.74	1	MF
GO:0070851	growth factor receptor binding	5	4	4.01	0.74	1	MF
GO:0004386	helicase activity	5	4	4.01	0.74	1	MF
GO:0140030	modification-dependent protein binding	9	7	7.21	0.742	1	MF
GO:0003735	structural constituent of ribosome	13	10	10.41	0.752	1	MF
GO:0060090	molecular adaptor activity	17	13	13.62	0.764	1	MF
GO:0019902	phosphatase binding	17	13	13.62	0.764	1	MF
GO:0030674	protein-macromolecule adaptor activity	17	13	13.62	0.764	1	MF
GO:0016791	phosphatase activity	17	13	13.62	0.764	1	MF
GO:0003824	catalytic activity	261	206	209.06	0.769	1	MF
GO:0019903	protein phosphatase binding	12	9	9.61	0.799	1	MF
GO:0005198	structural molecule activity	29	22	23.23	0.799	1	MF
GO:0042287	MHC protein binding	1	1	0.8	0.801	1	MF
GO:0042288	MHC class I protein binding	1	1	0.8	0.801	1	MF
GO:0005000	vasopressin receptor activity	1	1	0.8	0.801	1	MF
GO:0086039	P-type calcium transporter activity invo...	1	1	0.8	0.801	1	MF
GO:0031491	nucleosome binding	1	1	0.8	0.801	1	MF
GO:0004067	asparaginase activity	1	1	0.8	0.801	1	MF
GO:0008442	3-hydroxyisobutyrate dehydrogenase activ...	1	1	0.8	0.801	1	MF
GO:0008048	calcium sensitive guanylate cyclase acti...	1	1	0.8	0.801	1	MF
GO:0031893	vasopressin receptor binding	1	1	0.8	0.801	1	MF
GO:0030372	high molecular weight B cell growth fact...	1	1	0.8	0.801	1	MF
GO:0031894	V1A vasopressin receptor binding	1	1	0.8	0.801	1	MF
GO:0004861	cyclin-dependent protein serine/threonin...	1	1	0.8	0.801	1	MF
GO:0004467	long-chain fatty acid-CoA ligase activit...	1	1	0.8	0.801	1	MF
GO:0001016	RNA polymerase III transcription regulat...	1	1	0.8	0.801	1	MF
GO:0004864	protein phosphatase inhibitor activity	1	1	0.8	0.801	1	MF
GO:0001018	mitochondrial promoter sequence-specific...	1	1	0.8	0.801	1	MF
GO:0004867	serine-type endopeptidase inhibitor acti...	1	1	0.8	0.801	1	MF
GO:0032093	SAM domain binding	1	1	0.8	0.801	1	MF
GO:0008431	vitamin E binding	1	1	0.8	0.801	1	MF
GO:0008432	JUN kinase binding	1	1	0.8	0.801	1	MF
GO:0019706	protein-cysteine S-palmitoyltransferase ...	1	1	0.8	0.801	1	MF
GO:0070181	small ribosomal subunit rRNA binding	1	1	0.8	0.801	1	MF
GO:0019707	protein-cysteine S-acyltransferase activ...	1	1	0.8	0.801	1	MF
GO:0070182	DNA polymerase binding	1	1	0.8	0.801	1	MF
GO:0004457	lactate dehydrogenase activity	1	1	0.8	0.801	1	MF
GO:0140102	catalytic activity, acting on a rRNA	1	1	0.8	0.801	1	MF
GO:0004089	carbonate dehydratase activity	1	1	0.8	0.801	1	MF
GO:0003876	AMP deaminase activity	1	1	0.8	0.801	1	MF
GO:0016721	oxidoreductase activity, acting on super...	1	1	0.8	0.801	1	MF
GO:0016722	oxidoreductase activity, acting on metal...	1	1	0.8	0.801	1	MF
GO:0051998	protein carboxyl O-methyltransferase act...	1	1	0.8	0.801	1	MF
GO:0016724	oxidoreductase activity, acting on metal...	1	1	0.8	0.801	1	MF
GO:0070576	vitamin D 24-hydroxylase activity	1	1	0.8	0.801	1	MF
GO:0016312	inositol bisphosphate phosphatase activi...	1	1	0.8	0.801	1	MF
GO:0016314	phosphatidylinositol-3,4,5-trisphosphate...	1	1	0.8	0.801	1	MF
GO:0000099	sulfur amino acid transmembrane transpor...	1	1	0.8	0.801	1	MF
GO:0038085	vascular endothelial growth factor bindi...	1	1	0.8	0.801	1	MF
GO:0030342	1-alpha,25-dihydroxyvitamin D3 24-hydrox...	1	1	0.8	0.801	1	MF
GO:0097371	MDM2/MDM4 family protein binding	1	1	0.8	0.801	1	MF
GO:0016717	oxidoreductase activity, acting on paire...	1	1	0.8	0.801	1	MF
GO:0030742	GTP-dependent protein binding	1	1	0.8	0.801	1	MF
GO:0003810	protein-glutamine gamma-glutamyltransfer...	1	1	0.8	0.801	1	MF
GO:0004879	nuclear receptor activity	1	1	0.8	0.801	1	MF
GO:2001069	glycogen binding	1	1	0.8	0.801	1	MF
GO:0050811	GABA receptor binding	1	1	0.8	0.801	1	MF
GO:0030332	cyclin binding	1	1	0.8	0.801	1	MF
GO:0097322	7SK snRNA binding	1	1	0.8	0.801	1	MF
GO:0004827	proline-tRNA ligase activity	1	1	0.8	0.801	1	MF
GO:0004014	adenosylmethionine decarboxylase activit...	1	1	0.8	0.801	1	MF
GO:0032052	bile acid binding	1	1	0.8	0.801	1	MF
GO:0004016	adenylate cyclase activity	1	1	0.8	0.801	1	MF
GO:0036033	mediator complex binding	1	1	0.8	0.801	1	MF
GO:0047395	glycerophosphoinositol glycerophosphodie...	1	1	0.8	0.801	1	MF
GO:0050840	extracellular matrix binding	1	1	0.8	0.801	1	MF
GO:0031883	taste receptor binding	1	1	0.8	0.801	1	MF
GO:0003847	1-alkyl-2-acetylglycerophosphocholine es...	1	1	0.8	0.801	1	MF
GO:0004416	hydroxyacylglutathione hydrolase activit...	1	1	0.8	0.801	1	MF
GO:0032452	histone demethylase activity	1	1	0.8	0.801	1	MF
GO:0140299	small molecule sensor activity	1	1	0.8	0.801	1	MF
GO:0032453	histone H3-methyl-lysine-4 demethylase a...	1	1	0.8	0.801	1	MF
GO:0004812	aminoacyl-tRNA ligase activity	1	1	0.8	0.801	1	MF
GO:0043236	laminin binding	1	1	0.8	0.801	1	MF
GO:0004818	glutamate-tRNA ligase activity	1	1	0.8	0.801	1	MF
GO:1905538	polysome binding	1	1	0.8	0.801	1	MF
GO:0004445	inositol-polyphosphate 5-phosphatase act...	1	1	0.8	0.801	1	MF
GO:0051959	dynein light intermediate chain binding	1	1	0.8	0.801	1	MF
GO:0005151	interleukin-1, type II receptor binding	1	1	0.8	0.801	1	MF
GO:0035004	phosphatidylinositol 3-kinase activity	1	1	0.8	0.801	1	MF
GO:0005154	epidermal growth factor receptor binding	1	1	0.8	0.801	1	MF
GO:0004033	aldo-keto reductase (NADP) activity	1	1	0.8	0.801	1	MF
GO:0004035	alkaline phosphatase activity	1	1	0.8	0.801	1	MF
GO:1990760	osmolarity-sensing cation channel activi...	1	1	0.8	0.801	1	MF
GO:0008190	eukaryotic initiation factor 4E binding	1	1	0.8	0.801	1	MF
GO:0019869	chloride channel inhibitor activity	1	1	0.8	0.801	1	MF
GO:0009931	calcium-dependent protein serine/threoni...	1	1	0.8	0.801	1	MF
GO:0042605	peptide antigen binding	1	1	0.8	0.801	1	MF
GO:0004439	phosphatidylinositol-4,5-bisphosphate 5-...	1	1	0.8	0.801	1	MF
GO:0008597	calcium-dependent protein serine/threoni...	1	1	0.8	0.801	1	MF
GO:0004839	ubiquitin activating enzyme activity	1	1	0.8	0.801	1	MF
GO:0036002	pre-mRNA binding	1	1	0.8	0.801	1	MF
GO:0016303	1-phosphatidylinositol-3-kinase activity	1	1	0.8	0.801	1	MF
GO:0036402	proteasome-activating activity	1	1	0.8	0.801	1	MF
GO:1990381	ubiquitin-specific protease binding	1	1	0.8	0.801	1	MF
GO:0032427	GBD domain binding	1	1	0.8	0.801	1	MF
GO:0080084	5S rDNA binding	1	1	0.8	0.801	1	MF
GO:0001595	angiotensin receptor activity	1	1	0.8	0.801	1	MF
GO:0005123	death receptor binding	1	1	0.8	0.801	1	MF
GO:0048763	calcium-induced calcium release activity	1	1	0.8	0.801	1	MF
GO:0005522	profilin binding	1	1	0.8	0.801	1	MF
GO:0031434	mitogen-activated protein kinase kinase ...	1	1	0.8	0.801	1	MF
GO:0005523	tropomyosin binding	1	1	0.8	0.801	1	MF
GO:0031435	mitogen-activated protein kinase kinase ...	1	1	0.8	0.801	1	MF
GO:0070905	serine binding	1	1	0.8	0.801	1	MF
GO:0035198	miRNA binding	1	1	0.8	0.801	1	MF
GO:0045340	mercury ion binding	1	1	0.8	0.801	1	MF
GO:0047372	acylglycerol lipase activity	1	1	0.8	0.801	1	MF
GO:0004809	tRNA (guanine-N2-)-methyltransferase act...	1	1	0.8	0.801	1	MF
GO:0140272	exogenous protein binding	1	1	0.8	0.801	1	MF
GO:0043395	heparan sulfate proteoglycan binding	1	1	0.8	0.801	1	MF
GO:0019825	oxygen binding	1	1	0.8	0.801	1	MF
GO:0008967	phosphoglycolate phosphatase activity	1	1	0.8	0.801	1	MF
GO:0043398	HLH domain binding	1	1	0.8	0.801	1	MF
GO:0016496	substance P receptor activity	1	1	0.8	0.801	1	MF
GO:0016891	endoribonuclease activity, producing 5'-...	1	1	0.8	0.801	1	MF
GO:0016497	substance K receptor activity	1	1	0.8	0.801	1	MF
GO:0016893	endonuclease activity, active with eithe...	1	1	0.8	0.801	1	MF
GO:0019810	putrescine binding	1	1	0.8	0.801	1	MF
GO:0016899	oxidoreductase activity, acting on the C...	1	1	0.8	0.801	1	MF
GO:0005149	interleukin-1 receptor binding	1	1	0.8	0.801	1	MF
GO:0050196	[phosphorylase] phosphatase activity	1	1	0.8	0.801	1	MF
GO:0000049	tRNA binding	1	1	0.8	0.801	1	MF
GO:0001565	phorbol ester receptor activity	1	1	0.8	0.801	1	MF
GO:0005545	1-phosphatidylinositol binding	1	1	0.8	0.801	1	MF
GO:0005549	odorant binding	1	1	0.8	0.801	1	MF
GO:0000030	mannosyltransferase activity	1	1	0.8	0.801	1	MF
GO:0001968	fibronectin binding	1	1	0.8	0.801	1	MF
GO:0019840	isoprenoid binding	1	1	0.8	0.801	1	MF
GO:0034040	ATPase-coupled lipid transmembrane trans...	1	1	0.8	0.801	1	MF
GO:0034041	ABC-type sterol transporter activity	1	1	0.8	0.801	1	MF
GO:0004190	aspartic-type endopeptidase activity	1	1	0.8	0.801	1	MF
GO:0031404	chloride ion binding	1	1	0.8	0.801	1	MF
GO:0005138	interleukin-6 receptor binding	1	1	0.8	0.801	1	MF
GO:0005534	galactose binding	1	1	0.8	0.801	1	MF
GO:0002162	dystroglycan binding	1	1	0.8	0.801	1	MF
GO:0080048	GDP-D-glucose phosphorylase activity	1	1	0.8	0.801	1	MF
GO:0005537	mannose binding	1	1	0.8	0.801	1	MF
GO:0008574	plus-end-directed microtubule motor acti...	1	1	0.8	0.801	1	MF
GO:0004594	pantothenate kinase activity	1	1	0.8	0.801	1	MF
GO:0047341	fucose-1-phosphate guanylyltransferase a...	1	1	0.8	0.801	1	MF
GO:0047349	D-ribitol-5-phosphate cytidylyltransfera...	1	1	0.8	0.801	1	MF
GO:1901505	carbohydrate derivative transmembrane tr...	1	1	0.8	0.801	1	MF
GO:0017069	snRNA binding	1	1	0.8	0.801	1	MF
GO:0005501	retinoid binding	1	1	0.8	0.801	1	MF
GO:0008140	cAMP response element binding protein bi...	1	1	0.8	0.801	1	MF
GO:0005502	11-cis retinal binding	1	1	0.8	0.801	1	MF
GO:0008142	oxysterol binding	1	1	0.8	0.801	1	MF
GO:0044769	ATPase activity, coupled to transmembran...	1	1	0.8	0.801	1	MF
GO:0008143	poly(A) binding	1	1	0.8	0.801	1	MF
GO:0016880	acid-ammonia (or amide) ligase activity	1	1	0.8	0.801	1	MF
GO:0004560	alpha-L-fucosidase activity	1	1	0.8	0.801	1	MF
GO:0003953	NAD+ nucleosidase activity	1	1	0.8	0.801	1	MF
GO:0004561	alpha-N-acetylglucosaminidase activity	1	1	0.8	0.801	1	MF
GO:0070259	tyrosyl-DNA phosphodiesterase activity	1	1	0.8	0.801	1	MF
GO:0008940	nitrate reductase activity	1	1	0.8	0.801	1	MF
GO:0004566	beta-glucuronidase activity	1	1	0.8	0.801	1	MF
GO:0031996	thioesterase binding	1	1	0.8	0.801	1	MF
GO:0019808	polyamine binding	1	1	0.8	0.801	1	MF
GO:0004550	nucleoside diphosphate kinase activity	1	1	0.8	0.801	1	MF
GO:0016875	ligase activity, forming carbon-oxygen b...	1	1	0.8	0.801	1	MF
GO:0061811	ADP-ribosyl cyclase activity	1	1	0.8	0.801	1	MF
GO:0061812	cyclic ADP-ribose hydrolase	1	1	0.8	0.801	1	MF
GO:0004557	alpha-galactosidase activity	1	1	0.8	0.801	1	MF
GO:0004559	alpha-mannosidase activity	1	1	0.8	0.801	1	MF
GO:0043325	phosphatidylinositol-3,4-bisphosphate bi...	1	1	0.8	0.801	1	MF
GO:0004181	metallocarboxypeptidase activity	1	1	0.8	0.801	1	MF
GO:0010314	phosphatidylinositol-5-phosphate binding	1	1	0.8	0.801	1	MF
GO:0016427	tRNA (cytosine) methyltransferase activi...	1	1	0.8	0.801	1	MF
GO:0004185	serine-type carboxypeptidase activity	1	1	0.8	0.801	1	MF
GO:0035514	DNA demethylase activity	1	1	0.8	0.801	1	MF
GO:0016428	tRNA (cytosine-5-)-methyltransferase act...	1	1	0.8	0.801	1	MF
GO:0035516	oxidative DNA demethylase activity	1	1	0.8	0.801	1	MF
GO:0010340	carboxyl-O-methyltransferase activity	1	1	0.8	0.801	1	MF
GO:0033192	calmodulin-dependent protein phosphatase...	1	1	0.8	0.801	1	MF
GO:0016417	S-acyltransferase activity	1	1	0.8	0.801	1	MF
GO:0016812	hydrolase activity, acting on carbon-nit...	1	1	0.8	0.801	1	MF
GO:0009678	pyrophosphate hydrolysis-driven proton t...	1	1	0.8	0.801	1	MF
GO:0004176	ATP-dependent peptidase activity	1	1	0.8	0.801	1	MF
GO:0004571	mannosyl-oligosaccharide 1,2-alpha-manno...	1	1	0.8	0.801	1	MF
GO:0004576	oligosaccharyl transferase activity	1	1	0.8	0.801	1	MF
GO:0019199	transmembrane receptor protein kinase ac...	1	1	0.8	0.801	1	MF
GO:0004579	dolichyl-diphosphooligosaccharide-protei...	1	1	0.8	0.801	1	MF
GO:0000994	RNA polymerase III core binding	1	1	0.8	0.801	1	MF
GO:0070628	proteasome binding	1	1	0.8	0.801	1	MF
GO:0034190	apolipoprotein receptor binding	1	1	0.8	0.801	1	MF
GO:0034191	apolipoprotein A-I receptor binding	1	1	0.8	0.801	1	MF
GO:0003913	DNA photolyase activity	1	1	0.8	0.801	1	MF
GO:0008108	UDP-glucose:hexose-1-phosphate uridylylt...	1	1	0.8	0.801	1	MF
GO:0004526	ribonuclease P activity	1	1	0.8	0.801	1	MF
GO:0034594	phosphatidylinositol trisphosphate phosp...	1	1	0.8	0.801	1	MF
GO:0031957	very long-chain fatty acid-CoA ligase ac...	1	1	0.8	0.801	1	MF
GO:0044715	8-oxo-dGDP phosphatase activity	1	1	0.8	0.801	1	MF
GO:0034595	phosphatidylinositol phosphate 5-phospha...	1	1	0.8	0.801	1	MF
GO:0034596	phosphatidylinositol phosphate 4-phospha...	1	1	0.8	0.801	1	MF
GO:0050145	nucleoside monophosphate kinase activity	1	1	0.8	0.801	1	MF
GO:0016434	rRNA (cytosine) methyltransferase activi...	1	1	0.8	0.801	1	MF
GO:0008906	inosine kinase activity	1	1	0.8	0.801	1	MF
GO:0004112	cyclic-nucleotide phosphodiesterase acti...	1	1	0.8	0.801	1	MF
GO:0047498	calcium-dependent phospholipase A2 activ...	1	1	0.8	0.801	1	MF
GO:0004114	3',5'-cyclic-nucleotide phosphodiesteras...	1	1	0.8	0.801	1	MF
GO:0016835	carbon-oxygen lyase activity	1	1	0.8	0.801	1	MF
GO:0016836	hydro-lyase activity	1	1	0.8	0.801	1	MF
GO:0003948	N4-(beta-N-acetylglucosaminyl)-L-asparag...	1	1	0.8	0.801	1	MF
GO:0032183	SUMO binding	1	1	0.8	0.801	1	MF
GO:0005250	A-type (transient outward) potassium cha...	1	1	0.8	0.801	1	MF
GO:0005252	open rectifier potassium channel activit...	1	1	0.8	0.801	1	MF
GO:0004549	tRNA-specific ribonuclease activity	1	1	0.8	0.801	1	MF
GO:0044736	acid-sensing ion channel activity	1	1	0.8	0.801	1	MF
GO:0004132	dCMP deaminase activity	1	1	0.8	0.801	1	MF
GO:0008294	calcium- and calmodulin-responsive adeny...	1	1	0.8	0.801	1	MF
GO:0004949	cannabinoid receptor activity	1	1	0.8	0.801	1	MF
GO:0019153	protein-disulfide reductase (glutathione...	1	1	0.8	0.801	1	MF
GO:0005283	amino acid:sodium symporter activity	1	1	0.8	0.801	1	MF
GO:0016004	phospholipase activator activity	1	1	0.8	0.801	1	MF
GO:0000182	rDNA binding	1	1	0.8	0.801	1	MF
GO:1990459	transferrin receptor binding	1	1	0.8	0.801	1	MF
GO:0019955	cytokine binding	1	1	0.8	0.801	1	MF
GO:0016409	palmitoyltransferase activity	1	1	0.8	0.801	1	MF
GO:0016805	dipeptidase activity	1	1	0.8	0.801	1	MF
GO:0005277	acetylcholine transmembrane transporter ...	1	1	0.8	0.801	1	MF
GO:0140359	ABC-type transporter activity	1	1	0.8	0.801	1	MF
GO:0000171	ribonuclease MRP activity	1	1	0.8	0.801	1	MF
GO:0017005	3'-tyrosyl-DNA phosphodiesterase activit...	1	1	0.8	0.801	1	MF
GO:0003904	deoxyribodipyrimidine photo-lyase activi...	1	1	0.8	0.801	1	MF
GO:0034185	apolipoprotein binding	1	1	0.8	0.801	1	MF
GO:1901618	organic hydroxy compound transmembrane t...	1	1	0.8	0.801	1	MF
GO:0005228	intracellular sodium activated potassium...	1	1	0.8	0.801	1	MF
GO:0099583	neurotransmitter receptor activity invol...	1	1	0.8	0.801	1	MF
GO:0004105	choline-phosphate cytidylyltransferase a...	1	1	0.8	0.801	1	MF
GO:0052629	phosphatidylinositol-3,5-bisphosphate 3-...	1	1	0.8	0.801	1	MF
GO:0032542	sulfiredoxin activity	1	1	0.8	0.801	1	MF
GO:1904288	BAT3 complex binding	1	1	0.8	0.801	1	MF
GO:0016594	glycine binding	1	1	0.8	0.801	1	MF
GO:0048487	beta-tubulin binding	1	1	0.8	0.801	1	MF
GO:0050692	DNA binding domain binding	1	1	0.8	0.801	1	MF
GO:0003696	satellite DNA binding	1	1	0.8	0.801	1	MF
GO:0072349	modified amino acid transmembrane transp...	1	1	0.8	0.801	1	MF
GO:0050699	WW domain binding	1	1	0.8	0.801	1	MF
GO:0034513	box H/ACA snoRNA binding	1	1	0.8	0.801	1	MF
GO:0046030	inositol trisphosphate phosphatase activ...	1	1	0.8	0.801	1	MF
GO:0010461	light-activated ion channel activity	1	1	0.8	0.801	1	MF
GO:0140318	protein transporter activity	1	1	0.8	0.801	1	MF
GO:0048027	mRNA 5'-UTR binding	1	1	0.8	0.801	1	MF
GO:0019534	toxin transmembrane transporter activity	1	1	0.8	0.801	1	MF
GO:0015556	C4-dicarboxylate transmembrane transport...	1	1	0.8	0.801	1	MF
GO:0030151	molybdenum ion binding	1	1	0.8	0.801	1	MF
GO:0010852	cyclase inhibitor activity	1	1	0.8	0.801	1	MF
GO:0010853	cyclase activator activity	1	1	0.8	0.801	1	MF
GO:0010854	adenylate cyclase regulator activity	1	1	0.8	0.801	1	MF
GO:0015183	L-aspartate transmembrane transporter ac...	1	1	0.8	0.801	1	MF
GO:0010855	adenylate cyclase inhibitor activity	1	1	0.8	0.801	1	MF
GO:0015184	L-cystine transmembrane transporter acti...	1	1	0.8	0.801	1	MF
GO:0010857	calcium-dependent protein kinase activit...	1	1	0.8	0.801	1	MF
GO:0010858	calcium-dependent protein kinase regulat...	1	1	0.8	0.801	1	MF
GO:0099530	G protein-coupled receptor activity invo...	1	1	0.8	0.801	1	MF
GO:0061980	regulatory RNA binding	1	1	0.8	0.801	1	MF
GO:0050265	RNA uridylyltransferase activity	1	1	0.8	0.801	1	MF
GO:0050660	flavin adenine dinucleotide binding	1	1	0.8	0.801	1	MF
GO:0010484	H3 histone acetyltransferase activity	1	1	0.8	0.801	1	MF
GO:0050664	oxidoreductase activity, acting on NAD(P...	1	1	0.8	0.801	1	MF
GO:0005200	structural constituent of cytoskeleton	1	1	0.8	0.801	1	MF
GO:0015172	acidic amino acid transmembrane transpor...	1	1	0.8	0.801	1	MF
GO:0017162	aryl hydrocarbon receptor binding	1	1	0.8	0.801	1	MF
GO:0001222	transcription corepressor binding	1	1	0.8	0.801	1	MF
GO:0017168	5-oxoprolinase (ATP-hydrolyzing) activit...	1	1	0.8	0.801	1	MF
GO:0090482	vitamin transmembrane transporter activi...	1	1	0.8	0.801	1	MF
GO:0008641	ubiquitin-like modifier activating enzym...	1	1	0.8	0.801	1	MF
GO:0017153	sodium:dicarboxylate symporter activity	1	1	0.8	0.801	1	MF
GO:0017154	semaphorin receptor activity	1	1	0.8	0.801	1	MF
GO:0008649	rRNA methyltransferase activity	1	1	0.8	0.801	1	MF
GO:0016174	NAD(P)H oxidase H2O2-forming activity	1	1	0.8	0.801	1	MF
GO:0035226	glutamate-cysteine ligase catalytic subu...	1	1	0.8	0.801	1	MF
GO:0050681	nuclear androgen receptor binding	1	1	0.8	0.801	1	MF
GO:0015923	mannosidase activity	1	1	0.8	0.801	1	MF
GO:0030976	thiamine pyrophosphate binding	1	1	0.8	0.801	1	MF
GO:0015924	mannosyl-oligosaccharide mannosidase act...	1	1	0.8	0.801	1	MF
GO:0001618	virus receptor activity	1	1	0.8	0.801	1	MF
GO:0015111	iodide transmembrane transporter activit...	1	1	0.8	0.801	1	MF
GO:0015925	galactosidase activity	1	1	0.8	0.801	1	MF
GO:0008239	dipeptidyl-peptidase activity	1	1	0.8	0.801	1	MF
GO:0015114	phosphate ion transmembrane transporter ...	1	1	0.8	0.801	1	MF
GO:0015928	fucosidase activity	1	1	0.8	0.801	1	MF
GO:0015929	hexosaminidase activity	1	1	0.8	0.801	1	MF
GO:0140303	intramembrane lipid transporter activity	1	1	0.8	0.801	1	MF
GO:0016971	flavin-linked sulfhydryl oxidase activit...	1	1	0.8	0.801	1	MF
GO:0016972	thiol oxidase activity	1	1	0.8	0.801	1	MF
GO:0042813	Wnt receptor activity	1	1	0.8	0.801	1	MF
GO:0001640	adenylate cyclase inhibiting G protein-c...	1	1	0.8	0.801	1	MF
GO:0043423	3-phosphoinositide-dependent protein kin...	1	1	0.8	0.801	1	MF
GO:0001641	group II metabotropic glutamate receptor...	1	1	0.8	0.801	1	MF
GO:0097157	pre-mRNA intronic binding	1	1	0.8	0.801	1	MF
GO:0001642	group III metabotropic glutamate recepto...	1	1	0.8	0.801	1	MF
GO:0090422	thiamine pyrophosphate transmembrane tra...	1	1	0.8	0.801	1	MF
GO:0016520	growth hormone-releasing hormone recepto...	1	1	0.8	0.801	1	MF
GO:0003678	DNA helicase activity	1	1	0.8	0.801	1	MF
GO:0015142	tricarboxylic acid transmembrane transpo...	1	1	0.8	0.801	1	MF
GO:0042030	ATPase inhibitor activity	1	1	0.8	0.801	1	MF
GO:0004689	phosphorylase kinase activity	1	1	0.8	0.801	1	MF
GO:0070325	lipoprotein particle receptor binding	1	1	0.8	0.801	1	MF
GO:0016929	deSUMOylase activity	1	1	0.8	0.801	1	MF
GO:0001635	calcitonin gene-related peptide receptor...	1	1	0.8	0.801	1	MF
GO:0043812	phosphatidylinositol-4-phosphate phospha...	1	1	0.8	0.801	1	MF
GO:0001639	PLC activating G protein-coupled glutama...	1	1	0.8	0.801	1	MF
GO:0030144	alpha-1,6-mannosylglycoprotein 6-beta-N-...	1	1	0.8	0.801	1	MF
GO:0070728	leucine binding	1	1	0.8	0.801	1	MF
GO:0017128	phospholipid scramblase activity	1	1	0.8	0.801	1	MF
GO:0008201	heparin binding	1	1	0.8	0.801	1	MF
GO:0030548	acetylcholine receptor regulator activit...	1	1	0.8	0.801	1	MF
GO:0016918	retinal binding	1	1	0.8	0.801	1	MF
GO:0030549	acetylcholine receptor activator activit...	1	1	0.8	0.801	1	MF
GO:0030946	protein tyrosine phosphatase activity, m...	1	1	0.8	0.801	1	MF
GO:0070717	poly-purine tract binding	1	1	0.8	0.801	1	MF
GO:0089720	caspase binding	1	1	0.8	0.801	1	MF
GO:0043035	chromatin insulator sequence binding	1	1	0.8	0.801	1	MF
GO:0008607	phosphorylase kinase regulator activity	1	1	0.8	0.801	1	MF
GO:0098988	G protein-coupled glutamate receptor act...	1	1	0.8	0.801	1	MF
GO:0031683	G-protein beta/gamma-subunit complex bin...	1	1	0.8	0.801	1	MF
GO:0004611	phosphoenolpyruvate carboxykinase activi...	1	1	0.8	0.801	1	MF
GO:0031685	adenosine receptor binding	1	1	0.8	0.801	1	MF
GO:0004613	phosphoenolpyruvate carboxykinase (GTP) ...	1	1	0.8	0.801	1	MF
GO:0031687	A2A adenosine receptor binding	1	1	0.8	0.801	1	MF
GO:0005368	taurine transmembrane transporter activi...	1	1	0.8	0.801	1	MF
GO:0005369	taurine:sodium symporter activity	1	1	0.8	0.801	1	MF
GO:0017147	Wnt-protein binding	1	1	0.8	0.801	1	MF
GO:1904399	heparan sulfate binding	1	1	0.8	0.801	1	MF
GO:0001609	G protein-coupled adenosine receptor act...	1	1	0.8	0.801	1	MF
GO:0004645	1,4-alpha-oligoglucan phosphorylase acti...	1	1	0.8	0.801	1	MF
GO:0015501	glutamate:sodium symporter activity	1	1	0.8	0.801	1	MF
GO:0051371	muscle alpha-actinin binding	1	1	0.8	0.801	1	MF
GO:0042806	fucose binding	1	1	0.8	0.801	1	MF
GO:1901375	acetate ester transmembrane transporter ...	1	1	0.8	0.801	1	MF
GO:0046961	proton-transporting ATPase activity, rot...	1	1	0.8	0.801	1	MF
GO:0071889	14-3-3 protein binding	1	1	0.8	0.801	1	MF
GO:0042809	nuclear vitamin D receptor binding	1	1	0.8	0.801	1	MF
GO:0046966	nuclear thyroid hormone receptor binding	1	1	0.8	0.801	1	MF
GO:0005371	tricarboxylate secondary active transmem...	1	1	0.8	0.801	1	MF
GO:0071424	rRNA (cytosine-N4-)-methyltransferase ac...	1	1	0.8	0.801	1	MF
GO:0070300	phosphatidic acid binding	1	1	0.8	0.801	1	MF
GO:0140457	protein demethylase activity	1	1	0.8	0.801	1	MF
GO:0047555	3',5'-cyclic-GMP phosphodiesterase activ...	1	1	0.8	0.801	1	MF
GO:0098531	ligand-activated transcription factor ac...	1	1	0.8	0.801	1	MF
GO:0005310	dicarboxylic acid transmembrane transpor...	1	1	0.8	0.801	1	MF
GO:0005313	L-glutamate transmembrane transporter ac...	1	1	0.8	0.801	1	MF
GO:0030291	protein serine/threonine kinase inhibito...	1	1	0.8	0.801	1	MF
GO:0005314	high-affinity L-glutamate transmembrane ...	1	1	0.8	0.801	1	MF
GO:0004601	peroxidase activity	1	1	0.8	0.801	1	MF
GO:0004602	glutathione peroxidase activity	1	1	0.8	0.801	1	MF
GO:0097108	hedgehog family protein binding	1	1	0.8	0.801	1	MF
GO:0005343	organic acid:sodium symporter activity	1	1	0.8	0.801	1	MF
GO:0047179	platelet-activating factor acetyltransfe...	1	1	0.8	0.801	1	MF
GO:0019212	phosphatase inhibitor activity	1	1	0.8	0.801	1	MF
GO:0019215	intermediate filament binding	1	1	0.8	0.801	1	MF
GO:0052742	phosphatidylinositol kinase activity	1	1	0.8	0.801	1	MF
GO:0008384	IkappaB kinase activity	1	1	0.8	0.801	1	MF
GO:0043998	H2A histone acetyltransferase activity	1	1	0.8	0.801	1	MF
GO:0045134	UDP phosphatase activity	1	1	0.8	0.801	1	MF
GO:0005338	nucleotide-sugar transmembrane transport...	1	1	0.8	0.801	1	MF
GO:0008375	acetylglucosaminyltransferase activity	1	1	0.8	0.801	1	MF
GO:0008376	acetylgalactosaminyltransferase activity	1	1	0.8	0.801	1	MF
GO:0004791	thioredoxin-disulfide reductase activity	1	1	0.8	0.801	1	MF
GO:0031208	POZ domain binding	1	1	0.8	0.801	1	MF
GO:0008320	protein transmembrane transporter activi...	1	1	0.8	0.801	1	MF
GO:0015651	quaternary ammonium group transmembrane ...	1	1	0.8	0.801	1	MF
GO:0001786	phosphatidylserine binding	1	1	0.8	0.801	1	MF
GO:0034647	histone H3-tri/di/monomethyl-lysine-4 de...	1	1	0.8	0.801	1	MF
GO:0046934	phosphatidylinositol-4,5-bisphosphate 3-...	1	1	0.8	0.801	1	MF
GO:0030250	guanylate cyclase activator activity	1	1	0.8	0.801	1	MF
GO:0016661	oxidoreductase activity, acting on other...	1	1	0.8	0.801	1	MF
GO:0015280	ligand-gated sodium channel activity	1	1	0.8	0.801	1	MF
GO:0140035	ubiquitination-like modification-depende...	1	1	0.8	0.801	1	MF
GO:0140036	ubiquitin-dependent protein binding	1	1	0.8	0.801	1	MF
GO:0022884	macromolecule transmembrane transporter ...	1	1	0.8	0.801	1	MF
GO:0042959	alkanesulfonate transmembrane transporte...	1	1	0.8	0.801	1	MF
GO:0034236	protein kinase A catalytic subunit bindi...	1	1	0.8	0.801	1	MF
GO:0070064	proline-rich region binding	1	1	0.8	0.801	1	MF
GO:0045505	dynein intermediate chain binding	1	1	0.8	0.801	1	MF
GO:1900750	oligopeptide binding	1	1	0.8	0.801	1	MF
GO:0050750	low-density lipoprotein particle recepto...	1	1	0.8	0.801	1	MF
GO:0004363	glutathione synthase activity	1	1	0.8	0.801	1	MF
GO:0015279	store-operated calcium channel activity	1	1	0.8	0.801	1	MF
GO:0004366	glycerol-3-phosphate O-acyltransferase a...	1	1	0.8	0.801	1	MF
GO:0015220	choline transmembrane transporter activi...	1	1	0.8	0.801	1	MF
GO:0030274	LIM domain binding	1	1	0.8	0.801	1	MF
GO:0004768	stearoyl-CoA 9-desaturase activity	1	1	0.8	0.801	1	MF
GO:0030276	clathrin binding	1	1	0.8	0.801	1	MF
GO:0035325	Toll-like receptor binding	1	1	0.8	0.801	1	MF
GO:0008332	low voltage-gated calcium channel activi...	1	1	0.8	0.801	1	MF
GO:0003785	actin monomer binding	1	1	0.8	0.801	1	MF
GO:0004356	glutamate-ammonia ligase activity	1	1	0.8	0.801	1	MF
GO:0043175	RNA polymerase core enzyme binding	1	1	0.8	0.801	1	MF
GO:0004357	glutamate-cysteine ligase activity	1	1	0.8	0.801	1	MF
GO:0016670	oxidoreductase activity, acting on a sul...	1	1	0.8	0.801	1	MF
GO:0016671	oxidoreductase activity, acting on a sul...	1	1	0.8	0.801	1	MF
GO:0032795	heterotrimeric G-protein binding	1	1	0.8	0.801	1	MF
GO:0015215	nucleotide transmembrane transporter act...	1	1	0.8	0.801	1	MF
GO:0004383	guanylate cyclase activity	1	1	0.8	0.801	1	MF
GO:0005092	GDP-dissociation inhibitor activity	1	1	0.8	0.801	1	MF
GO:0015218	pyrimidine nucleotide transmembrane tran...	1	1	0.8	0.801	1	MF
GO:0003777	microtubule motor activity	1	1	0.8	0.801	1	MF
GO:0004385	guanylate kinase activity	1	1	0.8	0.801	1	MF
GO:0099602	neurotransmitter receptor regulator acti...	1	1	0.8	0.801	1	MF
GO:0042910	xenobiotic transmembrane transporter act...	1	1	0.8	0.801	1	MF
GO:0005095	GTPase inhibitor activity	1	1	0.8	0.801	1	MF
GO:0004784	superoxide dismutase activity	1	1	0.8	0.801	1	MF
GO:0015245	fatty acid transmembrane transporter act...	1	1	0.8	0.801	1	MF
GO:0016211	ammonia ligase activity	1	1	0.8	0.801	1	MF
GO:0004376	glycolipid mannosyltransferase activity	1	1	0.8	0.801	1	MF
GO:0015645	fatty acid ligase activity	1	1	0.8	0.801	1	MF
GO:0033797	selenate reductase activity	1	1	0.8	0.801	1	MF
GO:0016215	acyl-CoA desaturase activity	1	1	0.8	0.801	1	MF
GO:0043515	kinetochore binding	1	1	0.8	0.801	1	MF
GO:0042134	rRNA primary transcript binding	1	1	0.8	0.801	1	MF
GO:0015234	thiamine transmembrane transporter activ...	1	1	0.8	0.801	1	MF
GO:0030247	polysaccharide binding	1	1	0.8	0.801	1	MF
GO:0004322	ferroxidase activity	1	1	0.8	0.801	1	MF
GO:0070016	armadillo repeat domain binding	1	1	0.8	0.801	1	MF
GO:0031750	D3 dopamine receptor binding	1	1	0.8	0.801	1	MF
GO:0030249	guanylate cyclase regulator activity	1	1	0.8	0.801	1	MF
GO:0031751	D4 dopamine receptor binding	1	1	0.8	0.801	1	MF
GO:0009019	tRNA (guanine-N1-)-methyltransferase act...	1	1	0.8	0.801	1	MF
GO:0090541	MIT domain binding	1	1	0.8	0.801	1	MF
GO:0043546	molybdopterin cofactor binding	1	1	0.8	0.801	1	MF
GO:1990699	palmitoleyl hydrolase activity	1	1	0.8	0.801	1	MF
GO:1904091	non-ribosomal peptide synthetase activit...	1	1	0.8	0.801	1	MF
GO:0051059	NF-kappaB binding	1	1	0.8	0.801	1	MF
GO:0070840	dynein complex binding	1	1	0.8	0.801	1	MF
GO:0043136	glycerol-3-phosphatase activity	1	1	0.8	0.801	1	MF
GO:0005068	transmembrane receptor protein tyrosine ...	1	1	0.8	0.801	1	MF
GO:0004714	transmembrane receptor protein tyrosine ...	1	1	0.8	0.801	1	MF
GO:0004719	protein-L-isoaspartate (D-aspartate) O-m...	1	1	0.8	0.801	1	MF
GO:0004740	pyruvate dehydrogenase (acetyl-transferr...	1	1	0.8	0.801	1	MF
GO:0031775	lutropin-choriogonadotropic hormone rece...	1	1	0.8	0.801	1	MF
GO:0051880	G-quadruplex DNA binding	1	1	0.8	0.801	1	MF
GO:0008093	cytoskeletal anchor activity	1	1	0.8	0.801	1	MF
GO:0098623	selenite reductase activity	1	1	0.8	0.801	1	MF
GO:0042500	aspartic endopeptidase activity, intrame...	1	1	0.8	0.801	1	MF
GO:0098625	methylselenol reductase activity	1	1	0.8	0.801	1	MF
GO:0008097	5S rRNA binding	1	1	0.8	0.801	1	MF
GO:0098626	methylseleninic acid reductase activity	1	1	0.8	0.801	1	MF
GO:0097642	calcitonin family receptor activity	1	1	0.8	0.801	1	MF
GO:1901474	azole transmembrane transporter activity	1	1	0.8	0.801	1	MF
GO:0097644	calcitonin family binding	1	1	0.8	0.801	1	MF
GO:0097645	amylin binding	1	1	0.8	0.801	1	MF
GO:0051022	Rho GDP-dissociation inhibitor binding	1	1	0.8	0.801	1	MF
GO:0001091	RNA polymerase II general transcription ...	1	1	0.8	0.801	1	MF
GO:0001094	TFIID-class transcription factor complex...	1	1	0.8	0.801	1	MF
GO:0051425	PTB domain binding	1	1	0.8	0.801	1	MF
GO:0001098	basal transcription machinery binding	1	1	0.8	0.801	1	MF
GO:0005078	MAP-kinase scaffold activity	1	1	0.8	0.801	1	MF
GO:0001099	basal RNA polymerase II transcription ma...	1	1	0.8	0.801	1	MF
GO:0016208	AMP binding	1	1	0.8	0.801	1	MF
GO:0070001	aspartic-type peptidase activity	1	1	0.8	0.801	1	MF
GO:0051010	microtubule plus-end binding	1	1	0.8	0.801	1	MF
GO:0019784	deNEDDylase activity	1	1	0.8	0.801	1	MF
GO:0070006	metalloaminopeptidase activity	1	1	0.8	0.801	1	MF
GO:0005021	vascular endothelial growth factor recep...	1	1	0.8	0.801	1	MF
GO:0070008	serine-type exopeptidase activity	1	1	0.8	0.801	1	MF
GO:0003707	nuclear steroid receptor activity	1	1	0.8	0.801	1	MF
GO:0008066	glutamate receptor activity	1	1	0.8	0.801	1	MF
GO:0035497	cAMP response element binding	1	1	0.8	0.801	1	MF
GO:0019778	Atg12 activating enzyme activity	1	1	0.8	0.801	1	MF
GO:0019779	Atg8 activating enzyme activity	1	1	0.8	0.801	1	MF
GO:0005416	amino acid:cation symporter activity	1	1	0.8	0.801	1	MF
GO:0010698	acetyltransferase activator activity	1	1	0.8	0.801	1	MF
GO:0016790	thiolester hydrolase activity	1	1	0.8	0.801	1	MF
GO:0052813	phosphatidylinositol bisphosphate kinase...	1	1	0.8	0.801	1	MF
GO:0097602	cullin family protein binding	1	1	0.8	0.801	1	MF
GO:0043295	glutathione binding	1	1	0.8	0.801	1	MF
GO:0097604	temperature-gated cation channel activit...	1	1	0.8	0.801	1	MF
GO:0005048	signal sequence binding	1	1	0.8	0.801	1	MF
GO:0001069	regulatory region RNA binding	1	1	0.8	0.801	1	MF
GO:0005049	nuclear export signal receptor activity	1	1	0.8	0.801	1	MF
GO:0060229	lipase activator activity	1	1	0.8	0.801	1	MF
GO:0047220	galactosylxylosylprotein 3-beta-galactos...	1	1	0.8	0.801	1	MF
GO:0005034	osmosensor activity	1	1	0.8	0.801	1	MF
GO:0050897	cobalt ion binding	1	1	0.8	0.801	1	MF
GO:0047623	adenosine-phosphate deaminase activity	1	1	0.8	0.801	1	MF
GO:0005436	sodium:phosphate symporter activity	1	1	0.8	0.801	1	MF
GO:0008889	glycerophosphodiester phosphodiesterase ...	1	1	0.8	0.801	1	MF
GO:0031701	angiotensin receptor binding	1	1	0.8	0.801	1	MF
GO:0031702	type 1 angiotensin receptor binding	1	1	0.8	0.801	1	MF
GO:0140142	nucleocytoplasmic carrier activity	1	1	0.8	0.801	1	MF
GO:0106018	phosphatidylinositol-3,5-bisphosphate ph...	1	1	0.8	0.801	1	MF
GO:0106019	phosphatidylinositol-4,5-bisphosphate ph...	1	1	0.8	0.801	1	MF
GO:0008427	calcium-dependent protein kinase inhibit...	1	1	0.8	0.801	1	MF
GO:0030331	nuclear estrogen receptor binding	4	3	3.2	0.821	1	MF
GO:0008186	ATP-dependent activity, acting on RNA	4	3	3.2	0.821	1	MF
GO:0019842	vitamin binding	4	3	3.2	0.821	1	MF
GO:0008175	tRNA methyltransferase activity	4	3	3.2	0.821	1	MF
GO:0004198	calcium-dependent cysteine-type endopept...	4	3	3.2	0.821	1	MF
GO:0015453	oxidoreduction-driven active transmembra...	4	3	3.2	0.821	1	MF
GO:0016410	N-acyltransferase activity	4	3	3.2	0.821	1	MF
GO:0017022	myosin binding	4	3	3.2	0.821	1	MF
GO:0047485	protein N-terminus binding	4	3	3.2	0.821	1	MF
GO:0048029	monosaccharide binding	4	3	3.2	0.821	1	MF
GO:0001221	transcription coregulator binding	4	3	3.2	0.821	1	MF
GO:0060590	ATPase regulator activity	4	3	3.2	0.821	1	MF
GO:0004623	phospholipase A2 activity	4	3	3.2	0.821	1	MF
GO:0005328	neurotransmitter:sodium symporter activi...	4	3	3.2	0.821	1	MF
GO:0015269	calcium-activated potassium channel acti...	4	3	3.2	0.821	1	MF
GO:0061650	ubiquitin-like protein conjugating enzym...	4	3	3.2	0.821	1	MF
GO:0016651	oxidoreductase activity, acting on NAD(P...	4	3	3.2	0.821	1	MF
GO:0016278	lysine N-methyltransferase activity	4	3	3.2	0.821	1	MF
GO:0016279	protein-lysine N-methyltransferase activ...	4	3	3.2	0.821	1	MF
GO:0003724	RNA helicase activity	4	3	3.2	0.821	1	MF
GO:0061631	ubiquitin conjugating enzyme activity	4	3	3.2	0.821	1	MF
GO:0004713	protein tyrosine kinase activity	4	3	3.2	0.821	1	MF
GO:0008080	N-acetyltransferase activity	4	3	3.2	0.821	1	MF
GO:0004672	protein kinase activity	28	21	22.43	0.827	1	MF
GO:0046914	transition metal ion binding	28	21	22.43	0.827	1	MF
GO:0004888	transmembrane signaling receptor activit...	36	27	28.84	0.843	1	MF
GO:0004674	protein serine/threonine kinase activity	23	17	18.42	0.848	1	MF
GO:0140101	catalytic activity, acting on a tRNA	7	5	5.61	0.855	1	MF
GO:0008528	G protein-coupled peptide receptor activ...	7	5	5.61	0.855	1	MF
GO:0008514	organic anion transmembrane transporter ...	7	5	5.61	0.855	1	MF
GO:0001653	peptide receptor activity	7	5	5.61	0.855	1	MF
GO:0030695	GTPase regulator activity	22	16	17.62	0.874	1	MF
GO:0004721	phosphoprotein phosphatase activity	14	10	11.21	0.875	1	MF
GO:0051020	GTPase binding	34	25	27.23	0.884	1	MF
GO:0008417	fucosyltransferase activity	3	2	2.4	0.897	1	MF
GO:0004866	endopeptidase inhibitor activity	3	2	2.4	0.897	1	MF
GO:0034450	ubiquitin-ubiquitin ligase activity	3	2	2.4	0.897	1	MF
GO:0001965	G-protein alpha-subunit binding	3	2	2.4	0.897	1	MF
GO:0016859	cis-trans isomerase activity	3	2	2.4	0.897	1	MF
GO:0019003	GDP binding	3	2	2.4	0.897	1	MF
GO:0008138	protein tyrosine/serine/threonine phosph...	3	2	2.4	0.897	1	MF
GO:0016423	tRNA (guanine) methyltransferase activit...	3	2	2.4	0.897	1	MF
GO:0030414	peptidase inhibitor activity	3	2	2.4	0.897	1	MF
GO:0048306	calcium-dependent protein binding	3	2	2.4	0.897	1	MF
GO:0016840	carbon-nitrogen lyase activity	3	2	2.4	0.897	1	MF
GO:0016842	amidine-lyase activity	3	2	2.4	0.897	1	MF
GO:0016831	carboxy-lyase activity	3	2	2.4	0.897	1	MF
GO:0004519	endonuclease activity	3	2	2.4	0.897	1	MF
GO:1904680	peptide transmembrane transporter activi...	3	2	2.4	0.897	1	MF
GO:0099528	G protein-coupled neurotransmitter recep...	3	2	2.4	0.897	1	MF
GO:0042887	amide transmembrane transporter activity	3	2	2.4	0.897	1	MF
GO:0015171	amino acid transmembrane transporter act...	3	2	2.4	0.897	1	MF
GO:0001223	transcription coactivator binding	3	2	2.4	0.897	1	MF
GO:0015179	L-amino acid transmembrane transporter a...	3	2	2.4	0.897	1	MF
GO:0043022	ribosome binding	3	2	2.4	0.897	1	MF
GO:0061135	endopeptidase regulator activity	3	2	2.4	0.897	1	MF
GO:0030145	manganese ion binding	3	2	2.4	0.897	1	MF
GO:0032266	phosphatidylinositol-3-phosphate binding	3	2	2.4	0.897	1	MF
GO:0051379	epinephrine binding	3	2	2.4	0.897	1	MF
GO:0051721	protein phosphatase 2A binding	3	2	2.4	0.897	1	MF
GO:0046920	alpha-(1->3)-fucosyltransferase activity	3	2	2.4	0.897	1	MF
GO:1901338	catecholamine binding	3	2	2.4	0.897	1	MF
GO:0003755	peptidyl-prolyl cis-trans isomerase acti...	3	2	2.4	0.897	1	MF
GO:0004723	calcium-dependent protein serine/threoni...	3	2	2.4	0.897	1	MF
GO:0004715	non-membrane spanning protein tyrosine k...	3	2	2.4	0.897	1	MF
GO:0008094	ATP-dependent activity, acting on DNA	3	2	2.4	0.897	1	MF
GO:0019783	ubiquitin-like protein peptidase activit...	3	2	2.4	0.897	1	MF
GO:0004709	MAP kinase kinase kinase activity	3	2	2.4	0.897	1	MF
GO:0060589	nucleoside-triphosphatase regulator acti...	25	18	20.03	0.898	1	MF
GO:0016830	carbon-carbon lyase activity	6	4	4.81	0.903	1	MF
GO:0003697	single-stranded DNA binding	6	4	4.81	0.903	1	MF
GO:0043021	ribonucleoprotein complex binding	6	4	4.81	0.903	1	MF
GO:0005342	organic acid transmembrane transporter a...	6	4	4.81	0.903	1	MF
GO:0046943	carboxylic acid transmembrane transporte...	6	4	4.81	0.903	1	MF
GO:0004725	protein tyrosine phosphatase activity	6	4	4.81	0.903	1	MF
GO:0016829	lyase activity	13	9	10.41	0.905	1	MF
GO:0016740	transferase activity	112	85	89.71	0.912	1	MF
GO:0031267	small GTPase binding	28	20	22.43	0.917	1	MF
GO:0140640	catalytic activity, acting on a nucleic ...	31	22	24.83	0.933	1	MF
GO:0030374	nuclear receptor coactivator activity	5	3	4.01	0.944	1	MF
GO:0048018	receptor ligand activity	5	3	4.01	0.944	1	MF
GO:0030545	signaling receptor regulator activity	5	3	4.01	0.944	1	MF
GO:0030546	signaling receptor activator activity	5	3	4.01	0.944	1	MF
GO:0016614	oxidoreductase activity, acting on CH-OH...	5	3	4.01	0.944	1	MF
GO:0003924	GTPase activity	8	5	6.41	0.946	1	MF
GO:0001227	DNA-binding transcription repressor acti...	8	5	6.41	0.946	1	MF
GO:0001217	DNA-binding transcription repressor acti...	8	5	6.41	0.946	1	MF
GO:0004722	protein serine/threonine phosphatase act...	8	5	6.41	0.946	1	MF
GO:0004930	G protein-coupled receptor activity	22	15	17.62	0.949	1	MF
GO:0016853	isomerase activity	11	7	8.81	0.952	1	MF
GO:0000287	magnesium ion binding	11	7	8.81	0.952	1	MF
GO:0016755	aminoacyltransferase activity	2	1	1.6	0.961	1	MF
GO:0070566	adenylyltransferase activity	2	1	1.6	0.961	1	MF
GO:0004869	cysteine-type endopeptidase inhibitor ac...	2	1	1.6	0.961	1	MF
GO:0003887	DNA-directed DNA polymerase activity	2	1	1.6	0.961	1	MF
GO:0043274	phospholipase binding	2	1	1.6	0.961	1	MF
GO:0140104	molecular carrier activity	2	1	1.6	0.961	1	MF
GO:0003823	antigen binding	2	1	1.6	0.961	1	MF
GO:0004843	cysteine-type deubiquitinase activity	2	1	1.6	0.961	1	MF
GO:0034061	DNA polymerase activity	2	1	1.6	0.961	1	MF
GO:0101005	deubiquitinase activity	2	1	1.6	0.961	1	MF
GO:0005125	cytokine activity	2	1	1.6	0.961	1	MF
GO:0005112	Notch binding	2	1	1.6	0.961	1	MF
GO:0004806	triglyceride lipase activity	2	1	1.6	0.961	1	MF
GO:0005536	glucose binding	2	1	1.6	0.961	1	MF
GO:0003954	NADH dehydrogenase activity	2	1	1.6	0.961	1	MF
GO:0003955	NAD(P)H dehydrogenase (quinone) activity	2	1	1.6	0.961	1	MF
GO:0008137	NADH dehydrogenase (ubiquinone) activity	2	1	1.6	0.961	1	MF
GO:0090722	receptor-receptor interaction	2	1	1.6	0.961	1	MF
GO:0036134	12-hydroxyheptadecatrienoic acid synthas...	2	1	1.6	0.961	1	MF
GO:0050136	NADH dehydrogenase (quinone) activity	2	1	1.6	0.961	1	MF
GO:0042301	phosphate ion binding	2	1	1.6	0.961	1	MF
GO:0004940	beta1-adrenergic receptor activity	2	1	1.6	0.961	1	MF
GO:0004941	beta2-adrenergic receptor activity	2	1	1.6	0.961	1	MF
GO:0004935	adrenergic receptor activity	2	1	1.6	0.961	1	MF
GO:0004939	beta-adrenergic receptor activity	2	1	1.6	0.961	1	MF
GO:0000979	RNA polymerase II core promoter sequence...	2	1	1.6	0.961	1	MF
GO:0042054	histone methyltransferase activity	2	1	1.6	0.961	1	MF
GO:0035255	ionotropic glutamate receptor binding	2	1	1.6	0.961	1	MF
GO:0015175	neutral amino acid transmembrane transpo...	2	1	1.6	0.961	1	MF
GO:0031690	adrenergic receptor binding	2	1	1.6	0.961	1	MF
GO:0031694	alpha-2A adrenergic receptor binding	2	1	1.6	0.961	1	MF
GO:0004652	polynucleotide adenylyltransferase activ...	2	1	1.6	0.961	1	MF
GO:0043015	gamma-tubulin binding	2	1	1.6	0.961	1	MF
GO:0035240	dopamine binding	2	1	1.6	0.961	1	MF
GO:0033293	monocarboxylic acid binding	2	1	1.6	0.961	1	MF
GO:0051380	norepinephrine binding	2	1	1.6	0.961	1	MF
GO:0042162	telomeric DNA binding	2	1	1.6	0.961	1	MF
GO:0004796	thromboxane-A synthase activity	2	1	1.6	0.961	1	MF
GO:0016655	oxidoreductase activity, acting on NAD(P...	2	1	1.6	0.961	1	MF
GO:0009881	photoreceptor activity	2	1	1.6	0.961	1	MF
GO:0022840	leak channel activity	2	1	1.6	0.961	1	MF
GO:0022841	potassium ion leak channel activity	2	1	1.6	0.961	1	MF
GO:0022842	narrow pore channel activity	2	1	1.6	0.961	1	MF
GO:0016627	oxidoreductase activity, acting on the C...	2	1	1.6	0.961	1	MF
GO:0016628	oxidoreductase activity, acting on the C...	2	1	1.6	0.961	1	MF
GO:0051021	GDP-dissociation inhibitor binding	2	1	1.6	0.961	1	MF
GO:0031711	bradykinin receptor binding	2	1	1.6	0.961	1	MF
GO:0031713	B2 bradykinin receptor binding	2	1	1.6	0.961	1	MF
GO:0016799	hydrolase activity, hydrolyzing N-glycos...	2	1	1.6	0.961	1	MF
GO:0008020	G protein-coupled photoreceptor activity	2	1	1.6	0.961	1	MF
GO:0008028	monocarboxylic acid transmembrane transp...	2	1	1.6	0.961	1	MF
GO:0008188	neuropeptide receptor activity	4	2	3.2	0.974	1	MF
GO:0017124	SH3 domain binding	4	2	3.2	0.974	1	MF
GO:0016616	oxidoreductase activity, acting on the C...	4	2	3.2	0.974	1	MF
GO:0051019	mitogen-activated protein kinase binding	4	2	3.2	0.974	1	MF
GO:0005085	guanyl-nucleotide exchange factor activi...	9	5	7.21	0.982	1	MF
GO:0008227	G protein-coupled amine receptor activit...	6	3	4.81	0.984	1	MF
GO:0009055	electron transfer activity	6	3	4.81	0.984	1	MF
GO:0016747	acyltransferase activity, transferring g...	11	6	8.81	0.989	1	MF
GO:0016765	transferase activity, transferring alkyl...	3	1	2.4	0.992	1	MF
GO:0031593	polyubiquitin modification-dependent pro...	3	1	2.4	0.992	1	MF
GO:0003684	damaged DNA binding	5	2	4.01	0.994	1	MF
GO:0140097	catalytic activity, acting on DNA	12	6	9.61	0.997	1	MF
GO:0016746	acyltransferase activity	14	7	11.21	0.998	1	MF
GO:0005507	copper ion binding	4	1	3.2	0.998	1	MF
GO:0008374	O-acyltransferase activity	4	1	3.2	0.998	1	MF
GO:0003674	molecular_function	598	479	479	1	1	MF
GO:0098797	plasma membrane protein complex	30	29	23.86	0.008	1	CC
GO:0032991	protein-containing complex	250	213	198.87	0.017	1	CC
GO:0005783	endoplasmic reticulum	103	90	81.94	0.019	1	CC
GO:0098984	neuron to neuron synapse	17	17	13.52	0.019	1	CC
GO:0032279	asymmetric synapse	17	17	13.52	0.019	1	CC
GO:0031224	intrinsic component of membrane	136	117	108.19	0.021	1	CC
GO:0030054	cell junction	95	83	75.57	0.025	1	CC
GO:0014069	postsynaptic density	15	15	11.93	0.031	1	CC
GO:0016021	integral component of membrane	132	113	105	0.032	1	CC
GO:0031226	intrinsic component of plasma membrane	80	70	63.64	0.037	1	CC
GO:0045202	synapse	74	65	58.87	0.037	1	CC
GO:0031300	intrinsic component of organelle membran...	29	27	23.07	0.043	1	CC
GO:0009986	cell surface	35	32	27.84	0.049	1	CC
GO:0031301	integral component of organelle membrane	28	26	22.27	0.051	1	CC
GO:0140535	intracellular protein-containing complex	41	37	32.62	0.053	1	CC
GO:0005887	integral component of plasma membrane	77	67	61.25	0.053	1	CC
GO:1990234	transferase complex	34	31	27.05	0.057	1	CC
GO:0044309	neuron spine	20	19	15.91	0.06	1	CC
GO:0043197	dendritic spine	20	19	15.91	0.06	1	CC
GO:0090575	RNA polymerase II transcription regulato...	12	12	9.55	0.063	1	CC
GO:0098862	cluster of actin-based cell projections	12	12	9.55	0.063	1	CC
GO:1990904	ribonucleoprotein complex	46	41	36.59	0.063	1	CC
GO:0099503	secretory vesicle	52	46	41.37	0.063	1	CC
GO:0031253	cell projection membrane	33	30	26.25	0.067	1	CC
GO:0035770	ribonucleoprotein granule	11	11	8.75	0.079	1	CC
GO:0140534	endoplasmic reticulum protein-containing...	11	11	8.75	0.079	1	CC
GO:0005788	endoplasmic reticulum lumen	18	17	14.32	0.089	1	CC
GO:0005576	extracellular region	60	52	47.73	0.099	1	CC
GO:0098802	plasma membrane signaling receptor compl...	10	10	7.95	0.1	1	CC
GO:0036464	cytoplasmic ribonucleoprotein granule	10	10	7.95	0.1	1	CC
GO:0098827	endoplasmic reticulum subcompartment	54	47	42.96	0.102	1	CC
GO:0099568	cytoplasmic region	30	27	23.86	0.106	1	CC
GO:0030141	secretory granule	30	27	23.86	0.106	1	CC
GO:0043235	receptor complex	17	16	13.52	0.107	1	CC
GO:0032589	neuron projection membrane	17	16	13.52	0.107	1	CC
GO:0031252	cell leading edge	36	32	28.64	0.107	1	CC
GO:0005615	extracellular space	36	32	28.64	0.107	1	CC
GO:0031984	organelle subcompartment	91	77	72.39	0.123	1	CC
GO:0044304	main axon	9	9	7.16	0.126	1	CC
GO:0005844	polysome	9	9	7.16	0.126	1	CC
GO:0031227	intrinsic component of endoplasmic retic...	16	15	12.73	0.128	1	CC
GO:0005789	endoplasmic reticulum membrane	52	45	41.37	0.129	1	CC
GO:0098590	plasma membrane region	74	63	58.87	0.132	1	CC
GO:0097447	dendritic tree	57	49	45.34	0.138	1	CC
GO:0030425	dendrite	57	49	45.34	0.138	1	CC
GO:0031256	leading edge membrane	22	20	17.5	0.138	1	CC
GO:0043005	neuron projection	95	80	75.57	0.139	1	CC
GO:0030424	axon	56	48	44.55	0.153	1	CC
GO:0030176	integral component of endoplasmic reticu...	15	14	11.93	0.154	1	CC
GO:0045177	apical part of cell	39	34	31.02	0.155	1	CC
GO:0005903	brush border	8	8	6.36	0.159	1	CC
GO:0032838	plasma membrane bounded cell projection ...	8	8	6.36	0.159	1	CC
GO:0043198	dendritic shaft	8	8	6.36	0.159	1	CC
GO:0034702	ion channel complex	21	19	16.71	0.162	1	CC
GO:1902494	catalytic complex	71	60	56.48	0.174	1	CC
GO:0098794	postsynapse	38	33	30.23	0.174	1	CC
GO:0042995	cell projection	134	111	106.6	0.175	1	CC
GO:0120025	plasma membrane bounded cell projection	134	111	106.6	0.175	1	CC
GO:0070161	anchoring junction	32	28	25.46	0.181	1	CC
GO:0019897	extrinsic component of plasma membrane	14	13	11.14	0.184	1	CC
GO:0042383	sarcolemma	14	13	11.14	0.184	1	CC
GO:0042175	nuclear outer membrane-endoplasmic retic...	54	46	42.96	0.187	1	CC
GO:0030880	RNA polymerase complex	7	7	5.57	0.2	1	CC
GO:0043204	perikaryon	7	7	5.57	0.2	1	CC
GO:0055029	nuclear DNA-directed RNA polymerase comp...	7	7	5.57	0.2	1	CC
GO:0030312	external encapsulating structure	7	7	5.57	0.2	1	CC
GO:1905368	peptidase complex	7	7	5.57	0.2	1	CC
GO:0000428	DNA-directed RNA polymerase complex	7	7	5.57	0.2	1	CC
GO:0031012	extracellular matrix	7	7	5.57	0.2	1	CC
GO:0140513	nuclear protein-containing complex	53	45	42.16	0.206	1	CC
GO:0005737	cytoplasm	509	409	404.9	0.206	1	CC
GO:0043292	contractile fiber	19	17	15.11	0.218	1	CC
GO:0019898	extrinsic component of membrane	19	17	15.11	0.218	1	CC
GO:0030427	site of polarized growth	19	17	15.11	0.218	1	CC
GO:0030658	transport vesicle membrane	13	12	10.34	0.219	1	CC
GO:0019867	outer membrane	13	12	10.34	0.219	1	CC
GO:0031968	organelle outer membrane	13	12	10.34	0.219	1	CC
GO:0071944	cell periphery	204	170	162.28	0.225	1	CC
GO:0005911	cell-cell junction	30	26	23.86	0.23	1	CC
GO:0098793	presynapse	46	39	36.59	0.24	1	CC
GO:0005938	cell cortex	24	21	19.09	0.242	1	CC
GO:1990351	transporter complex	24	21	19.09	0.242	1	CC
GO:1902495	transmembrane transporter complex	24	21	19.09	0.242	1	CC
GO:0034704	calcium channel complex	6	6	4.77	0.252	1	CC
GO:0005793	endoplasmic reticulum-Golgi intermediate...	6	6	4.77	0.252	1	CC
GO:0005766	primary lysosome	6	6	4.77	0.252	1	CC
GO:0000123	histone acetyltransferase complex	6	6	4.77	0.252	1	CC
GO:0043296	apical junction complex	6	6	4.77	0.252	1	CC
GO:0031248	protein acetyltransferase complex	6	6	4.77	0.252	1	CC
GO:0045111	intermediate filament cytoskeleton	6	6	4.77	0.252	1	CC
GO:0042582	azurophil granule	6	6	4.77	0.252	1	CC
GO:0016591	RNA polymerase II, holoenzyme	6	6	4.77	0.252	1	CC
GO:1902493	acetyltransferase complex	6	6	4.77	0.252	1	CC
GO:0030426	growth cone	18	16	14.32	0.252	1	CC
GO:0034703	cation channel complex	18	16	14.32	0.252	1	CC
GO:0000139	Golgi membrane	40	34	31.82	0.255	1	CC
GO:0005667	transcription regulator complex	29	25	23.07	0.258	1	CC
GO:0005795	Golgi stack	12	11	9.55	0.26	1	CC
GO:0005741	mitochondrial outer membrane	12	11	9.55	0.26	1	CC
GO:0030055	cell-substrate junction	12	11	9.55	0.26	1	CC
GO:0031983	vesicle lumen	12	11	9.55	0.26	1	CC
GO:0061695	transferase complex, transferring phosph...	12	11	9.55	0.26	1	CC
GO:0034774	secretory granule lumen	12	11	9.55	0.26	1	CC
GO:0060205	cytoplasmic vesicle lumen	12	11	9.55	0.26	1	CC
GO:0098791	Golgi apparatus subcompartment	50	42	39.77	0.271	1	CC
GO:0016324	apical plasma membrane	34	29	27.05	0.271	1	CC
GO:0045121	membrane raft	23	20	18.3	0.274	1	CC
GO:0098857	membrane microdomain	23	20	18.3	0.274	1	CC
GO:0099572	postsynaptic specialization	17	15	13.52	0.29	1	CC
GO:0098552	side of membrane	33	28	26.25	0.3	1	CC
GO:0099501	exocytic vesicle membrane	11	10	8.75	0.307	1	CC
GO:0098562	cytoplasmic side of membrane	22	19	17.5	0.309	1	CC
GO:0048471	perinuclear region of cytoplasm	43	36	34.21	0.316	1	CC
GO:0030673	axolemma	5	5	3.98	0.317	1	CC
GO:0035578	azurophil granule lumen	5	5	3.98	0.317	1	CC
GO:0097517	contractile actin filament bundle	5	5	3.98	0.317	1	CC
GO:0032421	stereocilium bundle	5	5	3.98	0.317	1	CC
GO:0032432	actin filament bundle	5	5	3.98	0.317	1	CC
GO:0001669	acrosomal vesicle	5	5	3.98	0.317	1	CC
GO:0001725	stress fiber	5	5	3.98	0.317	1	CC
GO:0005923	bicellular tight junction	5	5	3.98	0.317	1	CC
GO:0005930	axoneme	5	5	3.98	0.317	1	CC
GO:0010494	cytoplasmic stress granule	5	5	3.98	0.317	1	CC
GO:1905369	endopeptidase complex	5	5	3.98	0.317	1	CC
GO:0097014	ciliary plasm	5	5	3.98	0.317	1	CC
GO:0032580	Golgi cisterna membrane	5	5	3.98	0.317	1	CC
GO:0070160	tight junction	5	5	3.98	0.317	1	CC
GO:0150034	distal axon	27	23	21.48	0.322	1	CC
GO:0070382	exocytic vesicle	27	23	21.48	0.322	1	CC
GO:0098858	actin-based cell projection	16	14	12.73	0.332	1	CC
GO:0005794	Golgi apparatus	73	60	58.07	0.337	1	CC
GO:0045211	postsynaptic membrane	21	18	16.71	0.348	1	CC
GO:0000785	chromatin	26	22	20.68	0.358	1	CC
GO:0030672	synaptic vesicle membrane	10	9	7.95	0.36	1	CC
GO:0031234	extrinsic component of cytoplasmic side ...	10	9	7.95	0.36	1	CC
GO:0031985	Golgi cisterna	10	9	7.95	0.36	1	CC
GO:0005912	adherens junction	15	13	11.93	0.379	1	CC
GO:0032809	neuronal cell body membrane	15	13	11.93	0.379	1	CC
GO:0044298	cell body membrane	15	13	11.93	0.379	1	CC
GO:0005829	cytosol	259	208	206.03	0.388	1	CC
GO:0008021	synaptic vesicle	20	17	15.91	0.389	1	CC
GO:0005790	smooth endoplasmic reticulum	4	4	3.18	0.4	1	CC
GO:0000932	P-body	4	4	3.18	0.4	1	CC
GO:0032420	stereocilium	4	4	3.18	0.4	1	CC
GO:0031526	brush border membrane	4	4	3.18	0.4	1	CC
GO:0030175	filopodium	4	4	3.18	0.4	1	CC
GO:0097440	apical dendrite	4	4	3.18	0.4	1	CC
GO:0005891	voltage-gated calcium channel complex	4	4	3.18	0.4	1	CC
GO:0000502	proteasome complex	4	4	3.18	0.4	1	CC
GO:0099738	cell cortex region	4	4	3.18	0.4	1	CC
GO:0042788	polysomal ribosome	4	4	3.18	0.4	1	CC
GO:0032590	dendrite membrane	4	4	3.18	0.4	1	CC
GO:0062023	collagen-containing extracellular matrix	4	4	3.18	0.4	1	CC
GO:0005925	focal adhesion	9	8	7.16	0.421	1	CC
GO:0005622	intracellular anatomical structure	611	487	486.04	0.425	1	CC
GO:0000151	ubiquitin ligase complex	14	12	11.14	0.429	1	CC
GO:0005759	mitochondrial matrix	14	12	11.14	0.429	1	CC
GO:0030016	myofibril	14	12	11.14	0.429	1	CC
GO:0044853	plasma membrane raft	14	12	11.14	0.429	1	CC
GO:0009925	basal plasma membrane	19	16	15.11	0.433	1	CC
GO:0009898	cytoplasmic side of plasma membrane	19	16	15.11	0.433	1	CC
GO:0016323	basolateral plasma membrane	19	16	15.11	0.433	1	CC
GO:0045178	basal part of cell	24	20	19.09	0.435	1	CC
GO:0005886	plasma membrane	191	157	151.94	0.44	1	CC
GO:0036477	somatodendritic compartment	78	63	62.05	0.455	1	CC
GO:0031966	mitochondrial membrane	23	19	18.3	0.477	1	CC
GO:0005802	trans-Golgi network	18	15	14.32	0.48	1	CC
GO:0030027	lamellipodium	13	11	10.34	0.484	1	CC
GO:0005791	rough endoplasmic reticulum	8	7	6.36	0.489	1	CC
GO:0005798	Golgi-associated vesicle	8	7	6.36	0.489	1	CC
GO:0005775	vacuolar lumen	8	7	6.36	0.489	1	CC
GO:0034399	nuclear periphery	8	7	6.36	0.489	1	CC
GO:0032993	protein-DNA complex	8	7	6.36	0.489	1	CC
GO:0097729	9+2 motile cilium	8	7	6.36	0.489	1	CC
GO:0036126	sperm flagellum	8	7	6.36	0.489	1	CC
GO:0030285	integral component of synaptic vesicle m...	8	7	6.36	0.489	1	CC
GO:0098563	intrinsic component of synaptic vesicle ...	8	7	6.36	0.489	1	CC
GO:0101002	ficolin-1-rich granule	8	7	6.36	0.489	1	CC
GO:0012505	endomembrane system	218	174	173.42	0.496	1	CC
GO:0008023	transcription elongation factor complex	3	3	2.39	0.503	1	CC
GO:0000164	protein phosphatase type 1 complex	3	3	2.39	0.503	1	CC
GO:0099055	integral component of postsynaptic membr...	3	3	2.39	0.503	1	CC
GO:0099056	integral component of presynaptic membra...	3	3	2.39	0.503	1	CC
GO:0097525	spliceosomal snRNP complex	3	3	2.39	0.503	1	CC
GO:0099023	vesicle tethering complex	3	3	2.39	0.503	1	CC
GO:0005778	peroxisomal membrane	3	3	2.39	0.503	1	CC
GO:0031528	microvillus membrane	3	3	2.39	0.503	1	CC
GO:0099240	intrinsic component of synaptic membrane	3	3	2.39	0.503	1	CC
GO:0097449	astrocyte projection	3	3	2.39	0.503	1	CC
GO:0030134	COPII-coated ER to Golgi transport vesic...	3	3	2.39	0.503	1	CC
GO:0098936	intrinsic component of postsynaptic memb...	3	3	2.39	0.503	1	CC
GO:0090665	glycoprotein complex	3	3	2.39	0.503	1	CC
GO:0005892	acetylcholine-gated channel complex	3	3	2.39	0.503	1	CC
GO:0005604	basement membrane	3	3	2.39	0.503	1	CC
GO:0098889	intrinsic component of presynaptic membr...	3	3	2.39	0.503	1	CC
GO:0015935	small ribosomal subunit	3	3	2.39	0.503	1	CC
GO:0032153	cell division site	3	3	2.39	0.503	1	CC
GO:0005882	intermediate filament	3	3	2.39	0.503	1	CC
GO:0032156	septin cytoskeleton	3	3	2.39	0.503	1	CC
GO:0016010	dystrophin-associated glycoprotein compl...	3	3	2.39	0.503	1	CC
GO:0035976	transcription factor AP-1 complex	3	3	2.39	0.503	1	CC
GO:0002080	acrosomal membrane	3	3	2.39	0.503	1	CC
GO:0099699	integral component of synaptic membrane	3	3	2.39	0.503	1	CC
GO:0098839	postsynaptic density membrane	3	3	2.39	0.503	1	CC
GO:0016328	lateral plasma membrane	3	3	2.39	0.503	1	CC
GO:0030315	T-tubule	3	3	2.39	0.503	1	CC
GO:0016234	inclusion body	3	3	2.39	0.503	1	CC
GO:1902562	H4 histone acetyltransferase complex	3	3	2.39	0.503	1	CC
GO:0098554	cytoplasmic side of endoplasmic reticulu...	3	3	2.39	0.503	1	CC
GO:0099634	postsynaptic specialization membrane	3	3	2.39	0.503	1	CC
GO:0015030	Cajal body	3	3	2.39	0.503	1	CC
GO:0120111	neuron projection cytoplasm	3	3	2.39	0.503	1	CC
GO:0120114	Sm-like protein family complex	3	3	2.39	0.503	1	CC
GO:0030532	small nuclear ribonucleoprotein complex	3	3	2.39	0.503	1	CC
GO:0031903	microbody membrane	3	3	2.39	0.503	1	CC
GO:0098576	lumenal side of membrane	3	3	2.39	0.503	1	CC
GO:0022627	cytosolic small ribosomal subunit	3	3	2.39	0.503	1	CC
GO:0097386	glial cell projection	3	3	2.39	0.503	1	CC
GO:0016461	unconventional myosin complex	3	3	2.39	0.503	1	CC
GO:0032591	dendritic spine membrane	3	3	2.39	0.503	1	CC
GO:0014704	intercalated disc	3	3	2.39	0.503	1	CC
GO:0016459	myosin complex	3	3	2.39	0.503	1	CC
GO:0044291	cell-cell contact zone	3	3	2.39	0.503	1	CC
GO:0044295	axonal growth cone	3	3	2.39	0.503	1	CC
GO:0097228	sperm principal piece	3	3	2.39	0.503	1	CC
GO:0097060	synaptic membrane	27	22	21.48	0.514	1	CC
GO:0098796	membrane protein complex	60	53	47.73	0.538	1	CC
GO:0044306	neuron projection terminus	12	10	9.55	0.542	1	CC
GO:0031514	motile cilium	12	10	9.55	0.542	1	CC
GO:0030017	sarcomere	12	10	9.55	0.542	1	CC
GO:0043679	axon terminus	12	10	9.55	0.542	1	CC
GO:0034705	potassium channel complex	7	6	5.57	0.564	1	CC
GO:0045171	intercellular bridge	7	6	5.57	0.564	1	CC
GO:0001650	fibrillar center	7	6	5.57	0.564	1	CC
GO:0016363	nuclear matrix	7	6	5.57	0.564	1	CC
GO:0031674	I band	7	6	5.57	0.564	1	CC
GO:0005811	lipid droplet	7	6	5.57	0.564	1	CC
GO:0032588	trans-Golgi network membrane	7	6	5.57	0.564	1	CC
GO:0008076	voltage-gated potassium channel complex	7	6	5.57	0.564	1	CC
GO:0005840	ribosome	16	13	12.73	0.58	1	CC
GO:0030667	secretory granule membrane	11	9	8.75	0.602	1	CC
GO:0005700	polytene chromosome	11	9	8.75	0.602	1	CC
GO:0005901	caveola	11	9	8.75	0.602	1	CC
GO:0031594	neuromuscular junction	20	16	15.91	0.61	1	CC
GO:0016020	membrane	298	239	237.06	0.619	1	CC
GO:0030686	90S preribosome	2	2	1.59	0.633	1	CC
GO:0097526	spliceosomal tri-snRNP complex	2	2	1.59	0.633	1	CC
GO:0044224	juxtaparanode region of axon	2	2	1.59	0.633	1	CC
GO:0061827	sperm head	2	2	1.59	0.633	1	CC
GO:0008328	ionotropic glutamate receptor complex	2	2	1.59	0.633	1	CC
GO:0005697	telomerase holoenzyme complex	2	2	1.59	0.633	1	CC
GO:0097539	ciliary transition fiber	2	2	1.59	0.633	1	CC
GO:0044232	organelle membrane contact site	2	2	1.59	0.633	1	CC
GO:0071458	integral component of cytoplasmic side o...	2	2	1.59	0.633	1	CC
GO:0031225	anchored component of membrane	2	2	1.59	0.633	1	CC
GO:0031228	intrinsic component of Golgi membrane	2	2	1.59	0.633	1	CC
GO:0045180	basal cortex	2	2	1.59	0.633	1	CC
GO:0005669	transcription factor TFIID complex	2	2	1.59	0.633	1	CC
GO:0045179	apical cortex	2	2	1.59	0.633	1	CC
GO:0031306	intrinsic component of mitochondrial out...	2	2	1.59	0.633	1	CC
GO:0031307	integral component of mitochondrial oute...	2	2	1.59	0.633	1	CC
GO:0045120	pronucleus	2	2	1.59	0.633	1	CC
GO:0005732	sno(s)RNA-containing ribonucleoprotein c...	2	2	1.59	0.633	1	CC
GO:0030173	integral component of Golgi membrane	2	2	1.59	0.633	1	CC
GO:0048770	pigment granule	2	2	1.59	0.633	1	CC
GO:0036194	muscle cell projection	2	2	1.59	0.633	1	CC
GO:0036195	muscle cell projection membrane	2	2	1.59	0.633	1	CC
GO:0030120	vesicle coat	2	2	1.59	0.633	1	CC
GO:0032437	cuticular plate	2	2	1.59	0.633	1	CC
GO:1990761	growth cone lamellipodium	2	2	1.59	0.633	1	CC
GO:0005955	calcineurin complex	2	2	1.59	0.633	1	CC
GO:0032994	protein-lipid complex	2	2	1.59	0.633	1	CC
GO:1990752	microtubule end	2	2	1.59	0.633	1	CC
GO:0005701	polytene chromosome chromocenter	2	2	1.59	0.633	1	CC
GO:0005703	polytene chromosome puff	2	2	1.59	0.633	1	CC
GO:0071683	sensory dendrite	2	2	1.59	0.633	1	CC
GO:0031463	Cul3-RING ubiquitin ligase complex	2	2	1.59	0.633	1	CC
GO:0010369	chromocenter	2	2	1.59	0.633	1	CC
GO:0033116	endoplasmic reticulum-Golgi intermediate...	2	2	1.59	0.633	1	CC
GO:0046581	intercellular canaliculus	2	2	1.59	0.633	1	CC
GO:0031475	myosin V complex	2	2	1.59	0.633	1	CC
GO:0031476	myosin VI complex	2	2	1.59	0.633	1	CC
GO:0031477	myosin VII complex	2	2	1.59	0.633	1	CC
GO:0060187	cell pole	2	2	1.59	0.633	1	CC
GO:0098878	neurotransmitter receptor complex	2	2	1.59	0.633	1	CC
GO:0046540	U4/U6 x U5 tri-snRNP complex	2	2	1.59	0.633	1	CC
GO:0005859	muscle myosin complex	2	2	1.59	0.633	1	CC
GO:0016027	inaD signaling complex	2	2	1.59	0.633	1	CC
GO:0032154	cleavage furrow	2	2	1.59	0.633	1	CC
GO:0016011	dystroglycan complex	2	2	1.59	0.633	1	CC
GO:0016012	sarcoglycan complex	2	2	1.59	0.633	1	CC
GO:0001917	photoreceptor inner segment	2	2	1.59	0.633	1	CC
GO:0009295	nucleoid	2	2	1.59	0.633	1	CC
GO:0031673	H zone	2	2	1.59	0.633	1	CC
GO:0016327	apicolateral plasma membrane	2	2	1.59	0.633	1	CC
GO:0016592	mediator complex	2	2	1.59	0.633	1	CC
GO:0030286	dynein complex	2	2	1.59	0.633	1	CC
GO:0070461	SAGA-type complex	2	2	1.59	0.633	1	CC
GO:0030289	protein phosphatase 4 complex	2	2	1.59	0.633	1	CC
GO:0005838	proteasome regulatory particle	2	2	1.59	0.633	1	CC
GO:0005839	proteasome core complex	2	2	1.59	0.633	1	CC
GO:0046691	intracellular canaliculus	2	2	1.59	0.633	1	CC
GO:0000791	euchromatin	2	2	1.59	0.633	1	CC
GO:0097136	Bcl-2 family protein complex	2	2	1.59	0.633	1	CC
GO:0033270	paranode region of axon	2	2	1.59	0.633	1	CC
GO:0046658	anchored component of plasma membrane	2	2	1.59	0.633	1	CC
GO:0042470	melanosome	2	2	1.59	0.633	1	CC
GO:0016528	sarcoplasm	2	2	1.59	0.633	1	CC
GO:0016529	sarcoplasmic reticulum	2	2	1.59	0.633	1	CC
GO:0051286	cell tip	2	2	1.59	0.633	1	CC
GO:0098553	lumenal side of endoplasmic reticulum me...	2	2	1.59	0.633	1	CC
GO:0032040	small-subunit processome	2	2	1.59	0.633	1	CC
GO:0098573	intrinsic component of mitochondrial mem...	2	2	1.59	0.633	1	CC
GO:0031904	endosome lumen	2	2	1.59	0.633	1	CC
GO:0022624	proteasome accessory complex	2	2	1.59	0.633	1	CC
GO:0031091	platelet alpha granule	2	2	1.59	0.633	1	CC
GO:0031093	platelet alpha granule lumen	2	2	1.59	0.633	1	CC
GO:0016460	myosin II complex	2	2	1.59	0.633	1	CC
GO:0032592	integral component of mitochondrial memb...	2	2	1.59	0.633	1	CC
GO:0034663	endoplasmic reticulum chaperone complex	2	2	1.59	0.633	1	CC
GO:0035371	microtubule plus-end	2	2	1.59	0.633	1	CC
GO:0036513	Derlin-1 retrotranslocation complex	2	2	1.59	0.633	1	CC
GO:0035253	ciliary rootlet	2	2	1.59	0.633	1	CC
GO:0071556	integral component of lumenal side of en...	2	2	1.59	0.633	1	CC
GO:0101003	ficolin-1-rich granule membrane	2	2	1.59	0.633	1	CC
GO:1904115	axon cytoplasm	2	2	1.59	0.633	1	CC
GO:0042645	mitochondrial nucleoid	2	2	1.59	0.633	1	CC
GO:0005635	nuclear envelope	24	19	19.09	0.636	1	CC
GO:0030133	transport vesicle	33	26	26.25	0.643	1	CC
GO:1904813	ficolin-1-rich granule lumen	6	5	4.77	0.644	1	CC
GO:0030863	cortical cytoskeleton	6	5	4.77	0.644	1	CC
GO:1902911	protein kinase complex	6	5	4.77	0.644	1	CC
GO:0043202	lysosomal lumen	6	5	4.77	0.644	1	CC
GO:0030018	Z disc	6	5	4.77	0.644	1	CC
GO:0005801	cis-Golgi network	6	5	4.77	0.644	1	CC
GO:0042641	actomyosin	6	5	4.77	0.644	1	CC
GO:0016607	nuclear speck	19	15	15.11	0.656	1	CC
GO:0015629	actin cytoskeleton	19	15	15.11	0.656	1	CC
GO:0005819	spindle	19	15	15.11	0.656	1	CC
GO:0044297	cell body	65	51	51.71	0.66	1	CC
GO:0009897	external side of plasma membrane	10	8	7.95	0.665	1	CC
GO:0099080	supramolecular complex	55	43	43.75	0.677	1	CC
GO:0043228	non-membrane-bounded organelle	202	159	160.69	0.679	1	CC
GO:0043232	intracellular non-membrane-bounded organ...	202	159	160.69	0.679	1	CC
GO:0043025	neuronal cell body	64	50	50.91	0.684	1	CC
GO:0005929	cilium	45	35	35.8	0.699	1	CC
GO:0098687	chromosomal region	18	14	14.32	0.701	1	CC
GO:0031090	organelle membrane	156	122	124.1	0.725	1	CC
GO:0008287	protein serine/threonine phosphatase com...	9	7	7.16	0.727	1	CC
GO:1903293	phosphatase complex	9	7	7.16	0.727	1	CC
GO:0005902	microvillus	9	7	7.16	0.727	1	CC
GO:0070820	tertiary granule	5	4	3.98	0.728	1	CC
GO:0048475	coated membrane	5	4	3.98	0.728	1	CC
GO:0001750	photoreceptor outer segment	5	4	3.98	0.728	1	CC
GO:0030864	cortical actin cytoskeleton	5	4	3.98	0.728	1	CC
GO:0030117	membrane coat	5	4	3.98	0.728	1	CC
GO:0060170	ciliary membrane	5	4	3.98	0.728	1	CC
GO:0016028	rhabdomere	5	4	3.98	0.728	1	CC
GO:0005875	microtubule associated complex	5	4	3.98	0.728	1	CC
GO:0031672	A band	5	4	3.98	0.728	1	CC
GO:1902554	serine/threonine protein kinase complex	5	4	3.98	0.728	1	CC
GO:0000407	phagophore assembly site	5	4	3.98	0.728	1	CC
GO:0005856	cytoskeleton	85	66	67.62	0.733	1	CC
GO:0022626	cytosolic ribosome	13	10	10.34	0.735	1	CC
GO:0044391	ribosomal subunit	13	10	10.34	0.735	1	CC
GO:0099081	supramolecular polymer	39	30	31.02	0.741	1	CC
GO:0099512	supramolecular fiber	39	30	31.02	0.741	1	CC
GO:0098588	bounding membrane of organelle	107	83	85.12	0.756	1	CC
GO:0005730	nucleolus	60	46	47.73	0.776	1	CC
GO:0031967	organelle envelope	51	39	40.57	0.777	1	CC
GO:0031975	envelope	51	39	40.57	0.777	1	CC
GO:0043231	intracellular membrane-bounded organelle	504	398	400.93	0.778	1	CC
GO:0036064	ciliary basal body	12	9	9.55	0.784	1	CC
GO:0072686	mitotic spindle	8	6	6.36	0.788	1	CC
GO:0043195	terminal bouton	8	6	6.36	0.788	1	CC
GO:0034708	methyltransferase complex	1	1	0.8	0.795	1	CC
GO:0030669	clathrin-coated endocytic vesicle membra...	1	1	0.8	0.795	1	CC
GO:1990221	L-cysteine desulfurase complex	1	1	0.8	0.795	1	CC
GO:0012507	ER to Golgi transport vesicle membrane	1	1	0.8	0.795	1	CC
GO:0070939	Dsl1/NZR complex	1	1	0.8	0.795	1	CC
GO:0000940	outer kinetochore	1	1	0.8	0.795	1	CC
GO:0035580	specific granule lumen	1	1	0.8	0.795	1	CC
GO:0030681	multimeric ribonuclease P complex	1	1	0.8	0.795	1	CC
GO:0097524	sperm plasma membrane	1	1	0.8	0.795	1	CC
GO:0071541	eukaryotic translation initiation factor...	1	1	0.8	0.795	1	CC
GO:0032541	cortical endoplasmic reticulum	1	1	0.8	0.795	1	CC
GO:0008385	IkappaB kinase complex	1	1	0.8	0.795	1	CC
GO:0031592	centrosomal corona	1	1	0.8	0.795	1	CC
GO:0030677	ribonuclease P complex	1	1	0.8	0.795	1	CC
GO:0019773	proteasome core complex, alpha-subunit c...	1	1	0.8	0.795	1	CC
GO:0035577	azurophil granule membrane	1	1	0.8	0.795	1	CC
GO:0019774	proteasome core complex, beta-subunit co...	1	1	0.8	0.795	1	CC
GO:0031595	nuclear proteasome complex	1	1	0.8	0.795	1	CC
GO:0070852	cell body fiber	1	1	0.8	0.795	1	CC
GO:0031597	cytosolic proteasome complex	1	1	0.8	0.795	1	CC
GO:0031254	cell trailing edge	1	1	0.8	0.795	1	CC
GO:0031310	intrinsic component of vacuolar membrane	1	1	0.8	0.795	1	CC
GO:0000172	ribonuclease MRP complex	1	1	0.8	0.795	1	CC
GO:0090576	RNA polymerase III transcription regulat...	1	1	0.8	0.795	1	CC
GO:0097208	alveolar lamellar body	1	1	0.8	0.795	1	CC
GO:0000124	SAGA complex	1	1	0.8	0.795	1	CC
GO:0000127	transcription factor TFIIIC complex	1	1	0.8	0.795	1	CC
GO:0008250	oligosaccharyltransferase complex	1	1	0.8	0.795	1	CC
GO:0017119	Golgi transport complex	1	1	0.8	0.795	1	CC
GO:0005751	mitochondrial respiratory chain complex ...	1	1	0.8	0.795	1	CC
GO:0030981	cortical microtubule cytoskeleton	1	1	0.8	0.795	1	CC
GO:0005757	mitochondrial permeability transition po...	1	1	0.8	0.795	1	CC
GO:0017146	NMDA selective glutamate receptor comple...	1	1	0.8	0.795	1	CC
GO:0005784	Sec61 translocon complex	1	1	0.8	0.795	1	CC
GO:0005787	signal peptidase complex	1	1	0.8	0.795	1	CC
GO:0090498	extrinsic component of Golgi membrane	1	1	0.8	0.795	1	CC
GO:0097450	astrocyte end-foot	1	1	0.8	0.795	1	CC
GO:0070069	cytochrome complex	1	1	0.8	0.795	1	CC
GO:0097451	glial limiting end-foot	1	1	0.8	0.795	1	CC
GO:0097452	GAIT complex	1	1	0.8	0.795	1	CC
GO:0005779	integral component of peroxisomal membra...	1	1	0.8	0.795	1	CC
GO:0098733	hemidesmosome associated protein complex	1	1	0.8	0.795	1	CC
GO:0034098	VCP-NPL4-UFD1 AAA ATPase complex	1	1	0.8	0.795	1	CC
GO:0043034	costamere	1	1	0.8	0.795	1	CC
GO:0045172	germline ring canal	1	1	0.8	0.795	1	CC
GO:0090533	cation-transporting ATPase complex	1	1	0.8	0.795	1	CC
GO:0090534	calcium ion-transporting ATPase complex	1	1	0.8	0.795	1	CC
GO:0005665	RNA polymerase II, core complex	1	1	0.8	0.795	1	CC
GO:0005666	RNA polymerase III complex	1	1	0.8	0.795	1	CC
GO:0005726	perichromatin fibrils	1	1	0.8	0.795	1	CC
GO:0070847	core mediator complex	1	1	0.8	0.795	1	CC
GO:0030915	Smc5-Smc6 complex	1	1	0.8	0.795	1	CC
GO:0005652	nuclear lamina	1	1	0.8	0.795	1	CC
GO:0030893	meiotic cohesin complex	1	1	0.8	0.795	1	CC
GO:0044207	translation initiation ternary complex	1	1	0.8	0.795	1	CC
GO:0005655	nucleolar ribonuclease P complex	1	1	0.8	0.795	1	CC
GO:0031231	intrinsic component of peroxisomal membr...	1	1	0.8	0.795	1	CC
GO:0032426	stereocilium tip	1	1	0.8	0.795	1	CC
GO:0000813	ESCRT I complex	1	1	0.8	0.795	1	CC
GO:0097470	ribbon synapse	1	1	0.8	0.795	1	CC
GO:0017101	aminoacyl-tRNA synthetase multienzyme co...	1	1	0.8	0.795	1	CC
GO:0061802	anterior cell cortex	1	1	0.8	0.795	1	CC
GO:0042824	MHC class I peptide loading complex	1	1	0.8	0.795	1	CC
GO:0042825	TAP complex	1	1	0.8	0.795	1	CC
GO:0014801	longitudinal sarcoplasmic reticulum	1	1	0.8	0.795	1	CC
GO:0017109	glutamate-cysteine ligase complex	1	1	0.8	0.795	1	CC
GO:1990452	Parkin-FBXW7-Cul1 ubiquitin ligase compl...	1	1	0.8	0.795	1	CC
GO:0005682	U5 snRNP	1	1	0.8	0.795	1	CC
GO:1990454	L-type voltage-gated calcium channel com...	1	1	0.8	0.795	1	CC
GO:0005684	U2-type spliceosomal complex	1	1	0.8	0.795	1	CC
GO:0005685	U1 snRNP	1	1	0.8	0.795	1	CC
GO:0008303	caspase complex	1	1	0.8	0.795	1	CC
GO:0008305	integrin complex	1	1	0.8	0.795	1	CC
GO:0071781	endoplasmic reticulum cisternal network	1	1	0.8	0.795	1	CC
GO:0045095	keratin filament	1	1	0.8	0.795	1	CC
GO:0005673	transcription factor TFIIE complex	1	1	0.8	0.795	1	CC
GO:0005675	transcription factor TFIIH holo complex	1	1	0.8	0.795	1	CC
GO:0005677	chromatin silencing complex	1	1	0.8	0.795	1	CC
GO:0031519	PcG protein complex	1	1	0.8	0.795	1	CC
GO:0009941	chloroplast envelope	1	1	0.8	0.795	1	CC
GO:0097413	Lewy body	1	1	0.8	0.795	1	CC
GO:0038037	G protein-coupled receptor dimeric compl...	1	1	0.8	0.795	1	CC
GO:0016938	kinesin I complex	1	1	0.8	0.795	1	CC
GO:0038038	G protein-coupled receptor homodimeric c...	1	1	0.8	0.795	1	CC
GO:0042101	T cell receptor complex	1	1	0.8	0.795	1	CC
GO:0098636	protein complex involved in cell adhesio...	1	1	0.8	0.795	1	CC
GO:0005964	phosphorylase kinase complex	1	1	0.8	0.795	1	CC
GO:0032433	filopodium tip	1	1	0.8	0.795	1	CC
GO:0005967	mitochondrial pyruvate dehydrogenase com...	1	1	0.8	0.795	1	CC
GO:0043220	Schmidt-Lanterman incisure	1	1	0.8	0.795	1	CC
GO:0030867	rough endoplasmic reticulum membrane	1	1	0.8	0.795	1	CC
GO:0097441	basal dendrite	1	1	0.8	0.795	1	CC
GO:0030126	COPI vesicle coat	1	1	0.8	0.795	1	CC
GO:0030127	COPII vesicle coat	1	1	0.8	0.795	1	CC
GO:0097443	sorting endosome	1	1	0.8	0.795	1	CC
GO:0070381	endosome to plasma membrane transport ve...	1	1	0.8	0.795	1	CC
GO:0005614	interstitial matrix	1	1	0.8	0.795	1	CC
GO:0033180	proton-transporting V-type ATPase, V1 do...	1	1	0.8	0.795	1	CC
GO:0033181	plasma membrane proton-transporting V-ty...	1	1	0.8	0.795	1	CC
GO:0043218	compact myelin	1	1	0.8	0.795	1	CC
GO:0030118	clathrin coat	1	1	0.8	0.795	1	CC
GO:0008540	proteasome regulatory particle, base sub...	1	1	0.8	0.795	1	CC
GO:0030904	retromer complex	1	1	0.8	0.795	1	CC
GO:0043219	lateral loop	1	1	0.8	0.795	1	CC
GO:0008541	proteasome regulatory particle, lid subc...	1	1	0.8	0.795	1	CC
GO:0030906	retromer, cargo-selective complex	1	1	0.8	0.795	1	CC
GO:0005640	nuclear outer membrane	1	1	0.8	0.795	1	CC
GO:0030140	trans-Golgi network transport vesicle	1	1	0.8	0.795	1	CC
GO:0000800	lateral element	1	1	0.8	0.795	1	CC
GO:0034363	intermediate-density lipoprotein particl...	1	1	0.8	0.795	1	CC
GO:0000803	sex chromosome	1	1	0.8	0.795	1	CC
GO:0034364	high-density lipoprotein particle	1	1	0.8	0.795	1	CC
GO:0005705	polytene chromosome interband	1	1	0.8	0.795	1	CC
GO:0000805	X chromosome	1	1	0.8	0.795	1	CC
GO:1990780	cytoplasmic side of dendritic spine plas...	1	1	0.8	0.795	1	CC
GO:0099522	cytosolic region	1	1	0.8	0.795	1	CC
GO:0033176	proton-transporting V-type ATPase comple...	1	1	0.8	0.795	1	CC
GO:0099524	postsynaptic cytosol	1	1	0.8	0.795	1	CC
GO:0033178	proton-transporting two-sector ATPase co...	1	1	0.8	0.795	1	CC
GO:0034358	plasma lipoprotein particle	1	1	0.8	0.795	1	CC
GO:1990777	lipoprotein particle	1	1	0.8	0.795	1	CC
GO:0005927	muscle tendon junction	1	1	0.8	0.795	1	CC
GO:0036157	outer dynein arm	1	1	0.8	0.795	1	CC
GO:0034385	triglyceride-rich plasma lipoprotein par...	1	1	0.8	0.795	1	CC
GO:0034388	Pwp2p-containing subcomplex of 90S preri...	1	1	0.8	0.795	1	CC
GO:0034045	phagophore assembly site membrane	1	1	0.8	0.795	1	CC
GO:0030061	mitochondrial crista	1	1	0.8	0.795	1	CC
GO:0035996	rhabdomere microvillus	1	1	0.8	0.795	1	CC
GO:0035997	rhabdomere microvillus membrane	1	1	0.8	0.795	1	CC
GO:0005914	spot adherens junction	1	1	0.8	0.795	1	CC
GO:0005915	zonula adherens	1	1	0.8	0.795	1	CC
GO:0090661	box H/ACA telomerase RNP complex	1	1	0.8	0.795	1	CC
GO:0097732	9+2 non-motile cilium	1	1	0.8	0.795	1	CC
GO:0001673	male germ cell nucleus	1	1	0.8	0.795	1	CC
GO:0090724	central region of growth cone	1	1	0.8	0.795	1	CC
GO:0106068	SUMO ligase complex	1	1	0.8	0.795	1	CC
GO:0005940	septin ring	1	1	0.8	0.795	1	CC
GO:0005899	insulin receptor complex	1	1	0.8	0.795	1	CC
GO:0090651	apical cytoplasm	1	1	0.8	0.795	1	CC
GO:0035686	sperm fibrous sheath	1	1	0.8	0.795	1	CC
GO:0030057	desmosome	1	1	0.8	0.795	1	CC
GO:1904511	cytoplasmic microtubule plus-end	1	1	0.8	0.795	1	CC
GO:0002116	semaphorin receptor complex	1	1	0.8	0.795	1	CC
GO:0044665	MLL1/2 complex	1	1	0.8	0.795	1	CC
GO:0042599	lamellar body	1	1	0.8	0.795	1	CC
GO:0031429	box H/ACA snoRNP complex	1	1	0.8	0.795	1	CC
GO:1905862	ferroxidase complex	1	1	0.8	0.795	1	CC
GO:0002133	polycystin complex	1	1	0.8	0.795	1	CC
GO:0097648	G protein-coupled receptor complex	1	1	0.8	0.795	1	CC
GO:0000221	vacuolar proton-transporting V-type ATPa...	1	1	0.8	0.795	1	CC
GO:0005868	cytoplasmic dynein complex	1	1	0.8	0.795	1	CC
GO:0032160	septin filament array	1	1	0.8	0.795	1	CC
GO:0019814	immunoglobulin complex	1	1	0.8	0.795	1	CC
GO:0005850	eukaryotic translation initiation factor...	1	1	0.8	0.795	1	CC
GO:0005851	eukaryotic translation initiation factor...	1	1	0.8	0.795	1	CC
GO:0019815	B cell receptor complex	1	1	0.8	0.795	1	CC
GO:0097636	intrinsic component of autophagosome mem...	1	1	0.8	0.795	1	CC
GO:0005852	eukaryotic translation initiation factor...	1	1	0.8	0.795	1	CC
GO:0097637	integral component of autophagosome memb...	1	1	0.8	0.795	1	CC
GO:0055028	cortical microtubule	1	1	0.8	0.795	1	CC
GO:0005858	axonemal dynein complex	1	1	0.8	0.795	1	CC
GO:0033106	cis-Golgi network membrane	1	1	0.8	0.795	1	CC
GO:0030014	CCR4-NOT complex	1	1	0.8	0.795	1	CC
GO:0016029	subrhabdomeral cisterna	1	1	0.8	0.795	1	CC
GO:0005905	clathrin-coated pit	1	1	0.8	0.795	1	CC
GO:0045254	pyruvate dehydrogenase complex	1	1	0.8	0.795	1	CC
GO:0005883	neurofilament	1	1	0.8	0.795	1	CC
GO:0009360	DNA polymerase III complex	1	1	0.8	0.795	1	CC
GO:0046536	dosage compensation complex	1	1	0.8	0.795	1	CC
GO:0016013	syntrophin complex	1	1	0.8	0.795	1	CC
GO:0035631	CD40 receptor complex	1	1	0.8	0.795	1	CC
GO:0097165	nuclear stress granule	1	1	0.8	0.795	1	CC
GO:0098846	podocyte foot	1	1	0.8	0.795	1	CC
GO:0060091	kinocilium	1	1	0.8	0.795	1	CC
GO:0042585	germinal vesicle	1	1	0.8	0.795	1	CC
GO:0002081	outer acrosomal membrane	1	1	0.8	0.795	1	CC
GO:0042587	glycogen granule	1	1	0.8	0.795	1	CC
GO:0001940	male pronucleus	1	1	0.8	0.795	1	CC
GO:0044194	cytolytic granule	1	1	0.8	0.795	1	CC
GO:0044195	nucleoplasmic reticulum	1	1	0.8	0.795	1	CC
GO:0045277	respiratory chain complex IV	1	1	0.8	0.795	1	CC
GO:0045334	clathrin-coated endocytic vesicle	1	1	0.8	0.795	1	CC
GO:0033290	eukaryotic 48S preinitiation complex	1	1	0.8	0.795	1	CC
GO:0070545	PeBoW complex	1	1	0.8	0.795	1	CC
GO:0005828	kinetochore microtubule	1	1	0.8	0.795	1	CC
GO:0042575	DNA polymerase complex	1	1	0.8	0.795	1	CC
GO:0001931	uropod	1	1	0.8	0.795	1	CC
GO:0033017	sarcoplasmic reticulum membrane	1	1	0.8	0.795	1	CC
GO:0035189	Rb-E2F complex	1	1	0.8	0.795	1	CC
GO:0030008	TRAPP complex	1	1	0.8	0.795	1	CC
GO:0061474	phagolysosome membrane	1	1	0.8	0.795	1	CC
GO:0106003	amyloid-beta complex	1	1	0.8	0.795	1	CC
GO:0005834	heterotrimeric G-protein complex	1	1	0.8	0.795	1	CC
GO:0033269	internode region of axon	1	1	0.8	0.795	1	CC
GO:1905360	GTPase complex	1	1	0.8	0.795	1	CC
GO:0097144	BAX complex	1	1	0.8	0.795	1	CC
GO:1990124	messenger ribonucleoprotein complex	1	1	0.8	0.795	1	CC
GO:0060077	inhibitory synapse	1	1	0.8	0.795	1	CC
GO:0071817	MMXD complex	1	1	0.8	0.795	1	CC
GO:1904724	tertiary granule lumen	1	1	0.8	0.795	1	CC
GO:1990111	spermatoproteasome complex	1	1	0.8	0.795	1	CC
GO:0035097	histone methyltransferase complex	1	1	0.8	0.795	1	CC
GO:0070761	pre-snoRNP complex	1	1	0.8	0.795	1	CC
GO:0045495	pole plasm	1	1	0.8	0.795	1	CC
GO:0036038	MKS complex	1	1	0.8	0.795	1	CC
GO:1990909	Wnt signalosome	1	1	0.8	0.795	1	CC
GO:0033276	transcription factor TFTC complex	1	1	0.8	0.795	1	CC
GO:0031166	integral component of vacuolar membrane	1	1	0.8	0.795	1	CC
GO:0060293	germ plasm	1	1	0.8	0.795	1	CC
GO:0019005	SCF ubiquitin ligase complex	1	1	0.8	0.795	1	CC
GO:0070695	FHF complex	1	1	0.8	0.795	1	CC
GO:0031941	filamentous actin	1	1	0.8	0.795	1	CC
GO:0032839	dendrite cytoplasm	1	1	0.8	0.795	1	CC
GO:0033553	rDNA heterochromatin	1	1	0.8	0.795	1	CC
GO:0043614	multi-eIF complex	1	1	0.8	0.795	1	CC
GO:0033583	rhabdomere membrane	1	1	0.8	0.795	1	CC
GO:0072588	box H/ACA RNP complex	1	1	0.8	0.795	1	CC
GO:0072589	box H/ACA scaRNP complex	1	1	0.8	0.795	1	CC
GO:0033588	elongator holoenzyme complex	1	1	0.8	0.795	1	CC
GO:0070775	H3 histone acetyltransferase complex	1	1	0.8	0.795	1	CC
GO:1902555	endoribonuclease complex	1	1	0.8	0.795	1	CC
GO:1990812	growth cone filopodium	1	1	0.8	0.795	1	CC
GO:0070776	MOZ/MORF histone acetyltransferase compl...	1	1	0.8	0.795	1	CC
GO:0016513	core-binding factor complex	1	1	0.8	0.795	1	CC
GO:0042765	GPI-anchor transamidase complex	1	1	0.8	0.795	1	CC
GO:0035841	new growing cell tip	1	1	0.8	0.795	1	CC
GO:0071010	prespliceosome	1	1	0.8	0.795	1	CC
GO:0008180	COP9 signalosome	1	1	0.8	0.795	1	CC
GO:0009526	plastid envelope	1	1	0.8	0.795	1	CC
GO:0033573	high-affinity iron permease complex	1	1	0.8	0.795	1	CC
GO:0032010	phagolysosome	1	1	0.8	0.795	1	CC
GO:0000781	chromosome, telomeric region	1	1	0.8	0.795	1	CC
GO:1905348	endonuclease complex	1	1	0.8	0.795	1	CC
GO:0097361	CIA complex	1	1	0.8	0.795	1	CC
GO:0000786	nucleosome	1	1	0.8	0.795	1	CC
GO:0034751	aryl hydrocarbon receptor complex	1	1	0.8	0.795	1	CC
GO:0034752	cytosolic aryl hydrocarbon receptor comp...	1	1	0.8	0.795	1	CC
GO:0032806	carboxy-terminal domain protein kinase c...	1	1	0.8	0.795	1	CC
GO:0070993	translation preinitiation complex	1	1	0.8	0.795	1	CC
GO:0034753	nuclear aryl hydrocarbon receptor comple...	1	1	0.8	0.795	1	CC
GO:0035838	growing cell tip	1	1	0.8	0.795	1	CC
GO:0031905	early endosome lumen	1	1	0.8	0.795	1	CC
GO:0031092	platelet alpha granule membrane	1	1	0.8	0.795	1	CC
GO:0031094	platelet dense tubular network	1	1	0.8	0.795	1	CC
GO:0031095	platelet dense tubular network membrane	1	1	0.8	0.795	1	CC
GO:1903754	cortical microtubule plus-end	1	1	0.8	0.795	1	CC
GO:0097381	photoreceptor disc membrane	1	1	0.8	0.795	1	CC
GO:0009536	plastid	1	1	0.8	0.795	1	CC
GO:0016469	proton-transporting two-sector ATPase co...	1	1	0.8	0.795	1	CC
GO:0071256	translocon complex	1	1	0.8	0.795	1	CC
GO:0016456	X chromosome located dosage compensation...	1	1	0.8	0.795	1	CC
GO:0030485	smooth muscle contractile fiber	1	1	0.8	0.795	1	CC
GO:0043186	P granule	1	1	0.8	0.795	1	CC
GO:0032281	AMPA glutamate receptor complex	1	1	0.8	0.795	1	CC
GO:0098547	lumenal side of Golgi membrane	1	1	0.8	0.795	1	CC
GO:0120103	centriolar subdistal appendage	1	1	0.8	0.795	1	CC
GO:0071004	U2-type prespliceosome	1	1	0.8	0.795	1	CC
GO:0120082	smooth endoplasmic reticulum cisterna	1	1	0.8	0.795	1	CC
GO:0098533	ATPase dependent transmembrane transport...	1	1	0.8	0.795	1	CC
GO:0032009	early phagosome	1	1	0.8	0.795	1	CC
GO:0044294	dendritic growth cone	1	1	0.8	0.795	1	CC
GO:0016471	vacuolar proton-transporting V-type ATPa...	1	1	0.8	0.795	1	CC
GO:0042406	extrinsic component of endoplasmic retic...	1	1	0.8	0.795	1	CC
GO:0009507	chloroplast	1	1	0.8	0.795	1	CC
GO:0071339	MLL1 complex	1	1	0.8	0.795	1	CC
GO:0035324	female germline ring canal	1	1	0.8	0.795	1	CC
GO:0031105	septin complex	1	1	0.8	0.795	1	CC
GO:0034679	integrin alpha9-beta1 complex	1	1	0.8	0.795	1	CC
GO:0042622	photoreceptor outer segment membrane	1	1	0.8	0.795	1	CC
GO:0071212	subsynaptic reticulum	1	1	0.8	0.795	1	CC
GO:0072487	MSL complex	1	1	0.8	0.795	1	CC
GO:0046930	pore complex	1	1	0.8	0.795	1	CC
GO:0080008	Cul4-RING E3 ubiquitin ligase complex	1	1	0.8	0.795	1	CC
GO:0097225	sperm midpiece	1	1	0.8	0.795	1	CC
GO:0035003	subapical complex	1	1	0.8	0.795	1	CC
GO:0097227	sperm annulus	1	1	0.8	0.795	1	CC
GO:0032584	growth cone membrane	1	1	0.8	0.795	1	CC
GO:0097550	transcription preinitiation complex	1	1	0.8	0.795	1	CC
GO:0061176	type Ib terminal bouton	1	1	0.8	0.795	1	CC
GO:0044322	endoplasmic reticulum quality control co...	1	1	0.8	0.795	1	CC
GO:0061177	type Is terminal bouton	1	1	0.8	0.795	1	CC
GO:0044326	dendritic spine neck	1	1	0.8	0.795	1	CC
GO:0044327	dendritic spine head	1	1	0.8	0.795	1	CC
GO:0008074	guanylate cyclase complex, soluble	1	1	0.8	0.795	1	CC
GO:0005740	mitochondrial envelope	28	21	22.27	0.806	1	CC
GO:0005796	Golgi lumen	4	3	3.18	0.813	1	CC
GO:0005797	Golgi medial cisterna	4	3	3.18	0.813	1	CC
GO:0030684	preribosome	4	3	3.18	0.813	1	CC
GO:0031312	extrinsic component of organelle membran...	4	3	3.18	0.813	1	CC
GO:0017053	transcription repressor complex	4	3	3.18	0.813	1	CC
GO:0005643	nuclear pore	4	3	3.18	0.813	1	CC
GO:0090734	site of DNA damage	4	3	3.18	0.813	1	CC
GO:0042581	specific granule	4	3	3.18	0.813	1	CC
GO:0055038	recycling endosome membrane	4	3	3.18	0.813	1	CC
GO:0098800	inner mitochondrial membrane protein com...	4	3	3.18	0.813	1	CC
GO:0035861	site of double-strand break	4	3	3.18	0.813	1	CC
GO:0000792	heterochromatin	4	3	3.18	0.813	1	CC
GO:0051233	spindle midzone	4	3	3.18	0.813	1	CC
GO:0032587	ruffle membrane	4	3	3.18	0.813	1	CC
GO:0061174	type I terminal bouton	4	3	3.18	0.813	1	CC
GO:0030660	Golgi-associated vesicle membrane	4	3	3.18	0.813	1	CC
GO:0036452	ESCRT complex	4	3	3.18	0.813	1	CC
GO:0005743	mitochondrial inner membrane	11	8	8.75	0.83	1	CC
GO:0048786	presynaptic active zone	11	8	8.75	0.83	1	CC
GO:0019866	organelle inner membrane	11	8	8.75	0.83	1	CC
GO:0015934	large ribosomal subunit	11	8	8.75	0.83	1	CC
GO:0022625	cytosolic large ribosomal subunit	11	8	8.75	0.83	1	CC
GO:0005739	mitochondrion	70	53	55.68	0.841	1	CC
GO:0005694	chromosome	48	36	38.18	0.841	1	CC
GO:0005777	peroxisome	7	5	5.57	0.845	1	CC
GO:0031461	cullin-RING ubiquitin ligase complex	7	5	5.57	0.845	1	CC
GO:0001726	ruffle	7	5	5.57	0.845	1	CC
GO:0042579	microbody	7	5	5.57	0.845	1	CC
GO:0098798	mitochondrial protein-containing complex	7	5	5.57	0.845	1	CC
GO:0005634	nucleus	313	244	248.99	0.855	1	CC
GO:0005813	centrosome	26	19	20.68	0.86	1	CC
GO:0042734	presynaptic membrane	14	10	11.14	0.863	1	CC
GO:0005815	microtubule organizing center	34	25	27.05	0.866	1	CC
GO:0015630	microtubule cytoskeleton	55	41	43.75	0.871	1	CC
GO:0030135	coated vesicle	10	7	7.95	0.873	1	CC
GO:0031965	nuclear membrane	10	7	7.95	0.873	1	CC
GO:0000776	kinetochore	10	7	7.95	0.873	1	CC
GO:0043227	membrane-bounded organelle	521	410	414.45	0.877	1	CC
GO:0030665	clathrin-coated vesicle membrane	3	2	2.39	0.892	1	CC
GO:0099086	synaptonemal structure	3	2	2.39	0.892	1	CC
GO:0035579	specific granule membrane	3	2	2.39	0.892	1	CC
GO:0043073	germ cell nucleus	3	2	2.39	0.892	1	CC
GO:0097542	ciliary tip	3	2	2.39	0.892	1	CC
GO:0005767	secondary lysosome	3	2	2.39	0.892	1	CC
GO:0070821	tertiary granule membrane	3	2	2.39	0.892	1	CC
GO:0008278	cohesin complex	3	2	2.39	0.892	1	CC
GO:0000138	Golgi trans cisterna	3	2	2.39	0.892	1	CC
GO:0000815	ESCRT III complex	3	2	2.39	0.892	1	CC
GO:0005681	spliceosomal complex	3	2	2.39	0.892	1	CC
GO:0031523	Myb complex	3	2	2.39	0.892	1	CC
GO:0005746	mitochondrial respirasome	3	2	2.39	0.892	1	CC
GO:0016605	PML body	3	2	2.39	0.892	1	CC
GO:0031201	SNARE complex	3	2	2.39	0.892	1	CC
GO:0055120	striated muscle dense body	3	2	2.39	0.892	1	CC
GO:0001772	immunological synapse	3	2	2.39	0.892	1	CC
GO:0030137	COPI-coated vesicle	3	2	2.39	0.892	1	CC
GO:0030056	hemidesmosome	3	2	2.39	0.892	1	CC
GO:0005884	actin filament	3	2	2.39	0.892	1	CC
GO:0005876	spindle microtubule	3	2	2.39	0.892	1	CC
GO:0005814	centriole	3	2	2.39	0.892	1	CC
GO:0098803	respiratory chain complex	3	2	2.39	0.892	1	CC
GO:0070469	respirasome	3	2	2.39	0.892	1	CC
GO:0000795	synaptonemal complex	3	2	2.39	0.892	1	CC
GO:0032593	insulin-responsive compartment	3	2	2.39	0.892	1	CC
GO:0044292	dendrite terminus	3	2	2.39	0.892	1	CC
GO:0097730	non-motile cilium	13	9	10.34	0.895	1	CC
GO:0055037	recycling endosome	13	9	10.34	0.895	1	CC
GO:0000775	chromosome, centromeric region	13	9	10.34	0.895	1	CC
GO:0065010	extracellular membrane-bounded organelle	6	4	4.77	0.896	1	CC
GO:0070062	extracellular exosome	6	4	4.77	0.896	1	CC
GO:0043230	extracellular organelle	6	4	4.77	0.896	1	CC
GO:0005881	cytoplasmic microtubule	6	4	4.77	0.896	1	CC
GO:1903561	extracellular vesicle	6	4	4.77	0.896	1	CC
GO:0045335	phagocytic vesicle	6	4	4.77	0.896	1	CC
GO:0031901	early endosome membrane	6	4	4.77	0.896	1	CC
GO:0030662	coated vesicle membrane	6	4	4.77	0.896	1	CC
GO:0031982	vesicle	110	83	87.5	0.901	1	CC
GO:0030139	endocytic vesicle	16	11	12.73	0.913	1	CC
GO:0031410	cytoplasmic vesicle	104	78	82.73	0.915	1	CC
GO:0097708	intracellular vesicle	104	78	82.73	0.915	1	CC
GO:0005764	lysosome	27	19	21.48	0.922	1	CC
GO:0043226	organelle	557	438	443.09	0.93	1	CC
GO:0043229	intracellular organelle	546	429	434.34	0.931	1	CC
GO:0070938	contractile ring	5	3	3.98	0.939	1	CC
GO:0045169	fusome	5	3	3.98	0.939	1	CC
GO:1990204	oxidoreductase complex	5	3	3.98	0.939	1	CC
GO:0005771	multivesicular body	5	3	3.98	0.939	1	CC
GO:0030136	clathrin-coated vesicle	5	3	3.98	0.939	1	CC
GO:0044815	DNA packaging complex	5	3	3.98	0.939	1	CC
GO:0043209	myelin sheath	11	7	8.75	0.947	1	CC
GO:0000779	condensed chromosome, centromeric region	11	7	8.75	0.947	1	CC
GO:0012506	vesicle membrane	57	41	45.34	0.948	1	CC
GO:0000323	lytic vacuole	29	20	23.07	0.948	1	CC
GO:0000228	nuclear chromosome	21	14	16.71	0.954	1	CC
GO:0000152	nuclear ubiquitin ligase complex	2	1	1.59	0.958	1	CC
GO:0030687	preribosome, large subunit precursor	2	1	1.59	0.958	1	CC
GO:0001520	outer dense fiber	2	1	1.59	0.958	1	CC
GO:0030670	phagocytic vesicle membrane	2	1	1.59	0.958	1	CC
GO:0031313	extrinsic component of endosome membrane	2	1	1.59	0.958	1	CC
GO:0030964	NADH dehydrogenase complex	2	1	1.59	0.958	1	CC
GO:0097546	ciliary base	2	1	1.59	0.958	1	CC
GO:0000118	histone deacetylase complex	2	1	1.59	0.958	1	CC
GO:0070822	Sin3-type complex	2	1	1.59	0.958	1	CC
GO:0005782	peroxisomal matrix	2	1	1.59	0.958	1	CC
GO:0000137	Golgi cis cisterna	2	1	1.59	0.958	1	CC
GO:0005721	pericentric heterochromatin	2	1	1.59	0.958	1	CC
GO:0005680	anaphase-promoting complex	2	1	1.59	0.958	1	CC
GO:0071782	endoplasmic reticulum tubular network	2	1	1.59	0.958	1	CC
GO:0005747	mitochondrial respiratory chain complex ...	2	1	1.59	0.958	1	CC
GO:0048787	presynaptic active zone membrane	2	1	1.59	0.958	1	CC
GO:0097431	mitotic spindle pole	2	1	1.59	0.958	1	CC
GO:0005641	nuclear envelope lumen	2	1	1.59	0.958	1	CC
GO:0044754	autolysosome	2	1	1.59	0.958	1	CC
GO:0000324	fungal-type vacuole	2	1	1.59	0.958	1	CC
GO:0000329	fungal-type vacuole membrane	2	1	1.59	0.958	1	CC
GO:0001674	female germ cell nucleus	2	1	1.59	0.958	1	CC
GO:0031430	M band	2	1	1.59	0.958	1	CC
GO:0005871	kinesin complex	2	1	1.59	0.958	1	CC
GO:1990635	proximal dendrite	2	1	1.59	0.958	1	CC
GO:0045271	respiratory chain complex I	2	1	1.59	0.958	1	CC
GO:0098592	cytoplasmic side of apical plasma membra...	2	1	1.59	0.958	1	CC
GO:0031907	microbody lumen	2	1	1.59	0.958	1	CC
GO:1904949	ATPase complex	2	1	1.59	0.958	1	CC
GO:0030478	actin cap	2	1	1.59	0.958	1	CC
GO:0031080	nuclear pore outer ring	2	1	1.59	0.958	1	CC
GO:0030663	COPI-coated vesicle membrane	2	1	1.59	0.958	1	CC
GO:0005769	early endosome	17	11	13.52	0.96	1	CC
GO:0016604	nuclear body	43	30	34.21	0.962	1	CC
GO:0030659	cytoplasmic vesicle membrane	55	39	43.75	0.962	1	CC
GO:0005765	lysosomal membrane	7	4	5.57	0.965	1	CC
GO:0097731	9+0 non-motile cilium	7	4	5.57	0.965	1	CC
GO:0097733	photoreceptor cell cilium	7	4	5.57	0.965	1	CC
GO:0005776	autophagosome	10	6	7.95	0.965	1	CC
GO:0099513	polymeric cytoskeletal fiber	20	13	15.91	0.966	1	CC
GO:0005758	mitochondrial intermembrane space	4	2	3.18	0.971	1	CC
GO:0000322	storage vacuole	4	2	3.18	0.971	1	CC
GO:0035869	ciliary transition zone	4	2	3.18	0.971	1	CC
GO:0000421	autophagosome membrane	4	2	3.18	0.971	1	CC
GO:0000793	condensed chromosome	16	10	12.73	0.972	1	CC
GO:0005773	vacuole	41	28	32.62	0.975	1	CC
GO:0010008	endosome membrane	22	14	17.5	0.979	1	CC
GO:0030666	endocytic vesicle membrane	9	5	7.16	0.979	1	CC
GO:0098852	lytic vacuole membrane	9	5	7.16	0.979	1	CC
GO:0005874	microtubule	12	7	9.55	0.979	1	CC
GO:0031970	organelle envelope lumen	6	3	4.77	0.982	1	CC
GO:0000922	spindle pole	6	3	4.77	0.982	1	CC
GO:0030496	midbody	11	6	8.75	0.988	1	CC
GO:0005654	nucleoplasm	167	123	132.85	0.988	1	CC
GO:0070013	intracellular organelle lumen	240	180	190.92	0.988	1	CC
GO:0043233	organelle lumen	240	180	190.92	0.988	1	CC
GO:0031974	membrane-enclosed lumen	240	180	190.92	0.988	1	CC
GO:0036062	presynaptic periactive zone	3	1	2.39	0.992	1	CC
GO:0032391	photoreceptor connecting cilium	3	1	2.39	0.992	1	CC
GO:0031902	late endosome membrane	3	1	2.39	0.992	1	CC
GO:0005768	endosome	47	31	37.39	0.993	1	CC
GO:0005770	late endosome	9	4	7.16	0.997	1	CC
GO:0031981	nuclear lumen	200	146	159.1	0.997	1	CC
GO:0005774	vacuolar membrane	14	7	11.14	0.998	1	CC
GO:0000794	condensed nuclear chromosome	6	2	4.77	0.998	1	CC
GO:0110165	cellular anatomical entity	665	529	529	1	1	CC
GO:0005575	cellular_component	665	529	529	1	1	CC
