GO.ID	Term	Annotated	Significant	Expected	pval_test	pval_adj	ontology
GO:0001659	temperature homeostasis	4	4	1.09	0.0054	1	BP
GO:0044550	secondary metabolite biosynthetic proces...	4	4	1.09	0.0054	1	BP
GO:1901264	carbohydrate derivative transport	4	4	1.09	0.0054	1	BP
GO:0051703	biological process involved in intraspec...	4	4	1.09	0.0054	1	BP
GO:0006865	amino acid transport	10	7	2.73	0.0057	1	BP
GO:0042596	fear response	6	5	1.64	0.0068	1	BP
GO:0002029	desensitization of G protein-coupled rec...	6	5	1.64	0.0068	1	BP
GO:0071900	regulation of protein serine/threonine k...	31	15	8.47	0.0085	1	BP
GO:1901576	organic substance biosynthetic process	282	91	77.06	0.0095	1	BP
GO:0051931	regulation of sensory perception	9	6	2.46	0.0152	1	BP
GO:0045777	positive regulation of blood pressure	9	6	2.46	0.0152	1	BP
GO:0003084	positive regulation of systemic arterial...	7	5	1.91	0.0186	1	BP
GO:1903792	negative regulation of anion transport	3	3	0.82	0.0202	1	BP
GO:0042219	cellular modified amino acid catabolic p...	3	3	0.82	0.0202	1	BP
GO:0036098	male germ-line stem cell population main...	3	3	0.82	0.0202	1	BP
GO:0032891	negative regulation of organic acid tran...	3	3	0.82	0.0202	1	BP
GO:0031649	heat generation	3	3	0.82	0.0202	1	BP
GO:0044273	sulfur compound catabolic process	3	3	0.82	0.0202	1	BP
GO:0051955	regulation of amino acid transport	3	3	0.82	0.0202	1	BP
GO:2000181	negative regulation of blood vessel morp...	3	3	0.82	0.0202	1	BP
GO:1901343	negative regulation of vasculature devel...	3	3	0.82	0.0202	1	BP
GO:0003071	renal system process involved in regulat...	3	3	0.82	0.0202	1	BP
GO:0003009	skeletal muscle contraction	3	3	0.82	0.0202	1	BP
GO:0016525	negative regulation of angiogenesis	3	3	0.82	0.0202	1	BP
GO:0034975	protein folding in endoplasmic reticulum	3	3	0.82	0.0202	1	BP
GO:0046689	response to mercury ion	3	3	0.82	0.0202	1	BP
GO:0050881	musculoskeletal movement	3	3	0.82	0.0202	1	BP
GO:0050879	multicellular organismal movement	3	3	0.82	0.0202	1	BP
GO:0014048	regulation of glutamate secretion	3	3	0.82	0.0202	1	BP
GO:0006814	sodium ion transport	17	9	4.65	0.0209	1	BP
GO:0086004	regulation of cardiac muscle cell contra...	5	4	1.37	0.0214	1	BP
GO:0032890	regulation of organic acid transport	5	4	1.37	0.0214	1	BP
GO:0045776	negative regulation of blood pressure	5	4	1.37	0.0214	1	BP
GO:0015800	acidic amino acid transport	5	4	1.37	0.0214	1	BP
GO:0003085	negative regulation of systemic arterial...	5	4	1.37	0.0214	1	BP
GO:0003016	respiratory system process	5	4	1.37	0.0214	1	BP
GO:0050886	endocrine process	5	4	1.37	0.0214	1	BP
GO:0044060	regulation of endocrine process	5	4	1.37	0.0214	1	BP
GO:1903115	regulation of actin filament-based movem...	5	4	1.37	0.0214	1	BP
GO:0098801	regulation of renal system process	5	4	1.37	0.0214	1	BP
GO:0014047	glutamate secretion	5	4	1.37	0.0214	1	BP
GO:0045932	negative regulation of muscle contractio...	5	4	1.37	0.0214	1	BP
GO:0044249	cellular biosynthetic process	278	88	75.97	0.0219	1	BP
GO:1901362	organic cyclic compound biosynthetic pro...	197	65	53.83	0.0222	1	BP
GO:0044272	sulfur compound biosynthetic process	12	7	3.28	0.0223	1	BP
GO:0008217	regulation of blood pressure	12	7	3.28	0.0223	1	BP
GO:0044271	cellular nitrogen compound biosynthetic ...	231	74	63.12	0.0302	1	BP
GO:0001666	response to hypoxia	35	15	9.56	0.0308	1	BP
GO:0019438	aromatic compound biosynthetic process	193	63	52.74	0.0321	1	BP
GO:0006942	regulation of striated muscle contractio...	8	5	2.19	0.0387	1	BP
GO:0055117	regulation of cardiac muscle contraction	8	5	2.19	0.0387	1	BP
GO:0051930	regulation of sensory perception of pain	8	5	2.19	0.0387	1	BP
GO:0010460	positive regulation of heart rate	8	5	2.19	0.0387	1	BP
GO:0044237	cellular metabolic process	482	143	131.71	0.0419	1	BP
GO:1903046	meiotic cell cycle process	16	8	4.37	0.043	1	BP
GO:0071456	cellular response to hypoxia	16	8	4.37	0.043	1	BP
GO:0055088	lipid homeostasis	16	8	4.37	0.043	1	BP
GO:0007613	memory	19	9	5.19	0.0468	1	BP
GO:0043405	regulation of MAP kinase activity	22	10	6.01	0.0494	1	BP
GO:1905952	regulation of lipid localization	11	6	3.01	0.0503	1	BP
GO:0003073	regulation of systemic arterial blood pr...	11	6	3.01	0.0503	1	BP
GO:0051100	negative regulation of binding	11	6	3.01	0.0503	1	BP
GO:0010883	regulation of lipid storage	6	4	1.64	0.0505	1	BP
GO:0042693	muscle cell fate commitment	6	4	1.64	0.0505	1	BP
GO:0071901	negative regulation of protein serine/th...	6	4	1.64	0.0505	1	BP
GO:0006835	dicarboxylic acid transport	6	4	1.64	0.0505	1	BP
GO:0051153	regulation of striated muscle cell diffe...	6	4	1.64	0.0505	1	BP
GO:0051101	regulation of DNA binding	6	4	1.64	0.0505	1	BP
GO:0070482	response to oxygen levels	40	16	10.93	0.0508	1	BP
GO:0034641	cellular nitrogen compound metabolic pro...	304	93	83.07	0.0512	1	BP
GO:0036293	response to decreased oxygen levels	37	15	10.11	0.0515	1	BP
GO:0035725	sodium ion transmembrane transport	14	7	3.83	0.0578	1	BP
GO:0000122	negative regulation of transcription by ...	50	19	13.66	0.0584	1	BP
GO:0034654	nucleobase-containing compound biosynthe...	188	60	51.37	0.0598	1	BP
GO:0036294	cellular response to decreased oxygen le...	17	8	4.65	0.0626	1	BP
GO:0002209	behavioral defense response	4	3	1.09	0.0643	1	BP
GO:0006023	aminoglycan biosynthetic process	4	3	1.09	0.0643	1	BP
GO:0006024	glycosaminoglycan biosynthetic process	4	3	1.09	0.0643	1	BP
GO:0043171	peptide catabolic process	4	3	1.09	0.0643	1	BP
GO:0001662	behavioral fear response	4	3	1.09	0.0643	1	BP
GO:1900047	negative regulation of hemostasis	4	3	1.09	0.0643	1	BP
GO:1903523	negative regulation of blood circulation	4	3	1.09	0.0643	1	BP
GO:0042694	muscle cell fate specification	4	3	1.09	0.0643	1	BP
GO:0033866	nucleoside bisphosphate biosynthetic pro...	4	3	1.09	0.0643	1	BP
GO:0044247	cellular polysaccharide catabolic proces...	4	3	1.09	0.0643	1	BP
GO:0000079	regulation of cyclin-dependent protein s...	4	3	1.09	0.0643	1	BP
GO:0001990	regulation of systemic arterial blood pr...	4	3	1.09	0.0643	1	BP
GO:0033574	response to testosterone	4	3	1.09	0.0643	1	BP
GO:0070328	triglyceride homeostasis	4	3	1.09	0.0643	1	BP
GO:0045761	regulation of adenylate cyclase activity	4	3	1.09	0.0643	1	BP
GO:0002021	response to dietary excess	4	3	1.09	0.0643	1	BP
GO:1902369	negative regulation of RNA catabolic pro...	4	3	1.09	0.0643	1	BP
GO:1902373	negative regulation of mRNA catabolic pr...	4	3	1.09	0.0643	1	BP
GO:0046718	viral entry into host cell	4	3	1.09	0.0643	1	BP
GO:1904029	regulation of cyclin-dependent protein k...	4	3	1.09	0.0643	1	BP
GO:1905953	negative regulation of lipid localizatio...	4	3	1.09	0.0643	1	BP
GO:1905954	positive regulation of lipid localizatio...	4	3	1.09	0.0643	1	BP
GO:0003057	regulation of the force of heart contrac...	4	3	1.09	0.0643	1	BP
GO:0030195	negative regulation of blood coagulation	4	3	1.09	0.0643	1	BP
GO:0048168	regulation of neuronal synaptic plastici...	4	3	1.09	0.0643	1	BP
GO:1990845	adaptive thermogenesis	4	3	1.09	0.0643	1	BP
GO:0090280	positive regulation of calcium ion impor...	4	3	1.09	0.0643	1	BP
GO:0000272	polysaccharide catabolic process	4	3	1.09	0.0643	1	BP
GO:1901798	positive regulation of signal transducti...	4	3	1.09	0.0643	1	BP
GO:0098743	cell aggregation	4	3	1.09	0.0643	1	BP
GO:0050873	brown fat cell differentiation	4	3	1.09	0.0643	1	BP
GO:0050819	negative regulation of coagulation	4	3	1.09	0.0643	1	BP
GO:0005980	glycogen catabolic process	4	3	1.09	0.0643	1	BP
GO:0009251	glucan catabolic process	4	3	1.09	0.0643	1	BP
GO:0055090	acylglycerol homeostasis	4	3	1.09	0.0643	1	BP
GO:0030718	germ-line stem cell population maintenan...	4	3	1.09	0.0643	1	BP
GO:0034030	ribonucleoside bisphosphate biosynthetic...	4	3	1.09	0.0643	1	BP
GO:0034033	purine nucleoside bisphosphate biosynthe...	4	3	1.09	0.0643	1	BP
GO:0045986	negative regulation of smooth muscle con...	4	3	1.09	0.0643	1	BP
GO:0046942	carboxylic acid transport	20	9	5.47	0.0655	1	BP
GO:0007476	imaginal disc-derived wing morphogenesis	20	9	5.47	0.0655	1	BP
GO:0051321	meiotic cell cycle	20	9	5.47	0.0655	1	BP
GO:0031396	regulation of protein ubiquitination	20	9	5.47	0.0655	1	BP
GO:0018130	heterocycle biosynthetic process	189	60	51.65	0.0665	1	BP
GO:0006575	cellular modified amino acid metabolic p...	23	10	6.29	0.0671	1	BP
GO:0044264	cellular polysaccharide metabolic proces...	9	5	2.46	0.068	1	BP
GO:0043627	response to estrogen	9	5	2.46	0.068	1	BP
GO:0051147	regulation of muscle cell differentiatio...	9	5	2.46	0.068	1	BP
GO:0044070	regulation of anion transport	9	5	2.46	0.068	1	BP
GO:0005976	polysaccharide metabolic process	9	5	2.46	0.068	1	BP
GO:0003301	physiological cardiac muscle hypertrophy	2	2	0.55	0.0744	1	BP
GO:0061884	regulation of mini excitatory postsynapt...	2	2	0.55	0.0744	1	BP
GO:0061885	positive regulation of mini excitatory p...	2	2	0.55	0.0744	1	BP
GO:0043388	positive regulation of DNA binding	2	2	0.55	0.0744	1	BP
GO:0010884	positive regulation of lipid storage	2	2	0.55	0.0744	1	BP
GO:0048800	antennal morphogenesis	2	2	0.55	0.0744	1	BP
GO:1903795	regulation of inorganic anion transmembr...	2	2	0.55	0.0744	1	BP
GO:0030587	sorocarp development	2	2	0.55	0.0744	1	BP
GO:0021772	olfactory bulb development	2	2	0.55	0.0744	1	BP
GO:0043455	regulation of secondary metabolic proces...	2	2	0.55	0.0744	1	BP
GO:0098630	aggregation of unicellular organisms	2	2	0.55	0.0744	1	BP
GO:1990911	response to psychosocial stress	2	2	0.55	0.0744	1	BP
GO:0048630	skeletal muscle tissue growth	2	2	0.55	0.0744	1	BP
GO:0048631	regulation of skeletal muscle tissue gro...	2	2	0.55	0.0744	1	BP
GO:0048633	positive regulation of skeletal muscle t...	2	2	0.55	0.0744	1	BP
GO:0003298	physiological muscle hypertrophy	2	2	0.55	0.0744	1	BP
GO:0003223	ventricular compact myocardium morphogen...	2	2	0.55	0.0744	1	BP
GO:0003229	ventricular cardiac muscle tissue develo...	2	2	0.55	0.0744	1	BP
GO:0021538	epithalamus development	2	2	0.55	0.0744	1	BP
GO:0140053	mitochondrial gene expression	2	2	0.55	0.0744	1	BP
GO:0035309	wing and notum subfield formation	2	2	0.55	0.0744	1	BP
GO:1901098	positive regulation of autophagosome mat...	2	2	0.55	0.0744	1	BP
GO:0060080	inhibitory postsynaptic potential	2	2	0.55	0.0744	1	BP
GO:0051953	negative regulation of amine transport	2	2	0.55	0.0744	1	BP
GO:0051956	negative regulation of amino acid transp...	2	2	0.55	0.0744	1	BP
GO:0001991	regulation of systemic arterial blood pr...	2	2	0.55	0.0744	1	BP
GO:0001993	regulation of systemic arterial blood pr...	2	2	0.55	0.0744	1	BP
GO:0001996	positive regulation of heart rate by epi...	2	2	0.55	0.0744	1	BP
GO:0001997	positive regulation of the force of hear...	2	2	0.55	0.0744	1	BP
GO:0001999	renal response to blood flow involved in...	2	2	0.55	0.0744	1	BP
GO:0035176	social behavior	2	2	0.55	0.0744	1	BP
GO:1900376	regulation of secondary metabolite biosy...	2	2	0.55	0.0744	1	BP
GO:1900377	negative regulation of secondary metabol...	2	2	0.55	0.0744	1	BP
GO:0035116	embryonic hindlimb morphogenesis	2	2	0.55	0.0744	1	BP
GO:0048021	regulation of melanin biosynthetic proce...	2	2	0.55	0.0744	1	BP
GO:0048022	negative regulation of melanin biosynthe...	2	2	0.55	0.0744	1	BP
GO:0061050	regulation of cell growth involved in ca...	2	2	0.55	0.0744	1	BP
GO:0061051	positive regulation of cell growth invol...	2	2	0.55	0.0744	1	BP
GO:0061049	cell growth involved in cardiac muscle c...	2	2	0.55	0.0744	1	BP
GO:1900451	positive regulation of glutamate recepto...	2	2	0.55	0.0744	1	BP
GO:0021986	habenula development	2	2	0.55	0.0744	1	BP
GO:0021988	olfactory lobe development	2	2	0.55	0.0744	1	BP
GO:1903959	regulation of anion transmembrane transp...	2	2	0.55	0.0744	1	BP
GO:0044849	estrous cycle	2	2	0.55	0.0744	1	BP
GO:0006103	2-oxoglutarate metabolic process	2	2	0.55	0.0744	1	BP
GO:2000766	negative regulation of cytoplasmic trans...	2	2	0.55	0.0744	1	BP
GO:1905664	regulation of calcium ion import across ...	2	2	0.55	0.0744	1	BP
GO:1905665	positive regulation of calcium ion impor...	2	2	0.55	0.0744	1	BP
GO:0046148	pigment biosynthetic process	2	2	0.55	0.0744	1	BP
GO:0006220	pyrimidine nucleotide metabolic process	2	2	0.55	0.0744	1	BP
GO:1900133	regulation of renin secretion into blood...	2	2	0.55	0.0744	1	BP
GO:1900135	positive regulation of renin secretion i...	2	2	0.55	0.0744	1	BP
GO:0097186	amelogenesis	2	2	0.55	0.0744	1	BP
GO:0032922	circadian regulation of gene expression	2	2	0.55	0.0744	1	BP
GO:0007171	activation of transmembrane receptor pro...	2	2	0.55	0.0744	1	BP
GO:0006751	glutathione catabolic process	2	2	0.55	0.0744	1	BP
GO:0045822	negative regulation of heart contraction	2	2	0.55	0.0744	1	BP
GO:0035881	amacrine cell differentiation	2	2	0.55	0.0744	1	BP
GO:0007140	male meiotic nuclear division	2	2	0.55	0.0744	1	BP
GO:0002086	diaphragm contraction	2	2	0.55	0.0744	1	BP
GO:0002025	norepinephrine-epinephrine-mediated vaso...	2	2	0.55	0.0744	1	BP
GO:0030322	stabilization of membrane potential	2	2	0.55	0.0744	1	BP
GO:0002032	desensitization of G protein-coupled rec...	2	2	0.55	0.0744	1	BP
GO:0061383	trabecula morphogenesis	2	2	0.55	0.0744	1	BP
GO:0002001	renin secretion into blood stream	2	2	0.55	0.0744	1	BP
GO:0032048	cardiolipin metabolic process	2	2	0.55	0.0744	1	BP
GO:0032049	cardiolipin biosynthetic process	2	2	0.55	0.0744	1	BP
GO:0003099	positive regulation of the force of hear...	2	2	0.55	0.0744	1	BP
GO:2000677	regulation of transcription regulatory r...	2	2	0.55	0.0744	1	BP
GO:0006595	polyamine metabolic process	2	2	0.55	0.0744	1	BP
GO:0006596	polyamine biosynthetic process	2	2	0.55	0.0744	1	BP
GO:0003061	positive regulation of the force of hear...	2	2	0.55	0.0744	1	BP
GO:2000622	regulation of nuclear-transcribed mRNA c...	2	2	0.55	0.0744	1	BP
GO:2000623	negative regulation of nuclear-transcrib...	2	2	0.55	0.0744	1	BP
GO:0003059	positive regulation of the force of hear...	2	2	0.55	0.0744	1	BP
GO:0009303	rRNA transcription	2	2	0.55	0.0744	1	BP
GO:0003011	involuntary skeletal muscle contraction	2	2	0.55	0.0744	1	BP
GO:0008295	spermidine biosynthetic process	2	2	0.55	0.0744	1	BP
GO:0008215	spermine metabolic process	2	2	0.55	0.0744	1	BP
GO:0008216	spermidine metabolic process	2	2	0.55	0.0744	1	BP
GO:0006655	phosphatidylglycerol biosynthetic proces...	2	2	0.55	0.0744	1	BP
GO:0008206	bile acid metabolic process	2	2	0.55	0.0744	1	BP
GO:0002320	lymphoid progenitor cell differentiation	2	2	0.55	0.0744	1	BP
GO:0002328	pro-B cell differentiation	2	2	0.55	0.0744	1	BP
GO:0099120	socially cooperative development	2	2	0.55	0.0744	1	BP
GO:0007567	parturition	2	2	0.55	0.0744	1	BP
GO:0050884	neuromuscular process controlling postur...	2	2	0.55	0.0744	1	BP
GO:0007512	adult heart development	2	2	0.55	0.0744	1	BP
GO:0031152	aggregation involved in sorocarp develop...	2	2	0.55	0.0744	1	BP
GO:0042304	regulation of fatty acid biosynthetic pr...	2	2	0.55	0.0744	1	BP
GO:2000969	positive regulation of AMPA receptor act...	2	2	0.55	0.0744	1	BP
GO:0014050	negative regulation of glutamate secreti...	2	2	0.55	0.0744	1	BP
GO:0098816	mini excitatory postsynaptic potential	2	2	0.55	0.0744	1	BP
GO:0045988	negative regulation of striated muscle c...	2	2	0.55	0.0744	1	BP
GO:0055010	ventricular cardiac muscle tissue morpho...	2	2	0.55	0.0744	1	BP
GO:0106071	positive regulation of adenylate cyclase...	2	2	0.55	0.0744	1	BP
GO:0003321	positive regulation of blood pressure by...	2	2	0.55	0.0744	1	BP
GO:0042438	melanin biosynthetic process	2	2	0.55	0.0744	1	BP
GO:0043392	negative regulation of DNA binding	2	2	0.55	0.0744	1	BP
GO:0006469	negative regulation of protein kinase ac...	12	6	3.28	0.0782	1	BP
GO:0072330	monocarboxylic acid biosynthetic process	12	6	3.28	0.0782	1	BP
GO:0043408	regulation of MAPK cascade	39	15	10.66	0.0804	1	BP
GO:0042254	ribosome biogenesis	15	7	4.1	0.084	1	BP
GO:0140013	meiotic nuclear division	15	7	4.1	0.084	1	BP
GO:0031398	positive regulation of protein ubiquitin...	15	7	4.1	0.084	1	BP
GO:0048771	tissue remodeling	15	7	4.1	0.084	1	BP
GO:0032787	monocarboxylic acid metabolic process	33	13	9.02	0.0846	1	BP
GO:0009895	negative regulation of catabolic process	21	9	5.74	0.0883	1	BP
GO:0007472	wing disc morphogenesis	21	9	5.74	0.0883	1	BP
GO:0071453	cellular response to oxygen levels	21	9	5.74	0.0883	1	BP
GO:1903320	regulation of protein modification by sm...	24	10	6.56	0.0884	1	BP
GO:1902667	regulation of axon guidance	7	4	1.91	0.0929	1	BP
GO:1903825	organic acid transmembrane transport	7	4	1.91	0.0929	1	BP
GO:0003208	cardiac ventricle morphogenesis	7	4	1.91	0.0929	1	BP
GO:0033865	nucleoside bisphosphate metabolic proces...	7	4	1.91	0.0929	1	BP
GO:0033875	ribonucleoside bisphosphate metabolic pr...	7	4	1.91	0.0929	1	BP
GO:0008033	tRNA processing	7	4	1.91	0.0929	1	BP
GO:0002026	regulation of the force of heart contrac...	7	4	1.91	0.0929	1	BP
GO:0050728	negative regulation of inflammatory resp...	7	4	1.91	0.0929	1	BP
GO:1905039	carboxylic acid transmembrane transport	7	4	1.91	0.0929	1	BP
GO:0098739	import across plasma membrane	7	4	1.91	0.0929	1	BP
GO:0034032	purine nucleoside bisphosphate metabolic...	7	4	1.91	0.0929	1	BP
GO:0051701	biological process involved in interacti...	7	4	1.91	0.0929	1	BP
GO:0033993	response to lipid	56	20	15.3	0.0964	1	BP
GO:0006351	DNA-templated transcription	162	51	44.27	0.1047	1	BP
GO:0019217	regulation of fatty acid metabolic proce...	10	5	2.73	0.1066	1	BP
GO:0043409	negative regulation of MAPK cascade	10	5	2.73	0.1066	1	BP
GO:0016052	carbohydrate catabolic process	10	5	2.73	0.1066	1	BP
GO:0007034	vacuolar transport	10	5	2.73	0.1066	1	BP
GO:0006399	tRNA metabolic process	10	5	2.73	0.1066	1	BP
GO:0007187	G protein-coupled receptor signaling pat...	10	5	2.73	0.1066	1	BP
GO:0045823	positive regulation of heart contraction	10	5	2.73	0.1066	1	BP
GO:0006576	cellular biogenic amine metabolic proces...	10	5	2.73	0.1066	1	BP
GO:0042398	cellular modified amino acid biosyntheti...	10	5	2.73	0.1066	1	BP
GO:0009101	glycoprotein biosynthetic process	10	5	2.73	0.1066	1	BP
GO:1901137	carbohydrate derivative biosynthetic pro...	31	12	8.47	0.1079	1	BP
GO:0007517	muscle organ development	31	12	8.47	0.1079	1	BP
GO:0043436	oxoacid metabolic process	60	21	16.4	0.108	1	BP
GO:0006082	organic acid metabolic process	60	21	16.4	0.108	1	BP
GO:1901617	organic hydroxy compound biosynthetic pr...	13	6	3.55	0.1132	1	BP
GO:0033673	negative regulation of kinase activity	13	6	3.55	0.1132	1	BP
GO:0051348	negative regulation of transferase activ...	13	6	3.55	0.1132	1	BP
GO:0032355	response to estradiol	13	6	3.55	0.1132	1	BP
GO:0006790	sulfur compound metabolic process	25	10	6.83	0.1133	1	BP
GO:0006631	fatty acid metabolic process	25	10	6.83	0.1133	1	BP
GO:0032774	RNA biosynthetic process	163	51	44.54	0.1153	1	BP
GO:0097659	nucleic acid-templated transcription	163	51	44.54	0.1153	1	BP
GO:0034620	cellular response to unfolded protein	16	7	4.37	0.1159	1	BP
GO:1903322	positive regulation of protein modificat...	16	7	4.37	0.1159	1	BP
GO:0009100	glycoprotein metabolic process	16	7	4.37	0.1159	1	BP
GO:0001933	negative regulation of protein phosphory...	19	8	5.19	0.1162	1	BP
GO:0031326	regulation of cellular biosynthetic proc...	199	61	54.38	0.1237	1	BP
GO:1901566	organonitrogen compound biosynthetic pro...	98	32	26.78	0.1244	1	BP
GO:0006366	transcription by RNA polymerase II	129	41	35.25	0.1251	1	BP
GO:0006325	chromatin organization	35	13	9.56	0.1276	1	BP
GO:0043407	negative regulation of MAP kinase activi...	5	3	1.37	0.1288	1	BP
GO:0044409	entry into host	5	3	1.37	0.1288	1	BP
GO:1904892	regulation of receptor signaling pathway...	5	3	1.37	0.1288	1	BP
GO:0044275	cellular carbohydrate catabolic process	5	3	1.37	0.1288	1	BP
GO:0042698	ovulation cycle	5	3	1.37	0.1288	1	BP
GO:1904646	cellular response to amyloid-beta	5	3	1.37	0.1288	1	BP
GO:0046425	regulation of receptor signaling pathway...	5	3	1.37	0.1288	1	BP
GO:0097421	liver regeneration	5	3	1.37	0.1288	1	BP
GO:0008333	endosome to lysosome transport	5	3	1.37	0.1288	1	BP
GO:0035809	regulation of urine volume	5	3	1.37	0.1288	1	BP
GO:2000573	positive regulation of DNA biosynthetic ...	5	3	1.37	0.1288	1	BP
GO:0051339	regulation of lyase activity	5	3	1.37	0.1288	1	BP
GO:0003044	regulation of systemic arterial blood pr...	5	3	1.37	0.1288	1	BP
GO:1903312	negative regulation of mRNA metabolic pr...	5	3	1.37	0.1288	1	BP
GO:0006694	steroid biosynthetic process	5	3	1.37	0.1288	1	BP
GO:0098781	ncRNA transcription	5	3	1.37	0.1288	1	BP
GO:0042311	vasodilation	5	3	1.37	0.1288	1	BP
GO:0044000	movement in host	5	3	1.37	0.1288	1	BP
GO:0042475	odontogenesis of dentin-containing tooth	5	3	1.37	0.1288	1	BP
GO:0031279	regulation of cyclase activity	5	3	1.37	0.1288	1	BP
GO:0032101	regulation of response to external stimu...	48	17	13.12	0.1288	1	BP
GO:0009889	regulation of biosynthetic process	200	61	54.65	0.1348	1	BP
GO:0043603	cellular amide metabolic process	75	25	20.49	0.1361	1	BP
GO:0070588	calcium ion transmembrane transport	29	11	7.92	0.1371	1	BP
GO:0035120	post-embryonic appendage morphogenesis	26	10	7.1	0.1418	1	BP
GO:0015711	organic anion transport	26	10	7.1	0.1418	1	BP
GO:0010942	positive regulation of cell death	52	18	14.21	0.1437	1	BP
GO:0006355	regulation of DNA-templated transcriptio...	155	48	42.36	0.1457	1	BP
GO:0031324	negative regulation of cellular metaboli...	141	44	38.53	0.1458	1	BP
GO:0051260	protein homooligomerization	23	9	6.29	0.1462	1	BP
GO:0015980	energy derivation by oxidation of organi...	23	9	6.29	0.1462	1	BP
GO:0015931	nucleobase-containing compound transport	8	4	2.19	0.1472	1	BP
GO:0006940	regulation of smooth muscle contraction	8	4	2.19	0.1472	1	BP
GO:1900046	regulation of hemostasis	8	4	2.19	0.1472	1	BP
GO:1904645	response to amyloid-beta	8	4	2.19	0.1472	1	BP
GO:0035108	limb morphogenesis	8	4	2.19	0.1472	1	BP
GO:0006112	energy reserve metabolic process	8	4	2.19	0.1472	1	BP
GO:0035249	synaptic transmission, glutamatergic	8	4	2.19	0.1472	1	BP
GO:0006750	glutathione biosynthetic process	8	4	2.19	0.1472	1	BP
GO:1900271	regulation of long-term synaptic potenti...	8	4	2.19	0.1472	1	BP
GO:0046849	bone remodeling	8	4	2.19	0.1472	1	BP
GO:0030193	regulation of blood coagulation	8	4	2.19	0.1472	1	BP
GO:1990823	response to leukemia inhibitory factor	8	4	2.19	0.1472	1	BP
GO:1990830	cellular response to leukemia inhibitory...	8	4	2.19	0.1472	1	BP
GO:0009415	response to water	8	4	2.19	0.1472	1	BP
GO:0006633	fatty acid biosynthetic process	8	4	2.19	0.1472	1	BP
GO:0007585	respiratory gaseous exchange by respirat...	8	4	2.19	0.1472	1	BP
GO:0050818	regulation of coagulation	8	4	2.19	0.1472	1	BP
GO:0019184	nonribosomal peptide biosynthetic proces...	8	4	2.19	0.1472	1	BP
GO:0031100	animal organ regeneration	8	4	2.19	0.1472	1	BP
GO:0051090	regulation of DNA-binding transcription ...	20	8	5.47	0.1501	1	BP
GO:0031330	negative regulation of cellular cataboli...	20	8	5.47	0.1501	1	BP
GO:0007519	skeletal muscle tissue development	20	8	5.47	0.1501	1	BP
GO:0044092	negative regulation of molecular functio...	49	17	13.39	0.1504	1	BP
GO:0006357	regulation of transcription by RNA polym...	124	39	33.88	0.1518	1	BP
GO:0016032	viral process	17	7	4.65	0.1531	1	BP
GO:0031099	regeneration	17	7	4.65	0.1531	1	BP
GO:0018205	peptidyl-lysine modification	17	7	4.65	0.1531	1	BP
GO:0035967	cellular response to topologically incor...	17	7	4.65	0.1531	1	BP
GO:0003206	cardiac chamber morphogenesis	11	5	3.01	0.1536	1	BP
GO:0007030	Golgi organization	11	5	3.01	0.1536	1	BP
GO:0016485	protein processing	11	5	3.01	0.1536	1	BP
GO:0019915	lipid storage	11	5	3.01	0.1536	1	BP
GO:0050727	regulation of inflammatory response	11	5	3.01	0.1536	1	BP
GO:0006937	regulation of muscle contraction	14	6	3.83	0.1547	1	BP
GO:0010565	regulation of cellular ketone metabolic ...	14	6	3.83	0.1547	1	BP
GO:0031646	positive regulation of nervous system pr...	14	6	3.83	0.1547	1	BP
GO:0045444	fat cell differentiation	14	6	3.83	0.1547	1	BP
GO:0010001	glial cell differentiation	14	6	3.83	0.1547	1	BP
GO:0051384	response to glucocorticoid	14	6	3.83	0.1547	1	BP
GO:0019752	carboxylic acid metabolic process	56	19	15.3	0.1583	1	BP
GO:1903506	regulation of nucleic acid-templated tra...	156	48	42.63	0.1592	1	BP
GO:2001141	regulation of RNA biosynthetic process	156	48	42.63	0.1592	1	BP
GO:0035107	appendage morphogenesis	33	12	9.02	0.1597	1	BP
GO:0034645	cellular macromolecule biosynthetic proc...	220	66	60.12	0.1608	1	BP
GO:0006518	peptide metabolic process	63	21	17.22	0.1644	1	BP
GO:0002165	instar larval or pupal development	43	15	11.75	0.165	1	BP
GO:0009059	macromolecule biosynthetic process	224	67	61.21	0.1661	1	BP
GO:1901360	organic cyclic compound metabolic proces...	282	83	77.06	0.1706	1	BP
GO:0061061	muscle structure development	60	20	16.4	0.1725	1	BP
GO:0051253	negative regulation of RNA metabolic pro...	77	25	21.04	0.1732	1	BP
GO:0031644	regulation of nervous system process	27	10	7.38	0.1736	1	BP
GO:0035114	imaginal disc-derived appendage morphoge...	27	10	7.38	0.1736	1	BP
GO:0048737	imaginal disc-derived appendage developm...	27	10	7.38	0.1736	1	BP
GO:0010876	lipid localization	24	9	6.56	0.1808	1	BP
GO:0035220	wing disc development	24	9	6.56	0.1808	1	BP
GO:0048841	regulation of axon extension involved in...	3	2	0.82	0.1828	1	BP
GO:0048846	axon extension involved in axon guidance	3	2	0.82	0.1828	1	BP
GO:0010888	negative regulation of lipid storage	3	2	0.82	0.1828	1	BP
GO:0050651	dermatan sulfate proteoglycan biosynthet...	3	2	0.82	0.1828	1	BP
GO:0050655	dermatan sulfate proteoglycan metabolic ...	3	2	0.82	0.1828	1	BP
GO:0090502	RNA phosphodiester bond hydrolysis, endo...	3	2	0.82	0.1828	1	BP
GO:0060603	mammary gland duct morphogenesis	3	2	0.82	0.1828	1	BP
GO:1903793	positive regulation of anion transport	3	2	0.82	0.1828	1	BP
GO:0071548	response to dexamethasone	3	2	0.82	0.1828	1	BP
GO:0042255	ribosome assembly	3	2	0.82	0.1828	1	BP
GO:0010510	regulation of acetyl-CoA biosynthetic pr...	3	2	0.82	0.1828	1	BP
GO:0010544	negative regulation of platelet activati...	3	2	0.82	0.1828	1	BP
GO:0006084	acetyl-CoA metabolic process	3	2	0.82	0.1828	1	BP
GO:0006085	acetyl-CoA biosynthetic process	3	2	0.82	0.1828	1	BP
GO:0006086	acetyl-CoA biosynthetic process from pyr...	3	2	0.82	0.1828	1	BP
GO:0006029	proteoglycan metabolic process	3	2	0.82	0.1828	1	BP
GO:0048643	positive regulation of skeletal muscle t...	3	2	0.82	0.1828	1	BP
GO:0071616	acyl-CoA biosynthetic process	3	2	0.82	0.1828	1	BP
GO:0042762	regulation of sulfur metabolic process	3	2	0.82	0.1828	1	BP
GO:0001541	ovarian follicle development	3	2	0.82	0.1828	1	BP
GO:0036065	fucosylation	3	2	0.82	0.1828	1	BP
GO:0003215	cardiac right ventricle morphogenesis	3	2	0.82	0.1828	1	BP
GO:0072527	pyrimidine-containing compound metabolic...	3	2	0.82	0.1828	1	BP
GO:0050994	regulation of lipid catabolic process	3	2	0.82	0.1828	1	BP
GO:0050996	positive regulation of lipid catabolic p...	3	2	0.82	0.1828	1	BP
GO:0060986	endocrine hormone secretion	3	2	0.82	0.1828	1	BP
GO:0043243	positive regulation of protein-containin...	3	2	0.82	0.1828	1	BP
GO:1904893	negative regulation of receptor signalin...	3	2	0.82	0.1828	1	BP
GO:2000311	regulation of AMPA receptor activity	3	2	0.82	0.1828	1	BP
GO:0035384	thioester biosynthetic process	3	2	0.82	0.1828	1	BP
GO:0042590	antigen processing and presentation of e...	3	2	0.82	0.1828	1	BP
GO:1905209	positive regulation of cardiocyte differ...	3	2	0.82	0.1828	1	BP
GO:0034111	negative regulation of homotypic cell-ce...	3	2	0.82	0.1828	1	BP
GO:1901096	regulation of autophagosome maturation	3	2	0.82	0.1828	1	BP
GO:0098901	regulation of cardiac muscle cell action...	3	2	0.82	0.1828	1	BP
GO:0098909	regulation of cardiac muscle cell action...	3	2	0.82	0.1828	1	BP
GO:0002673	regulation of acute inflammatory respons...	3	2	0.82	0.1828	1	BP
GO:0006356	regulation of transcription by RNA polym...	3	2	0.82	0.1828	1	BP
GO:0090075	relaxation of muscle	3	2	0.82	0.1828	1	BP
GO:0051972	regulation of telomerase activity	3	2	0.82	0.1828	1	BP
GO:0051973	positive regulation of telomerase activi...	3	2	0.82	0.1828	1	BP
GO:1904502	regulation of lipophagy	3	2	0.82	0.1828	1	BP
GO:1904504	positive regulation of lipophagy	3	2	0.82	0.1828	1	BP
GO:0022617	extracellular matrix disassembly	3	2	0.82	0.1828	1	BP
GO:0061099	negative regulation of protein tyrosine ...	3	2	0.82	0.1828	1	BP
GO:0043576	regulation of respiratory gaseous exchan...	3	2	0.82	0.1828	1	BP
GO:0035137	hindlimb morphogenesis	3	2	0.82	0.1828	1	BP
GO:2000286	receptor internalization involved in can...	3	2	0.82	0.1828	1	BP
GO:0046471	phosphatidylglycerol metabolic process	3	2	0.82	0.1828	1	BP
GO:0046426	negative regulation of receptor signalin...	3	2	0.82	0.1828	1	BP
GO:2000765	regulation of cytoplasmic translation	3	2	0.82	0.1828	1	BP
GO:0060384	innervation	3	2	0.82	0.1828	1	BP
GO:0007469	antennal development	3	2	0.82	0.1828	1	BP
GO:0045762	positive regulation of adenylate cyclase...	3	2	0.82	0.1828	1	BP
GO:2000727	positive regulation of cardiac muscle ce...	3	2	0.82	0.1828	1	BP
GO:0007474	imaginal disc-derived wing vein specific...	3	2	0.82	0.1828	1	BP
GO:0007400	neuroblast fate determination	3	2	0.82	0.1828	1	BP
GO:0002904	positive regulation of B cell apoptotic ...	3	2	0.82	0.1828	1	BP
GO:0007190	activation of adenylate cyclase activity	3	2	0.82	0.1828	1	BP
GO:0060456	positive regulation of digestive system ...	3	2	0.82	0.1828	1	BP
GO:0090331	negative regulation of platelet aggregat...	3	2	0.82	0.1828	1	BP
GO:0060416	response to growth hormone	3	2	0.82	0.1828	1	BP
GO:0060444	branching involved in mammary gland duct...	3	2	0.82	0.1828	1	BP
GO:0002087	regulation of respiratory gaseous exchan...	3	2	0.82	0.1828	1	BP
GO:0035811	negative regulation of urine volume	3	2	0.82	0.1828	1	BP
GO:0035812	renal sodium excretion	3	2	0.82	0.1828	1	BP
GO:0035813	regulation of renal sodium excretion	3	2	0.82	0.1828	1	BP
GO:0002024	diet induced thermogenesis	3	2	0.82	0.1828	1	BP
GO:0002031	G protein-coupled receptor internalizati...	3	2	0.82	0.1828	1	BP
GO:0097254	renal tubular secretion	3	2	0.82	0.1828	1	BP
GO:0015807	L-amino acid transport	3	2	0.82	0.1828	1	BP
GO:0070296	sarcoplasmic reticulum calcium ion trans...	3	2	0.82	0.1828	1	BP
GO:0043950	positive regulation of cAMP-mediated sig...	3	2	0.82	0.1828	1	BP
GO:0071462	cellular response to water stimulus	3	2	0.82	0.1828	1	BP
GO:0010457	centriole-centriole cohesion	3	2	0.82	0.1828	1	BP
GO:0046877	regulation of saliva secretion	3	2	0.82	0.1828	1	BP
GO:0046878	positive regulation of saliva secretion	3	2	0.82	0.1828	1	BP
GO:1902475	L-alpha-amino acid transmembrane transpo...	3	2	0.82	0.1828	1	BP
GO:0070230	positive regulation of lymphocyte apopto...	3	2	0.82	0.1828	1	BP
GO:0045685	regulation of glial cell differentiation	3	2	0.82	0.1828	1	BP
GO:0003081	regulation of systemic arterial blood pr...	3	2	0.82	0.1828	1	BP
GO:0048169	regulation of long-term neuronal synapti...	3	2	0.82	0.1828	1	BP
GO:0030166	proteoglycan biosynthetic process	3	2	0.82	0.1828	1	BP
GO:0072348	sulfur compound transport	3	2	0.82	0.1828	1	BP
GO:0045604	regulation of epidermal cell differentia...	3	2	0.82	0.1828	1	BP
GO:0051155	positive regulation of striated muscle c...	3	2	0.82	0.1828	1	BP
GO:0009414	response to water deprivation	3	2	0.82	0.1828	1	BP
GO:0050732	negative regulation of peptidyl-tyrosine...	3	2	0.82	0.1828	1	BP
GO:0006620	post-translational protein targeting to ...	3	2	0.82	0.1828	1	BP
GO:0030252	growth hormone secretion	3	2	0.82	0.1828	1	BP
GO:1902284	neuron projection extension involved in ...	3	2	0.82	0.1828	1	BP
GO:0007526	larval somatic muscle development	3	2	0.82	0.1828	1	BP
GO:0050812	regulation of acyl-CoA biosynthetic proc...	3	2	0.82	0.1828	1	BP
GO:0002456	T cell mediated immunity	3	2	0.82	0.1828	1	BP
GO:0044062	regulation of excretion	3	2	0.82	0.1828	1	BP
GO:0044065	regulation of respiratory system process	3	2	0.82	0.1828	1	BP
GO:0030728	ovulation	3	2	0.82	0.1828	1	BP
GO:0061724	lipophagy	3	2	0.82	0.1828	1	BP
GO:0051782	negative regulation of cell division	3	2	0.82	0.1828	1	BP
GO:0010738	regulation of protein kinase A signaling	3	2	0.82	0.1828	1	BP
GO:0010739	positive regulation of protein kinase A ...	3	2	0.82	0.1828	1	BP
GO:0045940	positive regulation of steroid metabolic...	3	2	0.82	0.1828	1	BP
GO:0030857	negative regulation of epithelial cell d...	3	2	0.82	0.1828	1	BP
GO:0003333	amino acid transmembrane transport	3	2	0.82	0.1828	1	BP
GO:0010893	positive regulation of steroid biosynthe...	3	2	0.82	0.1828	1	BP
GO:0055008	cardiac muscle tissue morphogenesis	3	2	0.82	0.1828	1	BP
GO:0032103	positive regulation of response to exter...	21	8	5.74	0.1881	1	BP
GO:0034470	ncRNA processing	21	8	5.74	0.1881	1	BP
GO:0071902	positive regulation of protein serine/th...	21	8	5.74	0.1881	1	BP
GO:0060538	skeletal muscle organ development	21	8	5.74	0.1881	1	BP
GO:0019932	second-messenger-mediated signaling	34	12	9.29	0.1897	1	BP
GO:0048736	appendage development	34	12	9.29	0.1897	1	BP
GO:0098662	inorganic cation transmembrane transport	54	18	14.76	0.1899	1	BP
GO:0006725	cellular aromatic compound metabolic pro...	273	80	74.6	0.1944	1	BP
GO:0006986	response to unfolded protein	18	7	4.92	0.1952	1	BP
GO:1903034	regulation of response to wounding	18	7	4.92	0.1952	1	BP
GO:0042063	gliogenesis	18	7	4.92	0.1952	1	BP
GO:0010467	gene expression	248	73	67.77	0.1983	1	BP
GO:0044260	cellular macromolecule metabolic process	350	101	95.64	0.201	1	BP
GO:0042180	cellular ketone metabolic process	15	6	4.1	0.2019	1	BP
GO:0016072	rRNA metabolic process	15	6	4.1	0.2019	1	BP
GO:1903524	positive regulation of blood circulation	15	6	4.1	0.2019	1	BP
GO:0045333	cellular respiration	15	6	4.1	0.2019	1	BP
GO:0030968	endoplasmic reticulum unfolded protein r...	15	6	4.1	0.2019	1	BP
GO:0044706	multi-multicellular organism process	15	6	4.1	0.2019	1	BP
GO:0031960	response to corticosteroid	15	6	4.1	0.2019	1	BP
GO:1901342	regulation of vasculature development	15	6	4.1	0.2019	1	BP
GO:0006898	receptor-mediated endocytosis	15	6	4.1	0.2019	1	BP
GO:0030307	positive regulation of cell growth	15	6	4.1	0.2019	1	BP
GO:1901293	nucleoside phosphate biosynthetic proces...	15	6	4.1	0.2019	1	BP
GO:0009165	nucleotide biosynthetic process	15	6	4.1	0.2019	1	BP
GO:1903131	mononuclear cell differentiation	15	6	4.1	0.2019	1	BP
GO:0051252	regulation of RNA metabolic process	166	50	45.36	0.2027	1	BP
GO:0045944	positive regulation of transcription by ...	75	24	20.49	0.203	1	BP
GO:0016070	RNA metabolic process	209	62	57.11	0.2059	1	BP
GO:0002244	hematopoietic progenitor cell differenti...	6	3	1.64	0.2071	1	BP
GO:0098659	inorganic cation import across plasma me...	6	3	1.64	0.2071	1	BP
GO:0099587	inorganic ion import across plasma membr...	6	3	1.64	0.2071	1	BP
GO:0048641	regulation of skeletal muscle tissue dev...	6	3	1.64	0.2071	1	BP
GO:0043268	positive regulation of potassium ion tra...	6	3	1.64	0.2071	1	BP
GO:0001676	long-chain fatty acid metabolic process	6	3	1.64	0.2071	1	BP
GO:0040020	regulation of meiotic nuclear division	6	3	1.64	0.2071	1	BP
GO:0006400	tRNA modification	6	3	1.64	0.2071	1	BP
GO:0061045	negative regulation of wound healing	6	3	1.64	0.2071	1	BP
GO:2000273	positive regulation of signaling recepto...	6	3	1.64	0.2071	1	BP
GO:0046189	phenol-containing compound biosynthetic ...	6	3	1.64	0.2071	1	BP
GO:0060420	regulation of heart growth	6	3	1.64	0.2071	1	BP
GO:0060419	heart growth	6	3	1.64	0.2071	1	BP
GO:0060443	mammary gland morphogenesis	6	3	1.64	0.2071	1	BP
GO:1900273	positive regulation of long-term synapti...	6	3	1.64	0.2071	1	BP
GO:0007259	receptor signaling pathway via JAK-STAT	6	3	1.64	0.2071	1	BP
GO:1990776	response to angiotensin	6	3	1.64	0.2071	1	BP
GO:0007215	glutamate receptor signaling pathway	6	3	1.64	0.2071	1	BP
GO:0010463	mesenchymal cell proliferation	6	3	1.64	0.2071	1	BP
GO:0051445	regulation of meiotic cell cycle	6	3	1.64	0.2071	1	BP
GO:0009309	amine biosynthetic process	6	3	1.64	0.2071	1	BP
GO:0090279	regulation of calcium ion import	6	3	1.64	0.2071	1	BP
GO:0090207	regulation of triglyceride metabolic pro...	6	3	1.64	0.2071	1	BP
GO:0051149	positive regulation of muscle cell diffe...	6	3	1.64	0.2071	1	BP
GO:0032368	regulation of lipid transport	6	3	1.64	0.2071	1	BP
GO:1904385	cellular response to angiotensin	6	3	1.64	0.2071	1	BP
GO:0097696	receptor signaling pathway via STAT	6	3	1.64	0.2071	1	BP
GO:0014013	regulation of gliogenesis	6	3	1.64	0.2071	1	BP
GO:0030856	regulation of epithelial cell differenti...	6	3	1.64	0.2071	1	BP
GO:0042401	cellular biogenic amine biosynthetic pro...	6	3	1.64	0.2071	1	BP
GO:0006941	striated muscle contraction	12	5	3.28	0.2075	1	BP
GO:0003205	cardiac chamber development	12	5	3.28	0.2075	1	BP
GO:0044106	cellular amine metabolic process	12	5	3.28	0.2075	1	BP
GO:0060048	cardiac muscle contraction	12	5	3.28	0.2075	1	BP
GO:0046390	ribose phosphate biosynthetic process	12	5	3.28	0.2075	1	BP
GO:0000077	DNA damage checkpoint signaling	12	5	3.28	0.2075	1	BP
GO:0035265	organ growth	12	5	3.28	0.2075	1	BP
GO:0019058	viral life cycle	12	5	3.28	0.2075	1	BP
GO:0051302	regulation of cell division	12	5	3.28	0.2075	1	BP
GO:0046890	regulation of lipid biosynthetic process	12	5	3.28	0.2075	1	BP
GO:0009308	amine metabolic process	12	5	3.28	0.2075	1	BP
GO:0009152	purine ribonucleotide biosynthetic proce...	12	5	3.28	0.2075	1	BP
GO:0007596	blood coagulation	12	5	3.28	0.2075	1	BP
GO:0007599	hemostasis	12	5	3.28	0.2075	1	BP
GO:0050817	coagulation	12	5	3.28	0.2075	1	BP
GO:0009260	ribonucleotide biosynthetic process	12	5	3.28	0.2075	1	BP
GO:0006091	generation of precursor metabolites and ...	28	10	7.65	0.2086	1	BP
GO:0086003	cardiac muscle cell contraction	9	4	2.46	0.2105	1	BP
GO:0043433	negative regulation of DNA-binding trans...	9	4	2.46	0.2105	1	BP
GO:0031623	receptor internalization	9	4	2.46	0.2105	1	BP
GO:0061097	regulation of protein tyrosine kinase ac...	9	4	2.46	0.2105	1	BP
GO:0097327	response to antineoplastic agent	9	4	2.46	0.2105	1	BP
GO:0007188	adenylate cyclase-modulating G protein-c...	9	4	2.46	0.2105	1	BP
GO:0018394	peptidyl-lysine acetylation	9	4	2.46	0.2105	1	BP
GO:0032091	negative regulation of protein binding	9	4	2.46	0.2105	1	BP
GO:0060173	limb development	9	4	2.46	0.2105	1	BP
GO:0046717	acid secretion	9	4	2.46	0.2105	1	BP
GO:0043949	regulation of cAMP-mediated signaling	9	4	2.46	0.2105	1	BP
GO:0043068	positive regulation of programmed cell d...	45	15	12.3	0.22	1	BP
GO:0009892	negative regulation of metabolic process	160	48	43.72	0.2206	1	BP
GO:0019216	regulation of lipid metabolic process	35	12	9.56	0.2221	1	BP
GO:1901615	organic hydroxy compound metabolic proce...	35	12	9.56	0.2221	1	BP
GO:0044283	small molecule biosynthetic process	35	12	9.56	0.2221	1	BP
GO:0000165	MAPK cascade	52	17	14.21	0.2264	1	BP
GO:0022613	ribonucleoprotein complex biogenesis	22	8	6.01	0.2297	1	BP
GO:0048167	regulation of synaptic plasticity	22	8	6.01	0.2297	1	BP
GO:0042326	negative regulation of phosphorylation	22	8	6.01	0.2297	1	BP
GO:0009267	cellular response to starvation	22	8	6.01	0.2297	1	BP
GO:0031668	cellular response to extracellular stimu...	32	11	8.74	0.2337	1	BP
GO:0031400	negative regulation of protein modificat...	32	11	8.74	0.2337	1	BP
GO:0051276	chromosome organization	49	16	13.39	0.2379	1	BP
GO:0009891	positive regulation of biosynthetic proc...	115	35	31.43	0.2383	1	BP
GO:0044403	biological process involved in symbiotic...	19	7	5.19	0.2413	1	BP
GO:0035637	multicellular organismal signaling	19	7	5.19	0.2413	1	BP
GO:0019318	hexose metabolic process	19	7	5.19	0.2413	1	BP
GO:0035966	response to topologically incorrect prot...	19	7	5.19	0.2413	1	BP
GO:0043604	amide biosynthetic process	56	18	15.3	0.2426	1	BP
GO:0042692	muscle cell differentiation	39	13	10.66	0.2436	1	BP
GO:0006753	nucleoside phosphate metabolic process	29	10	7.92	0.2462	1	BP
GO:0034976	response to endoplasmic reticulum stress	29	10	7.92	0.2462	1	BP
GO:0009117	nucleotide metabolic process	29	10	7.92	0.2462	1	BP
GO:0051604	protein maturation	16	6	4.37	0.2535	1	BP
GO:0050905	neuromuscular process	16	6	4.37	0.2535	1	BP
GO:0000075	cell cycle checkpoint signaling	16	6	4.37	0.2535	1	BP
GO:0034767	positive regulation of ion transmembrane...	16	6	4.37	0.2535	1	BP
GO:0070371	ERK1 and ERK2 cascade	16	6	4.37	0.2535	1	BP
GO:0015850	organic hydroxy compound transport	16	6	4.37	0.2535	1	BP
GO:0002027	regulation of heart rate	16	6	4.37	0.2535	1	BP
GO:0048569	post-embryonic animal organ development	53	17	14.48	0.2549	1	BP
GO:0023061	signal release	53	17	14.48	0.2549	1	BP
GO:0007560	imaginal disc morphogenesis	36	12	9.84	0.2566	1	BP
GO:0030001	metal ion transport	60	19	16.4	0.2581	1	BP
GO:0044281	small molecule metabolic process	102	31	27.87	0.2608	1	BP
GO:0045934	negative regulation of nucleobase-contai...	81	25	22.13	0.2619	1	BP
GO:0031323	regulation of cellular metabolic process	297	89	81.16	0.2621	1	BP
GO:0098657	import into cell	43	14	11.75	0.2635	1	BP
GO:0043065	positive regulation of apoptotic process	43	14	11.75	0.2635	1	BP
GO:0072522	purine-containing compound biosynthetic ...	13	5	3.55	0.2664	1	BP
GO:0016042	lipid catabolic process	13	5	3.55	0.2664	1	BP
GO:0030098	lymphocyte differentiation	13	5	3.55	0.2664	1	BP
GO:0061041	regulation of wound healing	13	5	3.55	0.2664	1	BP
GO:0006164	purine nucleotide biosynthetic process	13	5	3.55	0.2664	1	BP
GO:0019933	cAMP-mediated signaling	13	5	3.55	0.2664	1	BP
GO:0045765	regulation of angiogenesis	13	5	3.55	0.2664	1	BP
GO:0010469	regulation of signaling receptor activit...	13	5	3.55	0.2664	1	BP
GO:0008202	steroid metabolic process	13	5	3.55	0.2664	1	BP
GO:1903169	regulation of calcium ion transmembrane ...	13	5	3.55	0.2664	1	BP
GO:0048705	skeletal system morphogenesis	13	5	3.55	0.2664	1	BP
GO:0048511	rhythmic process	33	11	9.02	0.2707	1	BP
GO:0034660	ncRNA metabolic process	33	11	9.02	0.2707	1	BP
GO:0006816	calcium ion transport	33	11	9.02	0.2707	1	BP
GO:0060537	muscle tissue development	33	11	9.02	0.2707	1	BP
GO:0032402	melanosome transport	1	1	0.27	0.2733	1	BP
GO:0048818	positive regulation of hair follicle mat...	1	1	0.27	0.2733	1	BP
GO:0048819	regulation of hair follicle maturation	1	1	0.27	0.2733	1	BP
GO:0071825	protein-lipid complex subunit organizati...	1	1	0.27	0.2733	1	BP
GO:0071827	plasma lipoprotein particle organization	1	1	0.27	0.2733	1	BP
GO:0035905	ascending aorta development	1	1	0.27	0.2733	1	BP
GO:0001711	endodermal cell fate commitment	1	1	0.27	0.2733	1	BP
GO:0009720	detection of hormone stimulus	1	1	0.27	0.2733	1	BP
GO:0001714	endodermal cell fate specification	1	1	0.27	0.2733	1	BP
GO:0010885	regulation of cholesterol storage	1	1	0.27	0.2733	1	BP
GO:1902867	negative regulation of retina developmen...	1	1	0.27	0.2733	1	BP
GO:0010887	negative regulation of cholesterol stora...	1	1	0.27	0.2733	1	BP
GO:1902869	regulation of amacrine cell differentiat...	1	1	0.27	0.2733	1	BP
GO:0072203	cell proliferation involved in metanephr...	1	1	0.27	0.2733	1	BP
GO:0010875	positive regulation of cholesterol efflu...	1	1	0.27	0.2733	1	BP
GO:0010878	cholesterol storage	1	1	0.27	0.2733	1	BP
GO:0015936	coenzyme A metabolic process	1	1	0.27	0.2733	1	BP
GO:0015937	coenzyme A biosynthetic process	1	1	0.27	0.2733	1	BP
GO:0015939	pantothenate metabolic process	1	1	0.27	0.2733	1	BP
GO:0050667	homocysteine metabolic process	1	1	0.27	0.2733	1	BP
GO:0051875	pigment granule localization	1	1	0.27	0.2733	1	BP
GO:0010829	negative regulation of glucose transmemb...	1	1	0.27	0.2733	1	BP
GO:0042181	ketone biosynthetic process	1	1	0.27	0.2733	1	BP
GO:1902870	negative regulation of amacrine cell dif...	1	1	0.27	0.2733	1	BP
GO:0010813	neuropeptide catabolic process	1	1	0.27	0.2733	1	BP
GO:1903233	regulation of calcium ion-dependent exoc...	1	1	0.27	0.2733	1	BP
GO:0019230	proprioception	1	1	0.27	0.2733	1	BP
GO:0042177	negative regulation of protein catabolic...	1	1	0.27	0.2733	1	BP
GO:0060612	adipose tissue development	1	1	0.27	0.2733	1	BP
GO:0010830	regulation of myotube differentiation	1	1	0.27	0.2733	1	BP
GO:1901684	arsenate ion transmembrane transport	1	1	0.27	0.2733	1	BP
GO:0021798	forebrain dorsal/ventral pattern formati...	1	1	0.27	0.2733	1	BP
GO:1901679	nucleotide transmembrane transport	1	1	0.27	0.2733	1	BP
GO:0003413	chondrocyte differentiation involved in ...	1	1	0.27	0.2733	1	BP
GO:0003416	endochondral bone growth	1	1	0.27	0.2733	1	BP
GO:1903797	positive regulation of inorganic anion t...	1	1	0.27	0.2733	1	BP
GO:1903798	regulation of miRNA maturation	1	1	0.27	0.2733	1	BP
GO:0071569	protein ufmylation	1	1	0.27	0.2733	1	BP
GO:0045023	G0 to G1 transition	1	1	0.27	0.2733	1	BP
GO:0071554	cell wall organization or biogenesis	1	1	0.27	0.2733	1	BP
GO:0048521	negative regulation of behavior	1	1	0.27	0.2733	1	BP
GO:1905345	protein localization to cleavage furrow	1	1	0.27	0.2733	1	BP
GO:0048526	imaginal disc-derived wing expansion	1	1	0.27	0.2733	1	BP
GO:0030574	collagen catabolic process	1	1	0.27	0.2733	1	BP
GO:0071585	detoxification of cadmium ion	1	1	0.27	0.2733	1	BP
GO:0072741	protein localization to cell division si...	1	1	0.27	0.2733	1	BP
GO:0072733	response to staurosporine	1	1	0.27	0.2733	1	BP
GO:0072734	cellular response to staurosporine	1	1	0.27	0.2733	1	BP
GO:0086036	regulation of cardiac muscle cell membra...	1	1	0.27	0.2733	1	BP
GO:0010566	regulation of ketone biosynthetic proces...	1	1	0.27	0.2733	1	BP
GO:0030513	positive regulation of BMP signaling pat...	1	1	0.27	0.2733	1	BP
GO:1904147	response to nonylphenol	1	1	0.27	0.2733	1	BP
GO:1904148	cellular response to nonylphenol	1	1	0.27	0.2733	1	BP
GO:0035041	sperm DNA decondensation	1	1	0.27	0.2733	1	BP
GO:0046967	cytosol to endoplasmic reticulum transpo...	1	1	0.27	0.2733	1	BP
GO:0035039	male pronucleus assembly	1	1	0.27	0.2733	1	BP
GO:0003198	epithelial to mesenchymal transition inv...	1	1	0.27	0.2733	1	BP
GO:0009812	flavonoid metabolic process	1	1	0.27	0.2733	1	BP
GO:0048690	regulation of axon extension involved in...	1	1	0.27	0.2733	1	BP
GO:0048691	positive regulation of axon extension in...	1	1	0.27	0.2733	1	BP
GO:0032286	central nervous system myelin maintenanc...	1	1	0.27	0.2733	1	BP
GO:0003181	atrioventricular valve morphogenesis	1	1	0.27	0.2733	1	BP
GO:0003183	mitral valve morphogenesis	1	1	0.27	0.2733	1	BP
GO:0003174	mitral valve development	1	1	0.27	0.2733	1	BP
GO:0046937	phytochelatin metabolic process	1	1	0.27	0.2733	1	BP
GO:0046938	phytochelatin biosynthetic process	1	1	0.27	0.2733	1	BP
GO:1905456	regulation of lymphoid progenitor cell d...	1	1	0.27	0.2733	1	BP
GO:0032241	positive regulation of nucleobase-contai...	1	1	0.27	0.2733	1	BP
GO:0032242	regulation of nucleoside transport	1	1	0.27	0.2733	1	BP
GO:0032244	positive regulation of nucleoside transp...	1	1	0.27	0.2733	1	BP
GO:1904251	regulation of bile acid metabolic proces...	1	1	0.27	0.2733	1	BP
GO:0099566	regulation of postsynaptic cytosolic cal...	1	1	0.27	0.2733	1	BP
GO:0048682	sprouting of injured axon	1	1	0.27	0.2733	1	BP
GO:0048686	regulation of sprouting of injured axon	1	1	0.27	0.2733	1	BP
GO:0048687	positive regulation of sprouting of inju...	1	1	0.27	0.2733	1	BP
GO:0048689	formation of growth cone in injured axon	1	1	0.27	0.2733	1	BP
GO:0032239	regulation of nucleobase-containing comp...	1	1	0.27	0.2733	1	BP
GO:0099550	trans-synaptic signaling, modulating syn...	1	1	0.27	0.2733	1	BP
GO:0099552	trans-synaptic signaling by lipid, modul...	1	1	0.27	0.2733	1	BP
GO:0099553	trans-synaptic signaling by endocannabin...	1	1	0.27	0.2733	1	BP
GO:0048674	collateral sprouting of injured axon	1	1	0.27	0.2733	1	BP
GO:0048677	axon extension involved in regeneration	1	1	0.27	0.2733	1	BP
GO:0021889	olfactory bulb interneuron differentiati...	1	1	0.27	0.2733	1	BP
GO:0034367	protein-containing complex remodeling	1	1	0.27	0.2733	1	BP
GO:0034368	protein-lipid complex remodeling	1	1	0.27	0.2733	1	BP
GO:0034369	plasma lipoprotein particle remodeling	1	1	0.27	0.2733	1	BP
GO:1903862	positive regulation of oxidative phospho...	1	1	0.27	0.2733	1	BP
GO:0044321	response to leptin	1	1	0.27	0.2733	1	BP
GO:1904211	membrane protein proteolysis involved in...	1	1	0.27	0.2733	1	BP
GO:0042790	nucleolar large rRNA transcription by RN...	1	1	0.27	0.2733	1	BP
GO:0042791	5S class rRNA transcription by RNA polym...	1	1	0.27	0.2733	1	BP
GO:0042797	tRNA transcription by RNA polymerase III	1	1	0.27	0.2733	1	BP
GO:0001579	medium-chain fatty acid transport	1	1	0.27	0.2733	1	BP
GO:0006013	mannose metabolic process	1	1	0.27	0.2733	1	BP
GO:0019883	antigen processing and presentation of e...	1	1	0.27	0.2733	1	BP
GO:0034374	low-density lipoprotein particle remodel...	1	1	0.27	0.2733	1	BP
GO:0034375	high-density lipoprotein particle remode...	1	1	0.27	0.2733	1	BP
GO:0019885	antigen processing and presentation of e...	1	1	0.27	0.2733	1	BP
GO:0061687	detoxification of inorganic compound	1	1	0.27	0.2733	1	BP
GO:0051666	actin cortical patch localization	1	1	0.27	0.2733	1	BP
GO:0044341	sodium-dependent phosphate transport	1	1	0.27	0.2733	1	BP
GO:0030643	cellular phosphate ion homeostasis	1	1	0.27	0.2733	1	BP
GO:0150065	regulation of deacetylase activity	1	1	0.27	0.2733	1	BP
GO:0150066	negative regulation of deacetylase activ...	1	1	0.27	0.2733	1	BP
GO:0030647	aminoglycoside antibiotic metabolic proc...	1	1	0.27	0.2733	1	BP
GO:0099541	trans-synaptic signaling by lipid	1	1	0.27	0.2733	1	BP
GO:0099542	trans-synaptic signaling by endocannabin...	1	1	0.27	0.2733	1	BP
GO:0032792	negative regulation of CREB transcriptio...	1	1	0.27	0.2733	1	BP
GO:0044330	canonical Wnt signaling pathway involved...	1	1	0.27	0.2733	1	BP
GO:0044333	Wnt signaling pathway involved in digest...	1	1	0.27	0.2733	1	BP
GO:0051659	maintenance of mitochondrion location	1	1	0.27	0.2733	1	BP
GO:0044336	canonical Wnt signaling pathway involved...	1	1	0.27	0.2733	1	BP
GO:0042760	very long-chain fatty acid catabolic pro...	1	1	0.27	0.2733	1	BP
GO:0044337	canonical Wnt signaling pathway involved...	1	1	0.27	0.2733	1	BP
GO:0033189	response to vitamin A	1	1	0.27	0.2733	1	BP
GO:0042754	negative regulation of circadian rhythm	1	1	0.27	0.2733	1	BP
GO:1902683	regulation of receptor localization to s...	1	1	0.27	0.2733	1	BP
GO:1903840	response to arsenite(3-)	1	1	0.27	0.2733	1	BP
GO:1902685	positive regulation of receptor localiza...	1	1	0.27	0.2733	1	BP
GO:0042759	long-chain fatty acid biosynthetic proce...	1	1	0.27	0.2733	1	BP
GO:2001055	positive regulation of mesenchymal cell ...	1	1	0.27	0.2733	1	BP
GO:1903841	cellular response to arsenite(3-)	1	1	0.27	0.2733	1	BP
GO:1903842	response to arsenite ion	1	1	0.27	0.2733	1	BP
GO:1903843	cellular response to arsenite ion	1	1	0.27	0.2733	1	BP
GO:0061647	histone H3-K9 modification	1	1	0.27	0.2733	1	BP
GO:0032755	positive regulation of interleukin-6 pro...	1	1	0.27	0.2733	1	BP
GO:0001502	cartilage condensation	1	1	0.27	0.2733	1	BP
GO:0001504	neurotransmitter uptake	1	1	0.27	0.2733	1	BP
GO:0003284	septum primum development	1	1	0.27	0.2733	1	BP
GO:0042711	maternal behavior	1	1	0.27	0.2733	1	BP
GO:0003289	atrial septum primum morphogenesis	1	1	0.27	0.2733	1	BP
GO:1903800	positive regulation of miRNA maturation	1	1	0.27	0.2733	1	BP
GO:0046073	dTMP metabolic process	1	1	0.27	0.2733	1	BP
GO:0046078	dUMP metabolic process	1	1	0.27	0.2733	1	BP
GO:2001046	positive regulation of integrin-mediated...	1	1	0.27	0.2733	1	BP
GO:0003221	right ventricular cardiac muscle tissue ...	1	1	0.27	0.2733	1	BP
GO:0003222	ventricular trabecula myocardium morphog...	1	1	0.27	0.2733	1	BP
GO:0042730	fibrinolysis	1	1	0.27	0.2733	1	BP
GO:0031551	regulation of brain-derived neurotrophic...	1	1	0.27	0.2733	1	BP
GO:0003226	right ventricular compact myocardium mor...	1	1	0.27	0.2733	1	BP
GO:0031552	negative regulation of brain-derived neu...	1	1	0.27	0.2733	1	BP
GO:0001697	histamine-induced gastric acid secretion	1	1	0.27	0.2733	1	BP
GO:0001698	gastrin-induced gastric acid secretion	1	1	0.27	0.2733	1	BP
GO:0003214	cardiac left ventricle morphogenesis	1	1	0.27	0.2733	1	BP
GO:0003241	growth involved in heart morphogenesis	1	1	0.27	0.2733	1	BP
GO:0046048	UDP metabolic process	1	1	0.27	0.2733	1	BP
GO:0003243	circumferential growth involved in left ...	1	1	0.27	0.2733	1	BP
GO:0031573	mitotic intra-S DNA damage checkpoint si...	1	1	0.27	0.2733	1	BP
GO:0021553	olfactory nerve development	1	1	0.27	0.2733	1	BP
GO:0072528	pyrimidine-containing compound biosynthe...	1	1	0.27	0.2733	1	BP
GO:0072529	pyrimidine-containing compound catabolic...	1	1	0.27	0.2733	1	BP
GO:0033292	T-tubule organization	1	1	0.27	0.2733	1	BP
GO:1903564	regulation of protein localization to ci...	1	1	0.27	0.2733	1	BP
GO:1903565	negative regulation of protein localizat...	1	1	0.27	0.2733	1	BP
GO:1903567	regulation of protein localization to ci...	1	1	0.27	0.2733	1	BP
GO:1903568	negative regulation of protein localizat...	1	1	0.27	0.2733	1	BP
GO:0001682	tRNA 5'-leader removal	1	1	0.27	0.2733	1	BP
GO:0031547	brain-derived neurotrophic factor recept...	1	1	0.27	0.2733	1	BP
GO:0031548	regulation of brain-derived neurotrophic...	1	1	0.27	0.2733	1	BP
GO:1905133	negative regulation of meiotic chromosom...	1	1	0.27	0.2733	1	BP
GO:0031549	negative regulation of brain-derived neu...	1	1	0.27	0.2733	1	BP
GO:0016078	tRNA catabolic process	1	1	0.27	0.2733	1	BP
GO:0034471	ncRNA 5'-end processing	1	1	0.27	0.2733	1	BP
GO:1990036	calcium ion import into sarcoplasmic ret...	1	1	0.27	0.2733	1	BP
GO:0070983	dendrite guidance	1	1	0.27	0.2733	1	BP
GO:0021544	subpallium development	1	1	0.27	0.2733	1	BP
GO:0032892	positive regulation of organic acid tran...	1	1	0.27	0.2733	1	BP
GO:0032898	neurotrophin production	1	1	0.27	0.2733	1	BP
GO:0072501	cellular divalent inorganic anion homeos...	1	1	0.27	0.2733	1	BP
GO:0032899	regulation of neurotrophin production	1	1	0.27	0.2733	1	BP
GO:0072502	cellular trivalent inorganic anion homeo...	1	1	0.27	0.2733	1	BP
GO:0070920	regulation of production of small RNA in...	1	1	0.27	0.2733	1	BP
GO:0097094	craniofacial suture morphogenesis	1	1	0.27	0.2733	1	BP
GO:1901994	negative regulation of meiotic cell cycl...	1	1	0.27	0.2733	1	BP
GO:1903515	calcium ion transport from cytosol to en...	1	1	0.27	0.2733	1	BP
GO:0043217	myelin maintenance	1	1	0.27	0.2733	1	BP
GO:0050957	equilibrioception	1	1	0.27	0.2733	1	BP
GO:1904707	positive regulation of vascular associat...	1	1	0.27	0.2733	1	BP
GO:0034436	glycoprotein transport	1	1	0.27	0.2733	1	BP
GO:0033211	adiponectin-activated signaling pathway	1	1	0.27	0.2733	1	BP
GO:0033233	regulation of protein sumoylation	1	1	0.27	0.2733	1	BP
GO:0033234	negative regulation of protein sumoylati...	1	1	0.27	0.2733	1	BP
GO:0031650	regulation of heat generation	1	1	0.27	0.2733	1	BP
GO:0031652	positive regulation of heat generation	1	1	0.27	0.2733	1	BP
GO:0019692	deoxyribose phosphate metabolic process	1	1	0.27	0.2733	1	BP
GO:0097049	motor neuron apoptotic process	1	1	0.27	0.2733	1	BP
GO:0045317	equator specification	1	1	0.27	0.2733	1	BP
GO:0031645	negative regulation of nervous system pr...	1	1	0.27	0.2733	1	BP
GO:1904829	regulation of aortic smooth muscle cell ...	1	1	0.27	0.2733	1	BP
GO:0000966	RNA 5'-end processing	1	1	0.27	0.2733	1	BP
GO:0035310	notum cell fate specification	1	1	0.27	0.2733	1	BP
GO:0000959	mitochondrial RNA metabolic process	1	1	0.27	0.2733	1	BP
GO:0080058	protein deglutathionylation	1	1	0.27	0.2733	1	BP
GO:1904831	positive regulation of aortic smooth mus...	1	1	0.27	0.2733	1	BP
GO:0110021	cardiac muscle myoblast proliferation	1	1	0.27	0.2733	1	BP
GO:0110022	regulation of cardiac muscle myoblast pr...	1	1	0.27	0.2733	1	BP
GO:0019673	GDP-mannose metabolic process	1	1	0.27	0.2733	1	BP
GO:0110024	positive regulation of cardiac muscle my...	1	1	0.27	0.2733	1	BP
GO:1904837	beta-catenin-TCF complex assembly	1	1	0.27	0.2733	1	BP
GO:1905790	regulation of mechanosensory behavior	1	1	0.27	0.2733	1	BP
GO:1905792	positive regulation of mechanosensory be...	1	1	0.27	0.2733	1	BP
GO:0070076	histone lysine demethylation	1	1	0.27	0.2733	1	BP
GO:0006390	mitochondrial transcription	1	1	0.27	0.2733	1	BP
GO:0030997	regulation of centriole-centriole cohesi...	1	1	0.27	0.2733	1	BP
GO:0055118	negative regulation of cardiac muscle co...	1	1	0.27	0.2733	1	BP
GO:0055119	relaxation of cardiac muscle	1	1	0.27	0.2733	1	BP
GO:0045455	ecdysteroid metabolic process	1	1	0.27	0.2733	1	BP
GO:0045456	ecdysteroid biosynthetic process	1	1	0.27	0.2733	1	BP
GO:1905787	regulation of detection of mechanical st...	1	1	0.27	0.2733	1	BP
GO:1905789	positive regulation of detection of mech...	1	1	0.27	0.2733	1	BP
GO:0032543	mitochondrial translation	1	1	0.27	0.2733	1	BP
GO:0033700	phospholipid efflux	1	1	0.27	0.2733	1	BP
GO:0006362	transcription elongation by RNA polymera...	1	1	0.27	0.2733	1	BP
GO:0075294	positive regulation by symbiont of entry...	1	1	0.27	0.2733	1	BP
GO:0002674	negative regulation of acute inflammator...	1	1	0.27	0.2733	1	BP
GO:0002675	positive regulation of acute inflammator...	1	1	0.27	0.2733	1	BP
GO:0035455	response to interferon-alpha	1	1	0.27	0.2733	1	BP
GO:0071966	fungal-type cell wall polysaccharide met...	1	1	0.27	0.2733	1	BP
GO:0035457	cellular response to interferon-alpha	1	1	0.27	0.2733	1	BP
GO:0042501	serine phosphorylation of STAT protein	1	1	0.27	0.2733	1	BP
GO:1904585	response to putrescine	1	1	0.27	0.2733	1	BP
GO:1904586	cellular response to putrescine	1	1	0.27	0.2733	1	BP
GO:1905711	response to phosphatidylethanolamine	1	1	0.27	0.2733	1	BP
GO:0090094	metanephric cap mesenchymal cell prolife...	1	1	0.27	0.2733	1	BP
GO:0090095	regulation of metanephric cap mesenchyma...	1	1	0.27	0.2733	1	BP
GO:0090096	positive regulation of metanephric cap m...	1	1	0.27	0.2733	1	BP
GO:0032508	DNA duplex unwinding	1	1	0.27	0.2733	1	BP
GO:0010966	regulation of phosphate transport	1	1	0.27	0.2733	1	BP
GO:0010967	regulation of polyamine biosynthetic pro...	1	1	0.27	0.2733	1	BP
GO:0000097	sulfur amino acid biosynthetic process	1	1	0.27	0.2733	1	BP
GO:0000098	sulfur amino acid catabolic process	1	1	0.27	0.2733	1	BP
GO:0061988	karyosome formation	1	1	0.27	0.2733	1	BP
GO:0090069	regulation of ribosome biogenesis	1	1	0.27	0.2733	1	BP
GO:0010955	negative regulation of protein processin...	1	1	0.27	0.2733	1	BP
GO:0051967	negative regulation of synaptic transmis...	1	1	0.27	0.2733	1	BP
GO:0051957	positive regulation of amino acid transp...	1	1	0.27	0.2733	1	BP
GO:0035435	phosphate ion transmembrane transport	1	1	0.27	0.2733	1	BP
GO:2000192	negative regulation of fatty acid transp...	1	1	0.27	0.2733	1	BP
GO:0006334	nucleosome assembly	1	1	0.27	0.2733	1	BP
GO:0090070	positive regulation of ribosome biogenes...	1	1	0.27	0.2733	1	BP
GO:0051970	negative regulation of transmission of n...	1	1	0.27	0.2733	1	BP
GO:0090076	relaxation of skeletal muscle	1	1	0.27	0.2733	1	BP
GO:0010918	positive regulation of mitochondrial mem...	1	1	0.27	0.2733	1	BP
GO:0051917	regulation of fibrinolysis	1	1	0.27	0.2733	1	BP
GO:0046385	deoxyribose phosphate biosynthetic proce...	1	1	0.27	0.2733	1	BP
GO:0000028	ribosomal small subunit assembly	1	1	0.27	0.2733	1	BP
GO:0090030	regulation of steroid hormone biosynthet...	1	1	0.27	0.2733	1	BP
GO:0090031	positive regulation of steroid hormone b...	1	1	0.27	0.2733	1	BP
GO:2000185	regulation of phosphate transmembrane tr...	1	1	0.27	0.2733	1	BP
GO:2000187	positive regulation of phosphate transme...	1	1	0.27	0.2733	1	BP
GO:0090038	negative regulation of protein kinase C ...	1	1	0.27	0.2733	1	BP
GO:0051938	L-glutamate import	1	1	0.27	0.2733	1	BP
GO:0035196	miRNA processing	1	1	0.27	0.2733	1	BP
GO:1905868	regulation of 3'-UTR-mediated mRNA stabi...	1	1	0.27	0.2733	1	BP
GO:1902938	regulation of intracellular calcium acti...	1	1	0.27	0.2733	1	BP
GO:0046325	negative regulation of glucose import	1	1	0.27	0.2733	1	BP
GO:2000120	positive regulation of sodium-dependent ...	1	1	0.27	0.2733	1	BP
GO:0042631	cellular response to water deprivation	1	1	0.27	0.2733	1	BP
GO:0042634	regulation of hair cycle	1	1	0.27	0.2733	1	BP
GO:0001992	regulation of systemic arterial blood pr...	1	1	0.27	0.2733	1	BP
GO:0042635	positive regulation of hair cycle	1	1	0.27	0.2733	1	BP
GO:0042637	catagen	1	1	0.27	0.2733	1	BP
GO:0000038	very long-chain fatty acid metabolic pro...	1	1	0.27	0.2733	1	BP
GO:2000118	regulation of sodium-dependent phosphate...	1	1	0.27	0.2733	1	BP
GO:0051904	pigment granule transport	1	1	0.27	0.2733	1	BP
GO:0051905	establishment of pigment granule localiz...	1	1	0.27	0.2733	1	BP
GO:0008039	synaptic target recognition	1	1	0.27	0.2733	1	BP
GO:0046337	phosphatidylethanolamine metabolic proce...	1	1	0.27	0.2733	1	BP
GO:1904681	response to 3-methylcholanthrene	1	1	0.27	0.2733	1	BP
GO:1904682	cellular response to 3-methylcholanthren...	1	1	0.27	0.2733	1	BP
GO:0022616	DNA strand elongation	1	1	0.27	0.2733	1	BP
GO:2001300	lipoxin metabolic process	1	1	0.27	0.2733	1	BP
GO:2001301	lipoxin biosynthetic process	1	1	0.27	0.2733	1	BP
GO:0036343	psychomotor behavior	1	1	0.27	0.2733	1	BP
GO:0034761	positive regulation of iron ion transmem...	1	1	0.27	0.2733	1	BP
GO:1904620	cellular response to dimethyl sulfoxide	1	1	0.27	0.2733	1	BP
GO:0033594	response to hydroxyisoflavone	1	1	0.27	0.2733	1	BP
GO:0033595	response to genistein	1	1	0.27	0.2733	1	BP
GO:1900370	positive regulation of post-transcriptio...	1	1	0.27	0.2733	1	BP
GO:0006474	N-terminal protein amino acid acetylatio...	1	1	0.27	0.2733	1	BP
GO:1904627	response to phorbol 13-acetate 12-myrist...	1	1	0.27	0.2733	1	BP
GO:0006476	protein deacetylation	1	1	0.27	0.2733	1	BP
GO:1904628	cellular response to phorbol 13-acetate ...	1	1	0.27	0.2733	1	BP
GO:0034756	regulation of iron ion transport	1	1	0.27	0.2733	1	BP
GO:0034758	positive regulation of iron ion transpor...	1	1	0.27	0.2733	1	BP
GO:0034759	regulation of iron ion transmembrane tra...	1	1	0.27	0.2733	1	BP
GO:1904612	response to 2,3,7,8-tetrachlorodibenzodi...	1	1	0.27	0.2733	1	BP
GO:1904613	cellular response to 2,3,7,8-tetrachloro...	1	1	0.27	0.2733	1	BP
GO:1904619	response to dimethyl sulfoxide	1	1	0.27	0.2733	1	BP
GO:0001977	renal system process involved in regulat...	1	1	0.27	0.2733	1	BP
GO:0044719	regulation of imaginal disc-derived wing...	1	1	0.27	0.2733	1	BP
GO:0006414	translational elongation	1	1	0.27	0.2733	1	BP
GO:0034776	response to histamine	1	1	0.27	0.2733	1	BP
GO:0036302	atrioventricular canal development	1	1	0.27	0.2733	1	BP
GO:0034720	histone H3-K4 demethylation	1	1	0.27	0.2733	1	BP
GO:0034721	histone H3-K4 demethylation, trimethyl-H...	1	1	0.27	0.2733	1	BP
GO:0006448	regulation of translational elongation	1	1	0.27	0.2733	1	BP
GO:0009946	proximal/distal axis specification	1	1	0.27	0.2733	1	BP
GO:0043517	positive regulation of DNA damage respon...	1	1	0.27	0.2733	1	BP
GO:0061076	negative regulation of neural retina dev...	1	1	0.27	0.2733	1	BP
GO:0010085	polarity specification of proximal/dista...	1	1	0.27	0.2733	1	BP
GO:0014721	twitch skeletal muscle contraction	1	1	0.27	0.2733	1	BP
GO:0014724	regulation of twitch skeletal muscle con...	1	1	0.27	0.2733	1	BP
GO:0040002	collagen and cuticulin-based cuticle dev...	1	1	0.27	0.2733	1	BP
GO:2000289	regulation of photoreceptor cell axon gu...	1	1	0.27	0.2733	1	BP
GO:0018076	N-terminal peptidyl-lysine acetylation	1	1	0.27	0.2733	1	BP
GO:0046475	glycerophospholipid catabolic process	1	1	0.27	0.2733	1	BP
GO:2000272	negative regulation of signaling recepto...	1	1	0.27	0.2733	1	BP
GO:0043501	skeletal muscle adaptation	1	1	0.27	0.2733	1	BP
GO:0014733	regulation of skeletal muscle adaptation	1	1	0.27	0.2733	1	BP
GO:0061038	uterus morphogenesis	1	1	0.27	0.2733	1	BP
GO:0097325	melanocyte proliferation	1	1	0.27	0.2733	1	BP
GO:0043691	reverse cholesterol transport	1	1	0.27	0.2733	1	BP
GO:0051037	regulation of transcription involved in ...	1	1	0.27	0.2733	1	BP
GO:0051039	positive regulation of transcription inv...	1	1	0.27	0.2733	1	BP
GO:0044851	hair cycle phase	1	1	0.27	0.2733	1	BP
GO:2000232	regulation of rRNA processing	1	1	0.27	0.2733	1	BP
GO:2000234	positive regulation of rRNA processing	1	1	0.27	0.2733	1	BP
GO:0061009	common bile duct development	1	1	0.27	0.2733	1	BP
GO:1900453	negative regulation of long-term synapti...	1	1	0.27	0.2733	1	BP
GO:1903961	positive regulation of anion transmembra...	1	1	0.27	0.2733	1	BP
GO:0009092	homoserine metabolic process	1	1	0.27	0.2733	1	BP
GO:1990440	positive regulation of transcription fro...	1	1	0.27	0.2733	1	BP
GO:0043686	co-translational protein modification	1	1	0.27	0.2733	1	BP
GO:0044848	biological phase	1	1	0.27	0.2733	1	BP
GO:0009067	aspartate family amino acid biosynthetic...	1	1	0.27	0.2733	1	BP
GO:0045204	MAPK export from nucleus	1	1	0.27	0.2733	1	BP
GO:0009086	methionine biosynthetic process	1	1	0.27	0.2733	1	BP
GO:0014883	transition between fast and slow fiber	1	1	0.27	0.2733	1	BP
GO:0009072	aromatic amino acid family metabolic pro...	1	1	0.27	0.2733	1	BP
GO:0009074	aromatic amino acid family catabolic pro...	1	1	0.27	0.2733	1	BP
GO:0060363	cranial suture morphogenesis	1	1	0.27	0.2733	1	BP
GO:0060364	frontal suture morphogenesis	1	1	0.27	0.2733	1	BP
GO:2000761	positive regulation of N-terminal peptid...	1	1	0.27	0.2733	1	BP
GO:0006102	isocitrate metabolic process	1	1	0.27	0.2733	1	BP
GO:0060351	cartilage development involved in endoch...	1	1	0.27	0.2733	1	BP
GO:0045792	negative regulation of cell size	1	1	0.27	0.2733	1	BP
GO:2000759	regulation of N-terminal peptidyl-lysine...	1	1	0.27	0.2733	1	BP
GO:0014819	regulation of skeletal muscle contractio...	1	1	0.27	0.2733	1	BP
GO:0033632	regulation of cell-cell adhesion mediate...	1	1	0.27	0.2733	1	BP
GO:0036153	triglyceride acyl-chain remodeling	1	1	0.27	0.2733	1	BP
GO:0036155	acylglycerol acyl-chain remodeling	1	1	0.27	0.2733	1	BP
GO:1990169	stress response to copper ion	1	1	0.27	0.2733	1	BP
GO:0060317	cardiac epithelial to mesenchymal transi...	1	1	0.27	0.2733	1	BP
GO:0060343	trabecula formation	1	1	0.27	0.2733	1	BP
GO:0060346	bone trabecula formation	1	1	0.27	0.2733	1	BP
GO:0033601	positive regulation of mammary gland epi...	1	1	0.27	0.2733	1	BP
GO:0036120	cellular response to platelet-derived gr...	1	1	0.27	0.2733	1	BP
GO:0046131	pyrimidine ribonucleoside metabolic proc...	1	1	0.27	0.2733	1	BP
GO:0046133	pyrimidine ribonucleoside catabolic proc...	1	1	0.27	0.2733	1	BP
GO:0046135	pyrimidine nucleoside catabolic process	1	1	0.27	0.2733	1	BP
GO:1990170	stress response to cadmium ion	1	1	0.27	0.2733	1	BP
GO:0031063	regulation of histone deacetylation	1	1	0.27	0.2733	1	BP
GO:0031064	negative regulation of histone deacetyla...	1	1	0.27	0.2733	1	BP
GO:0045721	negative regulation of gluconeogenesis	1	1	0.27	0.2733	1	BP
GO:0006256	UDP catabolic process	1	1	0.27	0.2733	1	BP
GO:0045723	positive regulation of fatty acid biosyn...	1	1	0.27	0.2733	1	BP
GO:0036119	response to platelet-derived growth fact...	1	1	0.27	0.2733	1	BP
GO:0002926	tRNA wobble base 5-methoxycarbonylmethyl...	1	1	0.27	0.2733	1	BP
GO:0006271	DNA strand elongation involved in DNA re...	1	1	0.27	0.2733	1	BP
GO:0006272	leading strand elongation	1	1	0.27	0.2733	1	BP
GO:0045741	positive regulation of epidermal growth ...	1	1	0.27	0.2733	1	BP
GO:0060305	regulation of cell diameter	1	1	0.27	0.2733	1	BP
GO:0044524	protein sulfhydration	1	1	0.27	0.2733	1	BP
GO:0002946	tRNA C5-cytosine methylation	1	1	0.27	0.2733	1	BP
GO:0070493	thrombin-activated receptor signaling pa...	1	1	0.27	0.2733	1	BP
GO:0006221	pyrimidine nucleotide biosynthetic proce...	1	1	0.27	0.2733	1	BP
GO:0006226	dUMP biosynthetic process	1	1	0.27	0.2733	1	BP
GO:0045736	negative regulation of cyclin-dependent ...	1	1	0.27	0.2733	1	BP
GO:0006213	pyrimidine nucleoside metabolic process	1	1	0.27	0.2733	1	BP
GO:0006244	pyrimidine nucleotide catabolic process	1	1	0.27	0.2733	1	BP
GO:0006231	dTMP biosynthetic process	1	1	0.27	0.2733	1	BP
GO:1903054	negative regulation of extracellular mat...	1	1	0.27	0.2733	1	BP
GO:1900139	negative regulation of arachidonic acid ...	1	1	0.27	0.2733	1	BP
GO:1901304	regulation of spermidine biosynthetic pr...	1	1	0.27	0.2733	1	BP
GO:1901307	positive regulation of spermidine biosyn...	1	1	0.27	0.2733	1	BP
GO:0015727	lactate transport	1	1	0.27	0.2733	1	BP
GO:0019087	transformation of host cell by virus	1	1	0.27	0.2733	1	BP
GO:2001280	positive regulation of unsaturated fatty...	1	1	0.27	0.2733	1	BP
GO:0007194	negative regulation of adenylate cyclase...	1	1	0.27	0.2733	1	BP
GO:0007196	adenylate cyclase-inhibiting G protein-c...	1	1	0.27	0.2733	1	BP
GO:0090311	regulation of protein deacetylation	1	1	0.27	0.2733	1	BP
GO:2000864	regulation of estradiol secretion	1	1	0.27	0.2733	1	BP
GO:1903020	positive regulation of glycoprotein meta...	1	1	0.27	0.2733	1	BP
GO:2001279	regulation of unsaturated fatty acid bio...	1	1	0.27	0.2733	1	BP
GO:0000320	re-entry into mitotic cell cycle	1	1	0.27	0.2733	1	BP
GO:0015734	taurine transport	1	1	0.27	0.2733	1	BP
GO:0032986	protein-DNA complex disassembly	1	1	0.27	0.2733	1	BP
GO:0097187	dentinogenesis	1	1	0.27	0.2733	1	BP
GO:0042918	alkanesulfonate transport	1	1	0.27	0.2733	1	BP
GO:0042940	D-amino acid transport	1	1	0.27	0.2733	1	BP
GO:0002097	tRNA wobble base modification	1	1	0.27	0.2733	1	BP
GO:0002098	tRNA wobble uridine modification	1	1	0.27	0.2733	1	BP
GO:0060442	branching involved in prostate gland mor...	1	1	0.27	0.2733	1	BP
GO:0035864	response to potassium ion	1	1	0.27	0.2733	1	BP
GO:0050427	3'-phosphoadenosine 5'-phosphosulfate me...	1	1	0.27	0.2733	1	BP
GO:1900262	regulation of DNA-directed DNA polymeras...	1	1	0.27	0.2733	1	BP
GO:1900264	positive regulation of DNA-directed DNA ...	1	1	0.27	0.2733	1	BP
GO:2000831	regulation of steroid hormone secretion	1	1	0.27	0.2733	1	BP
GO:0002063	chondrocyte development	1	1	0.27	0.2733	1	BP
GO:0007112	male meiosis cytokinesis	1	1	0.27	0.2733	1	BP
GO:0000301	retrograde transport, vesicle recycling ...	1	1	0.27	0.2733	1	BP
GO:0035880	embryonic nail plate morphogenesis	1	1	0.27	0.2733	1	BP
GO:2001207	regulation of transcription elongation b...	1	1	0.27	0.2733	1	BP
GO:1901423	response to benzene	1	1	0.27	0.2733	1	BP
GO:2001208	negative regulation of transcription elo...	1	1	0.27	0.2733	1	BP
GO:0035887	aortic smooth muscle cell differentiatio...	1	1	0.27	0.2733	1	BP
GO:0007141	male meiosis I	1	1	0.27	0.2733	1	BP
GO:0007144	female meiosis I	1	1	0.27	0.2733	1	BP
GO:0035873	lactate transmembrane transport	1	1	0.27	0.2733	1	BP
GO:0045819	positive regulation of glycogen cataboli...	1	1	0.27	0.2733	1	BP
GO:0035878	nail development	1	1	0.27	0.2733	1	BP
GO:0035879	plasma membrane lactate transport	1	1	0.27	0.2733	1	BP
GO:0120178	steroid hormone biosynthetic process	1	1	0.27	0.2733	1	BP
GO:0002082	regulation of oxidative phosphorylation	1	1	0.27	0.2733	1	BP
GO:0032900	negative regulation of neurotrophin prod...	1	1	0.27	0.2733	1	BP
GO:0046203	spermidine catabolic process	1	1	0.27	0.2733	1	BP
GO:0046208	spermine catabolic process	1	1	0.27	0.2733	1	BP
GO:0000491	small nucleolar ribonucleoprotein comple...	1	1	0.27	0.2733	1	BP
GO:0000492	box C/D snoRNP assembly	1	1	0.27	0.2733	1	BP
GO:0035814	negative regulation of renal sodium excr...	1	1	0.27	0.2733	1	BP
GO:0015858	nucleoside transport	1	1	0.27	0.2733	1	BP
GO:0080184	response to phenylpropanoid	1	1	0.27	0.2733	1	BP
GO:0070166	enamel mineralization	1	1	0.27	0.2733	1	BP
GO:0061384	heart trabecula morphogenesis	1	1	0.27	0.2733	1	BP
GO:0060163	subpallium neuron fate commitment	1	1	0.27	0.2733	1	BP
GO:0015811	L-cystine transport	1	1	0.27	0.2733	1	BP
GO:0090427	activation of meiosis	1	1	0.27	0.2733	1	BP
GO:0015813	L-glutamate transmembrane transport	1	1	0.27	0.2733	1	BP
GO:0010359	regulation of anion channel activity	1	1	0.27	0.2733	1	BP
GO:0015819	lysine transport	1	1	0.27	0.2733	1	BP
GO:0051350	negative regulation of lyase activity	1	1	0.27	0.2733	1	BP
GO:1902362	melanocyte apoptotic process	1	1	0.27	0.2733	1	BP
GO:0010383	cell wall polysaccharide metabolic proce...	1	1	0.27	0.2733	1	BP
GO:0051355	proprioception involved in equilibriocep...	1	1	0.27	0.2733	1	BP
GO:0018352	protein-pyridoxal-5-phosphate linkage	1	1	0.27	0.2733	1	BP
GO:0061311	cell surface receptor signaling pathway ...	1	1	0.27	0.2733	1	BP
GO:0061312	BMP signaling pathway involved in heart ...	1	1	0.27	0.2733	1	BP
GO:0060174	limb bud formation	1	1	0.27	0.2733	1	BP
GO:0030302	deoxynucleotide transport	1	1	0.27	0.2733	1	BP
GO:0046722	lactic acid secretion	1	1	0.27	0.2733	1	BP
GO:0015802	basic amino acid transport	1	1	0.27	0.2733	1	BP
GO:0060148	positive regulation of post-transcriptio...	1	1	0.27	0.2733	1	BP
GO:0006862	nucleotide transport	1	1	0.27	0.2733	1	BP
GO:0006864	pyrimidine nucleotide transport	1	1	0.27	0.2733	1	BP
GO:0060134	prepulse inhibition	1	1	0.27	0.2733	1	BP
GO:0007216	G protein-coupled glutamate receptor sig...	1	1	0.27	0.2733	1	BP
GO:0035584	calcium-mediated signaling using intrace...	1	1	0.27	0.2733	1	BP
GO:1901128	gentamycin metabolic process	1	1	0.27	0.2733	1	BP
GO:0009394	2'-deoxyribonucleotide metabolic process	1	1	0.27	0.2733	1	BP
GO:0048484	enteric nervous system development	1	1	0.27	0.2733	1	BP
GO:1904081	positive regulation of transcription fro...	1	1	0.27	0.2733	1	BP
GO:0090161	Golgi ribbon formation	1	1	0.27	0.2733	1	BP
GO:0006817	phosphate ion transport	1	1	0.27	0.2733	1	BP
GO:0043970	histone H3-K9 acetylation	1	1	0.27	0.2733	1	BP
GO:0006848	pyruvate transport	1	1	0.27	0.2733	1	BP
GO:0007206	phospholipase C-activating G protein-cou...	1	1	0.27	0.2733	1	BP
GO:0070256	negative regulation of mucus secretion	1	1	0.27	0.2733	1	BP
GO:0071420	cellular response to histamine	1	1	0.27	0.2733	1	BP
GO:0090128	regulation of synapse maturation	1	1	0.27	0.2733	1	BP
GO:0090129	positive regulation of synapse maturatio...	1	1	0.27	0.2733	1	BP
GO:1904030	negative regulation of cyclin-dependent ...	1	1	0.27	0.2733	1	BP
GO:0006805	xenobiotic metabolic process	1	1	0.27	0.2733	1	BP
GO:0051458	corticotropin secretion	1	1	0.27	0.2733	1	BP
GO:0051459	regulation of corticotropin secretion	1	1	0.27	0.2733	1	BP
GO:0003093	regulation of glomerular filtration	1	1	0.27	0.2733	1	BP
GO:0051482	positive regulation of cytosolic calcium...	1	1	0.27	0.2733	1	BP
GO:0035695	mitophagy by induced vacuole formation	1	1	0.27	0.2733	1	BP
GO:2000671	regulation of motor neuron apoptotic pro...	1	1	0.27	0.2733	1	BP
GO:2000672	negative regulation of motor neuron apop...	1	1	0.27	0.2733	1	BP
GO:2000678	negative regulation of transcription reg...	1	1	0.27	0.2733	1	BP
GO:2000679	positive regulation of transcription reg...	1	1	0.27	0.2733	1	BP
GO:0006597	spermine biosynthetic process	1	1	0.27	0.2733	1	BP
GO:0006598	polyamine catabolic process	1	1	0.27	0.2733	1	BP
GO:0046822	regulation of nucleocytoplasmic transpor...	1	1	0.27	0.2733	1	BP
GO:0061430	bone trabecula morphogenesis	1	1	0.27	0.2733	1	BP
GO:0046825	regulation of protein export from nucleu...	1	1	0.27	0.2733	1	BP
GO:0031392	regulation of prostaglandin biosynthetic...	1	1	0.27	0.2733	1	BP
GO:0031394	positive regulation of prostaglandin bio...	1	1	0.27	0.2733	1	BP
GO:0071403	cellular response to high density lipopr...	1	1	0.27	0.2733	1	BP
GO:0045655	regulation of monocyte differentiation	1	1	0.27	0.2733	1	BP
GO:0045656	negative regulation of monocyte differen...	1	1	0.27	0.2733	1	BP
GO:0071409	cellular response to cycloheximide	1	1	0.27	0.2733	1	BP
GO:1990859	cellular response to endothelin	1	1	0.27	0.2733	1	BP
GO:0045683	negative regulation of epidermis develop...	1	1	0.27	0.2733	1	BP
GO:0045684	positive regulation of epidermis develop...	1	1	0.27	0.2733	1	BP
GO:0045686	negative regulation of glial cell differ...	1	1	0.27	0.2733	1	BP
GO:0009304	tRNA transcription	1	1	0.27	0.2733	1	BP
GO:0031365	N-terminal protein amino acid modificati...	1	1	0.27	0.2733	1	BP
GO:2000637	positive regulation of miRNA-mediated ge...	1	1	0.27	0.2733	1	BP
GO:0000101	sulfur amino acid transport	1	1	0.27	0.2733	1	BP
GO:0006558	L-phenylalanine metabolic process	1	1	0.27	0.2733	1	BP
GO:0006559	L-phenylalanine catabolic process	1	1	0.27	0.2733	1	BP
GO:0003010	voluntary skeletal muscle contraction	1	1	0.27	0.2733	1	BP
GO:0045617	negative regulation of keratinocyte diff...	1	1	0.27	0.2733	1	BP
GO:0006570	tyrosine metabolic process	1	1	0.27	0.2733	1	BP
GO:0006572	tyrosine catabolic process	1	1	0.27	0.2733	1	BP
GO:0043090	amino acid import	1	1	0.27	0.2733	1	BP
GO:0015669	gas transport	1	1	0.27	0.2733	1	BP
GO:0048170	positive regulation of long-term neurona...	1	1	0.27	0.2733	1	BP
GO:1990839	response to endothelin	1	1	0.27	0.2733	1	BP
GO:0035640	exploration behavior	1	1	0.27	0.2733	1	BP
GO:0035641	locomotory exploration behavior	1	1	0.27	0.2733	1	BP
GO:0018196	peptidyl-asparagine modification	1	1	0.27	0.2733	1	BP
GO:0046596	regulation of viral entry into host cell	1	1	0.27	0.2733	1	BP
GO:0046598	positive regulation of viral entry into ...	1	1	0.27	0.2733	1	BP
GO:0015671	oxygen transport	1	1	0.27	0.2733	1	BP
GO:0045605	negative regulation of epidermal cell di...	1	1	0.27	0.2733	1	BP
GO:0045607	regulation of inner ear auditory recepto...	1	1	0.27	0.2733	1	BP
GO:0072337	modified amino acid transport	1	1	0.27	0.2733	1	BP
GO:0043053	dauer entry	1	1	0.27	0.2733	1	BP
GO:0043084	penile erection	1	1	0.27	0.2733	1	BP
GO:0060763	mammary duct terminal end bud growth	1	1	0.27	0.2733	1	BP
GO:0019372	lipoxygenase pathway	1	1	0.27	0.2733	1	BP
GO:0070777	D-aspartate transport	1	1	0.27	0.2733	1	BP
GO:0070778	L-aspartate transmembrane transport	1	1	0.27	0.2733	1	BP
GO:0070779	D-aspartate import across plasma membran...	1	1	0.27	0.2733	1	BP
GO:0033059	cellular pigmentation	1	1	0.27	0.2733	1	BP
GO:1903318	negative regulation of protein maturatio...	1	1	0.27	0.2733	1	BP
GO:1903319	positive regulation of protein maturatio...	1	1	0.27	0.2733	1	BP
GO:0019317	fucose catabolic process	1	1	0.27	0.2733	1	BP
GO:0009445	putrescine metabolic process	1	1	0.27	0.2733	1	BP
GO:0009446	putrescine biosynthetic process	1	1	0.27	0.2733	1	BP
GO:0009447	putrescine catabolic process	1	1	0.27	0.2733	1	BP
GO:0019343	cysteine biosynthetic process via cystat...	1	1	0.27	0.2733	1	BP
GO:0019344	cysteine biosynthetic process	1	1	0.27	0.2733	1	BP
GO:0019346	transsulfuration	1	1	0.27	0.2733	1	BP
GO:0006699	bile acid biosynthetic process	1	1	0.27	0.2733	1	BP
GO:0050787	detoxification of mercury ion	1	1	0.27	0.2733	1	BP
GO:0060746	parental behavior	1	1	0.27	0.2733	1	BP
GO:0018149	peptide cross-linking	1	1	0.27	0.2733	1	BP
GO:0009403	toxin biosynthetic process	1	1	0.27	0.2733	1	BP
GO:0009404	toxin metabolic process	1	1	0.27	0.2733	1	BP
GO:0071294	cellular response to zinc ion	1	1	0.27	0.2733	1	BP
GO:1901722	regulation of cell proliferation involve...	1	1	0.27	0.2733	1	BP
GO:1901724	positive regulation of cell proliferatio...	1	1	0.27	0.2733	1	BP
GO:1901725	regulation of histone deacetylase activi...	1	1	0.27	0.2733	1	BP
GO:1901726	negative regulation of histone deacetyla...	1	1	0.27	0.2733	1	BP
GO:0009191	ribonucleoside diphosphate catabolic pro...	1	1	0.27	0.2733	1	BP
GO:0009193	pyrimidine ribonucleoside diphosphate me...	1	1	0.27	0.2733	1	BP
GO:1990519	pyrimidine nucleotide import into mitoch...	1	1	0.27	0.2733	1	BP
GO:0009195	pyrimidine ribonucleoside diphosphate ca...	1	1	0.27	0.2733	1	BP
GO:0016575	histone deacetylation	1	1	0.27	0.2733	1	BP
GO:0016577	histone demethylation	1	1	0.27	0.2733	1	BP
GO:1902103	negative regulation of metaphase/anaphas...	1	1	0.27	0.2733	1	BP
GO:0071265	L-methionine biosynthetic process	1	1	0.27	0.2733	1	BP
GO:0071266	'de novo' L-methionine biosynthetic proc...	1	1	0.27	0.2733	1	BP
GO:0002327	immature B cell differentiation	1	1	0.27	0.2733	1	BP
GO:0009162	deoxyribonucleoside monophosphate metabo...	1	1	0.27	0.2733	1	BP
GO:0006646	phosphatidylethanolamine biosynthetic pr...	1	1	0.27	0.2733	1	BP
GO:0009164	nucleoside catabolic process	1	1	0.27	0.2733	1	BP
GO:0031443	fast-twitch skeletal muscle fiber contra...	1	1	0.27	0.2733	1	BP
GO:0031446	regulation of fast-twitch skeletal muscl...	1	1	0.27	0.2733	1	BP
GO:0031448	positive regulation of fast-twitch skele...	1	1	0.27	0.2733	1	BP
GO:0009157	deoxyribonucleoside monophosphate biosyn...	1	1	0.27	0.2733	1	BP
GO:0099116	tRNA 5'-end processing	1	1	0.27	0.2733	1	BP
GO:0009176	pyrimidine deoxyribonucleoside monophosp...	1	1	0.27	0.2733	1	BP
GO:0009177	pyrimidine deoxyribonucleoside monophosp...	1	1	0.27	0.2733	1	BP
GO:0019471	4-hydroxyproline metabolic process	1	1	0.27	0.2733	1	BP
GO:0032392	DNA geometric change	1	1	0.27	0.2733	1	BP
GO:0009129	pyrimidine nucleoside monophosphate meta...	1	1	0.27	0.2733	1	BP
GO:1901894	regulation of ATPase-coupled calcium tra...	1	1	0.27	0.2733	1	BP
GO:1901896	positive regulation of ATPase-coupled ca...	1	1	0.27	0.2733	1	BP
GO:0010273	detoxification of copper ion	1	1	0.27	0.2733	1	BP
GO:0098712	L-glutamate import across plasma membran...	1	1	0.27	0.2733	1	BP
GO:0098719	sodium ion import across plasma membrane	1	1	0.27	0.2733	1	BP
GO:0070813	hydrogen sulfide metabolic process	1	1	0.27	0.2733	1	BP
GO:0042354	L-fucose metabolic process	1	1	0.27	0.2733	1	BP
GO:0042355	L-fucose catabolic process	1	1	0.27	0.2733	1	BP
GO:0070814	hydrogen sulfide biosynthetic process	1	1	0.27	0.2733	1	BP
GO:0009140	pyrimidine nucleoside diphosphate catabo...	1	1	0.27	0.2733	1	BP
GO:0018272	protein-pyridoxal-5-phosphate linkage vi...	1	1	0.27	0.2733	1	BP
GO:1903441	protein localization to ciliary membrane	1	1	0.27	0.2733	1	BP
GO:0018279	protein N-linked glycosylation via aspar...	1	1	0.27	0.2733	1	BP
GO:0009130	pyrimidine nucleoside monophosphate bios...	1	1	0.27	0.2733	1	BP
GO:0009134	nucleoside diphosphate catabolic process	1	1	0.27	0.2733	1	BP
GO:0007553	regulation of ecdysteroid metabolic proc...	1	1	0.27	0.2733	1	BP
GO:0007554	regulation of ecdysteroid biosynthetic p...	1	1	0.27	0.2733	1	BP
GO:0030205	dermatan sulfate metabolic process	1	1	0.27	0.2733	1	BP
GO:0009138	pyrimidine nucleoside diphosphate metabo...	1	1	0.27	0.2733	1	BP
GO:0032369	negative regulation of lipid transport	1	1	0.27	0.2733	1	BP
GO:0030208	dermatan sulfate biosynthetic process	1	1	0.27	0.2733	1	BP
GO:1902221	erythrose 4-phosphate/phosphoenolpyruvat...	1	1	0.27	0.2733	1	BP
GO:1902222	erythrose 4-phosphate/phosphoenolpyruvat...	1	1	0.27	0.2733	1	BP
GO:0042321	negative regulation of circadian sleep/w...	1	1	0.27	0.2733	1	BP
GO:0042323	negative regulation of circadian sleep/w...	1	1	0.27	0.2733	1	BP
GO:1901857	positive regulation of cellular respirat...	1	1	0.27	0.2733	1	BP
GO:0048791	calcium ion-regulated exocytosis of neur...	1	1	0.27	0.2733	1	BP
GO:0032373	positive regulation of sterol transport	1	1	0.27	0.2733	1	BP
GO:0032376	positive regulation of cholesterol trans...	1	1	0.27	0.2733	1	BP
GO:0072185	metanephric cap development	1	1	0.27	0.2733	1	BP
GO:0072186	metanephric cap morphogenesis	1	1	0.27	0.2733	1	BP
GO:0002480	antigen processing and presentation of e...	1	1	0.27	0.2733	1	BP
GO:0002483	antigen processing and presentation of e...	1	1	0.27	0.2733	1	BP
GO:0046602	regulation of mitotic centrosome separat...	1	1	0.27	0.2733	1	BP
GO:0009298	GDP-mannose biosynthetic process	1	1	0.27	0.2733	1	BP
GO:0097501	stress response to metal ion	1	1	0.27	0.2733	1	BP
GO:1990646	cellular response to prolactin	1	1	0.27	0.2733	1	BP
GO:0048789	cytoskeletal matrix organization at acti...	1	1	0.27	0.2733	1	BP
GO:1990637	response to prolactin	1	1	0.27	0.2733	1	BP
GO:0072111	cell proliferation involved in kidney de...	1	1	0.27	0.2733	1	BP
GO:0034067	protein localization to Golgi apparatus	1	1	0.27	0.2733	1	BP
GO:0009262	deoxyribonucleotide metabolic process	1	1	0.27	0.2733	1	BP
GO:0051794	regulation of timing of catagen	1	1	0.27	0.2733	1	BP
GO:0009263	deoxyribonucleotide biosynthetic process	1	1	0.27	0.2733	1	BP
GO:0051795	positive regulation of timing of catagen	1	1	0.27	0.2733	1	BP
GO:0009265	2'-deoxyribonucleotide biosynthetic proc...	1	1	0.27	0.2733	1	BP
GO:0051797	regulation of hair follicle development	1	1	0.27	0.2733	1	BP
GO:0051798	positive regulation of hair follicle dev...	1	1	0.27	0.2733	1	BP
GO:1903165	response to polycyclic arene	1	1	0.27	0.2733	1	BP
GO:1903166	cellular response to polycyclic arene	1	1	0.27	0.2733	1	BP
GO:0098868	bone growth	1	1	0.27	0.2733	1	BP
GO:0048712	negative regulation of astrocyte differe...	1	1	0.27	0.2733	1	BP
GO:0048713	regulation of oligodendrocyte differenti...	1	1	0.27	0.2733	1	BP
GO:0048714	positive regulation of oligodendrocyte d...	1	1	0.27	0.2733	1	BP
GO:0032304	negative regulation of icosanoid secreti...	1	1	0.27	0.2733	1	BP
GO:0072131	kidney mesenchyme morphogenesis	1	1	0.27	0.2733	1	BP
GO:0072133	metanephric mesenchyme morphogenesis	1	1	0.27	0.2733	1	BP
GO:0048742	regulation of skeletal muscle fiber deve...	1	1	0.27	0.2733	1	BP
GO:0089718	amino acid import across plasma membrane	1	1	0.27	0.2733	1	BP
GO:0030717	oocyte karyosome formation	1	1	0.27	0.2733	1	BP
GO:0009221	pyrimidine deoxyribonucleotide biosynthe...	1	1	0.27	0.2733	1	BP
GO:0009222	pyrimidine ribonucleotide catabolic proc...	1	1	0.27	0.2733	1	BP
GO:0009226	nucleotide-sugar biosynthetic process	1	1	0.27	0.2733	1	BP
GO:0045998	positive regulation of ecdysteroid biosy...	1	1	0.27	0.2733	1	BP
GO:1903126	negative regulation of centriole-centrio...	1	1	0.27	0.2733	1	BP
GO:0044036	cell wall macromolecule metabolic proces...	1	1	0.27	0.2733	1	BP
GO:0009218	pyrimidine ribonucleotide metabolic proc...	1	1	0.27	0.2733	1	BP
GO:0009219	pyrimidine deoxyribonucleotide metabolic...	1	1	0.27	0.2733	1	BP
GO:0042454	ribonucleoside catabolic process	1	1	0.27	0.2733	1	BP
GO:0098849	cellular detoxification of cadmium ion	1	1	0.27	0.2733	1	BP
GO:0061744	motor behavior	1	1	0.27	0.2733	1	BP
GO:0034035	purine ribonucleoside bisphosphate metab...	1	1	0.27	0.2733	1	BP
GO:0010710	regulation of collagen catabolic process	1	1	0.27	0.2733	1	BP
GO:2000973	regulation of pro-B cell differentiation	1	1	0.27	0.2733	1	BP
GO:0010716	negative regulation of extracellular mat...	1	1	0.27	0.2733	1	BP
GO:0045966	positive regulation of ecdysteroid metab...	1	1	0.27	0.2733	1	BP
GO:0010742	macrophage derived foam cell differentia...	1	1	0.27	0.2733	1	BP
GO:0010743	regulation of macrophage derived foam ce...	1	1	0.27	0.2733	1	BP
GO:0010745	negative regulation of macrophage derive...	1	1	0.27	0.2733	1	BP
GO:0071701	regulation of MAPK export from nucleus	1	1	0.27	0.2733	1	BP
GO:0003357	noradrenergic neuron differentiation	1	1	0.27	0.2733	1	BP
GO:0045989	positive regulation of striated muscle c...	1	1	0.27	0.2733	1	BP
GO:0032470	positive regulation of endoplasmic retic...	1	1	0.27	0.2733	1	BP
GO:0007621	negative regulation of female receptivit...	1	1	0.27	0.2733	1	BP
GO:0007625	grooming behavior	1	1	0.27	0.2733	1	BP
GO:0007629	flight behavior	1	1	0.27	0.2733	1	BP
GO:0014049	positive regulation of glutamate secreti...	1	1	0.27	0.2733	1	BP
GO:0042431	indole metabolic process	1	1	0.27	0.2733	1	BP
GO:0035987	endodermal cell differentiation	1	1	0.27	0.2733	1	BP
GO:0090597	nematode male tail mating organ morphoge...	1	1	0.27	0.2733	1	BP
GO:0031280	negative regulation of cyclase activity	1	1	0.27	0.2733	1	BP
GO:0007630	jump response	1	1	0.27	0.2733	1	BP
GO:0048853	forebrain morphogenesis	1	1	0.27	0.2733	1	BP
GO:0045943	positive regulation of transcription by ...	1	1	0.27	0.2733	1	BP
GO:0007636	chemosensory jump behavior	1	1	0.27	0.2733	1	BP
GO:0035929	steroid hormone secretion	1	1	0.27	0.2733	1	BP
GO:0035910	ascending aorta morphogenesis	1	1	0.27	0.2733	1	BP
GO:0042402	cellular biogenic amine catabolic proces...	1	1	0.27	0.2733	1	BP
GO:0071852	fungal-type cell wall organization or bi...	1	1	0.27	0.2733	1	BP
GO:0002125	maternal aggressive behavior	1	1	0.27	0.2733	1	BP
GO:0010898	positive regulation of triglyceride cata...	1	1	0.27	0.2733	1	BP
GO:0072215	regulation of metanephros development	1	1	0.27	0.2733	1	BP
GO:0072216	positive regulation of metanephros devel...	1	1	0.27	0.2733	1	BP
GO:0048820	hair follicle maturation	1	1	0.27	0.2733	1	BP
GO:0035938	estradiol secretion	1	1	0.27	0.2733	1	BP
GO:0032400	melanosome localization	1	1	0.27	0.2733	1	BP
GO:0032401	establishment of melanosome localization	1	1	0.27	0.2733	1	BP
GO:0009725	response to hormone	71	22	19.4	0.2738	1	BP
GO:0045892	negative regulation of DNA-templated tra...	71	22	19.4	0.2738	1	BP
GO:1901654	response to ketone	23	8	6.29	0.2743	1	BP
GO:0001525	angiogenesis	23	8	6.29	0.2743	1	BP
GO:0045786	negative regulation of cell cycle	40	13	10.93	0.2776	1	BP
GO:0097190	apoptotic signaling pathway	40	13	10.93	0.2776	1	BP
GO:0051347	positive regulation of transferase activ...	40	13	10.93	0.2776	1	BP
GO:0007552	metamorphosis	40	13	10.93	0.2776	1	BP
GO:0048707	instar larval or pupal morphogenesis	40	13	10.93	0.2776	1	BP
GO:0006939	smooth muscle contraction	10	4	2.73	0.2798	1	BP
GO:0019827	stem cell population maintenance	10	4	2.73	0.2798	1	BP
GO:0003231	cardiac ventricle development	10	4	2.73	0.2798	1	BP
GO:0043266	regulation of potassium ion transport	10	4	2.73	0.2798	1	BP
GO:0007009	plasma membrane organization	10	4	2.73	0.2798	1	BP
GO:0070085	glycosylation	10	4	2.73	0.2798	1	BP
GO:0051952	regulation of amine transport	10	4	2.73	0.2798	1	BP
GO:0044773	mitotic DNA damage checkpoint signaling	10	4	2.73	0.2798	1	BP
GO:0006473	protein acetylation	10	4	2.73	0.2798	1	BP
GO:0043588	skin development	10	4	2.73	0.2798	1	BP
GO:0043543	protein acylation	10	4	2.73	0.2798	1	BP
GO:0051048	negative regulation of secretion	10	4	2.73	0.2798	1	BP
GO:0006749	glutathione metabolic process	10	4	2.73	0.2798	1	BP
GO:0015837	amine transport	10	4	2.73	0.2798	1	BP
GO:0060291	long-term synaptic potentiation	10	4	2.73	0.2798	1	BP
GO:0046889	positive regulation of lipid biosyntheti...	10	4	2.73	0.2798	1	BP
GO:0031348	negative regulation of defense response	10	4	2.73	0.2798	1	BP
GO:0071242	cellular response to ammonium ion	10	4	2.73	0.2798	1	BP
GO:0098727	maintenance of cell number	10	4	2.73	0.2798	1	BP
GO:0046620	regulation of organ growth	10	4	2.73	0.2798	1	BP
GO:0070509	calcium ion import	10	4	2.73	0.2798	1	BP
GO:1904427	positive regulation of calcium ion trans...	10	4	2.73	0.2798	1	BP
GO:0010629	negative regulation of gene expression	110	33	30.06	0.2815	1	BP
GO:0008284	positive regulation of cell population p...	47	15	12.84	0.2821	1	BP
GO:0019219	regulation of nucleobase-containing comp...	185	54	50.55	0.2828	1	BP
GO:0010563	negative regulation of phosphorus metabo...	30	10	8.2	0.2859	1	BP
GO:0048285	organelle fission	30	10	8.2	0.2859	1	BP
GO:0045936	negative regulation of phosphate metabol...	30	10	8.2	0.2859	1	BP
GO:0072359	circulatory system development	61	19	16.67	0.2863	1	BP
GO:0042110	T cell activation	20	7	5.47	0.2904	1	BP
GO:0016053	organic acid biosynthetic process	20	7	5.47	0.2904	1	BP
GO:0046394	carboxylic acid biosynthetic process	20	7	5.47	0.2904	1	BP
GO:0006813	potassium ion transport	20	7	5.47	0.2904	1	BP
GO:0031328	positive regulation of cellular biosynth...	114	34	31.15	0.2915	1	BP
GO:0003300	cardiac muscle hypertrophy	7	3	1.91	0.2927	1	BP
GO:0022404	molting cycle process	7	3	1.91	0.2927	1	BP
GO:0015918	sterol transport	7	3	1.91	0.2927	1	BP
GO:0048806	genitalia development	7	3	1.91	0.2927	1	BP
GO:0030808	regulation of nucleotide biosynthetic pr...	7	3	1.91	0.2927	1	BP
GO:0043413	macromolecule glycosylation	7	3	1.91	0.2927	1	BP
GO:0006094	gluconeogenesis	7	3	1.91	0.2927	1	BP
GO:0006073	cellular glucan metabolic process	7	3	1.91	0.2927	1	BP
GO:0032200	telomere organization	7	3	1.91	0.2927	1	BP
GO:0007041	lysosomal transport	7	3	1.91	0.2927	1	BP
GO:0007006	mitochondrial membrane organization	7	3	1.91	0.2927	1	BP
GO:2000463	positive regulation of excitatory postsy...	7	3	1.91	0.2927	1	BP
GO:0032570	response to progesterone	7	3	1.91	0.2927	1	BP
GO:0045453	bone resorption	7	3	1.91	0.2927	1	BP
GO:0045475	locomotor rhythm	7	3	1.91	0.2927	1	BP
GO:0061982	meiosis I cell cycle process	7	3	1.91	0.2927	1	BP
GO:0008049	male courtship behavior	7	3	1.91	0.2927	1	BP
GO:0006486	protein glycosylation	7	3	1.91	0.2927	1	BP
GO:1900371	regulation of purine nucleotide biosynth...	7	3	1.91	0.2927	1	BP
GO:0061013	regulation of mRNA catabolic process	7	3	1.91	0.2927	1	BP
GO:0043500	muscle adaptation	7	3	1.91	0.2927	1	BP
GO:2000278	regulation of DNA biosynthetic process	7	3	1.91	0.2927	1	BP
GO:0043502	regulation of muscle adaptation	7	3	1.91	0.2927	1	BP
GO:0014896	muscle hypertrophy	7	3	1.91	0.2927	1	BP
GO:0014897	striated muscle hypertrophy	7	3	1.91	0.2927	1	BP
GO:0006140	regulation of nucleotide metabolic proce...	7	3	1.91	0.2927	1	BP
GO:0045773	positive regulation of axon extension	7	3	1.91	0.2927	1	BP
GO:0045745	positive regulation of G protein-coupled...	7	3	1.91	0.2927	1	BP
GO:1903035	negative regulation of response to wound...	7	3	1.91	0.2927	1	BP
GO:1903036	positive regulation of response to wound...	7	3	1.91	0.2927	1	BP
GO:0060411	cardiac septum morphogenesis	7	3	1.91	0.2927	1	BP
GO:0032941	secretion by tissue	7	3	1.91	0.2927	1	BP
GO:0030326	embryonic limb morphogenesis	7	3	1.91	0.2927	1	BP
GO:0010332	response to gamma radiation	7	3	1.91	0.2927	1	BP
GO:0006885	regulation of pH	7	3	1.91	0.2927	1	BP
GO:0070207	protein homotrimerization	7	3	1.91	0.2927	1	BP
GO:0019319	hexose biosynthetic process	7	3	1.91	0.2927	1	BP
GO:0050772	positive regulation of axonogenesis	7	3	1.91	0.2927	1	BP
GO:1900542	regulation of purine nucleotide metaboli...	7	3	1.91	0.2927	1	BP
GO:0046660	female sex differentiation	7	3	1.91	0.2927	1	BP
GO:0000723	telomere maintenance	7	3	1.91	0.2927	1	BP
GO:0050866	negative regulation of cell activation	7	3	1.91	0.2927	1	BP
GO:0046622	positive regulation of organ growth	7	3	1.91	0.2927	1	BP
GO:0005977	glycogen metabolic process	7	3	1.91	0.2927	1	BP
GO:0044042	glucan metabolic process	7	3	1.91	0.2927	1	BP
GO:0098815	modulation of excitatory postsynaptic po...	7	3	1.91	0.2927	1	BP
GO:0032465	regulation of cytokinesis	7	3	1.91	0.2927	1	BP
GO:0042476	odontogenesis	7	3	1.91	0.2927	1	BP
GO:0035914	skeletal muscle cell differentiation	7	3	1.91	0.2927	1	BP
GO:0043043	peptide biosynthetic process	51	16	13.94	0.2995	1	BP
GO:0018193	peptidyl-amino acid modification	58	18	15.85	0.3006	1	BP
GO:1902679	negative regulation of RNA biosynthetic ...	72	22	19.68	0.3007	1	BP
GO:1903507	negative regulation of nucleic acid-temp...	72	22	19.68	0.3007	1	BP
GO:0071875	adrenergic receptor signaling pathway	4	2	1.09	0.3013	1	BP
GO:0022405	hair cycle process	4	2	1.09	0.3013	1	BP
GO:0008585	female gonad development	4	2	1.09	0.3013	1	BP
GO:0033344	cholesterol efflux	4	2	1.09	0.3013	1	BP
GO:0048524	positive regulation of viral process	4	2	1.09	0.3013	1	BP
GO:0030501	positive regulation of bone mineralizati...	4	2	1.09	0.3013	1	BP
GO:0010543	regulation of platelet activation	4	2	1.09	0.3013	1	BP
GO:0032225	regulation of synaptic transmission, dop...	4	2	1.09	0.3013	1	BP
GO:0048661	positive regulation of smooth muscle cel...	4	2	1.09	0.3013	1	BP
GO:0048680	positive regulation of axon regeneration	4	2	1.09	0.3013	1	BP
GO:0032204	regulation of telomere maintenance	4	2	1.09	0.3013	1	BP
GO:0048644	muscle organ morphogenesis	4	2	1.09	0.3013	1	BP
GO:0010613	positive regulation of cardiac muscle hy...	4	2	1.09	0.3013	1	BP
GO:0072553	terminal button organization	4	2	1.09	0.3013	1	BP
GO:0042733	embryonic digit morphogenesis	4	2	1.09	0.3013	1	BP
GO:1903510	mucopolysaccharide metabolic process	4	2	1.09	0.3013	1	BP
GO:0097066	response to thyroid hormone	4	2	1.09	0.3013	1	BP
GO:0031641	regulation of myelination	4	2	1.09	0.3013	1	BP
GO:0034110	regulation of homotypic cell-cell adhesi...	4	2	1.09	0.3013	1	BP
GO:2000481	positive regulation of cAMP-dependent pr...	4	2	1.09	0.3013	1	BP
GO:0006360	transcription by RNA polymerase I	4	2	1.09	0.3013	1	BP
GO:0051965	positive regulation of synapse assembly	4	2	1.09	0.3013	1	BP
GO:0061912	selective autophagy	4	2	1.09	0.3013	1	BP
GO:0032675	regulation of interleukin-6 production	4	2	1.09	0.3013	1	BP
GO:0042633	hair cycle	4	2	1.09	0.3013	1	BP
GO:0032635	interleukin-6 production	4	2	1.09	0.3013	1	BP
GO:0001963	synaptic transmission, dopaminergic	4	2	1.09	0.3013	1	BP
GO:2000108	positive regulation of leukocyte apoptot...	4	2	1.09	0.3013	1	BP
GO:0033559	unsaturated fatty acid metabolic process	4	2	1.09	0.3013	1	BP
GO:0001942	hair follicle development	4	2	1.09	0.3013	1	BP
GO:0014742	positive regulation of muscle hypertroph...	4	2	1.09	0.3013	1	BP
GO:0016486	peptide hormone processing	4	2	1.09	0.3013	1	BP
GO:0007338	single fertilization	4	2	1.09	0.3013	1	BP
GO:0045793	positive regulation of cell size	4	2	1.09	0.3013	1	BP
GO:0033619	membrane protein proteolysis	4	2	1.09	0.3013	1	BP
GO:1903900	regulation of viral life cycle	4	2	1.09	0.3013	1	BP
GO:1903902	positive regulation of viral life cycle	4	2	1.09	0.3013	1	BP
GO:0060324	face development	4	2	1.09	0.3013	1	BP
GO:0007455	eye-antennal disc morphogenesis	4	2	1.09	0.3013	1	BP
GO:2000725	regulation of cardiac muscle cell differ...	4	2	1.09	0.3013	1	BP
GO:0140448	signaling receptor ligand precursor proc...	4	2	1.09	0.3013	1	BP
GO:0045742	positive regulation of epidermal growth ...	4	2	1.09	0.3013	1	BP
GO:0002931	response to ischemia	4	2	1.09	0.3013	1	BP
GO:0002902	regulation of B cell apoptotic process	4	2	1.09	0.3013	1	BP
GO:0007193	adenylate cyclase-inhibiting G protein-c...	4	2	1.09	0.3013	1	BP
GO:0090330	regulation of platelet aggregation	4	2	1.09	0.3013	1	BP
GO:0060415	muscle tissue morphogenesis	4	2	1.09	0.3013	1	BP
GO:2001238	positive regulation of extrinsic apoptot...	4	2	1.09	0.3013	1	BP
GO:0045887	positive regulation of synaptic assembly...	4	2	1.09	0.3013	1	BP
GO:0071392	cellular response to estradiol stimulus	4	2	1.09	0.3013	1	BP
GO:0002053	positive regulation of mesenchymal cell ...	4	2	1.09	0.3013	1	BP
GO:0110151	positive regulation of biomineralization	4	2	1.09	0.3013	1	BP
GO:0045838	positive regulation of membrane potentia...	4	2	1.09	0.3013	1	BP
GO:0070169	positive regulation of biomineral tissue...	4	2	1.09	0.3013	1	BP
GO:0051349	positive regulation of lyase activity	4	2	1.09	0.3013	1	BP
GO:1901186	positive regulation of ERBB signaling pa...	4	2	1.09	0.3013	1	BP
GO:0030488	tRNA methylation	4	2	1.09	0.3013	1	BP
GO:0045682	regulation of epidermis development	4	2	1.09	0.3013	1	BP
GO:0072350	tricarboxylic acid metabolic process	4	2	1.09	0.3013	1	BP
GO:0006582	melanin metabolic process	4	2	1.09	0.3013	1	BP
GO:0030168	platelet activation	4	2	1.09	0.3013	1	BP
GO:0038166	angiotensin-activated signaling pathway	4	2	1.09	0.3013	1	BP
GO:0052372	modulation by symbiont of entry into hos...	4	2	1.09	0.3013	1	BP
GO:1903317	regulation of protein maturation	4	2	1.09	0.3013	1	BP
GO:0000212	meiotic spindle organization	4	2	1.09	0.3013	1	BP
GO:0006692	prostanoid metabolic process	4	2	1.09	0.3013	1	BP
GO:0006693	prostaglandin metabolic process	4	2	1.09	0.3013	1	BP
GO:0046541	saliva secretion	4	2	1.09	0.3013	1	BP
GO:0090208	positive regulation of triglyceride meta...	4	2	1.09	0.3013	1	BP
GO:0046503	glycerolipid catabolic process	4	2	1.09	0.3013	1	BP
GO:0006636	unsaturated fatty acid biosynthetic proc...	4	2	1.09	0.3013	1	BP
GO:0098773	skin epidermis development	4	2	1.09	0.3013	1	BP
GO:1904398	positive regulation of neuromuscular jun...	4	2	1.09	0.3013	1	BP
GO:0098703	calcium ion import across plasma membran...	4	2	1.09	0.3013	1	BP
GO:0050810	regulation of steroid biosynthetic proce...	4	2	1.09	0.3013	1	BP
GO:0002474	antigen processing and presentation of p...	4	2	1.09	0.3013	1	BP
GO:0044058	regulation of digestive system process	4	2	1.09	0.3013	1	BP
GO:0072132	mesenchyme morphogenesis	4	2	1.09	0.3013	1	BP
GO:0010765	positive regulation of sodium ion transp...	4	2	1.09	0.3013	1	BP
GO:0070572	positive regulation of neuron projection...	4	2	1.09	0.3013	1	BP
GO:0070527	platelet aggregation	4	2	1.09	0.3013	1	BP
GO:0031290	retinal ganglion cell axon guidance	4	2	1.09	0.3013	1	BP
GO:0042474	middle ear morphogenesis	4	2	1.09	0.3013	1	BP
GO:0031294	lymphocyte costimulation	4	2	1.09	0.3013	1	BP
GO:0031295	T cell costimulation	4	2	1.09	0.3013	1	BP
GO:0071709	membrane assembly	4	2	1.09	0.3013	1	BP
GO:0055078	sodium ion homeostasis	4	2	1.09	0.3013	1	BP
GO:0010737	protein kinase A signaling	4	2	1.09	0.3013	1	BP
GO:0060547	negative regulation of necrotic cell dea...	4	2	1.09	0.3013	1	BP
GO:0014015	positive regulation of gliogenesis	4	2	1.09	0.3013	1	BP
GO:0014016	neuroblast differentiation	4	2	1.09	0.3013	1	BP
GO:0014017	neuroblast fate commitment	4	2	1.09	0.3013	1	BP
GO:0106070	regulation of adenylate cyclase-activati...	4	2	1.09	0.3013	1	BP
GO:0042440	pigment metabolic process	4	2	1.09	0.3013	1	BP
GO:0048865	stem cell fate commitment	4	2	1.09	0.3013	1	BP
GO:0048867	stem cell fate determination	4	2	1.09	0.3013	1	BP
GO:0031281	positive regulation of cyclase activity	4	2	1.09	0.3013	1	BP
GO:0030850	prostate gland development	4	2	1.09	0.3013	1	BP
GO:0014009	glial cell proliferation	4	2	1.09	0.3013	1	BP
GO:0071880	adenylate cyclase-activating adrenergic ...	4	2	1.09	0.3013	1	BP
GO:0001783	B cell apoptotic process	4	2	1.09	0.3013	1	BP
GO:0043270	positive regulation of ion transport	27	9	7.38	0.3026	1	BP
GO:0031347	regulation of defense response	27	9	7.38	0.3026	1	BP
GO:0006807	nitrogen compound metabolic process	452	129	123.52	0.3068	1	BP
GO:0001701	in utero embryonic development	17	6	4.65	0.3083	1	BP
GO:0042770	signal transduction in response to DNA d...	17	6	4.65	0.3083	1	BP
GO:0000086	G2/M transition of mitotic cell cycle	17	6	4.65	0.3083	1	BP
GO:0045834	positive regulation of lipid metabolic p...	17	6	4.65	0.3083	1	BP
GO:0006869	lipid transport	17	6	4.65	0.3083	1	BP
GO:0002181	cytoplasmic translation	17	6	4.65	0.3083	1	BP
GO:0048514	blood vessel morphogenesis	34	11	9.29	0.3094	1	BP
GO:1902680	positive regulation of RNA biosynthetic ...	90	27	24.59	0.3104	1	BP
GO:1903508	positive regulation of nucleic acid-temp...	90	27	24.59	0.3104	1	BP
GO:0045893	positive regulation of DNA-templated tra...	90	27	24.59	0.3104	1	BP
GO:0042391	regulation of membrane potential	41	13	11.2	0.3132	1	BP
GO:0007507	heart development	41	13	11.2	0.3132	1	BP
GO:0051248	negative regulation of protein metabolic...	48	15	13.12	0.3151	1	BP
GO:0019693	ribose phosphate metabolic process	24	8	6.56	0.321	1	BP
GO:0009259	ribonucleotide metabolic process	24	8	6.56	0.321	1	BP
GO:0009890	negative regulation of biosynthetic proc...	94	28	25.69	0.3217	1	BP
GO:0031327	negative regulation of cellular biosynth...	94	28	25.69	0.3217	1	BP
GO:0014706	striated muscle tissue development	31	10	8.47	0.3274	1	BP
GO:0045047	protein targeting to ER	14	5	3.83	0.3285	1	BP
GO:0099565	chemical synaptic transmission, postsyna...	14	5	3.83	0.3285	1	BP
GO:0006006	glucose metabolic process	14	5	3.83	0.3285	1	BP
GO:0031570	DNA integrity checkpoint signaling	14	5	3.83	0.3285	1	BP
GO:0007093	mitotic cell cycle checkpoint signaling	14	5	3.83	0.3285	1	BP
GO:0060078	regulation of postsynaptic membrane pote...	14	5	3.83	0.3285	1	BP
GO:0019935	cyclic-nucleotide-mediated signaling	14	5	3.83	0.3285	1	BP
GO:0097164	ammonium ion metabolic process	14	5	3.83	0.3285	1	BP
GO:1904064	positive regulation of cation transmembr...	14	5	3.83	0.3285	1	BP
GO:0044238	primary metabolic process	461	131	125.97	0.3302	1	BP
GO:0048563	post-embryonic animal organ morphogenesi...	38	12	10.38	0.3306	1	BP
GO:0072503	cellular divalent inorganic cation homeo...	38	12	10.38	0.3306	1	BP
GO:0006874	cellular calcium ion homeostasis	38	12	10.38	0.3306	1	BP
GO:0061024	membrane organization	45	14	12.3	0.3318	1	BP
GO:0012501	programmed cell death	91	27	24.87	0.3357	1	BP
GO:0008219	cell death	109	32	29.79	0.3401	1	BP
GO:0009791	post-embryonic development	77	23	21.04	0.3411	1	BP
GO:0032147	activation of protein kinase activity	21	7	5.74	0.3416	1	BP
GO:0034764	positive regulation of transmembrane tra...	21	7	5.74	0.3416	1	BP
GO:0043010	camera-type eye development	21	7	5.74	0.3416	1	BP
GO:0005996	monosaccharide metabolic process	21	7	5.74	0.3416	1	BP
GO:0043410	positive regulation of MAPK cascade	28	9	7.65	0.3472	1	BP
GO:0031669	cellular response to nutrient levels	28	9	7.65	0.3472	1	BP
GO:0097193	intrinsic apoptotic signaling pathway	28	9	7.65	0.3472	1	BP
GO:0000280	nuclear division	28	9	7.65	0.3472	1	BP
GO:0055086	nucleobase-containing small molecule met...	35	11	9.56	0.3494	1	BP
GO:0008285	negative regulation of cell population p...	42	13	11.48	0.3498	1	BP
GO:0006915	apoptotic process	88	26	24.05	0.3502	1	BP
GO:0019226	transmission of nerve impulse	11	4	3.01	0.3518	1	BP
GO:0010522	regulation of calcium ion transport into...	11	4	3.01	0.3518	1	BP
GO:0010507	negative regulation of autophagy	11	4	3.01	0.3518	1	BP
GO:0043271	negative regulation of ion transport	11	4	3.01	0.3518	1	BP
GO:0050920	regulation of chemotaxis	11	4	3.01	0.3518	1	BP
GO:0009060	aerobic respiration	11	4	3.01	0.3518	1	BP
GO:0045778	positive regulation of ossification	11	4	3.01	0.3518	1	BP
GO:0062013	positive regulation of small molecule me...	11	4	3.01	0.3518	1	BP
GO:0000184	nuclear-transcribed mRNA catabolic proce...	11	4	3.01	0.3518	1	BP
GO:0003014	renal system process	11	4	3.01	0.3518	1	BP
GO:0031349	positive regulation of defense response	11	4	3.01	0.3518	1	BP
GO:0007565	female pregnancy	11	4	3.01	0.3518	1	BP
GO:0010770	positive regulation of cell morphogenesi...	11	4	3.01	0.3518	1	BP
GO:2000112	regulation of cellular macromolecule bio...	178	51	48.64	0.3556	1	BP
GO:0006952	defense response	67	20	18.31	0.3597	1	BP
GO:0051172	negative regulation of nitrogen compound...	117	34	31.97	0.3601	1	BP
GO:0006954	inflammatory response	18	6	4.92	0.3648	1	BP
GO:0032102	negative regulation of response to exter...	18	6	4.92	0.3648	1	BP
GO:0044839	cell cycle G2/M phase transition	18	6	4.92	0.3648	1	BP
GO:0090257	regulation of muscle system process	18	6	4.92	0.3648	1	BP
GO:0048863	stem cell differentiation	18	6	4.92	0.3648	1	BP
GO:0035239	tube morphogenesis	85	25	23.23	0.3654	1	BP
GO:0048639	positive regulation of developmental gro...	25	8	6.83	0.3691	1	BP
GO:0010817	regulation of hormone levels	39	12	10.66	0.3692	1	BP
GO:1905114	cell surface receptor signaling pathway ...	39	12	10.66	0.3692	1	BP
GO:0034762	regulation of transmembrane transport	32	10	8.74	0.37	1	BP
GO:0043086	negative regulation of catalytic activit...	32	10	8.74	0.37	1	BP
GO:0010941	regulation of cell death	96	28	26.23	0.3726	1	BP
GO:0046483	heterocycle metabolic process	266	75	72.69	0.3736	1	BP
GO:0006139	nucleobase-containing compound metabolic...	259	73	70.78	0.3787	1	BP
GO:0019218	regulation of steroid metabolic process	8	3	2.19	0.38	1	BP
GO:0045089	positive regulation of innate immune res...	8	3	2.19	0.38	1	BP
GO:0043467	regulation of generation of precursor me...	8	3	2.19	0.38	1	BP
GO:0010524	positive regulation of calcium ion trans...	8	3	2.19	0.38	1	BP
GO:0006022	aminoglycan metabolic process	8	3	2.19	0.38	1	BP
GO:0032781	positive regulation of ATP-dependent act...	8	3	2.19	0.38	1	BP
GO:0003279	cardiac septum development	8	3	2.19	0.38	1	BP
GO:0016079	synaptic vesicle exocytosis	8	3	2.19	0.38	1	BP
GO:0002833	positive regulation of response to bioti...	8	3	2.19	0.38	1	BP
GO:1903531	negative regulation of secretion by cell	8	3	2.19	0.38	1	BP
GO:0046364	monosaccharide biosynthetic process	8	3	2.19	0.38	1	BP
GO:0035113	embryonic appendage morphogenesis	8	3	2.19	0.38	1	BP
GO:0022600	digestive system process	8	3	2.19	0.38	1	BP
GO:0018393	internal peptidyl-lysine acetylation	8	3	2.19	0.38	1	BP
GO:0070206	protein trimerization	8	3	2.19	0.38	1	BP
GO:0072332	intrinsic apoptotic signaling pathway by...	8	3	2.19	0.38	1	BP
GO:1903321	negative regulation of protein modificat...	8	3	2.19	0.38	1	BP
GO:0016573	histone acetylation	8	3	2.19	0.38	1	BP
GO:0030217	T cell differentiation	8	3	2.19	0.38	1	BP
GO:0030203	glycosaminoglycan metabolic process	8	3	2.19	0.38	1	BP
GO:0007586	digestion	8	3	2.19	0.38	1	BP
GO:0050829	defense response to Gram-negative bacter...	8	3	2.19	0.38	1	BP
GO:0007614	short-term memory	8	3	2.19	0.38	1	BP
GO:0007616	long-term memory	8	3	2.19	0.38	1	BP
GO:0051899	membrane depolarization	8	3	2.19	0.38	1	BP
GO:0009991	response to extracellular stimulus	57	17	15.58	0.3803	1	BP
GO:1901135	carbohydrate derivative metabolic proces...	57	17	15.58	0.3803	1	BP
GO:0010557	positive regulation of macromolecule bio...	100	29	27.33	0.3832	1	BP
GO:0032446	protein modification by small protein co...	50	15	13.66	0.3839	1	BP
GO:0009611	response to wounding	43	13	11.75	0.3872	1	BP
GO:0007005	mitochondrion organization	36	11	9.84	0.3903	1	BP
GO:0043414	macromolecule methylation	15	5	4.1	0.3918	1	BP
GO:0043406	positive regulation of MAP kinase activi...	15	5	4.1	0.3918	1	BP
GO:0072599	establishment of protein localization to...	15	5	4.1	0.3918	1	BP
GO:0070972	protein localization to endoplasmic reti...	15	5	4.1	0.3918	1	BP
GO:0007098	centrosome cycle	15	5	4.1	0.3918	1	BP
GO:0060402	calcium ion transport into cytosol	15	5	4.1	0.3918	1	BP
GO:0016570	histone modification	15	5	4.1	0.3918	1	BP
GO:0097553	calcium ion transmembrane import into cy...	15	5	4.1	0.3918	1	BP
GO:1901361	organic cyclic compound catabolic proces...	29	9	7.92	0.3926	1	BP
GO:0062012	regulation of small molecule metabolic p...	29	9	7.92	0.3926	1	BP
GO:0019439	aromatic compound catabolic process	29	9	7.92	0.3926	1	BP
GO:0022411	cellular component disassembly	29	9	7.92	0.3926	1	BP
GO:0010604	positive regulation of macromolecule met...	169	48	46.18	0.3937	1	BP
GO:0001501	skeletal system development	22	7	6.01	0.3937	1	BP
GO:1901988	negative regulation of cell cycle phase ...	22	7	6.01	0.3937	1	BP
GO:0044262	cellular carbohydrate metabolic process	22	7	6.01	0.3937	1	BP
GO:0098655	cation transmembrane transport	61	18	16.67	0.3945	1	BP
GO:0031401	positive regulation of protein modificat...	61	18	16.67	0.3945	1	BP
GO:0043170	macromolecule metabolic process	419	119	114.5	0.4007	1	BP
GO:0010628	positive regulation of gene expression	108	31	29.51	0.4036	1	BP
GO:0051240	positive regulation of multicellular org...	119	34	32.52	0.4079	1	BP
GO:0006396	RNA processing	40	12	10.93	0.4085	1	BP
GO:0043009	chordate embryonic development	40	12	10.93	0.4085	1	BP
GO:0055074	calcium ion homeostasis	40	12	10.93	0.4085	1	BP
GO:0035556	intracellular signal transduction	141	40	38.53	0.4149	1	BP
GO:0019222	regulation of metabolic process	321	93	87.72	0.4153	1	BP
GO:0035909	aorta morphogenesis	5	2	1.37	0.4163	1	BP
GO:0042147	retrograde transport, endosome to Golgi	5	2	1.37	0.4163	1	BP
GO:0043457	regulation of cellular respiration	5	2	1.37	0.4163	1	BP
GO:0035019	somatic stem cell population maintenance	5	2	1.37	0.4163	1	BP
GO:0043470	regulation of carbohydrate catabolic pro...	5	2	1.37	0.4163	1	BP
GO:0002761	regulation of myeloid leukocyte differen...	5	2	1.37	0.4163	1	BP
GO:0048679	regulation of axon regeneration	5	2	1.37	0.4163	1	BP
GO:0048636	positive regulation of muscle organ deve...	5	2	1.37	0.4163	1	BP
GO:0044346	fibroblast apoptotic process	5	2	1.37	0.4163	1	BP
GO:0051646	mitochondrion localization	5	2	1.37	0.4163	1	BP
GO:0031571	mitotic G1 DNA damage checkpoint signali...	5	2	1.37	0.4163	1	BP
GO:0021515	cell differentiation in spinal cord	5	2	1.37	0.4163	1	BP
GO:0043276	anoikis	5	2	1.37	0.4163	1	BP
GO:1901998	toxin transport	5	2	1.37	0.4163	1	BP
GO:0099601	regulation of neurotransmitter receptor ...	5	2	1.37	0.4163	1	BP
GO:0033240	positive regulation of cellular amine me...	5	2	1.37	0.4163	1	BP
GO:0035383	thioester metabolic process	5	2	1.37	0.4163	1	BP
GO:0002526	acute inflammatory response	5	2	1.37	0.4163	1	BP
GO:0034109	homotypic cell-cell adhesion	5	2	1.37	0.4163	1	BP
GO:2000479	regulation of cAMP-dependent protein kin...	5	2	1.37	0.4163	1	BP
GO:0006383	transcription by RNA polymerase III	5	2	1.37	0.4163	1	BP
GO:0051966	regulation of synaptic transmission, glu...	5	2	1.37	0.4163	1	BP
GO:0051932	synaptic transmission, GABAergic	5	2	1.37	0.4163	1	BP
GO:0006487	protein N-linked glycosylation	5	2	1.37	0.4163	1	BP
GO:0001974	blood vessel remodeling	5	2	1.37	0.4163	1	BP
GO:0040024	dauer larval development	5	2	1.37	0.4163	1	BP
GO:0051092	positive regulation of NF-kappaB transcr...	5	2	1.37	0.4163	1	BP
GO:0040015	negative regulation of multicellular org...	5	2	1.37	0.4163	1	BP
GO:0007398	ectoderm development	5	2	1.37	0.4163	1	BP
GO:0046473	phosphatidic acid metabolic process	5	2	1.37	0.4163	1	BP
GO:0035222	wing disc pattern formation	5	2	1.37	0.4163	1	BP
GO:2000209	regulation of anoikis	5	2	1.37	0.4163	1	BP
GO:0035214	eye-antennal disc development	5	2	1.37	0.4163	1	BP
GO:0044819	mitotic G1/S transition checkpoint signa...	5	2	1.37	0.4163	1	BP
GO:0006119	oxidative phosphorylation	5	2	1.37	0.4163	1	BP
GO:1900449	regulation of glutamate receptor signali...	5	2	1.37	0.4163	1	BP
GO:0043648	dicarboxylic acid metabolic process	5	2	1.37	0.4163	1	BP
GO:0070373	negative regulation of ERK1 and ERK2 cas...	5	2	1.37	0.4163	1	BP
GO:0007450	dorsal/ventral pattern formation, imagin...	5	2	1.37	0.4163	1	BP
GO:0060349	bone morphogenesis	5	2	1.37	0.4163	1	BP
GO:0007419	ventral cord development	5	2	1.37	0.4163	1	BP
GO:0097194	execution phase of apoptosis	5	2	1.37	0.4163	1	BP
GO:0019068	virion assembly	5	2	1.37	0.4163	1	BP
GO:0042982	amyloid precursor protein metabolic proc...	5	2	1.37	0.4163	1	BP
GO:0042987	amyloid precursor protein catabolic proc...	5	2	1.37	0.4163	1	BP
GO:0060421	positive regulation of heart growth	5	2	1.37	0.4163	1	BP
GO:2000811	negative regulation of anoikis	5	2	1.37	0.4163	1	BP
GO:0045880	positive regulation of smoothened signal...	5	2	1.37	0.4163	1	BP
GO:0007143	female meiotic nuclear division	5	2	1.37	0.4163	1	BP
GO:0045844	positive regulation of striated muscle t...	5	2	1.37	0.4163	1	BP
GO:0045833	negative regulation of lipid metabolic p...	5	2	1.37	0.4163	1	BP
GO:0016242	negative regulation of macroautophagy	5	2	1.37	0.4163	1	BP
GO:0043966	histone H3 acetylation	5	2	1.37	0.4163	1	BP
GO:0048483	autonomic nervous system development	5	2	1.37	0.4163	1	BP
GO:0010464	regulation of mesenchymal cell prolifera...	5	2	1.37	0.4163	1	BP
GO:0046885	regulation of hormone biosynthetic proce...	5	2	1.37	0.4163	1	BP
GO:0046886	positive regulation of hormone biosynthe...	5	2	1.37	0.4163	1	BP
GO:0031397	negative regulation of protein ubiquitin...	5	2	1.37	0.4163	1	BP
GO:0051438	regulation of ubiquitin-protein transfer...	5	2	1.37	0.4163	1	BP
GO:0030183	B cell differentiation	5	2	1.37	0.4163	1	BP
GO:0050792	regulation of viral process	5	2	1.37	0.4163	1	BP
GO:1902116	negative regulation of organelle assembl...	5	2	1.37	0.4163	1	BP
GO:0046545	development of primary female sexual cha...	5	2	1.37	0.4163	1	BP
GO:0006654	phosphatidic acid biosynthetic process	5	2	1.37	0.4163	1	BP
GO:0018107	peptidyl-threonine phosphorylation	5	2	1.37	0.4163	1	BP
GO:0006637	acyl-CoA metabolic process	5	2	1.37	0.4163	1	BP
GO:0009124	nucleoside monophosphate biosynthetic pr...	5	2	1.37	0.4163	1	BP
GO:1901863	positive regulation of muscle tissue dev...	5	2	1.37	0.4163	1	BP
GO:0018210	peptidyl-threonine modification	5	2	1.37	0.4163	1	BP
GO:0032352	positive regulation of hormone metabolic...	5	2	1.37	0.4163	1	BP
GO:0038202	TORC1 signaling	5	2	1.37	0.4163	1	BP
GO:0042335	cuticle development	5	2	1.37	0.4163	1	BP
GO:0002449	lymphocyte mediated immunity	5	2	1.37	0.4163	1	BP
GO:0070570	regulation of neuron projection regenera...	5	2	1.37	0.4163	1	BP
GO:0048709	oligodendrocyte differentiation	5	2	1.37	0.4163	1	BP
GO:0055021	regulation of cardiac muscle tissue grow...	5	2	1.37	0.4163	1	BP
GO:0055023	positive regulation of cardiac muscle ti...	5	2	1.37	0.4163	1	BP
GO:0055025	positive regulation of cardiac muscle ti...	5	2	1.37	0.4163	1	BP
GO:0055017	cardiac muscle tissue growth	5	2	1.37	0.4163	1	BP
GO:0007638	mechanosensory behavior	5	2	1.37	0.4163	1	BP
GO:0010556	regulation of macromolecule biosynthetic...	181	51	49.46	0.4172	1	BP
GO:0032268	regulation of cellular protein metabolic...	123	35	33.61	0.4172	1	BP
GO:0010948	negative regulation of cell cycle proces...	26	8	7.1	0.4178	1	BP
GO:0042060	wound healing	26	8	7.1	0.4178	1	BP
GO:0051235	maintenance of location	26	8	7.1	0.4178	1	BP
GO:0010605	negative regulation of macromolecule met...	134	38	36.62	0.4205	1	BP
GO:0060070	canonical Wnt signaling pathway	19	6	5.19	0.4218	1	BP
GO:0006401	RNA catabolic process	19	6	5.19	0.4218	1	BP
GO:0097746	blood vessel diameter maintenance	19	6	5.19	0.4218	1	BP
GO:0031325	positive regulation of cellular metaboli...	174	49	47.55	0.4228	1	BP
GO:0009056	catabolic process	145	41	39.62	0.4235	1	BP
GO:0009755	hormone-mediated signaling pathway	12	4	3.28	0.424	1	BP
GO:0045088	regulation of innate immune response	12	4	3.28	0.424	1	BP
GO:0001889	liver development	12	4	3.28	0.424	1	BP
GO:0006364	rRNA processing	12	4	3.28	0.424	1	BP
GO:0044242	cellular lipid catabolic process	12	4	3.28	0.424	1	BP
GO:0018958	phenol-containing compound metabolic pro...	12	4	3.28	0.424	1	BP
GO:0044774	mitotic DNA integrity checkpoint signali...	12	4	3.28	0.424	1	BP
GO:0061008	hepaticobiliary system development	12	4	3.28	0.424	1	BP
GO:0015718	monocarboxylic acid transport	12	4	3.28	0.424	1	BP
GO:0043062	extracellular structure organization	12	4	3.28	0.424	1	BP
GO:1901796	regulation of signal transduction by p53...	12	4	3.28	0.424	1	BP
GO:0009409	response to cold	12	4	3.28	0.424	1	BP
GO:0050730	regulation of peptidyl-tyrosine phosphor...	12	4	3.28	0.424	1	BP
GO:0006641	triglyceride metabolic process	12	4	3.28	0.424	1	BP
GO:0006638	neutral lipid metabolic process	12	4	3.28	0.424	1	BP
GO:0006639	acylglycerol metabolic process	12	4	3.28	0.424	1	BP
GO:0042445	hormone metabolic process	12	4	3.28	0.424	1	BP
GO:0008593	regulation of Notch signaling pathway	12	4	3.28	0.424	1	BP
GO:0009893	positive regulation of metabolic process	185	52	50.55	0.4249	1	BP
GO:0009886	post-embryonic animal morphogenesis	44	13	12.02	0.4251	1	BP
GO:0010256	endomembrane system organization	37	11	10.11	0.4315	1	BP
GO:0005975	carbohydrate metabolic process	37	11	10.11	0.4315	1	BP
GO:1901575	organic substance catabolic process	120	34	32.79	0.4323	1	BP
GO:0045860	positive regulation of protein kinase ac...	30	9	8.2	0.4384	1	BP
GO:0016567	protein ubiquitination	48	14	13.12	0.4403	1	BP
GO:0051254	positive regulation of RNA metabolic pro...	95	27	25.96	0.4415	1	BP
GO:0044248	cellular catabolic process	135	38	36.89	0.4439	1	BP
GO:0043067	regulation of programmed cell death	77	22	21.04	0.4443	1	BP
GO:0008544	epidermis development	23	7	6.29	0.446	1	BP
GO:0043583	ear development	23	7	6.29	0.446	1	BP
GO:0008361	regulation of cell size	23	7	6.29	0.446	1	BP
GO:0007204	positive regulation of cytosolic calcium...	23	7	6.29	0.446	1	BP
GO:0009150	purine ribonucleotide metabolic process	23	7	6.29	0.446	1	BP
GO:0006605	protein targeting	23	7	6.29	0.446	1	BP
GO:0098771	inorganic ion homeostasis	59	17	16.12	0.4466	1	BP
GO:0072507	divalent inorganic cation homeostasis	41	12	11.2	0.4479	1	BP
GO:0006873	cellular ion homeostasis	52	15	14.21	0.4544	1	BP
GO:0001894	tissue homeostasis	16	5	4.37	0.4546	1	BP
GO:0032259	methylation	16	5	4.37	0.4546	1	BP
GO:0007051	spindle organization	16	5	4.37	0.4546	1	BP
GO:0048193	Golgi vesicle transport	16	5	4.37	0.4546	1	BP
GO:0010468	regulation of gene expression	201	56	54.93	0.4546	1	BP
GO:0009967	positive regulation of signal transducti...	81	23	22.13	0.4553	1	BP
GO:0042127	regulation of cell population proliferat...	92	26	25.14	0.4585	1	BP
GO:0051962	positive regulation of nervous system de...	45	13	12.3	0.4629	1	BP
GO:0001934	positive regulation of protein phosphory...	45	13	12.3	0.4629	1	BP
GO:0006875	cellular metal ion homeostasis	45	13	12.3	0.4629	1	BP
GO:0048844	artery morphogenesis	9	3	2.46	0.4647	1	BP
GO:0071824	protein-DNA complex subunit organization	9	3	2.46	0.4647	1	BP
GO:0022408	negative regulation of cell-cell adhesio...	9	3	2.46	0.4647	1	BP
GO:0051881	regulation of mitochondrial membrane pot...	9	3	2.46	0.4647	1	BP
GO:0021782	glial cell development	9	3	2.46	0.4647	1	BP
GO:0043462	regulation of ATP-dependent activity	9	3	2.46	0.4647	1	BP
GO:0006906	vesicle fusion	9	3	2.46	0.4647	1	BP
GO:0006090	pyruvate metabolic process	9	3	2.46	0.4647	1	BP
GO:0048660	regulation of smooth muscle cell prolife...	9	3	2.46	0.4647	1	BP
GO:0048659	smooth muscle cell proliferation	9	3	2.46	0.4647	1	BP
GO:0048634	regulation of muscle organ development	9	3	2.46	0.4647	1	BP
GO:0033238	regulation of cellular amine metabolic p...	9	3	2.46	0.4647	1	BP
GO:0070059	intrinsic apoptotic signaling pathway in...	9	3	2.46	0.4647	1	BP
GO:0010952	positive regulation of peptidase activit...	9	3	2.46	0.4647	1	BP
GO:0006475	internal protein amino acid acetylation	9	3	2.46	0.4647	1	BP
GO:0051091	positive regulation of DNA-binding trans...	9	3	2.46	0.4647	1	BP
GO:0031929	TOR signaling	9	3	2.46	0.4647	1	BP
GO:0022900	electron transport chain	9	3	2.46	0.4647	1	BP
GO:0016202	regulation of striated muscle tissue dev...	9	3	2.46	0.4647	1	BP
GO:0017156	calcium-ion regulated exocytosis	9	3	2.46	0.4647	1	BP
GO:0032006	regulation of TOR signaling	9	3	2.46	0.4647	1	BP
GO:0090174	organelle membrane fusion	9	3	2.46	0.4647	1	BP
GO:0043903	regulation of biological process involve...	9	3	2.46	0.4647	1	BP
GO:0009451	RNA modification	9	3	2.46	0.4647	1	BP
GO:1901890	positive regulation of cell junction ass...	9	3	2.46	0.4647	1	BP
GO:1901861	regulation of muscle tissue development	9	3	2.46	0.4647	1	BP
GO:0042303	molting cycle	9	3	2.46	0.4647	1	BP
GO:0055093	response to hyperoxia	9	3	2.46	0.4647	1	BP
GO:0031102	neuron projection regeneration	9	3	2.46	0.4647	1	BP
GO:0031103	axon regeneration	9	3	2.46	0.4647	1	BP
GO:0055081	anion homeostasis	9	3	2.46	0.4647	1	BP
GO:0007619	courtship behavior	9	3	2.46	0.4647	1	BP
GO:0032411	positive regulation of transporter activ...	9	3	2.46	0.4647	1	BP
GO:0032414	positive regulation of ion transmembrane...	9	3	2.46	0.4647	1	BP
GO:2000113	negative regulation of cellular macromol...	85	24	23.23	0.4659	1	BP
GO:0042594	response to starvation	27	8	7.38	0.4663	1	BP
GO:0034765	regulation of ion transmembrane transpor...	27	8	7.38	0.4663	1	BP
GO:0055080	cation homeostasis	56	16	15.3	0.4675	1	BP
GO:0051094	positive regulation of developmental pro...	96	27	26.23	0.4684	1	BP
GO:0098660	inorganic ion transmembrane transport	67	19	18.31	0.471	1	BP
GO:0045906	negative regulation of vasoconstriction	2	1	0.55	0.4721	1	BP
GO:0010863	positive regulation of phospholipase C a...	2	1	0.55	0.4721	1	BP
GO:0048842	positive regulation of axon extension in...	2	1	0.55	0.4721	1	BP
GO:0030813	positive regulation of nucleotide catabo...	2	1	0.55	0.4721	1	BP
GO:0098586	cellular response to virus	2	1	0.55	0.4721	1	BP
GO:0010880	regulation of release of sequestered cal...	2	1	0.55	0.4721	1	BP
GO:1902866	regulation of retina development in came...	2	1	0.55	0.4721	1	BP
GO:0009726	detection of endogenous stimulus	2	1	0.55	0.4721	1	BP
GO:0010889	regulation of sequestering of triglyceri...	2	1	0.55	0.4721	1	BP
GO:0015949	nucleobase-containing small molecule int...	2	1	0.55	0.4721	1	BP
GO:0010872	regulation of cholesterol esterification	2	1	0.55	0.4721	1	BP
GO:0010874	regulation of cholesterol efflux	2	1	0.55	0.4721	1	BP
GO:0050650	chondroitin sulfate proteoglycan biosynt...	2	1	0.55	0.4721	1	BP
GO:0048808	male genitalia morphogenesis	2	1	0.55	0.4721	1	BP
GO:0050654	chondroitin sulfate proteoglycan metabol...	2	1	0.55	0.4721	1	BP
GO:0062208	positive regulation of pattern recogniti...	2	1	0.55	0.4721	1	BP
GO:0098534	centriole assembly	2	1	0.55	0.4721	1	BP
GO:0043330	response to exogenous dsRNA	2	1	0.55	0.4721	1	BP
GO:0086098	angiotensin-activated signaling pathway ...	2	1	0.55	0.4721	1	BP
GO:0086064	cell communication by electrical couplin...	2	1	0.55	0.4721	1	BP
GO:0048550	negative regulation of pinocytosis	2	1	0.55	0.4721	1	BP
GO:0048581	negative regulation of post-embryonic de...	2	1	0.55	0.4721	1	BP
GO:1902803	regulation of synaptic vesicle transport	2	1	0.55	0.4721	1	BP
GO:0045010	actin nucleation	2	1	0.55	0.4721	1	BP
GO:0030512	negative regulation of transforming grow...	2	1	0.55	0.4721	1	BP
GO:0048548	regulation of pinocytosis	2	1	0.55	0.4721	1	BP
GO:0051560	mitochondrial calcium ion homeostasis	2	1	0.55	0.4721	1	BP
GO:0051561	positive regulation of mitochondrial cal...	2	1	0.55	0.4721	1	BP
GO:0043486	histone exchange	2	1	0.55	0.4721	1	BP
GO:0043489	RNA stabilization	2	1	0.55	0.4721	1	BP
GO:0006901	vesicle coating	2	1	0.55	0.4721	1	BP
GO:0043471	regulation of cellular carbohydrate cata...	2	1	0.55	0.4721	1	BP
GO:0032291	axon ensheathment in central nervous sys...	2	1	0.55	0.4721	1	BP
GO:1903726	negative regulation of phospholipid meta...	2	1	0.55	0.4721	1	BP
GO:0030539	male genitalia development	2	1	0.55	0.4721	1	BP
GO:0003197	endocardial cushion development	2	1	0.55	0.4721	1	BP
GO:0033484	nitric oxide homeostasis	2	1	0.55	0.4721	1	BP
GO:0015012	heparan sulfate proteoglycan biosyntheti...	2	1	0.55	0.4721	1	BP
GO:0009838	abscission	2	1	0.55	0.4721	1	BP
GO:0042274	ribosomal small subunit biogenesis	2	1	0.55	0.4721	1	BP
GO:1904294	positive regulation of ERAD pathway	2	1	0.55	0.4721	1	BP
GO:0002762	negative regulation of myeloid leukocyte...	2	1	0.55	0.4721	1	BP
GO:0032229	negative regulation of synaptic transmis...	2	1	0.55	0.4721	1	BP
GO:0010501	RNA secondary structure unwinding	2	1	0.55	0.4721	1	BP
GO:0032212	positive regulation of telomere maintena...	2	1	0.55	0.4721	1	BP
GO:1904263	positive regulation of TORC1 signaling	2	1	0.55	0.4721	1	BP
GO:0008608	attachment of spindle microtubules to ki...	2	1	0.55	0.4721	1	BP
GO:0009595	detection of biotic stimulus	2	1	0.55	0.4721	1	BP
GO:1905476	negative regulation of protein localizat...	2	1	0.55	0.4721	1	BP
GO:0046900	tetrahydrofolylpolyglutamate metabolic p...	2	1	0.55	0.4721	1	BP
GO:0016925	protein sumoylation	2	1	0.55	0.4721	1	BP
GO:0044387	negative regulation of protein kinase ac...	2	1	0.55	0.4721	1	BP
GO:0032201	telomere maintenance via semi-conservati...	2	1	0.55	0.4721	1	BP
GO:0032206	positive regulation of telomere maintena...	2	1	0.55	0.4721	1	BP
GO:0034389	lipid droplet organization	2	1	0.55	0.4721	1	BP
GO:0043154	negative regulation of cysteine-type end...	2	1	0.55	0.4721	1	BP
GO:0051657	maintenance of organelle location	2	1	0.55	0.4721	1	BP
GO:0034314	Arp2/3 complex-mediated actin nucleation	2	1	0.55	0.4721	1	BP
GO:0034315	regulation of Arp2/3 complex-mediated ac...	2	1	0.55	0.4721	1	BP
GO:0071636	positive regulation of transforming grow...	2	1	0.55	0.4721	1	BP
GO:1903817	negative regulation of voltage-gated pot...	2	1	0.55	0.4721	1	BP
GO:0002709	regulation of T cell mediated immunity	2	1	0.55	0.4721	1	BP
GO:1903845	negative regulation of cellular response...	2	1	0.55	0.4721	1	BP
GO:0010649	regulation of cell communication by elec...	2	1	0.55	0.4721	1	BP
GO:0032785	negative regulation of DNA-templated tra...	2	1	0.55	0.4721	1	BP
GO:0003283	atrial septum development	2	1	0.55	0.4721	1	BP
GO:0042713	sperm ejaculation	2	1	0.55	0.4721	1	BP
GO:0003272	endocardial cushion formation	2	1	0.55	0.4721	1	BP
GO:2001044	regulation of integrin-mediated signalin...	2	1	0.55	0.4721	1	BP
GO:0001696	gastric acid secretion	2	1	0.55	0.4721	1	BP
GO:0003211	cardiac ventricle formation	2	1	0.55	0.4721	1	BP
GO:0021562	vestibulocochlear nerve development	2	1	0.55	0.4721	1	BP
GO:1903596	regulation of gap junction assembly	2	1	0.55	0.4721	1	BP
GO:1903598	positive regulation of gap junction asse...	2	1	0.55	0.4721	1	BP
GO:0031579	membrane raft organization	2	1	0.55	0.4721	1	BP
GO:0003230	cardiac atrium development	2	1	0.55	0.4721	1	BP
GO:0001661	conditioned taste aversion	2	1	0.55	0.4721	1	BP
GO:1900085	negative regulation of peptidyl-tyrosine...	2	1	0.55	0.4721	1	BP
GO:1905132	regulation of meiotic chromosome separat...	2	1	0.55	0.4721	1	BP
GO:0021527	spinal cord association neuron different...	2	1	0.55	0.4721	1	BP
GO:0072531	pyrimidine-containing compound transmemb...	2	1	0.55	0.4721	1	BP
GO:0003203	endocardial cushion morphogenesis	2	1	0.55	0.4721	1	BP
GO:0003209	cardiac atrium morphogenesis	2	1	0.55	0.4721	1	BP
GO:1903580	positive regulation of ATP metabolic pro...	2	1	0.55	0.4721	1	BP
GO:1900027	regulation of ruffle assembly	2	1	0.55	0.4721	1	BP
GO:0021516	dorsal spinal cord development	2	1	0.55	0.4721	1	BP
GO:0050995	negative regulation of lipid catabolic p...	2	1	0.55	0.4721	1	BP
GO:0070988	demethylation	2	1	0.55	0.4721	1	BP
GO:0021535	cell migration in hindbrain	2	1	0.55	0.4721	1	BP
GO:1901993	regulation of meiotic cell cycle phase t...	2	1	0.55	0.4721	1	BP
GO:0072505	divalent inorganic anion homeostasis	2	1	0.55	0.4721	1	BP
GO:0072506	trivalent inorganic anion homeostasis	2	1	0.55	0.4721	1	BP
GO:1903513	endoplasmic reticulum to cytosol transpo...	2	1	0.55	0.4721	1	BP
GO:1903514	release of sequestered calcium ion into ...	2	1	0.55	0.4721	1	BP
GO:0070918	small regulatory ncRNA processing	2	1	0.55	0.4721	1	BP
GO:0034433	steroid esterification	2	1	0.55	0.4721	1	BP
GO:0034434	sterol esterification	2	1	0.55	0.4721	1	BP
GO:0034435	cholesterol esterification	2	1	0.55	0.4721	1	BP
GO:0007095	mitotic G2 DNA damage checkpoint signali...	2	1	0.55	0.4721	1	BP
GO:0007099	centriole replication	2	1	0.55	0.4721	1	BP
GO:0097068	response to thyroxine	2	1	0.55	0.4721	1	BP
GO:0070935	3'-UTR-mediated mRNA stabilization	2	1	0.55	0.4721	1	BP
GO:1901985	positive regulation of protein acetylati...	2	1	0.55	0.4721	1	BP
GO:0032873	negative regulation of stress-activated ...	2	1	0.55	0.4721	1	BP
GO:2000370	positive regulation of clathrin-dependen...	2	1	0.55	0.4721	1	BP
GO:0050911	detection of chemical stimulus involved ...	2	1	0.55	0.4721	1	BP
GO:0097070	ductus arteriosus closure	2	1	0.55	0.4721	1	BP
GO:1901979	regulation of inward rectifier potassium...	2	1	0.55	0.4721	1	BP
GO:0032847	regulation of cellular pH reduction	2	1	0.55	0.4721	1	BP
GO:0032849	positive regulation of cellular pH reduc...	2	1	0.55	0.4721	1	BP
GO:2000331	regulation of terminal button organizati...	2	1	0.55	0.4721	1	BP
GO:0035357	peroxisome proliferator activated recept...	2	1	0.55	0.4721	1	BP
GO:0045324	late endosome to vacuole transport	2	1	0.55	0.4721	1	BP
GO:2000300	regulation of synaptic vesicle exocytosi...	2	1	0.55	0.4721	1	BP
GO:0035313	wound healing, spreading of epidermal ce...	2	1	0.55	0.4721	1	BP
GO:0034123	positive regulation of toll-like recepto...	2	1	0.55	0.4721	1	BP
GO:0007007	inner mitochondrial membrane organizatio...	2	1	0.55	0.4721	1	BP
GO:0098911	regulation of ventricular cardiac muscle...	2	1	0.55	0.4721	1	BP
GO:0034141	positive regulation of toll-like recepto...	2	1	0.55	0.4721	1	BP
GO:0042558	pteridine-containing compound metabolic ...	2	1	0.55	0.4721	1	BP
GO:0060065	uterus development	2	1	0.55	0.4721	1	BP
GO:0034138	toll-like receptor 3 signaling pathway	2	1	0.55	0.4721	1	BP
GO:0034139	regulation of toll-like receptor 3 signa...	2	1	0.55	0.4721	1	BP
GO:0035307	positive regulation of protein dephospho...	2	1	0.55	0.4721	1	BP
GO:0060087	relaxation of vascular associated smooth...	2	1	0.55	0.4721	1	BP
GO:0060074	synapse maturation	2	1	0.55	0.4721	1	BP
GO:0098903	regulation of membrane repolarization du...	2	1	0.55	0.4721	1	BP
GO:0055115	entry into diapause	2	1	0.55	0.4721	1	BP
GO:1903609	negative regulation of inward rectifier ...	2	1	0.55	0.4721	1	BP
GO:0032527	protein exit from endoplasmic reticulum	2	1	0.55	0.4721	1	BP
GO:0106120	positive regulation of sterol biosynthet...	2	1	0.55	0.4721	1	BP
GO:0042532	negative regulation of tyrosine phosphor...	2	1	0.55	0.4721	1	BP
GO:0045454	cell redox homeostasis	2	1	0.55	0.4721	1	BP
GO:0002686	negative regulation of leukocyte migrati...	2	1	0.55	0.4721	1	BP
GO:0035459	vesicle cargo loading	2	1	0.55	0.4721	1	BP
GO:0042509	regulation of tyrosine phosphorylation o...	2	1	0.55	0.4721	1	BP
GO:0030970	retrograde protein transport, ER to cyto...	2	1	0.55	0.4721	1	BP
GO:1901017	negative regulation of potassium ion tra...	2	1	0.55	0.4721	1	BP
GO:0048934	peripheral nervous system neuron differe...	2	1	0.55	0.4721	1	BP
GO:0048935	peripheral nervous system neuron develop...	2	1	0.55	0.4721	1	BP
GO:0051969	regulation of transmission of nerve impu...	2	1	0.55	0.4721	1	BP
GO:0051954	positive regulation of amine transport	2	1	0.55	0.4721	1	BP
GO:2000191	regulation of fatty acid transport	2	1	0.55	0.4721	1	BP
GO:0051988	regulation of attachment of spindle micr...	2	1	0.55	0.4721	1	BP
GO:0090077	foam cell differentiation	2	1	0.55	0.4721	1	BP
GO:0008089	anterograde axonal transport	2	1	0.55	0.4721	1	BP
GO:0000027	ribosomal large subunit assembly	2	1	0.55	0.4721	1	BP
GO:0090036	regulation of protein kinase C signaling	2	1	0.55	0.4721	1	BP
GO:2000178	negative regulation of neural precursor ...	2	1	0.55	0.4721	1	BP
GO:1902932	positive regulation of alcohol biosynthe...	2	1	0.55	0.4721	1	BP
GO:0045167	asymmetric protein localization involved...	2	1	0.55	0.4721	1	BP
GO:2000117	negative regulation of cysteine-type end...	2	1	0.55	0.4721	1	BP
GO:0006465	signal peptide processing	2	1	0.55	0.4721	1	BP
GO:0022611	dormancy process	2	1	0.55	0.4721	1	BP
GO:0032637	interleukin-8 production	2	1	0.55	0.4721	1	BP
GO:0001960	negative regulation of cytokine-mediated...	2	1	0.55	0.4721	1	BP
GO:0044785	metaphase/anaphase transition of meiotic...	2	1	0.55	0.4721	1	BP
GO:1905819	negative regulation of chromosome separa...	2	1	0.55	0.4721	1	BP
GO:0006482	protein demethylation	2	1	0.55	0.4721	1	BP
GO:0044771	meiotic cell cycle phase transition	2	1	0.55	0.4721	1	BP
GO:0033599	regulation of mammary gland epithelial c...	2	1	0.55	0.4721	1	BP
GO:0034754	cellular hormone metabolic process	2	1	0.55	0.4721	1	BP
GO:0034755	iron ion transmembrane transport	2	1	0.55	0.4721	1	BP
GO:0001973	G protein-coupled adenosine receptor sig...	2	1	0.55	0.4721	1	BP
GO:0035112	genitalia morphogenesis	2	1	0.55	0.4721	1	BP
GO:0035115	embryonic forelimb morphogenesis	2	1	0.55	0.4721	1	BP
GO:0040027	negative regulation of vulval developmen...	2	1	0.55	0.4721	1	BP
GO:0001922	B-1 B cell homeostasis	2	1	0.55	0.4721	1	BP
GO:0043584	nose development	2	1	0.55	0.4721	1	BP
GO:0016318	ommatidial rotation	2	1	0.55	0.4721	1	BP
GO:0030070	insulin processing	2	1	0.55	0.4721	1	BP
GO:0034728	nucleosome organization	2	1	0.55	0.4721	1	BP
GO:0061064	negative regulation of nematode larval d...	2	1	0.55	0.4721	1	BP
GO:0035136	forelimb morphogenesis	2	1	0.55	0.4721	1	BP
GO:0071072	negative regulation of phospholipid bios...	2	1	0.55	0.4721	1	BP
GO:0061074	regulation of neural retina development	2	1	0.55	0.4721	1	BP
GO:0051085	chaperone cofactor-dependent protein ref...	2	1	0.55	0.4721	1	BP
GO:0140353	lipid export from cell	2	1	0.55	0.4721	1	BP
GO:0140354	lipid import into cell	2	1	0.55	0.4721	1	BP
GO:0010043	response to zinc ion	2	1	0.55	0.4721	1	BP
GO:1902018	negative regulation of cilium assembly	2	1	0.55	0.4721	1	BP
GO:0044860	protein localization to plasma membrane ...	2	1	0.55	0.4721	1	BP
GO:2000242	negative regulation of reproductive proc...	2	1	0.55	0.4721	1	BP
GO:1902041	regulation of extrinsic apoptotic signal...	2	1	0.55	0.4721	1	BP
GO:0007320	insemination	2	1	0.55	0.4721	1	BP
GO:0044854	plasma membrane raft assembly	2	1	0.55	0.4721	1	BP
GO:0044857	plasma membrane raft organization	2	1	0.55	0.4721	1	BP
GO:0021978	telencephalon regionalization	2	1	0.55	0.4721	1	BP
GO:0044878	mitotic cytokinesis checkpoint signaling	2	1	0.55	0.4721	1	BP
GO:0036438	maintenance of lens transparency	2	1	0.55	0.4721	1	BP
GO:0006120	mitochondrial electron transport, NADH t...	2	1	0.55	0.4721	1	BP
GO:0016479	negative regulation of transcription by ...	2	1	0.55	0.4721	1	BP
GO:0006114	glycerol biosynthetic process	2	1	0.55	0.4721	1	BP
GO:0007307	eggshell chorion gene amplification	2	1	0.55	0.4721	1	BP
GO:0009070	serine family amino acid biosynthetic pr...	2	1	0.55	0.4721	1	BP
GO:0060350	endochondral bone morphogenesis	2	1	0.55	0.4721	1	BP
GO:0060352	cell adhesion molecule production	2	1	0.55	0.4721	1	BP
GO:0060353	regulation of cell adhesion molecule pro...	2	1	0.55	0.4721	1	BP
GO:2001171	positive regulation of ATP biosynthetic ...	2	1	0.55	0.4721	1	BP
GO:0060355	positive regulation of cell adhesion mol...	2	1	0.55	0.4721	1	BP
GO:2000758	positive regulation of peptidyl-lysine a...	2	1	0.55	0.4721	1	BP
GO:0033631	cell-cell adhesion mediated by integrin	2	1	0.55	0.4721	1	BP
GO:0007488	histoblast morphogenesis	2	1	0.55	0.4721	1	BP
GO:0097411	hypoxia-inducible factor-1alpha signalin...	2	1	0.55	0.4721	1	BP
GO:1901380	negative regulation of potassium ion tra...	2	1	0.55	0.4721	1	BP
GO:0070303	negative regulation of stress-activated ...	2	1	0.55	0.4721	1	BP
GO:0044557	relaxation of smooth muscle	2	1	0.55	0.4721	1	BP
GO:2000737	negative regulation of stem cell differe...	2	1	0.55	0.4721	1	BP
GO:0014808	release of sequestered calcium ion into ...	2	1	0.55	0.4721	1	BP
GO:0036148	phosphatidylglycerol acyl-chain remodeli...	2	1	0.55	0.4721	1	BP
GO:0047496	vesicle transport along microtubule	2	1	0.55	0.4721	1	BP
GO:0006277	DNA amplification	2	1	0.55	0.4721	1	BP
GO:0042994	cytoplasmic sequestering of transcriptio...	2	1	0.55	0.4721	1	BP
GO:0031016	pancreas development	2	1	0.55	0.4721	1	BP
GO:0031018	endocrine pancreas development	2	1	0.55	0.4721	1	BP
GO:1903069	regulation of ER-associated ubiquitin-de...	2	1	0.55	0.4721	1	BP
GO:0019065	receptor-mediated endocytosis of virus b...	2	1	0.55	0.4721	1	BP
GO:0044539	long-chain fatty acid import into cell	2	1	0.55	0.4721	1	BP
GO:0039019	pronephric nephron development	2	1	0.55	0.4721	1	BP
GO:0019054	modulation by virus of host cellular pro...	2	1	0.55	0.4721	1	BP
GO:1903071	positive regulation of ER-associated ubi...	2	1	0.55	0.4721	1	BP
GO:0015740	C4-dicarboxylate transport	2	1	0.55	0.4721	1	BP
GO:0045898	regulation of RNA polymerase II transcri...	2	1	0.55	0.4721	1	BP
GO:0045899	positive regulation of RNA polymerase II...	2	1	0.55	0.4721	1	BP
GO:0032981	mitochondrial respiratory chain complex ...	2	1	0.55	0.4721	1	BP
GO:2001225	regulation of chloride transport	2	1	0.55	0.4721	1	BP
GO:1903018	regulation of glycoprotein metabolic pro...	2	1	0.55	0.4721	1	BP
GO:0036260	RNA capping	2	1	0.55	0.4721	1	BP
GO:0034505	tooth mineralization	2	1	0.55	0.4721	1	BP
GO:0019048	modulation by virus of host process	2	1	0.55	0.4721	1	BP
GO:0075509	endocytosis involved in viral entry into...	2	1	0.55	0.4721	1	BP
GO:0060413	atrial septum morphogenesis	2	1	0.55	0.4721	1	BP
GO:0032915	positive regulation of transforming grow...	2	1	0.55	0.4721	1	BP
GO:0007176	regulation of epidermal growth factor-ac...	2	1	0.55	0.4721	1	BP
GO:0006760	folic acid-containing compound metabolic...	2	1	0.55	0.4721	1	BP
GO:0016264	gap junction assembly	2	1	0.55	0.4721	1	BP
GO:0045821	positive regulation of glycolytic proces...	2	1	0.55	0.4721	1	BP
GO:0071391	cellular response to estrogen stimulus	2	1	0.55	0.4721	1	BP
GO:0042908	xenobiotic transport	2	1	0.55	0.4721	1	BP
GO:0071394	cellular response to testosterone stimul...	2	1	0.55	0.4721	1	BP
GO:0071398	cellular response to fatty acid	2	1	0.55	0.4721	1	BP
GO:0034661	ncRNA catabolic process	2	1	0.55	0.4721	1	BP
GO:1900274	regulation of phospholipase C activity	2	1	0.55	0.4721	1	BP
GO:0034656	nucleobase-containing small molecule cat...	2	1	0.55	0.4721	1	BP
GO:0071360	cellular response to exogenous dsRNA	2	1	0.55	0.4721	1	BP
GO:0045835	negative regulation of meiotic nuclear d...	2	1	0.55	0.4721	1	BP
GO:0035810	positive regulation of urine volume	2	1	0.55	0.4721	1	BP
GO:0071364	cellular response to epidermal growth fa...	2	1	0.55	0.4721	1	BP
GO:0035815	positive regulation of renal sodium excr...	2	1	0.55	0.4721	1	BP
GO:0007100	mitotic centrosome separation	2	1	0.55	0.4721	1	BP
GO:0046794	transport of virus	2	1	0.55	0.4721	1	BP
GO:0006734	NADH metabolic process	2	1	0.55	0.4721	1	BP
GO:0110116	regulation of compound eye photoreceptor...	2	1	0.55	0.4721	1	BP
GO:0016233	telomere capping	2	1	0.55	0.4721	1	BP
GO:0071378	cellular response to growth hormone stim...	2	1	0.55	0.4721	1	BP
GO:0060161	positive regulation of dopamine receptor...	2	1	0.55	0.4721	1	BP
GO:0007291	sperm individualization	2	1	0.55	0.4721	1	BP
GO:0060159	regulation of dopamine receptor signalin...	2	1	0.55	0.4721	1	BP
GO:1990791	dorsal root ganglion development	2	1	0.55	0.4721	1	BP
GO:0060180	female mating behavior	2	1	0.55	0.4721	1	BP
GO:0007260	tyrosine phosphorylation of STAT protein	2	1	0.55	0.4721	1	BP
GO:0035590	purinergic nucleotide receptor signaling...	2	1	0.55	0.4721	1	BP
GO:0060123	regulation of growth hormone secretion	2	1	0.55	0.4721	1	BP
GO:0006896	Golgi to vacuole transport	2	1	0.55	0.4721	1	BP
GO:0017158	regulation of calcium ion-dependent exoc...	2	1	0.55	0.4721	1	BP
GO:0015804	neutral amino acid transport	2	1	0.55	0.4721	1	BP
GO:0051340	regulation of ligase activity	2	1	0.55	0.4721	1	BP
GO:0007225	patched ligand maturation	2	1	0.55	0.4721	1	BP
GO:0006855	xenobiotic transmembrane transport	2	1	0.55	0.4721	1	BP
GO:0035588	G protein-coupled purinergic receptor si...	2	1	0.55	0.4721	1	BP
GO:0008407	chaeta morphogenesis	2	1	0.55	0.4721	1	BP
GO:0045542	positive regulation of cholesterol biosy...	2	1	0.55	0.4721	1	BP
GO:0009395	phospholipid catabolic process	2	1	0.55	0.4721	1	BP
GO:0051307	meiotic chromosome separation	2	1	0.55	0.4721	1	BP
GO:0070291	N-acylethanolamine metabolic process	2	1	0.55	0.4721	1	BP
GO:0022010	central nervous system myelination	2	1	0.55	0.4721	1	BP
GO:0071464	cellular response to hydrostatic pressur...	2	1	0.55	0.4721	1	BP
GO:0071480	cellular response to gamma radiation	2	1	0.55	0.4721	1	BP
GO:0007202	activation of phospholipase C activity	2	1	0.55	0.4721	1	BP
GO:0007205	protein kinase C-activating G protein-co...	2	1	0.55	0.4721	1	BP
GO:0046898	response to cycloheximide	2	1	0.55	0.4721	1	BP
GO:0032008	positive regulation of TOR signaling	2	1	0.55	0.4721	1	BP
GO:0070254	mucus secretion	2	1	0.55	0.4721	1	BP
GO:0070255	regulation of mucus secretion	2	1	0.55	0.4721	1	BP
GO:0070286	axonemal dynein complex assembly	2	1	0.55	0.4721	1	BP
GO:0090110	COPII-coated vesicle cargo loading	2	1	0.55	0.4721	1	BP
GO:0061478	response to platelet aggregation inhibit...	2	1	0.55	0.4721	1	BP
GO:0060250	germ-line stem-cell niche homeostasis	2	1	0.55	0.4721	1	BP
GO:0090114	COPII-coated vesicle budding	2	1	0.55	0.4721	1	BP
GO:0060252	positive regulation of glial cell prolif...	2	1	0.55	0.4721	1	BP
GO:0003094	glomerular filtration	2	1	0.55	0.4721	1	BP
GO:0035694	mitochondrial protein catabolic process	2	1	0.55	0.4721	1	BP
GO:0060216	definitive hemopoiesis	2	1	0.55	0.4721	1	BP
GO:0060218	hematopoietic stem cell differentiation	2	1	0.55	0.4721	1	BP
GO:0060242	contact inhibition	2	1	0.55	0.4721	1	BP
GO:0048194	Golgi vesicle budding	2	1	0.55	0.4721	1	BP
GO:0060244	negative regulation of cell proliferatio...	2	1	0.55	0.4721	1	BP
GO:0060245	detection of cell density	2	1	0.55	0.4721	1	BP
GO:0051447	negative regulation of meiotic cell cycl...	2	1	0.55	0.4721	1	BP
GO:0045687	positive regulation of glial cell differ...	2	1	0.55	0.4721	1	BP
GO:0048199	vesicle targeting, to, from or within Go...	2	1	0.55	0.4721	1	BP
GO:0045676	regulation of R7 cell differentiation	2	1	0.55	0.4721	1	BP
GO:0006555	methionine metabolic process	2	1	0.55	0.4721	1	BP
GO:0045616	regulation of keratinocyte differentiati...	2	1	0.55	0.4721	1	BP
GO:0072375	medium-term memory	2	1	0.55	0.4721	1	BP
GO:0045631	regulation of mechanoreceptor differenti...	2	1	0.55	0.4721	1	BP
GO:0090259	regulation of retinal ganglion cell axon...	2	1	0.55	0.4721	1	BP
GO:0000266	mitochondrial fission	2	1	0.55	0.4721	1	BP
GO:0043056	forward locomotion	2	1	0.55	0.4721	1	BP
GO:0048146	positive regulation of fibroblast prolif...	2	1	0.55	0.4721	1	BP
GO:0043059	regulation of forward locomotion	2	1	0.55	0.4721	1	BP
GO:0060761	negative regulation of response to cytok...	2	1	0.55	0.4721	1	BP
GO:0060765	regulation of androgen receptor signalin...	2	1	0.55	0.4721	1	BP
GO:0035601	protein deacylation	2	1	0.55	0.4721	1	BP
GO:0051150	regulation of smooth muscle cell differe...	2	1	0.55	0.4721	1	BP
GO:0008258	head involution	2	1	0.55	0.4721	1	BP
GO:0051152	positive regulation of smooth muscle cel...	2	1	0.55	0.4721	1	BP
GO:0051154	negative regulation of striated muscle c...	2	1	0.55	0.4721	1	BP
GO:0090237	regulation of arachidonic acid secretion	2	1	0.55	0.4721	1	BP
GO:0051125	regulation of actin nucleation	2	1	0.55	0.4721	1	BP
GO:1903334	positive regulation of protein folding	2	1	0.55	0.4721	1	BP
GO:0008214	protein dealkylation	2	1	0.55	0.4721	1	BP
GO:0060742	epithelial cell differentiation involved...	2	1	0.55	0.4721	1	BP
GO:0090205	positive regulation of cholesterol metab...	2	1	0.55	0.4721	1	BP
GO:0060743	epithelial cell maturation involved in p...	2	1	0.55	0.4721	1	BP
GO:0051148	negative regulation of muscle cell diffe...	2	1	0.55	0.4721	1	BP
GO:0050729	positive regulation of inflammatory resp...	2	1	0.55	0.4721	1	BP
GO:1905063	regulation of vascular associated smooth...	2	1	0.55	0.4721	1	BP
GO:1905065	positive regulation of vascular associat...	2	1	0.55	0.4721	1	BP
GO:0031468	nuclear membrane reassembly	2	1	0.55	0.4721	1	BP
GO:0023019	signal transduction involved in regulati...	2	1	0.55	0.4721	1	BP
GO:0006659	phosphatidylserine biosynthetic process	2	1	0.55	0.4721	1	BP
GO:0030262	apoptotic nuclear changes	2	1	0.55	0.4721	1	BP
GO:0048255	mRNA stabilization	2	1	0.55	0.4721	1	BP
GO:0016571	histone methylation	2	1	0.55	0.4721	1	BP
GO:1990542	mitochondrial transmembrane transport	2	1	0.55	0.4721	1	BP
GO:1902100	negative regulation of metaphase/anaphas...	2	1	0.55	0.4721	1	BP
GO:1902102	regulation of metaphase/anaphase transit...	2	1	0.55	0.4721	1	BP
GO:0071257	cellular response to electrical stimulus	2	1	0.55	0.4721	1	BP
GO:0051295	establishment of meiotic spindle localiz...	2	1	0.55	0.4721	1	BP
GO:0051296	establishment of meiotic spindle orienta...	2	1	0.55	0.4721	1	BP
GO:0030224	monocyte differentiation	2	1	0.55	0.4721	1	BP
GO:0010257	NADH dehydrogenase complex assembly	2	1	0.55	0.4721	1	BP
GO:0070875	positive regulation of glycogen metaboli...	2	1	0.55	0.4721	1	BP
GO:0071243	cellular response to arsenic-containing ...	2	1	0.55	0.4721	1	BP
GO:1902255	positive regulation of intrinsic apoptot...	2	1	0.55	0.4721	1	BP
GO:0060872	semicircular canal development	2	1	0.55	0.4721	1	BP
GO:0048207	vesicle targeting, rough ER to cis-Golgi	2	1	0.55	0.4721	1	BP
GO:0048208	COPII vesicle coating	2	1	0.55	0.4721	1	BP
GO:0051220	cytoplasmic sequestering of protein	2	1	0.55	0.4721	1	BP
GO:0070849	response to epidermal growth factor	2	1	0.55	0.4721	1	BP
GO:0030201	heparan sulfate proteoglycan metabolic p...	2	1	0.55	0.4721	1	BP
GO:0098732	macromolecule deacylation	2	1	0.55	0.4721	1	BP
GO:0032365	intracellular lipid transport	2	1	0.55	0.4721	1	BP
GO:0032366	intracellular sterol transport	2	1	0.55	0.4721	1	BP
GO:0030204	chondroitin sulfate metabolic process	2	1	0.55	0.4721	1	BP
GO:0032367	intracellular cholesterol transport	2	1	0.55	0.4721	1	BP
GO:0070836	caveola assembly	2	1	0.55	0.4721	1	BP
GO:0060841	venous blood vessel development	2	1	0.55	0.4721	1	BP
GO:0032370	positive regulation of lipid transport	2	1	0.55	0.4721	1	BP
GO:0032371	regulation of sterol transport	2	1	0.55	0.4721	1	BP
GO:0032374	regulation of cholesterol transport	2	1	0.55	0.4721	1	BP
GO:0019401	alditol biosynthetic process	2	1	0.55	0.4721	1	BP
GO:0042332	gravitaxis	2	1	0.55	0.4721	1	BP
GO:0002457	T cell antigen processing and presentati...	2	1	0.55	0.4721	1	BP
GO:0048752	semicircular canal morphogenesis	2	1	0.55	0.4721	1	BP
GO:1904353	regulation of telomere capping	2	1	0.55	0.4721	1	BP
GO:0044068	modulation by symbiont of host cellular ...	2	1	0.55	0.4721	1	BP
GO:1901844	regulation of cell communication by elec...	2	1	0.55	0.4721	1	BP
GO:1904355	positive regulation of telomere capping	2	1	0.55	0.4721	1	BP
GO:1904358	positive regulation of telomere maintena...	2	1	0.55	0.4721	1	BP
GO:0002479	antigen processing and presentation of e...	2	1	0.55	0.4721	1	BP
GO:0005981	regulation of glycogen catabolic process	2	1	0.55	0.4721	1	BP
GO:1904376	negative regulation of protein localizat...	2	1	0.55	0.4721	1	BP
GO:0009261	ribonucleotide catabolic process	2	1	0.55	0.4721	1	BP
GO:1904321	response to forskolin	2	1	0.55	0.4721	1	BP
GO:1904322	cellular response to forskolin	2	1	0.55	0.4721	1	BP
GO:0048710	regulation of astrocyte differentiation	2	1	0.55	0.4721	1	BP
GO:0032303	regulation of icosanoid secretion	2	1	0.55	0.4721	1	BP
GO:0055091	phospholipid homeostasis	2	1	0.55	0.4721	1	BP
GO:0009225	nucleotide-sugar metabolic process	2	1	0.55	0.4721	1	BP
GO:0072102	glomerulus morphogenesis	2	1	0.55	0.4721	1	BP
GO:0070528	protein kinase C signaling	2	1	0.55	0.4721	1	BP
GO:0055062	phosphate ion homeostasis	2	1	0.55	0.4721	1	BP
GO:2000980	regulation of inner ear receptor cell di...	2	1	0.55	0.4721	1	BP
GO:0060573	cell fate specification involved in patt...	2	1	0.55	0.4721	1	BP
GO:0042481	regulation of odontogenesis	2	1	0.55	0.4721	1	BP
GO:0010712	regulation of collagen metabolic process	2	1	0.55	0.4721	1	BP
GO:0010715	regulation of extracellular matrix disas...	2	1	0.55	0.4721	1	BP
GO:0032466	negative regulation of cytokinesis	2	1	0.55	0.4721	1	BP
GO:0044003	modulation by symbiont of host process	2	1	0.55	0.4721	1	BP
GO:0010718	positive regulation of epithelial to mes...	2	1	0.55	0.4721	1	BP
GO:0055089	fatty acid homeostasis	2	1	0.55	0.4721	1	BP
GO:0032482	Rab protein signal transduction	2	1	0.55	0.4721	1	BP
GO:0014014	negative regulation of gliogenesis	2	1	0.55	0.4721	1	BP
GO:0032471	negative regulation of endoplasmic retic...	2	1	0.55	0.4721	1	BP
GO:0007620	copulation	2	1	0.55	0.4721	1	BP
GO:0060536	cartilage morphogenesis	2	1	0.55	0.4721	1	BP
GO:0045977	positive regulation of mitotic cell cycl...	2	1	0.55	0.4721	1	BP
GO:0060539	diaphragm development	2	1	0.55	0.4721	1	BP
GO:1902732	positive regulation of chondrocyte proli...	2	1	0.55	0.4721	1	BP
GO:0045924	regulation of female receptivity	2	1	0.55	0.4721	1	BP
GO:0035988	chondrocyte proliferation	2	1	0.55	0.4721	1	BP
GO:0042439	ethanolamine-containing compound metabol...	2	1	0.55	0.4721	1	BP
GO:0035970	peptidyl-threonine dephosphorylation	2	1	0.55	0.4721	1	BP
GO:0065001	specification of axis polarity	2	1	0.55	0.4721	1	BP
GO:0048854	brain morphogenesis	2	1	0.55	0.4721	1	BP
GO:0045945	positive regulation of transcription by ...	2	1	0.55	0.4721	1	BP
GO:0014003	oligodendrocyte development	2	1	0.55	0.4721	1	BP
GO:1901532	regulation of hematopoietic progenitor c...	2	1	0.55	0.4721	1	BP
GO:0022417	protein maturation by protein folding	2	1	0.55	0.4721	1	BP
GO:0010891	negative regulation of sequestering of t...	2	1	0.55	0.4721	1	BP
GO:0001765	membrane raft assembly	2	1	0.55	0.4721	1	BP
GO:0010896	regulation of triglyceride catabolic pro...	2	1	0.55	0.4721	1	BP
GO:0006914	autophagy	38	11	10.38	0.4726	1	BP
GO:0001568	blood vessel development	38	11	10.38	0.4726	1	BP
GO:0061919	process utilizing autophagic mechanism	38	11	10.38	0.4726	1	BP
GO:0071496	cellular response to external stimulus	38	11	10.38	0.4726	1	BP
GO:0048232	male gamete generation	38	11	10.38	0.4726	1	BP
GO:0030003	cellular cation homeostasis	49	14	13.39	0.4768	1	BP
GO:0042327	positive regulation of phosphorylation	49	14	13.39	0.4768	1	BP
GO:0099643	signal release from synapse	20	6	5.47	0.4782	1	BP
GO:0007269	neurotransmitter secretion	20	6	5.47	0.4782	1	BP
GO:0007219	Notch signaling pathway	20	6	5.47	0.4782	1	BP
GO:0003018	vascular process in circulatory system	20	6	5.47	0.4782	1	BP
GO:0072331	signal transduction by p53 class mediato...	20	6	5.47	0.4782	1	BP
GO:0050865	regulation of cell activation	20	6	5.47	0.4782	1	BP
GO:0051046	regulation of secretion	60	17	16.4	0.4798	1	BP
GO:0046649	lymphocyte activation	31	9	8.47	0.4838	1	BP
GO:0043269	regulation of ion transport	42	12	11.48	0.4872	1	BP
GO:0001944	vasculature development	42	12	11.48	0.4872	1	BP
GO:0007444	imaginal disc development	42	12	11.48	0.4872	1	BP
GO:0006820	anion transport	42	12	11.48	0.4872	1	BP
GO:1902533	positive regulation of intracellular sig...	53	15	14.48	0.4896	1	BP
GO:0031667	response to nutrient levels	53	15	14.48	0.4896	1	BP
GO:0050801	ion homeostasis	64	18	17.49	0.4914	1	BP
GO:0042981	regulation of apoptotic process	75	21	20.49	0.4929	1	BP
GO:0001709	cell fate determination	13	4	3.55	0.4941	1	BP
GO:0071560	cellular response to transforming growth...	13	4	3.55	0.4941	1	BP
GO:0071559	response to transforming growth factor b...	13	4	3.55	0.4941	1	BP
GO:0030522	intracellular receptor signaling pathway	13	4	3.55	0.4941	1	BP
GO:0051588	regulation of neurotransmitter transport	13	4	3.55	0.4941	1	BP
GO:0046928	regulation of neurotransmitter secretion	13	4	3.55	0.4941	1	BP
GO:0043112	receptor metabolic process	13	4	3.55	0.4941	1	BP
GO:0052547	regulation of peptidase activity	13	4	3.55	0.4941	1	BP
GO:0060079	excitatory postsynaptic potential	13	4	3.55	0.4941	1	BP
GO:0070372	regulation of ERK1 and ERK2 cascade	13	4	3.55	0.4941	1	BP
GO:0006109	regulation of carbohydrate metabolic pro...	13	4	3.55	0.4941	1	BP
GO:0010389	regulation of G2/M transition of mitotic...	13	4	3.55	0.4941	1	BP
GO:0070252	actin-mediated cell contraction	13	4	3.55	0.4941	1	BP
GO:0061448	connective tissue development	13	4	3.55	0.4941	1	BP
GO:0018108	peptidyl-tyrosine phosphorylation	13	4	3.55	0.4941	1	BP
GO:0016579	protein deubiquitination	13	4	3.55	0.4941	1	BP
GO:0018212	peptidyl-tyrosine modification	13	4	3.55	0.4941	1	BP
GO:0048738	cardiac muscle tissue development	13	4	3.55	0.4941	1	BP
GO:0055067	monovalent inorganic cation homeostasis	13	4	3.55	0.4941	1	BP
GO:0071897	DNA biosynthetic process	13	4	3.55	0.4941	1	BP
GO:0010558	negative regulation of macromolecule bio...	86	24	23.5	0.4942	1	BP
GO:0035295	tube development	97	27	26.51	0.4953	1	BP
GO:0080090	regulation of primary metabolic process	276	80	75.42	0.4967	1	BP
GO:0098656	anion transmembrane transport	24	7	6.56	0.4974	1	BP
GO:0019722	calcium-mediated signaling	24	7	6.56	0.4974	1	BP
GO:0002521	leukocyte differentiation	24	7	6.56	0.4974	1	BP
GO:0051098	regulation of binding	24	7	6.56	0.4974	1	BP
GO:0051051	negative regulation of transport	24	7	6.56	0.4974	1	BP
GO:0006163	purine nucleotide metabolic process	24	7	6.56	0.4974	1	BP
GO:0045927	positive regulation of growth	35	10	9.56	0.4993	1	BP
GO:0051173	positive regulation of nitrogen compound...	163	45	44.54	0.5002	1	BP
GO:0044057	regulation of system process	57	16	15.58	0.5015	1	BP
GO:0034220	ion transmembrane transport	79	22	21.59	0.5032	1	BP
GO:0008152	metabolic process	507	147	138.55	0.5053	1	BP
GO:0007611	learning or memory	39	11	10.66	0.5132	1	BP
GO:0045935	positive regulation of nucleobase-contai...	105	29	28.69	0.5133	1	BP
GO:0048545	response to steroid hormone	28	8	7.65	0.5139	1	BP
GO:0044270	cellular nitrogen compound catabolic pro...	28	8	7.65	0.5139	1	BP
GO:0008016	regulation of heart contraction	28	8	7.65	0.5139	1	BP
GO:0034655	nucleobase-containing compound catabolic...	28	8	7.65	0.5139	1	BP
GO:0046700	heterocycle catabolic process	28	8	7.65	0.5139	1	BP
GO:0007623	circadian rhythm	28	8	7.65	0.5139	1	BP
GO:2000026	regulation of multicellular organismal d...	138	38	37.71	0.5141	1	BP
GO:0051928	positive regulation of calcium ion trans...	17	5	4.65	0.5156	1	BP
GO:0022612	gland morphogenesis	17	5	4.65	0.5156	1	BP
GO:0006402	mRNA catabolic process	17	5	4.65	0.5156	1	BP
GO:0031023	microtubule organizing center organizati...	17	5	4.65	0.5156	1	BP
GO:0046777	protein autophosphorylation	17	5	4.65	0.5156	1	BP
GO:0006612	protein targeting to membrane	17	5	4.65	0.5156	1	BP
GO:0060828	regulation of canonical Wnt signaling pa...	17	5	4.65	0.5156	1	BP
GO:0007584	response to nutrient	17	5	4.65	0.5156	1	BP
GO:0009712	catechol-containing compound metabolic p...	6	2	1.64	0.5209	1	BP
GO:0015908	fatty acid transport	6	2	1.64	0.5209	1	BP
GO:0015909	long-chain fatty acid transport	6	2	1.64	0.5209	1	BP
GO:1903779	regulation of cardiac conduction	6	2	1.64	0.5209	1	BP
GO:0001819	positive regulation of cytokine producti...	6	2	1.64	0.5209	1	BP
GO:1990928	response to amino acid starvation	6	2	1.64	0.5209	1	BP
GO:0030641	regulation of cellular pH	6	2	1.64	0.5209	1	BP
GO:0001510	RNA methylation	6	2	1.64	0.5209	1	BP
GO:0034341	response to interferon-gamma	6	2	1.64	0.5209	1	BP
GO:0010611	regulation of cardiac muscle hypertrophy	6	2	1.64	0.5209	1	BP
GO:0034440	lipid oxidation	6	2	1.64	0.5209	1	BP
GO:0043244	regulation of protein-containing complex...	6	2	1.64	0.5209	1	BP
GO:0034198	cellular response to amino acid starvati...	6	2	1.64	0.5209	1	BP
GO:0035335	peptidyl-tyrosine dephosphorylation	6	2	1.64	0.5209	1	BP
GO:1905207	regulation of cardiocyte differentiation	6	2	1.64	0.5209	1	BP
GO:0098900	regulation of action potential	6	2	1.64	0.5209	1	BP
GO:0060021	roof of mouth development	6	2	1.64	0.5209	1	BP
GO:0006354	DNA-templated transcription elongation	6	2	1.64	0.5209	1	BP
GO:0010939	regulation of necrotic cell death	6	2	1.64	0.5209	1	BP
GO:0034763	negative regulation of transmembrane tra...	6	2	1.64	0.5209	1	BP
GO:0006479	protein methylation	6	2	1.64	0.5209	1	BP
GO:0061098	positive regulation of protein tyrosine ...	6	2	1.64	0.5209	1	BP
GO:0045138	nematode male tail tip morphogenesis	6	2	1.64	0.5209	1	BP
GO:0046460	neutral lipid biosynthetic process	6	2	1.64	0.5209	1	BP
GO:0046463	acylglycerol biosynthetic process	6	2	1.64	0.5209	1	BP
GO:0046456	icosanoid biosynthetic process	6	2	1.64	0.5209	1	BP
GO:0097352	autophagosome maturation	6	2	1.64	0.5209	1	BP
GO:0014743	regulation of muscle hypertrophy	6	2	1.64	0.5209	1	BP
GO:0006111	regulation of gluconeogenesis	6	2	1.64	0.5209	1	BP
GO:0046165	alcohol biosynthetic process	6	2	1.64	0.5209	1	BP
GO:0045746	negative regulation of Notch signaling p...	6	2	1.64	0.5209	1	BP
GO:2001259	positive regulation of cation channel ac...	6	2	1.64	0.5209	1	BP
GO:0008354	germ cell migration	6	2	1.64	0.5209	1	BP
GO:0015748	organophosphate ester transport	6	2	1.64	0.5209	1	BP
GO:0045861	negative regulation of proteolysis	6	2	1.64	0.5209	1	BP
GO:0008343	adult feeding behavior	6	2	1.64	0.5209	1	BP
GO:0007189	adenylate cyclase-activating G protein-c...	6	2	1.64	0.5209	1	BP
GO:0007127	meiosis I	6	2	1.64	0.5209	1	BP
GO:0006754	ATP biosynthetic process	6	2	1.64	0.5209	1	BP
GO:0002062	chondrocyte differentiation	6	2	1.64	0.5209	1	BP
GO:0045806	negative regulation of endocytosis	6	2	1.64	0.5209	1	BP
GO:0034637	cellular carbohydrate biosynthetic proce...	6	2	1.64	0.5209	1	BP
GO:0006890	retrograde vesicle-mediated transport, G...	6	2	1.64	0.5209	1	BP
GO:0030301	cholesterol transport	6	2	1.64	0.5209	1	BP
GO:0051453	regulation of intracellular pH	6	2	1.64	0.5209	1	BP
GO:0070227	lymphocyte apoptotic process	6	2	1.64	0.5209	1	BP
GO:0070228	regulation of lymphocyte apoptotic proce...	6	2	1.64	0.5209	1	BP
GO:0006584	catecholamine metabolic process	6	2	1.64	0.5209	1	BP
GO:0019395	fatty acid oxidation	6	2	1.64	0.5209	1	BP
GO:0090263	positive regulation of canonical Wnt sig...	6	2	1.64	0.5209	1	BP
GO:0090288	negative regulation of cellular response...	6	2	1.64	0.5209	1	BP
GO:0006690	icosanoid metabolic process	6	2	1.64	0.5209	1	BP
GO:0008213	protein alkylation	6	2	1.64	0.5209	1	BP
GO:0071103	DNA conformation change	6	2	1.64	0.5209	1	BP
GO:0006658	phosphatidylserine metabolic process	6	2	1.64	0.5209	1	BP
GO:0099172	presynapse organization	6	2	1.64	0.5209	1	BP
GO:0030279	negative regulation of ossification	6	2	1.64	0.5209	1	BP
GO:0051289	protein homotetramerization	6	2	1.64	0.5209	1	BP
GO:0009142	nucleoside triphosphate biosynthetic pro...	6	2	1.64	0.5209	1	BP
GO:0009145	purine nucleoside triphosphate biosynthe...	6	2	1.64	0.5209	1	BP
GO:0019432	triglyceride biosynthetic process	6	2	1.64	0.5209	1	BP
GO:0032350	regulation of hormone metabolic process	6	2	1.64	0.5209	1	BP
GO:0007588	excretion	6	2	1.64	0.5209	1	BP
GO:0007525	somatic muscle development	6	2	1.64	0.5209	1	BP
GO:0014904	myotube cell development	6	2	1.64	0.5209	1	BP
GO:0002460	adaptive immune response based on somati...	6	2	1.64	0.5209	1	BP
GO:0048741	skeletal muscle fiber development	6	2	1.64	0.5209	1	BP
GO:0055024	regulation of cardiac muscle tissue deve...	6	2	1.64	0.5209	1	BP
GO:0042417	dopamine metabolic process	6	2	1.64	0.5209	1	BP
GO:0009201	ribonucleoside triphosphate biosynthetic...	6	2	1.64	0.5209	1	BP
GO:0009206	purine ribonucleoside triphosphate biosy...	6	2	1.64	0.5209	1	BP
GO:0055013	cardiac muscle cell development	6	2	1.64	0.5209	1	BP
GO:0042446	hormone biosynthetic process	6	2	1.64	0.5209	1	BP
GO:0045913	positive regulation of carbohydrate meta...	6	2	1.64	0.5209	1	BP
GO:0055006	cardiac cell development	6	2	1.64	0.5209	1	BP
GO:1902531	regulation of intracellular signal trans...	98	27	26.78	0.5221	1	BP
GO:0010564	regulation of cell cycle process	54	15	14.76	0.5244	1	BP
GO:1901652	response to peptide	43	12	11.75	0.5259	1	BP
GO:0090087	regulation of peptide transport	43	12	11.75	0.5259	1	BP
GO:0044770	cell cycle phase transition	43	12	11.75	0.5259	1	BP
GO:0050890	cognition	43	12	11.75	0.5259	1	BP
GO:0033674	positive regulation of kinase activity	32	9	8.74	0.5283	1	BP
GO:0055085	transmembrane transport	91	25	24.87	0.5314	1	BP
GO:0006936	muscle contraction	21	6	5.74	0.5328	1	BP
GO:0010976	positive regulation of neuron projection...	21	6	5.74	0.5328	1	BP
GO:0035296	regulation of tube diameter	21	6	5.74	0.5328	1	BP
GO:0055001	muscle cell development	21	6	5.74	0.5328	1	BP
GO:0009894	regulation of catabolic process	69	19	18.86	0.5335	1	BP
GO:1903530	regulation of secretion by cell	58	16	15.85	0.5351	1	BP
GO:0008015	blood circulation	47	13	12.84	0.5375	1	BP
GO:0003013	circulatory system process	47	13	12.84	0.5375	1	BP
GO:0002791	regulation of peptide secretion	36	10	9.84	0.5412	1	BP
GO:0007283	spermatogenesis	36	10	9.84	0.5412	1	BP
GO:0006812	cation transport	73	20	19.95	0.543	1	BP
GO:0050679	positive regulation of epithelial cell p...	10	3	2.73	0.5439	1	BP
GO:0019882	antigen processing and presentation	10	3	2.73	0.5439	1	BP
GO:0099504	synaptic vesicle cycle	10	3	2.73	0.5439	1	BP
GO:0050974	detection of mechanical stimulus involve...	10	3	2.73	0.5439	1	BP
GO:0010906	regulation of glucose metabolic process	10	3	2.73	0.5439	1	BP
GO:0022618	ribonucleoprotein complex assembly	10	3	2.73	0.5439	1	BP
GO:0070374	positive regulation of ERK1 and ERK2 cas...	10	3	2.73	0.5439	1	BP
GO:0097479	synaptic vesicle localization	10	3	2.73	0.5439	1	BP
GO:0036296	response to increased oxygen levels	10	3	2.73	0.5439	1	BP
GO:1903037	regulation of leukocyte cell-cell adhesi...	10	3	2.73	0.5439	1	BP
GO:0007159	leukocyte cell-cell adhesion	10	3	2.73	0.5439	1	BP
GO:2001236	regulation of extrinsic apoptotic signal...	10	3	2.73	0.5439	1	BP
GO:0060179	male mating behavior	10	3	2.73	0.5439	1	BP
GO:0048489	synaptic vesicle transport	10	3	2.73	0.5439	1	BP
GO:0006614	SRP-dependent cotranslational protein ta...	10	3	2.73	0.5439	1	BP
GO:0009123	nucleoside monophosphate metabolic proce...	10	3	2.73	0.5439	1	BP
GO:0051282	regulation of sequestering of calcium io...	10	3	2.73	0.5439	1	BP
GO:0050863	regulation of T cell activation	10	3	2.73	0.5439	1	BP
GO:0051208	sequestering of calcium ion	10	3	2.73	0.5439	1	BP
GO:0070647	protein modification by small protein co...	62	17	16.94	0.5453	1	BP
GO:0060562	epithelial tube morphogenesis	62	17	16.94	0.5453	1	BP
GO:0055082	cellular chemical homeostasis	62	17	16.94	0.5453	1	BP
GO:0071704	organic substance metabolic process	478	140	130.62	0.5463	1	BP
GO:0045930	negative regulation of mitotic cell cycl...	25	7	6.83	0.5473	1	BP
GO:0051726	regulation of cell cycle	77	21	21.04	0.5522	1	BP
GO:0001708	cell fate specification	29	8	7.92	0.5601	1	BP
GO:0010506	regulation of autophagy	29	8	7.92	0.5601	1	BP
GO:0010959	regulation of metal ion transport	29	8	7.92	0.5601	1	BP
GO:0046879	hormone secretion	29	8	7.92	0.5601	1	BP
GO:0016051	carbohydrate biosynthetic process	14	4	3.83	0.5603	1	BP
GO:0021536	diencephalon development	14	4	3.83	0.5603	1	BP
GO:0060041	retina development in camera-type eye	14	4	3.83	0.5603	1	BP
GO:0006352	DNA-templated transcription initiation	14	4	3.83	0.5603	1	BP
GO:0090090	negative regulation of canonical Wnt sig...	14	4	3.83	0.5603	1	BP
GO:0030048	actin filament-based movement	14	4	3.83	0.5603	1	BP
GO:2001235	positive regulation of apoptotic signali...	14	4	3.83	0.5603	1	BP
GO:0030258	lipid modification	14	4	3.83	0.5603	1	BP
GO:0007589	body fluid secretion	14	4	3.83	0.5603	1	BP
GO:0014902	myotube differentiation	14	4	3.83	0.5603	1	BP
GO:1902749	regulation of cell cycle G2/M phase tran...	14	4	3.83	0.5603	1	BP
GO:0006897	endocytosis	44	12	12.02	0.5636	1	BP
GO:0048878	chemical homeostasis	85	23	23.23	0.5694	1	BP
GO:0090304	nucleic acid metabolic process	236	64	64.49	0.5695	1	BP
GO:1903522	regulation of blood circulation	33	9	9.02	0.5714	1	BP
GO:0032409	regulation of transporter activity	18	5	4.92	0.5735	1	BP
GO:0022407	regulation of cell-cell adhesion	18	5	4.92	0.5735	1	BP
GO:0019233	sensory perception of pain	18	5	4.92	0.5735	1	BP
GO:0022898	regulation of transmembrane transporter ...	18	5	4.92	0.5735	1	BP
GO:0009953	dorsal/ventral pattern formation	18	5	4.92	0.5735	1	BP
GO:0032412	regulation of ion transmembrane transpor...	18	5	4.92	0.5735	1	BP
GO:0006811	ion transport	100	27	27.33	0.5746	1	BP
GO:1901564	organonitrogen compound metabolic proces...	322	91	87.99	0.5763	1	BP
GO:0031329	regulation of cellular catabolic process	63	17	17.22	0.5771	1	BP
GO:0022402	cell cycle process	89	24	24.32	0.5775	1	BP
GO:0008610	lipid biosynthetic process	37	10	10.11	0.5818	1	BP
GO:0010562	positive regulation of phosphorus metabo...	52	14	14.21	0.583	1	BP
GO:0055065	metal ion homeostasis	52	14	14.21	0.583	1	BP
GO:0045937	positive regulation of phosphate metabol...	52	14	14.21	0.583	1	BP
GO:0007059	chromosome segregation	22	6	6.01	0.5849	1	BP
GO:0044282	small molecule catabolic process	22	6	6.01	0.5849	1	BP
GO:0051924	regulation of calcium ion transport	22	6	6.01	0.5849	1	BP
GO:0003007	heart morphogenesis	22	6	6.01	0.5849	1	BP
GO:0061138	morphogenesis of a branching epithelium	22	6	6.01	0.5849	1	BP
GO:0001763	morphogenesis of a branching structure	22	6	6.01	0.5849	1	BP
GO:0048584	positive regulation of response to stimu...	108	29	29.51	0.5897	1	BP
GO:0048513	animal organ development	204	55	55.75	0.5905	1	BP
GO:0006412	translation	41	11	11.2	0.5914	1	BP
GO:0072521	purine-containing compound metabolic pro...	26	7	7.1	0.5951	1	BP
GO:0016055	Wnt signaling pathway	26	7	7.1	0.5951	1	BP
GO:0071396	cellular response to lipid	26	7	7.1	0.5951	1	BP
GO:0051480	regulation of cytosolic calcium ion conc...	26	7	7.1	0.5951	1	BP
GO:0046883	regulation of hormone secretion	26	7	7.1	0.5951	1	BP
GO:0050878	regulation of body fluid levels	26	7	7.1	0.5951	1	BP
GO:0051338	regulation of transferase activity	62	23	16.94	0.5971	1	BP
GO:0045597	positive regulation of cell differentiat...	60	16	16.4	0.6002	1	BP
GO:0006629	lipid metabolic process	75	20	20.49	0.6018	1	BP
GO:0060047	heart contraction	30	8	8.2	0.6043	1	BP
GO:0009914	hormone transport	30	8	8.2	0.6043	1	BP
GO:0051146	striated muscle cell differentiation	30	8	8.2	0.6043	1	BP
GO:0007275	multicellular organism development	304	82	83.07	0.6069	1	BP
GO:0048729	tissue morphogenesis	79	21	21.59	0.6093	1	BP
GO:0032504	multicellular organism reproduction	120	32	32.79	0.6108	1	BP
GO:0045907	positive regulation of vasoconstriction	7	2	1.91	0.6122	1	BP
GO:0010827	regulation of glucose transmembrane tran...	7	2	1.91	0.6122	1	BP
GO:0050680	negative regulation of epithelial cell p...	7	2	1.91	0.6122	1	BP
GO:0090501	RNA phosphodiester bond hydrolysis	7	2	1.91	0.6122	1	BP
GO:0002250	adaptive immune response	7	2	1.91	0.6122	1	BP
GO:0003407	neural retina development	7	2	1.91	0.6122	1	BP
GO:0030510	regulation of BMP signaling pathway	7	2	1.91	0.6122	1	BP
GO:0086001	cardiac muscle cell action potential	7	2	1.91	0.6122	1	BP
GO:0042273	ribosomal large subunit biogenesis	7	2	1.91	0.6122	1	BP
GO:0016999	antibiotic metabolic process	7	2	1.91	0.6122	1	BP
GO:0009593	detection of chemical stimulus	7	2	1.91	0.6122	1	BP
GO:0019884	antigen processing and presentation of e...	7	2	1.91	0.6122	1	BP
GO:1902652	secondary alcohol metabolic process	7	2	1.91	0.6122	1	BP
GO:2001022	positive regulation of response to DNA d...	7	2	1.91	0.6122	1	BP
GO:0031670	cellular response to nutrient	7	2	1.91	0.6122	1	BP
GO:0042552	myelination	7	2	1.91	0.6122	1	BP
GO:0010950	positive regulation of endopeptidase act...	7	2	1.91	0.6122	1	BP
GO:0010972	negative regulation of G2/M transition o...	7	2	1.91	0.6122	1	BP
GO:0030901	midbrain development	7	2	1.91	0.6122	1	BP
GO:0046324	regulation of glucose import	7	2	1.91	0.6122	1	BP
GO:0042632	cholesterol homeostasis	7	2	1.91	0.6122	1	BP
GO:2000106	regulation of leukocyte apoptotic proces...	7	2	1.91	0.6122	1	BP
GO:0040019	positive regulation of embryonic develop...	7	2	1.91	0.6122	1	BP
GO:0048002	antigen processing and presentation of p...	7	2	1.91	0.6122	1	BP
GO:0046470	phosphatidylcholine metabolic process	7	2	1.91	0.6122	1	BP
GO:0009062	fatty acid catabolic process	7	2	1.91	0.6122	1	BP
GO:2000785	regulation of autophagosome assembly	7	2	1.91	0.6122	1	BP
GO:0016125	sterol metabolic process	7	2	1.91	0.6122	1	BP
GO:0008366	axon ensheathment	7	2	1.91	0.6122	1	BP
GO:0045814	negative regulation of gene expression, ...	7	2	1.91	0.6122	1	BP
GO:0002028	regulation of sodium ion transport	7	2	1.91	0.6122	1	BP
GO:0042067	establishment of ommatidial planar polar...	7	2	1.91	0.6122	1	BP
GO:0000422	autophagy of mitochondrion	7	2	1.91	0.6122	1	BP
GO:0007272	ensheathment of neurons	7	2	1.91	0.6122	1	BP
GO:0070265	necrotic cell death	7	2	1.91	0.6122	1	BP
GO:0032007	negative regulation of TOR signaling	7	2	1.91	0.6122	1	BP
GO:0006839	mitochondrial transport	7	2	1.91	0.6122	1	BP
GO:1901292	nucleoside phosphate catabolic process	7	2	1.91	0.6122	1	BP
GO:0045669	positive regulation of osteoblast differ...	7	2	1.91	0.6122	1	BP
GO:0097711	ciliary basal body-plasma membrane docki...	7	2	1.91	0.6122	1	BP
GO:0030177	positive regulation of Wnt signaling pat...	7	2	1.91	0.6122	1	BP
GO:0051168	nuclear export	7	2	1.91	0.6122	1	BP
GO:0006611	protein export from nucleus	7	2	1.91	0.6122	1	BP
GO:0009166	nucleotide catabolic process	7	2	1.91	0.6122	1	BP
GO:0030216	keratinocyte differentiation	7	2	1.91	0.6122	1	BP
GO:0044091	membrane biogenesis	7	2	1.91	0.6122	1	BP
GO:0051209	release of sequestered calcium ion into ...	7	2	1.91	0.6122	1	BP
GO:0046605	regulation of centrosome cycle	7	2	1.91	0.6122	1	BP
GO:0002478	antigen processing and presentation of e...	7	2	1.91	0.6122	1	BP
GO:0044088	regulation of vacuole organization	7	2	1.91	0.6122	1	BP
GO:0055092	sterol homeostasis	7	2	1.91	0.6122	1	BP
GO:0061726	mitochondrion disassembly	7	2	1.91	0.6122	1	BP
GO:0090598	male anatomical structure morphogenesis	7	2	1.91	0.6122	1	BP
GO:0065004	protein-DNA complex assembly	7	2	1.91	0.6122	1	BP
GO:0007632	visual behavior	7	2	1.91	0.6122	1	BP
GO:0055007	cardiac muscle cell differentiation	7	2	1.91	0.6122	1	BP
GO:0071887	leukocyte apoptotic process	7	2	1.91	0.6122	1	BP
GO:0051171	regulation of nitrogen compound metaboli...	263	75	71.87	0.6123	1	BP
GO:0030900	forebrain development	34	9	9.29	0.6128	1	BP
GO:0002164	larval development	34	9	9.29	0.6128	1	BP
GO:0048856	anatomical structure development	319	86	87.17	0.6133	1	BP
GO:0071826	ribonucleoprotein complex subunit organi...	11	3	3.01	0.616	1	BP
GO:0030516	regulation of axon extension	11	3	3.01	0.616	1	BP
GO:0001817	regulation of cytokine production	11	3	3.01	0.616	1	BP
GO:0033138	positive regulation of peptidyl-serine p...	11	3	3.01	0.616	1	BP
GO:0046034	ATP metabolic process	11	3	3.01	0.616	1	BP
GO:0060993	kidney morphogenesis	11	3	3.01	0.616	1	BP
GO:0052548	regulation of endopeptidase activity	11	3	3.01	0.616	1	BP
GO:0007052	mitotic spindle organization	11	3	3.01	0.616	1	BP
GO:0040025	vulval development	11	3	3.01	0.616	1	BP
GO:0046434	organophosphate catabolic process	11	3	3.01	0.616	1	BP
GO:0099003	vesicle-mediated transport in synapse	11	3	3.01	0.616	1	BP
GO:0097191	extrinsic apoptotic signaling pathway	11	3	3.01	0.616	1	BP
GO:0090305	nucleic acid phosphodiester bond hydroly...	11	3	3.01	0.616	1	BP
GO:0007179	transforming growth factor beta receptor...	11	3	3.01	0.616	1	BP
GO:0061337	cardiac conduction	11	3	3.01	0.616	1	BP
GO:0030198	extracellular matrix organization	11	3	3.01	0.616	1	BP
GO:0009199	ribonucleoside triphosphate metabolic pr...	11	3	3.01	0.616	1	BP
GO:0006613	cotranslational protein targeting to mem...	11	3	3.01	0.616	1	BP
GO:0046683	response to organophosphorus	11	3	3.01	0.616	1	BP
GO:0009141	nucleoside triphosphate metabolic proces...	11	3	3.01	0.616	1	BP
GO:0009144	purine nucleoside triphosphate metabolic...	11	3	3.01	0.616	1	BP
GO:0051216	cartilage development	11	3	3.01	0.616	1	BP
GO:0060840	artery development	11	3	3.01	0.616	1	BP
GO:0050821	protein stabilization	11	3	3.01	0.616	1	BP
GO:0009205	purine ribonucleoside triphosphate metab...	11	3	3.01	0.616	1	BP
GO:0071867	response to monoamine	11	3	3.01	0.616	1	BP
GO:0030810	positive regulation of nucleotide biosyn...	3	1	0.82	0.6168	1	BP
GO:0030811	regulation of nucleotide catabolic proce...	3	1	0.82	0.6168	1	BP
GO:0010866	regulation of triglyceride biosynthetic ...	3	1	0.82	0.6168	1	BP
GO:0010867	positive regulation of triglyceride bios...	3	1	0.82	0.6168	1	BP
GO:0010882	regulation of cardiac muscle contraction...	3	1	0.82	0.6168	1	BP
GO:0070613	regulation of protein processing	3	1	0.82	0.6168	1	BP
GO:0062207	regulation of pattern recognition recept...	3	1	0.82	0.6168	1	BP
GO:0043331	response to dsRNA	3	1	0.82	0.6168	1	BP
GO:1901658	glycosyl compound catabolic process	3	1	0.82	0.6168	1	BP
GO:0035095	behavioral response to nicotine	3	1	0.82	0.6168	1	BP
GO:0006977	DNA damage response, signal transduction...	3	1	0.82	0.6168	1	BP
GO:0006921	cellular component disassembly involved ...	3	1	0.82	0.6168	1	BP
GO:0035081	induction of programmed cell death by ho...	3	1	0.82	0.6168	1	BP
GO:0086010	membrane depolarization during action po...	3	1	0.82	0.6168	1	BP
GO:0035070	salivary gland histolysis	3	1	0.82	0.6168	1	BP
GO:0035071	salivary gland cell autophagic cell deat...	3	1	0.82	0.6168	1	BP
GO:0035072	ecdysone-mediated induction of salivary ...	3	1	0.82	0.6168	1	BP
GO:0035078	induction of programmed cell death by ec...	3	1	0.82	0.6168	1	BP
GO:0030521	androgen receptor signaling pathway	3	1	0.82	0.6168	1	BP
GO:0030540	female genitalia development	3	1	0.82	0.6168	1	BP
GO:0048536	spleen development	3	1	0.82	0.6168	1	BP
GO:0006900	vesicle budding from membrane	3	1	0.82	0.6168	1	BP
GO:0090611	ubiquitin-independent protein catabolic ...	3	1	0.82	0.6168	1	BP
GO:0086005	ventricular cardiac muscle cell action p...	3	1	0.82	0.6168	1	BP
GO:0051589	negative regulation of neurotransmitter ...	3	1	0.82	0.6168	1	BP
GO:0039702	viral budding via host ESCRT complex	3	1	0.82	0.6168	1	BP
GO:0008625	extrinsic apoptotic signaling pathway vi...	3	1	0.82	0.6168	1	BP
GO:0061548	ganglion development	3	1	0.82	0.6168	1	BP
GO:0010517	regulation of phospholipase activity	3	1	0.82	0.6168	1	BP
GO:0010518	positive regulation of phospholipase act...	3	1	0.82	0.6168	1	BP
GO:0046929	negative regulation of neurotransmitter ...	3	1	0.82	0.6168	1	BP
GO:1904292	regulation of ERAD pathway	3	1	0.82	0.6168	1	BP
GO:0003171	atrioventricular valve development	3	1	0.82	0.6168	1	BP
GO:0003179	heart valve morphogenesis	3	1	0.82	0.6168	1	BP
GO:0006099	tricarboxylic acid cycle	3	1	0.82	0.6168	1	BP
GO:0002763	positive regulation of myeloid leukocyte...	3	1	0.82	0.6168	1	BP
GO:0032210	regulation of telomere maintenance via t...	3	1	0.82	0.6168	1	BP
GO:0003148	outflow tract septum morphogenesis	3	1	0.82	0.6168	1	BP
GO:0021871	forebrain regionalization	3	1	0.82	0.6168	1	BP
GO:0042795	snRNA transcription by RNA polymerase II	3	1	0.82	0.6168	1	BP
GO:0099518	vesicle cytoskeletal trafficking	3	1	0.82	0.6168	1	BP
GO:0001516	prostaglandin biosynthetic process	3	1	0.82	0.6168	1	BP
GO:0043122	regulation of I-kappaB kinase/NF-kappaB ...	3	1	0.82	0.6168	1	BP
GO:1902653	secondary alcohol biosynthetic process	3	1	0.82	0.6168	1	BP
GO:0043123	positive regulation of I-kappaB kinase/N...	3	1	0.82	0.6168	1	BP
GO:0010677	negative regulation of cellular carbohyd...	3	1	0.82	0.6168	1	BP
GO:0071634	regulation of transforming growth factor...	3	1	0.82	0.6168	1	BP
GO:0002706	regulation of lymphocyte mediated immuni...	3	1	0.82	0.6168	1	BP
GO:2001053	regulation of mesenchymal cell apoptotic...	3	1	0.82	0.6168	1	BP
GO:1903844	regulation of cellular response to trans...	3	1	0.82	0.6168	1	BP
GO:1903831	signal transduction involved in cellular...	3	1	0.82	0.6168	1	BP
GO:0006004	fucose metabolic process	3	1	0.82	0.6168	1	BP
GO:0071604	transforming growth factor beta producti...	3	1	0.82	0.6168	1	BP
GO:0032720	negative regulation of tumor necrosis fa...	3	1	0.82	0.6168	1	BP
GO:0042748	circadian sleep/wake cycle, non-REM slee...	3	1	0.82	0.6168	1	BP
GO:0032715	negative regulation of interleukin-6 pro...	3	1	0.82	0.6168	1	BP
GO:0072584	caveolin-mediated endocytosis	3	1	0.82	0.6168	1	BP
GO:0036011	imaginal disc-derived leg segmentation	3	1	0.82	0.6168	1	BP
GO:0021559	trigeminal nerve development	3	1	0.82	0.6168	1	BP
GO:1900084	regulation of peptidyl-tyrosine autophos...	3	1	0.82	0.6168	1	BP
GO:0060992	response to fungicide	3	1	0.82	0.6168	1	BP
GO:1905144	response to acetylcholine	3	1	0.82	0.6168	1	BP
GO:0016081	synaptic vesicle docking	3	1	0.82	0.6168	1	BP
GO:1905145	cellular response to acetylcholine	3	1	0.82	0.6168	1	BP
GO:1903555	regulation of tumor necrosis factor supe...	3	1	0.82	0.6168	1	BP
GO:1903556	negative regulation of tumor necrosis fa...	3	1	0.82	0.6168	1	BP
GO:0003207	cardiac chamber formation	3	1	0.82	0.6168	1	BP
GO:0070987	error-free translesion synthesis	3	1	0.82	0.6168	1	BP
GO:0033260	nuclear DNA replication	3	1	0.82	0.6168	1	BP
GO:0060964	regulation of miRNA-mediated gene silenc...	3	1	0.82	0.6168	1	BP
GO:0060966	regulation of gene silencing by RNA	3	1	0.82	0.6168	1	BP
GO:1903578	regulation of ATP metabolic process	3	1	0.82	0.6168	1	BP
GO:0009629	response to gravity	3	1	0.82	0.6168	1	BP
GO:1904705	regulation of vascular associated smooth...	3	1	0.82	0.6168	1	BP
GO:2000369	regulation of clathrin-dependent endocyt...	3	1	0.82	0.6168	1	BP
GO:0032881	regulation of polysaccharide metabolic p...	3	1	0.82	0.6168	1	BP
GO:1901983	regulation of protein acetylation	3	1	0.82	0.6168	1	BP
GO:0032878	regulation of establishment or maintenan...	3	1	0.82	0.6168	1	BP
GO:1905268	negative regulation of chromatin organiz...	3	1	0.82	0.6168	1	BP
GO:0072662	protein localization to peroxisome	3	1	0.82	0.6168	1	BP
GO:0072663	establishment of protein localization to...	3	1	0.82	0.6168	1	BP
GO:0007080	mitotic metaphase plate congression	3	1	0.82	0.6168	1	BP
GO:0002576	platelet degranulation	3	1	0.82	0.6168	1	BP
GO:1904886	beta-catenin destruction complex disasse...	3	1	0.82	0.6168	1	BP
GO:0031643	positive regulation of myelination	3	1	0.82	0.6168	1	BP
GO:0007031	peroxisome organization	3	1	0.82	0.6168	1	BP
GO:0097006	regulation of plasma lipoprotein particl...	3	1	0.82	0.6168	1	BP
GO:0034121	regulation of toll-like receptor signali...	3	1	0.82	0.6168	1	BP
GO:0019674	NAD metabolic process	3	1	0.82	0.6168	1	BP
GO:0120033	negative regulation of plasma membrane b...	3	1	0.82	0.6168	1	BP
GO:0098926	postsynaptic signal transduction	3	1	0.82	0.6168	1	BP
GO:0060056	mammary gland involution	3	1	0.82	0.6168	1	BP
GO:0045466	R7 cell differentiation	3	1	0.82	0.6168	1	BP
GO:0106118	regulation of sterol biosynthetic proces...	3	1	0.82	0.6168	1	BP
GO:0006359	regulation of transcription by RNA polym...	3	1	0.82	0.6168	1	BP
GO:1901021	positive regulation of calcium ion trans...	3	1	0.82	0.6168	1	BP
GO:0017015	regulation of transforming growth factor...	3	1	0.82	0.6168	1	BP
GO:1902992	negative regulation of amyloid precursor...	3	1	0.82	0.6168	1	BP
GO:0045448	mitotic cell cycle, embryonic	3	1	0.82	0.6168	1	BP
GO:0000096	sulfur amino acid metabolic process	3	1	0.82	0.6168	1	BP
GO:0032691	negative regulation of interleukin-1 bet...	3	1	0.82	0.6168	1	BP
GO:0032692	negative regulation of interleukin-1 pro...	3	1	0.82	0.6168	1	BP
GO:0051985	negative regulation of chromosome segreg...	3	1	0.82	0.6168	1	BP
GO:0012502	induction of programmed cell death	3	1	0.82	0.6168	1	BP
GO:0046365	monosaccharide catabolic process	3	1	0.82	0.6168	1	BP
GO:0006305	DNA alkylation	3	1	0.82	0.6168	1	BP
GO:0006306	DNA methylation	3	1	0.82	0.6168	1	BP
GO:0032651	regulation of interleukin-1 beta product...	3	1	0.82	0.6168	1	BP
GO:0032652	regulation of interleukin-1 production	3	1	0.82	0.6168	1	BP
GO:0032680	regulation of tumor necrosis factor prod...	3	1	0.82	0.6168	1	BP
GO:0035195	miRNA-mediated gene silencing	3	1	0.82	0.6168	1	BP
GO:0046320	regulation of fatty acid oxidation	3	1	0.82	0.6168	1	BP
GO:0032611	interleukin-1 beta production	3	1	0.82	0.6168	1	BP
GO:0032612	interleukin-1 production	3	1	0.82	0.6168	1	BP
GO:2000114	regulation of establishment of cell pola...	3	1	0.82	0.6168	1	BP
GO:1904666	regulation of ubiquitin protein ligase a...	3	1	0.82	0.6168	1	BP
GO:1904668	positive regulation of ubiquitin protein...	3	1	0.82	0.6168	1	BP
GO:0045188	regulation of circadian sleep/wake cycle...	3	1	0.82	0.6168	1	BP
GO:0035166	post-embryonic hemopoiesis	3	1	0.82	0.6168	1	BP
GO:2000142	regulation of DNA-templated transcriptio...	3	1	0.82	0.6168	1	BP
GO:2000144	positive regulation of DNA-templated tra...	3	1	0.82	0.6168	1	BP
GO:1902902	negative regulation of autophagosome ass...	3	1	0.82	0.6168	1	BP
GO:1900368	regulation of post-transcriptional gene ...	3	1	0.82	0.6168	1	BP
GO:0044752	response to human chorionic gonadotropin	3	1	0.82	0.6168	1	BP
GO:0045124	regulation of bone resorption	3	1	0.82	0.6168	1	BP
GO:0006458	'de novo' protein folding	3	1	0.82	0.6168	1	BP
GO:0036335	intestinal stem cell homeostasis	3	1	0.82	0.6168	1	BP
GO:1900373	positive regulation of purine nucleotide...	3	1	0.82	0.6168	1	BP
GO:0001982	baroreceptor response to decreased syste...	3	1	0.82	0.6168	1	BP
GO:0009954	proximal/distal pattern formation	3	1	0.82	0.6168	1	BP
GO:0001988	positive regulation of heart rate involv...	3	1	0.82	0.6168	1	BP
GO:0001978	regulation of systemic arterial blood pr...	3	1	0.82	0.6168	1	BP
GO:0010092	specification of animal organ identity	3	1	0.82	0.6168	1	BP
GO:0040010	positive regulation of growth rate	3	1	0.82	0.6168	1	BP
GO:0022602	ovulation cycle process	3	1	0.82	0.6168	1	BP
GO:0043574	peroxisomal transport	3	1	0.82	0.6168	1	BP
GO:2000291	regulation of myoblast proliferation	3	1	0.82	0.6168	1	BP
GO:0071071	regulation of phospholipid biosynthetic ...	3	1	0.82	0.6168	1	BP
GO:0001937	negative regulation of endothelial cell ...	3	1	0.82	0.6168	1	BP
GO:0043516	regulation of DNA damage response, signa...	3	1	0.82	0.6168	1	BP
GO:0046461	neutral lipid catabolic process	3	1	0.82	0.6168	1	BP
GO:0046464	acylglycerol catabolic process	3	1	0.82	0.6168	1	BP
GO:0051055	negative regulation of lipid biosyntheti...	3	1	0.82	0.6168	1	BP
GO:0046457	prostanoid biosynthetic process	3	1	0.82	0.6168	1	BP
GO:0051084	'de novo' post-translational protein fol...	3	1	0.82	0.6168	1	BP
GO:0040009	regulation of growth rate	3	1	0.82	0.6168	1	BP
GO:2000288	positive regulation of myoblast prolifer...	3	1	0.82	0.6168	1	BP
GO:2000270	negative regulation of fibroblast apopto...	3	1	0.82	0.6168	1	BP
GO:0031953	negative regulation of protein autophosp...	3	1	0.82	0.6168	1	BP
GO:1900452	regulation of long-term synaptic depress...	3	1	0.82	0.6168	1	BP
GO:0035285	appendage segmentation	3	1	0.82	0.6168	1	BP
GO:1903963	arachidonate transport	3	1	0.82	0.6168	1	BP
GO:0006110	regulation of glycolytic process	3	1	0.82	0.6168	1	BP
GO:0044818	mitotic G2/M transition checkpoint	3	1	0.82	0.6168	1	BP
GO:0060395	SMAD protein signal transduction	3	1	0.82	0.6168	1	BP
GO:0033683	nucleotide-excision repair, DNA incision	3	1	0.82	0.6168	1	BP
GO:2001169	regulation of ATP biosynthetic process	3	1	0.82	0.6168	1	BP
GO:0006101	citrate metabolic process	3	1	0.82	0.6168	1	BP
GO:0033628	regulation of cell adhesion mediated by ...	3	1	0.82	0.6168	1	BP
GO:2000756	regulation of peptidyl-lysine acetylatio...	3	1	0.82	0.6168	1	BP
GO:0046173	polyol biosynthetic process	3	1	0.82	0.6168	1	BP
GO:0036150	phosphatidylserine acyl-chain remodeling	3	1	0.82	0.6168	1	BP
GO:0036151	phosphatidylcholine acyl-chain remodelin...	3	1	0.82	0.6168	1	BP
GO:0036152	phosphatidylethanolamine acyl-chain remo...	3	1	0.82	0.6168	1	BP
GO:0006296	nucleotide-excision repair, DNA incision...	3	1	0.82	0.6168	1	BP
GO:0060323	head morphogenesis	3	1	0.82	0.6168	1	BP
GO:0060325	face morphogenesis	3	1	0.82	0.6168	1	BP
GO:0007484	imaginal disc-derived genitalia developm...	3	1	0.82	0.6168	1	BP
GO:0007485	imaginal disc-derived male genitalia dev...	3	1	0.82	0.6168	1	BP
GO:0062098	regulation of programmed necrotic cell d...	3	1	0.82	0.6168	1	BP
GO:0062099	negative regulation of programmed necrot...	3	1	0.82	0.6168	1	BP
GO:0031057	negative regulation of histone modificat...	3	1	0.82	0.6168	1	BP
GO:1900182	positive regulation of protein localizat...	3	1	0.82	0.6168	1	BP
GO:0045747	positive regulation of Notch signaling p...	3	1	0.82	0.6168	1	BP
GO:0072074	kidney mesenchyme development	3	1	0.82	0.6168	1	BP
GO:0072075	metanephric mesenchyme development	3	1	0.82	0.6168	1	BP
GO:0016126	sterol biosynthetic process	3	1	0.82	0.6168	1	BP
GO:1900119	positive regulation of execution phase o...	3	1	0.82	0.6168	1	BP
GO:1903053	regulation of extracellular matrix organ...	3	1	0.82	0.6168	1	BP
GO:0016137	glycoside metabolic process	3	1	0.82	0.6168	1	BP
GO:0032963	collagen metabolic process	3	1	0.82	0.6168	1	BP
GO:1903044	protein localization to membrane raft	3	1	0.82	0.6168	1	BP
GO:0062009	secondary palate development	3	1	0.82	0.6168	1	BP
GO:0050482	arachidonic acid secretion	3	1	0.82	0.6168	1	BP
GO:1903038	negative regulation of leukocyte cell-ce...	3	1	0.82	0.6168	1	BP
GO:0060412	ventricular septum morphogenesis	3	1	0.82	0.6168	1	BP
GO:0090303	positive regulation of wound healing	3	1	0.82	0.6168	1	BP
GO:0034698	response to gonadotropin	3	1	0.82	0.6168	1	BP
GO:0035886	vascular associated smooth muscle cell d...	3	1	0.82	0.6168	1	BP
GO:1900272	negative regulation of long-term synapti...	3	1	0.82	0.6168	1	BP
GO:0035821	modulation of process of another organis...	3	1	0.82	0.6168	1	BP
GO:0060408	regulation of acetylcholine metabolic pr...	3	1	0.82	0.6168	1	BP
GO:0060409	positive regulation of acetylcholine met...	3	1	0.82	0.6168	1	BP
GO:0032906	transforming growth factor beta2 product...	3	1	0.82	0.6168	1	BP
GO:0032909	regulation of transforming growth factor...	3	1	0.82	0.6168	1	BP
GO:0070193	synaptonemal complex organization	3	1	0.82	0.6168	1	BP
GO:0002070	epithelial cell maturation	3	1	0.82	0.6168	1	BP
GO:0045836	positive regulation of meiotic nuclear d...	3	1	0.82	0.6168	1	BP
GO:0002076	osteoblast development	3	1	0.82	0.6168	1	BP
GO:0071359	cellular response to dsRNA	3	1	0.82	0.6168	1	BP
GO:0060191	regulation of lipase activity	3	1	0.82	0.6168	1	BP
GO:0060193	positive regulation of lipase activity	3	1	0.82	0.6168	1	BP
GO:0048311	mitochondrion distribution	3	1	0.82	0.6168	1	BP
GO:0071374	cellular response to parathyroid hormone...	3	1	0.82	0.6168	1	BP
GO:0015874	norepinephrine transport	3	1	0.82	0.6168	1	BP
GO:0015812	gamma-aminobutyric acid transport	3	1	0.82	0.6168	1	BP
GO:0007293	germarium-derived egg chamber formation	3	1	0.82	0.6168	1	BP
GO:0042069	regulation of catecholamine metabolic pr...	3	1	0.82	0.6168	1	BP
GO:0095500	acetylcholine receptor signaling pathway	3	1	0.82	0.6168	1	BP
GO:0042053	regulation of dopamine metabolic process	3	1	0.82	0.6168	1	BP
GO:0000413	protein peptidyl-prolyl isomerization	3	1	0.82	0.6168	1	BP
GO:0006891	intra-Golgi vesicle-mediated transport	3	1	0.82	0.6168	1	BP
GO:0051310	metaphase plate congression	3	1	0.82	0.6168	1	BP
GO:0060112	generation of ovulation cycle rhythm	3	1	0.82	0.6168	1	BP
GO:0032088	negative regulation of NF-kappaB transcr...	3	1	0.82	0.6168	1	BP
GO:0060147	regulation of post-transcriptional gene ...	3	1	0.82	0.6168	1	BP
GO:2000535	regulation of entry of bacterium into ho...	3	1	0.82	0.6168	1	BP
GO:0007212	dopamine receptor signaling pathway	3	1	0.82	0.6168	1	BP
GO:0032026	response to magnesium ion	3	1	0.82	0.6168	1	BP
GO:0007249	I-kappaB kinase/NF-kappaB signaling	3	1	0.82	0.6168	1	BP
GO:0045540	regulation of cholesterol biosynthetic p...	3	1	0.82	0.6168	1	BP
GO:1901142	insulin metabolic process	3	1	0.82	0.6168	1	BP
GO:1904058	positive regulation of sensory perceptio...	3	1	0.82	0.6168	1	BP
GO:0097205	renal filtration	3	1	0.82	0.6168	1	BP
GO:0048485	sympathetic nervous system development	3	1	0.82	0.6168	1	BP
GO:0071467	cellular response to pH	3	1	0.82	0.6168	1	BP
GO:0090181	regulation of cholesterol metabolic proc...	3	1	0.82	0.6168	1	BP
GO:0070266	necroptotic process	3	1	0.82	0.6168	1	BP
GO:0090183	regulation of kidney development	3	1	0.82	0.6168	1	BP
GO:0090184	positive regulation of kidney developmen...	3	1	0.82	0.6168	1	BP
GO:0071479	cellular response to ionizing radiation	3	1	0.82	0.6168	1	BP
GO:0060260	regulation of transcription initiation b...	3	1	0.82	0.6168	1	BP
GO:0060261	positive regulation of transcription ini...	3	1	0.82	0.6168	1	BP
GO:0051450	myoblast proliferation	3	1	0.82	0.6168	1	BP
GO:0060251	regulation of glial cell proliferation	3	1	0.82	0.6168	1	BP
GO:0046850	regulation of bone remodeling	3	1	0.82	0.6168	1	BP
GO:0009310	amine catabolic process	3	1	0.82	0.6168	1	BP
GO:0090148	membrane fission	3	1	0.82	0.6168	1	BP
GO:0071402	cellular response to lipoprotein particl...	3	1	0.82	0.6168	1	BP
GO:0090100	positive regulation of transmembrane rec...	3	1	0.82	0.6168	1	BP
GO:1990858	cellular response to lectin	3	1	0.82	0.6168	1	BP
GO:0051446	positive regulation of meiotic cell cycl...	3	1	0.82	0.6168	1	BP
GO:0009301	snRNA transcription	3	1	0.82	0.6168	1	BP
GO:0045672	positive regulation of osteoclast differ...	3	1	0.82	0.6168	1	BP
GO:1905920	positive regulation of CoA-transferase a...	3	1	0.82	0.6168	1	BP
GO:1905921	regulation of acetylcholine biosynthetic...	3	1	0.82	0.6168	1	BP
GO:1905923	positive regulation of acetylcholine bio...	3	1	0.82	0.6168	1	BP
GO:1902430	negative regulation of amyloid-beta form...	3	1	0.82	0.6168	1	BP
GO:1990874	vascular associated smooth muscle cell p...	3	1	0.82	0.6168	1	BP
GO:0003025	regulation of systemic arterial blood pr...	3	1	0.82	0.6168	1	BP
GO:1905918	regulation of CoA-transferase activity	3	1	0.82	0.6168	1	BP
GO:1990840	response to lectin	3	1	0.82	0.6168	1	BP
GO:0045638	negative regulation of myeloid cell diff...	3	1	0.82	0.6168	1	BP
GO:0035635	entry of bacterium into host cell	3	1	0.82	0.6168	1	BP
GO:0006534	cysteine metabolic process	3	1	0.82	0.6168	1	BP
GO:0048132	female germ-line stem cell asymmetric di...	3	1	0.82	0.6168	1	BP
GO:0006509	membrane protein ectodomain proteolysis	3	1	0.82	0.6168	1	BP
GO:0019320	hexose catabolic process	3	1	0.82	0.6168	1	BP
GO:0006695	cholesterol biosynthetic process	3	1	0.82	0.6168	1	BP
GO:0071107	response to parathyroid hormone	3	1	0.82	0.6168	1	BP
GO:0060740	prostate gland epithelium morphogenesis	3	1	0.82	0.6168	1	BP
GO:0046500	S-adenosylmethionine metabolic process	3	1	0.82	0.6168	1	BP
GO:0006625	protein targeting to peroxisome	3	1	0.82	0.6168	1	BP
GO:0051291	protein heterooligomerization	3	1	0.82	0.6168	1	BP
GO:1900544	positive regulation of purine nucleotide...	3	1	0.82	0.6168	1	BP
GO:0051299	centrosome separation	3	1	0.82	0.6168	1	BP
GO:0099174	regulation of presynapse organization	3	1	0.82	0.6168	1	BP
GO:0006635	fatty acid beta-oxidation	3	1	0.82	0.6168	1	BP
GO:0042395	ecdysis, collagen and cuticulin-based cu...	3	1	0.82	0.6168	1	BP
GO:0048243	norepinephrine secretion	3	1	0.82	0.6168	1	BP
GO:0070873	regulation of glycogen metabolic process	3	1	0.82	0.6168	1	BP
GO:0051250	negative regulation of lymphocyte activa...	3	1	0.82	0.6168	1	BP
GO:0010288	response to lead ion	3	1	0.82	0.6168	1	BP
GO:1902253	regulation of intrinsic apoptotic signal...	3	1	0.82	0.6168	1	BP
GO:0046688	response to copper ion	3	1	0.82	0.6168	1	BP
GO:0050868	negative regulation of T cell activation	3	1	0.82	0.6168	1	BP
GO:0019433	triglyceride catabolic process	3	1	0.82	0.6168	1	BP
GO:0018208	peptidyl-proline modification	3	1	0.82	0.6168	1	BP
GO:0046606	negative regulation of centrosome cycle	3	1	0.82	0.6168	1	BP
GO:1904356	regulation of telomere maintenance via t...	3	1	0.82	0.6168	1	BP
GO:0071763	nuclear membrane organization	3	1	0.82	0.6168	1	BP
GO:1904386	response to L-phenylalanine derivative	3	1	0.82	0.6168	1	BP
GO:0031112	positive regulation of microtubule polym...	3	1	0.82	0.6168	1	BP
GO:0031116	positive regulation of microtubule polym...	3	1	0.82	0.6168	1	BP
GO:0032309	icosanoid secretion	3	1	0.82	0.6168	1	BP
GO:0048745	smooth muscle tissue development	3	1	0.82	0.6168	1	BP
GO:0030716	oocyte fate determination	3	1	0.82	0.6168	1	BP
GO:0071715	icosanoid transport	3	1	0.82	0.6168	1	BP
GO:0030730	sequestering of triglyceride	3	1	0.82	0.6168	1	BP
GO:0014061	regulation of norepinephrine secretion	3	1	0.82	0.6168	1	BP
GO:0051784	negative regulation of nuclear division	3	1	0.82	0.6168	1	BP
GO:0014051	gamma-aminobutyric acid secretion	3	1	0.82	0.6168	1	BP
GO:0048708	astrocyte differentiation	3	1	0.82	0.6168	1	BP
GO:0032467	positive regulation of cytokinesis	3	1	0.82	0.6168	1	BP
GO:0060512	prostate gland morphogenesis	3	1	0.82	0.6168	1	BP
GO:0045981	positive regulation of nucleotide metabo...	3	1	0.82	0.6168	1	BP
GO:0060544	regulation of necroptotic process	3	1	0.82	0.6168	1	BP
GO:0060546	negative regulation of necroptotic proce...	3	1	0.82	0.6168	1	BP
GO:0045923	positive regulation of fatty acid metabo...	3	1	0.82	0.6168	1	BP
GO:0042430	indole-containing compound metabolic pro...	3	1	0.82	0.6168	1	BP
GO:0002168	instar larval development	3	1	0.82	0.6168	1	BP
GO:0009794	regulation of mitotic cell cycle, embryo...	3	1	0.82	0.6168	1	BP
GO:0045933	positive regulation of muscle contractio...	3	1	0.82	0.6168	1	BP
GO:0022416	chaeta development	3	1	0.82	0.6168	1	BP
GO:0009750	response to fructose	3	1	0.82	0.6168	1	BP
GO:0048609	multicellular organismal reproductive pr...	113	30	30.88	0.621	1	BP
GO:0022406	membrane docking	15	4	4.1	0.6216	1	BP
GO:0051651	maintenance of location in cell	15	4	4.1	0.6216	1	BP
GO:1901991	negative regulation of mitotic cell cycl...	15	4	4.1	0.6216	1	BP
GO:0140056	organelle localization by membrane tethe...	15	4	4.1	0.6216	1	BP
GO:0000956	nuclear-transcribed mRNA catabolic proce...	15	4	4.1	0.6216	1	BP
GO:0040014	regulation of multicellular organism gro...	15	4	4.1	0.6216	1	BP
GO:0060359	response to ammonium ion	15	4	4.1	0.6216	1	BP
GO:0051249	regulation of lymphocyte activation	15	4	4.1	0.6216	1	BP
GO:0000819	sister chromatid segregation	15	4	4.1	0.6216	1	BP
GO:0048512	circadian behavior	19	5	5.19	0.6277	1	BP
GO:0006066	alcohol metabolic process	19	5	5.19	0.6277	1	BP
GO:0007622	rhythmic behavior	19	5	5.19	0.6277	1	BP
GO:0010720	positive regulation of cell development	42	11	11.48	0.6283	1	BP
GO:0048813	dendrite morphogenesis	23	6	6.29	0.634	1	BP
GO:0006470	protein dephosphorylation	23	6	6.29	0.634	1	BP
GO:0045787	positive regulation of cell cycle	23	6	6.29	0.634	1	BP
GO:1904062	regulation of cation transmembrane trans...	23	6	6.29	0.634	1	BP
GO:0018105	peptidyl-serine phosphorylation	23	6	6.29	0.634	1	BP
GO:0018209	peptidyl-serine modification	23	6	6.29	0.634	1	BP
GO:0008283	cell population proliferation	110	29	30.06	0.6383	1	BP
GO:0198738	cell-cell signaling by wnt	27	7	7.38	0.6402	1	BP
GO:0104004	cellular response to environmental stimu...	27	7	7.38	0.6402	1	BP
GO:0071214	cellular response to abiotic stimulus	27	7	7.38	0.6402	1	BP
GO:0048518	positive regulation of biological proces...	295	79	80.61	0.6428	1	BP
GO:0003015	heart process	31	8	8.47	0.6462	1	BP
GO:0044772	mitotic cell cycle phase transition	35	9	9.56	0.6522	1	BP
GO:0002009	morphogenesis of an epithelium	77	20	21.04	0.6573	1	BP
GO:0051247	positive regulation of protein metabolic...	81	21	22.13	0.6633	1	BP
GO:0002790	peptide secretion	43	11	11.75	0.6636	1	BP
GO:0009888	tissue development	145	38	39.62	0.6696	1	BP
GO:0065008	regulation of biological quality	223	61	60.94	0.6704	1	BP
GO:0070646	protein modification by small protein re...	16	4	4.37	0.6772	1	BP
GO:0071805	potassium ion transmembrane transport	16	4	4.37	0.6772	1	BP
GO:0042752	regulation of circadian rhythm	16	4	4.37	0.6772	1	BP
GO:0016054	organic acid catabolic process	16	4	4.37	0.6772	1	BP
GO:0002831	regulation of response to biotic stimulu...	16	4	4.37	0.6772	1	BP
GO:0000910	cytokinesis	16	4	4.37	0.6772	1	BP
GO:0046395	carboxylic acid catabolic process	16	4	4.37	0.6772	1	BP
GO:0000082	G1/S transition of mitotic cell cycle	16	4	4.37	0.6772	1	BP
GO:0006457	protein folding	16	4	4.37	0.6772	1	BP
GO:0032984	protein-containing complex disassembly	16	4	4.37	0.6772	1	BP
GO:0030178	negative regulation of Wnt signaling pat...	16	4	4.37	0.6772	1	BP
GO:0050806	positive regulation of synaptic transmis...	16	4	4.37	0.6772	1	BP
GO:0042471	ear morphogenesis	16	4	4.37	0.6772	1	BP
GO:0050673	epithelial cell proliferation	20	5	5.47	0.6776	1	BP
GO:0050906	detection of stimulus involved in sensor...	20	5	5.47	0.6776	1	BP
GO:0090068	positive regulation of cell cycle proces...	20	5	5.47	0.6776	1	BP
GO:0007178	transmembrane receptor protein serine/th...	20	5	5.47	0.6776	1	BP
GO:0016241	regulation of macroautophagy	20	5	5.47	0.6776	1	BP
GO:0071248	cellular response to metal ion	20	5	5.47	0.6776	1	BP
GO:0051783	regulation of nuclear division	20	5	5.47	0.6776	1	BP
GO:0007049	cell cycle	108	28	29.51	0.6788	1	BP
GO:0007610	behavior	108	28	29.51	0.6788	1	BP
GO:0045087	innate immune response	24	6	6.56	0.6795	1	BP
GO:0001822	kidney development	24	6	6.56	0.6795	1	BP
GO:0010769	regulation of cell morphogenesis involve...	24	6	6.56	0.6795	1	BP
GO:0002119	nematode larval development	24	6	6.56	0.6795	1	BP
GO:0019229	regulation of vasoconstriction	12	3	3.28	0.6799	1	BP
GO:0010675	regulation of cellular carbohydrate meta...	12	3	3.28	0.6799	1	BP
GO:0002683	negative regulation of immune system pro...	12	3	3.28	0.6799	1	BP
GO:0006338	chromatin remodeling	12	3	3.28	0.6799	1	BP
GO:2001257	regulation of cation channel activity	12	3	3.28	0.6799	1	BP
GO:0061387	regulation of extent of cell growth	12	3	3.28	0.6799	1	BP
GO:0007286	spermatid development	12	3	3.28	0.6799	1	BP
GO:1904018	positive regulation of vasculature devel...	12	3	3.28	0.6799	1	BP
GO:0033002	muscle cell proliferation	12	3	3.28	0.6799	1	BP
GO:0042310	vasoconstriction	12	3	3.28	0.6799	1	BP
GO:0060284	regulation of cell development	78	20	21.31	0.6836	1	BP
GO:0044703	multi-organism reproductive process	112	29	30.61	0.6842	1	BP
GO:0006886	intracellular protein transport	59	15	16.12	0.6847	1	BP
GO:0048608	reproductive structure development	32	8	8.74	0.6856	1	BP
GO:0051606	detection of stimulus	36	9	9.84	0.6892	1	BP
GO:1901987	regulation of cell cycle phase transitio...	36	9	9.84	0.6892	1	BP
GO:0006836	neurotransmitter transport	36	9	9.84	0.6892	1	BP
GO:0050769	positive regulation of neurogenesis	36	9	9.84	0.6892	1	BP
GO:0048814	regulation of dendrite morphogenesis	8	2	2.19	0.6897	1	BP
GO:0035904	aorta development	8	2	2.19	0.6897	1	BP
GO:0008589	regulation of smoothened signaling pathw...	8	2	2.19	0.6897	1	BP
GO:0019228	neuronal action potential	8	2	2.19	0.6897	1	BP
GO:1901655	cellular response to ketone	8	2	2.19	0.6897	1	BP
GO:0048580	regulation of post-embryonic development	8	2	2.19	0.6897	1	BP
GO:1902807	negative regulation of cell cycle G1/S p...	8	2	2.19	0.6897	1	BP
GO:0019751	polyol metabolic process	8	2	2.19	0.6897	1	BP
GO:0030500	regulation of bone mineralization	8	2	2.19	0.6897	1	BP
GO:0030509	BMP signaling pathway	8	2	2.19	0.6897	1	BP
GO:0008643	carbohydrate transport	8	2	2.19	0.6897	1	BP
GO:0008645	hexose transmembrane transport	8	2	2.19	0.6897	1	BP
GO:0008630	intrinsic apoptotic signaling pathway in...	8	2	2.19	0.6897	1	BP
GO:0009566	fertilization	8	2	2.19	0.6897	1	BP
GO:0021510	spinal cord development	8	2	2.19	0.6897	1	BP
GO:0021545	cranial nerve development	8	2	2.19	0.6897	1	BP
GO:0033273	response to vitamin	8	2	2.19	0.6897	1	BP
GO:0007029	endoplasmic reticulum organization	8	2	2.19	0.6897	1	BP
GO:0021675	nerve development	8	2	2.19	0.6897	1	BP
GO:0034219	carbohydrate transmembrane transport	8	2	2.19	0.6897	1	BP
GO:0046323	glucose import	8	2	2.19	0.6897	1	BP
GO:0000045	autophagosome assembly	8	2	2.19	0.6897	1	BP
GO:1904659	glucose transmembrane transport	8	2	2.19	0.6897	1	BP
GO:2000134	negative regulation of G1/S transition o...	8	2	2.19	0.6897	1	BP
GO:0044786	cell cycle DNA replication	8	2	2.19	0.6897	1	BP
GO:0030004	cellular monovalent inorganic cation hom...	8	2	2.19	0.6897	1	BP
GO:1902017	regulation of cilium assembly	8	2	2.19	0.6897	1	BP
GO:0009063	cellular amino acid catabolic process	8	2	2.19	0.6897	1	BP
GO:0097480	establishment of synaptic vesicle locali...	8	2	2.19	0.6897	1	BP
GO:0060348	bone development	8	2	2.19	0.6897	1	BP
GO:0007447	imaginal disc pattern formation	8	2	2.19	0.6897	1	BP
GO:0015749	monosaccharide transmembrane transport	8	2	2.19	0.6897	1	BP
GO:1903039	positive regulation of leukocyte cell-ce...	8	2	2.19	0.6897	1	BP
GO:0090307	mitotic spindle assembly	8	2	2.19	0.6897	1	BP
GO:1903008	organelle disassembly	8	2	2.19	0.6897	1	BP
GO:0070167	regulation of biomineral tissue developm...	8	2	2.19	0.6897	1	BP
GO:0110149	regulation of biomineralization	8	2	2.19	0.6897	1	BP
GO:0030330	DNA damage response, signal transduction...	8	2	2.19	0.6897	1	BP
GO:0072329	monocarboxylic acid catabolic process	8	2	2.19	0.6897	1	BP
GO:0061180	mammary gland epithelium development	8	2	2.19	0.6897	1	BP
GO:0050731	positive regulation of peptidyl-tyrosine...	8	2	2.19	0.6897	1	BP
GO:1902105	regulation of leukocyte differentiation	8	2	2.19	0.6897	1	BP
GO:0048278	vesicle docking	8	2	2.19	0.6897	1	BP
GO:1905037	autophagosome organization	8	2	2.19	0.6897	1	BP
GO:0071277	cellular response to calcium ion	8	2	2.19	0.6897	1	BP
GO:0009185	ribonucleoside diphosphate metabolic pro...	8	2	2.19	0.6897	1	BP
GO:0030218	erythrocyte differentiation	8	2	2.19	0.6897	1	BP
GO:0009132	nucleoside diphosphate metabolic process	8	2	2.19	0.6897	1	BP
GO:0050870	positive regulation of T cell activation	8	2	2.19	0.6897	1	BP
GO:0071772	response to BMP	8	2	2.19	0.6897	1	BP
GO:0071773	cellular response to BMP stimulus	8	2	2.19	0.6897	1	BP
GO:0042491	inner ear auditory receptor cell differe...	8	2	2.19	0.6897	1	BP
GO:0062149	detection of stimulus involved in sensor...	8	2	2.19	0.6897	1	BP
GO:1902750	negative regulation of cell cycle G2/M p...	8	2	2.19	0.6897	1	BP
GO:0014070	response to organic cyclic compound	63	16	17.22	0.6897	1	BP
GO:0048522	positive regulation of cellular process	272	72	74.33	0.6898	1	BP
GO:0051259	protein complex oligomerization	40	10	10.93	0.693	1	BP
GO:0007423	sensory organ development	67	17	18.31	0.6946	1	BP
GO:0009628	response to abiotic stimulus	120	31	32.79	0.6947	1	BP
GO:0009792	embryo development ending in birth or eg...	71	18	19.4	0.6994	1	BP
GO:0010033	response to organic substance	169	44	46.18	0.7015	1	BP
GO:0033365	protein localization to organelle	56	14	15.3	0.7089	1	BP
GO:0090066	regulation of anatomical structure size	56	14	15.3	0.7089	1	BP
GO:0044255	cellular lipid metabolic process	60	15	16.4	0.7129	1	BP
GO:0010608	post-transcriptional regulation of gene ...	29	7	7.92	0.7211	1	BP
GO:0034248	regulation of cellular amide metabolic p...	29	7	7.92	0.7211	1	BP
GO:0043687	post-translational protein modification	29	7	7.92	0.7211	1	BP
GO:0008306	associative learning	29	7	7.92	0.7211	1	BP
GO:0016236	macroautophagy	29	7	7.92	0.7211	1	BP
GO:0060249	anatomical structure homeostasis	29	7	7.92	0.7211	1	BP
GO:0035150	regulation of tube size	25	6	6.83	0.7212	1	BP
GO:0030072	peptide hormone secretion	25	6	6.83	0.7212	1	BP
GO:2001233	regulation of apoptotic signaling pathwa...	25	6	6.83	0.7212	1	BP
GO:0003012	muscle system process	25	6	6.83	0.7212	1	BP
GO:0015914	phospholipid transport	4	1	1.09	0.722	1	BP
GO:0009713	catechol-containing compound biosyntheti...	4	1	1.09	0.722	1	BP
GO:0006998	nuclear envelope organization	4	1	1.09	0.722	1	BP
GO:0008542	visual learning	4	1	1.09	0.722	1	BP
GO:0010833	telomere maintenance via telomere length...	4	1	1.09	0.722	1	BP
GO:0090505	epiboly involved in wound healing	4	1	1.09	0.722	1	BP
GO:0098693	regulation of synaptic vesicle cycle	4	1	1.09	0.722	1	BP
GO:0035082	axoneme assembly	4	1	1.09	0.722	1	BP
GO:0006919	activation of cysteine-type endopeptidas...	4	1	1.09	0.722	1	BP
GO:0086011	membrane repolarization during action po...	4	1	1.09	0.722	1	BP
GO:0035075	response to ecdysone	4	1	1.09	0.722	1	BP
GO:0051599	response to hydrostatic pressure	4	1	1.09	0.722	1	BP
GO:0002218	activation of innate immune response	4	1	1.09	0.722	1	BP
GO:2000001	regulation of DNA damage checkpoint	4	1	1.09	0.722	1	BP
GO:0030514	negative regulation of BMP signaling pat...	4	1	1.09	0.722	1	BP
GO:0001824	blastocyst development	4	1	1.09	0.722	1	BP
GO:0006907	pinocytosis	4	1	1.09	0.722	1	BP
GO:0033483	gas homeostasis	4	1	1.09	0.722	1	BP
GO:1903715	regulation of aerobic respiration	4	1	1.09	0.722	1	BP
GO:0061512	protein localization to cilium	4	1	1.09	0.722	1	BP
GO:0042276	error-prone translesion synthesis	4	1	1.09	0.722	1	BP
GO:0003158	endothelium development	4	1	1.09	0.722	1	BP
GO:0008631	intrinsic apoptotic signaling pathway in...	4	1	1.09	0.722	1	BP
GO:0006096	glycolytic process	4	1	1.09	0.722	1	BP
GO:0032228	regulation of synaptic transmission, GAB...	4	1	1.09	0.722	1	BP
GO:0048662	negative regulation of smooth muscle cel...	4	1	1.09	0.722	1	BP
GO:0048668	collateral sprouting	4	1	1.09	0.722	1	BP
GO:0001569	branching involved in blood vessel morph...	4	1	1.09	0.722	1	BP
GO:0001556	oocyte maturation	4	1	1.09	0.722	1	BP
GO:0006071	glycerol metabolic process	4	1	1.09	0.722	1	BP
GO:0044319	wound healing, spreading of cells	4	1	1.09	0.722	1	BP
GO:0010656	negative regulation of muscle cell apopt...	4	1	1.09	0.722	1	BP
GO:1902669	positive regulation of axon guidance	4	1	1.09	0.722	1	BP
GO:0003299	muscle hypertrophy in response to stress	4	1	1.09	0.722	1	BP
GO:0002703	regulation of leukocyte mediated immunit...	4	1	1.09	0.722	1	BP
GO:0042773	ATP synthesis coupled electron transport	4	1	1.09	0.722	1	BP
GO:0042775	mitochondrial ATP synthesis coupled elec...	4	1	1.09	0.722	1	BP
GO:0010644	cell communication by electrical couplin...	4	1	1.09	0.722	1	BP
GO:0032784	regulation of DNA-templated transcriptio...	4	1	1.09	0.722	1	BP
GO:0003281	ventricular septum development	4	1	1.09	0.722	1	BP
GO:0034308	primary alcohol metabolic process	4	1	1.09	0.722	1	BP
GO:0072583	clathrin-dependent endocytosis	4	1	1.09	0.722	1	BP
GO:0002822	regulation of adaptive immune response b...	4	1	1.09	0.722	1	BP
GO:0031529	ruffle organization	4	1	1.09	0.722	1	BP
GO:0002819	regulation of adaptive immune response	4	1	1.09	0.722	1	BP
GO:0021522	spinal cord motor neuron differentiation	4	1	1.09	0.722	1	BP
GO:0021517	ventral spinal cord development	4	1	1.09	0.722	1	BP
GO:0033280	response to vitamin D	4	1	1.09	0.722	1	BP
GO:1990000	amyloid fibril formation	4	1	1.09	0.722	1	BP
GO:0050966	detection of mechanical stimulus involve...	4	1	1.09	0.722	1	BP
GO:0050976	detection of mechanical stimulus involve...	4	1	1.09	0.722	1	BP
GO:0140058	neuron projection arborization	4	1	1.09	0.722	1	BP
GO:0140059	dendrite arborization	4	1	1.09	0.722	1	BP
GO:0050910	detection of mechanical stimulus involve...	4	1	1.09	0.722	1	BP
GO:1901976	regulation of cell cycle checkpoint	4	1	1.09	0.722	1	BP
GO:0033206	meiotic cytokinesis	4	1	1.09	0.722	1	BP
GO:0050907	detection of chemical stimulus involved ...	4	1	1.09	0.722	1	BP
GO:0007004	telomere maintenance via telomerase	4	1	1.09	0.722	1	BP
GO:0000920	septum digestion after cytokinesis	4	1	1.09	0.722	1	BP
GO:0019646	aerobic electron transport chain	4	1	1.09	0.722	1	BP
GO:0098930	axonal transport	4	1	1.09	0.722	1	BP
GO:0035306	positive regulation of dephosphorylation	4	1	1.09	0.722	1	BP
GO:0045494	photoreceptor cell maintenance	4	1	1.09	0.722	1	BP
GO:0002695	negative regulation of leukocyte activat...	4	1	1.09	0.722	1	BP
GO:0034103	regulation of tissue remodeling	4	1	1.09	0.722	1	BP
GO:0017085	response to insecticide	4	1	1.09	0.722	1	BP
GO:0060033	anatomical structure regression	4	1	1.09	0.722	1	BP
GO:0006368	transcription elongation by RNA polymera...	4	1	1.09	0.722	1	BP
GO:0018996	molting cycle, collagen and cuticulin-ba...	4	1	1.09	0.722	1	BP
GO:0071985	multivesicular body sorting pathway	4	1	1.09	0.722	1	BP
GO:1901016	regulation of potassium ion transmembran...	4	1	1.09	0.722	1	BP
GO:1901019	regulation of calcium ion transmembrane ...	4	1	1.09	0.722	1	BP
GO:1902991	regulation of amyloid precursor protein ...	4	1	1.09	0.722	1	BP
GO:1902993	positive regulation of amyloid precursor...	4	1	1.09	0.722	1	BP
GO:0045446	endothelial cell differentiation	4	1	1.09	0.722	1	BP
GO:0032509	endosome transport via multivesicular bo...	4	1	1.09	0.722	1	BP
GO:0010951	negative regulation of endopeptidase act...	4	1	1.09	0.722	1	BP
GO:0050000	chromosome localization	4	1	1.09	0.722	1	BP
GO:0006301	postreplication repair	4	1	1.09	0.722	1	BP
GO:0034205	amyloid-beta formation	4	1	1.09	0.722	1	BP
GO:0035194	post-transcriptional gene silencing by R...	4	1	1.09	0.722	1	BP
GO:1902930	regulation of alcohol biosynthetic proce...	4	1	1.09	0.722	1	BP
GO:0032640	tumor necrosis factor production	4	1	1.09	0.722	1	BP
GO:0045187	regulation of circadian sleep/wake cycle...	4	1	1.09	0.722	1	BP
GO:0035162	embryonic hemopoiesis	4	1	1.09	0.722	1	BP
GO:0036314	response to sterol	4	1	1.09	0.722	1	BP
GO:0001964	startle response	4	1	1.09	0.722	1	BP
GO:0001967	suckling behavior	4	1	1.09	0.722	1	BP
GO:0033598	mammary gland epithelial cell proliferat...	4	1	1.09	0.722	1	BP
GO:0044728	DNA methylation or demethylation	4	1	1.09	0.722	1	BP
GO:0086103	G protein-coupled receptor signaling pat...	4	1	1.09	0.722	1	BP
GO:0001938	positive regulation of endothelial cell ...	4	1	1.09	0.722	1	BP
GO:0006405	RNA export from nucleus	4	1	1.09	0.722	1	BP
GO:0006406	mRNA export from nucleus	4	1	1.09	0.722	1	BP
GO:2000269	regulation of fibroblast apoptotic proce...	4	1	1.09	0.722	1	BP
GO:0018022	peptidyl-lysine methylation	4	1	1.09	0.722	1	BP
GO:0030002	cellular anion homeostasis	4	1	1.09	0.722	1	BP
GO:0051028	mRNA transport	4	1	1.09	0.722	1	BP
GO:0031952	regulation of protein autophosphorylatio...	4	1	1.09	0.722	1	BP
GO:0007379	segment specification	4	1	1.09	0.722	1	BP
GO:0021984	adenohypophysis development	4	1	1.09	0.722	1	BP
GO:0033692	cellular polysaccharide biosynthetic pro...	4	1	1.09	0.722	1	BP
GO:0007349	cellularization	4	1	1.09	0.722	1	BP
GO:0097300	programmed necrotic cell death	4	1	1.09	0.722	1	BP
GO:1902003	regulation of amyloid-beta formation	4	1	1.09	0.722	1	BP
GO:1902004	positive regulation of amyloid-beta form...	4	1	1.09	0.722	1	BP
GO:0014898	cardiac muscle hypertrophy in response t...	4	1	1.09	0.722	1	BP
GO:0035215	genital disc development	4	1	1.09	0.722	1	BP
GO:0019985	translesion synthesis	4	1	1.09	0.722	1	BP
GO:0009066	aspartate family amino acid metabolic pr...	4	1	1.09	0.722	1	BP
GO:0016441	post-transcriptional gene silencing	4	1	1.09	0.722	1	BP
GO:0014887	cardiac muscle adaptation	4	1	1.09	0.722	1	BP
GO:0014888	striated muscle adaptation	4	1	1.09	0.722	1	BP
GO:0006297	nucleotide-excision repair, DNA gap fill...	4	1	1.09	0.722	1	BP
GO:2000736	regulation of stem cell differentiation	4	1	1.09	0.722	1	BP
GO:1900180	regulation of protein localization to nu...	4	1	1.09	0.722	1	BP
GO:0031056	regulation of histone modification	4	1	1.09	0.722	1	BP
GO:0006278	RNA-templated DNA biosynthetic process	4	1	1.09	0.722	1	BP
GO:1900117	regulation of execution phase of apoptos...	4	1	1.09	0.722	1	BP
GO:0062014	negative regulation of small molecule me...	4	1	1.09	0.722	1	BP
GO:2001258	negative regulation of cation channel ac...	4	1	1.09	0.722	1	BP
GO:0097152	mesenchymal cell apoptotic process	4	1	1.09	0.722	1	BP
GO:0036257	multivesicular body organization	4	1	1.09	0.722	1	BP
GO:0036258	multivesicular body assembly	4	1	1.09	0.722	1	BP
GO:0097178	ruffle assembly	4	1	1.09	0.722	1	BP
GO:0097120	receptor localization to synapse	4	1	1.09	0.722	1	BP
GO:0002092	positive regulation of receptor internal...	4	1	1.09	0.722	1	BP
GO:0006757	ATP generation from ADP	4	1	1.09	0.722	1	BP
GO:0050435	amyloid-beta metabolic process	4	1	1.09	0.722	1	BP
GO:0002088	lens development in camera-type eye	4	1	1.09	0.722	1	BP
GO:0070192	chromosome organization involved in meio...	4	1	1.09	0.722	1	BP
GO:0071384	cellular response to corticosteroid stim...	4	1	1.09	0.722	1	BP
GO:0071385	cellular response to glucocorticoid stim...	4	1	1.09	0.722	1	BP
GO:0030320	cellular monovalent inorganic anion home...	4	1	1.09	0.722	1	BP
GO:0071320	cellular response to cAMP	4	1	1.09	0.722	1	BP
GO:0071312	cellular response to alkaloid	4	1	1.09	0.722	1	BP
GO:0032094	response to food	4	1	1.09	0.722	1	BP
GO:0045598	regulation of fat cell differentiation	4	1	1.09	0.722	1	BP
GO:0045599	negative regulation of fat cell differen...	4	1	1.09	0.722	1	BP
GO:0046755	viral budding	4	1	1.09	0.722	1	BP
GO:0007280	pole cell migration	4	1	1.09	0.722	1	BP
GO:0071305	cellular response to vitamin D	4	1	1.09	0.722	1	BP
GO:0007223	Wnt signaling pathway, calcium modulatin...	4	1	1.09	0.722	1	BP
GO:1904063	negative regulation of cation transmembr...	4	1	1.09	0.722	1	BP
GO:0051303	establishment of chromosome localization	4	1	1.09	0.722	1	BP
GO:0071455	cellular response to hyperoxia	4	1	1.09	0.722	1	BP
GO:0007200	phospholipase C-activating G protein-cou...	4	1	1.09	0.722	1	BP
GO:0010466	negative regulation of peptidase activit...	4	1	1.09	0.722	1	BP
GO:0051452	intracellular pH reduction	4	1	1.09	0.722	1	BP
GO:0046888	negative regulation of hormone secretion	4	1	1.09	0.722	1	BP
GO:0048190	wing disc dorsal/ventral pattern formati...	4	1	1.09	0.722	1	BP
GO:0051443	positive regulation of ubiquitin-protein...	4	1	1.09	0.722	1	BP
GO:0045670	regulation of osteoclast differentiation	4	1	1.09	0.722	1	BP
GO:0071166	ribonucleoprotein complex localization	4	1	1.09	0.722	1	BP
GO:0045639	positive regulation of myeloid cell diff...	4	1	1.09	0.722	1	BP
GO:0071168	protein localization to chromatin	4	1	1.09	0.722	1	BP
GO:0008291	acetylcholine metabolic process	4	1	1.09	0.722	1	BP
GO:0008292	acetylcholine biosynthetic process	4	1	1.09	0.722	1	BP
GO:1905906	regulation of amyloid fibril formation	4	1	1.09	0.722	1	BP
GO:0006536	glutamate metabolic process	4	1	1.09	0.722	1	BP
GO:0000271	polysaccharide biosynthetic process	4	1	1.09	0.722	1	BP
GO:0043029	T cell homeostasis	4	1	1.09	0.722	1	BP
GO:0051123	RNA polymerase II preinitiation complex ...	4	1	1.09	0.722	1	BP
GO:1903332	regulation of protein folding	4	1	1.09	0.722	1	BP
GO:0046528	imaginal disc fusion	4	1	1.09	0.722	1	BP
GO:0046529	imaginal disc fusion, thorax closure	4	1	1.09	0.722	1	BP
GO:0050775	positive regulation of dendrite morphoge...	4	1	1.09	0.722	1	BP
GO:1903305	regulation of regulated secretory pathwa...	4	1	1.09	0.722	1	BP
GO:0046532	regulation of photoreceptor cell differe...	4	1	1.09	0.722	1	BP
GO:0006656	phosphatidylcholine biosynthetic process	4	1	1.09	0.722	1	BP
GO:0071295	cellular response to vitamin	4	1	1.09	0.722	1	BP
GO:0070897	transcription preinitiation complex asse...	4	1	1.09	0.722	1	BP
GO:1902106	negative regulation of leukocyte differe...	4	1	1.09	0.722	1	BP
GO:0009168	purine ribonucleoside monophosphate bios...	4	1	1.09	0.722	1	BP
GO:0009156	ribonucleoside monophosphate biosyntheti...	4	1	1.09	0.722	1	BP
GO:0071276	cellular response to cadmium ion	4	1	1.09	0.722	1	BP
GO:0009127	purine nucleoside monophosphate biosynth...	4	1	1.09	0.722	1	BP
GO:0098728	germline stem cell asymmetric division	4	1	1.09	0.722	1	BP
GO:0014911	positive regulation of smooth muscle cel...	4	1	1.09	0.722	1	BP
GO:1903432	regulation of TORC1 signaling	4	1	1.09	0.722	1	BP
GO:0000731	DNA synthesis involved in DNA repair	4	1	1.09	0.722	1	BP
GO:0019400	alditol metabolic process	4	1	1.09	0.722	1	BP
GO:1900620	acetate ester biosynthetic process	4	1	1.09	0.722	1	BP
GO:0050802	circadian sleep/wake cycle, sleep	4	1	1.09	0.722	1	BP
GO:1900619	acetate ester metabolic process	4	1	1.09	0.722	1	BP
GO:0031113	regulation of microtubule polymerization	4	1	1.09	0.722	1	BP
GO:0048730	epidermis morphogenesis	4	1	1.09	0.722	1	BP
GO:0060581	cell fate commitment involved in pattern...	4	1	1.09	0.722	1	BP
GO:0032469	endoplasmic reticulum calcium ion homeos...	4	1	1.09	0.722	1	BP
GO:0071706	tumor necrosis factor superfamily cytoki...	4	1	1.09	0.722	1	BP
GO:0042423	catecholamine biosynthetic process	4	1	1.09	0.722	1	BP
GO:0042416	dopamine biosynthetic process	4	1	1.09	0.722	1	BP
GO:0045912	negative regulation of carbohydrate meta...	4	1	1.09	0.722	1	BP
GO:0048859	formation of anatomical boundary	4	1	1.09	0.722	1	BP
GO:0022410	circadian sleep/wake cycle process	4	1	1.09	0.722	1	BP
GO:0030888	regulation of B cell proliferation	4	1	1.09	0.722	1	BP
GO:0001558	regulation of cell growth	33	8	9.02	0.7221	1	BP
GO:0070848	response to growth factor	33	8	9.02	0.7221	1	BP
GO:0001101	response to acid chemical	33	8	9.02	0.7221	1	BP
GO:0048839	inner ear development	21	5	5.74	0.7228	1	BP
GO:0002793	positive regulation of peptide secretion	21	5	5.74	0.7228	1	BP
GO:0016050	vesicle organization	21	5	5.74	0.7228	1	BP
GO:0035264	multicellular organism growth	21	5	5.74	0.7228	1	BP
GO:0048754	branching morphogenesis of an epithelial...	21	5	5.74	0.7228	1	BP
GO:0071345	cellular response to cytokine stimulus	37	9	10.11	0.7237	1	BP
GO:0019725	cellular homeostasis	72	18	19.68	0.7249	1	BP
GO:0010647	positive regulation of cell communicatio...	95	24	25.96	0.7264	1	BP
GO:0023056	positive regulation of signaling	95	24	25.96	0.7264	1	BP
GO:0045595	regulation of cell differentiation	114	29	31.15	0.727	1	BP
GO:0050678	regulation of epithelial cell proliferat...	17	4	4.65	0.727	1	BP
GO:0001816	cytokine production	17	4	4.65	0.727	1	BP
GO:1903706	regulation of hemopoiesis	17	4	4.65	0.727	1	BP
GO:0051650	establishment of vesicle localization	17	4	4.65	0.727	1	BP
GO:0051648	vesicle localization	17	4	4.65	0.727	1	BP
GO:0002694	regulation of leukocyte activation	17	4	4.65	0.727	1	BP
GO:0045229	external encapsulating structure organiz...	17	4	4.65	0.727	1	BP
GO:0050770	regulation of axonogenesis	17	4	4.65	0.727	1	BP
GO:0033044	regulation of chromosome organization	17	4	4.65	0.727	1	BP
GO:0030278	regulation of ossification	17	4	4.65	0.727	1	BP
GO:0098813	nuclear chromosome segregation	17	4	4.65	0.727	1	BP
GO:0007617	mating behavior	17	4	4.65	0.727	1	BP
GO:0007618	mating	17	4	4.65	0.727	1	BP
GO:0043393	regulation of protein binding	17	4	4.65	0.727	1	BP
GO:0009719	response to endogenous stimulus	99	25	27.05	0.7307	1	BP
GO:0032502	developmental process	348	92	95.1	0.7326	1	BP
GO:0010035	response to inorganic substance	53	13	14.48	0.7336	1	BP
GO:0009887	animal organ morphogenesis	103	26	28.15	0.7348	1	BP
GO:1902850	microtubule cytoskeleton organization in...	13	3	3.55	0.7357	1	BP
GO:0006913	nucleocytoplasmic transport	13	3	3.55	0.7357	1	BP
GO:0048515	spermatid differentiation	13	3	3.55	0.7357	1	BP
GO:0048665	neuron fate specification	13	3	3.55	0.7357	1	BP
GO:0031503	protein-containing complex localization	13	3	3.55	0.7357	1	BP
GO:0050982	detection of mechanical stimulus	13	3	3.55	0.7357	1	BP
GO:0007033	vacuole organization	13	3	3.55	0.7357	1	BP
GO:0009994	oocyte differentiation	13	3	3.55	0.7357	1	BP
GO:0051054	positive regulation of DNA metabolic pro...	13	3	3.55	0.7357	1	BP
GO:0051346	negative regulation of hydrolase activit...	13	3	3.55	0.7357	1	BP
GO:0045637	regulation of myeloid cell differentiati...	13	3	3.55	0.7357	1	BP
GO:0090287	regulation of cellular response to growt...	13	3	3.55	0.7357	1	BP
GO:1903311	regulation of mRNA metabolic process	13	3	3.55	0.7357	1	BP
GO:0032496	response to lipopolysaccharide	13	3	3.55	0.7357	1	BP
GO:0001764	neuron migration	13	3	3.55	0.7357	1	BP
GO:0030879	mammary gland development	13	3	3.55	0.7357	1	BP
GO:0048731	system development	275	72	75.15	0.7386	1	BP
GO:0019637	organophosphate metabolic process	61	15	16.67	0.7395	1	BP
GO:0006950	response to stress	211	57	57.66	0.7445	1	BP
GO:0042221	response to chemical	235	61	64.22	0.7489	1	BP
GO:0035051	cardiocyte differentiation	9	2	2.46	0.754	1	BP
GO:0030518	intracellular steroid hormone receptor s...	9	2	2.46	0.754	1	BP
GO:0008637	apoptotic mitochondrial changes	9	2	2.46	0.754	1	BP
GO:0033157	regulation of intracellular protein tran...	9	2	2.46	0.754	1	BP
GO:0043255	regulation of carbohydrate biosynthetic ...	9	2	2.46	0.754	1	BP
GO:0043281	regulation of cysteine-type endopeptidas...	9	2	2.46	0.754	1	BP
GO:0043200	response to amino acid	9	2	2.46	0.754	1	BP
GO:2000378	negative regulation of reactive oxygen s...	9	2	2.46	0.754	1	BP
GO:1904888	cranial skeletal system development	9	2	2.46	0.754	1	BP
GO:0035304	regulation of protein dephosphorylation	9	2	2.46	0.754	1	BP
GO:0034101	erythrocyte homeostasis	9	2	2.46	0.754	1	BP
GO:0032526	response to retinoic acid	9	2	2.46	0.754	1	BP
GO:2000116	regulation of cysteine-type endopeptidas...	9	2	2.46	0.754	1	BP
GO:0045185	maintenance of protein location	9	2	2.46	0.754	1	BP
GO:0035270	endocrine system development	9	2	2.46	0.754	1	BP
GO:0097306	cellular response to alcohol	9	2	2.46	0.754	1	BP
GO:0007422	peripheral nervous system development	9	2	2.46	0.754	1	BP
GO:2001244	positive regulation of intrinsic apoptot...	9	2	2.46	0.754	1	BP
GO:0034644	cellular response to UV	9	2	2.46	0.754	1	BP
GO:0010171	body morphogenesis	9	2	2.46	0.754	1	BP
GO:0009161	ribonucleoside monophosphate metabolic p...	9	2	2.46	0.754	1	BP
GO:0009167	purine ribonucleoside monophosphate meta...	9	2	2.46	0.754	1	BP
GO:0051262	protein tetramerization	9	2	2.46	0.754	1	BP
GO:0009126	purine nucleoside monophosphate metaboli...	9	2	2.46	0.754	1	BP
GO:0051283	negative regulation of sequestering of c...	9	2	2.46	0.754	1	BP
GO:0046686	response to cadmium ion	9	2	2.46	0.754	1	BP
GO:0048704	embryonic skeletal system morphogenesis	9	2	2.46	0.754	1	BP
GO:0009617	response to bacterium	38	9	10.38	0.7556	1	BP
GO:0030534	adult behavior	34	8	9.29	0.7557	1	BP
GO:0046486	glycerolipid metabolic process	34	8	9.29	0.7557	1	BP
GO:0061458	reproductive system development	34	8	9.29	0.7557	1	BP
GO:0022604	regulation of cell morphogenesis	30	7	8.2	0.7567	1	BP
GO:0007612	learning	30	7	8.2	0.7567	1	BP
GO:0099177	regulation of trans-synaptic signaling	46	11	12.57	0.7572	1	BP
GO:0050804	modulation of chemical synaptic transmis...	46	11	12.57	0.7572	1	BP
GO:0006508	proteolysis	85	21	23.23	0.7587	1	BP
GO:0006650	glycerophospholipid metabolic process	26	6	7.1	0.7591	1	BP
GO:0032870	cellular response to hormone stimulus	54	13	14.76	0.7604	1	BP
GO:0050793	regulation of developmental process	165	42	45.09	0.7633	1	BP
GO:0048588	developmental cell growth	22	5	6.01	0.7634	1	BP
GO:0030111	regulation of Wnt signaling pathway	22	5	6.01	0.7634	1	BP
GO:0090276	regulation of peptide hormone secretion	22	5	6.01	0.7634	1	BP
GO:0140694	non-membrane-bounded organelle assembly	22	5	6.01	0.7634	1	BP
GO:0048519	negative regulation of biological proces...	284	76	77.61	0.7641	1	BP
GO:0051241	negative regulation of multicellular org...	66	16	18.04	0.7669	1	BP
GO:0060255	regulation of macromolecule metabolic pr...	276	76	75.42	0.7673	1	BP
GO:0046903	secretion	97	24	26.51	0.7685	1	BP
GO:0050767	regulation of neurogenesis	70	17	19.13	0.7693	1	BP
GO:0010646	regulation of cell communication	186	50	50.83	0.7707	1	BP
GO:0035303	regulation of dephosphorylation	18	4	4.92	0.7708	1	BP
GO:0044843	cell cycle G1/S phase transition	18	4	4.92	0.7708	1	BP
GO:0050714	positive regulation of protein secretion	18	4	4.92	0.7708	1	BP
GO:0043085	positive regulation of catalytic activit...	78	19	21.31	0.7744	1	BP
GO:0019538	protein metabolic process	269	74	73.51	0.7774	1	BP
GO:0031399	regulation of protein modification proce...	96	30	26.23	0.7781	1	BP
GO:0009966	regulation of signal transduction	152	41	41.54	0.7794	1	BP
GO:0032940	secretion by cell	86	21	23.5	0.7797	1	BP
GO:0007276	gamete generation	86	21	23.5	0.7797	1	BP
GO:0051960	regulation of nervous system development	90	22	24.59	0.7824	1	BP
GO:0051239	regulation of multicellular organismal p...	200	51	54.65	0.7831	1	BP
GO:0042113	B cell activation	14	3	3.83	0.7835	1	BP
GO:0048565	digestive tract development	14	3	3.83	0.7835	1	BP
GO:0051592	response to calcium ion	14	3	3.83	0.7835	1	BP
GO:1901605	alpha-amino acid metabolic process	14	3	3.83	0.7835	1	BP
GO:0002237	response to molecule of bacterial origin	14	3	3.83	0.7835	1	BP
GO:0048675	axon extension	14	3	3.83	0.7835	1	BP
GO:0048678	response to axon injury	14	3	3.83	0.7835	1	BP
GO:0033135	regulation of peptidyl-serine phosphoryl...	14	3	3.83	0.7835	1	BP
GO:0055123	digestive system development	14	3	3.83	0.7835	1	BP
GO:0034249	negative regulation of cellular amide me...	14	3	3.83	0.7835	1	BP
GO:0051099	positive regulation of binding	14	3	3.83	0.7835	1	BP
GO:0007498	mesoderm development	14	3	3.83	0.7835	1	BP
GO:0071383	cellular response to steroid hormone sti...	14	3	3.83	0.7835	1	BP
GO:0071322	cellular response to carbohydrate stimul...	14	3	3.83	0.7835	1	BP
GO:0110148	biomineralization	14	3	3.83	0.7835	1	BP
GO:0042058	regulation of epidermal growth factor re...	14	3	3.83	0.7835	1	BP
GO:1901184	regulation of ERBB signaling pathway	14	3	3.83	0.7835	1	BP
GO:0071478	cellular response to radiation	14	3	3.83	0.7835	1	BP
GO:0051169	nuclear transport	14	3	3.83	0.7835	1	BP
GO:0048284	organelle fusion	14	3	3.83	0.7835	1	BP
GO:0031214	biomineral tissue development	14	3	3.83	0.7835	1	BP
GO:0001505	regulation of neurotransmitter levels	43	10	11.75	0.7842	1	BP
GO:0034097	response to cytokine	43	10	11.75	0.7842	1	BP
GO:1902532	negative regulation of intracellular sig...	39	9	10.66	0.7849	1	BP
GO:0030097	hemopoiesis	39	9	10.66	0.7849	1	BP
GO:0048568	embryonic organ development	35	8	9.56	0.7863	1	BP
GO:0060548	negative regulation of cell death	59	14	16.12	0.7866	1	BP
GO:0048523	negative regulation of cellular process	263	70	71.87	0.7867	1	BP
GO:0043434	response to peptide hormone	31	7	8.47	0.7889	1	BP
GO:0072594	establishment of protein localization to...	31	7	8.47	0.7889	1	BP
GO:0001655	urogenital system development	31	7	8.47	0.7889	1	BP
GO:0050708	regulation of protein secretion	31	7	8.47	0.7889	1	BP
GO:1901990	regulation of mitotic cell cycle phase t...	27	6	7.38	0.793	1	BP
GO:0072001	renal system development	27	6	7.38	0.793	1	BP
GO:0007548	sex differentiation	27	6	7.38	0.793	1	BP
GO:0015849	organic acid transport	20	9	5.47	0.794	1	BP
GO:0010828	positive regulation of glucose transmemb...	5	1	1.37	0.7984	1	BP
GO:0050657	nucleic acid transport	5	1	1.37	0.7984	1	BP
GO:1904406	negative regulation of nitric oxide meta...	5	1	1.37	0.7984	1	BP
GO:0050658	RNA transport	5	1	1.37	0.7984	1	BP
GO:0086091	regulation of heart rate by cardiac cond...	5	1	1.37	0.7984	1	BP
GO:0090504	epiboly	5	1	1.37	0.7984	1	BP
GO:0001706	endoderm formation	5	1	1.37	0.7984	1	BP
GO:0035094	response to nicotine	5	1	1.37	0.7984	1	BP
GO:1901673	regulation of mitotic spindle assembly	5	1	1.37	0.7984	1	BP
GO:0086065	cell communication involved in cardiac c...	5	1	1.37	0.7984	1	BP
GO:0042136	neurotransmitter biosynthetic process	5	1	1.37	0.7984	1	BP
GO:0006984	ER-nucleus signaling pathway	5	1	1.37	0.7984	1	BP
GO:0001895	retina homeostasis	5	1	1.37	0.7984	1	BP
GO:0048582	positive regulation of post-embryonic de...	5	1	1.37	0.7984	1	BP
GO:0042100	B cell proliferation	5	1	1.37	0.7984	1	BP
GO:0002221	pattern recognition receptor signaling p...	5	1	1.37	0.7984	1	BP
GO:0002224	toll-like receptor signaling pathway	5	1	1.37	0.7984	1	BP
GO:0045019	negative regulation of nitric oxide bios...	5	1	1.37	0.7984	1	BP
GO:0030520	intracellular estrogen receptor signalin...	5	1	1.37	0.7984	1	BP
GO:1901607	alpha-amino acid biosynthetic process	5	1	1.37	0.7984	1	BP
GO:0043488	regulation of mRNA stability	5	1	1.37	0.7984	1	BP
GO:0001818	negative regulation of cytokine producti...	5	1	1.37	0.7984	1	BP
GO:0086009	membrane repolarization	5	1	1.37	0.7984	1	BP
GO:0003170	heart valve development	5	1	1.37	0.7984	1	BP
GO:1903707	negative regulation of hemopoiesis	5	1	1.37	0.7984	1	BP
GO:0046939	nucleotide phosphorylation	5	1	1.37	0.7984	1	BP
GO:0046902	regulation of mitochondrial membrane per...	5	1	1.37	0.7984	1	BP
GO:0043162	ubiquitin-dependent protein catabolic pr...	5	1	1.37	0.7984	1	BP
GO:0048645	animal organ formation	5	1	1.37	0.7984	1	BP
GO:0044344	cellular response to fibroblast growth f...	5	1	1.37	0.7984	1	BP
GO:1903828	negative regulation of protein localizat...	5	1	1.37	0.7984	1	BP
GO:0010676	positive regulation of cellular carbohyd...	5	1	1.37	0.7984	1	BP
GO:1902686	mitochondrial outer membrane permeabiliz...	5	1	1.37	0.7984	1	BP
GO:0032769	negative regulation of monooxygenase act...	5	1	1.37	0.7984	1	BP
GO:0033143	regulation of intracellular steroid horm...	5	1	1.37	0.7984	1	BP
GO:0033137	negative regulation of peptidyl-serine p...	5	1	1.37	0.7984	1	BP
GO:0051602	response to electrical stimulus	5	1	1.37	0.7984	1	BP
GO:0033108	mitochondrial respiratory chain complex ...	5	1	1.37	0.7984	1	BP
GO:0072524	pyridine-containing compound metabolic p...	5	1	1.37	0.7984	1	BP
GO:0021575	hindbrain morphogenesis	5	1	1.37	0.7984	1	BP
GO:0016073	snRNA metabolic process	5	1	1.37	0.7984	1	BP
GO:0043267	negative regulation of potassium ion tra...	5	1	1.37	0.7984	1	BP
GO:0036003	positive regulation of transcription fro...	5	1	1.37	0.7984	1	BP
GO:0009620	response to fungus	5	1	1.37	0.7984	1	BP
GO:0050961	detection of temperature stimulus involv...	5	1	1.37	0.7984	1	BP
GO:0050962	detection of light stimulus involved in ...	5	1	1.37	0.7984	1	BP
GO:0050965	detection of temperature stimulus involv...	5	1	1.37	0.7984	1	BP
GO:0034446	substrate adhesion-dependent cell spread...	5	1	1.37	0.7984	1	BP
GO:0050951	sensory perception of temperature stimul...	5	1	1.37	0.7984	1	BP
GO:0007062	sister chromatid cohesion	5	1	1.37	0.7984	1	BP
GO:0050908	detection of light stimulus involved in ...	5	1	1.37	0.7984	1	BP
GO:1905710	positive regulation of membrane permeabi...	5	1	1.37	0.7984	1	BP
GO:0032507	maintenance of protein location in cell	5	1	1.37	0.7984	1	BP
GO:0042659	regulation of cell fate specification	5	1	1.37	0.7984	1	BP
GO:0006304	DNA modification	5	1	1.37	0.7984	1	BP
GO:0051937	catecholamine transport	5	1	1.37	0.7984	1	BP
GO:0046326	positive regulation of glucose import	5	1	1.37	0.7984	1	BP
GO:0010907	positive regulation of glucose metabolic...	5	1	1.37	0.7984	1	BP
GO:0044784	metaphase/anaphase transition of cell cy...	5	1	1.37	0.7984	1	BP
GO:1905818	regulation of chromosome separation	5	1	1.37	0.7984	1	BP
GO:0034766	negative regulation of ion transmembrane...	5	1	1.37	0.7984	1	BP
GO:0045132	meiotic chromosome segregation	5	1	1.37	0.7984	1	BP
GO:0001976	nervous system process involved in regul...	5	1	1.37	0.7984	1	BP
GO:0038083	peptidyl-tyrosine autophosphorylation	5	1	1.37	0.7984	1	BP
GO:0046496	nicotinamide nucleotide metabolic proces...	5	1	1.37	0.7984	1	BP
GO:1902099	regulation of metaphase/anaphase transit...	5	1	1.37	0.7984	1	BP
GO:0001935	endothelial cell proliferation	5	1	1.37	0.7984	1	BP
GO:0001936	regulation of endothelial cell prolifera...	5	1	1.37	0.7984	1	BP
GO:0006165	nucleoside diphosphate phosphorylation	5	1	1.37	0.7984	1	BP
GO:0051001	negative regulation of nitric-oxide synt...	5	1	1.37	0.7984	1	BP
GO:0007492	endoderm development	5	1	1.37	0.7984	1	BP
GO:0033627	cell adhesion mediated by integrin	5	1	1.37	0.7984	1	BP
GO:0035794	positive regulation of mitochondrial mem...	5	1	1.37	0.7984	1	BP
GO:0090398	cellular senescence	5	1	1.37	0.7984	1	BP
GO:0060306	regulation of membrane repolarization	5	1	1.37	0.7984	1	BP
GO:0031047	gene silencing by RNA	5	1	1.37	0.7984	1	BP
GO:2001251	negative regulation of chromosome organi...	5	1	1.37	0.7984	1	BP
GO:0036295	cellular response to increased oxygen le...	5	1	1.37	0.7984	1	BP
GO:0002090	regulation of receptor internalization	5	1	1.37	0.7984	1	BP
GO:0006766	vitamin metabolic process	5	1	1.37	0.7984	1	BP
GO:0006767	water-soluble vitamin metabolic process	5	1	1.37	0.7984	1	BP
GO:0050432	catecholamine secretion	5	1	1.37	0.7984	1	BP
GO:0050433	regulation of catecholamine secretion	5	1	1.37	0.7984	1	BP
GO:0022904	respiratory electron transport chain	5	1	1.37	0.7984	1	BP
GO:0051354	negative regulation of oxidoreductase ac...	5	1	1.37	0.7984	1	BP
GO:0071346	cellular response to interferon-gamma	5	1	1.37	0.7984	1	BP
GO:0051385	response to mineralocorticoid	5	1	1.37	0.7984	1	BP
GO:0006892	post-Golgi vesicle-mediated transport	5	1	1.37	0.7984	1	BP
GO:0042078	germ-line stem cell division	5	1	1.37	0.7984	1	BP
GO:0042023	DNA endoreduplication	5	1	1.37	0.7984	1	BP
GO:0007218	neuropeptide signaling pathway	5	1	1.37	0.7984	1	BP
GO:0051304	chromosome separation	5	1	1.37	0.7984	1	BP
GO:0043967	histone H4 acetylation	5	1	1.37	0.7984	1	BP
GO:0006826	iron ion transport	5	1	1.37	0.7984	1	BP
GO:0071466	cellular response to xenobiotic stimulus	5	1	1.37	0.7984	1	BP
GO:0060292	long-term synaptic depression	5	1	1.37	0.7984	1	BP
GO:0010453	regulation of cell fate commitment	5	1	1.37	0.7984	1	BP
GO:0051412	response to corticosterone	5	1	1.37	0.7984	1	BP
GO:0090101	negative regulation of transmembrane rec...	5	1	1.37	0.7984	1	BP
GO:0072384	organelle transport along microtubule	5	1	1.37	0.7984	1	BP
GO:0045646	regulation of erythrocyte differentiatio...	5	1	1.37	0.7984	1	BP
GO:0060795	cell fate commitment involved in formati...	5	1	1.37	0.7984	1	BP
GO:0019362	pyridine nucleotide metabolic process	5	1	1.37	0.7984	1	BP
GO:0048147	negative regulation of fibroblast prolif...	5	1	1.37	0.7984	1	BP
GO:0030104	water homeostasis	5	1	1.37	0.7984	1	BP
GO:0072499	photoreceptor cell axon guidance	5	1	1.37	0.7984	1	BP
GO:1902110	positive regulation of mitochondrial mem...	5	1	1.37	0.7984	1	BP
GO:0048260	positive regulation of receptor-mediated...	5	1	1.37	0.7984	1	BP
GO:1902107	positive regulation of leukocyte differe...	5	1	1.37	0.7984	1	BP
GO:1902108	regulation of mitochondrial membrane per...	5	1	1.37	0.7984	1	BP
GO:0051294	establishment of spindle orientation	5	1	1.37	0.7984	1	BP
GO:1903427	negative regulation of reactive oxygen s...	5	1	1.37	0.7984	1	BP
GO:0050864	regulation of B cell activation	5	1	1.37	0.7984	1	BP
GO:0051279	regulation of release of sequestered cal...	5	1	1.37	0.7984	1	BP
GO:1902275	regulation of chromatin organization	5	1	1.37	0.7984	1	BP
GO:0048793	pronephros development	5	1	1.37	0.7984	1	BP
GO:0031123	RNA 3'-end processing	5	1	1.37	0.7984	1	BP
GO:0031124	mRNA 3'-end processing	5	1	1.37	0.7984	1	BP
GO:1904375	regulation of protein localization to ce...	5	1	1.37	0.7984	1	BP
GO:0071774	response to fibroblast growth factor	5	1	1.37	0.7984	1	BP
GO:0051781	positive regulation of cell division	5	1	1.37	0.7984	1	BP
GO:0051785	positive regulation of nuclear division	5	1	1.37	0.7984	1	BP
GO:0070542	response to fatty acid	5	1	1.37	0.7984	1	BP
GO:0055083	monovalent inorganic anion homeostasis	5	1	1.37	0.7984	1	BP
GO:1901568	fatty acid derivative metabolic process	5	1	1.37	0.7984	1	BP
GO:0003382	epithelial cell morphogenesis	5	1	1.37	0.7984	1	BP
GO:1901570	fatty acid derivative biosynthetic proce...	5	1	1.37	0.7984	1	BP
GO:0032410	negative regulation of transporter activ...	5	1	1.37	0.7984	1	BP
GO:0032413	negative regulation of ion transmembrane...	5	1	1.37	0.7984	1	BP
GO:0007608	sensory perception of smell	5	1	1.37	0.7984	1	BP
GO:0001503	ossification	23	5	6.29	0.7993	1	BP
GO:0071241	cellular response to inorganic substance	23	5	6.29	0.7993	1	BP
GO:0023051	regulation of signaling	188	50	51.37	0.801	1	BP
GO:0060429	epithelium development	118	29	32.25	0.8018	1	BP
GO:0065003	protein-containing complex assembly	95	23	25.96	0.8039	1	BP
GO:0042886	amide transport	99	24	27.05	0.8062	1	BP
GO:0015833	peptide transport	99	24	27.05	0.8062	1	BP
GO:0022409	positive regulation of cell-cell adhesio...	10	2	2.73	0.8065	1	BP
GO:0006997	nucleus organization	10	2	2.73	0.8065	1	BP
GO:0002262	myeloid cell homeostasis	10	2	2.73	0.8065	1	BP
GO:2000045	regulation of G1/S transition of mitotic...	10	2	2.73	0.8065	1	BP
GO:0043473	pigmentation	10	2	2.73	0.8065	1	BP
GO:0001841	neural tube formation	10	2	2.73	0.8065	1	BP
GO:0001837	epithelial to mesenchymal transition	10	2	2.73	0.8065	1	BP
GO:0043401	steroid hormone mediated signaling pathw...	10	2	2.73	0.8065	1	BP
GO:0001539	cilium or flagellum-dependent cell motil...	10	2	2.73	0.8065	1	BP
GO:0006367	transcription initiation at RNA polymera...	10	2	2.73	0.8065	1	BP
GO:0051983	regulation of chromosome segregation	10	2	2.73	0.8065	1	BP
GO:0045766	positive regulation of angiogenesis	10	2	2.73	0.8065	1	BP
GO:0007480	imaginal disc-derived leg morphogenesis	10	2	2.73	0.8065	1	BP
GO:0007478	leg disc morphogenesis	10	2	2.73	0.8065	1	BP
GO:0007266	Rho protein signal transduction	10	2	2.73	0.8065	1	BP
GO:0060113	inner ear receptor cell differentiation	10	2	2.73	0.8065	1	BP
GO:0007224	smoothened signaling pathway	10	2	2.73	0.8065	1	BP
GO:0032024	positive regulation of insulin secretion	10	2	2.73	0.8065	1	BP
GO:0060285	cilium-dependent cell motility	10	2	2.73	0.8065	1	BP
GO:0045667	regulation of osteoblast differentiation	10	2	2.73	0.8065	1	BP
GO:0000281	mitotic cytokinesis	10	2	2.73	0.8065	1	BP
GO:0036503	ERAD pathway	10	2	2.73	0.8065	1	BP
GO:0051225	spindle assembly	10	2	2.73	0.8065	1	BP
GO:0048706	embryonic skeletal system development	10	2	2.73	0.8065	1	BP
GO:0046907	intracellular transport	103	25	28.15	0.8085	1	BP
GO:0002682	regulation of immune system process	52	12	14.21	0.8086	1	BP
GO:0007167	enzyme-linked receptor protein signaling...	52	12	14.21	0.8086	1	BP
GO:0006974	cellular response to DNA damage stimulus	48	11	13.12	0.809	1	BP
GO:0007346	regulation of mitotic cell cycle	48	11	13.12	0.809	1	BP
GO:0048732	gland development	48	11	13.12	0.809	1	BP
GO:0019221	cytokine-mediated signaling pathway	19	4	5.19	0.809	1	BP
GO:0001508	action potential	19	4	5.19	0.809	1	BP
GO:0040013	negative regulation of locomotion	19	4	5.19	0.809	1	BP
GO:0030073	insulin secretion	19	4	5.19	0.809	1	BP
GO:0009913	epidermal cell differentiation	19	4	5.19	0.809	1	BP
GO:0042048	olfactory behavior	19	4	5.19	0.809	1	BP
GO:0007631	feeding behavior	19	4	5.19	0.809	1	BP
GO:0048872	homeostasis of number of cells	19	4	5.19	0.809	1	BP
GO:0007605	sensory perception of sound	19	4	5.19	0.809	1	BP
GO:0099536	synaptic signaling	64	15	17.49	0.8097	1	BP
GO:0099537	trans-synaptic signaling	64	15	17.49	0.8097	1	BP
GO:0098916	anterograde trans-synaptic signaling	64	15	17.49	0.8097	1	BP
GO:0007268	chemical synaptic transmission	64	15	17.49	0.8097	1	BP
GO:0051049	regulation of transport	107	26	29.24	0.8109	1	BP
GO:0071407	cellular response to organic cyclic comp...	40	9	10.93	0.8116	1	BP
GO:0070201	regulation of establishment of protein l...	40	9	10.93	0.8116	1	BP
GO:0051223	regulation of protein transport	40	9	10.93	0.8116	1	BP
GO:1901565	organonitrogen compound catabolic proces...	76	18	20.77	0.8131	1	BP
GO:0007267	cell-cell signaling	111	27	30.33	0.8133	1	BP
GO:0032535	regulation of cellular component size	36	8	9.84	0.8141	1	BP
GO:0016311	dephosphorylation	36	8	9.84	0.8141	1	BP
GO:0090407	organophosphate biosynthetic process	36	8	9.84	0.8141	1	BP
GO:0071495	cellular response to endogenous stimulus	84	20	22.95	0.8162	1	BP
GO:0071705	nitrogen compound transport	116	32	31.7	0.8172	1	BP
GO:0140352	export from cell	88	21	24.05	0.8179	1	BP
GO:1901653	cellular response to peptide	32	7	8.74	0.8179	1	BP
GO:0016071	mRNA metabolic process	32	7	8.74	0.8179	1	BP
GO:0071363	cellular response to growth factor stimu...	32	7	8.74	0.8179	1	BP
GO:0016358	dendrite development	28	6	7.65	0.8232	1	BP
GO:0019098	reproductive behavior	28	6	7.65	0.8232	1	BP
GO:0050953	sensory perception of light stimulus	15	3	4.1	0.824	1	BP
GO:0050900	leukocyte migration	15	3	4.1	0.824	1	BP
GO:0031647	regulation of protein stability	15	3	4.1	0.824	1	BP
GO:0042551	neuron maturation	15	3	4.1	0.824	1	BP
GO:0010921	regulation of phosphatase activity	15	3	4.1	0.824	1	BP
GO:0016322	neuron remodeling	15	3	4.1	0.824	1	BP
GO:0061025	membrane fusion	15	3	4.1	0.824	1	BP
GO:2000241	regulation of reproductive process	15	3	4.1	0.824	1	BP
GO:1990138	neuron projection extension	15	3	4.1	0.824	1	BP
GO:0007173	epidermal growth factor receptor signali...	15	3	4.1	0.824	1	BP
GO:0030431	sleep	15	3	4.1	0.824	1	BP
GO:0031334	positive regulation of protein-containin...	15	3	4.1	0.824	1	BP
GO:0038127	ERBB signaling pathway	15	3	4.1	0.824	1	BP
GO:0071229	cellular response to acid chemical	15	3	4.1	0.824	1	BP
GO:0010212	response to ionizing radiation	15	3	4.1	0.824	1	BP
GO:0070507	regulation of microtubule cytoskeleton o...	15	3	4.1	0.824	1	BP
GO:0007601	visual perception	15	3	4.1	0.824	1	BP
GO:0071310	cellular response to organic substance	131	32	35.8	0.8256	1	BP
GO:1901700	response to oxygen-containing compound	108	26	29.51	0.8274	1	BP
GO:0022603	regulation of anatomical structure morph...	61	14	16.67	0.8297	1	BP
GO:0044419	biological process involved in interspec...	69	16	18.86	0.8302	1	BP
GO:0000278	mitotic cell cycle	69	16	18.86	0.8302	1	BP
GO:0007292	female gamete generation	53	12	14.48	0.8305	1	BP
GO:0090150	establishment of protein localization to...	24	5	6.56	0.8309	1	BP
GO:0043066	negative regulation of apoptotic process	49	11	13.39	0.8316	1	BP
GO:0051640	organelle localization	45	10	12.3	0.8333	1	BP
GO:0050896	response to stimulus	388	103	106.03	0.834	1	BP
GO:0045859	regulation of protein kinase activity	47	18	12.84	0.8371	1	BP
GO:0070887	cellular response to chemical stimulus	151	37	41.26	0.8381	1	BP
GO:0051345	positive regulation of hydrolase activit...	37	8	10.11	0.8391	1	BP
GO:0009790	embryo development	101	24	27.6	0.8395	1	BP
GO:0019953	sexual reproduction	105	25	28.69	0.8411	1	BP
GO:0042742	defense response to bacterium	20	4	5.47	0.8418	1	BP
GO:0030099	myeloid cell differentiation	20	4	5.47	0.8418	1	BP
GO:0050805	negative regulation of synaptic transmis...	20	4	5.47	0.8418	1	BP
GO:0021700	developmental maturation	33	7	9.02	0.8437	1	BP
GO:0051130	positive regulation of cellular componen...	74	17	20.22	0.8485	1	BP
GO:1901657	glycosyl compound metabolic process	11	2	3.01	0.8488	1	BP
GO:0001838	embryonic epithelial tube formation	11	2	3.01	0.8488	1	BP
GO:0003151	outflow tract morphogenesis	11	2	3.01	0.8488	1	BP
GO:0090092	regulation of transmembrane receptor pro...	11	2	3.01	0.8488	1	BP
GO:0016239	positive regulation of macroautophagy	11	2	3.01	0.8488	1	BP
GO:0017148	negative regulation of translation	11	2	3.01	0.8488	1	BP
GO:0071482	cellular response to light stimulus	11	2	3.01	0.8488	1	BP
GO:0043057	backward locomotion	11	2	3.01	0.8488	1	BP
GO:0043058	regulation of backward locomotion	11	2	3.01	0.8488	1	BP
GO:0048149	behavioral response to ethanol	11	2	3.01	0.8488	1	BP
GO:0033058	directional locomotion	11	2	3.01	0.8488	1	BP
GO:0050773	regulation of dendrite development	11	2	3.01	0.8488	1	BP
GO:0030282	bone mineralization	11	2	3.01	0.8488	1	BP
GO:0051298	centrosome duplication	11	2	3.01	0.8488	1	BP
GO:0042490	mechanoreceptor differentiation	11	2	3.01	0.8488	1	BP
GO:0060563	neuroepithelial cell differentiation	11	2	3.01	0.8488	1	BP
GO:0051336	regulation of hydrolase activity	58	13	15.85	0.8494	1	BP
GO:0051047	positive regulation of secretion	29	6	7.92	0.8499	1	BP
GO:0045666	positive regulation of neuron differenti...	29	6	7.92	0.8499	1	BP
GO:0031346	positive regulation of cell projection o...	29	6	7.92	0.8499	1	BP
GO:0045926	negative regulation of growth	29	6	7.92	0.8499	1	BP
GO:0009057	macromolecule catabolic process	86	20	23.5	0.8503	1	BP
GO:0001775	cell activation	54	12	14.76	0.8505	1	BP
GO:0043069	negative regulation of programmed cell d...	50	11	13.66	0.8522	1	BP
GO:0050794	regulation of cellular process	442	118	120.78	0.8532	1	BP
GO:0051865	protein autoubiquitination	6	1	1.64	0.8539	1	BP
GO:0008584	male gonad development	6	1	1.64	0.8539	1	BP
GO:1902883	negative regulation of response to oxida...	6	1	1.64	0.8539	1	BP
GO:0010824	regulation of centrosome duplication	6	1	1.64	0.8539	1	BP
GO:1901606	alpha-amino acid catabolic process	6	1	1.64	0.8539	1	BP
GO:0043487	regulation of RNA stability	6	1	1.64	0.8539	1	BP
GO:0008652	cellular amino acid biosynthetic process	6	1	1.64	0.8539	1	BP
GO:0006903	vesicle targeting	6	1	1.64	0.8539	1	BP
GO:0006904	vesicle docking involved in exocytosis	6	1	1.64	0.8539	1	BP
GO:0086002	cardiac muscle cell action potential inv...	6	1	1.64	0.8539	1	BP
GO:0090630	activation of GTPase activity	6	1	1.64	0.8539	1	BP
GO:1903708	positive regulation of hemopoiesis	6	1	1.64	0.8539	1	BP
GO:0032222	regulation of synaptic transmission, cho...	6	1	1.64	0.8539	1	BP
GO:1905475	regulation of protein localization to me...	6	1	1.64	0.8539	1	BP
GO:0021854	hypothalamus development	6	1	1.64	0.8539	1	BP
GO:0001570	vasculogenesis	6	1	1.64	0.8539	1	BP
GO:0010660	regulation of muscle cell apoptotic proc...	6	1	1.64	0.8539	1	BP
GO:0010657	muscle cell apoptotic process	6	1	1.64	0.8539	1	BP
GO:2001056	positive regulation of cysteine-type end...	6	1	1.64	0.8539	1	BP
GO:0046031	ADP metabolic process	6	1	1.64	0.8539	1	BP
GO:0043280	positive regulation of cysteine-type end...	6	1	1.64	0.8539	1	BP
GO:0016048	detection of temperature stimulus	6	1	1.64	0.8539	1	BP
GO:0050975	sensory perception of touch	6	1	1.64	0.8539	1	BP
GO:0032835	glomerulus development	6	1	1.64	0.8539	1	BP
GO:0035305	negative regulation of dephosphorylation	6	1	1.64	0.8539	1	BP
GO:0002685	regulation of leukocyte migration	6	1	1.64	0.8539	1	BP
GO:0010923	negative regulation of phosphatase activ...	6	1	1.64	0.8539	1	BP
GO:2000177	regulation of neural precursor cell prol...	6	1	1.64	0.8539	1	BP
GO:0000002	mitochondrial genome maintenance	6	1	1.64	0.8539	1	BP
GO:0001959	regulation of cytokine-mediated signalin...	6	1	1.64	0.8539	1	BP
GO:0040028	regulation of vulval development	6	1	1.64	0.8539	1	BP
GO:0016319	mushroom body development	6	1	1.64	0.8539	1	BP
GO:0061077	chaperone-mediated protein folding	6	1	1.64	0.8539	1	BP
GO:0021983	pituitary gland development	6	1	1.64	0.8539	1	BP
GO:0009069	serine family amino acid metabolic proce...	6	1	1.64	0.8539	1	BP
GO:0007306	eggshell chorion assembly	6	1	1.64	0.8539	1	BP
GO:1901379	regulation of potassium ion transmembran...	6	1	1.64	0.8539	1	BP
GO:0090316	positive regulation of intracellular pro...	6	1	1.64	0.8539	1	BP
GO:0034502	protein localization to chromosome	6	1	1.64	0.8539	1	BP
GO:0030316	osteoclast differentiation	6	1	1.64	0.8539	1	BP
GO:0015844	monoamine transport	6	1	1.64	0.8539	1	BP
GO:0046785	microtubule polymerization	6	1	1.64	0.8539	1	BP
GO:0071300	cellular response to retinoic acid	6	1	1.64	0.8539	1	BP
GO:0007271	synaptic transmission, cholinergic	6	1	1.64	0.8539	1	BP
GO:0007229	integrin-mediated signaling pathway	6	1	1.64	0.8539	1	BP
GO:0006888	endoplasmic reticulum to Golgi vesicle-m...	6	1	1.64	0.8539	1	BP
GO:0006879	cellular iron ion homeostasis	6	1	1.64	0.8539	1	BP
GO:1990748	cellular detoxification	6	1	1.64	0.8539	1	BP
GO:0090169	regulation of spindle assembly	6	1	1.64	0.8539	1	BP
GO:0010458	exit from mitosis	6	1	1.64	0.8539	1	BP
GO:0060236	regulation of mitotic spindle organizati...	6	1	1.64	0.8539	1	BP
GO:1903361	protein localization to basolateral plas...	6	1	1.64	0.8539	1	BP
GO:1903350	response to dopamine	6	1	1.64	0.8539	1	BP
GO:1903351	cellular response to dopamine	6	1	1.64	0.8539	1	BP
GO:0048144	fibroblast proliferation	6	1	1.64	0.8539	1	BP
GO:0048145	regulation of fibroblast proliferation	6	1	1.64	0.8539	1	BP
GO:0060759	regulation of response to cytokine stimu...	6	1	1.64	0.8539	1	BP
GO:0051145	smooth muscle cell differentiation	6	1	1.64	0.8539	1	BP
GO:0046546	development of primary male sexual chara...	6	1	1.64	0.8539	1	BP
GO:0008203	cholesterol metabolic process	6	1	1.64	0.8539	1	BP
GO:0051293	establishment of spindle localization	6	1	1.64	0.8539	1	BP
GO:0050893	sensory processing	6	1	1.64	0.8539	1	BP
GO:0046685	response to arsenic-containing substance	6	1	1.64	0.8539	1	BP
GO:0014910	regulation of smooth muscle cell migrati...	6	1	1.64	0.8539	1	BP
GO:0051236	establishment of RNA localization	6	1	1.64	0.8539	1	BP
GO:0014909	smooth muscle cell migration	6	1	1.64	0.8539	1	BP
GO:0031110	regulation of microtubule polymerization...	6	1	1.64	0.8539	1	BP
GO:0009268	response to pH	6	1	1.64	0.8539	1	BP
GO:0010717	regulation of epithelial to mesenchymal ...	6	1	1.64	0.8539	1	BP
GO:0030865	cortical cytoskeleton organization	6	1	1.64	0.8539	1	BP
GO:0090559	regulation of membrane permeability	6	1	1.64	0.8539	1	BP
GO:0001782	B cell homeostasis	6	1	1.64	0.8539	1	BP
GO:0048534	hematopoietic or lymphoid organ developm...	42	9	11.48	0.8574	1	BP
GO:0000226	microtubule cytoskeleton organization	42	9	11.48	0.8574	1	BP
GO:0098661	inorganic anion transmembrane transport	16	3	4.37	0.8579	1	BP
GO:2001020	regulation of response to DNA damage sti...	16	3	4.37	0.8579	1	BP
GO:0043524	negative regulation of neuron apoptotic ...	16	3	4.37	0.8579	1	BP
GO:0034504	protein localization to nucleus	16	3	4.37	0.8579	1	BP
GO:0007162	negative regulation of cell adhesion	16	3	4.37	0.8579	1	BP
GO:1904951	positive regulation of establishment of ...	25	5	6.83	0.8583	1	BP
GO:0051222	positive regulation of protein transport	25	5	6.83	0.8583	1	BP
GO:0007635	chemosensory behavior	25	5	6.83	0.8583	1	BP
GO:0001932	regulation of protein phosphorylation	66	22	18.04	0.8589	1	BP
GO:0042592	homeostatic process	116	30	31.7	0.8602	1	BP
GO:0007186	G protein-coupled receptor signaling pat...	49	14	13.39	0.8611	1	BP
GO:0071692	protein localization to extracellular re...	38	8	10.38	0.8613	1	BP
GO:0010975	regulation of neuron projection developm...	38	8	10.38	0.8613	1	BP
GO:0097305	response to alcohol	38	8	10.38	0.8613	1	BP
GO:0035592	establishment of protein localization to...	38	8	10.38	0.8613	1	BP
GO:0009306	protein secretion	38	8	10.38	0.8613	1	BP
GO:0007166	cell surface receptor signaling pathway	122	29	33.34	0.8617	1	BP
GO:0010243	response to organonitrogen compound	79	18	21.59	0.8648	1	BP
GO:0009607	response to biotic stimulus	63	14	17.22	0.8661	1	BP
GO:0010038	response to metal ion	34	7	9.29	0.8665	1	BP
GO:1901214	regulation of neuron death	34	7	9.29	0.8665	1	BP
GO:0044093	positive regulation of molecular functio...	95	22	25.96	0.8667	1	BP
GO:0043207	response to external biotic stimulus	59	13	16.12	0.8672	1	BP
GO:0051707	response to other organism	59	13	16.12	0.8672	1	BP
GO:0050877	nervous system process	99	23	27.05	0.8676	1	BP
GO:0033554	cellular response to stress	138	33	37.71	0.8682	1	BP
GO:1903047	mitotic cell cycle process	55	12	15.03	0.8687	1	BP
GO:0009743	response to carbohydrate	21	4	5.74	0.8698	1	BP
GO:0006417	regulation of translation	21	4	5.74	0.8698	1	BP
GO:0043523	regulation of neuron apoptotic process	21	4	5.74	0.8698	1	BP
GO:1901215	negative regulation of neuron death	21	4	5.74	0.8698	1	BP
GO:0050768	negative regulation of neurogenesis	21	4	5.74	0.8698	1	BP
GO:1902115	regulation of organelle assembly	21	4	5.74	0.8698	1	BP
GO:1901699	cellular response to nitrogen compound	51	11	13.94	0.8707	1	BP
GO:0009653	anatomical structure morphogenesis	188	46	51.37	0.8714	1	BP
GO:0048562	embryonic organ morphogenesis	30	6	8.2	0.8732	1	BP
GO:0071695	anatomical structure maturation	30	6	8.2	0.8732	1	BP
GO:0009266	response to temperature stimulus	30	6	8.2	0.8732	1	BP
GO:0071417	cellular response to organonitrogen comp...	47	10	12.84	0.8734	1	BP
GO:0032879	regulation of localization	150	36	40.99	0.8735	1	BP
GO:0002520	immune system development	43	9	11.75	0.8768	1	BP
GO:0048646	anatomical structure formation involved ...	80	18	21.86	0.8793	1	BP
GO:0007417	central nervous system development	72	16	19.68	0.8801	1	BP
GO:0071702	organic substance transport	133	37	36.34	0.8807	1	BP
GO:0044265	cellular macromolecule catabolic process	68	15	18.58	0.8808	1	BP
GO:0051050	positive regulation of transport	68	15	18.58	0.8808	1	BP
GO:0016049	cell growth	39	8	10.66	0.8811	1	BP
GO:0010639	negative regulation of organelle organiz...	26	5	7.1	0.8819	1	BP
GO:0050954	sensory perception of mechanical stimulu...	26	5	7.1	0.8819	1	BP
GO:0045471	response to ethanol	26	5	7.1	0.8819	1	BP
GO:0001736	establishment of planar polarity	12	2	3.28	0.8826	1	BP
GO:0048599	oocyte development	12	2	3.28	0.8826	1	BP
GO:1902806	regulation of cell cycle G1/S phase tran...	12	2	3.28	0.8826	1	BP
GO:0010508	positive regulation of autophagy	12	2	3.28	0.8826	1	BP
GO:0061640	cytoskeleton-dependent cytokinesis	12	2	3.28	0.8826	1	BP
GO:0042745	circadian sleep/wake cycle	12	2	3.28	0.8826	1	BP
GO:0042749	regulation of circadian sleep/wake cycle	12	2	3.28	0.8826	1	BP
GO:0043279	response to alkaloid	12	2	3.28	0.8826	1	BP
GO:0001649	osteoblast differentiation	12	2	3.28	0.8826	1	BP
GO:0002573	myeloid leukocyte differentiation	12	2	3.28	0.8826	1	BP
GO:0018991	oviposition	12	2	3.28	0.8826	1	BP
GO:0000070	mitotic sister chromatid segregation	12	2	3.28	0.8826	1	BP
GO:0006413	translational initiation	12	2	3.28	0.8826	1	BP
GO:0016482	cytosolic transport	12	2	3.28	0.8826	1	BP
GO:0035218	leg disc development	12	2	3.28	0.8826	1	BP
GO:0008356	asymmetric cell division	12	2	3.28	0.8826	1	BP
GO:0007164	establishment of tissue polarity	12	2	3.28	0.8826	1	BP
GO:0045807	positive regulation of endocytosis	12	2	3.28	0.8826	1	BP
GO:1901216	positive regulation of neuron death	12	2	3.28	0.8826	1	BP
GO:0090277	positive regulation of peptide hormone s...	12	2	3.28	0.8826	1	BP
GO:0046661	male sex differentiation	12	2	3.28	0.8826	1	BP
GO:0051251	positive regulation of lymphocyte activa...	12	2	3.28	0.8826	1	BP
GO:0072175	epithelial tube formation	12	2	3.28	0.8826	1	BP
GO:0032434	regulation of proteasomal ubiquitin-depe...	12	2	3.28	0.8826	1	BP
GO:0032436	positive regulation of proteasomal ubiqu...	12	2	3.28	0.8826	1	BP
GO:0002118	aggressive behavior	12	2	3.28	0.8826	1	BP
GO:0007420	brain development	56	12	15.3	0.8851	1	BP
GO:0045664	regulation of neuron differentiation	56	12	15.3	0.8851	1	BP
GO:0032886	regulation of microtubule-based process	17	3	4.65	0.886	1	BP
GO:0021953	central nervous system neuron differenti...	17	3	4.65	0.886	1	BP
GO:0072006	nephron development	17	3	4.65	0.886	1	BP
GO:0060485	mesenchyme development	17	3	4.65	0.886	1	BP
GO:0015698	inorganic anion transport	17	3	4.65	0.886	1	BP
GO:0006520	cellular amino acid metabolic process	17	3	4.65	0.886	1	BP
GO:0030100	regulation of endocytosis	17	3	4.65	0.886	1	BP
GO:0032386	regulation of intracellular transport	17	3	4.65	0.886	1	BP
GO:0070997	neuron death	35	7	9.56	0.8865	1	BP
GO:0051301	cell division	35	7	9.56	0.8865	1	BP
GO:0007626	locomotory behavior	52	11	14.21	0.8874	1	BP
GO:0033036	macromolecule localization	159	38	43.45	0.8877	1	BP
GO:0048583	regulation of response to stimulus	203	52	55.47	0.8883	1	BP
GO:0098542	defense response to other organism	48	10	13.12	0.8903	1	BP
GO:0050789	regulation of biological process	468	124	127.89	0.8923	1	BP
GO:1901698	response to nitrogen compound	81	18	22.13	0.8927	1	BP
GO:1903829	positive regulation of protein localizat...	31	6	8.47	0.8934	1	BP
GO:0006644	phospholipid metabolic process	31	6	8.47	0.8934	1	BP
GO:0050807	regulation of synapse organization	31	6	8.47	0.8934	1	BP
GO:0043933	protein-containing complex organization	105	24	28.69	0.8934	1	BP
GO:0043254	regulation of protein-containing complex...	22	4	6.01	0.8935	1	BP
GO:0033500	carbohydrate homeostasis	22	4	6.01	0.8935	1	BP
GO:0010721	negative regulation of cell development	22	4	6.01	0.8935	1	BP
GO:0001776	leukocyte homeostasis	7	1	1.91	0.8942	1	BP
GO:0051823	regulation of synapse structural plastic...	7	1	1.91	0.8942	1	BP
GO:0002260	lymphocyte homeostasis	7	1	1.91	0.8942	1	BP
GO:0090659	walking behavior	7	1	1.91	0.8942	1	BP
GO:0046916	cellular transition metal ion homeostasi...	7	1	1.91	0.8942	1	BP
GO:0001578	microtubule bundle formation	7	1	1.91	0.8942	1	BP
GO:0051653	spindle localization	7	1	1.91	0.8942	1	BP
GO:0001656	metanephros development	7	1	1.91	0.8942	1	BP
GO:1900006	positive regulation of dendrite developm...	7	1	1.91	0.8942	1	BP
GO:0050921	positive regulation of chemotaxis	7	1	1.91	0.8942	1	BP
GO:0034404	nucleobase-containing small molecule bio...	7	1	1.91	0.8942	1	BP
GO:1905898	positive regulation of response to endop...	7	1	1.91	0.8942	1	BP
GO:0061062	regulation of nematode larval developmen...	7	1	1.91	0.8942	1	BP
GO:0048015	phosphatidylinositol-mediated signaling	7	1	1.91	0.8942	1	BP
GO:0048017	inositol lipid-mediated signaling	7	1	1.91	0.8942	1	BP
GO:0043525	positive regulation of neuron apoptotic ...	7	1	1.91	0.8942	1	BP
GO:0006403	RNA localization	7	1	1.91	0.8942	1	BP
GO:0043666	regulation of phosphoprotein phosphatase...	7	1	1.91	0.8942	1	BP
GO:0009064	glutamine family amino acid metabolic pr...	7	1	1.91	0.8942	1	BP
GO:0007304	chorion-containing eggshell formation	7	1	1.91	0.8942	1	BP
GO:0045727	positive regulation of translation	7	1	1.91	0.8942	1	BP
GO:0006283	transcription-coupled nucleotide-excisio...	7	1	1.91	0.8942	1	BP
GO:2001252	positive regulation of chromosome organi...	7	1	1.91	0.8942	1	BP
GO:0008360	regulation of cell shape	7	1	1.91	0.8942	1	BP
GO:0090329	regulation of DNA-templated DNA replicat...	7	1	1.91	0.8942	1	BP
GO:0002011	morphogenesis of an epithelial sheet	7	1	1.91	0.8942	1	BP
GO:0007274	neuromuscular synaptic transmission	7	1	1.91	0.8942	1	BP
GO:0035567	non-canonical Wnt signaling pathway	7	1	1.91	0.8942	1	BP
GO:0051481	negative regulation of cytosolic calcium...	7	1	1.91	0.8942	1	BP
GO:0090102	cochlea development	7	1	1.91	0.8942	1	BP
GO:0015695	organic cation transport	7	1	1.91	0.8942	1	BP
GO:0090224	regulation of spindle organization	7	1	1.91	0.8942	1	BP
GO:0033045	regulation of sister chromatid segregati...	7	1	1.91	0.8942	1	BP
GO:0048259	regulation of receptor-mediated endocyto...	7	1	1.91	0.8942	1	BP
GO:0007595	lactation	7	1	1.91	0.8942	1	BP
GO:0009179	purine ribonucleoside diphosphate metabo...	7	1	1.91	0.8942	1	BP
GO:0009135	purine nucleoside diphosphate metabolic ...	7	1	1.91	0.8942	1	BP
GO:0050885	neuromuscular process controlling balanc...	7	1	1.91	0.8942	1	BP
GO:0048701	embryonic cranial skeleton morphogenesis	7	1	1.91	0.8942	1	BP
GO:0055072	iron ion homeostasis	7	1	1.91	0.8942	1	BP
GO:0007628	adult walking behavior	7	1	1.91	0.8942	1	BP
GO:0001756	somitogenesis	7	1	1.91	0.8942	1	BP
GO:0051674	localization of cell	65	14	17.76	0.8961	1	BP
GO:0036211	protein modification process	197	53	53.83	0.8979	1	BP
GO:0009896	positive regulation of catabolic process	40	8	10.93	0.8984	1	BP
GO:0072657	protein localization to membrane	40	8	10.93	0.8984	1	BP
GO:0045596	negative regulation of cell differentiat...	40	8	10.93	0.8984	1	BP
GO:0060322	head development	57	12	15.58	0.8998	1	BP
GO:0009968	negative regulation of signal transducti...	81	21	22.13	0.9015	1	BP
GO:0030154	cell differentiation	244	60	66.68	0.9018	1	BP
GO:0098609	cell-cell adhesion	27	5	7.38	0.9021	1	BP
GO:0032880	regulation of protein localization	53	11	14.48	0.9023	1	BP
GO:0015031	protein transport	98	22	26.78	0.904	1	BP
GO:0031331	positive regulation of cellular cataboli...	36	7	9.84	0.904	1	BP
GO:0060341	regulation of cellular localization	78	17	21.31	0.9055	1	BP
GO:0003008	system process	126	29	34.43	0.9071	1	BP
GO:2000027	regulation of animal organ morphogenesis	18	3	4.92	0.909	1	BP
GO:2000377	regulation of reactive oxygen species me...	18	3	4.92	0.909	1	BP
GO:0043547	positive regulation of GTPase activity	18	3	4.92	0.909	1	BP
GO:0016197	endosomal transport	18	3	4.92	0.909	1	BP
GO:0008344	adult locomotory behavior	18	3	4.92	0.909	1	BP
GO:0008406	gonad development	18	3	4.92	0.909	1	BP
GO:0045665	negative regulation of neuron differenti...	18	3	4.92	0.909	1	BP
GO:0050796	regulation of insulin secretion	18	3	4.92	0.909	1	BP
GO:0051668	localization within membrane	45	9	12.3	0.9091	1	BP
GO:0001738	morphogenesis of a polarized epithelium	13	2	3.55	0.9093	1	BP
GO:2000060	positive regulation of ubiquitin-depende...	13	2	3.55	0.9093	1	BP
GO:2000058	regulation of ubiquitin-dependent protei...	13	2	3.55	0.9093	1	BP
GO:0032271	regulation of protein polymerization	13	2	3.55	0.9093	1	BP
GO:0001678	cellular glucose homeostasis	13	2	3.55	0.9093	1	BP
GO:0035315	hair cell differentiation	13	2	3.55	0.9093	1	BP
GO:0002696	positive regulation of leukocyte activat...	13	2	3.55	0.9093	1	BP
GO:0034250	positive regulation of cellular amide me...	13	2	3.55	0.9093	1	BP
GO:0030902	hindbrain development	13	2	3.55	0.9093	1	BP
GO:0040029	epigenetic regulation of gene expression	13	2	3.55	0.9093	1	BP
GO:0006261	DNA-templated DNA replication	13	2	3.55	0.9093	1	BP
GO:0071326	cellular response to monosaccharide stim...	13	2	3.55	0.9093	1	BP
GO:0071331	cellular response to hexose stimulus	13	2	3.55	0.9093	1	BP
GO:0071333	cellular response to glucose stimulus	13	2	3.55	0.9093	1	BP
GO:0071236	cellular response to antibiotic	13	2	3.55	0.9093	1	BP
GO:0050867	positive regulation of cell activation	13	2	3.55	0.9093	1	BP
GO:1901800	positive regulation of proteasomal prote...	13	2	3.55	0.9093	1	BP
GO:0051656	establishment of organelle localization	32	6	8.74	0.9108	1	BP
GO:0021537	telencephalon development	23	4	6.29	0.9133	1	BP
GO:0045862	positive regulation of proteolysis	23	4	6.29	0.9133	1	BP
GO:0051402	neuron apoptotic process	23	4	6.29	0.9133	1	BP
GO:0051124	synaptic assembly at neuromuscular junct...	23	4	6.29	0.9133	1	BP
GO:0120035	regulation of plasma membrane bounded ce...	54	11	14.76	0.9156	1	BP
GO:0031344	regulation of cell projection organizati...	54	11	14.76	0.9156	1	BP
GO:0010648	negative regulation of cell communicatio...	99	25	27.05	0.9175	1	BP
GO:0023057	negative regulation of signaling	99	25	27.05	0.9175	1	BP
GO:0048869	cellular developmental process	246	60	67.22	0.9175	1	BP
GO:0040008	regulation of growth	75	16	20.49	0.9177	1	BP
GO:0080134	regulation of response to stress	75	16	20.49	0.9177	1	BP
GO:0065007	biological regulation	493	130	134.72	0.9186	1	BP
GO:0048638	regulation of developmental growth	50	10	13.66	0.9187	1	BP
GO:0045321	leukocyte activation	50	10	13.66	0.9187	1	BP
GO:0008277	regulation of G protein-coupled receptor...	14	6	3.83	0.9191	1	BP
GO:0007169	transmembrane receptor protein tyrosine ...	37	7	10.11	0.9191	1	BP
GO:1903532	positive regulation of secretion by cell	28	5	7.65	0.9193	1	BP
GO:0032970	regulation of actin filament-based proce...	28	5	7.65	0.9193	1	BP
GO:0048469	cell maturation	28	5	7.65	0.9193	1	BP
GO:0060560	developmental growth involved in morphog...	28	5	7.65	0.9193	1	BP
GO:0032501	multicellular organismal process	393	102	107.39	0.9197	1	BP
GO:0022412	cellular process involved in reproductio...	67	14	18.31	0.9205	1	BP
GO:0000003	reproduction	151	35	41.26	0.9208	1	BP
GO:0006468	protein phosphorylation	92	27	25.14	0.9212	1	BP
GO:0048871	multicellular organismal homeostasis	23	7	6.29	0.922	1	BP
GO:0048477	oogenesis	46	9	12.57	0.9224	1	BP
GO:0043412	macromolecule modification	208	55	56.84	0.9231	1	BP
GO:1902882	regulation of response to oxidative stre...	8	1	2.19	0.9234	1	BP
GO:0050670	regulation of lymphocyte proliferation	8	1	2.19	0.9234	1	BP
GO:0042133	neurotransmitter metabolic process	8	1	2.19	0.9234	1	BP
GO:0035050	embryonic heart tube development	8	1	2.19	0.9234	1	BP
GO:0051591	response to cAMP	8	1	2.19	0.9234	1	BP
GO:1903725	regulation of phospholipid metabolic pro...	8	1	2.19	0.9234	1	BP
GO:0019730	antimicrobial humoral response	8	1	2.19	0.9234	1	BP
GO:0032273	positive regulation of protein polymeriz...	8	1	2.19	0.9234	1	BP
GO:0021872	forebrain generation of neurons	8	1	2.19	0.9234	1	BP
GO:0021879	forebrain neuron differentiation	8	1	2.19	0.9234	1	BP
GO:0042755	eating behavior	8	1	2.19	0.9234	1	BP
GO:0010623	programmed cell death involved in cell d...	8	1	2.19	0.9234	1	BP
GO:0001658	branching involved in ureteric bud morph...	8	1	2.19	0.9234	1	BP
GO:0140029	exocytic process	8	1	2.19	0.9234	1	BP
GO:0007032	endosome organization	8	1	2.19	0.9234	1	BP
GO:0002697	regulation of immune effector process	8	1	2.19	0.9234	1	BP
GO:0008088	axo-dendritic transport	8	1	2.19	0.9234	1	BP
GO:0000041	transition metal ion transport	8	1	2.19	0.9234	1	BP
GO:0040018	positive regulation of multicellular org...	8	1	2.19	0.9234	1	BP
GO:0043620	regulation of DNA-templated transcriptio...	8	1	2.19	0.9234	1	BP
GO:0043618	regulation of transcription from RNA pol...	8	1	2.19	0.9234	1	BP
GO:0014812	muscle cell migration	8	1	2.19	0.9234	1	BP
GO:0006289	nucleotide-excision repair	8	1	2.19	0.9234	1	BP
GO:0032944	regulation of mononuclear cell prolifera...	8	1	2.19	0.9234	1	BP
GO:0071347	cellular response to interleukin-1	8	1	2.19	0.9234	1	BP
GO:0030433	ubiquitin-dependent ERAD pathway	8	1	2.19	0.9234	1	BP
GO:0051170	import into nucleus	8	1	2.19	0.9234	1	BP
GO:0048102	autophagic cell death	8	1	2.19	0.9234	1	BP
GO:0071260	cellular response to mechanical stimulus	8	1	2.19	0.9234	1	BP
GO:0006606	protein import into nucleus	8	1	2.19	0.9234	1	BP
GO:0009116	nucleoside metabolic process	8	1	2.19	0.9234	1	BP
GO:0009119	ribonucleoside metabolic process	8	1	2.19	0.9234	1	BP
GO:0031109	microtubule polymerization or depolymeri...	8	1	2.19	0.9234	1	BP
GO:0030703	eggshell formation	8	1	2.19	0.9234	1	BP
GO:0070663	regulation of leukocyte proliferation	8	1	2.19	0.9234	1	BP
GO:0030855	epithelial cell differentiation	59	12	16.12	0.9246	1	BP
GO:0030162	regulation of proteolysis	33	6	9.02	0.9257	1	BP
GO:0050803	regulation of synapse structure or activ...	33	6	9.02	0.9257	1	BP
GO:0009605	response to external stimulus	179	42	48.91	0.9277	1	BP
GO:0008582	regulation of synaptic assembly at neuro...	19	3	5.19	0.9277	1	BP
GO:0009746	response to hexose	19	3	5.19	0.9277	1	BP
GO:0008654	phospholipid biosynthetic process	19	3	5.19	0.9277	1	BP
GO:0032868	response to insulin	19	3	5.19	0.9277	1	BP
GO:0120032	regulation of plasma membrane bounded ce...	19	3	5.19	0.9277	1	BP
GO:0045137	development of primary sexual characteri...	19	3	5.19	0.9277	1	BP
GO:0046474	glycerophospholipid biosynthetic process	19	3	5.19	0.9277	1	BP
GO:0060491	regulation of cell projection assembly	19	3	5.19	0.9277	1	BP
GO:0009410	response to xenobiotic stimulus	19	3	5.19	0.9277	1	BP
GO:1904396	regulation of neuromuscular junction dev...	19	3	5.19	0.9277	1	BP
GO:0009952	anterior/posterior pattern specification	24	4	6.56	0.9298	1	BP
GO:0060271	cilium assembly	24	4	6.56	0.9298	1	BP
GO:0006909	phagocytosis	14	2	3.83	0.9302	1	BP
GO:0048640	negative regulation of developmental gro...	14	2	3.83	0.9302	1	BP
GO:0007088	regulation of mitotic nuclear division	14	2	3.83	0.9302	1	BP
GO:0006397	mRNA processing	14	2	3.83	0.9302	1	BP
GO:0035148	tube formation	14	2	3.83	0.9302	1	BP
GO:0030010	establishment of cell polarity	14	2	3.83	0.9302	1	BP
GO:0045785	positive regulation of cell adhesion	14	2	3.83	0.9302	1	BP
GO:1903052	positive regulation of proteolysis invol...	14	2	3.83	0.9302	1	BP
GO:2001242	regulation of intrinsic apoptotic signal...	14	2	3.83	0.9302	1	BP
GO:0097237	cellular response to toxic substance	14	2	3.83	0.9302	1	BP
GO:0046887	positive regulation of hormone secretion	14	2	3.83	0.9302	1	BP
GO:0009411	response to UV	14	2	3.83	0.9302	1	BP
GO:0061136	regulation of proteasomal protein catabo...	14	2	3.83	0.9302	1	BP
GO:0042472	inner ear morphogenesis	14	2	3.83	0.9302	1	BP
GO:0150063	visual system development	51	10	13.94	0.9304	1	BP
GO:0001654	eye development	51	10	13.94	0.9304	1	BP
GO:0045165	cell fate commitment	51	10	13.94	0.9304	1	BP
GO:0045184	establishment of protein localization	101	22	27.6	0.9325	1	BP
GO:0003006	developmental process involved in reprod...	97	21	26.51	0.9328	1	BP
GO:0030155	regulation of cell adhesion	29	5	7.92	0.9337	1	BP
GO:0007154	cell communication	278	70	75.97	0.934	1	BP
GO:0003002	regionalization	47	9	12.84	0.9341	1	BP
GO:0022414	reproductive process	145	33	39.62	0.9345	1	BP
GO:0048598	embryonic morphogenesis	60	12	16.4	0.935	1	BP
GO:0051093	negative regulation of developmental pro...	60	12	16.4	0.935	1	BP
GO:0048585	negative regulation of response to stimu...	97	24	26.51	0.9365	1	BP
GO:0030163	protein catabolic process	56	11	15.3	0.9376	1	BP
GO:0040012	regulation of locomotion	73	15	19.95	0.9383	1	BP
GO:0090596	sensory organ morphogenesis	43	8	11.75	0.9384	1	BP
GO:0070925	organelle assembly	52	10	14.21	0.9406	1	BP
GO:0048880	sensory system development	52	10	14.21	0.9406	1	BP
GO:0001745	compound eye morphogenesis	20	3	5.47	0.9429	1	BP
GO:0072593	reactive oxygen species metabolic proces...	20	3	5.47	0.9429	1	BP
GO:0042593	glucose homeostasis	20	3	5.47	0.9429	1	BP
GO:0034284	response to monosaccharide	20	3	5.47	0.9429	1	BP
GO:0007265	Ras protein signal transduction	20	3	5.47	0.9429	1	BP
GO:0043087	regulation of GTPase activity	20	3	5.47	0.9429	1	BP
GO:0046677	response to antibiotic	39	7	10.66	0.9434	1	BP
GO:0044782	cilium organization	25	4	6.83	0.9434	1	BP
GO:0007163	establishment or maintenance of cell pol...	25	4	6.83	0.9434	1	BP
GO:0071375	cellular response to peptide hormone sti...	25	4	6.83	0.9434	1	BP
GO:0060541	respiratory system development	25	4	6.83	0.9434	1	BP
GO:0051246	regulation of protein metabolic process	129	35	35.25	0.9441	1	BP
GO:0007568	aging	48	9	13.12	0.9442	1	BP
GO:0071870	cellular response to catecholamine stimu...	9	1	2.46	0.9446	1	BP
GO:0030833	regulation of actin filament polymerizat...	9	1	2.46	0.9446	1	BP
GO:0060675	ureteric bud morphogenesis	9	1	2.46	0.9446	1	BP
GO:0001707	mesoderm formation	9	1	2.46	0.9446	1	BP
GO:0048520	positive regulation of behavior	9	1	2.46	0.9446	1	BP
GO:0048546	digestive tract morphogenesis	9	1	2.46	0.9446	1	BP
GO:0001823	mesonephros development	9	1	2.46	0.9446	1	BP
GO:0009584	detection of visible light	9	1	2.46	0.9446	1	BP
GO:0032768	regulation of monooxygenase activity	9	1	2.46	0.9446	1	BP
GO:0001657	ureteric bud development	9	1	2.46	0.9446	1	BP
GO:0050999	regulation of nitric-oxide synthase acti...	9	1	2.46	0.9446	1	BP
GO:0007043	cell-cell junction assembly	9	1	2.46	0.9446	1	BP
GO:0045428	regulation of nitric oxide biosynthetic ...	9	1	2.46	0.9446	1	BP
GO:1905897	regulation of response to endoplasmic re...	9	1	2.46	0.9446	1	BP
GO:0008038	neuron recognition	9	1	2.46	0.9446	1	BP
GO:0061053	somite development	9	1	2.46	0.9446	1	BP
GO:0043542	endothelial cell migration	9	1	2.46	0.9446	1	BP
GO:0036473	cell death in response to oxidative stre...	9	1	2.46	0.9446	1	BP
GO:2000243	positive regulation of reproductive proc...	9	1	2.46	0.9446	1	BP
GO:0072088	nephron epithelium morphogenesis	9	1	2.46	0.9446	1	BP
GO:0006275	regulation of DNA replication	9	1	2.46	0.9446	1	BP
GO:0007435	salivary gland morphogenesis	9	1	2.46	0.9446	1	BP
GO:0072078	nephron tubule morphogenesis	9	1	2.46	0.9446	1	BP
GO:0072028	nephron morphogenesis	9	1	2.46	0.9446	1	BP
GO:0090328	regulation of olfactory learning	9	1	2.46	0.9446	1	BP
GO:0032943	mononuclear cell proliferation	9	1	2.46	0.9446	1	BP
GO:0046209	nitric oxide metabolic process	9	1	2.46	0.9446	1	BP
GO:0080164	regulation of nitric oxide metabolic pro...	9	1	2.46	0.9446	1	BP
GO:0030317	flagellated sperm motility	9	1	2.46	0.9446	1	BP
GO:0048332	mesoderm morphogenesis	9	1	2.46	0.9446	1	BP
GO:0032092	positive regulation of protein binding	9	1	2.46	0.9446	1	BP
GO:0042059	negative regulation of epidermal growth ...	9	1	2.46	0.9446	1	BP
GO:1901185	negative regulation of ERBB signaling pa...	9	1	2.46	0.9446	1	BP
GO:0007214	gamma-aminobutyric acid signaling pathwa...	9	1	2.46	0.9446	1	BP
GO:1901136	carbohydrate derivative catabolic proces...	9	1	2.46	0.9446	1	BP
GO:0060294	cilium movement involved in cell motilit...	9	1	2.46	0.9446	1	BP
GO:0006809	nitric oxide biosynthetic process	9	1	2.46	0.9446	1	BP
GO:0097722	sperm motility	9	1	2.46	0.9446	1	BP
GO:0098754	detoxification	9	1	2.46	0.9446	1	BP
GO:0098722	asymmetric stem cell division	9	1	2.46	0.9446	1	BP
GO:0046651	lymphocyte proliferation	9	1	2.46	0.9446	1	BP
GO:1903426	regulation of reactive oxygen species bi...	9	1	2.46	0.9446	1	BP
GO:0072163	mesonephric epithelium development	9	1	2.46	0.9446	1	BP
GO:1903409	reactive oxygen species biosynthetic pro...	9	1	2.46	0.9446	1	BP
GO:0072164	mesonephric tubule development	9	1	2.46	0.9446	1	BP
GO:0072171	mesonephric tubule morphogenesis	9	1	2.46	0.9446	1	BP
GO:0070555	response to interleukin-1	9	1	2.46	0.9446	1	BP
GO:0098876	vesicle-mediated transport to the plasma...	9	1	2.46	0.9446	1	BP
GO:0071868	cellular response to monoamine stimulus	9	1	2.46	0.9446	1	BP
GO:0071869	response to catecholamine	9	1	2.46	0.9446	1	BP
GO:0070661	leukocyte proliferation	9	1	2.46	0.9446	1	BP
GO:0019220	regulation of phosphate metabolic proces...	90	26	24.59	0.9446	1	BP
GO:0051174	regulation of phosphorus metabolic proce...	90	26	24.59	0.9446	1	BP
GO:0043549	regulation of kinase activity	52	18	14.21	0.945	1	BP
GO:0002684	positive regulation of immune system pro...	30	5	8.2	0.9458	1	BP
GO:0007416	synapse assembly	30	5	8.2	0.9458	1	BP
GO:0062197	cellular response to chemical stress	30	5	8.2	0.9458	1	BP
GO:0007528	neuromuscular junction development	30	5	8.2	0.9458	1	BP
GO:2000146	negative regulation of cell motility	15	2	4.1	0.9466	1	BP
GO:1903050	regulation of proteolysis involved in pr...	15	2	4.1	0.9466	1	BP
GO:0008355	olfactory learning	15	2	4.1	0.9466	1	BP
GO:0030336	negative regulation of cell migration	15	2	4.1	0.9466	1	BP
GO:0030308	negative regulation of cell growth	15	2	4.1	0.9466	1	BP
GO:0048762	mesenchymal cell differentiation	15	2	4.1	0.9466	1	BP
GO:0045995	regulation of embryonic development	15	2	4.1	0.9466	1	BP
GO:0016192	vesicle-mediated transport	107	23	29.24	0.9469	1	BP
GO:0040007	growth	95	20	25.96	0.9484	1	BP
GO:0009612	response to mechanical stimulus	35	6	9.56	0.9492	1	BP
GO:0044089	positive regulation of cellular componen...	35	6	9.56	0.9492	1	BP
GO:0051716	cellular response to stimulus	315	79	86.08	0.9499	1	BP
GO:0050808	synapse organization	49	9	13.39	0.9529	1	BP
GO:0097485	neuron projection guidance	40	7	10.93	0.9529	1	BP
GO:0007411	axon guidance	40	7	10.93	0.9529	1	BP
GO:0023052	signaling	274	68	74.87	0.9532	1	BP
GO:0009581	detection of external stimulus	26	4	7.1	0.9546	1	BP
GO:0010498	proteasomal protein catabolic process	26	4	7.1	0.9546	1	BP
GO:0006793	phosphorus metabolic process	156	41	42.63	0.955	1	BP
GO:0006796	phosphate-containing compound metabolic ...	156	41	42.63	0.955	1	BP
GO:0051963	regulation of synapse assembly	21	3	5.74	0.9551	1	BP
GO:0035282	segmentation	21	3	5.74	0.9551	1	BP
GO:1990778	protein localization to cell periphery	21	3	5.74	0.9551	1	BP
GO:0050778	positive regulation of immune response	21	3	5.74	0.9551	1	BP
GO:0048589	developmental growth	71	14	19.4	0.9552	1	BP
GO:1901701	cellular response to oxygen-containing c...	71	14	19.4	0.9552	1	BP
GO:0050776	regulation of immune response	31	5	8.47	0.9559	1	BP
GO:0051603	proteolysis involved in protein cataboli...	45	8	12.3	0.9567	1	BP
GO:0140014	mitotic nuclear division	16	2	4.37	0.9592	1	BP
GO:0021915	neural tube development	16	2	4.37	0.9592	1	BP
GO:0006260	DNA replication	16	2	4.37	0.9592	1	BP
GO:0061351	neural precursor cell proliferation	16	2	4.37	0.9592	1	BP
GO:0006821	chloride transport	16	2	4.37	0.9592	1	BP
GO:0030832	regulation of actin filament length	10	1	2.73	0.9599	1	BP
GO:0006959	humoral immune response	10	1	2.73	0.9599	1	BP
GO:2001057	reactive nitrogen species metabolic proc...	10	1	2.73	0.9599	1	BP
GO:0097061	dendritic spine organization	10	1	2.73	0.9599	1	BP
GO:0017038	protein import	10	1	2.73	0.9599	1	BP
GO:0008064	regulation of actin polymerization or de...	10	1	2.73	0.9599	1	BP
GO:0007391	dorsal closure	10	1	2.73	0.9599	1	BP
GO:0007350	blastoderm segmentation	10	1	2.73	0.9599	1	BP
GO:0035272	exocrine system development	10	1	2.73	0.9599	1	BP
GO:0007431	salivary gland development	10	1	2.73	0.9599	1	BP
GO:0000398	mRNA splicing, via spliceosome	10	1	2.73	0.9599	1	BP
GO:0000375	RNA splicing, via transesterification re...	10	1	2.73	0.9599	1	BP
GO:0000377	RNA splicing, via transesterification re...	10	1	2.73	0.9599	1	BP
GO:0030323	respiratory tube development	10	1	2.73	0.9599	1	BP
GO:0030324	lung development	10	1	2.73	0.9599	1	BP
GO:0007297	ovarian follicle cell migration	10	1	2.73	0.9599	1	BP
GO:0007298	border follicle cell migration	10	1	2.73	0.9599	1	BP
GO:0017157	regulation of exocytosis	10	1	2.73	0.9599	1	BP
GO:0051341	regulation of oxidoreductase activity	10	1	2.73	0.9599	1	BP
GO:0008286	insulin receptor signaling pathway	10	1	2.73	0.9599	1	BP
GO:0006661	phosphatidylinositol biosynthetic proces...	10	1	2.73	0.9599	1	BP
GO:0099173	postsynapse organization	10	1	2.73	0.9599	1	BP
GO:0032388	positive regulation of intracellular tra...	10	1	2.73	0.9599	1	BP
GO:0055076	transition metal ion homeostasis	10	1	2.73	0.9599	1	BP
GO:0106027	neuron projection organization	10	1	2.73	0.9599	1	BP
GO:0045931	positive regulation of mitotic cell cycl...	10	1	2.73	0.9599	1	BP
GO:0002121	inter-male aggressive behavior	10	1	2.73	0.9599	1	BP
GO:0009987	cellular process	652	175	178.17	0.9609	1	BP
GO:0007155	cell adhesion	41	7	11.2	0.961	1	BP
GO:0007165	signal transduction	249	61	68.04	0.9613	1	BP
GO:0007017	microtubule-based process	59	11	16.12	0.9614	1	BP
GO:0042325	regulation of phosphorylation	74	22	20.22	0.9634	1	BP
GO:0009582	detection of abiotic stimulus	27	4	7.38	0.9637	1	BP
GO:0002376	immune system process	110	23	30.06	0.9639	1	BP
GO:0051179	localization	323	82	88.26	0.9644	1	BP
GO:0045017	glycerolipid biosynthetic process	22	3	6.01	0.9648	1	BP
GO:0048663	neuron fate commitment	22	3	6.01	0.9648	1	BP
GO:0007264	small GTPase mediated signal transductio...	22	3	6.01	0.9648	1	BP
GO:0010259	multicellular organism aging	22	3	6.01	0.9648	1	BP
GO:0030707	ovarian follicle cell development	22	3	6.01	0.9648	1	BP
GO:0051649	establishment of localization in cell	143	31	39.08	0.9669	1	BP
GO:0000902	cell morphogenesis	90	18	24.59	0.9672	1	BP
GO:0007281	germ cell development	60	11	16.4	0.9673	1	BP
GO:0007600	sensory perception	60	11	16.4	0.9673	1	BP
GO:0016477	cell migration	86	17	23.5	0.9681	1	BP
GO:0050790	regulation of catalytic activity	116	31	31.7	0.9685	1	BP
GO:0032869	cellular response to insulin stimulus	17	2	4.65	0.969	1	BP
GO:0051258	protein polymerization	17	2	4.65	0.969	1	BP
GO:0055002	striated muscle cell development	17	2	4.65	0.969	1	BP
GO:0009636	response to toxic substance	47	8	12.84	0.97	1	BP
GO:0009314	response to radiation	47	8	12.84	0.97	1	BP
GO:0006996	organelle organization	199	45	54.38	0.9704	1	BP
GO:0008104	protein localization	144	31	39.35	0.9707	1	BP
GO:0070727	cellular macromolecule localization	144	31	39.35	0.9707	1	BP
GO:0048870	cell motility	95	19	25.96	0.9708	1	BP
GO:0001704	formation of primary germ layer	11	1	3.01	0.971	1	BP
GO:0006970	response to osmotic stress	11	1	3.01	0.971	1	BP
GO:0009615	response to virus	11	1	3.01	0.971	1	BP
GO:0032872	regulation of stress-activated MAPK casc...	11	1	3.01	0.971	1	BP
GO:0008045	motor neuron axon guidance	11	1	3.01	0.971	1	BP
GO:0008037	cell recognition	11	1	3.01	0.971	1	BP
GO:0030041	actin filament polymerization	11	1	3.01	0.971	1	BP
GO:0070302	regulation of stress-activated protein k...	11	1	3.01	0.971	1	BP
GO:0034614	cellular response to reactive oxygen spe...	11	1	3.01	0.971	1	BP
GO:0051494	negative regulation of cytoskeleton orga...	11	1	3.01	0.971	1	BP
GO:0031345	negative regulation of cell projection o...	11	1	3.01	0.971	1	BP
GO:0003341	cilium movement	11	1	3.01	0.971	1	BP
GO:0048749	compound eye development	28	4	7.65	0.9711	1	BP
GO:0007389	pattern specification process	52	9	14.21	0.9723	1	BP
GO:2000147	positive regulation of cell motility	23	3	6.29	0.9725	1	BP
GO:0016331	morphogenesis of embryonic epithelium	23	3	6.29	0.9725	1	BP
GO:0051052	regulation of DNA metabolic process	23	3	6.29	0.9725	1	BP
GO:0030335	positive regulation of cell migration	23	3	6.29	0.9725	1	BP
GO:0000209	protein polyubiquitination	23	3	6.29	0.9725	1	BP
GO:0051641	cellular localization	204	46	55.75	0.974	1	BP
GO:0051129	negative regulation of cellular componen...	48	8	13.12	0.9751	1	BP
GO:0016310	phosphorylation	109	29	29.79	0.9763	1	BP
GO:0009749	response to glucose	18	2	4.92	0.9765	1	BP
GO:0009880	embryonic pattern specification	18	2	4.92	0.9765	1	BP
GO:0007369	gastrulation	18	2	4.92	0.9765	1	BP
GO:0008340	determination of adult lifespan	18	2	4.92	0.9765	1	BP
GO:0006955	immune response	62	11	16.94	0.9768	1	BP
GO:0010638	positive regulation of organelle organiz...	34	5	9.29	0.9768	1	BP
GO:0002065	columnar/cuboidal epithelial cell differ...	34	5	9.29	0.9768	1	BP
GO:0051961	negative regulation of nervous system de...	29	4	7.92	0.9771	1	BP
GO:1901888	regulation of cell junction assembly	29	4	7.92	0.9771	1	BP
GO:2000145	regulation of cell motility	44	7	12.02	0.9783	1	BP
GO:0030334	regulation of cell migration	44	7	12.02	0.9783	1	BP
GO:0042176	regulation of protein catabolic process	24	3	6.56	0.9786	1	BP
GO:0071840	cellular component organization or bioge...	345	83	94.28	0.9789	1	BP
GO:0001700	embryonic development via the syncytial ...	12	1	3.28	0.9791	1	BP
GO:0010634	positive regulation of epithelial cell m...	12	1	3.28	0.9791	1	BP
GO:0010970	transport along microtubule	12	1	3.28	0.9791	1	BP
GO:0007424	open tracheal system development	12	1	3.28	0.9791	1	BP
GO:0072080	nephron tubule development	12	1	3.28	0.9791	1	BP
GO:0008380	RNA splicing	12	1	3.28	0.9791	1	BP
GO:0061333	renal tubule morphogenesis	12	1	3.28	0.9791	1	BP
GO:0017145	stem cell division	12	1	3.28	0.9791	1	BP
GO:0008154	actin polymerization or depolymerization	12	1	3.28	0.9791	1	BP
GO:0050848	regulation of calcium-mediated signaling	12	1	3.28	0.9791	1	BP
GO:0042461	photoreceptor cell development	12	1	3.28	0.9791	1	BP
GO:0014074	response to purine-containing compound	12	1	3.28	0.9791	1	BP
GO:0065009	regulation of molecular function	146	37	39.9	0.9818	1	BP
GO:0045055	regulated exocytosis	30	4	8.2	0.9819	1	BP
GO:0051403	stress-activated MAPK cascade	19	2	5.19	0.9823	1	BP
GO:0002443	leukocyte mediated immunity	25	3	6.83	0.9834	1	BP
GO:0009855	determination of bilateral symmetry	13	1	3.55	0.9849	1	BP
GO:1902905	positive regulation of supramolecular fi...	13	1	3.55	0.9849	1	BP
GO:0046488	phosphatidylinositol metabolic process	13	1	3.55	0.9849	1	BP
GO:0007368	determination of left/right symmetry	13	1	3.55	0.9849	1	BP
GO:0007405	neuroblast proliferation	13	1	3.55	0.9849	1	BP
GO:0030705	cytoskeleton-dependent intracellular tra...	13	1	3.55	0.9849	1	BP
GO:0009799	specification of symmetry	13	1	3.55	0.9849	1	BP
GO:0007606	sensory perception of chemical stimulus	13	1	3.55	0.9849	1	BP
GO:0040017	positive regulation of locomotion	36	5	9.84	0.9852	1	BP
GO:0002064	epithelial cell development	36	5	9.84	0.9852	1	BP
GO:0016043	cellular component organization	334	79	91.27	0.9863	1	BP
GO:0051128	regulation of cellular component organiz...	154	32	42.08	0.9866	1	BP
GO:0031098	stress-activated protein kinase signalin...	20	2	5.47	0.9866	1	BP
GO:0045732	positive regulation of protein catabolic...	20	2	5.47	0.9866	1	BP
GO:1902903	regulation of supramolecular fiber organ...	26	3	7.1	0.9872	1	BP
GO:0034599	cellular response to oxidative stress	26	3	7.1	0.9872	1	BP
GO:0000904	cell morphogenesis involved in different...	79	14	21.59	0.9877	1	BP
GO:0006979	response to oxidative stress	42	6	11.48	0.9881	1	BP
GO:0120031	plasma membrane bounded cell projection ...	37	5	10.11	0.9882	1	BP
GO:0030031	cell projection assembly	37	5	10.11	0.9882	1	BP
GO:0009416	response to light stimulus	37	5	10.11	0.9882	1	BP
GO:0006810	transport	251	61	68.59	0.9883	1	BP
GO:0021761	limbic system development	14	1	3.83	0.9891	1	BP
GO:0009583	detection of light stimulus	14	1	3.83	0.9891	1	BP
GO:0010632	regulation of epithelial cell migration	14	1	3.83	0.9891	1	BP
GO:0031589	cell-substrate adhesion	14	1	3.83	0.9891	1	BP
GO:0010927	cellular component assembly involved in ...	14	1	3.83	0.9891	1	BP
GO:0006302	double-strand break repair	14	1	3.83	0.9891	1	BP
GO:0072073	kidney epithelium development	14	1	3.83	0.9891	1	BP
GO:0072009	nephron epithelium development	14	1	3.83	0.9891	1	BP
GO:2001234	negative regulation of apoptotic signali...	14	1	3.83	0.9891	1	BP
GO:0051495	positive regulation of cytoskeleton orga...	14	1	3.83	0.9891	1	BP
GO:1902476	chloride transmembrane transport	14	1	3.83	0.9891	1	BP
GO:0099111	microtubule-based transport	14	1	3.83	0.9891	1	BP
GO:0009798	axis specification	14	1	3.83	0.9891	1	BP
GO:0001751	compound eye photoreceptor cell differen...	14	1	3.83	0.9891	1	BP
GO:0033043	regulation of organelle organization	80	14	21.86	0.9897	1	BP
GO:0051234	establishment of localization	256	62	69.96	0.9897	1	BP
GO:0010631	epithelial cell migration	27	3	7.38	0.9902	1	BP
GO:0002066	columnar/cuboidal epithelial cell develo...	27	3	7.38	0.9902	1	BP
GO:0090130	tissue migration	27	3	7.38	0.9902	1	BP
GO:0090132	epithelium migration	27	3	7.38	0.9902	1	BP
GO:0050795	regulation of behavior	27	3	7.38	0.9902	1	BP
GO:0042330	taxis	53	8	14.48	0.9908	1	BP
GO:0048468	cell development	193	41	52.74	0.9911	1	BP
GO:0048812	neuron projection morphogenesis	77	13	21.04	0.9921	1	BP
GO:0120039	plasma membrane bounded cell projection ...	77	13	21.04	0.9921	1	BP
GO:0048858	cell projection morphogenesis	77	13	21.04	0.9921	1	BP
GO:0002253	activation of immune response	15	1	4.1	0.9921	1	BP
GO:0061326	renal tubule development	15	1	4.1	0.9921	1	BP
GO:0007254	JNK cascade	15	1	4.1	0.9921	1	BP
GO:0034329	cell junction assembly	44	6	12.02	0.9923	1	BP
GO:0006935	chemotaxis	49	7	13.39	0.9923	1	BP
GO:0006259	DNA metabolic process	49	7	13.39	0.9923	1	BP
GO:0001667	ameboidal-type cell migration	28	3	7.65	0.9924	1	BP
GO:0060627	regulation of vesicle-mediated transport	34	4	9.29	0.9932	1	BP
GO:0048667	cell morphogenesis involved in neuron di...	78	13	21.31	0.9934	1	BP
GO:0032989	cellular component morphogenesis	96	17	26.23	0.9936	1	BP
GO:0080135	regulation of cellular response to stres...	45	6	12.3	0.9939	1	BP
GO:0007399	nervous system development	192	40	52.47	0.9941	1	BP
GO:0006887	exocytosis	40	5	10.93	0.9941	1	BP
GO:0048592	eye morphogenesis	29	3	7.92	0.9942	1	BP
GO:0072089	stem cell proliferation	16	1	4.37	0.9943	1	BP
GO:0001754	eye photoreceptor cell differentiation	16	1	4.37	0.9943	1	BP
GO:0043161	proteasome-mediated ubiquitin-dependent ...	23	2	6.29	0.9944	1	BP
GO:0032990	cell part morphogenesis	79	13	21.59	0.9945	1	BP
GO:0040011	locomotion	153	30	41.81	0.9953	1	BP
GO:0007018	microtubule-based movement	24	2	6.56	0.9958	1	BP
GO:0051493	regulation of cytoskeleton organization	36	4	9.84	0.9959	1	BP
GO:0000302	response to reactive oxygen species	17	1	4.65	0.9959	1	BP
GO:0034330	cell junction organization	67	10	18.31	0.9963	1	BP
GO:0044087	regulation of cellular component biogene...	72	11	19.68	0.9965	1	BP
GO:0006281	DNA repair	25	2	6.83	0.9969	1	BP
GO:0110053	regulation of actin filament organizatio...	18	1	4.92	0.9971	1	BP
GO:0046530	photoreceptor cell differentiation	18	1	4.92	0.9971	1	BP
GO:0007010	cytoskeleton organization	73	11	19.95	0.9971	1	BP
GO:0044085	cellular component biogenesis	185	37	50.55	0.9972	1	BP
GO:0002764	immune response-regulating signaling pat...	19	1	5.19	0.9979	1	BP
GO:0045216	cell-cell junction organization	19	1	5.19	0.9979	1	BP
GO:0022008	neurogenesis	155	29	42.36	0.9982	1	BP
GO:0043312	neutrophil degranulation	20	1	5.47	0.9985	1	BP
GO:0042119	neutrophil activation	20	1	5.47	0.9985	1	BP
GO:0002283	neutrophil activation involved in immune...	20	1	5.47	0.9985	1	BP
GO:0002275	myeloid cell activation involved in immu...	20	1	5.47	0.9985	1	BP
GO:0043299	leukocyte degranulation	20	1	5.47	0.9985	1	BP
GO:0036230	granulocyte activation	20	1	5.47	0.9985	1	BP
GO:0007409	axonogenesis	57	7	15.58	0.9988	1	BP
GO:0031175	neuron projection development	96	15	26.23	0.9988	1	BP
GO:0022607	cellular component assembly	170	32	46.45	0.9989	1	BP
GO:0006511	ubiquitin-dependent protein catabolic pr...	35	3	9.56	0.9989	1	BP
GO:0002444	myeloid leukocyte mediated immunity	21	1	5.74	0.9989	1	BP
GO:0002446	neutrophil mediated immunity	21	1	5.74	0.9989	1	BP
GO:0061564	axon development	58	7	15.85	0.999	1	BP
GO:0019941	modification-dependent protein catabolic...	36	3	9.84	0.9992	1	BP
GO:0043632	modification-dependent macromolecule cat...	36	3	9.84	0.9992	1	BP
GO:0097435	supramolecular fiber organization	36	3	9.84	0.9992	1	BP
GO:0030182	neuron differentiation	138	24	37.71	0.9992	1	BP
GO:0030029	actin filament-based process	48	5	13.12	0.9992	1	BP
GO:0002274	myeloid leukocyte activation	22	1	6.01	0.9992	1	BP
GO:0007015	actin filament organization	22	1	6.01	0.9992	1	BP
GO:0032956	regulation of actin cytoskeleton organiz...	22	1	6.01	0.9992	1	BP
GO:0120036	plasma membrane bounded cell projection ...	122	20	33.34	0.9994	1	BP
GO:0030030	cell projection organization	122	20	33.34	0.9994	1	BP
GO:0002366	leukocyte activation involved in immune ...	23	1	6.29	0.9994	1	BP
GO:0048699	generation of neurons	149	26	40.72	0.9995	1	BP
GO:0002263	cell activation involved in immune respo...	24	1	6.56	0.9996	1	BP
GO:0002252	immune effector process	39	3	10.66	0.9996	1	BP
GO:0048666	neuron development	117	17	31.97	0.9999	1	BP
GO:0030036	actin cytoskeleton organization	37	1	10.11	1	1	BP
GO:0022401	negative adaptation of signaling pathway	6	5	1.64	1	1	BP
GO:0019748	secondary metabolic process	6	4	1.64	1	1	BP
GO:0033555	multicellular organismal response to str...	10	5	2.73	1	1	BP
GO:0009058	biosynthetic process	283	91	77.33	1	1	BP
GO:0045744	negative regulation of G protein-coupled...	8	5	2.19	1	1	BP
GO:0008150	biological_process	677	185	185	1	1	BP
GO:0023058	adaptation of signaling pathway	6	5	1.64	1	1	BP
GO:0015081	sodium ion transmembrane transporter act...	10	7	2.74	0.0058	1	MF
GO:0000981	DNA-binding transcription factor activit...	62	25	17	0.014	1	MF
GO:0015291	secondary active transmembrane transport...	9	6	2.47	0.0154	1	MF
GO:0015297	antiporter activity	3	3	0.82	0.0204	1	MF
GO:0016840	carbon-nitrogen lyase activity	3	3	0.82	0.0204	1	MF
GO:0016842	amidine-lyase activity	3	3	0.82	0.0204	1	MF
GO:0031420	alkali metal ion binding	3	3	0.82	0.0204	1	MF
GO:0016411	acylglycerol O-acyltransferase activity	3	3	0.82	0.0204	1	MF
GO:0003841	1-acylglycerol-3-phosphate O-acyltransfe...	3	3	0.82	0.0204	1	MF
GO:0031402	sodium ion binding	3	3	0.82	0.0204	1	MF
GO:0000976	transcription cis-regulatory region bind...	40	17	10.97	0.0243	1	MF
GO:0003700	DNA-binding transcription factor activit...	71	27	19.47	0.0254	1	MF
GO:0043565	sequence-specific DNA binding	53	21	14.54	0.03	1	MF
GO:1990837	sequence-specific double-stranded DNA bi...	41	17	11.24	0.0315	1	MF
GO:0022804	active transmembrane transporter activit...	18	9	4.94	0.0326	1	MF
GO:0070405	ammonium ion binding	8	5	2.19	0.0391	1	MF
GO:0000977	RNA polymerase II transcription regulato...	36	15	9.87	0.0409	1	MF
GO:0033218	amide binding	16	8	4.39	0.0436	1	MF
GO:0016853	isomerase activity	11	6	3.02	0.0509	1	MF
GO:0008227	G protein-coupled amine receptor activit...	6	4	1.65	0.051	1	MF
GO:0043021	ribonucleoprotein complex binding	6	4	1.65	0.051	1	MF
GO:0016746	acyltransferase activity	14	7	3.84	0.0586	1	MF
GO:0001664	G protein-coupled receptor binding	17	8	4.66	0.0635	1	MF
GO:0042171	lysophosphatidic acid acyltransferase ac...	4	3	1.1	0.0649	1	MF
GO:0003756	protein disulfide isomerase activity	4	3	1.1	0.0649	1	MF
GO:0071617	lysophospholipid acyltransferase activit...	4	3	1.1	0.0649	1	MF
GO:0016864	intramolecular oxidoreductase activity, ...	4	3	1.1	0.0649	1	MF
GO:0008374	O-acyltransferase activity	4	3	1.1	0.0649	1	MF
GO:0000987	cis-regulatory region sequence-specific ...	26	11	7.13	0.0688	1	MF
GO:0000978	RNA polymerase II cis-regulatory region ...	26	11	7.13	0.0688	1	MF
GO:0031711	bradykinin receptor binding	2	2	0.55	0.0749	1	MF
GO:0031713	B2 bradykinin receptor binding	2	2	0.55	0.0749	1	MF
GO:0090722	receptor-receptor interaction	2	2	0.55	0.0749	1	MF
GO:0004521	endoribonuclease activity	2	2	0.55	0.0749	1	MF
GO:0031690	adrenergic receptor binding	2	2	0.55	0.0749	1	MF
GO:0031694	alpha-2A adrenergic receptor binding	2	2	0.55	0.0749	1	MF
GO:0030955	potassium ion binding	2	2	0.55	0.0749	1	MF
GO:0015368	calcium:cation antiporter activity	2	2	0.55	0.0749	1	MF
GO:0022821	solute:potassium antiporter activity	2	2	0.55	0.0749	1	MF
GO:0016866	intramolecular transferase activity	2	2	0.55	0.0749	1	MF
GO:0140828	metal cation:monoatomic cation antiporte...	2	2	0.55	0.0749	1	MF
GO:0047144	2-acylglycerol-3-phosphate O-acyltransfe...	2	2	0.55	0.0749	1	MF
GO:0005432	calcium:sodium antiporter activity	2	2	0.55	0.0749	1	MF
GO:0008013	beta-catenin binding	2	2	0.55	0.0749	1	MF
GO:0042301	phosphate ion binding	2	2	0.55	0.0749	1	MF
GO:0015298	solute:cation antiporter activity	2	2	0.55	0.0749	1	MF
GO:0015248	sterol transporter activity	2	2	0.55	0.0749	1	MF
GO:0035255	ionotropic glutamate receptor binding	2	2	0.55	0.0749	1	MF
GO:0015932	nucleobase-containing compound transmemb...	2	2	0.55	0.0749	1	MF
GO:0003839	gamma-glutamylcyclotransferase activity	2	2	0.55	0.0749	1	MF
GO:0044548	S100 protein binding	2	2	0.55	0.0749	1	MF
GO:0035240	dopamine binding	2	2	0.55	0.0749	1	MF
GO:0004940	beta1-adrenergic receptor activity	2	2	0.55	0.0749	1	MF
GO:0004941	beta2-adrenergic receptor activity	2	2	0.55	0.0749	1	MF
GO:0004935	adrenergic receptor activity	2	2	0.55	0.0749	1	MF
GO:0004939	beta-adrenergic receptor activity	2	2	0.55	0.0749	1	MF
GO:0016755	aminoacyltransferase activity	2	2	0.55	0.0749	1	MF
GO:0051380	norepinephrine binding	2	2	0.55	0.0749	1	MF
GO:0008273	calcium, potassium:sodium antiporter act...	2	2	0.55	0.0749	1	MF
GO:0003690	double-stranded DNA binding	45	17	12.34	0.077	1	MF
GO:0003677	DNA binding	91	31	24.96	0.0803	1	MF
GO:0042277	peptide binding	15	7	4.11	0.0851	1	MF
GO:0001228	DNA-binding transcription activator acti...	33	13	9.05	0.086	1	MF
GO:0001216	DNA-binding transcription activator acti...	33	13	9.05	0.086	1	MF
GO:0008238	exopeptidase activity	7	4	1.92	0.0939	1	MF
GO:0140110	transcription regulator activity	86	29	23.59	0.101	1	MF
GO:0001067	transcription regulatory region nucleic ...	47	17	12.89	0.111	1	MF
GO:0016829	lyase activity	13	6	3.57	0.1146	1	MF
GO:0004930	G protein-coupled receptor activity	22	9	6.03	0.1169	1	MF
GO:0097159	organic cyclic compound binding	157	49	43.06	0.1288	1	MF
GO:0042802	identical protein binding	105	34	28.8	0.1291	1	MF
GO:0019905	syntaxin binding	5	3	1.37	0.1298	1	MF
GO:0043178	alcohol binding	5	3	1.37	0.1298	1	MF
GO:0015370	solute:sodium symporter activity	5	3	1.37	0.1298	1	MF
GO:0004386	helicase activity	5	3	1.37	0.1298	1	MF
GO:0015293	symporter activity	5	3	1.37	0.1298	1	MF
GO:0015294	solute:cation symporter activity	5	3	1.37	0.1298	1	MF
GO:0032934	sterol binding	5	3	1.37	0.1298	1	MF
GO:0015485	cholesterol binding	5	3	1.37	0.1298	1	MF
GO:0000149	SNARE binding	8	4	2.19	0.1486	1	MF
GO:0016747	acyltransferase activity, transferring g...	11	5	3.02	0.1553	1	MF
GO:0140297	DNA-binding transcription factor binding	11	5	3.02	0.1553	1	MF
GO:0022853	active ion transmembrane transporter act...	14	6	3.84	0.1565	1	MF
GO:0016491	oxidoreductase activity	33	12	9.05	0.1622	1	MF
GO:0051379	epinephrine binding	3	2	0.82	0.1839	1	MF
GO:0004402	histone acetyltransferase activity	3	2	0.82	0.1839	1	MF
GO:0004519	endonuclease activity	3	2	0.82	0.1839	1	MF
GO:0005272	sodium channel activity	3	2	0.82	0.1839	1	MF
GO:0015171	amino acid transmembrane transporter act...	3	2	0.82	0.1839	1	MF
GO:0008417	fucosyltransferase activity	3	2	0.82	0.1839	1	MF
GO:0015179	L-amino acid transmembrane transporter a...	3	2	0.82	0.1839	1	MF
GO:0008094	ATP-dependent activity, acting on DNA	3	2	0.82	0.1839	1	MF
GO:0005248	voltage-gated sodium channel activity	3	2	0.82	0.1839	1	MF
GO:0004177	aminopeptidase activity	3	2	0.82	0.1839	1	MF
GO:0004709	MAP kinase kinase kinase activity	3	2	0.82	0.1839	1	MF
GO:0032813	tumor necrosis factor receptor superfami...	3	2	0.82	0.1839	1	MF
GO:0034212	peptide N-acetyltransferase activity	3	2	0.82	0.1839	1	MF
GO:0031490	chromatin DNA binding	3	2	0.82	0.1839	1	MF
GO:0004629	phospholipase C activity	3	2	0.82	0.1839	1	MF
GO:0016831	carboxy-lyase activity	3	2	0.82	0.1839	1	MF
GO:1990841	promoter-specific chromatin binding	3	2	0.82	0.1839	1	MF
GO:0005126	cytokine receptor binding	3	2	0.82	0.1839	1	MF
GO:0051721	protein phosphatase 2A binding	3	2	0.82	0.1839	1	MF
GO:1901682	sulfur compound transmembrane transporte...	3	2	0.82	0.1839	1	MF
GO:0046920	alpha-(1->3)-fucosyltransferase activity	3	2	0.82	0.1839	1	MF
GO:0001965	G-protein alpha-subunit binding	3	2	0.82	0.1839	1	MF
GO:0070888	E-box binding	3	2	0.82	0.1839	1	MF
GO:0043022	ribosome binding	3	2	0.82	0.1839	1	MF
GO:1901338	catecholamine binding	3	2	0.82	0.1839	1	MF
GO:0061733	peptide-lysine-N-acetyltransferase activ...	3	2	0.82	0.1839	1	MF
GO:0017046	peptide hormone binding	3	2	0.82	0.1839	1	MF
GO:1901363	heterocyclic compound binding	151	46	41.41	0.1936	1	MF
GO:0003676	nucleic acid binding	116	36	31.81	0.1956	1	MF
GO:0015035	protein-disulfide reductase activity	6	3	1.65	0.2087	1	MF
GO:0005496	steroid binding	6	3	1.65	0.2087	1	MF
GO:0001540	amyloid-beta binding	6	3	1.65	0.2087	1	MF
GO:0016860	intramolecular oxidoreductase activity	6	3	1.65	0.2087	1	MF
GO:0008179	adenylate cyclase binding	6	3	1.65	0.2087	1	MF
GO:0009055	electron transfer activity	6	3	1.65	0.2087	1	MF
GO:0042562	hormone binding	6	3	1.65	0.2087	1	MF
GO:0046943	carboxylic acid transmembrane transporte...	6	3	1.65	0.2087	1	MF
GO:0005319	lipid transporter activity	6	3	1.65	0.2087	1	MF
GO:0005342	organic acid transmembrane transporter a...	6	3	1.65	0.2087	1	MF
GO:0046983	protein dimerization activity	93	29	25.51	0.2227	1	MF
GO:0044877	protein-containing complex binding	52	17	14.26	0.2304	1	MF
GO:0005509	calcium ion binding	22	8	6.03	0.2326	1	MF
GO:0004175	endopeptidase activity	16	6	4.39	0.2562	1	MF
GO:0042803	protein homodimerization activity	67	21	18.37	0.2651	1	MF
GO:0016757	glycosyltransferase activity	13	5	3.57	0.269	1	MF
GO:0016758	hexosyltransferase activity	13	5	3.57	0.269	1	MF
GO:0044736	acid-sensing ion channel activity	1	1	0.27	0.2742	1	MF
GO:0098606	selenocystathionine gamma-lyase activity	1	1	0.27	0.2742	1	MF
GO:0098607	methylselenocysteine deselenhydrase acti...	1	1	0.27	0.2742	1	MF
GO:0017153	sodium:dicarboxylate symporter activity	1	1	0.27	0.2742	1	MF
GO:0070840	dynein complex binding	1	1	0.27	0.2742	1	MF
GO:0042500	aspartic endopeptidase activity, intrame...	1	1	0.27	0.2742	1	MF
GO:0008808	cardiolipin synthase activity	1	1	0.27	0.2742	1	MF
GO:0042030	ATPase inhibitor activity	1	1	0.27	0.2742	1	MF
GO:0004576	oligosaccharyl transferase activity	1	1	0.27	0.2742	1	MF
GO:0004579	dolichyl-diphosphooligosaccharide-protei...	1	1	0.27	0.2742	1	MF
GO:0001595	angiotensin receptor activity	1	1	0.27	0.2742	1	MF
GO:0070279	vitamin B6 binding	1	1	0.27	0.2742	1	MF
GO:0098988	G protein-coupled glutamate receptor act...	1	1	0.27	0.2742	1	MF
GO:0010484	H3 histone acetyltransferase activity	1	1	0.27	0.2742	1	MF
GO:0000171	ribonuclease MRP activity	1	1	0.27	0.2742	1	MF
GO:0004526	ribonuclease P activity	1	1	0.27	0.2742	1	MF
GO:0008483	transaminase activity	1	1	0.27	0.2742	1	MF
GO:0015501	glutamate:sodium symporter activity	1	1	0.27	0.2742	1	MF
GO:0005252	open rectifier potassium channel activit...	1	1	0.27	0.2742	1	MF
GO:0008239	dipeptidyl-peptidase activity	1	1	0.27	0.2742	1	MF
GO:0140359	ABC-type transporter activity	1	1	0.27	0.2742	1	MF
GO:0031699	beta-3 adrenergic receptor binding	1	1	0.27	0.2742	1	MF
GO:0005283	amino acid:sodium symporter activity	1	1	0.27	0.2742	1	MF
GO:0030276	clathrin binding	1	1	0.27	0.2742	1	MF
GO:0004549	tRNA-specific ribonuclease activity	1	1	0.27	0.2742	1	MF
GO:0015183	L-aspartate transmembrane transporter ac...	1	1	0.27	0.2742	1	MF
GO:0015184	L-cystine transmembrane transporter acti...	1	1	0.27	0.2742	1	MF
GO:0004190	aspartic-type endopeptidase activity	1	1	0.27	0.2742	1	MF
GO:0001091	RNA polymerase II general transcription ...	1	1	0.27	0.2742	1	MF
GO:0001094	TFIID-class transcription factor complex...	1	1	0.27	0.2742	1	MF
GO:0001098	basal transcription machinery binding	1	1	0.27	0.2742	1	MF
GO:0001099	basal RNA polymerase II transcription ma...	1	1	0.27	0.2742	1	MF
GO:0015172	acidic amino acid transmembrane transpor...	1	1	0.27	0.2742	1	MF
GO:0043136	glycerol-3-phosphatase activity	1	1	0.27	0.2742	1	MF
GO:0036042	long-chain fatty acyl-CoA binding	1	1	0.27	0.2742	1	MF
GO:0034647	histone H3-tri/di/monomethyl-lysine-4 de...	1	1	0.27	0.2742	1	MF
GO:0072349	modified amino acid transmembrane transp...	1	1	0.27	0.2742	1	MF
GO:0004014	adenosylmethionine decarboxylase activit...	1	1	0.27	0.2742	1	MF
GO:0003785	actin monomer binding	1	1	0.27	0.2742	1	MF
GO:0015114	phosphate ion transmembrane transporter ...	1	1	0.27	0.2742	1	MF
GO:0035727	lysophosphatidic acid binding	1	1	0.27	0.2742	1	MF
GO:0051264	mono-olein transacylation activity	1	1	0.27	0.2742	1	MF
GO:0051265	diolein transacylation activity	1	1	0.27	0.2742	1	MF
GO:0086039	P-type calcium transporter activity invo...	1	1	0.27	0.2742	1	MF
GO:0042654	ecdysis-triggering hormone receptor acti...	1	1	0.27	0.2742	1	MF
GO:0031893	vasopressin receptor binding	1	1	0.27	0.2742	1	MF
GO:0031894	V1A vasopressin receptor binding	1	1	0.27	0.2742	1	MF
GO:0031683	G-protein beta/gamma-subunit complex bin...	1	1	0.27	0.2742	1	MF
GO:0031685	adenosine receptor binding	1	1	0.27	0.2742	1	MF
GO:0031687	A2A adenosine receptor binding	1	1	0.27	0.2742	1	MF
GO:0019534	toxin transmembrane transporter activity	1	1	0.27	0.2742	1	MF
GO:0016891	endoribonuclease activity, producing 5'-...	1	1	0.27	0.2742	1	MF
GO:0016893	endonuclease activity, active with eithe...	1	1	0.27	0.2742	1	MF
GO:0004035	alkaline phosphatase activity	1	1	0.27	0.2742	1	MF
GO:0004740	pyruvate dehydrogenase (acetyl-transferr...	1	1	0.27	0.2742	1	MF
GO:0047395	glycerophosphoinositol glycerophosphodie...	1	1	0.27	0.2742	1	MF
GO:0016670	oxidoreductase activity, acting on a sul...	1	1	0.27	0.2742	1	MF
GO:0016671	oxidoreductase activity, acting on a sul...	1	1	0.27	0.2742	1	MF
GO:0051287	NAD binding	1	1	0.27	0.2742	1	MF
GO:0070905	serine binding	1	1	0.27	0.2742	1	MF
GO:0008066	glutamate receptor activity	1	1	0.27	0.2742	1	MF
GO:0043337	cardiolipin synthase (CMP-forming)	1	1	0.27	0.2742	1	MF
GO:0120227	acyl-CoA binding	1	1	0.27	0.2742	1	MF
GO:1901567	fatty acid derivative binding	1	1	0.27	0.2742	1	MF
GO:0005200	structural constituent of cytoskeleton	1	1	0.27	0.2742	1	MF
GO:0008767	UDP-galactopyranose mutase activity	1	1	0.27	0.2742	1	MF
GO:0001537	N-acetylgalactosamine 4-O-sulfotransfera...	1	1	0.27	0.2742	1	MF
GO:0004121	cystathionine beta-lyase activity	1	1	0.27	0.2742	1	MF
GO:0004123	cystathionine gamma-lyase activity	1	1	0.27	0.2742	1	MF
GO:0005416	amino acid:cation symporter activity	1	1	0.27	0.2742	1	MF
GO:0016868	intramolecular transferase activity, pho...	1	1	0.27	0.2742	1	MF
GO:0019153	protein-disulfide reductase (glutathione...	1	1	0.27	0.2742	1	MF
GO:0016645	oxidoreductase activity, acting on the C...	1	1	0.27	0.2742	1	MF
GO:0016647	oxidoreductase activity, acting on the C...	1	1	0.27	0.2742	1	MF
GO:0070064	proline-rich region binding	1	1	0.27	0.2742	1	MF
GO:0070403	NAD+ binding	1	1	0.27	0.2742	1	MF
GO:0005436	sodium:phosphate symporter activity	1	1	0.27	0.2742	1	MF
GO:0004132	dCMP deaminase activity	1	1	0.27	0.2742	1	MF
GO:0015645	fatty acid ligase activity	1	1	0.27	0.2742	1	MF
GO:0030572	phosphatidyltransferase activity	1	1	0.27	0.2742	1	MF
GO:0140272	exogenous protein binding	1	1	0.27	0.2742	1	MF
GO:0070547	L-tyrosine aminotransferase activity	1	1	0.27	0.2742	1	MF
GO:0061929	gamma-glutamylaminecyclotransferase acti...	1	1	0.27	0.2742	1	MF
GO:0098531	ligand-activated transcription factor ac...	1	1	0.27	0.2742	1	MF
GO:0052901	spermine:oxygen oxidoreductase (spermidi...	1	1	0.27	0.2742	1	MF
GO:0042605	peptide antigen binding	1	1	0.27	0.2742	1	MF
GO:0052904	N1-acetylspermidine:oxygen oxidoreductas...	1	1	0.27	0.2742	1	MF
GO:0016846	carbon-sulfur lyase activity	1	1	0.27	0.2742	1	MF
GO:0045134	UDP phosphatase activity	1	1	0.27	0.2742	1	MF
GO:0070016	armadillo repeat domain binding	1	1	0.27	0.2742	1	MF
GO:0031957	very long-chain fatty acid-CoA ligase ac...	1	1	0.27	0.2742	1	MF
GO:0003689	DNA clamp loader activity	1	1	0.27	0.2742	1	MF
GO:0004861	cyclin-dependent protein serine/threonin...	1	1	0.27	0.2742	1	MF
GO:0042287	MHC protein binding	1	1	0.27	0.2742	1	MF
GO:0042288	MHC class I protein binding	1	1	0.27	0.2742	1	MF
GO:0140457	protein demethylase activity	1	1	0.27	0.2742	1	MF
GO:0004615	phosphomannomutase activity	1	1	0.27	0.2742	1	MF
GO:0042959	alkanesulfonate transmembrane transporte...	1	1	0.27	0.2742	1	MF
GO:0032452	histone demethylase activity	1	1	0.27	0.2742	1	MF
GO:0003678	DNA helicase activity	1	1	0.27	0.2742	1	MF
GO:0032453	histone H3-methyl-lysine-4 demethylase a...	1	1	0.27	0.2742	1	MF
GO:0015280	ligand-gated sodium channel activity	1	1	0.27	0.2742	1	MF
GO:0016971	flavin-linked sulfhydryl oxidase activit...	1	1	0.27	0.2742	1	MF
GO:0016972	thiol oxidase activity	1	1	0.27	0.2742	1	MF
GO:1901505	carbohydrate derivative transmembrane tr...	1	1	0.27	0.2742	1	MF
GO:0016805	dipeptidase activity	1	1	0.27	0.2742	1	MF
GO:0050681	nuclear androgen receptor binding	1	1	0.27	0.2742	1	MF
GO:0008140	cAMP response element binding protein bi...	1	1	0.27	0.2742	1	MF
GO:0004879	nuclear receptor activity	1	1	0.27	0.2742	1	MF
GO:0008146	sulfotransferase activity	1	1	0.27	0.2742	1	MF
GO:0042910	xenobiotic transmembrane transporter act...	1	1	0.27	0.2742	1	MF
GO:0046870	cadmium ion binding	1	1	0.27	0.2742	1	MF
GO:0070001	aspartic-type peptidase activity	1	1	0.27	0.2742	1	MF
GO:0070006	metalloaminopeptidase activity	1	1	0.27	0.2742	1	MF
GO:0005151	interleukin-1, type II receptor binding	1	1	0.27	0.2742	1	MF
GO:0051059	NF-kappaB binding	1	1	0.27	0.2742	1	MF
GO:0015215	nucleotide transmembrane transporter act...	1	1	0.27	0.2742	1	MF
GO:0015218	pyrimidine nucleotide transmembrane tran...	1	1	0.27	0.2742	1	MF
GO:0004609	phosphatidylserine decarboxylase activit...	1	1	0.27	0.2742	1	MF
GO:0030170	pyridoxal phosphate binding	1	1	0.27	0.2742	1	MF
GO:0015245	fatty acid transmembrane transporter act...	1	1	0.27	0.2742	1	MF
GO:0016427	tRNA (cytosine) methyltransferase activi...	1	1	0.27	0.2742	1	MF
GO:0004969	histamine receptor activity	1	1	0.27	0.2742	1	MF
GO:0016428	tRNA (cytosine-5-)-methyltransferase act...	1	1	0.27	0.2742	1	MF
GO:0001618	virus receptor activity	1	1	0.27	0.2742	1	MF
GO:0003810	protein-glutamine gamma-glutamyltransfer...	1	1	0.27	0.2742	1	MF
GO:0004953	icosanoid receptor activity	1	1	0.27	0.2742	1	MF
GO:0001640	adenylate cyclase inhibiting G protein-c...	1	1	0.27	0.2742	1	MF
GO:0004838	L-tyrosine:2-oxoglutarate aminotransfera...	1	1	0.27	0.2742	1	MF
GO:0047982	homocysteine desulfhydrase activity	1	1	0.27	0.2742	1	MF
GO:0005000	vasopressin receptor activity	1	1	0.27	0.2742	1	MF
GO:0004954	prostanoid receptor activity	1	1	0.27	0.2742	1	MF
GO:0001641	group II metabotropic glutamate receptor...	1	1	0.27	0.2742	1	MF
GO:0099583	neurotransmitter receptor activity invol...	1	1	0.27	0.2742	1	MF
GO:0004955	prostaglandin receptor activity	1	1	0.27	0.2742	1	MF
GO:0001642	group III metabotropic glutamate recepto...	1	1	0.27	0.2742	1	MF
GO:0004957	prostaglandin E receptor activity	1	1	0.27	0.2742	1	MF
GO:0035497	cAMP response element binding	1	1	0.27	0.2742	1	MF
GO:0005123	death receptor binding	1	1	0.27	0.2742	1	MF
GO:0047220	galactosylxylosylprotein 3-beta-galactos...	1	1	0.27	0.2742	1	MF
GO:0032795	heterotrimeric G-protein binding	1	1	0.27	0.2742	1	MF
GO:0019810	putrescine binding	1	1	0.27	0.2742	1	MF
GO:1905538	polysome binding	1	1	0.27	0.2742	1	MF
GO:0003962	cystathionine gamma-synthase activity	1	1	0.27	0.2742	1	MF
GO:0000099	sulfur amino acid transmembrane transpor...	1	1	0.27	0.2742	1	MF
GO:0001639	PLC activating G protein-coupled glutama...	1	1	0.27	0.2742	1	MF
GO:0005368	taurine transmembrane transporter activi...	1	1	0.27	0.2742	1	MF
GO:0005369	taurine:sodium symporter activity	1	1	0.27	0.2742	1	MF
GO:0010852	cyclase inhibitor activity	1	1	0.27	0.2742	1	MF
GO:0010854	adenylate cyclase regulator activity	1	1	0.27	0.2742	1	MF
GO:0010855	adenylate cyclase inhibitor activity	1	1	0.27	0.2742	1	MF
GO:0080146	L-cysteine desulfhydrase activity	1	1	0.27	0.2742	1	MF
GO:0004465	lipoprotein lipase activity	1	1	0.27	0.2742	1	MF
GO:0004467	long-chain fatty acid-CoA ligase activit...	1	1	0.27	0.2742	1	MF
GO:0097371	MDM2/MDM4 family protein binding	1	1	0.27	0.2742	1	MF
GO:0005149	interleukin-1 receptor binding	1	1	0.27	0.2742	1	MF
GO:0044540	L-cystine L-cysteine-lyase (deaminating)	1	1	0.27	0.2742	1	MF
GO:0017069	snRNA binding	1	1	0.27	0.2742	1	MF
GO:0004809	tRNA (guanine-N2-)-methyltransferase act...	1	1	0.27	0.2742	1	MF
GO:0008889	glycerophosphodiester phosphodiesterase ...	1	1	0.27	0.2742	1	MF
GO:0000062	fatty-acyl-CoA binding	1	1	0.27	0.2742	1	MF
GO:0034040	ATPase-coupled lipid transmembrane trans...	1	1	0.27	0.2742	1	MF
GO:0034041	ABC-type sterol transporter activity	1	1	0.27	0.2742	1	MF
GO:0005138	interleukin-6 receptor binding	1	1	0.27	0.2742	1	MF
GO:0097322	7SK snRNA binding	1	1	0.27	0.2742	1	MF
GO:0001609	G protein-coupled adenosine receptor act...	1	1	0.27	0.2742	1	MF
GO:0015556	C4-dicarboxylate transmembrane transport...	1	1	0.27	0.2742	1	MF
GO:0099530	G protein-coupled receptor activity invo...	1	1	0.27	0.2742	1	MF
GO:0016404	15-hydroxyprostaglandin dehydrogenase (N...	1	1	0.27	0.2742	1	MF
GO:0097108	hedgehog family protein binding	1	1	0.27	0.2742	1	MF
GO:0004594	pantothenate kinase activity	1	1	0.27	0.2742	1	MF
GO:0005310	dicarboxylic acid transmembrane transpor...	1	1	0.27	0.2742	1	MF
GO:0019808	polyamine binding	1	1	0.27	0.2742	1	MF
GO:0005313	L-glutamate transmembrane transporter ac...	1	1	0.27	0.2742	1	MF
GO:0005314	high-affinity L-glutamate transmembrane ...	1	1	0.27	0.2742	1	MF
GO:1901618	organic hydroxy compound transmembrane t...	1	1	0.27	0.2742	1	MF
GO:0016769	transferase activity, transferring nitro...	1	1	0.27	0.2742	1	MF
GO:0008607	phosphorylase kinase regulator activity	1	1	0.27	0.2742	1	MF
GO:0046592	polyamine oxidase activity	1	1	0.27	0.2742	1	MF
GO:0005343	organic acid:sodium symporter activity	1	1	0.27	0.2742	1	MF
GO:0016756	glutathione gamma-glutamylcysteinyltrans...	1	1	0.27	0.2742	1	MF
GO:0030332	cyclin binding	1	1	0.27	0.2742	1	MF
GO:0008967	phosphoglycolate phosphatase activity	1	1	0.27	0.2742	1	MF
GO:0015052	beta3-adrenergic receptor activity	1	1	0.27	0.2742	1	MF
GO:0016780	phosphotransferase activity, for other s...	1	1	0.27	0.2742	1	MF
GO:0016782	transferase activity, transferring sulph...	1	1	0.27	0.2742	1	MF
GO:0030291	protein serine/threonine kinase inhibito...	1	1	0.27	0.2742	1	MF
GO:0005338	nucleotide-sugar transmembrane transport...	1	1	0.27	0.2742	1	MF
GO:0031775	lutropin-choriogonadotropic hormone rece...	1	1	0.27	0.2742	1	MF
GO:0004448	isocitrate dehydrogenase [NAD(P)+] activ...	1	1	0.27	0.2742	1	MF
GO:0004449	isocitrate dehydrogenase (NAD+) activity	1	1	0.27	0.2742	1	MF
GO:0017162	aryl hydrocarbon receptor binding	1	1	0.27	0.2742	1	MF
GO:0098600	selenomethionine gamma-lyase activity	1	1	0.27	0.2742	1	MF
GO:0061629	RNA polymerase II-specific DNA-binding t...	10	4	2.74	0.2821	1	MF
GO:0004620	phospholipase activity	10	4	2.74	0.2821	1	MF
GO:0019887	protein kinase regulator activity	10	4	2.74	0.2821	1	MF
GO:0017111	ribonucleoside triphosphate phosphatase ...	30	10	8.23	0.2898	1	MF
GO:0003824	catalytic activity	261	75	71.58	0.2942	1	MF
GO:0015036	disulfide oxidoreductase activity	7	3	1.92	0.2948	1	MF
GO:0140101	catalytic activity, acting on a tRNA	7	3	1.92	0.2948	1	MF
GO:0008528	G protein-coupled peptide receptor activ...	7	3	1.92	0.2948	1	MF
GO:0008514	organic anion transmembrane transporter ...	7	3	1.92	0.2948	1	MF
GO:0008081	phosphoric diester hydrolase activity	7	3	1.92	0.2948	1	MF
GO:0001653	peptide receptor activity	7	3	1.92	0.2948	1	MF
GO:0015459	potassium channel regulator activity	7	3	1.92	0.2948	1	MF
GO:0098960	postsynaptic neurotransmitter receptor a...	4	2	1.1	0.303	1	MF
GO:0048531	beta-1,3-galactosyltransferase activity	4	2	1.1	0.303	1	MF
GO:0008237	metallopeptidase activity	4	2	1.1	0.303	1	MF
GO:0004540	ribonuclease activity	4	2	1.1	0.303	1	MF
GO:0003724	RNA helicase activity	4	2	1.1	0.303	1	MF
GO:0016616	oxidoreductase activity, acting on the C...	4	2	1.1	0.303	1	MF
GO:0008080	N-acetyltransferase activity	4	2	1.1	0.303	1	MF
GO:0008186	ATP-dependent activity, acting on RNA	4	2	1.1	0.303	1	MF
GO:0008175	tRNA methyltransferase activity	4	2	1.1	0.303	1	MF
GO:0008378	galactosyltransferase activity	4	2	1.1	0.303	1	MF
GO:0035250	UDP-galactosyltransferase activity	4	2	1.1	0.303	1	MF
GO:0016410	N-acyltransferase activity	4	2	1.1	0.303	1	MF
GO:0051019	mitogen-activated protein kinase binding	4	2	1.1	0.303	1	MF
GO:0005328	neurotransmitter:sodium symporter activi...	4	2	1.1	0.303	1	MF
GO:0008499	UDP-galactose:beta-N-acetylglucosamine b...	4	2	1.1	0.303	1	MF
GO:0046982	protein heterodimerization activity	51	16	13.99	0.3044	1	MF
GO:0016817	hydrolase activity, acting on acid anhyd...	31	10	8.5	0.3317	1	MF
GO:0016818	hydrolase activity, acting on acid anhyd...	31	10	8.5	0.3317	1	MF
GO:0016462	pyrophosphatase activity	31	10	8.5	0.3317	1	MF
GO:0140657	ATP-dependent activity	21	7	5.76	0.3452	1	MF
GO:0019207	kinase regulator activity	11	4	3.02	0.3546	1	MF
GO:0030165	PDZ domain binding	11	4	3.02	0.3546	1	MF
GO:0043169	cation binding	67	20	18.37	0.3662	1	MF
GO:0016667	oxidoreductase activity, acting on a sul...	8	3	2.19	0.3824	1	MF
GO:0003924	GTPase activity	8	3	2.19	0.3824	1	MF
GO:0038023	signaling receptor activity	43	13	11.79	0.3928	1	MF
GO:0060089	molecular transducer activity	43	13	11.79	0.3928	1	MF
GO:0099106	ion channel regulator activity	15	5	4.11	0.3951	1	MF
GO:0016247	channel regulator activity	15	5	4.11	0.3951	1	MF
GO:0004888	transmembrane signaling receptor activit...	36	11	9.87	0.3953	1	MF
GO:0004518	nuclease activity	5	2	1.37	0.4184	1	MF
GO:0016706	2-oxoglutarate-dependent dioxygenase act...	5	2	1.37	0.4184	1	MF
GO:0050780	dopamine receptor binding	5	2	1.37	0.4184	1	MF
GO:0042626	ATPase-coupled transmembrane transporter...	5	2	1.37	0.4184	1	MF
GO:0016614	oxidoreductase activity, acting on CH-OH...	5	2	1.37	0.4184	1	MF
GO:0051213	dioxygenase activity	5	2	1.37	0.4184	1	MF
GO:0002039	p53 binding	5	2	1.37	0.4184	1	MF
GO:0001046	core promoter sequence-specific DNA bind...	5	2	1.37	0.4184	1	MF
GO:0004860	protein kinase inhibitor activity	5	2	1.37	0.4184	1	MF
GO:0035254	glutamate receptor binding	5	2	1.37	0.4184	1	MF
GO:0016407	acetyltransferase activity	5	2	1.37	0.4184	1	MF
GO:0019210	kinase inhibitor activity	5	2	1.37	0.4184	1	MF
GO:0003682	chromatin binding	26	8	7.13	0.4223	1	MF
GO:0140098	catalytic activity, acting on RNA	19	6	5.21	0.4257	1	MF
GO:0015085	calcium ion transmembrane transporter ac...	19	6	5.21	0.4257	1	MF
GO:0019903	protein phosphatase binding	12	4	3.29	0.4271	1	MF
GO:0016298	lipase activity	12	4	3.29	0.4271	1	MF
GO:0008134	transcription factor binding	44	13	12.07	0.4309	1	MF
GO:0005262	calcium channel activity	16	5	4.39	0.4583	1	MF
GO:0015399	primary active transmembrane transporter...	9	3	2.47	0.4675	1	MF
GO:0003714	transcription corepressor activity	9	3	2.47	0.4675	1	MF
GO:0005085	guanyl-nucleotide exchange factor activi...	9	3	2.47	0.4675	1	MF
GO:0008233	peptidase activity	27	8	7.4	0.471	1	MF
GO:0046906	tetrapyrrole binding	2	1	0.55	0.4736	1	MF
GO:0015020	glucuronosyltransferase activity	2	1	0.55	0.4736	1	MF
GO:0031748	D1 dopamine receptor binding	2	1	0.55	0.4736	1	MF
GO:0008242	omega peptidase activity	2	1	0.55	0.4736	1	MF
GO:0015018	galactosylgalactosylxylosylprotein 3-bet...	2	1	0.55	0.4736	1	MF
GO:0010485	H4 histone acetyltransferase activity	2	1	0.55	0.4736	1	MF
GO:0008235	metalloexopeptidase activity	2	1	0.55	0.4736	1	MF
GO:0017110	nucleoside diphosphate phosphatase activ...	2	1	0.55	0.4736	1	MF
GO:0008429	phosphatidylethanolamine binding	2	1	0.55	0.4736	1	MF
GO:0017134	fibroblast growth factor binding	2	1	0.55	0.4736	1	MF
GO:0015175	neutral amino acid transmembrane transpo...	2	1	0.55	0.4736	1	MF
GO:0033612	receptor serine/threonine kinase binding	2	1	0.55	0.4736	1	MF
GO:0140103	catalytic activity, acting on a glycopro...	2	1	0.55	0.4736	1	MF
GO:0016655	oxidoreductase activity, acting on NAD(P...	2	1	0.55	0.4736	1	MF
GO:0005484	SNAP receptor activity	2	1	0.55	0.4736	1	MF
GO:0004741	[pyruvate dehydrogenase (lipoamide)] pho...	2	1	0.55	0.4736	1	MF
GO:1990715	mRNA CDS binding	2	1	0.55	0.4736	1	MF
GO:0004180	carboxypeptidase activity	2	1	0.55	0.4736	1	MF
GO:0140296	general transcription initiation factor ...	2	1	0.55	0.4736	1	MF
GO:0022840	leak channel activity	2	1	0.55	0.4736	1	MF
GO:0022841	potassium ion leak channel activity	2	1	0.55	0.4736	1	MF
GO:0022842	narrow pore channel activity	2	1	0.55	0.4736	1	MF
GO:0008028	monocarboxylic acid transmembrane transp...	2	1	0.55	0.4736	1	MF
GO:0016878	acid-thiol ligase activity	2	1	0.55	0.4736	1	MF
GO:0034452	dynactin binding	2	1	0.55	0.4736	1	MF
GO:0016814	hydrolase activity, acting on carbon-nit...	2	1	0.55	0.4736	1	MF
GO:0030515	snoRNA binding	2	1	0.55	0.4736	1	MF
GO:0015605	organophosphate ester transmembrane tran...	2	1	0.55	0.4736	1	MF
GO:0005544	calcium-dependent phospholipid binding	2	1	0.55	0.4736	1	MF
GO:0032451	demethylase activity	2	1	0.55	0.4736	1	MF
GO:0020037	heme binding	2	1	0.55	0.4736	1	MF
GO:0031210	phosphatidylcholine binding	2	1	0.55	0.4736	1	MF
GO:0050136	NADH dehydrogenase (quinone) activity	2	1	0.55	0.4736	1	MF
GO:0005164	tumor necrosis factor receptor binding	2	1	0.55	0.4736	1	MF
GO:0008137	NADH dehydrogenase (ubiquinone) activity	2	1	0.55	0.4736	1	MF
GO:0004252	serine-type endopeptidase activity	2	1	0.55	0.4736	1	MF
GO:0003823	antigen binding	2	1	0.55	0.4736	1	MF
GO:0004497	monooxygenase activity	2	1	0.55	0.4736	1	MF
GO:0000900	mRNA regulatory element binding translat...	2	1	0.55	0.4736	1	MF
GO:0005125	cytokine activity	2	1	0.55	0.4736	1	MF
GO:0005112	Notch binding	2	1	0.55	0.4736	1	MF
GO:0005113	patched binding	2	1	0.55	0.4736	1	MF
GO:0004222	metalloendopeptidase activity	2	1	0.55	0.4736	1	MF
GO:0010851	cyclase regulator activity	2	1	0.55	0.4736	1	MF
GO:0070320	inward rectifier potassium channel inhib...	2	1	0.55	0.4736	1	MF
GO:0003954	NADH dehydrogenase activity	2	1	0.55	0.4736	1	MF
GO:0072542	protein phosphatase activator activity	2	1	0.55	0.4736	1	MF
GO:0003955	NAD(P)H dehydrogenase (quinone) activity	2	1	0.55	0.4736	1	MF
GO:0004806	triglyceride lipase activity	2	1	0.55	0.4736	1	MF
GO:0034722	gamma-glutamyl-peptidase activity	2	1	0.55	0.4736	1	MF
GO:0030371	translation repressor activity	2	1	0.55	0.4736	1	MF
GO:0071074	eukaryotic initiation factor eIF2 bindin...	2	1	0.55	0.4736	1	MF
GO:0016405	CoA-ligase activity	2	1	0.55	0.4736	1	MF
GO:0019211	phosphatase activator activity	2	1	0.55	0.4736	1	MF
GO:0042054	histone methyltransferase activity	2	1	0.55	0.4736	1	MF
GO:0043531	ADP binding	2	1	0.55	0.4736	1	MF
GO:0017025	TBP-class protein binding	2	1	0.55	0.4736	1	MF
GO:0019239	deaminase activity	2	1	0.55	0.4736	1	MF
GO:0016538	cyclin-dependent protein serine/threonin...	2	1	0.55	0.4736	1	MF
GO:0030296	protein tyrosine kinase activator activi...	2	1	0.55	0.4736	1	MF
GO:0016787	hydrolase activity	107	30	29.34	0.4806	1	MF
GO:0016887	ATP hydrolysis activity	20	6	5.48	0.4823	1	MF
GO:0005102	signaling receptor binding	71	20	19.47	0.4902	1	MF
GO:0003735	structural constituent of ribosome	13	4	3.57	0.4974	1	MF
GO:0042578	phosphoric ester hydrolase activity	24	7	6.58	0.502	1	MF
GO:0060090	molecular adaptor activity	17	5	4.66	0.5194	1	MF
GO:0030674	protein-macromolecule adaptor activity	17	5	4.66	0.5194	1	MF
GO:0008276	protein methyltransferase activity	6	2	1.65	0.5233	1	MF
GO:0035064	methylated histone binding	6	2	1.65	0.5233	1	MF
GO:0016705	oxidoreductase activity, acting on paire...	6	2	1.65	0.5233	1	MF
GO:0140678	molecular function inhibitor activity	6	2	1.65	0.5233	1	MF
GO:0004725	protein tyrosine phosphatase activity	6	2	1.65	0.5233	1	MF
GO:0016830	carbon-carbon lyase activity	6	2	1.65	0.5233	1	MF
GO:0008170	N-methyltransferase activity	6	2	1.65	0.5233	1	MF
GO:0008173	RNA methyltransferase activity	6	2	1.65	0.5233	1	MF
GO:0005326	neurotransmitter transmembrane transport...	6	2	1.65	0.5233	1	MF
GO:0140034	methylation-dependent protein binding	6	2	1.65	0.5233	1	MF
GO:0046872	metal ion binding	58	16	15.91	0.5426	1	MF
GO:0042393	histone binding	10	3	2.74	0.5469	1	MF
GO:0004197	cysteine-type endopeptidase activity	10	3	2.74	0.5469	1	MF
GO:0016741	transferase activity, transferring one-c...	14	4	3.84	0.5638	1	MF
GO:0004721	phosphoprotein phosphatase activity	14	4	3.84	0.5638	1	MF
GO:0008168	methyltransferase activity	14	4	3.84	0.5638	1	MF
GO:0003712	transcription coregulator activity	29	8	7.95	0.5652	1	MF
GO:0043167	ion binding	114	31	31.26	0.5666	1	MF
GO:0140096	catalytic activity, acting on a protein	111	30	30.44	0.5836	1	MF
GO:0030554	adenyl nucleotide binding	22	6	6.03	0.5894	1	MF
GO:0032559	adenyl ribonucleotide binding	22	6	6.03	0.5894	1	MF
GO:0008194	UDP-glycosyltransferase activity	7	2	1.92	0.6147	1	MF
GO:0051082	unfolded protein binding	7	2	1.92	0.6147	1	MF
GO:0016597	amino acid binding	7	2	1.92	0.6147	1	MF
GO:0051020	GTPase binding	34	9	9.32	0.6184	1	MF
GO:0019209	kinase activator activity	3	1	0.82	0.6185	1	MF
GO:0042166	acetylcholine binding	3	1	0.82	0.6185	1	MF
GO:0016504	peptidase activator activity	3	1	0.82	0.6185	1	MF
GO:0031749	D2 dopamine receptor binding	3	1	0.82	0.6185	1	MF
GO:0070273	phosphatidylinositol-4-phosphate binding	3	1	0.82	0.6185	1	MF
GO:0008236	serine-type peptidase activity	3	1	0.82	0.6185	1	MF
GO:0140358	P-type transmembrane transporter activit...	3	1	0.82	0.6185	1	MF
GO:0003755	peptidyl-prolyl cis-trans isomerase acti...	3	1	0.82	0.6185	1	MF
GO:0051879	Hsp90 protein binding	3	1	0.82	0.6185	1	MF
GO:0004712	protein serine/threonine/tyrosine kinase...	3	1	0.82	0.6185	1	MF
GO:0015662	P-type ion transporter activity	3	1	0.82	0.6185	1	MF
GO:0022848	acetylcholine-gated cation-selective cha...	3	1	0.82	0.6185	1	MF
GO:0016859	cis-trans isomerase activity	3	1	0.82	0.6185	1	MF
GO:0004707	MAP kinase activity	3	1	0.82	0.6185	1	MF
GO:0042887	amide transmembrane transporter activity	3	1	0.82	0.6185	1	MF
GO:0015643	toxic substance binding	3	1	0.82	0.6185	1	MF
GO:0016877	ligase activity, forming carbon-sulfur b...	3	1	0.82	0.6185	1	MF
GO:0005518	collagen binding	3	1	0.82	0.6185	1	MF
GO:0048306	calcium-dependent protein binding	3	1	0.82	0.6185	1	MF
GO:1904680	peptide transmembrane transporter activi...	3	1	0.82	0.6185	1	MF
GO:0008135	translation factor activity, RNA binding	3	1	0.82	0.6185	1	MF
GO:0015464	acetylcholine receptor activity	3	1	0.82	0.6185	1	MF
GO:0008138	protein tyrosine/serine/threonine phosph...	3	1	0.82	0.6185	1	MF
GO:1904315	transmitter-gated ion channel activity i...	3	1	0.82	0.6185	1	MF
GO:0016423	tRNA (guanine) methyltransferase activit...	3	1	0.82	0.6185	1	MF
GO:0050997	quaternary ammonium group binding	3	1	0.82	0.6185	1	MF
GO:0099528	G protein-coupled neurotransmitter recep...	3	1	0.82	0.6185	1	MF
GO:0099529	neurotransmitter receptor activity invol...	3	1	0.82	0.6185	1	MF
GO:0019838	growth factor binding	3	1	0.82	0.6185	1	MF
GO:0005388	P-type calcium transporter activity	3	1	0.82	0.6185	1	MF
GO:0016765	transferase activity, transferring alkyl...	3	1	0.82	0.6185	1	MF
GO:0001223	transcription coactivator binding	3	1	0.82	0.6185	1	MF
GO:0030295	protein kinase activator activity	3	1	0.82	0.6185	1	MF
GO:0008757	S-adenosylmethionine-dependent methyltra...	11	3	3.02	0.619	1	MF
GO:0051087	chaperone binding	11	3	3.02	0.619	1	MF
GO:0008234	cysteine-type peptidase activity	15	4	4.11	0.6251	1	MF
GO:0030594	neurotransmitter receptor activity	15	4	4.11	0.6251	1	MF
GO:0016788	hydrolase activity, acting on ester bond...	38	10	10.42	0.6267	1	MF
GO:0004674	protein serine/threonine kinase activity	23	6	6.31	0.6384	1	MF
GO:0140640	catalytic activity, acting on a nucleic ...	31	8	8.5	0.6515	1	MF
GO:0000166	nucleotide binding	35	9	9.6	0.6577	1	MF
GO:1901265	nucleoside phosphate binding	35	9	9.6	0.6577	1	MF
GO:0043168	anion binding	66	17	18.1	0.6751	1	MF
GO:0022843	voltage-gated cation channel activity	16	4	4.39	0.6808	1	MF
GO:0004857	enzyme inhibitor activity	16	4	4.39	0.6808	1	MF
GO:0005524	ATP binding	20	5	5.48	0.6816	1	MF
GO:0005543	phospholipid binding	20	5	5.48	0.6816	1	MF
GO:0015079	potassium ion transmembrane transporter ...	12	3	3.29	0.683	1	MF
GO:0001882	nucleoside binding	12	3	3.29	0.683	1	MF
GO:0001883	purine nucleoside binding	12	3	3.29	0.683	1	MF
GO:0031267	small GTPase binding	28	7	7.68	0.6871	1	MF
GO:0005261	cation channel activity	32	8	8.78	0.6907	1	MF
GO:0005245	voltage-gated calcium channel activity	8	2	2.19	0.6921	1	MF
GO:0016922	nuclear receptor binding	8	2	2.19	0.6921	1	MF
GO:0099094	ligand-gated cation channel activity	8	2	2.19	0.6921	1	MF
GO:0005178	integrin binding	8	2	2.19	0.6921	1	MF
GO:0001227	DNA-binding transcription repressor acti...	8	2	2.19	0.6921	1	MF
GO:0001217	DNA-binding transcription repressor acti...	8	2	2.19	0.6921	1	MF
GO:0016740	transferase activity	112	29	30.72	0.6957	1	MF
GO:0036094	small molecule binding	56	14	15.36	0.716	1	MF
GO:0090079	translation regulator activity, nucleic ...	4	1	1.1	0.7236	1	MF
GO:0042165	neurotransmitter binding	4	1	1.1	0.7236	1	MF
GO:0042169	SH2 domain binding	4	1	1.1	0.7236	1	MF
GO:0017171	serine hydrolase activity	4	1	1.1	0.7236	1	MF
GO:0060590	ATPase regulator activity	4	1	1.1	0.7236	1	MF
GO:0031369	translation initiation factor binding	4	1	1.1	0.7236	1	MF
GO:1990782	protein tyrosine kinase binding	4	1	1.1	0.7236	1	MF
GO:0016651	oxidoreductase activity, acting on NAD(P...	4	1	1.1	0.7236	1	MF
GO:0005246	calcium channel regulator activity	4	1	1.1	0.7236	1	MF
GO:0002020	protease binding	4	1	1.1	0.7236	1	MF
GO:0042625	ATPase-coupled ion transmembrane transpo...	4	1	1.1	0.7236	1	MF
GO:0045182	translation regulator activity	4	1	1.1	0.7236	1	MF
GO:0008157	protein phosphatase 1 binding	4	1	1.1	0.7236	1	MF
GO:0004622	lysophospholipase activity	4	1	1.1	0.7236	1	MF
GO:0004623	phospholipase A2 activity	4	1	1.1	0.7236	1	MF
GO:0005080	protein kinase C binding	4	1	1.1	0.7236	1	MF
GO:0008188	neuropeptide receptor activity	4	1	1.1	0.7236	1	MF
GO:0005548	phospholipid transporter activity	4	1	1.1	0.7236	1	MF
GO:0016278	lysine N-methyltransferase activity	4	1	1.1	0.7236	1	MF
GO:0016279	protein-lysine N-methyltransferase activ...	4	1	1.1	0.7236	1	MF
GO:0015453	oxidoreduction-driven active transmembra...	4	1	1.1	0.7236	1	MF
GO:0016595	glutamate binding	4	1	1.1	0.7236	1	MF
GO:0019870	potassium channel inhibitor activity	4	1	1.1	0.7236	1	MF
GO:0019829	ATPase-coupled cation transmembrane tran...	4	1	1.1	0.7236	1	MF
GO:0019842	vitamin binding	4	1	1.1	0.7236	1	MF
GO:0047485	protein N-terminus binding	4	1	1.1	0.7236	1	MF
GO:0017081	chloride channel regulator activity	4	1	1.1	0.7236	1	MF
GO:0030331	nuclear estrogen receptor binding	4	1	1.1	0.7236	1	MF
GO:0001221	transcription coregulator binding	4	1	1.1	0.7236	1	MF
GO:0005198	structural molecule activity	29	7	7.95	0.7259	1	MF
GO:0032553	ribonucleotide binding	33	8	9.05	0.7271	1	MF
GO:0032555	purine ribonucleotide binding	33	8	9.05	0.7271	1	MF
GO:0017076	purine nucleotide binding	33	8	9.05	0.7271	1	MF
GO:0019902	phosphatase binding	17	4	4.66	0.7304	1	MF
GO:0008022	protein C-terminus binding	17	4	4.66	0.7304	1	MF
GO:0016791	phosphatase activity	17	4	4.66	0.7304	1	MF
GO:0051117	ATPase binding	13	3	3.57	0.7386	1	MF
GO:0031072	heat shock protein binding	9	2	2.47	0.7563	1	MF
GO:0140030	modification-dependent protein binding	9	2	2.47	0.7563	1	MF
GO:0097367	carbohydrate derivative binding	38	9	10.42	0.7609	1	MF
GO:0008289	lipid binding	30	7	8.23	0.7613	1	MF
GO:0008509	anion transmembrane transporter activity	22	5	6.03	0.7671	1	MF
GO:0005244	voltage-gated ion channel activity	18	4	4.94	0.7741	1	MF
GO:0022832	voltage-gated channel activity	18	4	4.94	0.7741	1	MF
GO:0008270	zinc ion binding	18	4	4.94	0.7741	1	MF
GO:0003729	mRNA binding	14	3	3.84	0.7863	1	MF
GO:0035639	purine ribonucleoside triphosphate bindi...	31	7	8.5	0.7933	1	MF
GO:0061134	peptidase regulator activity	5	1	1.37	0.7999	1	MF
GO:0048018	receptor ligand activity	5	1	1.37	0.7999	1	MF
GO:0008200	ion channel inhibitor activity	5	1	1.37	0.7999	1	MF
GO:0044325	transmembrane transporter binding	5	1	1.37	0.7999	1	MF
GO:0016810	hydrolase activity, acting on carbon-nit...	5	1	1.37	0.7999	1	MF
GO:0030545	signaling receptor regulator activity	5	1	1.37	0.7999	1	MF
GO:0030546	signaling receptor activator activity	5	1	1.37	0.7999	1	MF
GO:0016248	channel inhibitor activity	5	1	1.37	0.7999	1	MF
GO:0050998	nitric-oxide synthase binding	5	1	1.37	0.7999	1	MF
GO:1901681	sulfur compound binding	5	1	1.37	0.7999	1	MF
GO:0070851	growth factor receptor binding	5	1	1.37	0.7999	1	MF
GO:0043177	organic acid binding	10	2	2.74	0.8086	1	MF
GO:0005516	calmodulin binding	10	2	2.74	0.8086	1	MF
GO:0031406	carboxylic acid binding	10	2	2.74	0.8086	1	MF
GO:0052689	carboxylic ester hydrolase activity	10	2	2.74	0.8086	1	MF
GO:0003723	RNA binding	36	8	9.87	0.8186	1	MF
GO:0004672	protein kinase activity	28	6	7.68	0.827	1	MF
GO:0044389	ubiquitin-like protein ligase binding	24	5	6.58	0.8342	1	MF
GO:0046873	metal ion transmembrane transporter acti...	35	12	9.6	0.8429	1	MF
GO:0016773	phosphotransferase activity, alcohol gro...	33	7	9.05	0.8475	1	MF
GO:0022824	transmitter-gated ion channel activity	11	2	3.02	0.8507	1	MF
GO:0022835	transmitter-gated channel activity	11	2	3.02	0.8507	1	MF
GO:0019001	guanyl nucleotide binding	11	2	3.02	0.8507	1	MF
GO:0005525	GTP binding	11	2	3.02	0.8507	1	MF
GO:0000287	magnesium ion binding	11	2	3.02	0.8507	1	MF
GO:0032561	guanyl ribonucleotide binding	11	2	3.02	0.8507	1	MF
GO:0032550	purine ribonucleoside binding	11	2	3.02	0.8507	1	MF
GO:0032549	ribonucleoside binding	11	2	3.02	0.8507	1	MF
GO:0050839	cell adhesion molecule binding	11	2	3.02	0.8507	1	MF
GO:0043130	ubiquitin binding	6	1	1.65	0.8553	1	MF
GO:0005231	excitatory extracellular ligand-gated io...	6	1	1.65	0.8553	1	MF
GO:0003697	single-stranded DNA binding	6	1	1.65	0.8553	1	MF
GO:0051015	actin filament binding	6	1	1.65	0.8553	1	MF
GO:0008307	structural constituent of muscle	6	1	1.65	0.8553	1	MF
GO:0019900	kinase binding	46	10	12.62	0.859	1	MF
GO:0022857	transmembrane transporter activity	70	20	19.2	0.8618	1	MF
GO:0016301	kinase activity	34	7	9.32	0.8701	1	MF
GO:0003713	transcription coactivator activity	21	4	5.76	0.8724	1	MF
GO:0005215	transporter activity	75	21	20.57	0.8756	1	MF
GO:0051427	hormone receptor binding	12	2	3.29	0.8843	1	MF
GO:0140097	catalytic activity, acting on DNA	12	2	3.29	0.8843	1	MF
GO:0022839	ion gated channel activity	35	7	9.6	0.8898	1	MF
GO:0019208	phosphatase regulator activity	7	1	1.92	0.8954	1	MF
GO:0008017	microtubule binding	7	1	1.92	0.8954	1	MF
GO:0019888	protein phosphatase regulator activity	7	1	1.92	0.8954	1	MF
GO:0030695	GTPase regulator activity	22	4	6.03	0.8958	1	MF
GO:0019901	protein kinase binding	44	9	12.07	0.8977	1	MF
GO:0005216	ion channel activity	44	9	12.07	0.8977	1	MF
GO:0035091	phosphatidylinositol binding	13	2	3.57	0.9108	1	MF
GO:0003779	actin binding	13	2	3.57	0.9108	1	MF
GO:0031625	ubiquitin protein ligase binding	23	4	6.31	0.9154	1	MF
GO:0046914	transition metal ion binding	28	5	7.68	0.9215	1	MF
GO:0022836	gated channel activity	37	7	10.15	0.9219	1	MF
GO:0032182	ubiquitin-like protein binding	8	1	2.19	0.9244	1	MF
GO:0022851	GABA-gated chloride ion channel activity	8	1	2.19	0.9244	1	MF
GO:0004722	protein serine/threonine phosphatase act...	8	1	2.19	0.9244	1	MF
GO:0005249	voltage-gated potassium channel activity	8	1	2.19	0.9244	1	MF
GO:0003730	mRNA 3'-UTR binding	8	1	2.19	0.9244	1	MF
GO:0016874	ligase activity	8	1	2.19	0.9244	1	MF
GO:0004890	GABA-A receptor activity	8	1	2.19	0.9244	1	MF
GO:0008503	benzodiazepine receptor activity	8	1	2.19	0.9244	1	MF
GO:0016917	GABA receptor activity	8	1	2.19	0.9244	1	MF
GO:0022803	passive transmembrane transporter activi...	46	9	12.62	0.9256	1	MF
GO:0015267	channel activity	46	9	12.62	0.9256	1	MF
GO:0022834	ligand-gated channel activity	19	3	5.21	0.9294	1	MF
GO:0015276	ligand-gated ion channel activity	19	3	5.21	0.9294	1	MF
GO:0005230	extracellular ligand-gated ion channel a...	14	2	3.84	0.9315	1	MF
GO:0005488	binding	430	111	117.93	0.9341	1	MF
GO:0060589	nucleoside-triphosphatase regulator acti...	25	4	6.86	0.945	1	MF
GO:0008047	enzyme activator activity	25	4	6.86	0.945	1	MF
GO:0015103	inorganic anion transmembrane transporte...	15	2	4.11	0.9477	1	MF
GO:0016772	transferase activity, transferring phosp...	45	8	12.34	0.9587	1	MF
GO:0005267	potassium channel activity	10	1	2.74	0.9606	1	MF
GO:1901981	phosphatidylinositol phosphate binding	10	1	2.74	0.9606	1	MF
GO:0015631	tubulin binding	10	1	2.74	0.9606	1	MF
GO:0015318	inorganic molecular entity transmembrane...	62	16	17	0.9661	1	MF
GO:0030234	enzyme regulator activity	56	10	15.36	0.9715	1	MF
GO:0005096	GTPase activator activity	11	1	3.02	0.9716	1	MF
GO:0099095	ligand-gated anion channel activity	11	1	3.02	0.9716	1	MF
GO:0097110	scaffold protein binding	11	1	3.02	0.9716	1	MF
GO:0022890	inorganic cation transmembrane transport...	44	12	12.07	0.9726	1	MF
GO:0019787	ubiquitin-like protein transferase activ...	23	3	6.31	0.9734	1	MF
GO:0004842	ubiquitin-protein transferase activity	23	3	6.31	0.9734	1	MF
GO:0008324	cation transmembrane transporter activit...	45	12	12.34	0.9779	1	MF
GO:0015075	ion transmembrane transporter activity	61	15	16.73	0.9828	1	MF
GO:0005515	protein binding	343	83	94.07	0.9838	1	MF
GO:0098772	molecular function regulator activity	69	12	18.92	0.9863	1	MF
GO:0019899	enzyme binding	134	27	36.75	0.9892	1	MF
GO:0005253	anion channel activity	14	1	3.84	0.9894	1	MF
GO:0005254	chloride channel activity	14	1	3.84	0.9894	1	MF
GO:0015108	chloride transmembrane transporter activ...	14	1	3.84	0.9894	1	MF
GO:0008092	cytoskeletal protein binding	36	4	9.87	0.9961	1	MF
GO:0019904	protein domain specific binding	51	6	13.99	0.9987	1	MF
GO:0003674	molecular_function	598	164	164	1	1	MF
GO:0000139	Golgi membrane	40	18	10.65	0.0075	1	CC
GO:0016021	integral component of membrane	132	46	35.13	0.0124	1	CC
GO:0031224	intrinsic component of membrane	136	47	36.2	0.0137	1	CC
GO:0032588	trans-Golgi network membrane	7	5	1.86	0.0165	1	CC
GO:0000228	nuclear chromosome	21	10	5.59	0.0293	1	CC
GO:0031984	organelle subcompartment	91	32	24.22	0.0337	1	CC
GO:0019866	organelle inner membrane	11	6	2.93	0.0445	1	CC
GO:0005743	mitochondrial inner membrane	11	6	2.93	0.0445	1	CC
GO:0098791	Golgi apparatus subcompartment	50	19	13.31	0.0452	1	CC
GO:0005797	Golgi medial cisterna	4	3	1.06	0.0598	1	CC
GO:0031526	brush border membrane	4	3	1.06	0.0598	1	CC
GO:1904949	ATPase complex	2	2	0.53	0.0705	1	CC
GO:0030173	integral component of Golgi membrane	2	2	0.53	0.0705	1	CC
GO:0070822	Sin3-type complex	2	2	0.53	0.0705	1	CC
GO:0051286	cell tip	2	2	0.53	0.0705	1	CC
GO:0000791	euchromatin	2	2	0.53	0.0705	1	CC
GO:0060187	cell pole	2	2	0.53	0.0705	1	CC
GO:0000118	histone deacetylase complex	2	2	0.53	0.0705	1	CC
GO:0031463	Cul3-RING ubiquitin ligase complex	2	2	0.53	0.0705	1	CC
GO:0000137	Golgi cis cisterna	2	2	0.53	0.0705	1	CC
GO:0001674	female germ cell nucleus	2	2	0.53	0.0705	1	CC
GO:0031228	intrinsic component of Golgi membrane	2	2	0.53	0.0705	1	CC
GO:0030176	integral component of endoplasmic reticu...	15	7	3.99	0.0741	1	CC
GO:0031301	integral component of organelle membrane	28	11	7.45	0.0945	1	CC
GO:0005740	mitochondrial envelope	28	11	7.45	0.0945	1	CC
GO:0031985	Golgi cisterna	10	5	2.66	0.0968	1	CC
GO:0031967	organelle envelope	51	18	13.57	0.0998	1	CC
GO:0031975	envelope	51	18	13.57	0.0998	1	CC
GO:0031227	intrinsic component of endoplasmic retic...	16	7	4.26	0.1029	1	CC
GO:0005694	chromosome	48	17	12.78	0.1053	1	CC
GO:0005789	endoplasmic reticulum membrane	52	18	13.84	0.1173	1	CC
GO:0031300	intrinsic component of organelle membran...	29	11	7.72	0.1179	1	CC
GO:0030673	axolemma	5	3	1.33	0.1205	1	CC
GO:0030136	clathrin-coated vesicle	5	3	1.33	0.1205	1	CC
GO:1990204	oxidoreductase complex	5	3	1.33	0.1205	1	CC
GO:0000785	chromatin	26	10	6.92	0.1231	1	CC
GO:0031966	mitochondrial membrane	23	9	6.12	0.1282	1	CC
GO:0005739	mitochondrion	70	23	18.63	0.135	1	CC
GO:0005791	rough endoplasmic reticulum	8	4	2.13	0.1361	1	CC
GO:0042175	nuclear outer membrane-endoplasmic retic...	54	18	14.37	0.1574	1	CC
GO:0098827	endoplasmic reticulum subcompartment	54	18	14.37	0.1574	1	CC
GO:0032153	cell division site	3	2	0.8	0.1744	1	CC
GO:0030665	clathrin-coated vesicle membrane	3	2	0.8	0.1744	1	CC
GO:0008023	transcription elongation factor complex	3	2	0.8	0.1744	1	CC
GO:0022627	cytosolic small ribosomal subunit	3	2	0.8	0.1744	1	CC
GO:0000138	Golgi trans cisterna	3	2	0.8	0.1744	1	CC
GO:0015935	small ribosomal subunit	3	2	0.8	0.1744	1	CC
GO:0043073	germ cell nucleus	3	2	0.8	0.1744	1	CC
GO:0005795	Golgi stack	12	5	3.19	0.1909	1	CC
GO:0031226	intrinsic component of plasma membrane	80	25	21.29	0.1924	1	CC
GO:0009986	cell surface	35	12	9.32	0.1933	1	CC
GO:0030662	coated vesicle membrane	6	3	1.6	0.195	1	CC
GO:0031970	organelle envelope lumen	6	3	1.6	0.195	1	CC
GO:0005887	integral component of plasma membrane	77	24	20.49	0.2035	1	CC
GO:0031090	organelle membrane	156	51	41.52	0.2382	1	CC
GO:0030135	coated vesicle	10	4	2.66	0.2619	1	CC
GO:0000776	kinetochore	10	4	2.66	0.2619	1	CC
GO:0042824	MHC class I peptide loading complex	1	1	0.27	0.2662	1	CC
GO:0042825	TAP complex	1	1	0.27	0.2662	1	CC
GO:0008250	oligosaccharyltransferase complex	1	1	0.27	0.2662	1	CC
GO:0061700	GATOR2 complex	1	1	0.27	0.2662	1	CC
GO:0031310	intrinsic component of vacuolar membrane	1	1	0.27	0.2662	1	CC
GO:0044665	MLL1/2 complex	1	1	0.27	0.2662	1	CC
GO:0009526	plastid envelope	1	1	0.27	0.2662	1	CC
GO:0035859	Seh1-associated complex	1	1	0.27	0.2662	1	CC
GO:0120103	centriolar subdistal appendage	1	1	0.27	0.2662	1	CC
GO:0031166	integral component of vacuolar membrane	1	1	0.27	0.2662	1	CC
GO:0033017	sarcoplasmic reticulum membrane	1	1	0.27	0.2662	1	CC
GO:0009536	plastid	1	1	0.27	0.2662	1	CC
GO:0034045	phagophore assembly site membrane	1	1	0.27	0.2662	1	CC
GO:0030681	multimeric ribonuclease P complex	1	1	0.27	0.2662	1	CC
GO:0030118	clathrin coat	1	1	0.27	0.2662	1	CC
GO:0035841	new growing cell tip	1	1	0.27	0.2662	1	CC
GO:1904724	tertiary granule lumen	1	1	0.27	0.2662	1	CC
GO:0071339	MLL1 complex	1	1	0.27	0.2662	1	CC
GO:0038037	G protein-coupled receptor dimeric compl...	1	1	0.27	0.2662	1	CC
GO:0038038	G protein-coupled receptor homodimeric c...	1	1	0.27	0.2662	1	CC
GO:0030677	ribonuclease P complex	1	1	0.27	0.2662	1	CC
GO:0070176	DRM complex	1	1	0.27	0.2662	1	CC
GO:0071010	prespliceosome	1	1	0.27	0.2662	1	CC
GO:0009507	chloroplast	1	1	0.27	0.2662	1	CC
GO:0035838	growing cell tip	1	1	0.27	0.2662	1	CC
GO:0005962	mitochondrial isocitrate dehydrogenase c...	1	1	0.27	0.2662	1	CC
GO:0034751	aryl hydrocarbon receptor complex	1	1	0.27	0.2662	1	CC
GO:0034752	cytosolic aryl hydrocarbon receptor comp...	1	1	0.27	0.2662	1	CC
GO:0034753	nuclear aryl hydrocarbon receptor comple...	1	1	0.27	0.2662	1	CC
GO:0005967	mitochondrial pyruvate dehydrogenase com...	1	1	0.27	0.2662	1	CC
GO:0000172	ribonuclease MRP complex	1	1	0.27	0.2662	1	CC
GO:0070761	pre-snoRNP complex	1	1	0.27	0.2662	1	CC
GO:1902555	endoribonuclease complex	1	1	0.27	0.2662	1	CC
GO:0000127	transcription factor TFIIIC complex	1	1	0.27	0.2662	1	CC
GO:0030904	retromer complex	1	1	0.27	0.2662	1	CC
GO:0030906	retromer, cargo-selective complex	1	1	0.27	0.2662	1	CC
GO:0031617	NMS complex	1	1	0.27	0.2662	1	CC
GO:0070939	Dsl1/NZR complex	1	1	0.27	0.2662	1	CC
GO:0005663	DNA replication factor C complex	1	1	0.27	0.2662	1	CC
GO:0031905	early endosome lumen	1	1	0.27	0.2662	1	CC
GO:0071004	U2-type prespliceosome	1	1	0.27	0.2662	1	CC
GO:0042585	germinal vesicle	1	1	0.27	0.2662	1	CC
GO:0005655	nucleolar ribonuclease P complex	1	1	0.27	0.2662	1	CC
GO:0001940	male pronucleus	1	1	0.27	0.2662	1	CC
GO:0097648	G protein-coupled receptor complex	1	1	0.27	0.2662	1	CC
GO:0005684	U2-type spliceosomal complex	1	1	0.27	0.2662	1	CC
GO:0000786	nucleosome	1	1	0.27	0.2662	1	CC
GO:0097636	intrinsic component of autophagosome mem...	1	1	0.27	0.2662	1	CC
GO:0097637	integral component of autophagosome memb...	1	1	0.27	0.2662	1	CC
GO:0009941	chloroplast envelope	1	1	0.27	0.2662	1	CC
GO:0014801	longitudinal sarcoplasmic reticulum	1	1	0.27	0.2662	1	CC
GO:0045254	pyruvate dehydrogenase complex	1	1	0.27	0.2662	1	CC
GO:0033588	elongator holoenzyme complex	1	1	0.27	0.2662	1	CC
GO:0097470	ribbon synapse	1	1	0.27	0.2662	1	CC
GO:0090571	RNA polymerase II transcription represso...	1	1	0.27	0.2662	1	CC
GO:0035580	specific granule lumen	1	1	0.27	0.2662	1	CC
GO:0090576	RNA polymerase III transcription regulat...	1	1	0.27	0.2662	1	CC
GO:0034708	methyltransferase complex	1	1	0.27	0.2662	1	CC
GO:0031262	Ndc80 complex	1	1	0.27	0.2662	1	CC
GO:0031390	Ctf18 RFC-like complex	1	1	0.27	0.2662	1	CC
GO:0031391	Elg1 RFC-like complex	1	1	0.27	0.2662	1	CC
GO:0005726	perichromatin fibrils	1	1	0.27	0.2662	1	CC
GO:0044195	nucleoplasmic reticulum	1	1	0.27	0.2662	1	CC
GO:1990124	messenger ribonucleoprotein complex	1	1	0.27	0.2662	1	CC
GO:0045242	isocitrate dehydrogenase complex (NAD+)	1	1	0.27	0.2662	1	CC
GO:0031094	platelet dense tubular network	1	1	0.27	0.2662	1	CC
GO:0031095	platelet dense tubular network membrane	1	1	0.27	0.2662	1	CC
GO:0090533	cation-transporting ATPase complex	1	1	0.27	0.2662	1	CC
GO:0090534	calcium ion-transporting ATPase complex	1	1	0.27	0.2662	1	CC
GO:0045239	tricarboxylic acid cycle enzyme complex	1	1	0.27	0.2662	1	CC
GO:0030061	mitochondrial crista	1	1	0.27	0.2662	1	CC
GO:0030062	mitochondrial tricarboxylic acid cycle e...	1	1	0.27	0.2662	1	CC
GO:0035097	histone methyltransferase complex	1	1	0.27	0.2662	1	CC
GO:1905348	endonuclease complex	1	1	0.27	0.2662	1	CC
GO:0098533	ATPase dependent transmembrane transport...	1	1	0.27	0.2662	1	CC
GO:0098798	mitochondrial protein-containing complex	7	3	1.86	0.2772	1	CC
GO:0035861	site of double-strand break	4	2	1.06	0.289	1	CC
GO:0030660	Golgi-associated vesicle membrane	4	2	1.06	0.289	1	CC
GO:0017053	transcription repressor complex	4	2	1.06	0.289	1	CC
GO:0090734	site of DNA damage	4	2	1.06	0.289	1	CC
GO:0005758	mitochondrial intermembrane space	4	2	1.06	0.289	1	CC
GO:0044853	plasma membrane raft	14	5	3.73	0.306	1	CC
GO:0140534	endoplasmic reticulum protein-containing...	11	4	2.93	0.3313	1	CC
GO:0000779	condensed chromosome, centromeric region	11	4	2.93	0.3313	1	CC
GO:0005901	caveola	11	4	2.93	0.3313	1	CC
GO:0012506	vesicle membrane	57	17	15.17	0.3326	1	CC
GO:0005802	trans-Golgi network	18	6	4.79	0.3385	1	CC
GO:0000323	lytic vacuole	29	9	7.72	0.3586	1	CC
GO:0005667	transcription regulator complex	29	9	7.72	0.3586	1	CC
GO:0005768	endosome	47	14	12.51	0.3598	1	CC
GO:0005903	brush border	8	3	2.13	0.3618	1	CC
GO:0043198	dendritic shaft	8	3	2.13	0.3618	1	CC
GO:0010008	endosome membrane	22	7	5.86	0.364	1	CC
GO:0030659	cytoplasmic vesicle membrane	55	16	14.64	0.3847	1	CC
GO:0044815	DNA packaging complex	5	2	1.33	0.4014	1	CC
GO:0045169	fusome	5	2	1.33	0.4014	1	CC
GO:0000407	phagophore assembly site	5	2	1.33	0.4014	1	CC
GO:0030117	membrane coat	5	2	1.33	0.4014	1	CC
GO:0048475	coated membrane	5	2	1.33	0.4014	1	CC
GO:0001669	acrosomal vesicle	5	2	1.33	0.4014	1	CC
GO:0005773	vacuole	41	12	10.91	0.406	1	CC
GO:0098857	membrane microdomain	23	7	6.12	0.4148	1	CC
GO:0045121	membrane raft	23	7	6.12	0.4148	1	CC
GO:0016324	apical plasma membrane	34	10	9.05	0.4183	1	CC
GO:0005840	ribosome	16	5	4.26	0.4285	1	CC
GO:0005764	lysosome	27	8	7.19	0.4322	1	CC
GO:0044304	main axon	9	3	2.4	0.4448	1	CC
GO:0098852	lytic vacuole membrane	9	3	2.4	0.4448	1	CC
GO:0044309	neuron spine	20	6	5.32	0.4488	1	CC
GO:0043197	dendritic spine	20	6	5.32	0.4488	1	CC
GO:0001520	outer dense fiber	2	1	0.53	0.4618	1	CC
GO:0097539	ciliary transition fiber	2	1	0.53	0.4618	1	CC
GO:0005701	polytene chromosome chromocenter	2	1	0.53	0.4618	1	CC
GO:0036194	muscle cell projection	2	1	0.53	0.4618	1	CC
GO:0036195	muscle cell projection membrane	2	1	0.53	0.4618	1	CC
GO:0030964	NADH dehydrogenase complex	2	1	0.53	0.4618	1	CC
GO:1990635	proximal dendrite	2	1	0.53	0.4618	1	CC
GO:0016528	sarcoplasm	2	1	0.53	0.4618	1	CC
GO:0010369	chromocenter	2	1	0.53	0.4618	1	CC
GO:0016529	sarcoplasmic reticulum	2	1	0.53	0.4618	1	CC
GO:0032154	cleavage furrow	2	1	0.53	0.4618	1	CC
GO:0045120	pronucleus	2	1	0.53	0.4618	1	CC
GO:0046658	anchored component of plasma membrane	2	1	0.53	0.4618	1	CC
GO:0030663	COPI-coated vesicle membrane	2	1	0.53	0.4618	1	CC
GO:0000324	fungal-type vacuole	2	1	0.53	0.4618	1	CC
GO:0000329	fungal-type vacuole membrane	2	1	0.53	0.4618	1	CC
GO:0044754	autolysosome	2	1	0.53	0.4618	1	CC
GO:0031306	intrinsic component of mitochondrial out...	2	1	0.53	0.4618	1	CC
GO:0031307	integral component of mitochondrial oute...	2	1	0.53	0.4618	1	CC
GO:0030670	phagocytic vesicle membrane	2	1	0.53	0.4618	1	CC
GO:0033116	endoplasmic reticulum-Golgi intermediate...	2	1	0.53	0.4618	1	CC
GO:0048787	presynaptic active zone membrane	2	1	0.53	0.4618	1	CC
GO:0048770	pigment granule	2	1	0.53	0.4618	1	CC
GO:0031673	H zone	2	1	0.53	0.4618	1	CC
GO:0042470	melanosome	2	1	0.53	0.4618	1	CC
GO:0032592	integral component of mitochondrial memb...	2	1	0.53	0.4618	1	CC
GO:0031904	endosome lumen	2	1	0.53	0.4618	1	CC
GO:0031907	microbody lumen	2	1	0.53	0.4618	1	CC
GO:0001917	photoreceptor inner segment	2	1	0.53	0.4618	1	CC
GO:0005657	replication fork	2	1	0.53	0.4618	1	CC
GO:0046581	intercellular canaliculus	2	1	0.53	0.4618	1	CC
GO:0071458	integral component of cytoplasmic side o...	2	1	0.53	0.4618	1	CC
GO:0005782	peroxisomal matrix	2	1	0.53	0.4618	1	CC
GO:0005641	nuclear envelope lumen	2	1	0.53	0.4618	1	CC
GO:0098553	lumenal side of endoplasmic reticulum me...	2	1	0.53	0.4618	1	CC
GO:0045271	respiratory chain complex I	2	1	0.53	0.4618	1	CC
GO:0071556	integral component of lumenal side of en...	2	1	0.53	0.4618	1	CC
GO:0098573	intrinsic component of mitochondrial mem...	2	1	0.53	0.4618	1	CC
GO:0044232	organelle membrane contact site	2	1	0.53	0.4618	1	CC
GO:0036513	Derlin-1 retrotranslocation complex	2	1	0.53	0.4618	1	CC
GO:0005747	mitochondrial respiratory chain complex ...	2	1	0.53	0.4618	1	CC
GO:0031091	platelet alpha granule	2	1	0.53	0.4618	1	CC
GO:0031093	platelet alpha granule lumen	2	1	0.53	0.4618	1	CC
GO:0005732	sno(s)RNA-containing ribonucleoprotein c...	2	1	0.53	0.4618	1	CC
GO:0031225	anchored component of membrane	2	1	0.53	0.4618	1	CC
GO:0030658	transport vesicle membrane	13	4	3.46	0.4703	1	CC
GO:0022626	cytosolic ribosome	13	4	3.46	0.4703	1	CC
GO:0044391	ribosomal subunit	13	4	3.46	0.4703	1	CC
GO:0000775	chromosome, centromeric region	13	4	3.46	0.4703	1	CC
GO:0055037	recycling endosome	13	4	3.46	0.4703	1	CC
GO:0045177	apical part of cell	39	11	10.38	0.4719	1	CC
GO:0005769	early endosome	17	5	4.52	0.4885	1	CC
GO:0043235	receptor complex	17	5	4.52	0.4885	1	CC
GO:0045335	phagocytic vesicle	6	2	1.6	0.5046	1	CC
GO:0000922	spindle pole	6	2	1.6	0.5046	1	CC
GO:0005793	endoplasmic reticulum-Golgi intermediate...	6	2	1.6	0.5046	1	CC
GO:0005801	cis-Golgi network	6	2	1.6	0.5046	1	CC
GO:0031234	extrinsic component of cytoplasmic side ...	10	3	2.66	0.5232	1	CC
GO:0009897	external side of plasma membrane	10	3	2.66	0.5232	1	CC
GO:0005776	autophagosome	10	3	2.66	0.5232	1	CC
GO:0031253	cell projection membrane	33	9	8.78	0.5341	1	CC
GO:0019897	extrinsic component of plasma membrane	14	4	3.73	0.536	1	CC
GO:0042734	presynaptic membrane	14	4	3.73	0.536	1	CC
GO:0005759	mitochondrial matrix	14	4	3.73	0.536	1	CC
GO:0005774	vacuolar membrane	14	4	3.73	0.536	1	CC
GO:0098687	chromosomal region	18	5	4.79	0.5462	1	CC
GO:0005788	endoplasmic reticulum lumen	18	5	4.79	0.5462	1	CC
GO:0043231	intracellular membrane-bounded organelle	504	136	134.15	0.5485	1	CC
GO:0140513	nuclear protein-containing complex	53	14	14.11	0.5697	1	CC
GO:0005700	polytene chromosome	11	3	2.93	0.5952	1	CC
GO:0099501	exocytic vesicle membrane	11	3	2.93	0.5952	1	CC
GO:0048786	presynaptic active zone	11	3	2.93	0.5952	1	CC
GO:0045171	intercellular bridge	7	2	1.86	0.5955	1	CC
GO:0005811	lipid droplet	7	2	1.86	0.5955	1	CC
GO:0031461	cullin-RING ubiquitin ligase complex	7	2	1.86	0.5955	1	CC
GO:0001650	fibrillar center	7	2	1.86	0.5955	1	CC
GO:0042579	microbody	7	2	1.86	0.5955	1	CC
GO:0005765	lysosomal membrane	7	2	1.86	0.5955	1	CC
GO:0005777	peroxisome	7	2	1.86	0.5955	1	CC
GO:0014069	postsynaptic density	15	4	3.99	0.5975	1	CC
GO:0005819	spindle	19	5	5.06	0.6007	1	CC
GO:0016605	PML body	3	1	0.8	0.6055	1	CC
GO:0097386	glial cell projection	3	1	0.8	0.6055	1	CC
GO:0099240	intrinsic component of synaptic membrane	3	1	0.8	0.6055	1	CC
GO:0031201	SNARE complex	3	1	0.8	0.6055	1	CC
GO:0005892	acetylcholine-gated channel complex	3	1	0.8	0.6055	1	CC
GO:0098889	intrinsic component of presynaptic membr...	3	1	0.8	0.6055	1	CC
GO:0099055	integral component of postsynaptic membr...	3	1	0.8	0.6055	1	CC
GO:0099056	integral component of presynaptic membra...	3	1	0.8	0.6055	1	CC
GO:0002080	acrosomal membrane	3	1	0.8	0.6055	1	CC
GO:0099699	integral component of synaptic membrane	3	1	0.8	0.6055	1	CC
GO:0099023	vesicle tethering complex	3	1	0.8	0.6055	1	CC
GO:0030137	COPI-coated vesicle	3	1	0.8	0.6055	1	CC
GO:0000815	ESCRT III complex	3	1	0.8	0.6055	1	CC
GO:0098839	postsynaptic density membrane	3	1	0.8	0.6055	1	CC
GO:0005814	centriole	3	1	0.8	0.6055	1	CC
GO:0098803	respiratory chain complex	3	1	0.8	0.6055	1	CC
GO:0098936	intrinsic component of postsynaptic memb...	3	1	0.8	0.6055	1	CC
GO:0032593	insulin-responsive compartment	3	1	0.8	0.6055	1	CC
GO:0031902	late endosome membrane	3	1	0.8	0.6055	1	CC
GO:0031903	microbody membrane	3	1	0.8	0.6055	1	CC
GO:0070469	respirasome	3	1	0.8	0.6055	1	CC
GO:0005681	spliceosomal complex	3	1	0.8	0.6055	1	CC
GO:0005767	secondary lysosome	3	1	0.8	0.6055	1	CC
GO:0099634	postsynaptic specialization membrane	3	1	0.8	0.6055	1	CC
GO:0001772	immunological synapse	3	1	0.8	0.6055	1	CC
GO:0098554	cytoplasmic side of endoplasmic reticulu...	3	1	0.8	0.6055	1	CC
GO:0055120	striated muscle dense body	3	1	0.8	0.6055	1	CC
GO:0005778	peroxisomal membrane	3	1	0.8	0.6055	1	CC
GO:0031523	Myb complex	3	1	0.8	0.6055	1	CC
GO:0031528	microvillus membrane	3	1	0.8	0.6055	1	CC
GO:0098576	lumenal side of membrane	3	1	0.8	0.6055	1	CC
GO:0097449	astrocyte projection	3	1	0.8	0.6055	1	CC
GO:0005746	mitochondrial respirasome	3	1	0.8	0.6055	1	CC
GO:0005622	intracellular anatomical structure	611	163	162.63	0.6063	1	CC
GO:0031410	cytoplasmic vesicle	104	27	27.68	0.6076	1	CC
GO:0097708	intracellular vesicle	104	27	27.68	0.6076	1	CC
GO:0070382	exocytic vesicle	27	7	7.19	0.6081	1	CC
GO:0045178	basal part of cell	24	6	6.39	0.6507	1	CC
GO:0005635	nuclear envelope	24	6	6.39	0.6507	1	CC
GO:0005654	nucleoplasm	167	43	44.45	0.6509	1	CC
GO:0030139	endocytic vesicle	16	4	4.26	0.6538	1	CC
GO:0000793	condensed chromosome	16	4	4.26	0.6538	1	CC
GO:0005615	extracellular space	36	9	9.58	0.6539	1	CC
GO:0016020	membrane	298	82	79.32	0.6539	1	CC
GO:0036064	ciliary basal body	12	3	3.19	0.6597	1	CC
GO:0098862	cluster of actin-based cell projections	12	3	3.19	0.6597	1	CC
GO:0005741	mitochondrial outer membrane	12	3	3.19	0.6597	1	CC
GO:0043227	membrane-bounded organelle	521	139	138.67	0.6609	1	CC
GO:0098588	bounding membrane of organelle	107	34	28.48	0.671	1	CC
GO:0032993	protein-DNA complex	8	2	2.13	0.6734	1	CC
GO:0036126	sperm flagellum	8	2	2.13	0.6734	1	CC
GO:0005798	Golgi-associated vesicle	8	2	2.13	0.6734	1	CC
GO:0097729	9+2 motile cilium	8	2	2.13	0.6734	1	CC
GO:0043195	terminal bouton	8	2	2.13	0.6734	1	CC
GO:0005783	endoplasmic reticulum	103	26	27.42	0.675	1	CC
GO:0030133	transport vesicle	33	8	8.78	0.6901	1	CC
GO:0098552	side of membrane	33	8	8.78	0.6901	1	CC
GO:0098984	neuron to neuron synapse	17	4	4.52	0.7046	1	CC
GO:0032589	neuron projection membrane	17	4	4.52	0.7046	1	CC
GO:0032279	asymmetric synapse	17	4	4.52	0.7046	1	CC
GO:0099572	postsynaptic specialization	17	4	4.52	0.7046	1	CC
GO:0000322	storage vacuole	4	1	1.06	0.711	1	CC
GO:0098800	inner mitochondrial membrane protein com...	4	1	1.06	0.711	1	CC
GO:0005790	smooth endoplasmic reticulum	4	1	1.06	0.711	1	CC
GO:0005796	Golgi lumen	4	1	1.06	0.711	1	CC
GO:0042581	specific granule	4	1	1.06	0.711	1	CC
GO:0036452	ESCRT complex	4	1	1.06	0.711	1	CC
GO:0032587	ruffle membrane	4	1	1.06	0.711	1	CC
GO:0005643	nuclear pore	4	1	1.06	0.711	1	CC
GO:0055038	recycling endosome membrane	4	1	1.06	0.711	1	CC
GO:0000421	autophagosome membrane	4	1	1.06	0.711	1	CC
GO:0031968	organelle outer membrane	13	3	3.46	0.7166	1	CC
GO:0019867	outer membrane	13	3	3.46	0.7166	1	CC
GO:0005815	microtubule organizing center	34	8	9.05	0.7252	1	CC
GO:0005813	centrosome	26	6	6.92	0.7329	1	CC
GO:0030666	endocytic vesicle membrane	9	2	2.4	0.7387	1	CC
GO:0005770	late endosome	9	2	2.4	0.7387	1	CC
GO:0005902	microvillus	9	2	2.4	0.7387	1	CC
GO:0098562	cytoplasmic side of membrane	22	5	5.86	0.7397	1	CC
GO:0031256	leading edge membrane	22	5	5.86	0.7397	1	CC
GO:0031982	vesicle	110	27	29.28	0.7417	1	CC
GO:0015630	microtubule cytoskeleton	55	13	14.64	0.7484	1	CC
GO:0042383	sarcolemma	14	3	3.73	0.7658	1	CC
GO:0005730	nucleolus	60	14	15.97	0.7726	1	CC
GO:0005794	Golgi apparatus	73	25	19.43	0.778	1	CC
GO:0070160	tight junction	5	1	1.33	0.7884	1	CC
GO:0070820	tertiary granule	5	1	1.33	0.7884	1	CC
GO:0031672	A band	5	1	1.33	0.7884	1	CC
GO:0005875	microtubule associated complex	5	1	1.33	0.7884	1	CC
GO:1902554	serine/threonine protein kinase complex	5	1	1.33	0.7884	1	CC
GO:0070938	contractile ring	5	1	1.33	0.7884	1	CC
GO:0005923	bicellular tight junction	5	1	1.33	0.7884	1	CC
GO:0032580	Golgi cisterna membrane	5	1	1.33	0.7884	1	CC
GO:0005771	multivesicular body	5	1	1.33	0.7884	1	CC
GO:0016607	nuclear speck	19	4	5.06	0.7897	1	CC
GO:0009898	cytoplasmic side of plasma membrane	19	4	5.06	0.7897	1	CC
GO:0019898	extrinsic component of membrane	19	4	5.06	0.7897	1	CC
GO:0016323	basolateral plasma membrane	19	4	5.06	0.7897	1	CC
GO:0009925	basal plasma membrane	19	4	5.06	0.7897	1	CC
GO:0031965	nuclear membrane	10	2	2.66	0.7926	1	CC
GO:0030672	synaptic vesicle membrane	10	2	2.66	0.7926	1	CC
GO:0098802	plasma membrane signaling receptor compl...	10	2	2.66	0.7926	1	CC
GO:0032809	neuronal cell body membrane	15	3	3.99	0.8079	1	CC
GO:0044298	cell body membrane	15	3	3.99	0.8079	1	CC
GO:0045202	synapse	74	17	19.7	0.8128	1	CC
GO:0098590	plasma membrane region	74	17	19.7	0.8128	1	CC
GO:0031981	nuclear lumen	200	49	53.23	0.8171	1	CC
GO:0008021	synaptic vesicle	20	4	5.32	0.8243	1	CC
GO:1990904	ribonucleoprotein complex	46	10	12.24	0.8281	1	CC
GO:0098793	presynapse	46	10	12.24	0.8281	1	CC
GO:0043226	organelle	557	146	148.25	0.8361	1	CC
GO:0030496	midbody	11	2	2.93	0.8364	1	CC
GO:0022625	cytosolic large ribosomal subunit	11	2	2.93	0.8364	1	CC
GO:0015934	large ribosomal subunit	11	2	2.93	0.8364	1	CC
GO:0043209	myelin sheath	11	2	2.93	0.8364	1	CC
GO:0098794	postsynapse	38	8	10.11	0.8385	1	CC
GO:0043229	intracellular organelle	546	143	145.33	0.8387	1	CC
GO:0031248	protein acetyltransferase complex	6	1	1.6	0.8451	1	CC
GO:0070062	extracellular exosome	6	1	1.6	0.8451	1	CC
GO:1902911	protein kinase complex	6	1	1.6	0.8451	1	CC
GO:1902493	acetyltransferase complex	6	1	1.6	0.8451	1	CC
GO:0005881	cytoplasmic microtubule	6	1	1.6	0.8451	1	CC
GO:1903561	extracellular vesicle	6	1	1.6	0.8451	1	CC
GO:0000794	condensed nuclear chromosome	6	1	1.6	0.8451	1	CC
GO:0000123	histone acetyltransferase complex	6	1	1.6	0.8451	1	CC
GO:0043296	apical junction complex	6	1	1.6	0.8451	1	CC
GO:0031901	early endosome membrane	6	1	1.6	0.8451	1	CC
GO:0065010	extracellular membrane-bounded organelle	6	1	1.6	0.8451	1	CC
GO:0034704	calcium channel complex	6	1	1.6	0.8451	1	CC
GO:0043230	extracellular organelle	6	1	1.6	0.8451	1	CC
GO:0016591	RNA polymerase II, holoenzyme	6	1	1.6	0.8451	1	CC
GO:1990234	transferase complex	34	7	9.05	0.8455	1	CC
GO:0045211	postsynaptic membrane	21	4	5.59	0.8541	1	CC
GO:0048471	perinuclear region of cytoplasm	43	9	11.45	0.8541	1	CC
GO:0099503	secretory vesicle	52	11	13.84	0.8637	1	CC
GO:0044306	neuron projection terminus	12	2	3.19	0.8718	1	CC
GO:0043679	axon terminus	12	2	3.19	0.8718	1	CC
GO:0005874	microtubule	12	2	3.19	0.8718	1	CC
GO:0061695	transferase complex, transferring phosph...	12	2	3.19	0.8718	1	CC
GO:0090575	RNA polymerase II transcription regulato...	12	2	3.19	0.8718	1	CC
GO:0031514	motile cilium	12	2	3.19	0.8718	1	CC
GO:0031974	membrane-enclosed lumen	240	58	63.88	0.8784	1	CC
GO:0070013	intracellular organelle lumen	240	58	63.88	0.8784	1	CC
GO:0043233	organelle lumen	240	58	63.88	0.8784	1	CC
GO:0005634	nucleus	313	77	83.31	0.8845	1	CC
GO:0030054	cell junction	95	21	25.29	0.8863	1	CC
GO:0030880	RNA polymerase complex	7	1	1.86	0.8867	1	CC
GO:0016363	nuclear matrix	7	1	1.86	0.8867	1	CC
GO:0031674	I band	7	1	1.86	0.8867	1	CC
GO:0055029	nuclear DNA-directed RNA polymerase comp...	7	1	1.86	0.8867	1	CC
GO:0001726	ruffle	7	1	1.86	0.8867	1	CC
GO:0000428	DNA-directed RNA polymerase complex	7	1	1.86	0.8867	1	CC
GO:0043204	perikaryon	7	1	1.86	0.8867	1	CC
GO:0097060	synaptic membrane	27	5	7.19	0.8874	1	CC
GO:0005886	plasma membrane	191	45	50.84	0.8911	1	CC
GO:1902494	catalytic complex	71	15	18.9	0.8964	1	CC
GO:0071944	cell periphery	204	48	54.3	0.9028	1	CC
GO:0072686	mitotic spindle	8	1	2.13	0.9172	1	CC
GO:0098563	intrinsic component of synaptic vesicle ...	8	1	2.13	0.9172	1	CC
GO:0034399	nuclear periphery	8	1	2.13	0.9172	1	CC
GO:0030285	integral component of synaptic vesicle m...	8	1	2.13	0.9172	1	CC
GO:0012505	endomembrane system	218	57	58.02	0.9174	1	CC
GO:0005576	extracellular region	60	12	15.97	0.9177	1	CC
GO:0030427	site of polarized growth	19	3	5.06	0.9181	1	CC
GO:0005938	cell cortex	24	4	6.39	0.9191	1	CC
GO:0000151	ubiquitin ligase complex	14	2	3.73	0.9224	1	CC
GO:0099513	polymeric cytoskeletal fiber	20	3	5.32	0.9347	1	CC
GO:0030141	secretory granule	30	5	7.98	0.9359	1	CC
GO:0005829	cytosol	259	61	68.94	0.9361	1	CC
GO:0005844	polysome	9	1	2.4	0.9395	1	CC
GO:0005925	focal adhesion	9	1	2.4	0.9395	1	CC
GO:0005737	cytoplasm	509	130	135.48	0.95	1	CC
GO:0140535	intracellular protein-containing complex	41	7	10.91	0.9518	1	CC
GO:0098858	actin-based cell projection	16	2	4.26	0.9538	1	CC
GO:0043025	neuronal cell body	64	12	17.03	0.9542	1	CC
GO:0150034	distal axon	27	4	7.19	0.957	1	CC
GO:0098796	membrane protein complex	60	11	15.97	0.9573	1	CC
GO:0036477	somatodendritic compartment	78	15	20.76	0.9596	1	CC
GO:0030424	axon	56	10	14.91	0.9606	1	CC
GO:0044297	cell body	65	12	17.3	0.9607	1	CC
GO:0030425	dendrite	57	10	15.17	0.9667	1	CC
GO:0097447	dendritic tree	57	10	15.17	0.9667	1	CC
GO:0030667	secretory granule membrane	11	1	2.93	0.9678	1	CC
GO:0030426	growth cone	18	2	4.79	0.9728	1	CC
GO:1902495	transmembrane transporter complex	24	3	6.39	0.9746	1	CC
GO:1990351	transporter complex	24	3	6.39	0.9746	1	CC
GO:0030017	sarcomere	12	1	3.19	0.9765	1	CC
GO:0031983	vesicle lumen	12	1	3.19	0.9765	1	CC
GO:0060205	cytoplasmic vesicle lumen	12	1	3.19	0.9765	1	CC
GO:0034774	secretory granule lumen	12	1	3.19	0.9765	1	CC
GO:0030055	cell-substrate junction	12	1	3.19	0.9765	1	CC
GO:0099568	cytoplasmic region	30	4	7.98	0.9779	1	CC
GO:0043292	contractile fiber	19	2	5.06	0.9793	1	CC
GO:0031252	cell leading edge	36	5	9.58	0.9814	1	CC
GO:0030027	lamellipodium	13	1	3.46	0.9829	1	CC
GO:0097730	non-motile cilium	13	1	3.46	0.9829	1	CC
GO:0031594	neuromuscular junction	20	2	5.32	0.9842	1	CC
GO:0030016	myofibril	14	1	3.73	0.9875	1	CC
GO:0016604	nuclear body	43	6	11.45	0.9875	1	CC
GO:0034702	ion channel complex	21	2	5.59	0.988	1	CC
GO:0099081	supramolecular polymer	39	5	10.38	0.9904	1	CC
GO:0099512	supramolecular fiber	39	5	10.38	0.9904	1	CC
GO:0005912	adherens junction	15	1	3.99	0.9909	1	CC
GO:0043228	non-membrane-bounded organelle	202	42	53.77	0.9911	1	CC
GO:0043232	intracellular non-membrane-bounded organ...	202	42	53.77	0.9911	1	CC
GO:0032991	protein-containing complex	250	54	66.54	0.9914	1	CC
GO:0099080	supramolecular complex	55	8	14.64	0.9917	1	CC
GO:0005929	cilium	45	6	11.98	0.9919	1	CC
GO:0120025	plasma membrane bounded cell projection	134	25	35.67	0.9939	1	CC
GO:0042995	cell projection	134	25	35.67	0.9939	1	CC
GO:0005911	cell-cell junction	30	3	7.98	0.9944	1	CC
GO:0034703	cation channel complex	18	1	4.79	0.9965	1	CC
GO:0070161	anchoring junction	32	3	8.52	0.9967	1	CC
GO:0005856	cytoskeleton	85	13	22.62	0.9973	1	CC
GO:0015629	actin cytoskeleton	19	1	5.06	0.9975	1	CC
GO:0043005	neuron projection	95	14	25.29	0.999	1	CC
GO:0098797	plasma membrane protein complex	30	2	7.98	0.9991	1	CC
GO:0005575	cellular_component	665	177	177	1	1	CC
GO:0110165	cellular anatomical entity	665	177	177	1	1	CC
