GO.ID	Term	Annotated	Significant	Expected	pval_test	pval_adj	ontology
GO:0002029	desensitization of G protein-coupled rec...	9	5	0.83	0.00059	1	BP
GO:0003084	positive regulation of systemic arterial...	9	5	0.83	0.00059	1	BP
GO:0003016	respiratory system process	7	4	0.65	0.00197	1	BP
GO:0001666	response to hypoxia	74	15	6.83	0.00234	1	BP
GO:0036098	male germ-line stem cell population main...	4	3	0.37	0.00289	1	BP
GO:0046689	response to mercury ion	4	3	0.37	0.00289	1	BP
GO:0042596	fear response	12	5	1.11	0.00294	1	BP
GO:0086004	regulation of cardiac muscle cell contra...	8	4	0.74	0.00367	1	BP
GO:0044550	secondary metabolite biosynthetic proces...	8	4	0.74	0.00367	1	BP
GO:0055088	lipid homeostasis	30	8	2.77	0.00449	1	BP
GO:0014047	glutamate secretion	9	4	0.83	0.00613	1	BP
GO:0031649	heat generation	5	3	0.46	0.00674	1	BP
GO:0002021	response to dietary excess	5	3	0.46	0.00674	1	BP
GO:1990845	adaptive thermogenesis	5	3	0.46	0.00674	1	BP
GO:0003009	skeletal muscle contraction	5	3	0.46	0.00674	1	BP
GO:0034975	protein folding in endoplasmic reticulum	5	3	0.46	0.00674	1	BP
GO:0061885	positive regulation of mini excitatory p...	2	2	0.18	0.00849	1	BP
GO:0098630	aggregation of unicellular organisms	2	2	0.18	0.00849	1	BP
GO:1990911	response to psychosocial stress	2	2	0.18	0.00849	1	BP
GO:0035309	wing and notum subfield formation	2	2	0.18	0.00849	1	BP
GO:1901098	positive regulation of autophagosome mat...	2	2	0.18	0.00849	1	BP
GO:0060080	inhibitory postsynaptic potential	2	2	0.18	0.00849	1	BP
GO:0001996	positive regulation of heart rate by epi...	2	2	0.18	0.00849	1	BP
GO:0061051	positive regulation of cell growth invol...	2	2	0.18	0.00849	1	BP
GO:2000766	negative regulation of cytoplasmic trans...	2	2	0.18	0.00849	1	BP
GO:1905665	positive regulation of calcium ion impor...	2	2	0.18	0.00849	1	BP
GO:1900135	positive regulation of renin secretion i...	2	2	0.18	0.00849	1	BP
GO:0006751	glutathione catabolic process	2	2	0.18	0.00849	1	BP
GO:0002025	norepinephrine-epinephrine-mediated vaso...	2	2	0.18	0.00849	1	BP
GO:0032049	cardiolipin biosynthetic process	2	2	0.18	0.00849	1	BP
GO:0003061	positive regulation of the force of hear...	2	2	0.18	0.00849	1	BP
GO:2000623	negative regulation of nuclear-transcrib...	2	2	0.18	0.00849	1	BP
GO:0003059	positive regulation of the force of hear...	2	2	0.18	0.00849	1	BP
GO:0008295	spermidine biosynthetic process	2	2	0.18	0.00849	1	BP
GO:0008215	spermine metabolic process	2	2	0.18	0.00849	1	BP
GO:0002328	pro-B cell differentiation	2	2	0.18	0.00849	1	BP
GO:0031152	aggregation involved in sorocarp develop...	2	2	0.18	0.00849	1	BP
GO:2000969	positive regulation of AMPA receptor act...	2	2	0.18	0.00849	1	BP
GO:0106071	positive regulation of adenylate cyclase...	2	2	0.18	0.00849	1	BP
GO:1904645	response to amyloid-beta	10	4	0.92	0.00948	1	BP
GO:0006750	glutathione biosynthetic process	10	4	0.92	0.00948	1	BP
GO:1900271	regulation of long-term synaptic potenti...	10	4	0.92	0.00948	1	BP
GO:0034620	cellular response to unfolded protein	28	7	2.59	0.01131	1	BP
GO:1900047	negative regulation of hemostasis	6	3	0.55	0.01257	1	BP
GO:0070328	triglyceride homeostasis	6	3	0.55	0.01257	1	BP
GO:0030195	negative regulation of blood coagulation	6	3	0.55	0.01257	1	BP
GO:0090280	positive regulation of calcium ion impor...	6	3	0.55	0.01257	1	BP
GO:0050819	negative regulation of coagulation	6	3	0.55	0.01257	1	BP
GO:0055090	acylglycerol homeostasis	6	3	0.55	0.01257	1	BP
GO:0014048	regulation of glutamate secretion	6	3	0.55	0.01257	1	BP
GO:0071900	regulation of protein serine/threonine k...	88	15	8.13	0.01266	1	BP
GO:0045932	negative regulation of muscle contractio...	11	4	1.02	0.01384	1	BP
GO:0071453	cellular response to oxygen levels	43	9	3.97	0.01421	1	BP
GO:0031396	regulation of protein ubiquitination	43	9	3.97	0.01421	1	BP
GO:0031646	positive regulation of nervous system pr...	23	6	2.12	0.01519	1	BP
GO:0006814	sodium ion transport	44	9	4.06	0.01648	1	BP
GO:0031398	positive regulation of protein ubiquitin...	30	7	2.77	0.01661	1	BP
GO:0051338	regulation of transferase activity	159	23	14.69	0.01669	1	BP
GO:0071456	cellular response to hypoxia	37	8	3.42	0.01688	1	BP
GO:0051931	regulation of sensory perception	24	6	2.22	0.01874	1	BP
GO:0009415	response to water	12	4	1.11	0.01929	1	BP
GO:0036294	cellular response to decreased oxygen le...	38	8	3.51	0.01974	1	BP
GO:0010460	positive regulation of heart rate	9	5	0.83	0.01998	1	BP
GO:0019217	regulation of fatty acid metabolic proce...	18	5	1.66	0.02013	1	BP
GO:1903320	regulation of protein modification by sm...	53	10	4.9	0.02034	1	BP
GO:0032891	negative regulation of organic acid tran...	7	3	0.65	0.02052	1	BP
GO:0044247	cellular polysaccharide catabolic proces...	7	3	0.65	0.02052	1	BP
GO:1904646	cellular response to amyloid-beta	7	3	0.65	0.02052	1	BP
GO:0045761	regulation of adenylate cyclase activity	7	3	0.65	0.02052	1	BP
GO:0097421	liver regeneration	7	3	0.65	0.02052	1	BP
GO:0008333	endosome to lysosome transport	7	3	0.65	0.02052	1	BP
GO:1900273	positive regulation of long-term synapti...	7	3	0.65	0.02052	1	BP
GO:0000272	polysaccharide catabolic process	7	3	0.65	0.02052	1	BP
GO:1901798	positive regulation of signal transducti...	7	3	0.65	0.02052	1	BP
GO:0005980	glycogen catabolic process	7	3	0.65	0.02052	1	BP
GO:0009251	glucan catabolic process	7	3	0.65	0.02052	1	BP
GO:0030968	endoplasmic reticulum unfolded protein r...	25	6	2.31	0.02282	1	BP
GO:0035967	cellular response to topologically incor...	32	7	2.96	0.02345	1	BP
GO:0019216	regulation of lipid metabolic process	70	12	6.47	0.02377	1	BP
GO:1903795	regulation of inorganic anion transmembr...	3	2	0.28	0.02391	1	BP
GO:0043455	regulation of secondary metabolic proces...	3	2	0.28	0.02391	1	BP
GO:0010510	regulation of acetyl-CoA biosynthetic pr...	3	2	0.28	0.02391	1	BP
GO:0010544	negative regulation of platelet activati...	3	2	0.28	0.02391	1	BP
GO:0006086	acetyl-CoA biosynthetic process from pyr...	3	2	0.28	0.02391	1	BP
GO:0003223	ventricular compact myocardium morphogen...	3	2	0.28	0.02391	1	BP
GO:0050996	positive regulation of lipid catabolic p...	3	2	0.28	0.02391	1	BP
GO:0042590	antigen processing and presentation of e...	3	2	0.28	0.02391	1	BP
GO:1904502	regulation of lipophagy	3	2	0.28	0.02391	1	BP
GO:1904504	positive regulation of lipophagy	3	2	0.28	0.02391	1	BP
GO:1900376	regulation of secondary metabolite biosy...	3	2	0.28	0.02391	1	BP
GO:1900377	negative regulation of secondary metabol...	3	2	0.28	0.02391	1	BP
GO:0048021	regulation of melanin biosynthetic proce...	3	2	0.28	0.02391	1	BP
GO:0048022	negative regulation of melanin biosynthe...	3	2	0.28	0.02391	1	BP
GO:2000286	receptor internalization involved in can...	3	2	0.28	0.02391	1	BP
GO:0090331	negative regulation of platelet aggregat...	3	2	0.28	0.02391	1	BP
GO:0007171	activation of transmembrane receptor pro...	3	2	0.28	0.02391	1	BP
GO:0035881	amacrine cell differentiation	3	2	0.28	0.02391	1	BP
GO:0002086	diaphragm contraction	3	2	0.28	0.02391	1	BP
GO:0035811	negative regulation of urine volume	3	2	0.28	0.02391	1	BP
GO:0002032	desensitization of G protein-coupled rec...	3	2	0.28	0.02391	1	BP
GO:0006620	post-translational protein targeting to ...	3	2	0.28	0.02391	1	BP
GO:0030252	growth hormone secretion	3	2	0.28	0.02391	1	BP
GO:0007567	parturition	3	2	0.28	0.02391	1	BP
GO:0050812	regulation of acyl-CoA biosynthetic proc...	3	2	0.28	0.02391	1	BP
GO:0061724	lipophagy	3	2	0.28	0.02391	1	BP
GO:0014050	negative regulation of glutamate secreti...	3	2	0.28	0.02391	1	BP
GO:0042438	melanin biosynthetic process	3	2	0.28	0.02391	1	BP
GO:1900046	regulation of hemostasis	13	4	1.2	0.02589	1	BP
GO:0030193	regulation of blood coagulation	13	4	1.2	0.02589	1	BP
GO:0050818	regulation of coagulation	13	4	1.2	0.02589	1	BP
GO:0045444	fat cell differentiation	26	6	2.4	0.02746	1	BP
GO:1905952	regulation of lipid localization	26	6	2.4	0.02746	1	BP
GO:0006986	response to unfolded protein	33	7	3.05	0.02751	1	BP
GO:1903792	negative regulation of anion transport	8	3	0.74	0.03063	1	BP
GO:0042694	muscle cell fate specification	8	3	0.74	0.03063	1	BP
GO:0035809	regulation of urine volume	8	3	0.74	0.03063	1	BP
GO:0051339	regulation of lyase activity	8	3	0.74	0.03063	1	BP
GO:1905953	negative regulation of lipid localizatio...	8	3	0.74	0.03063	1	BP
GO:0048168	regulation of neuronal synaptic plastici...	8	3	0.74	0.03063	1	BP
GO:0045986	negative regulation of smooth muscle con...	8	3	0.74	0.03063	1	BP
GO:0045047	protein targeting to ER	20	5	1.85	0.03131	1	BP
GO:0035637	multicellular organismal signaling	34	7	3.14	0.03202	1	BP
GO:1903322	positive regulation of protein modificat...	34	7	3.14	0.03202	1	BP
GO:0031323	regulation of cellular metabolic process	797	89	73.61	0.03225	1	BP
GO:0034976	response to endoplasmic reticulum stress	57	10	5.26	0.03256	1	BP
GO:0032890	regulation of organic acid transport	14	4	1.29	0.03369	1	BP
GO:0072599	establishment of protein localization to...	21	5	1.94	0.03811	1	BP
GO:0045859	regulation of protein kinase activity	128	18	11.82	0.0422	1	BP
GO:0050728	negative regulation of inflammatory resp...	15	4	1.39	0.04272	1	BP
GO:0015918	sterol transport	9	3	0.83	0.04289	1	BP
GO:0002209	behavioral defense response	9	3	0.83	0.04289	1	BP
GO:0001662	behavioral fear response	9	3	0.83	0.04289	1	BP
GO:0051955	regulation of amino acid transport	9	3	0.83	0.04289	1	BP
GO:0061045	negative regulation of wound healing	9	3	0.83	0.04289	1	BP
GO:0046718	viral entry into host cell	9	3	0.83	0.04289	1	BP
GO:0090279	regulation of calcium ion import	9	3	0.83	0.04289	1	BP
GO:0050873	brown fat cell differentiation	9	3	0.83	0.04289	1	BP
GO:0031279	regulation of cyclase activity	9	3	0.83	0.04289	1	BP
GO:0006085	acetyl-CoA biosynthetic process	4	2	0.37	0.04493	1	BP
GO:0048633	positive regulation of skeletal muscle t...	4	2	0.37	0.04493	1	BP
GO:0042762	regulation of sulfur metabolic process	4	2	0.37	0.04493	1	BP
GO:0021538	epithalamus development	4	2	0.37	0.04493	1	BP
GO:0034111	negative regulation of homotypic cell-ce...	4	2	0.37	0.04493	1	BP
GO:0098909	regulation of cardiac muscle cell action...	4	2	0.37	0.04493	1	BP
GO:1900451	positive regulation of glutamate recepto...	4	2	0.37	0.04493	1	BP
GO:0021986	habenula development	4	2	0.37	0.04493	1	BP
GO:0044849	estrous cycle	4	2	0.37	0.04493	1	BP
GO:0006103	2-oxoglutarate metabolic process	4	2	0.37	0.04493	1	BP
GO:0045762	positive regulation of adenylate cyclase...	4	2	0.37	0.04493	1	BP
GO:0002904	positive regulation of B cell apoptotic ...	4	2	0.37	0.04493	1	BP
GO:0007190	activation of adenylate cyclase activity	4	2	0.37	0.04493	1	BP
GO:0060456	positive regulation of digestive system ...	4	2	0.37	0.04493	1	BP
GO:0090330	regulation of platelet aggregation	4	2	0.37	0.04493	1	BP
GO:0045822	negative regulation of heart contraction	4	2	0.37	0.04493	1	BP
GO:0002087	regulation of respiratory gaseous exchan...	4	2	0.37	0.04493	1	BP
GO:0002024	diet induced thermogenesis	4	2	0.37	0.04493	1	BP
GO:0071462	cellular response to water stimulus	4	2	0.37	0.04493	1	BP
GO:0010457	centriole-centriole cohesion	4	2	0.37	0.04493	1	BP
GO:0046877	regulation of saliva secretion	4	2	0.37	0.04493	1	BP
GO:0046878	positive regulation of saliva secretion	4	2	0.37	0.04493	1	BP
GO:0009303	rRNA transcription	4	2	0.37	0.04493	1	BP
GO:0003011	involuntary skeletal muscle contraction	4	2	0.37	0.04493	1	BP
GO:0048169	regulation of long-term neuronal synapti...	4	2	0.37	0.04493	1	BP
GO:0038166	angiotensin-activated signaling pathway	4	2	0.37	0.04493	1	BP
GO:0009414	response to water deprivation	4	2	0.37	0.04493	1	BP
GO:0050884	neuromuscular process controlling postur...	4	2	0.37	0.04493	1	BP
GO:0007512	adult heart development	4	2	0.37	0.04493	1	BP
GO:0044065	regulation of respiratory system process	4	2	0.37	0.04493	1	BP
GO:0010739	positive regulation of protein kinase A ...	4	2	0.37	0.04493	1	BP
GO:0045988	negative regulation of striated muscle c...	4	2	0.37	0.04493	1	BP
GO:0051100	negative regulation of binding	29	6	2.68	0.04496	1	BP
GO:0051930	regulation of sensory perception of pain	22	5	2.03	0.04575	1	BP
GO:0061041	regulation of wound healing	22	5	2.03	0.04575	1	BP
GO:0006813	potassium ion transport	37	7	3.42	0.04846	1	BP
GO:0007613	memory	53	9	4.9	0.04998	1	BP
GO:0006874	cellular calcium ion homeostasis	78	12	7.2	0.05041	1	BP
GO:0010565	regulation of cellular ketone metabolic ...	30	6	2.77	0.05205	1	BP
GO:0010883	regulation of lipid storage	16	4	1.48	0.05298	1	BP
GO:0006940	regulation of smooth muscle contraction	16	4	1.48	0.05298	1	BP
GO:0044773	mitotic DNA damage checkpoint signaling	16	4	1.48	0.05298	1	BP
GO:0006112	energy reserve metabolic process	16	4	1.48	0.05298	1	BP
GO:0070972	protein localization to endoplasmic reti...	23	5	2.12	0.05424	1	BP
GO:0044264	cellular polysaccharide metabolic proces...	23	5	2.12	0.05424	1	BP
GO:0035725	sodium ion transmembrane transport	38	7	3.51	0.05494	1	BP
GO:0035966	response to topologically incorrect prot...	38	7	3.51	0.05494	1	BP
GO:0097193	intrinsic apoptotic signaling pathway	54	9	4.99	0.05537	1	BP
GO:0045823	positive regulation of heart contraction	12	5	1.11	0.0558	1	BP
GO:0010524	positive regulation of calcium ion trans...	10	3	0.92	0.0572	1	BP
GO:1903523	negative regulation of blood circulation	10	3	0.92	0.0572	1	BP
GO:0033866	nucleoside bisphosphate biosynthetic pro...	10	3	0.92	0.0572	1	BP
GO:0032941	secretion by tissue	10	3	0.92	0.0572	1	BP
GO:0090207	regulation of triglyceride metabolic pro...	10	3	0.92	0.0572	1	BP
GO:1904385	cellular response to angiotensin	10	3	0.92	0.0572	1	BP
GO:0034030	ribonucleoside bisphosphate biosynthetic...	10	3	0.92	0.0572	1	BP
GO:0034033	purine nucleoside bisphosphate biosynthe...	10	3	0.92	0.0572	1	BP
GO:0019438	aromatic compound biosynthetic process	576	63	53.2	0.05794	1	BP
GO:0044237	cellular metabolic process	1407	143	129.95	0.05852	1	BP
GO:1901362	organic cyclic compound biosynthetic pro...	597	65	55.14	0.05857	1	BP
GO:0072503	cellular divalent inorganic cation homeo...	80	12	7.39	0.05941	1	BP
GO:0015980	energy derivation by oxidation of organi...	55	9	5.08	0.06113	1	BP
GO:0031326	regulation of cellular biosynthetic proc...	544	61	50.24	0.06119	1	BP
GO:1903034	regulation of response to wounding	39	7	3.6	0.06195	1	BP
GO:0000077	DNA damage checkpoint signaling	24	5	2.22	0.06358	1	BP
GO:0043627	response to estrogen	24	5	2.22	0.06358	1	BP
GO:0005976	polysaccharide metabolic process	24	5	2.22	0.06358	1	BP
GO:0019932	second-messenger-mediated signaling	81	12	7.48	0.06429	1	BP
GO:0043266	regulation of potassium ion transport	17	4	1.57	0.06445	1	BP
GO:0042693	muscle cell fate commitment	17	4	1.57	0.06445	1	BP
GO:0035249	synaptic transmission, glutamatergic	17	4	1.57	0.06445	1	BP
GO:0043949	regulation of cAMP-mediated signaling	17	4	1.57	0.06445	1	BP
GO:0070509	calcium ion import	17	4	1.57	0.06445	1	BP
GO:0006631	fatty acid metabolic process	64	10	5.91	0.06496	1	BP
GO:0000075	cell cycle checkpoint signaling	32	6	2.96	0.06816	1	BP
GO:0045834	positive regulation of lipid metabolic p...	32	6	2.96	0.06816	1	BP
GO:0055074	calcium ion homeostasis	82	12	7.57	0.06943	1	BP
GO:0070588	calcium ion transmembrane transport	59	11	5.45	0.07015	1	BP
GO:0050651	dermatan sulfate proteoglycan biosynthet...	5	2	0.46	0.0704	1	BP
GO:0050655	dermatan sulfate proteoglycan metabolic ...	5	2	0.46	0.0704	1	BP
GO:0033344	cholesterol efflux	5	2	0.46	0.0704	1	BP
GO:0010543	regulation of platelet activation	5	2	0.46	0.0704	1	BP
GO:0048631	regulation of skeletal muscle tissue gro...	5	2	0.46	0.0704	1	BP
GO:2000481	positive regulation of cAMP-dependent pr...	5	2	0.46	0.0704	1	BP
GO:0006356	regulation of transcription by RNA polym...	5	2	0.46	0.0704	1	BP
GO:0051956	negative regulation of amino acid transp...	5	2	0.46	0.0704	1	BP
GO:0090075	relaxation of muscle	5	2	0.46	0.0704	1	BP
GO:0043576	regulation of respiratory gaseous exchan...	5	2	0.46	0.0704	1	BP
GO:0016486	peptide hormone processing	5	2	0.46	0.0704	1	BP
GO:1903959	regulation of anion transmembrane transp...	5	2	0.46	0.0704	1	BP
GO:2000727	positive regulation of cardiac muscle ce...	5	2	0.46	0.0704	1	BP
GO:0140448	signaling receptor ligand precursor proc...	5	2	0.46	0.0704	1	BP
GO:2000811	negative regulation of anoikis	5	2	0.46	0.0704	1	BP
GO:0060444	branching involved in mammary gland duct...	5	2	0.46	0.0704	1	BP
GO:0035812	renal sodium excretion	5	2	0.46	0.0704	1	BP
GO:0035813	regulation of renal sodium excretion	5	2	0.46	0.0704	1	BP
GO:0002031	G protein-coupled receptor internalizati...	5	2	0.46	0.0704	1	BP
GO:0051349	positive regulation of lyase activity	5	2	0.46	0.0704	1	BP
GO:0046541	saliva secretion	5	2	0.46	0.0704	1	BP
GO:0070527	platelet aggregation	5	2	0.46	0.0704	1	BP
GO:0010738	regulation of protein kinase A signaling	5	2	0.46	0.0704	1	BP
GO:0030857	negative regulation of epithelial cell d...	5	2	0.46	0.0704	1	BP
GO:0043405	regulation of MAP kinase activity	65	10	6	0.07085	1	BP
GO:0032570	response to progesterone	11	3	1.02	0.07346	1	BP
GO:0044275	cellular carbohydrate catabolic process	11	3	1.02	0.07346	1	BP
GO:0046189	phenol-containing compound biosynthetic ...	11	3	1.02	0.07346	1	BP
GO:1990776	response to angiotensin	11	3	1.02	0.07346	1	BP
GO:0032465	regulation of cytokinesis	11	3	1.02	0.07346	1	BP
GO:0007093	mitotic cell cycle checkpoint signaling	25	5	2.31	0.07377	1	BP
GO:0009889	regulation of biosynthetic process	550	61	50.8	0.07393	1	BP
GO:0019222	regulation of metabolic process	869	93	80.26	0.07442	1	BP
GO:0010522	regulation of calcium ion transport into...	18	4	1.66	0.07712	1	BP
GO:0010507	negative regulation of autophagy	18	4	1.66	0.07712	1	BP
GO:1901264	carbohydrate derivative transport	18	4	1.66	0.07712	1	BP
GO:0009409	response to cold	18	4	1.66	0.07712	1	BP
GO:0042770	signal transduction in response to DNA d...	33	6	3.05	0.0772	1	BP
GO:0043549	regulation of kinase activity	138	18	12.75	0.07823	1	BP
GO:0033993	response to lipid	157	20	14.5	0.0797	1	BP
GO:0031644	regulation of nervous system process	52	10	4.8	0.08006	1	BP
GO:0044070	regulation of anion transport	26	5	2.4	0.0848	1	BP
GO:0006875	cellular metal ion homeostasis	94	13	8.68	0.08674	1	BP
GO:0055080	cation homeostasis	122	16	11.27	0.09021	1	BP
GO:0046889	positive regulation of lipid biosyntheti...	19	4	1.75	0.09093	1	BP
GO:0051101	regulation of DNA binding	19	4	1.75	0.09093	1	BP
GO:0031100	animal organ regeneration	19	4	1.75	0.09093	1	BP
GO:0043268	positive regulation of potassium ion tra...	12	3	1.11	0.09152	1	BP
GO:0000079	regulation of cyclin-dependent protein s...	12	3	1.11	0.09152	1	BP
GO:0040020	regulation of meiotic nuclear division	12	3	1.11	0.09152	1	BP
GO:0033574	response to testosterone	12	3	1.11	0.09152	1	BP
GO:1905954	positive regulation of lipid localizatio...	12	3	1.11	0.09152	1	BP
GO:0070207	protein homotrimerization	12	3	1.11	0.09152	1	BP
GO:0098781	ncRNA transcription	12	3	1.11	0.09152	1	BP
GO:0032368	regulation of lipid transport	12	3	1.11	0.09152	1	BP
GO:0035905	ascending aorta development	1	1	0.09	0.09236	1	BP
GO:0009720	detection of hormone stimulus	1	1	0.09	0.09236	1	BP
GO:0010885	regulation of cholesterol storage	1	1	0.09	0.09236	1	BP
GO:1902867	negative regulation of retina developmen...	1	1	0.09	0.09236	1	BP
GO:0010887	negative regulation of cholesterol stora...	1	1	0.09	0.09236	1	BP
GO:1902869	regulation of amacrine cell differentiat...	1	1	0.09	0.09236	1	BP
GO:0010875	positive regulation of cholesterol efflu...	1	1	0.09	0.09236	1	BP
GO:0010878	cholesterol storage	1	1	0.09	0.09236	1	BP
GO:1902870	negative regulation of amacrine cell dif...	1	1	0.09	0.09236	1	BP
GO:0010813	neuropeptide catabolic process	1	1	0.09	0.09236	1	BP
GO:1903233	regulation of calcium ion-dependent exoc...	1	1	0.09	0.09236	1	BP
GO:0019230	proprioception	1	1	0.09	0.09236	1	BP
GO:1901684	arsenate ion transmembrane transport	1	1	0.09	0.09236	1	BP
GO:0003413	chondrocyte differentiation involved in ...	1	1	0.09	0.09236	1	BP
GO:1903797	positive regulation of inorganic anion t...	1	1	0.09	0.09236	1	BP
GO:1905345	protein localization to cleavage furrow	1	1	0.09	0.09236	1	BP
GO:0071585	detoxification of cadmium ion	1	1	0.09	0.09236	1	BP
GO:0072741	protein localization to cell division si...	1	1	0.09	0.09236	1	BP
GO:1904147	response to nonylphenol	1	1	0.09	0.09236	1	BP
GO:1904148	cellular response to nonylphenol	1	1	0.09	0.09236	1	BP
GO:0046967	cytosol to endoplasmic reticulum transpo...	1	1	0.09	0.09236	1	BP
GO:0032286	central nervous system myelin maintenanc...	1	1	0.09	0.09236	1	BP
GO:0046937	phytochelatin metabolic process	1	1	0.09	0.09236	1	BP
GO:0046938	phytochelatin biosynthetic process	1	1	0.09	0.09236	1	BP
GO:1905456	regulation of lymphoid progenitor cell d...	1	1	0.09	0.09236	1	BP
GO:0032242	regulation of nucleoside transport	1	1	0.09	0.09236	1	BP
GO:0032244	positive regulation of nucleoside transp...	1	1	0.09	0.09236	1	BP
GO:0048689	formation of growth cone in injured axon	1	1	0.09	0.09236	1	BP
GO:1904211	membrane protein proteolysis involved in...	1	1	0.09	0.09236	1	BP
GO:0001579	medium-chain fatty acid transport	1	1	0.09	0.09236	1	BP
GO:0006013	mannose metabolic process	1	1	0.09	0.09236	1	BP
GO:0019883	antigen processing and presentation of e...	1	1	0.09	0.09236	1	BP
GO:0034375	high-density lipoprotein particle remode...	1	1	0.09	0.09236	1	BP
GO:0019885	antigen processing and presentation of e...	1	1	0.09	0.09236	1	BP
GO:0150066	negative regulation of deacetylase activ...	1	1	0.09	0.09236	1	BP
GO:0030647	aminoglycoside antibiotic metabolic proc...	1	1	0.09	0.09236	1	BP
GO:0032792	negative regulation of CREB transcriptio...	1	1	0.09	0.09236	1	BP
GO:0051659	maintenance of mitochondrion location	1	1	0.09	0.09236	1	BP
GO:0042760	very long-chain fatty acid catabolic pro...	1	1	0.09	0.09236	1	BP
GO:0042754	negative regulation of circadian rhythm	1	1	0.09	0.09236	1	BP
GO:2001055	positive regulation of mesenchymal cell ...	1	1	0.09	0.09236	1	BP
GO:0003284	septum primum development	1	1	0.09	0.09236	1	BP
GO:0042711	maternal behavior	1	1	0.09	0.09236	1	BP
GO:0003289	atrial septum primum morphogenesis	1	1	0.09	0.09236	1	BP
GO:0046073	dTMP metabolic process	1	1	0.09	0.09236	1	BP
GO:0046078	dUMP metabolic process	1	1	0.09	0.09236	1	BP
GO:0031551	regulation of brain-derived neurotrophic...	1	1	0.09	0.09236	1	BP
GO:0003226	right ventricular compact myocardium mor...	1	1	0.09	0.09236	1	BP
GO:0031552	negative regulation of brain-derived neu...	1	1	0.09	0.09236	1	BP
GO:0031573	mitotic intra-S DNA damage checkpoint si...	1	1	0.09	0.09236	1	BP
GO:1903565	negative regulation of protein localizat...	1	1	0.09	0.09236	1	BP
GO:1903567	regulation of protein localization to ci...	1	1	0.09	0.09236	1	BP
GO:1903568	negative regulation of protein localizat...	1	1	0.09	0.09236	1	BP
GO:0031547	brain-derived neurotrophic factor recept...	1	1	0.09	0.09236	1	BP
GO:0031548	regulation of brain-derived neurotrophic...	1	1	0.09	0.09236	1	BP
GO:1905133	negative regulation of meiotic chromosom...	1	1	0.09	0.09236	1	BP
GO:0031549	negative regulation of brain-derived neu...	1	1	0.09	0.09236	1	BP
GO:1990036	calcium ion import into sarcoplasmic ret...	1	1	0.09	0.09236	1	BP
GO:0032899	regulation of neurotrophin production	1	1	0.09	0.09236	1	BP
GO:1903515	calcium ion transport from cytosol to en...	1	1	0.09	0.09236	1	BP
GO:0043217	myelin maintenance	1	1	0.09	0.09236	1	BP
GO:0034436	glycoprotein transport	1	1	0.09	0.09236	1	BP
GO:0033211	adiponectin-activated signaling pathway	1	1	0.09	0.09236	1	BP
GO:1904829	regulation of aortic smooth muscle cell ...	1	1	0.09	0.09236	1	BP
GO:0035310	notum cell fate specification	1	1	0.09	0.09236	1	BP
GO:0080058	protein deglutathionylation	1	1	0.09	0.09236	1	BP
GO:1904831	positive regulation of aortic smooth mus...	1	1	0.09	0.09236	1	BP
GO:0110021	cardiac muscle myoblast proliferation	1	1	0.09	0.09236	1	BP
GO:0110022	regulation of cardiac muscle myoblast pr...	1	1	0.09	0.09236	1	BP
GO:0110024	positive regulation of cardiac muscle my...	1	1	0.09	0.09236	1	BP
GO:1905790	regulation of mechanosensory behavior	1	1	0.09	0.09236	1	BP
GO:1905792	positive regulation of mechanosensory be...	1	1	0.09	0.09236	1	BP
GO:1905787	regulation of detection of mechanical st...	1	1	0.09	0.09236	1	BP
GO:1905789	positive regulation of detection of mech...	1	1	0.09	0.09236	1	BP
GO:0033700	phospholipid efflux	1	1	0.09	0.09236	1	BP
GO:0006362	transcription elongation by RNA polymera...	1	1	0.09	0.09236	1	BP
GO:0075294	positive regulation by symbiont of entry...	1	1	0.09	0.09236	1	BP
GO:0002674	negative regulation of acute inflammator...	1	1	0.09	0.09236	1	BP
GO:0042501	serine phosphorylation of STAT protein	1	1	0.09	0.09236	1	BP
GO:1905711	response to phosphatidylethanolamine	1	1	0.09	0.09236	1	BP
GO:0010967	regulation of polyamine biosynthetic pro...	1	1	0.09	0.09236	1	BP
GO:0051970	negative regulation of transmission of n...	1	1	0.09	0.09236	1	BP
GO:0090076	relaxation of skeletal muscle	1	1	0.09	0.09236	1	BP
GO:2000185	regulation of phosphate transmembrane tr...	1	1	0.09	0.09236	1	BP
GO:2000187	positive regulation of phosphate transme...	1	1	0.09	0.09236	1	BP
GO:0051938	L-glutamate import	1	1	0.09	0.09236	1	BP
GO:2000120	positive regulation of sodium-dependent ...	1	1	0.09	0.09236	1	BP
GO:0042631	cellular response to water deprivation	1	1	0.09	0.09236	1	BP
GO:0001992	regulation of systemic arterial blood pr...	1	1	0.09	0.09236	1	BP
GO:0042637	catagen	1	1	0.09	0.09236	1	BP
GO:2000118	regulation of sodium-dependent phosphate...	1	1	0.09	0.09236	1	BP
GO:0034761	positive regulation of iron ion transmem...	1	1	0.09	0.09236	1	BP
GO:0034758	positive regulation of iron ion transpor...	1	1	0.09	0.09236	1	BP
GO:0036302	atrioventricular canal development	1	1	0.09	0.09236	1	BP
GO:0061076	negative regulation of neural retina dev...	1	1	0.09	0.09236	1	BP
GO:0014721	twitch skeletal muscle contraction	1	1	0.09	0.09236	1	BP
GO:0014724	regulation of twitch skeletal muscle con...	1	1	0.09	0.09236	1	BP
GO:2000289	regulation of photoreceptor cell axon gu...	1	1	0.09	0.09236	1	BP
GO:0018076	N-terminal peptidyl-lysine acetylation	1	1	0.09	0.09236	1	BP
GO:0051037	regulation of transcription involved in ...	1	1	0.09	0.09236	1	BP
GO:0051039	positive regulation of transcription inv...	1	1	0.09	0.09236	1	BP
GO:1900453	negative regulation of long-term synapti...	1	1	0.09	0.09236	1	BP
GO:0043686	co-translational protein modification	1	1	0.09	0.09236	1	BP
GO:0045204	MAPK export from nucleus	1	1	0.09	0.09236	1	BP
GO:2000761	positive regulation of N-terminal peptid...	1	1	0.09	0.09236	1	BP
GO:2000759	regulation of N-terminal peptidyl-lysine...	1	1	0.09	0.09236	1	BP
GO:0014819	regulation of skeletal muscle contractio...	1	1	0.09	0.09236	1	BP
GO:0036153	triglyceride acyl-chain remodeling	1	1	0.09	0.09236	1	BP
GO:0033601	positive regulation of mammary gland epi...	1	1	0.09	0.09236	1	BP
GO:0046133	pyrimidine ribonucleoside catabolic proc...	1	1	0.09	0.09236	1	BP
GO:1990170	stress response to cadmium ion	1	1	0.09	0.09236	1	BP
GO:0031064	negative regulation of histone deacetyla...	1	1	0.09	0.09236	1	BP
GO:0045721	negative regulation of gluconeogenesis	1	1	0.09	0.09236	1	BP
GO:0006256	UDP catabolic process	1	1	0.09	0.09236	1	BP
GO:0002926	tRNA wobble base 5-methoxycarbonylmethyl...	1	1	0.09	0.09236	1	BP
GO:0060305	regulation of cell diameter	1	1	0.09	0.09236	1	BP
GO:0044524	protein sulfhydration	1	1	0.09	0.09236	1	BP
GO:0002946	tRNA C5-cytosine methylation	1	1	0.09	0.09236	1	BP
GO:0006226	dUMP biosynthetic process	1	1	0.09	0.09236	1	BP
GO:0006231	dTMP biosynthetic process	1	1	0.09	0.09236	1	BP
GO:1901304	regulation of spermidine biosynthetic pr...	1	1	0.09	0.09236	1	BP
GO:1901307	positive regulation of spermidine biosyn...	1	1	0.09	0.09236	1	BP
GO:2000864	regulation of estradiol secretion	1	1	0.09	0.09236	1	BP
GO:0015734	taurine transport	1	1	0.09	0.09236	1	BP
GO:0097187	dentinogenesis	1	1	0.09	0.09236	1	BP
GO:0042918	alkanesulfonate transport	1	1	0.09	0.09236	1	BP
GO:0042940	D-amino acid transport	1	1	0.09	0.09236	1	BP
GO:2001207	regulation of transcription elongation b...	1	1	0.09	0.09236	1	BP
GO:2001208	negative regulation of transcription elo...	1	1	0.09	0.09236	1	BP
GO:0035887	aortic smooth muscle cell differentiatio...	1	1	0.09	0.09236	1	BP
GO:0032900	negative regulation of neurotrophin prod...	1	1	0.09	0.09236	1	BP
GO:0046203	spermidine catabolic process	1	1	0.09	0.09236	1	BP
GO:0046208	spermine catabolic process	1	1	0.09	0.09236	1	BP
GO:0035814	negative regulation of renal sodium excr...	1	1	0.09	0.09236	1	BP
GO:0060163	subpallium neuron fate commitment	1	1	0.09	0.09236	1	BP
GO:0090427	activation of meiosis	1	1	0.09	0.09236	1	BP
GO:0015813	L-glutamate transmembrane transport	1	1	0.09	0.09236	1	BP
GO:0051355	proprioception involved in equilibriocep...	1	1	0.09	0.09236	1	BP
GO:0018352	protein-pyridoxal-5-phosphate linkage	1	1	0.09	0.09236	1	BP
GO:1901128	gentamycin metabolic process	1	1	0.09	0.09236	1	BP
GO:0070256	negative regulation of mucus secretion	1	1	0.09	0.09236	1	BP
GO:0090128	regulation of synapse maturation	1	1	0.09	0.09236	1	BP
GO:0090129	positive regulation of synapse maturatio...	1	1	0.09	0.09236	1	BP
GO:0051458	corticotropin secretion	1	1	0.09	0.09236	1	BP
GO:0051459	regulation of corticotropin secretion	1	1	0.09	0.09236	1	BP
GO:0035695	mitophagy by induced vacuole formation	1	1	0.09	0.09236	1	BP
GO:2000672	negative regulation of motor neuron apop...	1	1	0.09	0.09236	1	BP
GO:2000678	negative regulation of transcription reg...	1	1	0.09	0.09236	1	BP
GO:0006597	spermine biosynthetic process	1	1	0.09	0.09236	1	BP
GO:0006598	polyamine catabolic process	1	1	0.09	0.09236	1	BP
GO:0071403	cellular response to high density lipopr...	1	1	0.09	0.09236	1	BP
GO:0003010	voluntary skeletal muscle contraction	1	1	0.09	0.09236	1	BP
GO:0045617	negative regulation of keratinocyte diff...	1	1	0.09	0.09236	1	BP
GO:0046596	regulation of viral entry into host cell	1	1	0.09	0.09236	1	BP
GO:0046598	positive regulation of viral entry into ...	1	1	0.09	0.09236	1	BP
GO:0045607	regulation of inner ear auditory recepto...	1	1	0.09	0.09236	1	BP
GO:0070777	D-aspartate transport	1	1	0.09	0.09236	1	BP
GO:0070778	L-aspartate transmembrane transport	1	1	0.09	0.09236	1	BP
GO:0070779	D-aspartate import across plasma membran...	1	1	0.09	0.09236	1	BP
GO:0009445	putrescine metabolic process	1	1	0.09	0.09236	1	BP
GO:0009446	putrescine biosynthetic process	1	1	0.09	0.09236	1	BP
GO:0009447	putrescine catabolic process	1	1	0.09	0.09236	1	BP
GO:0019343	cysteine biosynthetic process via cystat...	1	1	0.09	0.09236	1	BP
GO:0050787	detoxification of mercury ion	1	1	0.09	0.09236	1	BP
GO:0060746	parental behavior	1	1	0.09	0.09236	1	BP
GO:1901726	negative regulation of histone deacetyla...	1	1	0.09	0.09236	1	BP
GO:0009191	ribonucleoside diphosphate catabolic pro...	1	1	0.09	0.09236	1	BP
GO:0009195	pyrimidine ribonucleoside diphosphate ca...	1	1	0.09	0.09236	1	BP
GO:1902103	negative regulation of metaphase/anaphas...	1	1	0.09	0.09236	1	BP
GO:0071266	'de novo' L-methionine biosynthetic proc...	1	1	0.09	0.09236	1	BP
GO:0009162	deoxyribonucleoside monophosphate metabo...	1	1	0.09	0.09236	1	BP
GO:0006646	phosphatidylethanolamine biosynthetic pr...	1	1	0.09	0.09236	1	BP
GO:0031443	fast-twitch skeletal muscle fiber contra...	1	1	0.09	0.09236	1	BP
GO:0031446	regulation of fast-twitch skeletal muscl...	1	1	0.09	0.09236	1	BP
GO:0031448	positive regulation of fast-twitch skele...	1	1	0.09	0.09236	1	BP
GO:0009157	deoxyribonucleoside monophosphate biosyn...	1	1	0.09	0.09236	1	BP
GO:0009176	pyrimidine deoxyribonucleoside monophosp...	1	1	0.09	0.09236	1	BP
GO:0009177	pyrimidine deoxyribonucleoside monophosp...	1	1	0.09	0.09236	1	BP
GO:1901894	regulation of ATPase-coupled calcium tra...	1	1	0.09	0.09236	1	BP
GO:1901896	positive regulation of ATPase-coupled ca...	1	1	0.09	0.09236	1	BP
GO:0098712	L-glutamate import across plasma membran...	1	1	0.09	0.09236	1	BP
GO:0009140	pyrimidine nucleoside diphosphate catabo...	1	1	0.09	0.09236	1	BP
GO:0018272	protein-pyridoxal-5-phosphate linkage vi...	1	1	0.09	0.09236	1	BP
GO:1903441	protein localization to ciliary membrane	1	1	0.09	0.09236	1	BP
GO:0009134	nucleoside diphosphate catabolic process	1	1	0.09	0.09236	1	BP
GO:0007553	regulation of ecdysteroid metabolic proc...	1	1	0.09	0.09236	1	BP
GO:0007554	regulation of ecdysteroid biosynthetic p...	1	1	0.09	0.09236	1	BP
GO:0042321	negative regulation of circadian sleep/w...	1	1	0.09	0.09236	1	BP
GO:0042323	negative regulation of circadian sleep/w...	1	1	0.09	0.09236	1	BP
GO:0032373	positive regulation of sterol transport	1	1	0.09	0.09236	1	BP
GO:0032376	positive regulation of cholesterol trans...	1	1	0.09	0.09236	1	BP
GO:0002480	antigen processing and presentation of e...	1	1	0.09	0.09236	1	BP
GO:0002483	antigen processing and presentation of e...	1	1	0.09	0.09236	1	BP
GO:0009298	GDP-mannose biosynthetic process	1	1	0.09	0.09236	1	BP
GO:0048789	cytoskeletal matrix organization at acti...	1	1	0.09	0.09236	1	BP
GO:0051794	regulation of timing of catagen	1	1	0.09	0.09236	1	BP
GO:0051795	positive regulation of timing of catagen	1	1	0.09	0.09236	1	BP
GO:0009222	pyrimidine ribonucleotide catabolic proc...	1	1	0.09	0.09236	1	BP
GO:0045998	positive regulation of ecdysteroid biosy...	1	1	0.09	0.09236	1	BP
GO:1903126	negative regulation of centriole-centrio...	1	1	0.09	0.09236	1	BP
GO:0098849	cellular detoxification of cadmium ion	1	1	0.09	0.09236	1	BP
GO:2000973	regulation of pro-B cell differentiation	1	1	0.09	0.09236	1	BP
GO:0045966	positive regulation of ecdysteroid metab...	1	1	0.09	0.09236	1	BP
GO:0010745	negative regulation of macrophage derive...	1	1	0.09	0.09236	1	BP
GO:0071701	regulation of MAPK export from nucleus	1	1	0.09	0.09236	1	BP
GO:0045989	positive regulation of striated muscle c...	1	1	0.09	0.09236	1	BP
GO:0032470	positive regulation of endoplasmic retic...	1	1	0.09	0.09236	1	BP
GO:0007621	negative regulation of female receptivit...	1	1	0.09	0.09236	1	BP
GO:0042431	indole metabolic process	1	1	0.09	0.09236	1	BP
GO:0090597	nematode male tail mating organ morphoge...	1	1	0.09	0.09236	1	BP
GO:0007630	jump response	1	1	0.09	0.09236	1	BP
GO:0007636	chemosensory jump behavior	1	1	0.09	0.09236	1	BP
GO:0035910	ascending aorta morphogenesis	1	1	0.09	0.09236	1	BP
GO:0002125	maternal aggressive behavior	1	1	0.09	0.09236	1	BP
GO:0010898	positive regulation of triglyceride cata...	1	1	0.09	0.09236	1	BP
GO:0035938	estradiol secretion	1	1	0.09	0.09236	1	BP
GO:0034654	nucleobase-containing compound biosynthe...	561	60	51.81	0.09443	1	BP
GO:0044271	cellular nitrogen compound biosynthetic ...	662	74	61.14	0.09489	1	BP
GO:0007034	vacuolar transport	27	5	2.49	0.09665	1	BP
GO:0006399	tRNA metabolic process	27	5	2.49	0.09665	1	BP
GO:0010942	positive regulation of cell death	142	18	13.12	0.09715	1	BP
GO:0030003	cellular cation homeostasis	105	14	9.7	0.09799	1	BP
GO:0072507	divalent inorganic cation homeostasis	87	12	8.04	0.09908	1	BP
GO:1901576	organic substance biosynthetic process	839	91	77.49	0.0992	1	BP
GO:0010884	positive regulation of lipid storage	6	2	0.55	0.09931	1	BP
GO:0010888	negative regulation of lipid storage	6	2	0.55	0.09931	1	BP
GO:0048800	antennal morphogenesis	6	2	0.55	0.09931	1	BP
GO:0071548	response to dexamethasone	6	2	0.55	0.09931	1	BP
GO:0006084	acetyl-CoA metabolic process	6	2	0.55	0.09931	1	BP
GO:0048630	skeletal muscle tissue growth	6	2	0.55	0.09931	1	BP
GO:0033240	positive regulation of cellular amine me...	6	2	0.55	0.09931	1	BP
GO:0034110	regulation of homotypic cell-cell adhesi...	6	2	0.55	0.09931	1	BP
GO:0098901	regulation of cardiac muscle cell action...	6	2	0.55	0.09931	1	BP
GO:0061912	selective autophagy	6	2	0.55	0.09931	1	BP
GO:0007400	neuroblast fate determination	6	2	0.55	0.09931	1	BP
GO:0019068	virion assembly	6	2	0.55	0.09931	1	BP
GO:0002902	regulation of B cell apoptotic process	6	2	0.55	0.09931	1	BP
GO:0060416	response to growth hormone	6	2	0.55	0.09931	1	BP
GO:0030322	stabilization of membrane potential	6	2	0.55	0.09931	1	BP
GO:0070296	sarcoplasmic reticulum calcium ion trans...	6	2	0.55	0.09931	1	BP
GO:0070230	positive regulation of lymphocyte apopto...	6	2	0.55	0.09931	1	BP
GO:0090208	positive regulation of triglyceride meta...	6	2	0.55	0.09931	1	BP
GO:0002474	antigen processing and presentation of p...	6	2	0.55	0.09931	1	BP
GO:0042304	regulation of fatty acid biosynthetic pr...	6	2	0.55	0.09931	1	BP
GO:0060547	negative regulation of necrotic cell dea...	6	2	0.55	0.09931	1	BP
GO:0031281	positive regulation of cyclase activity	6	2	0.55	0.09931	1	BP
GO:0045940	positive regulation of steroid metabolic...	6	2	0.55	0.09931	1	BP
GO:0043392	negative regulation of DNA binding	6	2	0.55	0.09931	1	BP
GO:0010893	positive regulation of steroid biosynthe...	6	2	0.55	0.09931	1	BP
GO:0001783	B cell apoptotic process	6	2	0.55	0.09931	1	BP
GO:0006351	DNA-templated transcription	470	51	43.41	0.09968	1	BP
GO:0051090	regulation of DNA-binding transcription ...	52	8	4.8	0.10043	1	BP
GO:0007519	skeletal muscle tissue development	52	8	4.8	0.10043	1	BP
GO:1901988	negative regulation of cell cycle phase ...	44	7	4.06	0.10481	1	BP
GO:0044260	cellular macromolecule metabolic process	981	101	90.61	0.10507	1	BP
GO:0019226	transmission of nerve impulse	20	4	1.85	0.10583	1	BP
GO:0033865	nucleoside bisphosphate metabolic proces...	20	4	1.85	0.10583	1	BP
GO:0033875	ribonucleoside bisphosphate metabolic pr...	20	4	1.85	0.10583	1	BP
GO:0008033	tRNA processing	20	4	1.85	0.10583	1	BP
GO:0044774	mitotic DNA integrity checkpoint signali...	20	4	1.85	0.10583	1	BP
GO:0061097	regulation of protein tyrosine kinase ac...	20	4	1.85	0.10583	1	BP
GO:0046717	acid secretion	20	4	1.85	0.10583	1	BP
GO:0034032	purine nucleoside bisphosphate metabolic...	20	4	1.85	0.10583	1	BP
GO:0048511	rhythmic process	79	11	7.3	0.10593	1	BP
GO:0031668	cellular response to extracellular stimu...	64	11	5.91	0.10689	1	BP
GO:0042180	cellular ketone metabolic process	36	6	3.33	0.10814	1	BP
GO:0051384	response to glucocorticoid	36	6	3.33	0.10814	1	BP
GO:0032355	response to estradiol	36	6	3.33	0.10814	1	BP
GO:0043408	regulation of MAPK cascade	116	15	10.71	0.10859	1	BP
GO:0006873	cellular ion homeostasis	116	15	10.71	0.10859	1	BP
GO:0031570	DNA integrity checkpoint signaling	28	5	2.59	0.10928	1	BP
GO:0043407	negative regulation of MAP kinase activi...	13	3	1.2	0.11121	1	BP
GO:0033238	regulation of cellular amine metabolic p...	13	3	1.2	0.11121	1	BP
GO:2000181	negative regulation of blood vessel morp...	13	3	1.2	0.11121	1	BP
GO:0006400	tRNA modification	13	3	1.2	0.11121	1	BP
GO:0007215	glutamate receptor signaling pathway	13	3	1.2	0.11121	1	BP
GO:1904029	regulation of cyclin-dependent protein k...	13	3	1.2	0.11121	1	BP
GO:0016525	negative regulation of angiogenesis	13	3	1.2	0.11121	1	BP
GO:0006366	transcription by RNA polymerase II	372	41	34.36	0.11282	1	BP
GO:0031399	regulation of protein modification proce...	262	30	24.2	0.11423	1	BP
GO:0048771	tissue remodeling	45	7	4.16	0.11493	1	BP
GO:0009267	cellular response to starvation	39	8	3.6	0.1155	1	BP
GO:0097659	nucleic acid-templated transcription	475	51	43.87	0.11554	1	BP
GO:0097190	apoptotic signaling pathway	99	13	9.14	0.11863	1	BP
GO:1901654	response to ketone	54	8	4.99	0.1188	1	BP
GO:0032774	RNA biosynthetic process	476	51	43.96	0.11891	1	BP
GO:0006469	negative regulation of protein kinase ac...	37	6	3.42	0.11969	1	BP
GO:1902667	regulation of axon guidance	21	4	1.94	0.12177	1	BP
GO:0071901	negative regulation of protein serine/th...	21	4	1.94	0.12177	1	BP
GO:0032091	negative regulation of protein binding	21	4	1.94	0.12177	1	BP
GO:0006641	triglyceride metabolic process	21	4	1.94	0.12177	1	BP
GO:0051701	biological process involved in interacti...	21	4	1.94	0.12177	1	BP
GO:0098771	inorganic ion homeostasis	137	17	12.65	0.12183	1	BP
GO:0043409	negative regulation of MAPK cascade	29	5	2.68	0.12269	1	BP
GO:0006355	regulation of DNA-templated transcriptio...	447	48	41.29	0.1255	1	BP
GO:0098801	regulation of renal system process	9	4	0.83	0.12866	1	BP
GO:0051703	biological process involved in intraspec...	9	4	0.83	0.12866	1	BP
GO:0007476	imaginal disc-derived wing morphogenesis	64	9	5.91	0.12986	1	BP
GO:0050801	ion homeostasis	148	18	13.67	0.13062	1	BP
GO:0071875	adrenergic receptor signaling pathway	7	2	0.65	0.13082	1	BP
GO:0071616	acyl-CoA biosynthetic process	7	2	0.65	0.13082	1	BP
GO:0044346	fibroblast apoptotic process	7	2	0.65	0.13082	1	BP
GO:0036065	fucosylation	7	2	0.65	0.13082	1	BP
GO:1904893	negative regulation of receptor signalin...	7	2	0.65	0.13082	1	BP
GO:0035384	thioester biosynthetic process	7	2	0.65	0.13082	1	BP
GO:1905209	positive regulation of cardiocyte differ...	7	2	0.65	0.13082	1	BP
GO:2000479	regulation of cAMP-dependent protein kin...	7	2	0.65	0.13082	1	BP
GO:0006383	transcription by RNA polymerase III	7	2	0.65	0.13082	1	BP
GO:0035176	social behavior	7	2	0.65	0.13082	1	BP
GO:2000108	positive regulation of leukocyte apoptot...	7	2	0.65	0.13082	1	BP
GO:0040015	negative regulation of multicellular org...	7	2	0.65	0.13082	1	BP
GO:0046426	negative regulation of receptor signalin...	7	2	0.65	0.13082	1	BP
GO:2000209	regulation of anoikis	7	2	0.65	0.13082	1	BP
GO:1903902	positive regulation of viral life cycle	7	2	0.65	0.13082	1	BP
GO:0007469	antennal development	7	2	0.65	0.13082	1	BP
GO:0045742	positive regulation of epidermal growth ...	7	2	0.65	0.13082	1	BP
GO:0097186	amelogenesis	7	2	0.65	0.13082	1	BP
GO:2001238	positive regulation of extrinsic apoptot...	7	2	0.65	0.13082	1	BP
GO:1901186	positive regulation of ERBB signaling pa...	7	2	0.65	0.13082	1	BP
GO:0043950	positive regulation of cAMP-mediated sig...	7	2	0.65	0.13082	1	BP
GO:0030488	tRNA methylation	7	2	0.65	0.13082	1	BP
GO:2000677	regulation of transcription regulatory r...	7	2	0.65	0.13082	1	BP
GO:0045604	regulation of epidermal cell differentia...	7	2	0.65	0.13082	1	BP
GO:0052372	modulation by symbiont of entry into hos...	7	2	0.65	0.13082	1	BP
GO:0030728	ovulation	7	2	0.65	0.13082	1	BP
GO:0031295	T cell costimulation	7	2	0.65	0.13082	1	BP
GO:0010737	protein kinase A signaling	7	2	0.65	0.13082	1	BP
GO:0071880	adenylate cyclase-activating adrenergic ...	7	2	0.65	0.13082	1	BP
GO:0045333	cellular respiration	38	6	3.51	0.13182	1	BP
GO:0070371	ERK1 and ERK2 cascade	38	6	3.51	0.13182	1	BP
GO:0030001	metal ion transport	142	19	13.12	0.13189	1	BP
GO:0006073	cellular glucan metabolic process	14	3	1.29	0.13236	1	BP
GO:0070059	intrinsic apoptotic signaling pathway in...	14	3	1.29	0.13236	1	BP
GO:0045453	bone resorption	14	3	1.29	0.13236	1	BP
GO:0045475	locomotor rhythm	14	3	1.29	0.13236	1	BP
GO:1901343	negative regulation of vasculature devel...	14	3	1.29	0.13236	1	BP
GO:1903035	negative regulation of response to wound...	14	3	1.29	0.13236	1	BP
GO:0070206	protein trimerization	14	3	1.29	0.13236	1	BP
GO:0005977	glycogen metabolic process	14	3	1.29	0.13236	1	BP
GO:0044042	glucan metabolic process	14	3	1.29	0.13236	1	BP
GO:0019318	hexose metabolic process	47	7	4.34	0.13664	1	BP
GO:0006357	regulation of transcription by RNA polym...	358	39	33.07	0.13743	1	BP
GO:0055065	metal ion homeostasis	111	14	10.25	0.13766	1	BP
GO:0018130	heterocycle biosynthetic process	575	60	53.11	0.13811	1	BP
GO:0080090	regulation of primary metabolic process	763	80	70.47	0.13842	1	BP
GO:0031623	receptor internalization	22	4	2.03	0.13866	1	BP
GO:0006638	neutral lipid metabolic process	22	4	2.03	0.13866	1	BP
GO:0006639	acylglycerol metabolic process	22	4	2.03	0.13866	1	BP
GO:0007472	wing disc morphogenesis	65	9	6	0.13934	1	BP
GO:0043170	macromolecule metabolic process	1194	119	110.28	0.14169	1	BP
GO:1903506	regulation of nucleic acid-templated tra...	452	48	41.75	0.14442	1	BP
GO:2001141	regulation of RNA biosynthetic process	452	48	41.75	0.14442	1	BP
GO:0006518	peptide metabolic process	137	21	12.65	0.14639	1	BP
GO:0023061	signal release	125	17	11.55	0.1472	1	BP
GO:0042254	ribosome biogenesis	48	7	4.43	0.14821	1	BP
GO:0034641	cellular nitrogen compound metabolic pro...	879	93	81.19	0.1499	1	BP
GO:0045944	positive regulation of transcription by ...	210	24	19.4	0.15074	1	BP
GO:0071704	organic substance metabolic process	1413	140	130.51	0.15112	1	BP
GO:0016052	carbohydrate catabolic process	31	5	2.86	0.15163	1	BP
GO:0007098	centrosome cycle	31	5	2.86	0.15163	1	BP
GO:0019933	cAMP-mediated signaling	31	5	2.86	0.15163	1	BP
GO:0019058	viral life cycle	31	5	2.86	0.15163	1	BP
GO:0008152	metabolic process	1482	147	136.88	0.15194	1	BP
GO:0006094	gluconeogenesis	15	3	1.39	0.15476	1	BP
GO:0006024	glycosaminoglycan biosynthetic process	15	3	1.39	0.15476	1	BP
GO:0010332	response to gamma radiation	15	3	1.39	0.15476	1	BP
GO:0072332	intrinsic apoptotic signaling pathway by...	15	3	1.39	0.15476	1	BP
GO:0019319	hexose biosynthetic process	15	3	1.39	0.15476	1	BP
GO:0007614	short-term memory	15	3	1.39	0.15476	1	BP
GO:0046928	regulation of neurotransmitter secretion	23	4	2.12	0.15643	1	BP
GO:0043433	negative regulation of DNA-binding trans...	23	4	2.12	0.15643	1	BP
GO:0003208	cardiac ventricle morphogenesis	23	4	2.12	0.15643	1	BP
GO:1990823	response to leukemia inhibitory factor	23	4	2.12	0.15643	1	BP
GO:1990830	cellular response to leukemia inhibitory...	23	4	2.12	0.15643	1	BP
GO:0051347	positive regulation of transferase activ...	104	13	9.61	0.15652	1	BP
GO:0000086	G2/M transition of mitotic cell cycle	40	6	3.69	0.15777	1	BP
GO:0033673	negative regulation of kinase activity	40	6	3.69	0.15777	1	BP
GO:0044092	negative regulation of molecular functio...	143	17	13.21	0.16124	1	BP
GO:0045776	negative regulation of blood pressure	10	4	0.92	0.1616	1	BP
GO:0002026	regulation of the force of heart contrac...	10	4	0.92	0.1616	1	BP
GO:0003085	negative regulation of systemic arterial...	10	4	0.92	0.1616	1	BP
GO:0043603	cellular amide metabolic process	179	25	16.53	0.16167	1	BP
GO:0007005	mitochondrion organization	86	11	7.94	0.16384	1	BP
GO:0044249	cellular biosynthetic process	827	88	76.38	0.16396	1	BP
GO:0035909	aorta morphogenesis	8	2	0.74	0.16422	1	BP
GO:0032225	regulation of synaptic transmission, dop...	8	2	0.74	0.16422	1	BP
GO:0003215	cardiac right ventricle morphogenesis	8	2	0.74	0.16422	1	BP
GO:0050994	regulation of lipid catabolic process	8	2	0.74	0.16422	1	BP
GO:0043276	anoikis	8	2	0.74	0.16422	1	BP
GO:0006360	transcription by RNA polymerase I	8	2	0.74	0.16422	1	BP
GO:0002673	regulation of acute inflammatory respons...	8	2	0.74	0.16422	1	BP
GO:0051972	regulation of telomerase activity	8	2	0.74	0.16422	1	BP
GO:0051973	positive regulation of telomerase activi...	8	2	0.74	0.16422	1	BP
GO:0001963	synaptic transmission, dopaminergic	8	2	0.74	0.16422	1	BP
GO:0061099	negative regulation of protein tyrosine ...	8	2	0.74	0.16422	1	BP
GO:1900449	regulation of glutamate receptor signali...	8	2	0.74	0.16422	1	BP
GO:0006220	pyrimidine nucleotide metabolic process	8	2	0.74	0.16422	1	BP
GO:0042987	amyloid precursor protein catabolic proc...	8	2	0.74	0.16422	1	BP
GO:0032922	circadian regulation of gene expression	8	2	0.74	0.16422	1	BP
GO:0071392	cellular response to estradiol stimulus	8	2	0.74	0.16422	1	BP
GO:0016242	negative regulation of macroautophagy	8	2	0.74	0.16422	1	BP
GO:0030301	cholesterol transport	8	2	0.74	0.16422	1	BP
GO:0046886	positive regulation of hormone biosynthe...	8	2	0.74	0.16422	1	BP
GO:0044062	regulation of excretion	8	2	0.74	0.16422	1	BP
GO:0051782	negative regulation of cell division	8	2	0.74	0.16422	1	BP
GO:0031290	retinal ganglion cell axon guidance	8	2	0.74	0.16422	1	BP
GO:0031294	lymphocyte costimulation	8	2	0.74	0.16422	1	BP
GO:0032787	monocarboxylic acid metabolic process	105	13	9.7	0.16479	1	BP
GO:0045786	negative regulation of cell cycle	105	13	9.7	0.16479	1	BP
GO:0042391	regulation of membrane potential	89	13	8.22	0.16525	1	BP
GO:0009058	biosynthetic process	846	91	78.14	0.16533	1	BP
GO:0006006	glucose metabolic process	32	5	2.96	0.16709	1	BP
GO:0019915	lipid storage	32	5	2.96	0.16709	1	BP
GO:0007187	G protein-coupled receptor signaling pat...	32	5	2.96	0.16709	1	BP
GO:0006612	protein targeting to membrane	32	5	2.96	0.16709	1	BP
GO:0007596	blood coagulation	32	5	2.96	0.16709	1	BP
GO:0007599	hemostasis	32	5	2.96	0.16709	1	BP
GO:0050817	coagulation	32	5	2.96	0.16709	1	BP
GO:0051260	protein homooligomerization	68	9	6.28	0.16985	1	BP
GO:0034645	cellular macromolecule biosynthetic proc...	634	66	58.56	0.17056	1	BP
GO:0002027	regulation of heart rate	26	6	2.4	0.17063	1	BP
GO:0000122	negative regulation of transcription by ...	164	19	15.15	0.17148	1	BP
GO:1901617	organic hydroxy compound biosynthetic pr...	41	6	3.79	0.17153	1	BP
GO:0016072	rRNA metabolic process	41	6	3.79	0.17153	1	BP
GO:0031960	response to corticosteroid	41	6	3.79	0.17153	1	BP
GO:0019722	calcium-mediated signaling	50	7	4.62	0.17266	1	BP
GO:0007204	positive regulation of cytosolic calcium...	50	7	4.62	0.17266	1	BP
GO:0001659	temperature homeostasis	7	4	0.65	0.17393	1	BP
GO:0006575	cellular modified amino acid metabolic p...	52	10	4.8	0.17584	1	BP
GO:0032402	melanosome transport	2	1	0.18	0.17623	1	BP
GO:0009726	detection of endogenous stimulus	2	1	0.18	0.17623	1	BP
GO:0010872	regulation of cholesterol esterification	2	1	0.18	0.17623	1	BP
GO:0010874	regulation of cholesterol efflux	2	1	0.18	0.17623	1	BP
GO:0015939	pantothenate metabolic process	2	1	0.18	0.17623	1	BP
GO:0051875	pigment granule localization	2	1	0.18	0.17623	1	BP
GO:0086098	angiotensin-activated signaling pathway ...	2	1	0.18	0.17623	1	BP
GO:0048526	imaginal disc-derived wing expansion	2	1	0.18	0.17623	1	BP
GO:0086036	regulation of cardiac muscle cell membra...	2	1	0.18	0.17623	1	BP
GO:0003198	epithelial to mesenchymal transition inv...	2	1	0.18	0.17623	1	BP
GO:0033484	nitric oxide homeostasis	2	1	0.18	0.17623	1	BP
GO:0009838	abscission	2	1	0.18	0.17623	1	BP
GO:0046900	tetrahydrofolylpolyglutamate metabolic p...	2	1	0.18	0.17623	1	BP
GO:0099566	regulation of postsynaptic cytosolic cal...	2	1	0.18	0.17623	1	BP
GO:0099552	trans-synaptic signaling by lipid, modul...	2	1	0.18	0.17623	1	BP
GO:0099553	trans-synaptic signaling by endocannabin...	2	1	0.18	0.17623	1	BP
GO:0048674	collateral sprouting of injured axon	2	1	0.18	0.17623	1	BP
GO:0044387	negative regulation of protein kinase ac...	2	1	0.18	0.17623	1	BP
GO:0034367	protein-containing complex remodeling	2	1	0.18	0.17623	1	BP
GO:0034368	protein-lipid complex remodeling	2	1	0.18	0.17623	1	BP
GO:0034369	plasma lipoprotein particle remodeling	2	1	0.18	0.17623	1	BP
GO:0042790	nucleolar large rRNA transcription by RN...	2	1	0.18	0.17623	1	BP
GO:0042791	5S class rRNA transcription by RNA polym...	2	1	0.18	0.17623	1	BP
GO:0042797	tRNA transcription by RNA polymerase III	2	1	0.18	0.17623	1	BP
GO:0034374	low-density lipoprotein particle remodel...	2	1	0.18	0.17623	1	BP
GO:0061687	detoxification of inorganic compound	2	1	0.18	0.17623	1	BP
GO:0044341	sodium-dependent phosphate transport	2	1	0.18	0.17623	1	BP
GO:0030643	cellular phosphate ion homeostasis	2	1	0.18	0.17623	1	BP
GO:0099541	trans-synaptic signaling by lipid	2	1	0.18	0.17623	1	BP
GO:0099542	trans-synaptic signaling by endocannabin...	2	1	0.18	0.17623	1	BP
GO:0044330	canonical Wnt signaling pathway involved...	2	1	0.18	0.17623	1	BP
GO:0044333	Wnt signaling pathway involved in digest...	2	1	0.18	0.17623	1	BP
GO:0044337	canonical Wnt signaling pathway involved...	2	1	0.18	0.17623	1	BP
GO:0033189	response to vitamin A	2	1	0.18	0.17623	1	BP
GO:1902683	regulation of receptor localization to s...	2	1	0.18	0.17623	1	BP
GO:1903840	response to arsenite(3-)	2	1	0.18	0.17623	1	BP
GO:1902685	positive regulation of receptor localiza...	2	1	0.18	0.17623	1	BP
GO:1903841	cellular response to arsenite(3-)	2	1	0.18	0.17623	1	BP
GO:1903842	response to arsenite ion	2	1	0.18	0.17623	1	BP
GO:1903843	cellular response to arsenite ion	2	1	0.18	0.17623	1	BP
GO:1903800	positive regulation of miRNA maturation	2	1	0.18	0.17623	1	BP
GO:2001046	positive regulation of integrin-mediated...	2	1	0.18	0.17623	1	BP
GO:0003221	right ventricular cardiac muscle tissue ...	2	1	0.18	0.17623	1	BP
GO:0003222	ventricular trabecula myocardium morphog...	2	1	0.18	0.17623	1	BP
GO:0042730	fibrinolysis	2	1	0.18	0.17623	1	BP
GO:0001697	histamine-induced gastric acid secretion	2	1	0.18	0.17623	1	BP
GO:0001698	gastrin-induced gastric acid secretion	2	1	0.18	0.17623	1	BP
GO:0003241	growth involved in heart morphogenesis	2	1	0.18	0.17623	1	BP
GO:1903596	regulation of gap junction assembly	2	1	0.18	0.17623	1	BP
GO:0046048	UDP metabolic process	2	1	0.18	0.17623	1	BP
GO:0003243	circumferential growth involved in left ...	2	1	0.18	0.17623	1	BP
GO:1903598	positive regulation of gap junction asse...	2	1	0.18	0.17623	1	BP
GO:1900085	negative regulation of peptidyl-tyrosine...	2	1	0.18	0.17623	1	BP
GO:0033292	T-tubule organization	2	1	0.18	0.17623	1	BP
GO:0016078	tRNA catabolic process	2	1	0.18	0.17623	1	BP
GO:0032898	neurotrophin production	2	1	0.18	0.17623	1	BP
GO:0072501	cellular divalent inorganic anion homeos...	2	1	0.18	0.17623	1	BP
GO:0072502	cellular trivalent inorganic anion homeo...	2	1	0.18	0.17623	1	BP
GO:1901994	negative regulation of meiotic cell cycl...	2	1	0.18	0.17623	1	BP
GO:0034433	steroid esterification	2	1	0.18	0.17623	1	BP
GO:0034434	sterol esterification	2	1	0.18	0.17623	1	BP
GO:0050957	equilibrioception	2	1	0.18	0.17623	1	BP
GO:0034435	cholesterol esterification	2	1	0.18	0.17623	1	BP
GO:1901979	regulation of inward rectifier potassium...	2	1	0.18	0.17623	1	BP
GO:0032847	regulation of cellular pH reduction	2	1	0.18	0.17623	1	BP
GO:0032849	positive regulation of cellular pH reduc...	2	1	0.18	0.17623	1	BP
GO:0097049	motor neuron apoptotic process	2	1	0.18	0.17623	1	BP
GO:0035357	peroxisome proliferator activated recept...	2	1	0.18	0.17623	1	BP
GO:0045317	equator specification	2	1	0.18	0.17623	1	BP
GO:0019673	GDP-mannose metabolic process	2	1	0.18	0.17623	1	BP
GO:0060087	relaxation of vascular associated smooth...	2	1	0.18	0.17623	1	BP
GO:0060074	synapse maturation	2	1	0.18	0.17623	1	BP
GO:0030997	regulation of centriole-centriole cohesi...	2	1	0.18	0.17623	1	BP
GO:1903609	negative regulation of inward rectifier ...	2	1	0.18	0.17623	1	BP
GO:0055118	negative regulation of cardiac muscle co...	2	1	0.18	0.17623	1	BP
GO:0071966	fungal-type cell wall polysaccharide met...	2	1	0.18	0.17623	1	BP
GO:1904585	response to putrescine	2	1	0.18	0.17623	1	BP
GO:1904586	cellular response to putrescine	2	1	0.18	0.17623	1	BP
GO:0090094	metanephric cap mesenchymal cell prolife...	2	1	0.18	0.17623	1	BP
GO:0090095	regulation of metanephric cap mesenchyma...	2	1	0.18	0.17623	1	BP
GO:0090096	positive regulation of metanephric cap m...	2	1	0.18	0.17623	1	BP
GO:0051967	negative regulation of synaptic transmis...	2	1	0.18	0.17623	1	BP
GO:2000192	negative regulation of fatty acid transp...	2	1	0.18	0.17623	1	BP
GO:0010918	positive regulation of mitochondrial mem...	2	1	0.18	0.17623	1	BP
GO:0051917	regulation of fibrinolysis	2	1	0.18	0.17623	1	BP
GO:0046385	deoxyribose phosphate biosynthetic proce...	2	1	0.18	0.17623	1	BP
GO:0090030	regulation of steroid hormone biosynthet...	2	1	0.18	0.17623	1	BP
GO:0090031	positive regulation of steroid hormone b...	2	1	0.18	0.17623	1	BP
GO:1905868	regulation of 3'-UTR-mediated mRNA stabi...	2	1	0.18	0.17623	1	BP
GO:1902938	regulation of intracellular calcium acti...	2	1	0.18	0.17623	1	BP
GO:0000038	very long-chain fatty acid metabolic pro...	2	1	0.18	0.17623	1	BP
GO:0051904	pigment granule transport	2	1	0.18	0.17623	1	BP
GO:0051905	establishment of pigment granule localiz...	2	1	0.18	0.17623	1	BP
GO:1904681	response to 3-methylcholanthrene	2	1	0.18	0.17623	1	BP
GO:1904682	cellular response to 3-methylcholanthren...	2	1	0.18	0.17623	1	BP
GO:2001300	lipoxin metabolic process	2	1	0.18	0.17623	1	BP
GO:2001301	lipoxin biosynthetic process	2	1	0.18	0.17623	1	BP
GO:0036343	psychomotor behavior	2	1	0.18	0.17623	1	BP
GO:1904620	cellular response to dimethyl sulfoxide	2	1	0.18	0.17623	1	BP
GO:0033594	response to hydroxyisoflavone	2	1	0.18	0.17623	1	BP
GO:0033595	response to genistein	2	1	0.18	0.17623	1	BP
GO:0034756	regulation of iron ion transport	2	1	0.18	0.17623	1	BP
GO:0034759	regulation of iron ion transmembrane tra...	2	1	0.18	0.17623	1	BP
GO:1904619	response to dimethyl sulfoxide	2	1	0.18	0.17623	1	BP
GO:0001977	renal system process involved in regulat...	2	1	0.18	0.17623	1	BP
GO:0034721	histone H3-K4 demethylation, trimethyl-H...	2	1	0.18	0.17623	1	BP
GO:0043517	positive regulation of DNA damage respon...	2	1	0.18	0.17623	1	BP
GO:0061038	uterus morphogenesis	2	1	0.18	0.17623	1	BP
GO:0044860	protein localization to plasma membrane ...	2	1	0.18	0.17623	1	BP
GO:0043691	reverse cholesterol transport	2	1	0.18	0.17623	1	BP
GO:1903961	positive regulation of anion transmembra...	2	1	0.18	0.17623	1	BP
GO:0044878	mitotic cytokinesis checkpoint signaling	2	1	0.18	0.17623	1	BP
GO:0036438	maintenance of lens transparency	2	1	0.18	0.17623	1	BP
GO:1990440	positive regulation of transcription fro...	2	1	0.18	0.17623	1	BP
GO:0016479	negative regulation of transcription by ...	2	1	0.18	0.17623	1	BP
GO:0060364	frontal suture morphogenesis	2	1	0.18	0.17623	1	BP
GO:0006102	isocitrate metabolic process	2	1	0.18	0.17623	1	BP
GO:0036155	acylglycerol acyl-chain remodeling	2	1	0.18	0.17623	1	BP
GO:0097411	hypoxia-inducible factor-1alpha signalin...	2	1	0.18	0.17623	1	BP
GO:0046135	pyrimidine nucleoside catabolic process	2	1	0.18	0.17623	1	BP
GO:0044557	relaxation of smooth muscle	2	1	0.18	0.17623	1	BP
GO:0006272	leading strand elongation	2	1	0.18	0.17623	1	BP
GO:0045741	positive regulation of epidermal growth ...	2	1	0.18	0.17623	1	BP
GO:0070493	thrombin-activated receptor signaling pa...	2	1	0.18	0.17623	1	BP
GO:0042994	cytoplasmic sequestering of transcriptio...	2	1	0.18	0.17623	1	BP
GO:0006244	pyrimidine nucleotide catabolic process	2	1	0.18	0.17623	1	BP
GO:1903069	regulation of ER-associated ubiquitin-de...	2	1	0.18	0.17623	1	BP
GO:0019065	receptor-mediated endocytosis of virus b...	2	1	0.18	0.17623	1	BP
GO:0044539	long-chain fatty acid import into cell	2	1	0.18	0.17623	1	BP
GO:1900139	negative regulation of arachidonic acid ...	2	1	0.18	0.17623	1	BP
GO:0015727	lactate transport	2	1	0.18	0.17623	1	BP
GO:0019087	transformation of host cell by virus	2	1	0.18	0.17623	1	BP
GO:1903071	positive regulation of ER-associated ubi...	2	1	0.18	0.17623	1	BP
GO:0007196	adenylate cyclase-inhibiting G protein-c...	2	1	0.18	0.17623	1	BP
GO:1903020	positive regulation of glycoprotein meta...	2	1	0.18	0.17623	1	BP
GO:0000320	re-entry into mitotic cell cycle	2	1	0.18	0.17623	1	BP
GO:0075509	endocytosis involved in viral entry into...	2	1	0.18	0.17623	1	BP
GO:0032915	positive regulation of transforming grow...	2	1	0.18	0.17623	1	BP
GO:0002098	tRNA wobble uridine modification	2	1	0.18	0.17623	1	BP
GO:0050427	3'-phosphoadenosine 5'-phosphosulfate me...	2	1	0.18	0.17623	1	BP
GO:1900262	regulation of DNA-directed DNA polymeras...	2	1	0.18	0.17623	1	BP
GO:1900264	positive regulation of DNA-directed DNA ...	2	1	0.18	0.17623	1	BP
GO:2000831	regulation of steroid hormone secretion	2	1	0.18	0.17623	1	BP
GO:0035880	embryonic nail plate morphogenesis	2	1	0.18	0.17623	1	BP
GO:1901423	response to benzene	2	1	0.18	0.17623	1	BP
GO:0035873	lactate transmembrane transport	2	1	0.18	0.17623	1	BP
GO:0045819	positive regulation of glycogen cataboli...	2	1	0.18	0.17623	1	BP
GO:0035879	plasma membrane lactate transport	2	1	0.18	0.17623	1	BP
GO:0045835	negative regulation of meiotic nuclear d...	2	1	0.18	0.17623	1	BP
GO:0000491	small nucleolar ribonucleoprotein comple...	2	1	0.18	0.17623	1	BP
GO:0000492	box C/D snoRNP assembly	2	1	0.18	0.17623	1	BP
GO:0080184	response to phenylpropanoid	2	1	0.18	0.17623	1	BP
GO:1902362	melanocyte apoptotic process	2	1	0.18	0.17623	1	BP
GO:0060123	regulation of growth hormone secretion	2	1	0.18	0.17623	1	BP
GO:0046722	lactic acid secretion	2	1	0.18	0.17623	1	BP
GO:0060134	prepulse inhibition	2	1	0.18	0.17623	1	BP
GO:0007225	patched ligand maturation	2	1	0.18	0.17623	1	BP
GO:0070291	N-acylethanolamine metabolic process	2	1	0.18	0.17623	1	BP
GO:0043970	histone H3-K9 acetylation	2	1	0.18	0.17623	1	BP
GO:0007206	phospholipase C-activating G protein-cou...	2	1	0.18	0.17623	1	BP
GO:0003093	regulation of glomerular filtration	2	1	0.18	0.17623	1	BP
GO:0035694	mitochondrial protein catabolic process	2	1	0.18	0.17623	1	BP
GO:2000671	regulation of motor neuron apoptotic pro...	2	1	0.18	0.17623	1	BP
GO:1990859	cellular response to endothelin	2	1	0.18	0.17623	1	BP
GO:0045683	negative regulation of epidermis develop...	2	1	0.18	0.17623	1	BP
GO:0009304	tRNA transcription	2	1	0.18	0.17623	1	BP
GO:0043090	amino acid import	2	1	0.18	0.17623	1	BP
GO:0045631	regulation of mechanoreceptor differenti...	2	1	0.18	0.17623	1	BP
GO:0048170	positive regulation of long-term neurona...	2	1	0.18	0.17623	1	BP
GO:1990839	response to endothelin	2	1	0.18	0.17623	1	BP
GO:0015671	oxygen transport	2	1	0.18	0.17623	1	BP
GO:0045605	negative regulation of epidermal cell di...	2	1	0.18	0.17623	1	BP
GO:0043084	penile erection	2	1	0.18	0.17623	1	BP
GO:0060763	mammary duct terminal end bud growth	2	1	0.18	0.17623	1	BP
GO:0051152	positive regulation of smooth muscle cel...	2	1	0.18	0.17623	1	BP
GO:0019344	cysteine biosynthetic process	2	1	0.18	0.17623	1	BP
GO:1903334	positive regulation of protein folding	2	1	0.18	0.17623	1	BP
GO:0060743	epithelial cell maturation involved in p...	2	1	0.18	0.17623	1	BP
GO:0009403	toxin biosynthetic process	2	1	0.18	0.17623	1	BP
GO:1905063	regulation of vascular associated smooth...	2	1	0.18	0.17623	1	BP
GO:1905065	positive regulation of vascular associat...	2	1	0.18	0.17623	1	BP
GO:1901724	positive regulation of cell proliferatio...	2	1	0.18	0.17623	1	BP
GO:1901725	regulation of histone deacetylase activi...	2	1	0.18	0.17623	1	BP
GO:0009193	pyrimidine ribonucleoside diphosphate me...	2	1	0.18	0.17623	1	BP
GO:0071265	L-methionine biosynthetic process	2	1	0.18	0.17623	1	BP
GO:0051296	establishment of meiotic spindle orienta...	2	1	0.18	0.17623	1	BP
GO:0010273	detoxification of copper ion	2	1	0.18	0.17623	1	BP
GO:0098719	sodium ion import across plasma membrane	2	1	0.18	0.17623	1	BP
GO:0070813	hydrogen sulfide metabolic process	2	1	0.18	0.17623	1	BP
GO:0070814	hydrogen sulfide biosynthetic process	2	1	0.18	0.17623	1	BP
GO:0009138	pyrimidine nucleoside diphosphate metabo...	2	1	0.18	0.17623	1	BP
GO:0032369	negative regulation of lipid transport	2	1	0.18	0.17623	1	BP
GO:0032371	regulation of sterol transport	2	1	0.18	0.17623	1	BP
GO:0032374	regulation of cholesterol transport	2	1	0.18	0.17623	1	BP
GO:0002457	T cell antigen processing and presentati...	2	1	0.18	0.17623	1	BP
GO:0072185	metanephric cap development	2	1	0.18	0.17623	1	BP
GO:0072186	metanephric cap morphogenesis	2	1	0.18	0.17623	1	BP
GO:1901844	regulation of cell communication by elec...	2	1	0.18	0.17623	1	BP
GO:1990646	cellular response to prolactin	2	1	0.18	0.17623	1	BP
GO:0002479	antigen processing and presentation of e...	2	1	0.18	0.17623	1	BP
GO:0009265	2'-deoxyribonucleotide biosynthetic proc...	2	1	0.18	0.17623	1	BP
GO:1903165	response to polycyclic arene	2	1	0.18	0.17623	1	BP
GO:1903166	cellular response to polycyclic arene	2	1	0.18	0.17623	1	BP
GO:0048714	positive regulation of oligodendrocyte d...	2	1	0.18	0.17623	1	BP
GO:0032304	negative regulation of icosanoid secreti...	2	1	0.18	0.17623	1	BP
GO:0055091	phospholipid homeostasis	2	1	0.18	0.17623	1	BP
GO:0089718	amino acid import across plasma membrane	2	1	0.18	0.17623	1	BP
GO:0009221	pyrimidine deoxyribonucleotide biosynthe...	2	1	0.18	0.17623	1	BP
GO:2000980	regulation of inner ear receptor cell di...	2	1	0.18	0.17623	1	BP
GO:0061744	motor behavior	2	1	0.18	0.17623	1	BP
GO:0034035	purine ribonucleoside bisphosphate metab...	2	1	0.18	0.17623	1	BP
GO:0010710	regulation of collagen catabolic process	2	1	0.18	0.17623	1	BP
GO:0010716	negative regulation of extracellular mat...	2	1	0.18	0.17623	1	BP
GO:0032466	negative regulation of cytokinesis	2	1	0.18	0.17623	1	BP
GO:0010742	macrophage derived foam cell differentia...	2	1	0.18	0.17623	1	BP
GO:0010743	regulation of macrophage derived foam ce...	2	1	0.18	0.17623	1	BP
GO:0003357	noradrenergic neuron differentiation	2	1	0.18	0.17623	1	BP
GO:0007625	grooming behavior	2	1	0.18	0.17623	1	BP
GO:0045977	positive regulation of mitotic cell cycl...	2	1	0.18	0.17623	1	BP
GO:0007629	flight behavior	2	1	0.18	0.17623	1	BP
GO:0014049	positive regulation of glutamate secreti...	2	1	0.18	0.17623	1	BP
GO:1902732	positive regulation of chondrocyte proli...	2	1	0.18	0.17623	1	BP
GO:0045945	positive regulation of transcription by ...	2	1	0.18	0.17623	1	BP
GO:0035929	steroid hormone secretion	2	1	0.18	0.17623	1	BP
GO:0022417	protein maturation by protein folding	2	1	0.18	0.17623	1	BP
GO:0010891	negative regulation of sequestering of t...	2	1	0.18	0.17623	1	BP
GO:0071852	fungal-type cell wall organization or bi...	2	1	0.18	0.17623	1	BP
GO:0072216	positive regulation of metanephros devel...	2	1	0.18	0.17623	1	BP
GO:0032400	melanosome localization	2	1	0.18	0.17623	1	BP
GO:0032401	establishment of melanosome localization	2	1	0.18	0.17623	1	BP
GO:1901615	organic hydroxy compound metabolic proce...	97	12	8.96	0.17809	1	BP
GO:0048844	artery morphogenesis	16	3	1.48	0.17825	1	BP
GO:0051881	regulation of mitochondrial membrane pot...	16	3	1.48	0.17825	1	BP
GO:0030808	regulation of nucleotide biosynthetic pr...	16	3	1.48	0.17825	1	BP
GO:0006023	aminoglycan biosynthetic process	16	3	1.48	0.17825	1	BP
GO:0048641	regulation of skeletal muscle tissue dev...	16	3	1.48	0.17825	1	BP
GO:0032781	positive regulation of ATP-dependent act...	16	3	1.48	0.17825	1	BP
GO:0044409	entry into host	16	3	1.48	0.17825	1	BP
GO:0042698	ovulation cycle	16	3	1.48	0.17825	1	BP
GO:0008049	male courtship behavior	16	3	1.48	0.17825	1	BP
GO:1900371	regulation of purine nucleotide biosynth...	16	3	1.48	0.17825	1	BP
GO:0006885	regulation of pH	16	3	1.48	0.17825	1	BP
GO:0006614	SRP-dependent cotranslational protein ta...	16	3	1.48	0.17825	1	BP
GO:0044000	movement in host	16	3	1.48	0.17825	1	BP
GO:0055082	cellular chemical homeostasis	146	17	13.48	0.18327	1	BP
GO:0009891	positive regulation of biosynthetic proc...	327	35	30.2	0.18369	1	BP
GO:0016567	protein ubiquitination	117	14	10.81	0.18508	1	BP
GO:0140013	meiotic nuclear division	51	7	4.71	0.18551	1	BP
GO:0008306	associative learning	51	7	4.71	0.18551	1	BP
GO:0072331	signal transduction by p53 class mediato...	42	6	3.88	0.18577	1	BP
GO:0035120	post-embryonic appendage morphogenesis	79	10	7.3	0.18745	1	BP
GO:0032446	protein modification by small protein co...	127	15	11.73	0.18754	1	BP
GO:1903524	positive regulation of blood circulation	27	6	2.49	0.18955	1	BP
GO:0009895	negative regulation of catabolic process	54	9	4.99	0.192	1	BP
GO:0048514	blood vessel morphogenesis	89	11	8.22	0.19272	1	BP
GO:0006939	smooth muscle contraction	25	4	2.31	0.19428	1	BP
GO:0051588	regulation of neurotransmitter transport	25	4	2.31	0.19428	1	BP
GO:0046849	bone remodeling	25	4	2.31	0.19428	1	BP
GO:0007589	body fluid secretion	25	4	2.31	0.19428	1	BP
GO:0006816	calcium ion transport	73	11	6.74	0.19527	1	BP
GO:0007623	circadian rhythm	61	8	5.63	0.19566	1	BP
GO:0002165	instar larval or pupal development	128	15	11.82	0.19586	1	BP
GO:0009059	macromolecule biosynthetic process	651	67	60.13	0.19636	1	BP
GO:0035114	imaginal disc-derived appendage morphoge...	80	10	7.39	0.19804	1	BP
GO:0032101	regulation of response to external stimu...	148	17	13.67	0.19876	1	BP
GO:0000165	MAPK cascade	148	17	13.67	0.19876	1	BP
GO:1903793	positive regulation of anion transport	9	2	0.83	0.19888	1	BP
GO:0048643	positive regulation of skeletal muscle t...	9	2	0.83	0.19888	1	BP
GO:0031571	mitotic G1 DNA damage checkpoint signali...	9	2	0.83	0.19888	1	BP
GO:0097066	response to thyroid hormone	9	2	0.83	0.19888	1	BP
GO:0031641	regulation of myelination	9	2	0.83	0.19888	1	BP
GO:0051953	negative regulation of amine transport	9	2	0.83	0.19888	1	BP
GO:0010939	regulation of necrotic cell death	9	2	0.83	0.19888	1	BP
GO:0006111	regulation of gluconeogenesis	9	2	0.83	0.19888	1	BP
GO:0044819	mitotic G1/S transition checkpoint signa...	9	2	0.83	0.19888	1	BP
GO:0060384	innervation	9	2	0.83	0.19888	1	BP
GO:2000725	regulation of cardiac muscle cell differ...	9	2	0.83	0.19888	1	BP
GO:0045838	positive regulation of membrane potentia...	9	2	0.83	0.19888	1	BP
GO:0032352	positive regulation of hormone metabolic...	9	2	0.83	0.19888	1	BP
GO:0007526	larval somatic muscle development	9	2	0.83	0.19888	1	BP
GO:0016485	protein processing	34	5	3.14	0.19973	1	BP
GO:0031023	microtubule organizing center organizati...	34	5	3.14	0.19973	1	BP
GO:0060402	calcium ion transport into cytosol	34	5	3.14	0.19973	1	BP
GO:0046890	regulation of lipid biosynthetic process	34	5	3.14	0.19973	1	BP
GO:0044839	cell cycle G2/M phase transition	43	6	3.97	0.20046	1	BP
GO:0015850	organic hydroxy compound transport	43	6	3.97	0.20046	1	BP
GO:0060443	mammary gland morphogenesis	17	3	1.57	0.20264	1	BP
GO:0006613	cotranslational protein targeting to mem...	17	3	1.57	0.20264	1	BP
GO:0055093	response to hyperoxia	17	3	1.57	0.20264	1	BP
GO:0034660	ncRNA metabolic process	90	11	8.31	0.20284	1	BP
GO:0048737	imaginal disc-derived appendage developm...	81	10	7.48	0.20888	1	BP
GO:0098662	inorganic cation transmembrane transport	143	18	13.21	0.21092	1	BP
GO:0031328	positive regulation of cellular biosynth...	322	34	29.74	0.21265	1	BP
GO:0043068	positive regulation of programmed cell d...	130	15	12.01	0.21304	1	BP
GO:0031348	negative regulation of defense response	26	4	2.4	0.21418	1	BP
GO:0071242	cellular response to ammonium ion	26	4	2.4	0.21418	1	BP
GO:0006836	neurotransmitter transport	72	9	6.65	0.2149	1	BP
GO:1901342	regulation of vasculature development	44	6	4.06	0.21556	1	BP
GO:0006898	receptor-mediated endocytosis	44	6	4.06	0.21556	1	BP
GO:0016070	RNA metabolic process	602	62	55.6	0.21572	1	BP
GO:0003206	cardiac chamber morphogenesis	35	5	3.23	0.21682	1	BP
GO:0071496	cellular response to external stimulus	75	11	6.93	0.21831	1	BP
GO:0031669	cellular response to nutrient levels	56	9	5.17	0.2189	1	BP
GO:0071902	positive regulation of protein serine/th...	63	8	5.82	0.22076	1	BP
GO:0044262	cellular carbohydrate metabolic process	54	7	4.99	0.22627	1	BP
GO:0018205	peptidyl-lysine modification	54	7	4.99	0.22627	1	BP
GO:0051321	meiotic cell cycle	73	9	6.74	0.22685	1	BP
GO:0033138	positive regulation of peptidyl-serine p...	18	3	1.66	0.22774	1	BP
GO:0046364	monosaccharide biosynthetic process	18	3	1.66	0.22774	1	BP
GO:0045773	positive regulation of axon extension	18	3	1.66	0.22774	1	BP
GO:0036296	response to increased oxygen levels	18	3	1.66	0.22774	1	BP
GO:0035914	skeletal muscle cell differentiation	18	3	1.66	0.22774	1	BP
GO:0051899	membrane depolarization	18	3	1.66	0.22774	1	BP
GO:0034764	positive regulation of transmembrane tra...	38	7	3.51	0.22817	1	BP
GO:0001932	regulation of protein phosphorylation	202	22	18.66	0.22912	1	BP
GO:0034767	positive regulation of ion transmembrane...	29	6	2.68	0.22921	1	BP
GO:0002181	cytoplasmic translation	29	6	2.68	0.22921	1	BP
GO:0031324	negative regulation of cellular metaboli...	399	44	36.85	0.23011	1	BP
GO:0051604	protein maturation	45	6	4.16	0.23104	1	BP
GO:0006091	generation of precursor metabolites and ...	83	10	7.67	0.23129	1	BP
GO:0043270	positive regulation of ion transport	57	9	5.26	0.23283	1	BP
GO:0060538	skeletal muscle organ development	64	8	5.91	0.23375	1	BP
GO:0048841	regulation of axon extension involved in...	10	2	0.92	0.2343	1	BP
GO:0043388	positive regulation of DNA binding	10	2	0.92	0.2343	1	BP
GO:0015909	long-chain fatty acid transport	10	2	0.92	0.2343	1	BP
GO:0060603	mammary gland duct morphogenesis	10	2	0.92	0.2343	1	BP
GO:0043457	regulation of cellular respiration	10	2	0.92	0.2343	1	BP
GO:0072553	terminal button organization	10	2	0.92	0.2343	1	BP
GO:0003229	ventricular cardiac muscle tissue develo...	10	2	0.92	0.2343	1	BP
GO:2000785	regulation of autophagosome assembly	10	2	0.92	0.2343	1	BP
GO:0060324	face development	10	2	0.92	0.2343	1	BP
GO:0007474	imaginal disc-derived wing vein specific...	10	2	0.92	0.2343	1	BP
GO:0042982	amyloid precursor protein metabolic proc...	10	2	0.92	0.2343	1	BP
GO:0043966	histone H3 acetylation	10	2	0.92	0.2343	1	BP
GO:0070228	regulation of lymphocyte apoptotic proce...	10	2	0.92	0.2343	1	BP
GO:0051438	regulation of ubiquitin-protein transfer...	10	2	0.92	0.2343	1	BP
GO:0072350	tricarboxylic acid metabolic process	10	2	0.92	0.2343	1	BP
GO:0006582	melanin metabolic process	10	2	0.92	0.2343	1	BP
GO:0030168	platelet activation	10	2	0.92	0.2343	1	BP
GO:0006658	phosphatidylserine metabolic process	10	2	0.92	0.2343	1	BP
GO:0046503	glycerolipid catabolic process	10	2	0.92	0.2343	1	BP
GO:0014904	myotube cell development	10	2	0.92	0.2343	1	BP
GO:0002456	T cell mediated immunity	10	2	0.92	0.2343	1	BP
GO:0044088	regulation of vacuole organization	10	2	0.92	0.2343	1	BP
GO:0048741	skeletal muscle fiber development	10	2	0.92	0.2343	1	BP
GO:0010765	positive regulation of sodium ion transp...	10	2	0.92	0.2343	1	BP
GO:0055078	sodium ion homeostasis	10	2	0.92	0.2343	1	BP
GO:0055010	ventricular cardiac muscle tissue morpho...	10	2	0.92	0.2343	1	BP
GO:0048867	stem cell fate determination	10	2	0.92	0.2343	1	BP
GO:0048512	circadian behavior	36	5	3.33	0.23435	1	BP
GO:0007030	Golgi organization	36	5	3.33	0.23435	1	BP
GO:0019935	cyclic-nucleotide-mediated signaling	36	5	3.33	0.23435	1	BP
GO:0050727	regulation of inflammatory response	36	5	3.33	0.23435	1	BP
GO:0007622	rhythmic behavior	36	5	3.33	0.23435	1	BP
GO:0043112	receptor metabolic process	27	4	2.49	0.23463	1	BP
GO:0007009	plasma membrane organization	27	4	2.49	0.23463	1	BP
GO:0051952	regulation of amine transport	27	4	2.49	0.23463	1	BP
GO:1901796	regulation of signal transduction by p53...	27	4	2.49	0.23463	1	BP
GO:0098657	import into cell	106	14	9.79	0.23663	1	BP
GO:0006807	nitrogen compound metabolic process	1313	129	121.27	0.23999	1	BP
GO:0042110	T cell activation	55	7	5.08	0.24051	1	BP
GO:0016032	viral process	55	7	5.08	0.24051	1	BP
GO:0019219	regulation of nucleobase-containing comp...	523	54	48.31	0.24608	1	BP
GO:0099643	signal release from synapse	46	6	4.25	0.24686	1	BP
GO:0006470	protein dephosphorylation	46	6	4.25	0.24686	1	BP
GO:0007269	neurotransmitter secretion	46	6	4.25	0.24686	1	BP
GO:0034470	ncRNA processing	65	8	6	0.247	1	BP
GO:0001933	negative regulation of protein phosphory...	65	8	6	0.247	1	BP
GO:0048569	post-embryonic animal organ development	154	17	14.22	0.24881	1	BP
GO:0043065	positive regulation of apoptotic process	124	14	11.45	0.24908	1	BP
GO:0043171	peptide catabolic process	5	3	0.46	0.25015	1	BP
GO:0003057	regulation of the force of heart contrac...	5	3	0.46	0.25015	1	BP
GO:0051171	regulation of nitrogen compound metaboli...	737	75	68.07	0.25106	1	BP
GO:0062012	regulation of small molecule metabolic p...	75	9	6.93	0.25149	1	BP
GO:0048818	positive regulation of hair follicle mat...	3	1	0.28	0.25239	1	BP
GO:0010889	regulation of sequestering of triglyceri...	3	1	0.28	0.25239	1	BP
GO:0072203	cell proliferation involved in metanephr...	3	1	0.28	0.25239	1	BP
GO:0043330	response to exogenous dsRNA	3	1	0.28	0.25239	1	BP
GO:0086064	cell communication by electrical couplin...	3	1	0.28	0.25239	1	BP
GO:0048550	negative regulation of pinocytosis	3	1	0.28	0.25239	1	BP
GO:1903798	regulation of miRNA maturation	3	1	0.28	0.25239	1	BP
GO:0071569	protein ufmylation	3	1	0.28	0.25239	1	BP
GO:0071554	cell wall organization or biogenesis	3	1	0.28	0.25239	1	BP
GO:0072733	response to staurosporine	3	1	0.28	0.25239	1	BP
GO:0072734	cellular response to staurosporine	3	1	0.28	0.25239	1	BP
GO:0010566	regulation of ketone biosynthetic proces...	3	1	0.28	0.25239	1	BP
GO:0048548	regulation of pinocytosis	3	1	0.28	0.25239	1	BP
GO:0051561	positive regulation of mitochondrial cal...	3	1	0.28	0.25239	1	BP
GO:0035041	sperm DNA decondensation	3	1	0.28	0.25239	1	BP
GO:0090611	ubiquitin-independent protein catabolic ...	3	1	0.28	0.25239	1	BP
GO:1903726	negative regulation of phospholipid meta...	3	1	0.28	0.25239	1	BP
GO:0035039	male pronucleus assembly	3	1	0.28	0.25239	1	BP
GO:0003181	atrioventricular valve morphogenesis	3	1	0.28	0.25239	1	BP
GO:0003183	mitral valve morphogenesis	3	1	0.28	0.25239	1	BP
GO:1904294	positive regulation of ERAD pathway	3	1	0.28	0.25239	1	BP
GO:0003174	mitral valve development	3	1	0.28	0.25239	1	BP
GO:0002763	positive regulation of myeloid leukocyte...	3	1	0.28	0.25239	1	BP
GO:0032229	negative regulation of synaptic transmis...	3	1	0.28	0.25239	1	BP
GO:1903862	positive regulation of oxidative phospho...	3	1	0.28	0.25239	1	BP
GO:0044321	response to leptin	3	1	0.28	0.25239	1	BP
GO:0051666	actin cortical patch localization	3	1	0.28	0.25239	1	BP
GO:0150065	regulation of deacetylase activity	3	1	0.28	0.25239	1	BP
GO:0071636	positive regulation of transforming grow...	3	1	0.28	0.25239	1	BP
GO:1903817	negative regulation of voltage-gated pot...	3	1	0.28	0.25239	1	BP
GO:0010649	regulation of cell communication by elec...	3	1	0.28	0.25239	1	BP
GO:0001502	cartilage condensation	3	1	0.28	0.25239	1	BP
GO:0003214	cardiac left ventricle morphogenesis	3	1	0.28	0.25239	1	BP
GO:0021562	vestibulocochlear nerve development	3	1	0.28	0.25239	1	BP
GO:0001661	conditioned taste aversion	3	1	0.28	0.25239	1	BP
GO:0072529	pyrimidine-containing compound catabolic...	3	1	0.28	0.25239	1	BP
GO:1903564	regulation of protein localization to ci...	3	1	0.28	0.25239	1	BP
GO:1905132	regulation of meiotic chromosome separat...	3	1	0.28	0.25239	1	BP
GO:0070920	regulation of production of small RNA in...	3	1	0.28	0.25239	1	BP
GO:0097068	response to thyroxine	3	1	0.28	0.25239	1	BP
GO:2000370	positive regulation of clathrin-dependen...	3	1	0.28	0.25239	1	BP
GO:0097070	ductus arteriosus closure	3	1	0.28	0.25239	1	BP
GO:0033234	negative regulation of protein sumoylati...	3	1	0.28	0.25239	1	BP
GO:0031650	regulation of heat generation	3	1	0.28	0.25239	1	BP
GO:0031652	positive regulation of heat generation	3	1	0.28	0.25239	1	BP
GO:2000331	regulation of terminal button organizati...	3	1	0.28	0.25239	1	BP
GO:0098911	regulation of ventricular cardiac muscle...	3	1	0.28	0.25239	1	BP
GO:0034141	positive regulation of toll-like recepto...	3	1	0.28	0.25239	1	BP
GO:0034138	toll-like receptor 3 signaling pathway	3	1	0.28	0.25239	1	BP
GO:0034139	regulation of toll-like receptor 3 signa...	3	1	0.28	0.25239	1	BP
GO:0060056	mammary gland involution	3	1	0.28	0.25239	1	BP
GO:0098903	regulation of membrane repolarization du...	3	1	0.28	0.25239	1	BP
GO:0006390	mitochondrial transcription	3	1	0.28	0.25239	1	BP
GO:0055119	relaxation of cardiac muscle	3	1	0.28	0.25239	1	BP
GO:0045454	cell redox homeostasis	3	1	0.28	0.25239	1	BP
GO:0045455	ecdysteroid metabolic process	3	1	0.28	0.25239	1	BP
GO:0045456	ecdysteroid biosynthetic process	3	1	0.28	0.25239	1	BP
GO:0035459	vesicle cargo loading	3	1	0.28	0.25239	1	BP
GO:0006359	regulation of transcription by RNA polym...	3	1	0.28	0.25239	1	BP
GO:1901017	negative regulation of potassium ion tra...	3	1	0.28	0.25239	1	BP
GO:0010955	negative regulation of protein processin...	3	1	0.28	0.25239	1	BP
GO:0051957	positive regulation of amino acid transp...	3	1	0.28	0.25239	1	BP
GO:0035435	phosphate ion transmembrane transport	3	1	0.28	0.25239	1	BP
GO:0090077	foam cell differentiation	3	1	0.28	0.25239	1	BP
GO:0006465	signal peptide processing	3	1	0.28	0.25239	1	BP
GO:0022616	DNA strand elongation	3	1	0.28	0.25239	1	BP
GO:0001960	negative regulation of cytokine-mediated...	3	1	0.28	0.25239	1	BP
GO:0044785	metaphase/anaphase transition of meiotic...	3	1	0.28	0.25239	1	BP
GO:1900370	positive regulation of post-transcriptio...	3	1	0.28	0.25239	1	BP
GO:0006474	N-terminal protein amino acid acetylatio...	3	1	0.28	0.25239	1	BP
GO:0033599	regulation of mammary gland epithelial c...	3	1	0.28	0.25239	1	BP
GO:1904627	response to phorbol 13-acetate 12-myrist...	3	1	0.28	0.25239	1	BP
GO:0001982	baroreceptor response to decreased syste...	3	1	0.28	0.25239	1	BP
GO:1904628	cellular response to phorbol 13-acetate ...	3	1	0.28	0.25239	1	BP
GO:0001988	positive regulation of heart rate involv...	3	1	0.28	0.25239	1	BP
GO:1904612	response to 2,3,7,8-tetrachlorodibenzodi...	3	1	0.28	0.25239	1	BP
GO:1904613	cellular response to 2,3,7,8-tetrachloro...	3	1	0.28	0.25239	1	BP
GO:0001973	G protein-coupled adenosine receptor sig...	3	1	0.28	0.25239	1	BP
GO:0001978	regulation of systemic arterial blood pr...	3	1	0.28	0.25239	1	BP
GO:0001922	B-1 B cell homeostasis	3	1	0.28	0.25239	1	BP
GO:0043584	nose development	3	1	0.28	0.25239	1	BP
GO:0030070	insulin processing	3	1	0.28	0.25239	1	BP
GO:0071072	negative regulation of phospholipid bios...	3	1	0.28	0.25239	1	BP
GO:2000270	negative regulation of fibroblast apopto...	3	1	0.28	0.25239	1	BP
GO:0043501	skeletal muscle adaptation	3	1	0.28	0.25239	1	BP
GO:0014733	regulation of skeletal muscle adaptation	3	1	0.28	0.25239	1	BP
GO:0097325	melanocyte proliferation	3	1	0.28	0.25239	1	BP
GO:0031953	negative regulation of protein autophosp...	3	1	0.28	0.25239	1	BP
GO:0061009	common bile duct development	3	1	0.28	0.25239	1	BP
GO:0009092	homoserine metabolic process	3	1	0.28	0.25239	1	BP
GO:0014883	transition between fast and slow fiber	3	1	0.28	0.25239	1	BP
GO:0060355	positive regulation of cell adhesion mol...	3	1	0.28	0.25239	1	BP
GO:0033632	regulation of cell-cell adhesion mediate...	3	1	0.28	0.25239	1	BP
GO:1990169	stress response to copper ion	3	1	0.28	0.25239	1	BP
GO:1901380	negative regulation of potassium ion tra...	3	1	0.28	0.25239	1	BP
GO:0006271	DNA strand elongation involved in DNA re...	3	1	0.28	0.25239	1	BP
GO:0039019	pronephric nephron development	3	1	0.28	0.25239	1	BP
GO:1903054	negative regulation of extracellular mat...	3	1	0.28	0.25239	1	BP
GO:0019054	modulation by virus of host cellular pro...	3	1	0.28	0.25239	1	BP
GO:0007194	negative regulation of adenylate cyclase...	3	1	0.28	0.25239	1	BP
GO:2001225	regulation of chloride transport	3	1	0.28	0.25239	1	BP
GO:1903018	regulation of glycoprotein metabolic pro...	3	1	0.28	0.25239	1	BP
GO:0019048	modulation by virus of host process	3	1	0.28	0.25239	1	BP
GO:0002097	tRNA wobble base modification	3	1	0.28	0.25239	1	BP
GO:0035864	response to potassium ion	3	1	0.28	0.25239	1	BP
GO:0016264	gap junction assembly	3	1	0.28	0.25239	1	BP
GO:0071391	cellular response to estrogen stimulus	3	1	0.28	0.25239	1	BP
GO:0000301	retrograde transport, vesicle recycling ...	3	1	0.28	0.25239	1	BP
GO:0007144	female meiosis I	3	1	0.28	0.25239	1	BP
GO:0035878	nail development	3	1	0.28	0.25239	1	BP
GO:1900272	negative regulation of long-term synapti...	3	1	0.28	0.25239	1	BP
GO:0060408	regulation of acetylcholine metabolic pr...	3	1	0.28	0.25239	1	BP
GO:0060409	positive regulation of acetylcholine met...	3	1	0.28	0.25239	1	BP
GO:0032906	transforming growth factor beta2 product...	3	1	0.28	0.25239	1	BP
GO:0032909	regulation of transforming growth factor...	3	1	0.28	0.25239	1	BP
GO:0071360	cellular response to exogenous dsRNA	3	1	0.28	0.25239	1	BP
GO:0015858	nucleoside transport	3	1	0.28	0.25239	1	BP
GO:0046794	transport of virus	3	1	0.28	0.25239	1	BP
GO:0060161	positive regulation of dopamine receptor...	3	1	0.28	0.25239	1	BP
GO:0010359	regulation of anion channel activity	3	1	0.28	0.25239	1	BP
GO:0015819	lysine transport	3	1	0.28	0.25239	1	BP
GO:0051350	negative regulation of lyase activity	3	1	0.28	0.25239	1	BP
GO:0010383	cell wall polysaccharide metabolic proce...	3	1	0.28	0.25239	1	BP
GO:1990791	dorsal root ganglion development	3	1	0.28	0.25239	1	BP
GO:0060180	female mating behavior	3	1	0.28	0.25239	1	BP
GO:0061312	BMP signaling pathway involved in heart ...	3	1	0.28	0.25239	1	BP
GO:0006896	Golgi to vacuole transport	3	1	0.28	0.25239	1	BP
GO:0030302	deoxynucleotide transport	3	1	0.28	0.25239	1	BP
GO:0060112	generation of ovulation cycle rhythm	3	1	0.28	0.25239	1	BP
GO:0051340	regulation of ligase activity	3	1	0.28	0.25239	1	BP
GO:0060148	positive regulation of post-transcriptio...	3	1	0.28	0.25239	1	BP
GO:0006864	pyrimidine nucleotide transport	3	1	0.28	0.25239	1	BP
GO:0035588	G protein-coupled purinergic receptor si...	3	1	0.28	0.25239	1	BP
GO:0048484	enteric nervous system development	3	1	0.28	0.25239	1	BP
GO:0071464	cellular response to hydrostatic pressur...	3	1	0.28	0.25239	1	BP
GO:1904081	positive regulation of transcription fro...	3	1	0.28	0.25239	1	BP
GO:0007202	activation of phospholipase C activity	3	1	0.28	0.25239	1	BP
GO:0006848	pyruvate transport	3	1	0.28	0.25239	1	BP
GO:0007205	protein kinase C-activating G protein-co...	3	1	0.28	0.25239	1	BP
GO:0070254	mucus secretion	3	1	0.28	0.25239	1	BP
GO:0070255	regulation of mucus secretion	3	1	0.28	0.25239	1	BP
GO:0090110	COPII-coated vesicle cargo loading	3	1	0.28	0.25239	1	BP
GO:0060250	germ-line stem-cell niche homeostasis	3	1	0.28	0.25239	1	BP
GO:0003094	glomerular filtration	3	1	0.28	0.25239	1	BP
GO:0045655	regulation of monocyte differentiation	3	1	0.28	0.25239	1	BP
GO:0045656	negative regulation of monocyte differen...	3	1	0.28	0.25239	1	BP
GO:0071409	cellular response to cycloheximide	3	1	0.28	0.25239	1	BP
GO:0045672	positive regulation of osteoclast differ...	3	1	0.28	0.25239	1	BP
GO:1905920	positive regulation of CoA-transferase a...	3	1	0.28	0.25239	1	BP
GO:1905921	regulation of acetylcholine biosynthetic...	3	1	0.28	0.25239	1	BP
GO:1905923	positive regulation of acetylcholine bio...	3	1	0.28	0.25239	1	BP
GO:0031365	N-terminal protein amino acid modificati...	3	1	0.28	0.25239	1	BP
GO:2000637	positive regulation of miRNA-mediated ge...	3	1	0.28	0.25239	1	BP
GO:0003025	regulation of systemic arterial blood pr...	3	1	0.28	0.25239	1	BP
GO:1905918	regulation of CoA-transferase activity	3	1	0.28	0.25239	1	BP
GO:0006572	tyrosine catabolic process	3	1	0.28	0.25239	1	BP
GO:0072375	medium-term memory	3	1	0.28	0.25239	1	BP
GO:0015669	gas transport	3	1	0.28	0.25239	1	BP
GO:0043056	forward locomotion	3	1	0.28	0.25239	1	BP
GO:0043059	regulation of forward locomotion	3	1	0.28	0.25239	1	BP
GO:0060761	negative regulation of response to cytok...	3	1	0.28	0.25239	1	BP
GO:0060765	regulation of androgen receptor signalin...	3	1	0.28	0.25239	1	BP
GO:0019372	lipoxygenase pathway	3	1	0.28	0.25239	1	BP
GO:1903318	negative regulation of protein maturatio...	3	1	0.28	0.25239	1	BP
GO:0090237	regulation of arachidonic acid secretion	3	1	0.28	0.25239	1	BP
GO:0019346	transsulfuration	3	1	0.28	0.25239	1	BP
GO:0018149	peptide cross-linking	3	1	0.28	0.25239	1	BP
GO:0071294	cellular response to zinc ion	3	1	0.28	0.25239	1	BP
GO:1990519	pyrimidine nucleotide import into mitoch...	3	1	0.28	0.25239	1	BP
GO:1902102	regulation of metaphase/anaphase transit...	3	1	0.28	0.25239	1	BP
GO:0002327	immature B cell differentiation	3	1	0.28	0.25239	1	BP
GO:0070875	positive regulation of glycogen metaboli...	3	1	0.28	0.25239	1	BP
GO:1902255	positive regulation of intrinsic apoptot...	3	1	0.28	0.25239	1	BP
GO:0032366	intracellular sterol transport	3	1	0.28	0.25239	1	BP
GO:0032367	intracellular cholesterol transport	3	1	0.28	0.25239	1	BP
GO:0030205	dermatan sulfate metabolic process	3	1	0.28	0.25239	1	BP
GO:0030208	dermatan sulfate biosynthetic process	3	1	0.28	0.25239	1	BP
GO:0070836	caveola assembly	3	1	0.28	0.25239	1	BP
GO:1901857	positive regulation of cellular respirat...	3	1	0.28	0.25239	1	BP
GO:1990637	response to prolactin	3	1	0.28	0.25239	1	BP
GO:0034067	protein localization to Golgi apparatus	3	1	0.28	0.25239	1	BP
GO:0009263	deoxyribonucleotide biosynthetic process	3	1	0.28	0.25239	1	BP
GO:0072131	kidney mesenchyme morphogenesis	3	1	0.28	0.25239	1	BP
GO:0072133	metanephric mesenchyme morphogenesis	3	1	0.28	0.25239	1	BP
GO:0048742	regulation of skeletal muscle fiber deve...	3	1	0.28	0.25239	1	BP
GO:0044036	cell wall macromolecule metabolic proces...	3	1	0.28	0.25239	1	BP
GO:0009219	pyrimidine deoxyribonucleotide metabolic...	3	1	0.28	0.25239	1	BP
GO:0042454	ribonucleoside catabolic process	3	1	0.28	0.25239	1	BP
GO:0055089	fatty acid homeostasis	3	1	0.28	0.25239	1	BP
GO:0032471	negative regulation of endoplasmic retic...	3	1	0.28	0.25239	1	BP
GO:0060539	diaphragm development	3	1	0.28	0.25239	1	BP
GO:0045924	regulation of female receptivity	3	1	0.28	0.25239	1	BP
GO:0042439	ethanolamine-containing compound metabol...	3	1	0.28	0.25239	1	BP
GO:0035970	peptidyl-threonine dephosphorylation	3	1	0.28	0.25239	1	BP
GO:0031280	negative regulation of cyclase activity	3	1	0.28	0.25239	1	BP
GO:0045943	positive regulation of transcription by ...	3	1	0.28	0.25239	1	BP
GO:0042402	cellular biogenic amine catabolic proces...	3	1	0.28	0.25239	1	BP
GO:0010896	regulation of triglyceride catabolic pro...	3	1	0.28	0.25239	1	BP
GO:0072215	regulation of metanephros development	3	1	0.28	0.25239	1	BP
GO:0007041	lysosomal transport	19	3	1.75	0.2534	1	BP
GO:0007006	mitochondrial membrane organization	19	3	1.75	0.2534	1	BP
GO:1903036	positive regulation of response to wound...	19	3	1.75	0.2534	1	BP
GO:0051445	regulation of meiotic cell cycle	19	3	1.75	0.2534	1	BP
GO:1903321	negative regulation of protein modificat...	19	3	1.75	0.2534	1	BP
GO:0051252	regulation of RNA metabolic process	482	50	44.52	0.25417	1	BP
GO:0032147	activation of protein kinase activity	56	7	5.17	0.25503	1	BP
GO:0051480	regulation of cytosolic calcium ion conc...	56	7	5.17	0.25503	1	BP
GO:0005996	monosaccharide metabolic process	56	7	5.17	0.25503	1	BP
GO:0045930	negative regulation of mitotic cell cycl...	56	7	5.17	0.25503	1	BP
GO:1901991	negative regulation of mitotic cell cycl...	28	4	2.59	0.25552	1	BP
GO:0014902	myotube differentiation	28	4	2.59	0.25552	1	BP
GO:0031400	negative regulation of protein modificat...	95	11	8.77	0.25665	1	BP
GO:1903046	meiotic cell cycle process	66	8	6.1	0.26049	1	BP
GO:0043436	oxoacid metabolic process	196	21	18.1	0.26111	1	BP
GO:0044238	primary metabolic process	1352	131	124.87	0.26144	1	BP
GO:0032102	negative regulation of response to exter...	47	6	4.34	0.26299	1	BP
GO:0051348	negative regulation of transferase activ...	47	6	4.34	0.26299	1	BP
GO:0044060	regulation of endocrine process	13	4	1.2	0.26618	1	BP
GO:0005975	carbohydrate metabolic process	96	11	8.87	0.26798	1	BP
GO:0007560	imaginal disc morphogenesis	106	12	9.79	0.26875	1	BP
GO:0048707	instar larval or pupal morphogenesis	116	13	10.71	0.26899	1	BP
GO:1903779	regulation of cardiac conduction	11	2	1.02	0.27004	1	BP
GO:0042255	ribosome assembly	11	2	1.02	0.27004	1	BP
GO:1990928	response to amino acid starvation	11	2	1.02	0.27004	1	BP
GO:0048680	positive regulation of axon regeneration	11	2	1.02	0.27004	1	BP
GO:0032204	regulation of telomere maintenance	11	2	1.02	0.27004	1	BP
GO:0072527	pyrimidine-containing compound metabolic...	11	2	1.02	0.27004	1	BP
GO:0034198	cellular response to amino acid starvati...	11	2	1.02	0.27004	1	BP
GO:0035335	peptidyl-tyrosine dephosphorylation	11	2	1.02	0.27004	1	BP
GO:0034109	homotypic cell-cell adhesion	11	2	1.02	0.27004	1	BP
GO:0051966	regulation of synaptic transmission, glu...	11	2	1.02	0.27004	1	BP
GO:0061098	positive regulation of protein tyrosine ...	11	2	1.02	0.27004	1	BP
GO:2000106	regulation of leukocyte apoptotic proces...	11	2	1.02	0.27004	1	BP
GO:0051092	positive regulation of NF-kappaB transcr...	11	2	1.02	0.27004	1	BP
GO:0046460	neutral lipid biosynthetic process	11	2	1.02	0.27004	1	BP
GO:0046463	acylglycerol biosynthetic process	11	2	1.02	0.27004	1	BP
GO:0070373	negative regulation of ERK1 and ERK2 cas...	11	2	1.02	0.27004	1	BP
GO:0033619	membrane protein proteolysis	11	2	1.02	0.27004	1	BP
GO:0007450	dorsal/ventral pattern formation, imagin...	11	2	1.02	0.27004	1	BP
GO:0007455	eye-antennal disc morphogenesis	11	2	1.02	0.27004	1	BP
GO:0070227	lymphocyte apoptotic process	11	2	1.02	0.27004	1	BP
GO:0046885	regulation of hormone biosynthetic proce...	11	2	1.02	0.27004	1	BP
GO:1903317	regulation of protein maturation	11	2	1.02	0.27004	1	BP
GO:1902116	negative regulation of organelle assembl...	11	2	1.02	0.27004	1	BP
GO:0006654	phosphatidic acid biosynthetic process	11	2	1.02	0.27004	1	BP
GO:0050732	negative regulation of peptidyl-tyrosine...	11	2	1.02	0.27004	1	BP
GO:0019432	triglyceride biosynthetic process	11	2	1.02	0.27004	1	BP
GO:0070572	positive regulation of neuron projection...	11	2	1.02	0.27004	1	BP
GO:0071709	membrane assembly	11	2	1.02	0.27004	1	BP
GO:0014015	positive regulation of gliogenesis	11	2	1.02	0.27004	1	BP
GO:0042417	dopamine metabolic process	11	2	1.02	0.27004	1	BP
GO:0097164	ammonium ion metabolic process	38	5	3.51	0.27052	1	BP
GO:0031330	negative regulation of cellular cataboli...	50	8	4.62	0.27167	1	BP
GO:0018958	phenol-containing compound metabolic pro...	29	4	2.68	0.27677	1	BP
GO:0009060	aerobic respiration	29	4	2.68	0.27677	1	BP
GO:0062013	positive regulation of small molecule me...	29	4	2.68	0.27677	1	BP
GO:2001235	positive regulation of apoptotic signali...	29	4	2.68	0.27677	1	BP
GO:0006633	fatty acid biosynthetic process	29	4	2.68	0.27677	1	BP
GO:0010876	lipid localization	77	9	7.11	0.27698	1	BP
GO:0031347	regulation of defense response	77	9	7.11	0.27698	1	BP
GO:0034762	regulation of transmembrane transport	70	10	6.47	0.27884	1	BP
GO:0043462	regulation of ATP-dependent activity	20	3	1.85	0.27944	1	BP
GO:0001676	long-chain fatty acid metabolic process	20	3	1.85	0.27944	1	BP
GO:0010906	regulation of glucose metabolic process	20	3	1.85	0.27944	1	BP
GO:1900542	regulation of purine nucleotide metaboli...	20	3	1.85	0.27944	1	BP
GO:0010256	endomembrane system organization	97	11	8.96	0.27948	1	BP
GO:0070647	protein modification by small protein co...	158	17	14.59	0.28476	1	BP
GO:0010948	negative regulation of cell cycle proces...	68	8	6.28	0.28812	1	BP
GO:0009152	purine ribonucleotide biosynthetic proce...	39	5	3.6	0.28905	1	BP
GO:0019752	carboxylic acid metabolic process	179	19	16.53	0.28991	1	BP
GO:0007552	metamorphosis	118	13	10.9	0.2901	1	BP
GO:0048563	post-embryonic animal organ morphogenesi...	108	12	9.98	0.29081	1	BP
GO:0006914	autophagy	81	11	7.48	0.29298	1	BP
GO:0061919	process utilizing autophagic mechanism	81	11	7.48	0.29298	1	BP
GO:0044706	multi-multicellular organism process	49	6	4.53	0.29602	1	BP
GO:0010001	glial cell differentiation	49	6	4.53	0.29602	1	BP
GO:0006865	amino acid transport	30	7	2.77	0.29623	1	BP
GO:0043271	negative regulation of ion transport	30	4	2.77	0.2983	1	BP
GO:0018394	peptidyl-lysine acetylation	30	4	2.77	0.2983	1	BP
GO:0015837	amine transport	30	4	2.77	0.2983	1	BP
GO:0043687	post-translational protein modification	59	7	5.45	0.30003	1	BP
GO:0006605	protein targeting	59	7	5.45	0.30003	1	BP
GO:0006576	cellular biogenic amine metabolic proces...	23	5	2.12	0.3003	1	BP
GO:0098739	import across plasma membrane	14	4	1.29	0.30154	1	BP
GO:1904427	positive regulation of calcium ion trans...	14	4	1.29	0.30154	1	BP
GO:1901137	carbohydrate derivative biosynthetic pro...	109	12	10.07	0.30204	1	BP
GO:0010563	negative regulation of phosphorus metabo...	89	10	8.22	0.30335	1	BP
GO:0045936	negative regulation of phosphate metabol...	89	10	8.22	0.30335	1	BP
GO:0032200	telomere organization	21	3	1.94	0.30572	1	BP
GO:0050974	detection of mechanical stimulus involve...	21	3	1.94	0.30572	1	BP
GO:1904892	regulation of receptor signaling pathway...	21	3	1.94	0.30572	1	BP
GO:0046425	regulation of receptor signaling pathway...	21	3	1.94	0.30572	1	BP
GO:0006140	regulation of nucleotide metabolic proce...	21	3	1.94	0.30572	1	BP
GO:0060179	male mating behavior	21	3	1.94	0.30572	1	BP
GO:2000573	positive regulation of DNA biosynthetic ...	21	3	1.94	0.30572	1	BP
GO:0032006	regulation of TOR signaling	21	3	1.94	0.30572	1	BP
GO:0010463	mesenchymal cell proliferation	21	3	1.94	0.30572	1	BP
GO:0050772	positive regulation of axonogenesis	21	3	1.94	0.30572	1	BP
GO:0000723	telomere maintenance	21	3	1.94	0.30572	1	BP
GO:0042475	odontogenesis of dentin-containing tooth	21	3	1.94	0.30572	1	BP
GO:0030856	regulation of epithelial cell differenti...	21	3	1.94	0.30572	1	BP
GO:0021772	olfactory bulb development	12	2	1.11	0.30575	1	BP
GO:0048524	positive regulation of viral process	12	2	1.11	0.30575	1	BP
GO:0140053	mitochondrial gene expression	12	2	1.11	0.30575	1	BP
GO:0035116	embryonic hindlimb morphogenesis	12	2	1.11	0.30575	1	BP
GO:0046473	phosphatidic acid metabolic process	12	2	1.11	0.30575	1	BP
GO:0021988	olfactory lobe development	12	2	1.11	0.30575	1	BP
GO:0007193	adenylate cyclase-inhibiting G protein-c...	12	2	1.11	0.30575	1	BP
GO:0045880	positive regulation of smoothened signal...	12	2	1.11	0.30575	1	BP
GO:0000422	autophagy of mitochondrion	12	2	1.11	0.30575	1	BP
GO:0070265	necrotic cell death	12	2	1.11	0.30575	1	BP
GO:0044058	regulation of digestive system process	12	2	1.11	0.30575	1	BP
GO:0061726	mitochondrion disassembly	12	2	1.11	0.30575	1	BP
GO:0014017	neuroblast fate commitment	12	2	1.11	0.30575	1	BP
GO:0007638	mechanosensory behavior	12	2	1.11	0.30575	1	BP
GO:0071887	leukocyte apoptotic process	12	2	1.11	0.30575	1	BP
GO:2000112	regulation of cellular macromolecule bio...	502	51	46.37	0.30652	1	BP
GO:0051302	regulation of cell division	40	5	3.69	0.3078	1	BP
GO:0045893	positive regulation of DNA-templated tra...	264	27	24.38	0.30848	1	BP
GO:0032268	regulation of cellular protein metabolic...	348	35	32.14	0.31064	1	BP
GO:0050890	cognition	110	12	10.16	0.31339	1	BP
GO:0045777	positive regulation of blood pressure	13	6	1.2	0.31527	1	BP
GO:1901360	organic cyclic compound metabolic proces...	849	83	78.41	0.31586	1	BP
GO:0009725	response to hormone	213	22	19.67	0.31621	1	BP
GO:0030534	adult behavior	70	8	6.47	0.31646	1	BP
GO:0003071	renal system process involved in regulat...	6	3	0.55	0.31883	1	BP
GO:0098743	cell aggregation	6	3	0.55	0.31883	1	BP
GO:0071805	potassium ion transmembrane transport	31	4	2.86	0.32003	1	BP
GO:0090090	negative regulation of canonical Wnt sig...	31	4	2.86	0.32003	1	BP
GO:0097327	response to antineoplastic agent	31	4	2.86	0.32003	1	BP
GO:0055067	monovalent inorganic cation homeostasis	31	4	2.86	0.32003	1	BP
GO:0048819	regulation of hair follicle maturation	4	1	0.37	0.32155	1	BP
GO:0048842	positive regulation of axon extension in...	4	1	0.37	0.32155	1	BP
GO:0015936	coenzyme A metabolic process	4	1	0.37	0.32155	1	BP
GO:0015937	coenzyme A biosynthetic process	4	1	0.37	0.32155	1	BP
GO:0050650	chondroitin sulfate proteoglycan biosynt...	4	1	0.37	0.32155	1	BP
GO:2000001	regulation of DNA damage checkpoint	4	1	0.37	0.32155	1	BP
GO:0051560	mitochondrial calcium ion homeostasis	4	1	0.37	0.32155	1	BP
GO:0030540	female genitalia development	4	1	0.37	0.32155	1	BP
GO:0006901	vesicle coating	4	1	0.37	0.32155	1	BP
GO:0043471	regulation of cellular carbohydrate cata...	4	1	0.37	0.32155	1	BP
GO:0009812	flavonoid metabolic process	4	1	0.37	0.32155	1	BP
GO:0039702	viral budding via host ESCRT complex	4	1	0.37	0.32155	1	BP
GO:1904263	positive regulation of TORC1 signaling	4	1	0.37	0.32155	1	BP
GO:0032241	positive regulation of nucleobase-contai...	4	1	0.37	0.32155	1	BP
GO:0099550	trans-synaptic signaling, modulating syn...	4	1	0.37	0.32155	1	BP
GO:0051657	maintenance of organelle location	4	1	0.37	0.32155	1	BP
GO:0044336	canonical Wnt signaling pathway involved...	4	1	0.37	0.32155	1	BP
GO:0034314	Arp2/3 complex-mediated actin nucleation	4	1	0.37	0.32155	1	BP
GO:0034315	regulation of Arp2/3 complex-mediated ac...	4	1	0.37	0.32155	1	BP
GO:0032785	negative regulation of DNA-templated tra...	4	1	0.37	0.32155	1	BP
GO:0042713	sperm ejaculation	4	1	0.37	0.32155	1	BP
GO:2001044	regulation of integrin-mediated signalin...	4	1	0.37	0.32155	1	BP
GO:0003211	cardiac ventricle formation	4	1	0.37	0.32155	1	BP
GO:0072584	caveolin-mediated endocytosis	4	1	0.37	0.32155	1	BP
GO:0021559	trigeminal nerve development	4	1	0.37	0.32155	1	BP
GO:1900084	regulation of peptidyl-tyrosine autophos...	4	1	0.37	0.32155	1	BP
GO:0001682	tRNA 5'-leader removal	4	1	0.37	0.32155	1	BP
GO:1900027	regulation of ruffle assembly	4	1	0.37	0.32155	1	BP
GO:0034471	ncRNA 5'-end processing	4	1	0.37	0.32155	1	BP
GO:1901993	regulation of meiotic cell cycle phase t...	4	1	0.37	0.32155	1	BP
GO:1903513	endoplasmic reticulum to cytosol transpo...	4	1	0.37	0.32155	1	BP
GO:1990000	amyloid fibril formation	4	1	0.37	0.32155	1	BP
GO:0007095	mitotic G2 DNA damage checkpoint signali...	4	1	0.37	0.32155	1	BP
GO:0019692	deoxyribose phosphate metabolic process	4	1	0.37	0.32155	1	BP
GO:0045324	late endosome to vacuole transport	4	1	0.37	0.32155	1	BP
GO:0000966	RNA 5'-end processing	4	1	0.37	0.32155	1	BP
GO:0070076	histone lysine demethylation	4	1	0.37	0.32155	1	BP
GO:0106120	positive regulation of sterol biosynthet...	4	1	0.37	0.32155	1	BP
GO:0035457	cellular response to interferon-alpha	4	1	0.37	0.32155	1	BP
GO:1901021	positive regulation of calcium ion trans...	4	1	0.37	0.32155	1	BP
GO:0030970	retrograde protein transport, ER to cyto...	4	1	0.37	0.32155	1	BP
GO:1902992	negative regulation of amyloid precursor...	4	1	0.37	0.32155	1	BP
GO:0000098	sulfur amino acid catabolic process	4	1	0.37	0.32155	1	BP
GO:0051969	regulation of transmission of nerve impu...	4	1	0.37	0.32155	1	BP
GO:0051988	regulation of attachment of spindle micr...	4	1	0.37	0.32155	1	BP
GO:0090038	negative regulation of protein kinase C ...	4	1	0.37	0.32155	1	BP
GO:0042635	positive regulation of hair cycle	4	1	0.37	0.32155	1	BP
GO:1904668	positive regulation of ubiquitin protein...	4	1	0.37	0.32155	1	BP
GO:0046337	phosphatidylethanolamine metabolic proce...	4	1	0.37	0.32155	1	BP
GO:0045124	regulation of bone resorption	4	1	0.37	0.32155	1	BP
GO:0044771	meiotic cell cycle phase transition	4	1	0.37	0.32155	1	BP
GO:0034720	histone H3-K4 demethylation	4	1	0.37	0.32155	1	BP
GO:0006448	regulation of translational elongation	4	1	0.37	0.32155	1	BP
GO:0071071	regulation of phospholipid biosynthetic ...	4	1	0.37	0.32155	1	BP
GO:0001937	negative regulation of endothelial cell ...	4	1	0.37	0.32155	1	BP
GO:0140354	lipid import into cell	4	1	0.37	0.32155	1	BP
GO:0046475	glycerophospholipid catabolic process	4	1	0.37	0.32155	1	BP
GO:1902018	negative regulation of cilium assembly	4	1	0.37	0.32155	1	BP
GO:0044851	hair cycle phase	4	1	0.37	0.32155	1	BP
GO:0044854	plasma membrane raft assembly	4	1	0.37	0.32155	1	BP
GO:2000232	regulation of rRNA processing	4	1	0.37	0.32155	1	BP
GO:0044857	plasma membrane raft organization	4	1	0.37	0.32155	1	BP
GO:2000234	positive regulation of rRNA processing	4	1	0.37	0.32155	1	BP
GO:1900452	regulation of long-term synaptic depress...	4	1	0.37	0.32155	1	BP
GO:0006114	glycerol biosynthetic process	4	1	0.37	0.32155	1	BP
GO:0044848	biological phase	4	1	0.37	0.32155	1	BP
GO:0009086	methionine biosynthetic process	4	1	0.37	0.32155	1	BP
GO:0009074	aromatic amino acid family catabolic pro...	4	1	0.37	0.32155	1	BP
GO:0060351	cartilage development involved in endoch...	4	1	0.37	0.32155	1	BP
GO:0060352	cell adhesion molecule production	4	1	0.37	0.32155	1	BP
GO:0060353	regulation of cell adhesion molecule pro...	4	1	0.37	0.32155	1	BP
GO:2000758	positive regulation of peptidyl-lysine a...	4	1	0.37	0.32155	1	BP
GO:0060317	cardiac epithelial to mesenchymal transi...	4	1	0.37	0.32155	1	BP
GO:0007488	histoblast morphogenesis	4	1	0.37	0.32155	1	BP
GO:0036120	cellular response to platelet-derived gr...	4	1	0.37	0.32155	1	BP
GO:0062098	regulation of programmed necrotic cell d...	4	1	0.37	0.32155	1	BP
GO:0062099	negative regulation of programmed necrot...	4	1	0.37	0.32155	1	BP
GO:0031063	regulation of histone deacetylation	4	1	0.37	0.32155	1	BP
GO:2000737	negative regulation of stem cell differe...	4	1	0.37	0.32155	1	BP
GO:0045723	positive regulation of fatty acid biosyn...	4	1	0.37	0.32155	1	BP
GO:0036119	response to platelet-derived growth fact...	4	1	0.37	0.32155	1	BP
GO:0036148	phosphatidylglycerol acyl-chain remodeli...	4	1	0.37	0.32155	1	BP
GO:2001280	positive regulation of unsaturated fatty...	4	1	0.37	0.32155	1	BP
GO:0045898	regulation of RNA polymerase II transcri...	4	1	0.37	0.32155	1	BP
GO:0045899	positive regulation of RNA polymerase II...	4	1	0.37	0.32155	1	BP
GO:2001279	regulation of unsaturated fatty acid bio...	4	1	0.37	0.32155	1	BP
GO:0032986	protein-DNA complex disassembly	4	1	0.37	0.32155	1	BP
GO:1903044	protein localization to membrane raft	4	1	0.37	0.32155	1	BP
GO:0002063	chondrocyte development	4	1	0.37	0.32155	1	BP
GO:0071394	cellular response to testosterone stimul...	4	1	0.37	0.32155	1	BP
GO:0034661	ncRNA catabolic process	4	1	0.37	0.32155	1	BP
GO:0002070	epithelial cell maturation	4	1	0.37	0.32155	1	BP
GO:0035810	positive regulation of urine volume	4	1	0.37	0.32155	1	BP
GO:0035815	positive regulation of renal sodium excr...	4	1	0.37	0.32155	1	BP
GO:0071378	cellular response to growth hormone stim...	4	1	0.37	0.32155	1	BP
GO:0061384	heart trabecula morphogenesis	4	1	0.37	0.32155	1	BP
GO:0060159	regulation of dopamine receptor signalin...	4	1	0.37	0.32155	1	BP
GO:0035590	purinergic nucleotide receptor signaling...	4	1	0.37	0.32155	1	BP
GO:0007216	G protein-coupled glutamate receptor sig...	4	1	0.37	0.32155	1	BP
GO:0035584	calcium-mediated signaling using intrace...	4	1	0.37	0.32155	1	BP
GO:0045542	positive regulation of cholesterol biosy...	4	1	0.37	0.32155	1	BP
GO:0009394	2'-deoxyribonucleotide metabolic process	4	1	0.37	0.32155	1	BP
GO:0090161	Golgi ribbon formation	4	1	0.37	0.32155	1	BP
GO:0071455	cellular response to hyperoxia	4	1	0.37	0.32155	1	BP
GO:0061478	response to platelet aggregation inhibit...	4	1	0.37	0.32155	1	BP
GO:0051482	positive regulation of cytosolic calcium...	4	1	0.37	0.32155	1	BP
GO:0090148	membrane fission	4	1	0.37	0.32155	1	BP
GO:0031392	regulation of prostaglandin biosynthetic...	4	1	0.37	0.32155	1	BP
GO:0031394	positive regulation of prostaglandin bio...	4	1	0.37	0.32155	1	BP
GO:0060242	contact inhibition	4	1	0.37	0.32155	1	BP
GO:0060244	negative regulation of cell proliferatio...	4	1	0.37	0.32155	1	BP
GO:0060245	detection of cell density	4	1	0.37	0.32155	1	BP
GO:0051447	negative regulation of meiotic cell cycl...	4	1	0.37	0.32155	1	BP
GO:1902430	negative regulation of amyloid-beta form...	4	1	0.37	0.32155	1	BP
GO:0006558	L-phenylalanine metabolic process	4	1	0.37	0.32155	1	BP
GO:0006559	L-phenylalanine catabolic process	4	1	0.37	0.32155	1	BP
GO:0045616	regulation of keratinocyte differentiati...	4	1	0.37	0.32155	1	BP
GO:0090259	regulation of retinal ganglion cell axon...	4	1	0.37	0.32155	1	BP
GO:0018196	peptidyl-asparagine modification	4	1	0.37	0.32155	1	BP
GO:1905906	regulation of amyloid fibril formation	4	1	0.37	0.32155	1	BP
GO:0043053	dauer entry	4	1	0.37	0.32155	1	BP
GO:0019317	fucose catabolic process	4	1	0.37	0.32155	1	BP
GO:0051125	regulation of actin nucleation	4	1	0.37	0.32155	1	BP
GO:0090205	positive regulation of cholesterol metab...	4	1	0.37	0.32155	1	BP
GO:0031468	nuclear membrane reassembly	4	1	0.37	0.32155	1	BP
GO:0006659	phosphatidylserine biosynthetic process	4	1	0.37	0.32155	1	BP
GO:1901722	regulation of cell proliferation involve...	4	1	0.37	0.32155	1	BP
GO:0016577	histone demethylation	4	1	0.37	0.32155	1	BP
GO:0051295	establishment of meiotic spindle localiz...	4	1	0.37	0.32155	1	BP
GO:0009164	nucleoside catabolic process	4	1	0.37	0.32155	1	BP
GO:0099116	tRNA 5'-end processing	4	1	0.37	0.32155	1	BP
GO:0009129	pyrimidine nucleoside monophosphate meta...	4	1	0.37	0.32155	1	BP
GO:0042354	L-fucose metabolic process	4	1	0.37	0.32155	1	BP
GO:0042355	L-fucose catabolic process	4	1	0.37	0.32155	1	BP
GO:0048207	vesicle targeting, rough ER to cis-Golgi	4	1	0.37	0.32155	1	BP
GO:0048208	COPII vesicle coating	4	1	0.37	0.32155	1	BP
GO:0018279	protein N-linked glycosylation via aspar...	4	1	0.37	0.32155	1	BP
GO:0051220	cytoplasmic sequestering of protein	4	1	0.37	0.32155	1	BP
GO:0009130	pyrimidine nucleoside monophosphate bios...	4	1	0.37	0.32155	1	BP
GO:1902221	erythrose 4-phosphate/phosphoenolpyruvat...	4	1	0.37	0.32155	1	BP
GO:1902222	erythrose 4-phosphate/phosphoenolpyruvat...	4	1	0.37	0.32155	1	BP
GO:0019401	alditol biosynthetic process	4	1	0.37	0.32155	1	BP
GO:0048752	semicircular canal morphogenesis	4	1	0.37	0.32155	1	BP
GO:0046602	regulation of mitotic centrosome separat...	4	1	0.37	0.32155	1	BP
GO:1904355	positive regulation of telomere capping	4	1	0.37	0.32155	1	BP
GO:0097501	stress response to metal ion	4	1	0.37	0.32155	1	BP
GO:1904386	response to L-phenylalanine derivative	4	1	0.37	0.32155	1	BP
GO:0005981	regulation of glycogen catabolic process	4	1	0.37	0.32155	1	BP
GO:0051798	positive regulation of hair follicle dev...	4	1	0.37	0.32155	1	BP
GO:1904321	response to forskolin	4	1	0.37	0.32155	1	BP
GO:1904322	cellular response to forskolin	4	1	0.37	0.32155	1	BP
GO:0030730	sequestering of triglyceride	4	1	0.37	0.32155	1	BP
GO:0072102	glomerulus morphogenesis	4	1	0.37	0.32155	1	BP
GO:0032467	positive regulation of cytokinesis	4	1	0.37	0.32155	1	BP
GO:0060544	regulation of necroptotic process	4	1	0.37	0.32155	1	BP
GO:0060546	negative regulation of necroptotic proce...	4	1	0.37	0.32155	1	BP
GO:0001765	membrane raft assembly	4	1	0.37	0.32155	1	BP
GO:0048820	hair follicle maturation	4	1	0.37	0.32155	1	BP
GO:0006952	defense response	193	20	17.83	0.32246	1	BP
GO:0050790	regulation of catalytic activity	308	31	28.45	0.32448	1	BP
GO:0010467	gene expression	730	73	67.42	0.32539	1	BP
GO:1903169	regulation of calcium ion transmembrane ...	24	5	2.22	0.3264	1	BP
GO:0045765	regulation of angiogenesis	41	5	3.79	0.32673	1	BP
GO:0051240	positive regulation of multicellular org...	324	34	29.93	0.32683	1	BP
GO:0007611	learning or memory	101	11	9.33	0.32685	1	BP
GO:0019220	regulation of phosphate metabolic proces...	256	26	23.64	0.32717	1	BP
GO:0051174	regulation of phosphorus metabolic proce...	256	26	23.64	0.32717	1	BP
GO:0006082	organic acid metabolic process	204	21	18.84	0.32795	1	BP
GO:0019218	regulation of steroid metabolic process	22	3	2.03	0.33209	1	BP
GO:0019882	antigen processing and presentation	22	3	2.03	0.33209	1	BP
GO:0016079	synaptic vesicle exocytosis	22	3	2.03	0.33209	1	BP
GO:0007259	receptor signaling pathway via JAK-STAT	22	3	2.03	0.33209	1	BP
GO:0061337	cardiac conduction	22	3	2.03	0.33209	1	BP
GO:0050866	negative regulation of cell activation	22	3	2.03	0.33209	1	BP
GO:0060840	artery development	22	3	2.03	0.33209	1	BP
GO:0097696	receptor signaling pathway via STAT	22	3	2.03	0.33209	1	BP
GO:0055081	anion homeostasis	22	3	2.03	0.33209	1	BP
GO:0007616	long-term memory	22	3	2.03	0.33209	1	BP
GO:0006725	cellular aromatic compound metabolic pro...	820	80	75.74	0.33451	1	BP
GO:0019538	protein metabolic process	756	74	69.83	0.34038	1	BP
GO:0048846	axon extension involved in axon guidance	13	2	1.2	0.34112	1	BP
GO:0035904	aorta development	13	2	1.2	0.34112	1	BP
GO:0009712	catechol-containing compound metabolic p...	13	2	1.2	0.34112	1	BP
GO:0060986	endocrine hormone secretion	13	2	1.2	0.34112	1	BP
GO:0006354	DNA-templated transcription elongation	13	2	1.2	0.34112	1	BP
GO:0010972	negative regulation of G2/M transition o...	13	2	1.2	0.34112	1	BP
GO:0035137	hindlimb morphogenesis	13	2	1.2	0.34112	1	BP
GO:0035214	eye-antennal disc development	13	2	1.2	0.34112	1	BP
GO:1903900	regulation of viral life cycle	13	2	1.2	0.34112	1	BP
GO:0008343	adult feeding behavior	13	2	1.2	0.34112	1	BP
GO:0045887	positive regulation of synaptic assembly...	13	2	1.2	0.34112	1	BP
GO:0015807	L-amino acid transport	13	2	1.2	0.34112	1	BP
GO:0048483	autonomic nervous system development	13	2	1.2	0.34112	1	BP
GO:0032007	negative regulation of TOR signaling	13	2	1.2	0.34112	1	BP
GO:1902475	L-alpha-amino acid transmembrane transpo...	13	2	1.2	0.34112	1	BP
GO:0006584	catecholamine metabolic process	13	2	1.2	0.34112	1	BP
GO:0000212	meiotic spindle organization	13	2	1.2	0.34112	1	BP
GO:0008206	bile acid metabolic process	13	2	1.2	0.34112	1	BP
GO:1902284	neuron projection extension involved in ...	13	2	1.2	0.34112	1	BP
GO:0032350	regulation of hormone metabolic process	13	2	1.2	0.34112	1	BP
GO:1904398	positive regulation of neuromuscular jun...	13	2	1.2	0.34112	1	BP
GO:0042474	middle ear morphogenesis	13	2	1.2	0.34112	1	BP
GO:0014016	neuroblast differentiation	13	2	1.2	0.34112	1	BP
GO:0003333	amino acid transmembrane transport	13	2	1.2	0.34112	1	BP
GO:0010389	regulation of G2/M transition of mitotic...	32	4	2.96	0.34188	1	BP
GO:0042048	olfactory behavior	32	4	2.96	0.34188	1	BP
GO:0009892	negative regulation of metabolic process	461	48	42.58	0.3427	1	BP
GO:0098660	inorganic ion transmembrane transport	168	19	15.52	0.34529	1	BP
GO:0032103	positive regulation of response to exter...	72	8	6.65	0.34533	1	BP
GO:0042326	negative regulation of phosphorylation	72	8	6.65	0.34533	1	BP
GO:0072522	purine-containing compound biosynthetic ...	42	5	3.88	0.34578	1	BP
GO:0003205	cardiac chamber development	42	5	3.88	0.34578	1	BP
GO:0006164	purine nucleotide biosynthetic process	42	5	3.88	0.34578	1	BP
GO:0009100	glycoprotein metabolic process	62	7	5.73	0.34657	1	BP
GO:0007612	learning	62	7	5.73	0.34657	1	BP
GO:1902680	positive regulation of RNA biosynthetic ...	269	27	24.85	0.34691	1	BP
GO:1903508	positive regulation of nucleic acid-temp...	269	27	24.85	0.34691	1	BP
GO:0072330	monocarboxylic acid biosynthetic process	52	6	4.8	0.34692	1	BP
GO:0043604	amide biosynthetic process	128	18	11.82	0.34707	1	BP
GO:0010817	regulation of hormone levels	113	12	10.44	0.34805	1	BP
GO:0035107	appendage morphogenesis	113	12	10.44	0.34805	1	BP
GO:0007517	muscle organ development	113	12	10.44	0.34805	1	BP
GO:0044272	sulfur compound biosynthetic process	33	7	3.05	0.34832	1	BP
GO:0007610	behavior	280	28	25.86	0.3507	1	BP
GO:0051928	positive regulation of calcium ion trans...	25	5	2.31	0.35249	1	BP
GO:0009451	RNA modification	23	3	2.12	0.35844	1	BP
GO:0046660	female sex differentiation	23	3	2.12	0.35844	1	BP
GO:0007619	courtship behavior	23	3	2.12	0.35844	1	BP
GO:0071867	response to monoamine	23	3	2.12	0.35844	1	BP
GO:0001944	vasculature development	114	12	10.53	0.35977	1	BP
GO:0001525	angiogenesis	73	8	6.74	0.35991	1	BP
GO:0022613	ribonucleoprotein complex biogenesis	73	8	6.74	0.35991	1	BP
GO:0008361	regulation of cell size	63	7	5.82	0.36229	1	BP
GO:0050878	regulation of body fluid levels	63	7	5.82	0.36229	1	BP
GO:0009755	hormone-mediated signaling pathway	33	4	3.05	0.36377	1	BP
GO:0070085	glycosylation	33	4	3.05	0.36377	1	BP
GO:0044242	cellular lipid catabolic process	33	4	3.05	0.36377	1	BP
GO:0045778	positive regulation of ossification	33	4	3.05	0.36377	1	BP
GO:0009260	ribonucleotide biosynthetic process	43	5	3.97	0.3649	1	BP
GO:0008285	negative regulation of cell population p...	125	13	11.55	0.36736	1	BP
GO:0043410	positive regulation of MAPK cascade	84	9	7.76	0.37091	1	BP
GO:0051606	detection of stimulus	84	9	7.76	0.37091	1	BP
GO:0061024	membrane organization	136	14	12.56	0.37415	1	BP
GO:0048545	response to steroid hormone	74	8	6.83	0.37456	1	BP
GO:0046879	hormone secretion	74	8	6.83	0.37456	1	BP
GO:0090502	RNA phosphodiester bond hydrolysis, endo...	14	2	1.29	0.37591	1	BP
GO:0034440	lipid oxidation	14	2	1.29	0.37591	1	BP
GO:2000378	negative regulation of reactive oxygen s...	14	2	1.29	0.37591	1	BP
GO:0051965	positive regulation of synapse assembly	14	2	1.29	0.37591	1	BP
GO:0051932	synaptic transmission, GABAergic	14	2	1.29	0.37591	1	BP
GO:0032675	regulation of interleukin-6 production	14	2	1.29	0.37591	1	BP
GO:0000045	autophagosome assembly	14	2	1.29	0.37591	1	BP
GO:0046324	regulation of glucose import	14	2	1.29	0.37591	1	BP
GO:0032635	interleukin-6 production	14	2	1.29	0.37591	1	BP
GO:0040019	positive regulation of embryonic develop...	14	2	1.29	0.37591	1	BP
GO:2001244	positive regulation of intrinsic apoptot...	14	2	1.29	0.37591	1	BP
GO:1903008	organelle disassembly	14	2	1.29	0.37591	1	BP
GO:0042067	establishment of ommatidial planar polar...	14	2	1.29	0.37591	1	BP
GO:0006890	retrograde vesicle-mediated transport, G...	14	2	1.29	0.37591	1	BP
GO:0031397	negative regulation of protein ubiquitin...	14	2	1.29	0.37591	1	BP
GO:0045682	regulation of epidermis development	14	2	1.29	0.37591	1	BP
GO:0045685	regulation of glial cell differentiation	14	2	1.29	0.37591	1	BP
GO:0030166	proteoglycan biosynthetic process	14	2	1.29	0.37591	1	BP
GO:0019395	fatty acid oxidation	14	2	1.29	0.37591	1	BP
GO:0030183	B cell differentiation	14	2	1.29	0.37591	1	BP
GO:0043057	backward locomotion	14	2	1.29	0.37591	1	BP
GO:0043058	regulation of backward locomotion	14	2	1.29	0.37591	1	BP
GO:0033058	directional locomotion	14	2	1.29	0.37591	1	BP
GO:1905037	autophagosome organization	14	2	1.29	0.37591	1	BP
GO:0030850	prostate gland development	14	2	1.29	0.37591	1	BP
GO:0014009	glial cell proliferation	14	2	1.29	0.37591	1	BP
GO:0055008	cardiac muscle tissue morphogenesis	14	2	1.29	0.37591	1	BP
GO:0044106	cellular amine metabolic process	26	5	2.4	0.37847	1	BP
GO:0006468	protein phosphorylation	273	27	25.21	0.37853	1	BP
GO:0009886	post-embryonic animal morphogenesis	126	13	11.64	0.3787	1	BP
GO:0035556	intracellular signal transduction	411	40	37.96	0.37902	1	BP
GO:0098655	cation transmembrane transport	161	18	14.87	0.38013	1	BP
GO:0001505	regulation of neurotransmitter levels	95	10	8.77	0.38021	1	BP
GO:0042219	cellular modified amino acid catabolic p...	7	3	0.65	0.38125	1	BP
GO:0006869	lipid transport	54	6	4.99	0.38133	1	BP
GO:1903131	mononuclear cell differentiation	54	6	4.99	0.38133	1	BP
GO:0016042	lipid catabolic process	44	5	4.06	0.38404	1	BP
GO:0050906	detection of stimulus involved in sensor...	44	5	4.06	0.38404	1	BP
GO:0010867	positive regulation of triglyceride bios...	5	1	0.46	0.38434	1	BP
GO:0098586	cellular response to virus	5	1	0.46	0.38434	1	BP
GO:0010880	regulation of release of sequestered cal...	5	1	0.46	0.38434	1	BP
GO:0050667	homocysteine metabolic process	5	1	0.46	0.38434	1	BP
GO:1901679	nucleotide transmembrane transport	5	1	0.46	0.38434	1	BP
GO:1902803	regulation of synaptic vesicle transport	5	1	0.46	0.38434	1	BP
GO:0035081	induction of programmed cell death by ho...	5	1	0.46	0.38434	1	BP
GO:0048521	negative regulation of behavior	5	1	0.46	0.38434	1	BP
GO:0035072	ecdysone-mediated induction of salivary ...	5	1	0.46	0.38434	1	BP
GO:0030574	collagen catabolic process	5	1	0.46	0.38434	1	BP
GO:0035078	induction of programmed cell death by ec...	5	1	0.46	0.38434	1	BP
GO:0033483	gas homeostasis	5	1	0.46	0.38434	1	BP
GO:0051589	negative regulation of neurotransmitter ...	5	1	0.46	0.38434	1	BP
GO:0046929	negative regulation of neurotransmitter ...	5	1	0.46	0.38434	1	BP
GO:0048690	regulation of axon extension involved in...	5	1	0.46	0.38434	1	BP
GO:0048691	positive regulation of axon extension in...	5	1	0.46	0.38434	1	BP
GO:1904292	regulation of ERAD pathway	5	1	0.46	0.38434	1	BP
GO:0010501	RNA secondary structure unwinding	5	1	0.46	0.38434	1	BP
GO:0048662	negative regulation of smooth muscle cel...	5	1	0.46	0.38434	1	BP
GO:0048686	regulation of sprouting of injured axon	5	1	0.46	0.38434	1	BP
GO:0048687	positive regulation of sprouting of inju...	5	1	0.46	0.38434	1	BP
GO:0048677	axon extension involved in regeneration	5	1	0.46	0.38434	1	BP
GO:0032201	telomere maintenance via semi-conservati...	5	1	0.46	0.38434	1	BP
GO:0034389	lipid droplet organization	5	1	0.46	0.38434	1	BP
GO:0042759	long-chain fatty acid biosynthetic proce...	5	1	0.46	0.38434	1	BP
GO:1903831	signal transduction involved in cellular...	5	1	0.46	0.38434	1	BP
GO:0032755	positive regulation of interleukin-6 pro...	5	1	0.46	0.38434	1	BP
GO:0001504	neurotransmitter uptake	5	1	0.46	0.38434	1	BP
GO:0001696	gastric acid secretion	5	1	0.46	0.38434	1	BP
GO:1905144	response to acetylcholine	5	1	0.46	0.38434	1	BP
GO:1905145	cellular response to acetylcholine	5	1	0.46	0.38434	1	BP
GO:0070983	dendrite guidance	5	1	0.46	0.38434	1	BP
GO:0021544	subpallium development	5	1	0.46	0.38434	1	BP
GO:0032892	positive regulation of organic acid tran...	5	1	0.46	0.38434	1	BP
GO:1903514	release of sequestered calcium ion into ...	5	1	0.46	0.38434	1	BP
GO:0070935	3'-UTR-mediated mRNA stabilization	5	1	0.46	0.38434	1	BP
GO:1901985	positive regulation of protein acetylati...	5	1	0.46	0.38434	1	BP
GO:0140059	dendrite arborization	5	1	0.46	0.38434	1	BP
GO:0033233	regulation of protein sumoylation	5	1	0.46	0.38434	1	BP
GO:0031643	positive regulation of myelination	5	1	0.46	0.38434	1	BP
GO:0031645	negative regulation of nervous system pr...	5	1	0.46	0.38434	1	BP
GO:2000300	regulation of synaptic vesicle exocytosi...	5	1	0.46	0.38434	1	BP
GO:1904837	beta-catenin-TCF complex assembly	5	1	0.46	0.38434	1	BP
GO:0098926	postsynaptic signal transduction	5	1	0.46	0.38434	1	BP
GO:0060065	uterus development	5	1	0.46	0.38434	1	BP
GO:0055115	entry into diapause	5	1	0.46	0.38434	1	BP
GO:0032527	protein exit from endoplasmic reticulum	5	1	0.46	0.38434	1	BP
GO:0042532	negative regulation of tyrosine phosphor...	5	1	0.46	0.38434	1	BP
GO:0002675	positive regulation of acute inflammator...	5	1	0.46	0.38434	1	BP
GO:1902993	positive regulation of amyloid precursor...	5	1	0.46	0.38434	1	BP
GO:0000097	sulfur amino acid biosynthetic process	5	1	0.46	0.38434	1	BP
GO:0090069	regulation of ribosome biogenesis	5	1	0.46	0.38434	1	BP
GO:0048934	peripheral nervous system neuron differe...	5	1	0.46	0.38434	1	BP
GO:0048935	peripheral nervous system neuron develop...	5	1	0.46	0.38434	1	BP
GO:0032691	negative regulation of interleukin-1 bet...	5	1	0.46	0.38434	1	BP
GO:0032692	negative regulation of interleukin-1 pro...	5	1	0.46	0.38434	1	BP
GO:2000191	regulation of fatty acid transport	5	1	0.46	0.38434	1	BP
GO:0090070	positive regulation of ribosome biogenes...	5	1	0.46	0.38434	1	BP
GO:0012502	induction of programmed cell death	5	1	0.46	0.38434	1	BP
GO:0008089	anterograde axonal transport	5	1	0.46	0.38434	1	BP
GO:0000027	ribosomal large subunit assembly	5	1	0.46	0.38434	1	BP
GO:0000028	ribosomal small subunit assembly	5	1	0.46	0.38434	1	BP
GO:1902932	positive regulation of alcohol biosynthe...	5	1	0.46	0.38434	1	BP
GO:0046320	regulation of fatty acid oxidation	5	1	0.46	0.38434	1	BP
GO:0046325	negative regulation of glucose import	5	1	0.46	0.38434	1	BP
GO:0042634	regulation of hair cycle	5	1	0.46	0.38434	1	BP
GO:1902902	negative regulation of autophagosome ass...	5	1	0.46	0.38434	1	BP
GO:0044752	response to human chorionic gonadotropin	5	1	0.46	0.38434	1	BP
GO:1905819	negative regulation of chromosome separa...	5	1	0.46	0.38434	1	BP
GO:0006482	protein demethylation	5	1	0.46	0.38434	1	BP
GO:0035115	embryonic forelimb morphogenesis	5	1	0.46	0.38434	1	BP
GO:0040027	negative regulation of vulval developmen...	5	1	0.46	0.38434	1	BP
GO:0035136	forelimb morphogenesis	5	1	0.46	0.38434	1	BP
GO:2000269	regulation of fibroblast apoptotic proce...	5	1	0.46	0.38434	1	BP
GO:0040002	collagen and cuticulin-based cuticle dev...	5	1	0.46	0.38434	1	BP
GO:0010043	response to zinc ion	5	1	0.46	0.38434	1	BP
GO:1902041	regulation of extrinsic apoptotic signal...	5	1	0.46	0.38434	1	BP
GO:1903963	arachidonate transport	5	1	0.46	0.38434	1	BP
GO:0006120	mitochondrial electron transport, NADH t...	5	1	0.46	0.38434	1	BP
GO:1902004	positive regulation of amyloid-beta form...	5	1	0.46	0.38434	1	BP
GO:0036150	phosphatidylserine acyl-chain remodeling	5	1	0.46	0.38434	1	BP
GO:0036152	phosphatidylethanolamine acyl-chain remo...	5	1	0.46	0.38434	1	BP
GO:0014808	release of sequestered calcium ion into ...	5	1	0.46	0.38434	1	BP
GO:0047496	vesicle transport along microtubule	5	1	0.46	0.38434	1	BP
GO:0072074	kidney mesenchyme development	5	1	0.46	0.38434	1	BP
GO:0072075	metanephric mesenchyme development	5	1	0.46	0.38434	1	BP
GO:0045736	negative regulation of cyclin-dependent ...	5	1	0.46	0.38434	1	BP
GO:0036295	cellular response to increased oxygen le...	5	1	0.46	0.38434	1	BP
GO:0090311	regulation of protein deacetylation	5	1	0.46	0.38434	1	BP
GO:0015740	C4-dicarboxylate transport	5	1	0.46	0.38434	1	BP
GO:0036257	multivesicular body organization	5	1	0.46	0.38434	1	BP
GO:0036258	multivesicular body assembly	5	1	0.46	0.38434	1	BP
GO:0050482	arachidonic acid secretion	5	1	0.46	0.38434	1	BP
GO:0007112	male meiosis cytokinesis	5	1	0.46	0.38434	1	BP
GO:0035886	vascular associated smooth muscle cell d...	5	1	0.46	0.38434	1	BP
GO:0002082	regulation of oxidative phosphorylation	5	1	0.46	0.38434	1	BP
GO:0034656	nucleobase-containing small molecule cat...	5	1	0.46	0.38434	1	BP
GO:0002076	osteoblast development	5	1	0.46	0.38434	1	BP
GO:0007100	mitotic centrosome separation	5	1	0.46	0.38434	1	BP
GO:0070166	enamel mineralization	5	1	0.46	0.38434	1	BP
GO:0110116	regulation of compound eye photoreceptor...	5	1	0.46	0.38434	1	BP
GO:0015812	gamma-aminobutyric acid transport	5	1	0.46	0.38434	1	BP
GO:0046755	viral budding	5	1	0.46	0.38434	1	BP
GO:0095500	acetylcholine receptor signaling pathway	5	1	0.46	0.38434	1	BP
GO:0015802	basic amino acid transport	5	1	0.46	0.38434	1	BP
GO:0006862	nucleotide transport	5	1	0.46	0.38434	1	BP
GO:1901142	insulin metabolic process	5	1	0.46	0.38434	1	BP
GO:0097205	renal filtration	5	1	0.46	0.38434	1	BP
GO:0070266	necroptotic process	5	1	0.46	0.38434	1	BP
GO:1904030	negative regulation of cyclin-dependent ...	5	1	0.46	0.38434	1	BP
GO:0090114	COPII-coated vesicle budding	5	1	0.46	0.38434	1	BP
GO:0060252	positive regulation of glial cell prolif...	5	1	0.46	0.38434	1	BP
GO:0071402	cellular response to lipoprotein particl...	5	1	0.46	0.38434	1	BP
GO:0051443	positive regulation of ubiquitin-protein...	5	1	0.46	0.38434	1	BP
GO:0045687	positive regulation of glial cell differ...	5	1	0.46	0.38434	1	BP
GO:0048199	vesicle targeting, to, from or within Go...	5	1	0.46	0.38434	1	BP
GO:0045676	regulation of R7 cell differentiation	5	1	0.46	0.38434	1	BP
GO:0006570	tyrosine metabolic process	5	1	0.46	0.38434	1	BP
GO:0071168	protein localization to chromatin	5	1	0.46	0.38434	1	BP
GO:0035641	locomotory exploration behavior	5	1	0.46	0.38434	1	BP
GO:0008291	acetylcholine metabolic process	5	1	0.46	0.38434	1	BP
GO:0008292	acetylcholine biosynthetic process	5	1	0.46	0.38434	1	BP
GO:0048132	female germ-line stem cell asymmetric di...	5	1	0.46	0.38434	1	BP
GO:0033059	cellular pigmentation	5	1	0.46	0.38434	1	BP
GO:1903319	positive regulation of protein maturatio...	5	1	0.46	0.38434	1	BP
GO:1903332	regulation of protein folding	5	1	0.46	0.38434	1	BP
GO:0008214	protein dealkylation	5	1	0.46	0.38434	1	BP
GO:0023019	signal transduction involved in regulati...	5	1	0.46	0.38434	1	BP
GO:0046500	S-adenosylmethionine metabolic process	5	1	0.46	0.38434	1	BP
GO:1902100	negative regulation of metaphase/anaphas...	5	1	0.46	0.38434	1	BP
GO:0071257	cellular response to electrical stimulus	5	1	0.46	0.38434	1	BP
GO:0042395	ecdysis, collagen and cuticulin-based cu...	5	1	0.46	0.38434	1	BP
GO:0032365	intracellular lipid transport	5	1	0.46	0.38434	1	BP
GO:0019433	triglyceride catabolic process	5	1	0.46	0.38434	1	BP
GO:0048791	calcium ion-regulated exocytosis of neur...	5	1	0.46	0.38434	1	BP
GO:1904353	regulation of telomere capping	5	1	0.46	0.38434	1	BP
GO:0046606	negative regulation of centrosome cycle	5	1	0.46	0.38434	1	BP
GO:0044068	modulation by symbiont of host cellular ...	5	1	0.46	0.38434	1	BP
GO:1900620	acetate ester biosynthetic process	5	1	0.46	0.38434	1	BP
GO:1900619	acetate ester metabolic process	5	1	0.46	0.38434	1	BP
GO:0031112	positive regulation of microtubule polym...	5	1	0.46	0.38434	1	BP
GO:0031116	positive regulation of microtubule polym...	5	1	0.46	0.38434	1	BP
GO:0009262	deoxyribonucleotide metabolic process	5	1	0.46	0.38434	1	BP
GO:0051797	regulation of hair follicle development	5	1	0.46	0.38434	1	BP
GO:0048713	regulation of oligodendrocyte differenti...	5	1	0.46	0.38434	1	BP
GO:0032303	regulation of icosanoid secretion	5	1	0.46	0.38434	1	BP
GO:0048745	smooth muscle tissue development	5	1	0.46	0.38434	1	BP
GO:0014051	gamma-aminobutyric acid secretion	5	1	0.46	0.38434	1	BP
GO:0044003	modulation by symbiont of host process	5	1	0.46	0.38434	1	BP
GO:0032482	Rab protein signal transduction	5	1	0.46	0.38434	1	BP
GO:0042416	dopamine biosynthetic process	5	1	0.46	0.38434	1	BP
GO:0048853	forebrain morphogenesis	5	1	0.46	0.38434	1	BP
GO:0022408	negative regulation of cell-cell adhesio...	24	3	2.22	0.38465	1	BP
GO:0045089	positive regulation of innate immune res...	24	3	2.22	0.38465	1	BP
GO:0043467	regulation of generation of precursor me...	24	3	2.22	0.38465	1	BP
GO:0060411	cardiac septum morphogenesis	24	3	2.22	0.38465	1	BP
GO:2001236	regulation of extrinsic apoptotic signal...	24	3	2.22	0.38465	1	BP
GO:1901890	positive regulation of cell junction ass...	24	3	2.22	0.38465	1	BP
GO:0051282	regulation of sequestering of calcium io...	24	3	2.22	0.38465	1	BP
GO:0031102	neuron projection regeneration	24	3	2.22	0.38465	1	BP
GO:0031103	axon regeneration	24	3	2.22	0.38465	1	BP
GO:0014013	regulation of gliogenesis	24	3	2.22	0.38465	1	BP
GO:0046649	lymphocyte activation	85	9	7.85	0.38469	1	BP
GO:0010556	regulation of macromolecule biosynthetic...	515	51	47.57	0.38511	1	BP
GO:0042752	regulation of circadian rhythm	34	4	3.14	0.38565	1	BP
GO:0003231	cardiac ventricle development	34	4	3.14	0.38565	1	BP
GO:0070372	regulation of ERK1 and ERK2 cascade	34	4	3.14	0.38565	1	BP
GO:0006109	regulation of carbohydrate metabolic pro...	34	4	3.14	0.38565	1	BP
GO:0031401	positive regulation of protein modificat...	179	18	16.53	0.38604	1	BP
GO:0042692	muscle cell differentiation	109	13	10.07	0.3876	1	BP
GO:0031325	positive regulation of cellular metaboli...	494	49	45.63	0.38881	1	BP
GO:0042594	response to starvation	57	8	5.26	0.38926	1	BP
GO:0034765	regulation of ion transmembrane transpor...	57	8	5.26	0.38926	1	BP
GO:1903530	regulation of secretion by cell	141	16	13.02	0.39207	1	BP
GO:0002791	regulation of peptide secretion	96	10	8.87	0.39326	1	BP
GO:0043086	negative regulation of catalytic activit...	96	10	8.87	0.39326	1	BP
GO:0048167	regulation of synaptic plasticity	45	8	4.16	0.39468	1	BP
GO:0044770	cell cycle phase transition	117	12	10.81	0.39526	1	BP
GO:0051046	regulation of secretion	152	17	14.04	0.39648	1	BP
GO:0009791	post-embryonic development	233	23	21.52	0.39765	1	BP
GO:0045860	positive regulation of protein kinase ac...	86	9	7.94	0.3985	1	BP
GO:0018105	peptidyl-serine phosphorylation	55	6	5.08	0.39857	1	BP
GO:0001568	blood vessel development	107	11	9.88	0.40067	1	BP
GO:0051962	positive regulation of nervous system de...	128	13	11.82	0.4015	1	BP
GO:0042325	regulation of phosphorylation	223	22	20.6	0.40277	1	BP
GO:0046390	ribose phosphate biosynthetic process	45	5	4.16	0.40317	1	BP
GO:0009101	glycoprotein biosynthetic process	45	5	4.16	0.40317	1	BP
GO:1904064	positive regulation of cation transmembr...	27	5	2.49	0.40423	1	BP
GO:0009308	amine metabolic process	27	5	2.49	0.40423	1	BP
GO:0010506	regulation of autophagy	58	8	5.36	0.40632	1	BP
GO:1903825	organic acid transmembrane transport	35	4	3.23	0.40743	1	BP
GO:0021536	diencephalon development	35	4	3.23	0.40743	1	BP
GO:0006352	DNA-templated transcription initiation	35	4	3.23	0.40743	1	BP
GO:0031349	positive regulation of defense response	35	4	3.23	0.40743	1	BP
GO:1905039	carboxylic acid transmembrane transport	35	4	3.23	0.40743	1	BP
GO:1902749	regulation of cell cycle G2/M phase tran...	35	4	3.23	0.40743	1	BP
GO:0051098	regulation of binding	66	7	6.1	0.40973	1	BP
GO:0046883	regulation of hormone secretion	66	7	6.1	0.40973	1	BP
GO:1902807	negative regulation of cell cycle G1/S p...	15	2	1.39	0.40994	1	BP
GO:0048679	regulation of axon regeneration	15	2	1.39	0.40994	1	BP
GO:0030641	regulation of cellular pH	15	2	1.39	0.40994	1	BP
GO:0001510	RNA methylation	15	2	1.39	0.40994	1	BP
GO:0001541	ovarian follicle development	15	2	1.39	0.40994	1	BP
GO:0051646	mitochondrion localization	15	2	1.39	0.40994	1	BP
GO:0043255	regulation of carbohydrate biosynthetic ...	15	2	1.39	0.40994	1	BP
GO:1905207	regulation of cardiocyte differentiation	15	2	1.39	0.40994	1	BP
GO:0098900	regulation of action potential	15	2	1.39	0.40994	1	BP
GO:2000134	negative regulation of G1/S transition o...	15	2	1.39	0.40994	1	BP
GO:0022617	extracellular matrix disassembly	15	2	1.39	0.40994	1	BP
GO:0006487	protein N-linked glycosylation	15	2	1.39	0.40994	1	BP
GO:0001974	blood vessel remodeling	15	2	1.39	0.40994	1	BP
GO:0007398	ectoderm development	15	2	1.39	0.40994	1	BP
GO:0045793	positive regulation of cell size	15	2	1.39	0.40994	1	BP
GO:0002931	response to ischemia	15	2	1.39	0.40994	1	BP
GO:0002053	positive regulation of mesenchymal cell ...	15	2	1.39	0.40994	1	BP
GO:0045806	negative regulation of endocytosis	15	2	1.39	0.40994	1	BP
GO:0061383	trabecula morphogenesis	15	2	1.39	0.40994	1	BP
GO:0097254	renal tubular secretion	15	2	1.39	0.40994	1	BP
GO:0051453	regulation of intracellular pH	15	2	1.39	0.40994	1	BP
GO:0006692	prostanoid metabolic process	15	2	1.39	0.40994	1	BP
GO:0006693	prostaglandin metabolic process	15	2	1.39	0.40994	1	BP
GO:0048278	vesicle docking	15	2	1.39	0.40994	1	BP
GO:0006636	unsaturated fatty acid biosynthetic proc...	15	2	1.39	0.40994	1	BP
GO:0044091	membrane biogenesis	15	2	1.39	0.40994	1	BP
GO:0050810	regulation of steroid biosynthetic proce...	15	2	1.39	0.40994	1	BP
GO:0070570	regulation of neuron projection regenera...	15	2	1.39	0.40994	1	BP
GO:1902750	negative regulation of cell cycle G2/M p...	15	2	1.39	0.40994	1	BP
GO:0045913	positive regulation of carbohydrate meta...	15	2	1.39	0.40994	1	BP
GO:0007632	visual behavior	15	2	1.39	0.40994	1	BP
GO:0006090	pyruvate metabolic process	25	3	2.31	0.41061	1	BP
GO:0048665	neuron fate specification	25	3	2.31	0.41061	1	BP
GO:0016322	neuron remodeling	25	3	2.31	0.41061	1	BP
GO:2000278	regulation of DNA biosynthetic process	25	3	2.31	0.41061	1	BP
GO:0050829	defense response to Gram-negative bacter...	25	3	2.31	0.41061	1	BP
GO:0051208	sequestering of calcium ion	25	3	2.31	0.41061	1	BP
GO:0007626	locomotory behavior	108	11	9.98	0.41312	1	BP
GO:0016236	macroautophagy	48	7	4.43	0.41361	1	BP
GO:0001708	cell fate specification	77	8	7.11	0.4187	1	BP
GO:0051235	maintenance of location	77	8	7.11	0.4187	1	BP
GO:0046777	protein autophosphorylation	46	5	4.25	0.42223	1	BP
GO:0071248	cellular response to metal ion	46	5	4.25	0.42223	1	BP
GO:0006886	intracellular protein transport	151	15	13.95	0.42284	1	BP
GO:0043043	peptide biosynthetic process	113	16	10.44	0.42353	1	BP
GO:0010557	positive regulation of macromolecule bio...	300	29	27.71	0.42422	1	BP
GO:0042063	gliogenesis	67	7	6.19	0.42554	1	BP
GO:0061061	muscle structure development	187	20	17.27	0.4268	1	BP
GO:0009890	negative regulation of biosynthetic proc...	273	28	25.21	0.42696	1	BP
GO:0031327	negative regulation of cellular biosynth...	273	28	25.21	0.42696	1	BP
GO:0045088	regulation of innate immune response	36	4	3.33	0.42906	1	BP
GO:0006364	rRNA processing	36	4	3.33	0.42906	1	BP
GO:0006473	protein acetylation	36	4	3.33	0.42906	1	BP
GO:0051048	negative regulation of secretion	36	4	3.33	0.42906	1	BP
GO:0030178	negative regulation of Wnt signaling pat...	36	4	3.33	0.42906	1	BP
GO:0007565	female pregnancy	36	4	3.33	0.42906	1	BP
GO:0010770	positive regulation of cell morphogenesi...	36	4	3.33	0.42906	1	BP
GO:0035239	tube morphogenesis	258	25	23.83	0.42969	1	BP
GO:0006897	endocytosis	120	12	11.08	0.43102	1	BP
GO:0018209	peptidyl-serine modification	57	6	5.26	0.43297	1	BP
GO:0010564	regulation of cell cycle process	152	15	14.04	0.43353	1	BP
GO:0048806	genitalia development	26	3	2.4	0.43623	1	BP
GO:0010675	regulation of cellular carbohydrate meta...	26	3	2.4	0.43623	1	BP
GO:0033135	regulation of peptidyl-serine phosphoryl...	26	3	2.4	0.43623	1	BP
GO:0002833	positive regulation of response to bioti...	26	3	2.4	0.43623	1	BP
GO:0042551	neuron maturation	26	3	2.4	0.43623	1	BP
GO:1901564	organonitrogen compound metabolic proces...	930	91	85.9	0.43749	1	BP
GO:0010941	regulation of cell death	291	28	26.88	0.43759	1	BP
GO:0000184	nuclear-transcribed mRNA catabolic proce...	18	4	1.66	0.43783	1	BP
GO:0008219	cell death	334	32	30.85	0.43911	1	BP
GO:0007584	response to nutrient	47	5	4.34	0.44119	1	BP
GO:0045906	negative regulation of vasoconstriction	6	1	0.55	0.44134	1	BP
GO:0010866	regulation of triglyceride biosynthetic ...	6	1	0.55	0.44134	1	BP
GO:1902866	regulation of retina development in came...	6	1	0.55	0.44134	1	BP
GO:0010829	negative regulation of glucose transmemb...	6	1	0.55	0.44134	1	BP
GO:0042181	ketone biosynthetic process	6	1	0.55	0.44134	1	BP
GO:0062208	positive regulation of pattern recogniti...	6	1	0.55	0.44134	1	BP
GO:0098534	centriole assembly	6	1	0.55	0.44134	1	BP
GO:0060612	adipose tissue development	6	1	0.55	0.44134	1	BP
GO:0035095	behavioral response to nicotine	6	1	0.55	0.44134	1	BP
GO:0021798	forebrain dorsal/ventral pattern formati...	6	1	0.55	0.44134	1	BP
GO:1901673	regulation of mitotic spindle assembly	6	1	0.55	0.44134	1	BP
GO:0045010	actin nucleation	6	1	0.55	0.44134	1	BP
GO:0051599	response to hydrostatic pressure	6	1	0.55	0.44134	1	BP
GO:0086005	ventricular cardiac muscle cell action p...	6	1	0.55	0.44134	1	BP
GO:0042276	error-prone translesion synthesis	6	1	0.55	0.44134	1	BP
GO:0048668	collateral sprouting	6	1	0.55	0.44134	1	BP
GO:0008608	attachment of spindle microtubules to ki...	6	1	0.55	0.44134	1	BP
GO:0009595	detection of biotic stimulus	6	1	0.55	0.44134	1	BP
GO:1904251	regulation of bile acid metabolic proces...	6	1	0.55	0.44134	1	BP
GO:0032239	regulation of nucleobase-containing comp...	6	1	0.55	0.44134	1	BP
GO:0016925	protein sumoylation	6	1	0.55	0.44134	1	BP
GO:0006071	glycerol metabolic process	6	1	0.55	0.44134	1	BP
GO:0071634	regulation of transforming growth factor...	6	1	0.55	0.44134	1	BP
GO:2001053	regulation of mesenchymal cell apoptotic...	6	1	0.55	0.44134	1	BP
GO:0061647	histone H3-K9 modification	6	1	0.55	0.44134	1	BP
GO:0071604	transforming growth factor beta producti...	6	1	0.55	0.44134	1	BP
GO:0021553	olfactory nerve development	6	1	0.55	0.44134	1	BP
GO:0031579	membrane raft organization	6	1	0.55	0.44134	1	BP
GO:0072528	pyrimidine-containing compound biosynthe...	6	1	0.55	0.44134	1	BP
GO:0072531	pyrimidine-containing compound transmemb...	6	1	0.55	0.44134	1	BP
GO:0050995	negative regulation of lipid catabolic p...	6	1	0.55	0.44134	1	BP
GO:0070987	error-free translesion synthesis	6	1	0.55	0.44134	1	BP
GO:0021535	cell migration in hindbrain	6	1	0.55	0.44134	1	BP
GO:1904707	positive regulation of vascular associat...	6	1	0.55	0.44134	1	BP
GO:0007099	centriole replication	6	1	0.55	0.44134	1	BP
GO:2000369	regulation of clathrin-dependent endocyt...	6	1	0.55	0.44134	1	BP
GO:1901976	regulation of cell cycle checkpoint	6	1	0.55	0.44134	1	BP
GO:0007080	mitotic metaphase plate congression	6	1	0.55	0.44134	1	BP
GO:0000959	mitochondrial RNA metabolic process	6	1	0.55	0.44134	1	BP
GO:0034123	positive regulation of toll-like recepto...	6	1	0.55	0.44134	1	BP
GO:0007007	inner mitochondrial membrane organizatio...	6	1	0.55	0.44134	1	BP
GO:0035307	positive regulation of protein dephospho...	6	1	0.55	0.44134	1	BP
GO:0106118	regulation of sterol biosynthetic proces...	6	1	0.55	0.44134	1	BP
GO:0002686	negative regulation of leukocyte migrati...	6	1	0.55	0.44134	1	BP
GO:0035455	response to interferon-alpha	6	1	0.55	0.44134	1	BP
GO:1902991	regulation of amyloid precursor protein ...	6	1	0.55	0.44134	1	BP
GO:0032509	endosome transport via multivesicular bo...	6	1	0.55	0.44134	1	BP
GO:0010966	regulation of phosphate transport	6	1	0.55	0.44134	1	BP
GO:0061988	karyosome formation	6	1	0.55	0.44134	1	BP
GO:0032651	regulation of interleukin-1 beta product...	6	1	0.55	0.44134	1	BP
GO:0032652	regulation of interleukin-1 production	6	1	0.55	0.44134	1	BP
GO:0034205	amyloid-beta formation	6	1	0.55	0.44134	1	BP
GO:0090036	regulation of protein kinase C signaling	6	1	0.55	0.44134	1	BP
GO:0035196	miRNA processing	6	1	0.55	0.44134	1	BP
GO:0032611	interleukin-1 beta production	6	1	0.55	0.44134	1	BP
GO:0032612	interleukin-1 production	6	1	0.55	0.44134	1	BP
GO:0001967	suckling behavior	6	1	0.55	0.44134	1	BP
GO:0033598	mammary gland epithelial cell proliferat...	6	1	0.55	0.44134	1	BP
GO:0001976	nervous system process involved in regul...	6	1	0.55	0.44134	1	BP
GO:0086103	G protein-coupled receptor signaling pat...	6	1	0.55	0.44134	1	BP
GO:0043516	regulation of DNA damage response, signa...	6	1	0.55	0.44134	1	BP
GO:0046461	neutral lipid catabolic process	6	1	0.55	0.44134	1	BP
GO:0046464	acylglycerol catabolic process	6	1	0.55	0.44134	1	BP
GO:0061074	regulation of neural retina development	6	1	0.55	0.44134	1	BP
GO:0010085	polarity specification of proximal/dista...	6	1	0.55	0.44134	1	BP
GO:0140353	lipid export from cell	6	1	0.55	0.44134	1	BP
GO:2000272	negative regulation of signaling recepto...	6	1	0.55	0.44134	1	BP
GO:0007320	insemination	6	1	0.55	0.44134	1	BP
GO:0021978	telencephalon regionalization	6	1	0.55	0.44134	1	BP
GO:1902003	regulation of amyloid-beta formation	6	1	0.55	0.44134	1	BP
GO:0009067	aspartate family amino acid biosynthetic...	6	1	0.55	0.44134	1	BP
GO:0009070	serine family amino acid biosynthetic pr...	6	1	0.55	0.44134	1	BP
GO:0009072	aromatic amino acid family metabolic pro...	6	1	0.55	0.44134	1	BP
GO:0033628	regulation of cell adhesion mediated by ...	6	1	0.55	0.44134	1	BP
GO:0033631	cell-cell adhesion mediated by integrin	6	1	0.55	0.44134	1	BP
GO:0006297	nucleotide-excision repair, DNA gap fill...	6	1	0.55	0.44134	1	BP
GO:0060325	face morphogenesis	6	1	0.55	0.44134	1	BP
GO:0060346	bone trabecula formation	6	1	0.55	0.44134	1	BP
GO:0046131	pyrimidine ribonucleoside metabolic proc...	6	1	0.55	0.44134	1	BP
GO:0031057	negative regulation of histone modificat...	6	1	0.55	0.44134	1	BP
GO:0006221	pyrimidine nucleotide biosynthetic proce...	6	1	0.55	0.44134	1	BP
GO:1900119	positive regulation of execution phase o...	6	1	0.55	0.44134	1	BP
GO:2001258	negative regulation of cation channel ac...	6	1	0.55	0.44134	1	BP
GO:0060413	atrial septum morphogenesis	6	1	0.55	0.44134	1	BP
GO:0034698	response to gonadotropin	6	1	0.55	0.44134	1	BP
GO:0007176	regulation of epidermal growth factor-ac...	6	1	0.55	0.44134	1	BP
GO:0006760	folic acid-containing compound metabolic...	6	1	0.55	0.44134	1	BP
GO:0007141	male meiosis I	6	1	0.55	0.44134	1	BP
GO:0016233	telomere capping	6	1	0.55	0.44134	1	BP
GO:0015811	L-cystine transport	6	1	0.55	0.44134	1	BP
GO:0007291	sperm individualization	6	1	0.55	0.44134	1	BP
GO:0042069	regulation of catecholamine metabolic pr...	6	1	0.55	0.44134	1	BP
GO:0042053	regulation of dopamine metabolic process	6	1	0.55	0.44134	1	BP
GO:0000413	protein peptidyl-prolyl isomerization	6	1	0.55	0.44134	1	BP
GO:2000535	regulation of entry of bacterium into ho...	6	1	0.55	0.44134	1	BP
GO:0045540	regulation of cholesterol biosynthetic p...	6	1	0.55	0.44134	1	BP
GO:0009395	phospholipid catabolic process	6	1	0.55	0.44134	1	BP
GO:0048485	sympathetic nervous system development	6	1	0.55	0.44134	1	BP
GO:0046898	response to cycloheximide	6	1	0.55	0.44134	1	BP
GO:0009310	amine catabolic process	6	1	0.55	0.44134	1	BP
GO:2000679	positive regulation of transcription reg...	6	1	0.55	0.44134	1	BP
GO:0060216	definitive hemopoiesis	6	1	0.55	0.44134	1	BP
GO:1990858	cellular response to lectin	6	1	0.55	0.44134	1	BP
GO:0048194	Golgi vesicle budding	6	1	0.55	0.44134	1	BP
GO:0045684	positive regulation of epidermis develop...	6	1	0.55	0.44134	1	BP
GO:0006555	methionine metabolic process	6	1	0.55	0.44134	1	BP
GO:0000101	sulfur amino acid transport	6	1	0.55	0.44134	1	BP
GO:1990840	response to lectin	6	1	0.55	0.44134	1	BP
GO:0035640	exploration behavior	6	1	0.55	0.44134	1	BP
GO:0006534	cysteine metabolic process	6	1	0.55	0.44134	1	BP
GO:0048147	negative regulation of fibroblast prolif...	6	1	0.55	0.44134	1	BP
GO:0051123	RNA polymerase II preinitiation complex ...	6	1	0.55	0.44134	1	BP
GO:0009404	toxin metabolic process	6	1	0.55	0.44134	1	BP
GO:0070897	transcription preinitiation complex asse...	6	1	0.55	0.44134	1	BP
GO:0099174	regulation of presynapse organization	6	1	0.55	0.44134	1	BP
GO:0030224	monocyte differentiation	6	1	0.55	0.44134	1	BP
GO:0019471	4-hydroxyproline metabolic process	6	1	0.55	0.44134	1	BP
GO:0070873	regulation of glycogen metabolic process	6	1	0.55	0.44134	1	BP
GO:0071243	cellular response to arsenic-containing ...	6	1	0.55	0.44134	1	BP
GO:0060872	semicircular canal development	6	1	0.55	0.44134	1	BP
GO:0032370	positive regulation of lipid transport	6	1	0.55	0.44134	1	BP
GO:0019400	alditol metabolic process	6	1	0.55	0.44134	1	BP
GO:1904376	negative regulation of protein localizat...	6	1	0.55	0.44134	1	BP
GO:0030717	oocyte karyosome formation	6	1	0.55	0.44134	1	BP
GO:0009218	pyrimidine ribonucleotide metabolic proc...	6	1	0.55	0.44134	1	BP
GO:0060573	cell fate specification involved in patt...	6	1	0.55	0.44134	1	BP
GO:0032469	endoplasmic reticulum calcium ion homeos...	6	1	0.55	0.44134	1	BP
GO:0007620	copulation	6	1	0.55	0.44134	1	BP
GO:0009750	response to fructose	6	1	0.55	0.44134	1	BP
GO:0019228	neuronal action potential	16	2	1.48	0.44303	1	BP
GO:0010827	regulation of glucose transmembrane tran...	16	2	1.48	0.44303	1	BP
GO:0042147	retrograde transport, endosome to Golgi	16	2	1.48	0.44303	1	BP
GO:0043470	regulation of carbohydrate catabolic pro...	16	2	1.48	0.44303	1	BP
GO:0086001	cardiac muscle cell action potential	16	2	1.48	0.44303	1	BP
GO:0030501	positive regulation of bone mineralizati...	16	2	1.48	0.44303	1	BP
GO:0034341	response to interferon-gamma	16	2	1.48	0.44303	1	BP
GO:2001022	positive regulation of response to DNA d...	16	2	1.48	0.44303	1	BP
GO:0042733	embryonic digit morphogenesis	16	2	1.48	0.44303	1	BP
GO:1901998	toxin transport	16	2	1.48	0.44303	1	BP
GO:0035383	thioester metabolic process	16	2	1.48	0.44303	1	BP
GO:0033559	unsaturated fatty acid metabolic process	16	2	1.48	0.44303	1	BP
GO:0035222	wing disc pattern formation	16	2	1.48	0.44303	1	BP
GO:0046148	pigment biosynthetic process	16	2	1.48	0.44303	1	BP
GO:0007143	female meiotic nuclear division	16	2	1.48	0.44303	1	BP
GO:0045833	negative regulation of lipid metabolic p...	16	2	1.48	0.44303	1	BP
GO:0030330	DNA damage response, signal transduction...	16	2	1.48	0.44303	1	BP
GO:0010464	regulation of mesenchymal cell prolifera...	16	2	1.48	0.44303	1	BP
GO:0036503	ERAD pathway	16	2	1.48	0.44303	1	BP
GO:0099172	presynapse organization	16	2	1.48	0.44303	1	BP
GO:0030279	negative regulation of ossification	16	2	1.48	0.44303	1	BP
GO:0006637	acyl-CoA metabolic process	16	2	1.48	0.44303	1	BP
GO:0071277	cellular response to calcium ion	16	2	1.48	0.44303	1	BP
GO:0038202	TORC1 signaling	16	2	1.48	0.44303	1	BP
GO:0046605	regulation of centrosome cycle	16	2	1.48	0.44303	1	BP
GO:0009991	response to extracellular stimulus	131	17	12.1	0.4438	1	BP
GO:0009056	catabolic process	384	41	35.47	0.4442	1	BP
GO:0051253	negative regulation of RNA metabolic pro...	243	25	22.44	0.44676	1	BP
GO:0009611	response to wounding	132	13	12.19	0.44732	1	BP
GO:0001701	in utero embryonic development	58	6	5.36	0.45007	1	BP
GO:0007219	Notch signaling pathway	58	6	5.36	0.45007	1	BP
GO:0016051	carbohydrate biosynthetic process	37	4	3.42	0.45049	1	BP
GO:0140056	organelle localization by membrane tethe...	37	4	3.42	0.45049	1	BP
GO:0035108	limb morphogenesis	37	4	3.42	0.45049	1	BP
GO:0016579	protein deubiquitination	37	4	3.42	0.45049	1	BP
GO:0007617	mating behavior	37	4	3.42	0.45049	1	BP
GO:0007618	mating	37	4	3.42	0.45049	1	BP
GO:0044057	regulation of system process	132	16	12.19	0.45254	1	BP
GO:1901987	regulation of cell cycle phase transitio...	90	9	8.31	0.45376	1	BP
GO:0033674	positive regulation of kinase activity	90	9	8.31	0.45376	1	BP
GO:0008284	positive regulation of cell population p...	154	15	14.22	0.4549	1	BP
GO:0045892	negative regulation of DNA-templated tra...	229	22	21.15	0.45621	1	BP
GO:0043269	regulation of ion transport	104	12	9.61	0.45862	1	BP
GO:0030098	lymphocyte differentiation	48	5	4.43	0.46	1	BP
GO:0008202	steroid metabolic process	48	5	4.43	0.46	1	BP
GO:0044248	cellular catabolic process	353	38	32.6	0.46002	1	BP
GO:0030516	regulation of axon extension	27	3	2.49	0.46143	1	BP
GO:0006906	vesicle fusion	27	3	2.49	0.46143	1	BP
GO:0048660	regulation of smooth muscle cell prolife...	27	3	2.49	0.46143	1	BP
GO:0010952	positive regulation of peptidase activit...	27	3	2.49	0.46143	1	BP
GO:0043524	negative regulation of neuron apoptotic ...	27	3	2.49	0.46143	1	BP
GO:0031929	TOR signaling	27	3	2.49	0.46143	1	BP
GO:0070374	positive regulation of ERK1 and ERK2 cas...	27	3	2.49	0.46143	1	BP
GO:0042058	regulation of epidermal growth factor re...	27	3	2.49	0.46143	1	BP
GO:1901184	regulation of ERBB signaling pathway	27	3	2.49	0.46143	1	BP
GO:0046683	response to organophosphorus	27	3	2.49	0.46143	1	BP
GO:0019725	cellular homeostasis	187	18	17.27	0.46417	1	BP
GO:0060255	regulation of macromolecule metabolic pr...	788	76	72.78	0.46555	1	BP
GO:0048736	appendage development	123	12	11.36	0.46676	1	BP
GO:0030072	peptide hormone secretion	59	6	5.45	0.46705	1	BP
GO:0050865	regulation of cell activation	59	6	5.45	0.46705	1	BP
GO:0036211	protein modification process	564	53	52.09	0.46805	1	BP
GO:0051173	positive regulation of nitrogen compound...	478	45	44.15	0.46955	1	BP
GO:0022406	membrane docking	38	4	3.51	0.47167	1	BP
GO:0035303	regulation of dephosphorylation	38	4	3.51	0.47167	1	BP
GO:0050730	regulation of peptidyl-tyrosine phosphor...	38	4	3.51	0.47167	1	BP
GO:0050805	negative regulation of synaptic transmis...	38	4	3.51	0.47167	1	BP
GO:0008593	regulation of Notch signaling pathway	38	4	3.51	0.47167	1	BP
GO:0044403	biological process involved in symbiotic...	70	7	6.47	0.47263	1	BP
GO:0043583	ear development	70	7	6.47	0.47263	1	BP
GO:0031099	regeneration	70	7	6.47	0.47263	1	BP
GO:1902679	negative regulation of RNA biosynthetic ...	231	22	21.34	0.47406	1	BP
GO:1903507	negative regulation of nucleic acid-temp...	231	22	21.34	0.47406	1	BP
GO:0008630	intrinsic apoptotic signaling pathway in...	17	2	1.57	0.47509	1	BP
GO:0031670	cellular response to nutrient	17	2	1.57	0.47509	1	BP
GO:0007029	endoplasmic reticulum organization	17	2	1.57	0.47509	1	BP
GO:0002526	acute inflammatory response	17	2	1.57	0.47509	1	BP
GO:0042632	cholesterol homeostasis	17	2	1.57	0.47509	1	BP
GO:0006119	oxidative phosphorylation	17	2	1.57	0.47509	1	BP
GO:0043648	dicarboxylic acid metabolic process	17	2	1.57	0.47509	1	BP
GO:0045746	negative regulation of Notch signaling p...	17	2	1.57	0.47509	1	BP
GO:0090307	mitotic spindle assembly	17	2	1.57	0.47509	1	BP
GO:0007140	male meiotic nuclear division	17	2	1.57	0.47509	1	BP
GO:0110151	positive regulation of biomineralization	17	2	1.57	0.47509	1	BP
GO:0070169	positive regulation of biomineral tissue...	17	2	1.57	0.47509	1	BP
GO:0009124	nucleoside monophosphate biosynthetic pr...	17	2	1.57	0.47509	1	BP
GO:0055092	sterol homeostasis	17	2	1.57	0.47509	1	BP
GO:0062149	detection of stimulus involved in sensor...	17	2	1.57	0.47509	1	BP
GO:0002118	aggressive behavior	17	2	1.57	0.47509	1	BP
GO:0051254	positive regulation of RNA metabolic pro...	285	27	26.32	0.47583	1	BP
GO:0016311	dephosphorylation	81	8	7.48	0.47724	1	BP
GO:0008016	regulation of heart contraction	47	8	4.34	0.47809	1	BP
GO:1901575	organic substance catabolic process	328	34	30.29	0.47843	1	BP
GO:0044283	small molecule biosynthetic process	124	12	11.45	0.47862	1	BP
GO:0007051	spindle organization	49	5	4.53	0.47863	1	BP
GO:0051783	regulation of nuclear division	49	5	4.53	0.47863	1	BP
GO:0007635	chemosensory behavior	49	5	4.53	0.47863	1	BP
GO:0016241	regulation of macroautophagy	30	5	2.77	0.47934	1	BP
GO:0042127	regulation of cell population proliferat...	275	26	25.4	0.48215	1	BP
GO:0006401	RNA catabolic process	41	6	3.79	0.48453	1	BP
GO:0048659	smooth muscle cell proliferation	28	3	2.59	0.48614	1	BP
GO:0050982	detection of mechanical stimulus	28	3	2.59	0.48614	1	BP
GO:0022600	digestive system process	28	3	2.59	0.48614	1	BP
GO:1903037	regulation of leukocyte cell-cell adhesi...	28	3	2.59	0.48614	1	BP
GO:0022900	electron transport chain	28	3	2.59	0.48614	1	BP
GO:0061387	regulation of extent of cell growth	28	3	2.59	0.48614	1	BP
GO:0016573	histone acetylation	28	3	2.59	0.48614	1	BP
GO:0034220	ion transmembrane transport	215	22	19.86	0.48715	1	BP
GO:1902369	negative regulation of RNA catabolic pro...	9	3	0.83	0.48953	1	BP
GO:1902373	negative regulation of mRNA catabolic pr...	9	3	0.83	0.48953	1	BP
GO:0042311	vasodilation	9	3	0.83	0.48953	1	BP
GO:0009914	hormone transport	82	8	7.57	0.4917	1	BP
GO:0030522	intracellular receptor signaling pathway	39	4	3.6	0.49254	1	BP
GO:0015718	monocarboxylic acid transport	39	4	3.6	0.49254	1	BP
GO:0030813	positive regulation of nucleotide catabo...	7	1	0.65	0.4931	1	BP
GO:0071827	plasma lipoprotein particle organization	7	1	0.65	0.4931	1	BP
GO:0010882	regulation of cardiac muscle contraction...	7	1	0.65	0.4931	1	BP
GO:0015949	nucleobase-containing small molecule int...	7	1	0.65	0.4931	1	BP
GO:1904406	negative regulation of nitric oxide meta...	7	1	0.65	0.4931	1	BP
GO:0006977	DNA damage response, signal transduction...	7	1	0.65	0.4931	1	BP
GO:0035071	salivary gland cell autophagic cell deat...	7	1	0.65	0.4931	1	BP
GO:0045019	negative regulation of nitric oxide bios...	7	1	0.65	0.4931	1	BP
GO:0030512	negative regulation of transforming grow...	7	1	0.65	0.4931	1	BP
GO:0030513	positive regulation of BMP signaling pat...	7	1	0.65	0.4931	1	BP
GO:0043489	RNA stabilization	7	1	0.65	0.4931	1	BP
GO:0006907	pinocytosis	7	1	0.65	0.4931	1	BP
GO:0008625	extrinsic apoptotic signaling pathway vi...	7	1	0.65	0.4931	1	BP
GO:0008631	intrinsic apoptotic signaling pathway in...	7	1	0.65	0.4931	1	BP
GO:0003171	atrioventricular valve development	7	1	0.65	0.4931	1	BP
GO:0032222	regulation of synaptic transmission, cho...	7	1	0.65	0.4931	1	BP
GO:0002762	negative regulation of myeloid leukocyte...	7	1	0.65	0.4931	1	BP
GO:0032212	positive regulation of telomere maintena...	7	1	0.65	0.4931	1	BP
GO:0048682	sprouting of injured axon	7	1	0.65	0.4931	1	BP
GO:0043162	ubiquitin-dependent protein catabolic pr...	7	1	0.65	0.4931	1	BP
GO:0043154	negative regulation of cysteine-type end...	7	1	0.65	0.4931	1	BP
GO:0002709	regulation of T cell mediated immunity	7	1	0.65	0.4931	1	BP
GO:1903845	negative regulation of cellular response...	7	1	0.65	0.4931	1	BP
GO:0003283	atrial septum development	7	1	0.65	0.4931	1	BP
GO:0003272	endocardial cushion formation	7	1	0.65	0.4931	1	BP
GO:0032720	negative regulation of tumor necrosis fa...	7	1	0.65	0.4931	1	BP
GO:0042748	circadian sleep/wake cycle, non-REM slee...	7	1	0.65	0.4931	1	BP
GO:0060992	response to fungicide	7	1	0.65	0.4931	1	BP
GO:0016081	synaptic vesicle docking	7	1	0.65	0.4931	1	BP
GO:1903556	negative regulation of tumor necrosis fa...	7	1	0.65	0.4931	1	BP
GO:0003203	endocardial cushion morphogenesis	7	1	0.65	0.4931	1	BP
GO:0003207	cardiac chamber formation	7	1	0.65	0.4931	1	BP
GO:0003209	cardiac atrium morphogenesis	7	1	0.65	0.4931	1	BP
GO:0070988	demethylation	7	1	0.65	0.4931	1	BP
GO:0097094	craniofacial suture morphogenesis	7	1	0.65	0.4931	1	BP
GO:0070918	small regulatory ncRNA processing	7	1	0.65	0.4931	1	BP
GO:0032881	regulation of polysaccharide metabolic p...	7	1	0.65	0.4931	1	BP
GO:0140058	neuron projection arborization	7	1	0.65	0.4931	1	BP
GO:0050911	detection of chemical stimulus involved ...	7	1	0.65	0.4931	1	BP
GO:0072662	protein localization to peroxisome	7	1	0.65	0.4931	1	BP
GO:0072663	establishment of protein localization to...	7	1	0.65	0.4931	1	BP
GO:0007031	peroxisome organization	7	1	0.65	0.4931	1	BP
GO:0000920	septum digestion after cytokinesis	7	1	0.65	0.4931	1	BP
GO:0042558	pteridine-containing compound metabolic ...	7	1	0.65	0.4931	1	BP
GO:0032543	mitochondrial translation	7	1	0.65	0.4931	1	BP
GO:0071985	multivesicular body sorting pathway	7	1	0.65	0.4931	1	BP
GO:0051985	negative regulation of chromosome segreg...	7	1	0.65	0.4931	1	BP
GO:0045167	asymmetric protein localization involved...	7	1	0.65	0.4931	1	BP
GO:1904666	regulation of ubiquitin protein ligase a...	7	1	0.65	0.4931	1	BP
GO:2000117	negative regulation of cysteine-type end...	7	1	0.65	0.4931	1	BP
GO:0045188	regulation of circadian sleep/wake cycle...	7	1	0.65	0.4931	1	BP
GO:0022611	dormancy process	7	1	0.65	0.4931	1	BP
GO:0032637	interleukin-8 production	7	1	0.65	0.4931	1	BP
GO:0006414	translational elongation	7	1	0.65	0.4931	1	BP
GO:0034776	response to histamine	7	1	0.65	0.4931	1	BP
GO:0040010	positive regulation of growth rate	7	1	0.65	0.4931	1	BP
GO:0016318	ommatidial rotation	7	1	0.65	0.4931	1	BP
GO:0043574	peroxisomal transport	7	1	0.65	0.4931	1	BP
GO:0061064	negative regulation of nematode larval d...	7	1	0.65	0.4931	1	BP
GO:0009946	proximal/distal axis specification	7	1	0.65	0.4931	1	BP
GO:0051055	negative regulation of lipid biosyntheti...	7	1	0.65	0.4931	1	BP
GO:0051085	chaperone cofactor-dependent protein ref...	7	1	0.65	0.4931	1	BP
GO:0031952	regulation of protein autophosphorylatio...	7	1	0.65	0.4931	1	BP
GO:0051001	negative regulation of nitric-oxide synt...	7	1	0.65	0.4931	1	BP
GO:0097300	programmed necrotic cell death	7	1	0.65	0.4931	1	BP
GO:0044818	mitotic G2/M transition checkpoint	7	1	0.65	0.4931	1	BP
GO:0060363	cranial suture morphogenesis	7	1	0.65	0.4931	1	BP
GO:0045792	negative regulation of cell size	7	1	0.65	0.4931	1	BP
GO:2001171	positive regulation of ATP biosynthetic ...	7	1	0.65	0.4931	1	BP
GO:2000756	regulation of peptidyl-lysine acetylatio...	7	1	0.65	0.4931	1	BP
GO:0036151	phosphatidylcholine acyl-chain remodelin...	7	1	0.65	0.4931	1	BP
GO:0060343	trabecula formation	7	1	0.65	0.4931	1	BP
GO:0006213	pyrimidine nucleoside metabolic process	7	1	0.65	0.4931	1	BP
GO:0016137	glycoside metabolic process	7	1	0.65	0.4931	1	BP
GO:0097152	mesenchymal cell apoptotic process	7	1	0.65	0.4931	1	BP
GO:0032981	mitochondrial respiratory chain complex ...	7	1	0.65	0.4931	1	BP
GO:0036260	RNA capping	7	1	0.65	0.4931	1	BP
GO:0097120	receptor localization to synapse	7	1	0.65	0.4931	1	BP
GO:0002092	positive regulation of receptor internal...	7	1	0.65	0.4931	1	BP
GO:0090303	positive regulation of wound healing	7	1	0.65	0.4931	1	BP
GO:0060442	branching involved in prostate gland mor...	7	1	0.65	0.4931	1	BP
GO:0045821	positive regulation of glycolytic proces...	7	1	0.65	0.4931	1	BP
GO:0071398	cellular response to fatty acid	7	1	0.65	0.4931	1	BP
GO:0050435	amyloid-beta metabolic process	7	1	0.65	0.4931	1	BP
GO:0070193	synaptonemal complex organization	7	1	0.65	0.4931	1	BP
GO:0045836	positive regulation of meiotic nuclear d...	7	1	0.65	0.4931	1	BP
GO:0015874	norepinephrine transport	7	1	0.65	0.4931	1	BP
GO:0060174	limb bud formation	7	1	0.65	0.4931	1	BP
GO:0071305	cellular response to vitamin D	7	1	0.65	0.4931	1	BP
GO:0007212	dopamine receptor signaling pathway	7	1	0.65	0.4931	1	BP
GO:1904058	positive regulation of sensory perceptio...	7	1	0.65	0.4931	1	BP
GO:0071480	cellular response to gamma radiation	7	1	0.65	0.4931	1	BP
GO:0090181	regulation of cholesterol metabolic proc...	7	1	0.65	0.4931	1	BP
GO:0090184	positive regulation of kidney developmen...	7	1	0.65	0.4931	1	BP
GO:0071420	cellular response to histamine	7	1	0.65	0.4931	1	BP
GO:0070286	axonemal dynein complex assembly	7	1	0.65	0.4931	1	BP
GO:0051452	intracellular pH reduction	7	1	0.65	0.4931	1	BP
GO:0000266	mitochondrial fission	7	1	0.65	0.4931	1	BP
GO:0008258	head involution	7	1	0.65	0.4931	1	BP
GO:0071295	cellular response to vitamin	7	1	0.65	0.4931	1	BP
GO:0048255	mRNA stabilization	7	1	0.65	0.4931	1	BP
GO:0006625	protein targeting to peroxisome	7	1	0.65	0.4931	1	BP
GO:0048243	norepinephrine secretion	7	1	0.65	0.4931	1	BP
GO:0010257	NADH dehydrogenase complex assembly	7	1	0.65	0.4931	1	BP
GO:1903427	negative regulation of reactive oxygen s...	7	1	0.65	0.4931	1	BP
GO:0098728	germline stem cell asymmetric division	7	1	0.65	0.4931	1	BP
GO:0042332	gravitaxis	7	1	0.65	0.4931	1	BP
GO:1904358	positive regulation of telomere maintena...	7	1	0.65	0.4931	1	BP
GO:0071763	nuclear membrane organization	7	1	0.65	0.4931	1	BP
GO:0048712	negative regulation of astrocyte differe...	7	1	0.65	0.4931	1	BP
GO:0014061	regulation of norepinephrine secretion	7	1	0.65	0.4931	1	BP
GO:0042481	regulation of odontogenesis	7	1	0.65	0.4931	1	BP
GO:0010718	positive regulation of epithelial to mes...	7	1	0.65	0.4931	1	BP
GO:0060536	cartilage morphogenesis	7	1	0.65	0.4931	1	BP
GO:0045923	positive regulation of fatty acid metabo...	7	1	0.65	0.4931	1	BP
GO:0009794	regulation of mitotic cell cycle, embryo...	7	1	0.65	0.4931	1	BP
GO:0045933	positive regulation of muscle contractio...	7	1	0.65	0.4931	1	BP
GO:0043406	positive regulation of MAP kinase activi...	50	5	4.62	0.49706	1	BP
GO:0050886	endocrine process	20	4	1.85	0.50053	1	BP
GO:1901293	nucleoside phosphate biosynthetic proces...	61	6	5.63	0.50059	1	BP
GO:0009165	nucleotide biosynthetic process	61	6	5.63	0.50059	1	BP
GO:0099565	chemical synaptic transmission, postsyna...	31	5	2.86	0.50341	1	BP
GO:0060078	regulation of postsynaptic membrane pote...	31	5	2.86	0.50341	1	BP
GO:0104004	cellular response to environmental stimu...	72	7	6.65	0.50352	1	BP
GO:0071214	cellular response to abiotic stimulus	72	7	6.65	0.50352	1	BP
GO:0097746	blood vessel diameter maintenance	42	6	3.88	0.50499	1	BP
GO:0045907	positive regulation of vasoconstriction	18	2	1.66	0.506	1	BP
GO:0008585	female gonad development	18	2	1.66	0.506	1	BP
GO:0019751	polyol metabolic process	18	2	1.66	0.506	1	BP
GO:0042273	ribosomal large subunit biogenesis	18	2	1.66	0.506	1	BP
GO:0002761	regulation of myeloid leukocyte differen...	18	2	1.66	0.506	1	BP
GO:0048661	positive regulation of smooth muscle cel...	18	2	1.66	0.506	1	BP
GO:0009593	detection of chemical stimulus	18	2	1.66	0.506	1	BP
GO:0019884	antigen processing and presentation of e...	18	2	1.66	0.506	1	BP
GO:0046323	glucose import	18	2	1.66	0.506	1	BP
GO:0040024	dauer larval development	18	2	1.66	0.506	1	BP
GO:0046456	icosanoid biosynthetic process	18	2	1.66	0.506	1	BP
GO:0030004	cellular monovalent inorganic cation hom...	18	2	1.66	0.506	1	BP
GO:0009062	fatty acid catabolic process	18	2	1.66	0.506	1	BP
GO:0097194	execution phase of apoptosis	18	2	1.66	0.506	1	BP
GO:0034644	cellular response to UV	18	2	1.66	0.506	1	BP
GO:0034637	cellular carbohydrate biosynthetic proce...	18	2	1.66	0.506	1	BP
GO:0061180	mammary gland epithelium development	18	2	1.66	0.506	1	BP
GO:0051298	centrosome duplication	18	2	1.66	0.506	1	BP
GO:0046686	response to cadmium ion	18	2	1.66	0.506	1	BP
GO:0050870	positive regulation of T cell activation	18	2	1.66	0.506	1	BP
GO:0002478	antigen processing and presentation of e...	18	2	1.66	0.506	1	BP
GO:0072132	mesenchyme morphogenesis	18	2	1.66	0.506	1	BP
GO:0009894	regulation of catabolic process	166	19	15.33	0.50602	1	BP
GO:0033365	protein localization to organelle	148	14	13.67	0.50618	1	BP
GO:0090304	nucleic acid metabolic process	676	64	62.44	0.50626	1	BP
GO:0032504	multicellular organism reproduction	343	32	31.68	0.50737	1	BP
GO:0043412	macromolecule modification	592	55	54.68	0.50825	1	BP
GO:0042113	B cell activation	29	3	2.68	0.5103	1	BP
GO:0021782	glial cell development	29	3	2.68	0.5103	1	BP
GO:0051592	response to calcium ion	29	3	2.68	0.5103	1	BP
GO:0043413	macromolecule glycosylation	29	3	2.68	0.5103	1	BP
GO:0006486	protein glycosylation	29	3	2.68	0.5103	1	BP
GO:0051091	positive regulation of DNA-binding trans...	29	3	2.68	0.5103	1	BP
GO:0097191	extrinsic apoptotic signaling pathway	29	3	2.68	0.5103	1	BP
GO:0018393	internal peptidyl-lysine acetylation	29	3	2.68	0.5103	1	BP
GO:0090174	organelle membrane fusion	29	3	2.68	0.5103	1	BP
GO:0030431	sleep	29	3	2.68	0.5103	1	BP
GO:0007283	spermatogenesis	105	10	9.7	0.51031	1	BP
GO:0048285	organelle fission	105	10	9.7	0.51031	1	BP
GO:0045935	positive regulation of nucleobase-contai...	311	29	28.72	0.51107	1	BP
GO:0002790	peptide secretion	116	11	10.71	0.51217	1	BP
GO:0070646	protein modification by small protein re...	40	4	3.69	0.51306	1	BP
GO:0071560	cellular response to transforming growth...	40	4	3.69	0.51306	1	BP
GO:0071559	response to transforming growth factor b...	40	4	3.69	0.51306	1	BP
GO:0001889	liver development	40	4	3.69	0.51306	1	BP
GO:0001508	action potential	40	4	3.69	0.51306	1	BP
GO:0061008	hepaticobiliary system development	40	4	3.69	0.51306	1	BP
GO:0006915	apoptotic process	279	26	25.77	0.51514	1	BP
GO:0019233	sensory perception of pain	51	5	4.71	0.51523	1	BP
GO:0006139	nucleobase-containing compound metabolic...	777	73	71.76	0.52198	1	BP
GO:0006412	translation	98	11	9.05	0.52243	1	BP
GO:0051248	negative regulation of protein metabolic...	142	15	13.12	0.5225	1	BP
GO:0008217	regulation of blood pressure	28	7	2.59	0.52286	1	BP
GO:0010959	regulation of metal ion transport	65	8	6	0.52329	1	BP
GO:0050905	neuromuscular process	35	6	3.23	0.52411	1	BP
GO:0048232	male gamete generation	117	11	10.81	0.5243	1	BP
GO:0032870	cellular response to hormone stimulus	139	13	12.84	0.52669	1	BP
GO:0031329	regulation of cellular catabolic process	146	17	13.48	0.52899	1	BP
GO:0051153	regulation of striated muscle cell diffe...	21	4	1.94	0.53017	1	BP
GO:0022407	regulation of cell-cell adhesion	52	5	4.8	0.53314	1	BP
GO:0015931	nucleobase-containing compound transport	41	4	3.79	0.53321	1	BP
GO:1901215	negative regulation of neuron death	41	4	3.79	0.53321	1	BP
GO:0000819	sister chromatid segregation	41	4	3.79	0.53321	1	BP
GO:0003279	cardiac septum development	30	3	2.77	0.53386	1	BP
GO:1903531	negative regulation of secretion by cell	30	3	2.77	0.53386	1	BP
GO:0007052	mitotic spindle organization	30	3	2.77	0.53386	1	BP
GO:0007033	vacuole organization	30	3	2.77	0.53386	1	BP
GO:0010921	regulation of phosphatase activity	30	3	2.77	0.53386	1	BP
GO:0006694	steroid biosynthetic process	30	3	2.77	0.53386	1	BP
GO:0007586	digestion	30	3	2.77	0.53386	1	BP
GO:0050821	protein stabilization	30	3	2.77	0.53386	1	BP
GO:0009259	ribonucleotide metabolic process	85	8	7.85	0.53436	1	BP
GO:0008637	apoptotic mitochondrial changes	19	2	1.75	0.53572	1	BP
GO:0021515	cell differentiation in spinal cord	19	2	1.75	0.53572	1	BP
GO:0035304	regulation of protein dephosphorylation	19	2	1.75	0.53572	1	BP
GO:0034763	negative regulation of transmembrane tra...	19	2	1.75	0.53572	1	BP
GO:0048002	antigen processing and presentation of p...	19	2	1.75	0.53572	1	BP
GO:0046470	phosphatidylcholine metabolic process	19	2	1.75	0.53572	1	BP
GO:1902017	regulation of cilium assembly	19	2	1.75	0.53572	1	BP
GO:1903039	positive regulation of leukocyte cell-ce...	19	2	1.75	0.53572	1	BP
GO:0006754	ATP biosynthetic process	19	2	1.75	0.53572	1	BP
GO:0030216	keratinocyte differentiation	19	2	1.75	0.53572	1	BP
GO:0051289	protein homotetramerization	19	2	1.75	0.53572	1	BP
GO:0055025	positive regulation of cardiac muscle ti...	19	2	1.75	0.53572	1	BP
GO:2000463	positive regulation of excitatory postsy...	10	3	0.92	0.53638	1	BP
GO:0001990	regulation of systemic arterial blood pr...	10	3	0.92	0.53638	1	BP
GO:2000273	positive regulation of signaling recepto...	10	3	0.92	0.53638	1	BP
GO:1902533	positive regulation of intracellular sig...	162	15	14.96	0.53931	1	BP
GO:0030810	positive regulation of nucleotide biosyn...	8	1	0.74	0.54008	1	BP
GO:0071825	protein-lipid complex subunit organizati...	8	1	0.74	0.54008	1	BP
GO:0009713	catechol-containing compound biosyntheti...	8	1	0.74	0.54008	1	BP
GO:0051823	regulation of synapse structural plastic...	8	1	0.74	0.54008	1	BP
GO:0043331	response to dsRNA	8	1	0.74	0.54008	1	BP
GO:0006984	ER-nucleus signaling pathway	8	1	0.74	0.54008	1	BP
GO:0003416	endochondral bone growth	8	1	0.74	0.54008	1	BP
GO:0086010	membrane depolarization during action po...	8	1	0.74	0.54008	1	BP
GO:0032291	axon ensheathment in central nervous sys...	8	1	0.74	0.54008	1	BP
GO:0003197	endocardial cushion development	8	1	0.74	0.54008	1	BP
GO:1903715	regulation of aerobic respiration	8	1	0.74	0.54008	1	BP
GO:0015012	heparan sulfate proteoglycan biosyntheti...	8	1	0.74	0.54008	1	BP
GO:0032210	regulation of telomere maintenance via t...	8	1	0.74	0.54008	1	BP
GO:0021889	olfactory bulb interneuron differentiati...	8	1	0.74	0.54008	1	BP
GO:0032206	positive regulation of telomere maintena...	8	1	0.74	0.54008	1	BP
GO:0042795	snRNA transcription by RNA polymerase II	8	1	0.74	0.54008	1	BP
GO:0099518	vesicle cytoskeletal trafficking	8	1	0.74	0.54008	1	BP
GO:0043123	positive regulation of I-kappaB kinase/N...	8	1	0.74	0.54008	1	BP
GO:0003230	cardiac atrium development	8	1	0.74	0.54008	1	BP
GO:0031529	ruffle organization	8	1	0.74	0.54008	1	BP
GO:0021527	spinal cord association neuron different...	8	1	0.74	0.54008	1	BP
GO:0072505	divalent inorganic anion homeostasis	8	1	0.74	0.54008	1	BP
GO:0072506	trivalent inorganic anion homeostasis	8	1	0.74	0.54008	1	BP
GO:1904705	regulation of vascular associated smooth...	8	1	0.74	0.54008	1	BP
GO:1901983	regulation of protein acetylation	8	1	0.74	0.54008	1	BP
GO:0050910	detection of mechanical stimulus involve...	8	1	0.74	0.54008	1	BP
GO:0035313	wound healing, spreading of epidermal ce...	8	1	0.74	0.54008	1	BP
GO:0019646	aerobic electron transport chain	8	1	0.74	0.54008	1	BP
GO:0098930	axonal transport	8	1	0.74	0.54008	1	BP
GO:1905898	positive regulation of response to endop...	8	1	0.74	0.54008	1	BP
GO:0006301	postreplication repair	8	1	0.74	0.54008	1	BP
GO:0046326	positive regulation of glucose import	8	1	0.74	0.54008	1	BP
GO:2000114	regulation of establishment of cell pola...	8	1	0.74	0.54008	1	BP
GO:0008039	synaptic target recognition	8	1	0.74	0.54008	1	BP
GO:1900373	positive regulation of purine nucleotide...	8	1	0.74	0.54008	1	BP
GO:0034755	iron ion transmembrane transport	8	1	0.74	0.54008	1	BP
GO:0044719	regulation of imaginal disc-derived wing...	8	1	0.74	0.54008	1	BP
GO:2000291	regulation of myoblast proliferation	8	1	0.74	0.54008	1	BP
GO:0051084	'de novo' post-translational protein fol...	8	1	0.74	0.54008	1	BP
GO:2000288	positive regulation of myoblast prolifer...	8	1	0.74	0.54008	1	BP
GO:0019985	translesion synthesis	8	1	0.74	0.54008	1	BP
GO:0007307	eggshell chorion gene amplification	8	1	0.74	0.54008	1	BP
GO:0006296	nucleotide-excision repair, DNA incision...	8	1	0.74	0.54008	1	BP
GO:0090398	cellular senescence	8	1	0.74	0.54008	1	BP
GO:0006277	DNA amplification	8	1	0.74	0.54008	1	BP
GO:1900117	regulation of execution phase of apoptos...	8	1	0.74	0.54008	1	BP
GO:0097178	ruffle assembly	8	1	0.74	0.54008	1	BP
GO:0120178	steroid hormone biosynthetic process	8	1	0.74	0.54008	1	BP
GO:0071364	cellular response to epidermal growth fa...	8	1	0.74	0.54008	1	BP
GO:0071359	cellular response to dsRNA	8	1	0.74	0.54008	1	BP
GO:0006734	NADH metabolic process	8	1	0.74	0.54008	1	BP
GO:0071374	cellular response to parathyroid hormone...	8	1	0.74	0.54008	1	BP
GO:0071312	cellular response to alkaloid	8	1	0.74	0.54008	1	BP
GO:0032094	response to food	8	1	0.74	0.54008	1	BP
GO:0042023	DNA endoreduplication	8	1	0.74	0.54008	1	BP
GO:0022010	central nervous system myelination	8	1	0.74	0.54008	1	BP
GO:0006817	phosphate ion transport	8	1	0.74	0.54008	1	BP
GO:0090169	regulation of spindle assembly	8	1	0.74	0.54008	1	BP
GO:0060292	long-term synaptic depression	8	1	0.74	0.54008	1	BP
GO:0032008	positive regulation of TOR signaling	8	1	0.74	0.54008	1	BP
GO:0060261	positive regulation of transcription ini...	8	1	0.74	0.54008	1	BP
GO:0010458	exit from mitosis	8	1	0.74	0.54008	1	BP
GO:0060251	regulation of glial cell proliferation	8	1	0.74	0.54008	1	BP
GO:0051412	response to corticosterone	8	1	0.74	0.54008	1	BP
GO:0045686	negative regulation of glial cell differ...	8	1	0.74	0.54008	1	BP
GO:0009301	snRNA transcription	8	1	0.74	0.54008	1	BP
GO:0045639	positive regulation of myeloid cell diff...	8	1	0.74	0.54008	1	BP
GO:1903361	protein localization to basolateral plas...	8	1	0.74	0.54008	1	BP
GO:0006536	glutamate metabolic process	8	1	0.74	0.54008	1	BP
GO:0051154	negative regulation of striated muscle c...	8	1	0.74	0.54008	1	BP
GO:0006695	cholesterol biosynthetic process	8	1	0.74	0.54008	1	BP
GO:0060742	epithelial cell differentiation involved...	8	1	0.74	0.54008	1	BP
GO:0030262	apoptotic nuclear changes	8	1	0.74	0.54008	1	BP
GO:0051299	centrosome separation	8	1	0.74	0.54008	1	BP
GO:0006635	fatty acid beta-oxidation	8	1	0.74	0.54008	1	BP
GO:0071276	cellular response to cadmium ion	8	1	0.74	0.54008	1	BP
GO:1902253	regulation of intrinsic apoptotic signal...	8	1	0.74	0.54008	1	BP
GO:0060841	venous blood vessel development	8	1	0.74	0.54008	1	BP
GO:0072111	cell proliferation involved in kidney de...	8	1	0.74	0.54008	1	BP
GO:0031113	regulation of microtubule polymerization	8	1	0.74	0.54008	1	BP
GO:0009261	ribonucleotide catabolic process	8	1	0.74	0.54008	1	BP
GO:0098868	bone growth	8	1	0.74	0.54008	1	BP
GO:0032309	icosanoid secretion	8	1	0.74	0.54008	1	BP
GO:0009226	nucleotide-sugar biosynthetic process	8	1	0.74	0.54008	1	BP
GO:0070528	protein kinase C signaling	8	1	0.74	0.54008	1	BP
GO:0055062	phosphate ion homeostasis	8	1	0.74	0.54008	1	BP
GO:0010715	regulation of extracellular matrix disas...	8	1	0.74	0.54008	1	BP
GO:0042423	catecholamine biosynthetic process	8	1	0.74	0.54008	1	BP
GO:0035988	chondrocyte proliferation	8	1	0.74	0.54008	1	BP
GO:0001782	B cell homeostasis	8	1	0.74	0.54008	1	BP
GO:1902531	regulation of intracellular signal trans...	293	27	27.06	0.54054	1	BP
GO:0051924	regulation of calcium ion transport	44	6	4.06	0.54478	1	BP
GO:0030307	positive regulation of cell growth	44	6	4.06	0.54478	1	BP
GO:0044772	mitotic cell cycle phase transition	97	9	8.96	0.54813	1	BP
GO:0051259	protein complex oligomerization	108	10	9.98	0.54814	1	BP
GO:1901214	regulation of neuron death	75	7	6.93	0.54869	1	BP
GO:0090276	regulation of peptide hormone secretion	53	5	4.9	0.55075	1	BP
GO:0018193	peptidyl-amino acid modification	196	18	18.1	0.5511	1	BP
GO:0043085	positive regulation of catalytic activit...	207	19	19.12	0.55164	1	BP
GO:0043543	protein acylation	42	4	3.88	0.55294	1	BP
GO:0050770	regulation of axonogenesis	42	4	3.88	0.55294	1	BP
GO:1902115	regulation of organelle assembly	42	4	3.88	0.55294	1	BP
GO:0042445	hormone metabolic process	42	4	3.88	0.55294	1	BP
GO:0071897	DNA biosynthetic process	42	4	3.88	0.55294	1	BP
GO:0043393	regulation of protein binding	42	4	3.88	0.55294	1	BP
GO:0019229	regulation of vasoconstriction	31	3	2.86	0.55677	1	BP
GO:2001020	regulation of response to DNA damage sti...	31	3	2.86	0.55677	1	BP
GO:0040025	vulval development	31	3	2.86	0.55677	1	BP
GO:0007173	epidermal growth factor receptor signali...	31	3	2.86	0.55677	1	BP
GO:0017156	calcium-ion regulated exocytosis	31	3	2.86	0.55677	1	BP
GO:1904018	positive regulation of vasculature devel...	31	3	2.86	0.55677	1	BP
GO:0030217	T cell differentiation	31	3	2.86	0.55677	1	BP
GO:0030203	glycosaminoglycan metabolic process	31	3	2.86	0.55677	1	BP
GO:0044281	small molecule metabolic process	339	31	31.31	0.55907	1	BP
GO:0001934	positive regulation of protein phosphory...	142	13	13.12	0.55978	1	BP
GO:0042327	positive regulation of phosphorylation	153	14	14.13	0.55978	1	BP
GO:0006396	RNA processing	131	12	12.1	0.55988	1	BP
GO:0006753	nucleoside phosphate metabolic process	109	10	10.07	0.56052	1	BP
GO:0009117	nucleotide metabolic process	109	10	10.07	0.56052	1	BP
GO:0000280	nuclear division	98	9	9.05	0.56114	1	BP
GO:0051726	regulation of cell cycle	230	21	21.24	0.56158	1	BP
GO:0072359	circulatory system development	190	19	17.55	0.56174	1	BP
GO:0010629	negative regulation of gene expression	328	33	30.29	0.56269	1	BP
GO:0046483	heterocycle metabolic process	806	75	74.44	0.56302	1	BP
GO:1903510	mucopolysaccharide metabolic process	20	2	1.85	0.5642	1	BP
GO:0033273	response to vitamin	20	2	1.85	0.5642	1	BP
GO:1904659	glucose transmembrane transport	20	2	1.85	0.5642	1	BP
GO:0044786	cell cycle DNA replication	20	2	1.85	0.5642	1	BP
GO:0045138	nematode male tail tip morphogenesis	20	2	1.85	0.5642	1	BP
GO:0007338	single fertilization	20	2	1.85	0.5642	1	BP
GO:0015748	organophosphate ester transport	20	2	1.85	0.5642	1	BP
GO:0060415	muscle tissue morphogenesis	20	2	1.85	0.5642	1	BP
GO:0002028	regulation of sodium ion transport	20	2	1.85	0.5642	1	BP
GO:0045669	positive regulation of osteoblast differ...	20	2	1.85	0.5642	1	BP
GO:0072329	monocarboxylic acid catabolic process	20	2	1.85	0.5642	1	BP
GO:0048149	behavioral response to ethanol	20	2	1.85	0.5642	1	BP
GO:0006690	icosanoid metabolic process	20	2	1.85	0.5642	1	BP
GO:0046545	development of primary female sexual cha...	20	2	1.85	0.5642	1	BP
GO:0051209	release of sequestered calcium ion into ...	20	2	1.85	0.5642	1	BP
GO:0042491	inner ear auditory receptor cell differe...	20	2	1.85	0.5642	1	BP
GO:0048609	multicellular organismal reproductive pr...	329	30	30.39	0.56597	1	BP
GO:0045934	negative regulation of nucleobase-contai...	257	25	23.74	0.56663	1	BP
GO:0001894	tissue homeostasis	54	5	4.99	0.56804	1	BP
GO:0090150	establishment of protein localization to...	54	5	4.99	0.56804	1	BP
GO:0097553	calcium ion transmembrane import into cy...	34	5	3.14	0.572	1	BP
GO:0052547	regulation of peptidase activity	43	4	3.97	0.57222	1	BP
GO:0051249	regulation of lymphocyte activation	43	4	3.97	0.57222	1	BP
GO:0051094	positive regulation of developmental pro...	280	27	25.86	0.5737	1	BP
GO:0060537	muscle tissue development	102	11	9.42	0.5742	1	BP
GO:0019693	ribose phosphate metabolic process	88	8	8.13	0.57565	1	BP
GO:0055117	regulation of cardiac muscle contraction	17	5	1.57	0.5759	1	BP
GO:0010604	positive regulation of macromolecule met...	512	48	47.29	0.57598	1	BP
GO:0042398	cellular modified amino acid biosyntheti...	19	5	1.75	0.57629	1	BP
GO:0060047	heart contraction	52	8	4.8	0.5763	1	BP
GO:0016053	organic acid biosynthetic process	77	7	7.11	0.57784	1	BP
GO:0046394	carboxylic acid biosynthetic process	77	7	7.11	0.57784	1	BP
GO:0006790	sulfur compound metabolic process	77	10	7.11	0.57889	1	BP
GO:0045745	positive regulation of G protein-coupled...	11	3	1.02	0.57895	1	BP
GO:0003044	regulation of systemic arterial blood pr...	11	3	1.02	0.57895	1	BP
GO:0061982	meiosis I cell cycle process	32	3	2.96	0.579	1	BP
GO:0007179	transforming growth factor beta receptor...	32	3	2.96	0.579	1	BP
GO:0038127	ERBB signaling pathway	32	3	2.96	0.579	1	BP
GO:0050863	regulation of T cell activation	32	3	2.96	0.579	1	BP
GO:0010212	response to ionizing radiation	32	3	2.96	0.579	1	BP
GO:0007601	visual perception	32	3	2.96	0.579	1	BP
GO:1901566	organonitrogen compound biosynthetic pro...	289	32	26.69	0.57923	1	BP
GO:0012501	programmed cell death	298	27	27.52	0.58004	1	BP
GO:0007059	chromosome segregation	66	6	6.1	0.58082	1	BP
GO:0003007	heart morphogenesis	66	6	6.1	0.58082	1	BP
GO:0061138	morphogenesis of a branching epithelium	66	6	6.1	0.58082	1	BP
GO:0006325	chromatin organization	144	13	13.3	0.58138	1	BP
GO:0010863	positive regulation of phospholipase C a...	9	1	0.83	0.58273	1	BP
GO:0010824	regulation of centrosome duplication	9	1	0.83	0.58273	1	BP
GO:0010828	positive regulation of glucose transmemb...	9	1	0.83	0.58273	1	BP
GO:0006998	nuclear envelope organization	9	1	0.83	0.58273	1	BP
GO:0008542	visual learning	9	1	0.83	0.58273	1	BP
GO:0010830	regulation of myotube differentiation	9	1	0.83	0.58273	1	BP
GO:0042136	neurotransmitter biosynthetic process	9	1	0.83	0.58273	1	BP
GO:0098693	regulation of synaptic vesicle cycle	9	1	0.83	0.58273	1	BP
GO:0006921	cellular component disassembly involved ...	9	1	0.83	0.58273	1	BP
GO:0048581	negative regulation of post-embryonic de...	9	1	0.83	0.58273	1	BP
GO:0086011	membrane repolarization during action po...	9	1	0.83	0.58273	1	BP
GO:0035070	salivary gland histolysis	9	1	0.83	0.58273	1	BP
GO:0035075	response to ecdysone	9	1	0.83	0.58273	1	BP
GO:0030521	androgen receptor signaling pathway	9	1	0.83	0.58273	1	BP
GO:0030514	negative regulation of BMP signaling pat...	9	1	0.83	0.58273	1	BP
GO:0006900	vesicle budding from membrane	9	1	0.83	0.58273	1	BP
GO:0061548	ganglion development	9	1	0.83	0.58273	1	BP
GO:0003179	heart valve morphogenesis	9	1	0.83	0.58273	1	BP
GO:0006099	tricarboxylic acid cycle	9	1	0.83	0.58273	1	BP
GO:1905476	negative regulation of protein localizat...	9	1	0.83	0.58273	1	BP
GO:0001556	oocyte maturation	9	1	0.83	0.58273	1	BP
GO:0003299	muscle hypertrophy in response to stress	9	1	0.83	0.58273	1	BP
GO:1902653	secondary alcohol biosynthetic process	9	1	0.83	0.58273	1	BP
GO:0010677	negative regulation of cellular carbohyd...	9	1	0.83	0.58273	1	BP
GO:0032769	negative regulation of monooxygenase act...	9	1	0.83	0.58273	1	BP
GO:0006004	fucose metabolic process	9	1	0.83	0.58273	1	BP
GO:0010644	cell communication by electrical couplin...	9	1	0.83	0.58273	1	BP
GO:0032784	regulation of DNA-templated transcriptio...	9	1	0.83	0.58273	1	BP
GO:0032715	negative regulation of interleukin-6 pro...	9	1	0.83	0.58273	1	BP
GO:0051602	response to electrical stimulus	9	1	0.83	0.58273	1	BP
GO:0043267	negative regulation of potassium ion tra...	9	1	0.83	0.58273	1	BP
GO:1903580	positive regulation of ATP metabolic pro...	9	1	0.83	0.58273	1	BP
GO:0021516	dorsal spinal cord development	9	1	0.83	0.58273	1	BP
GO:0036003	positive regulation of transcription fro...	9	1	0.83	0.58273	1	BP
GO:0050966	detection of mechanical stimulus involve...	9	1	0.83	0.58273	1	BP
GO:0050976	detection of mechanical stimulus involve...	9	1	0.83	0.58273	1	BP
GO:0032873	negative regulation of stress-activated ...	9	1	0.83	0.58273	1	BP
GO:0032878	regulation of establishment or maintenan...	9	1	0.83	0.58273	1	BP
GO:1905268	negative regulation of chromatin organiz...	9	1	0.83	0.58273	1	BP
GO:0002576	platelet degranulation	9	1	0.83	0.58273	1	BP
GO:1904886	beta-catenin destruction complex disasse...	9	1	0.83	0.58273	1	BP
GO:0045466	R7 cell differentiation	9	1	0.83	0.58273	1	BP
GO:0017085	response to insecticide	9	1	0.83	0.58273	1	BP
GO:1901019	regulation of calcium ion transmembrane ...	9	1	0.83	0.58273	1	BP
GO:0032508	DNA duplex unwinding	9	1	0.83	0.58273	1	BP
GO:0051954	positive regulation of amine transport	9	1	0.83	0.58273	1	BP
GO:0010907	positive regulation of glucose metabolic...	9	1	0.83	0.58273	1	BP
GO:0001959	regulation of cytokine-mediated signalin...	9	1	0.83	0.58273	1	BP
GO:0038083	peptidyl-tyrosine autophosphorylation	9	1	0.83	0.58273	1	BP
GO:0040009	regulation of growth rate	9	1	0.83	0.58273	1	BP
GO:2000242	negative regulation of reproductive proc...	9	1	0.83	0.58273	1	BP
GO:0021984	adenohypophysis development	9	1	0.83	0.58273	1	BP
GO:0014898	cardiac muscle hypertrophy in response t...	9	1	0.83	0.58273	1	BP
GO:0033683	nucleotide-excision repair, DNA incision	9	1	0.83	0.58273	1	BP
GO:0014887	cardiac muscle adaptation	9	1	0.83	0.58273	1	BP
GO:0006101	citrate metabolic process	9	1	0.83	0.58273	1	BP
GO:0046173	polyol biosynthetic process	9	1	0.83	0.58273	1	BP
GO:0060323	head morphogenesis	9	1	0.83	0.58273	1	BP
GO:0070303	negative regulation of stress-activated ...	9	1	0.83	0.58273	1	BP
GO:1900182	positive regulation of protein localizat...	9	1	0.83	0.58273	1	BP
GO:0045747	positive regulation of Notch signaling p...	9	1	0.83	0.58273	1	BP
GO:0016126	sterol biosynthetic process	9	1	0.83	0.58273	1	BP
GO:0031018	endocrine pancreas development	9	1	0.83	0.58273	1	BP
GO:0034505	tooth mineralization	9	1	0.83	0.58273	1	BP
GO:1900274	regulation of phospholipase C activity	9	1	0.83	0.58273	1	BP
GO:0045599	negative regulation of fat cell differen...	9	1	0.83	0.58273	1	BP
GO:0006891	intra-Golgi vesicle-mediated transport	9	1	0.83	0.58273	1	BP
GO:0051310	metaphase plate congression	9	1	0.83	0.58273	1	BP
GO:0007271	synaptic transmission, cholinergic	9	1	0.83	0.58273	1	BP
GO:0007223	Wnt signaling pathway, calcium modulatin...	9	1	0.83	0.58273	1	BP
GO:1904063	negative regulation of cation transmembr...	9	1	0.83	0.58273	1	BP
GO:0008407	chaeta morphogenesis	9	1	0.83	0.58273	1	BP
GO:0051307	meiotic chromosome separation	9	1	0.83	0.58273	1	BP
GO:0071467	cellular response to pH	9	1	0.83	0.58273	1	BP
GO:0090183	regulation of kidney development	9	1	0.83	0.58273	1	BP
GO:0060260	regulation of transcription initiation b...	9	1	0.83	0.58273	1	BP
GO:1990874	vascular associated smooth muscle cell p...	9	1	0.83	0.58273	1	BP
GO:0035635	entry of bacterium into host cell	9	1	0.83	0.58273	1	BP
GO:0048146	positive regulation of fibroblast prolif...	9	1	0.83	0.58273	1	BP
GO:0006509	membrane protein ectodomain proteolysis	9	1	0.83	0.58273	1	BP
GO:0060759	regulation of response to cytokine stimu...	9	1	0.83	0.58273	1	BP
GO:0043029	T cell homeostasis	9	1	0.83	0.58273	1	BP
GO:0046528	imaginal disc fusion	9	1	0.83	0.58273	1	BP
GO:0046529	imaginal disc fusion, thorax closure	9	1	0.83	0.58273	1	BP
GO:0071107	response to parathyroid hormone	9	1	0.83	0.58273	1	BP
GO:1902110	positive regulation of mitochondrial mem...	9	1	0.83	0.58273	1	BP
GO:0032392	DNA geometric change	9	1	0.83	0.58273	1	BP
GO:0046688	response to copper ion	9	1	0.83	0.58273	1	BP
GO:0070849	response to epidermal growth factor	9	1	0.83	0.58273	1	BP
GO:0000731	DNA synthesis involved in DNA repair	9	1	0.83	0.58273	1	BP
GO:0018208	peptidyl-proline modification	9	1	0.83	0.58273	1	BP
GO:1904356	regulation of telomere maintenance via t...	9	1	0.83	0.58273	1	BP
GO:0048710	regulation of astrocyte differentiation	9	1	0.83	0.58273	1	BP
GO:0030716	oocyte fate determination	9	1	0.83	0.58273	1	BP
GO:0009225	nucleotide-sugar metabolic process	9	1	0.83	0.58273	1	BP
GO:0010712	regulation of collagen metabolic process	9	1	0.83	0.58273	1	BP
GO:0065001	specification of axis polarity	9	1	0.83	0.58273	1	BP
GO:0030888	regulation of B cell proliferation	9	1	0.83	0.58273	1	BP
GO:0043414	macromolecule methylation	55	5	5.08	0.58498	1	BP
GO:0002793	positive regulation of peptide secretion	55	5	5.08	0.58498	1	BP
GO:0022612	gland morphogenesis	55	5	5.08	0.58498	1	BP
GO:0006812	cation transport	204	20	18.84	0.58858	1	BP
GO:0051651	maintenance of location in cell	44	4	4.06	0.59104	1	BP
GO:0000910	cytokinesis	44	4	4.06	0.59104	1	BP
GO:0030258	lipid modification	44	4	4.06	0.59104	1	BP
GO:0090501	RNA phosphodiester bond hydrolysis	21	2	1.94	0.59141	1	BP
GO:0030510	regulation of BMP signaling pathway	21	2	1.94	0.59141	1	BP
GO:0006029	proteoglycan metabolic process	21	2	1.94	0.59141	1	BP
GO:0048644	muscle organ morphogenesis	21	2	1.94	0.59141	1	BP
GO:0001539	cilium or flagellum-dependent cell motil...	21	2	1.94	0.59141	1	BP
GO:0042745	circadian sleep/wake cycle	21	2	1.94	0.59141	1	BP
GO:0042749	regulation of circadian sleep/wake cycle	21	2	1.94	0.59141	1	BP
GO:0043200	response to amino acid	21	2	1.94	0.59141	1	BP
GO:0046165	alcohol biosynthetic process	21	2	1.94	0.59141	1	BP
GO:0007419	ventral cord development	21	2	1.94	0.59141	1	BP
GO:0008354	germ cell migration	21	2	1.94	0.59141	1	BP
GO:0060285	cilium-dependent cell motility	21	2	1.94	0.59141	1	BP
GO:0072348	sulfur compound transport	21	2	1.94	0.59141	1	BP
GO:0009145	purine nucleoside triphosphate biosynthe...	21	2	1.94	0.59141	1	BP
GO:0002449	lymphocyte mediated immunity	21	2	1.94	0.59141	1	BP
GO:0009206	purine ribonucleoside triphosphate biosy...	21	2	1.94	0.59141	1	BP
GO:0042446	hormone biosynthetic process	21	2	1.94	0.59141	1	BP
GO:0048865	stem cell fate commitment	21	2	1.94	0.59141	1	BP
GO:0002521	leukocyte differentiation	78	7	7.2	0.59208	1	BP
GO:0009893	positive regulation of metabolic process	544	52	50.24	0.59261	1	BP
GO:0035220	wing disc development	81	9	7.48	0.59519	1	BP
GO:0006954	inflammatory response	67	6	6.19	0.5961	1	BP
GO:0019098	reproductive behavior	67	6	6.19	0.5961	1	BP
GO:0050807	regulation of synapse organization	67	6	6.19	0.5961	1	BP
GO:0001763	morphogenesis of a branching structure	67	6	6.19	0.5961	1	BP
GO:0006022	aminoglycan metabolic process	33	3	3.05	0.60052	1	BP
GO:0050953	sensory perception of light stimulus	33	3	3.05	0.60052	1	BP
GO:0006475	internal protein amino acid acetylation	33	3	3.05	0.60052	1	BP
GO:0007286	spermatid development	33	3	3.05	0.60052	1	BP
GO:0042310	vasoconstriction	33	3	3.05	0.60052	1	BP
GO:0042476	odontogenesis	33	3	3.05	0.60052	1	BP
GO:0003018	vascular process in circulatory system	47	6	4.34	0.60125	1	BP
GO:1903522	regulation of blood circulation	65	9	6	0.60131	1	BP
GO:0048705	skeletal system morphogenesis	56	5	5.17	0.60157	1	BP
GO:0001101	response to acid chemical	90	8	8.31	0.60225	1	BP
GO:0090087	regulation of peptide transport	135	12	12.47	0.60421	1	BP
GO:0051246	regulation of protein metabolic process	373	35	34.45	0.60615	1	BP
GO:0006629	lipid metabolic process	206	20	19.03	0.60662	1	BP
GO:0050920	regulation of chemotaxis	45	4	4.16	0.60937	1	BP
GO:0048813	dendrite morphogenesis	68	6	6.28	0.61108	1	BP
GO:0051960	regulation of nervous system development	247	22	22.81	0.61257	1	BP
GO:0006942	regulation of striated muscle contractio...	18	5	1.66	0.61455	1	BP
GO:0042060	wound healing	91	8	8.4	0.61523	1	BP
GO:0015908	fatty acid transport	22	2	2.03	0.61734	1	BP
GO:0030518	intracellular steroid hormone receptor s...	22	2	2.03	0.61734	1	BP
GO:0030500	regulation of bone mineralization	22	2	2.03	0.61734	1	BP
GO:0008645	hexose transmembrane transport	22	2	2.03	0.61734	1	BP
GO:0060349	bone morphogenesis	22	2	2.03	0.61734	1	BP
GO:0016125	sterol metabolic process	22	2	2.03	0.61734	1	BP
GO:0097711	ciliary basal body-plasma membrane docki...	22	2	2.03	0.61734	1	BP
GO:0050792	regulation of viral process	22	2	2.03	0.61734	1	BP
GO:0002460	adaptive immune response based on somati...	22	2	2.03	0.61734	1	BP
GO:0048709	oligodendrocyte differentiation	22	2	2.03	0.61734	1	BP
GO:0009201	ribonucleoside triphosphate biosynthetic...	22	2	2.03	0.61734	1	BP
GO:0098659	inorganic cation import across plasma me...	12	3	1.11	0.61763	1	BP
GO:0099587	inorganic ion import across plasma membr...	12	3	1.11	0.61763	1	BP
GO:1903312	negative regulation of mRNA metabolic pr...	12	3	1.11	0.61763	1	BP
GO:0048193	Golgi vesicle transport	57	5	5.26	0.61778	1	BP
GO:0071241	cellular response to inorganic substance	57	5	5.26	0.61778	1	BP
GO:2000026	regulation of multicellular organismal d...	408	38	37.68	0.61795	1	BP
GO:0009150	purine ribonucleotide metabolic process	80	7	7.39	0.61983	1	BP
GO:0098661	inorganic anion transmembrane transport	34	3	3.14	0.62131	1	BP
GO:0051099	positive regulation of binding	34	3	3.14	0.62131	1	BP
GO:0097479	synaptic vesicle localization	34	3	3.14	0.62131	1	BP
GO:0007159	leukocyte cell-cell adhesion	34	3	3.14	0.62131	1	BP
GO:0048489	synaptic vesicle transport	34	3	3.14	0.62131	1	BP
GO:0030879	mammary gland development	34	3	3.14	0.62131	1	BP
GO:0070613	regulation of protein processing	10	1	0.92	0.62144	1	BP
GO:0050654	chondroitin sulfate proteoglycan metabol...	10	1	0.92	0.62144	1	BP
GO:1901658	glycosyl compound catabolic process	10	1	0.92	0.62144	1	BP
GO:0090505	epiboly involved in wound healing	10	1	0.92	0.62144	1	BP
GO:0045023	G0 to G1 transition	10	1	0.92	0.62144	1	BP
GO:0030520	intracellular estrogen receptor signalin...	10	1	0.92	0.62144	1	BP
GO:0010517	regulation of phospholipase activity	10	1	0.92	0.62144	1	BP
GO:0010518	positive regulation of phospholipase act...	10	1	0.92	0.62144	1	BP
GO:0032228	regulation of synaptic transmission, GAB...	10	1	0.92	0.62144	1	BP
GO:0044319	wound healing, spreading of cells	10	1	0.92	0.62144	1	BP
GO:1902669	positive regulation of axon guidance	10	1	0.92	0.62144	1	BP
GO:0010676	positive regulation of cellular carbohyd...	10	1	0.92	0.62144	1	BP
GO:1902686	mitochondrial outer membrane permeabiliz...	10	1	0.92	0.62144	1	BP
GO:0042773	ATP synthesis coupled electron transport	10	1	0.92	0.62144	1	BP
GO:0042775	mitochondrial ATP synthesis coupled elec...	10	1	0.92	0.62144	1	BP
GO:0033137	negative regulation of peptidyl-serine p...	10	1	0.92	0.62144	1	BP
GO:0060964	regulation of miRNA-mediated gene silenc...	10	1	0.92	0.62144	1	BP
GO:0009629	response to gravity	10	1	0.92	0.62144	1	BP
GO:0050961	detection of temperature stimulus involv...	10	1	0.92	0.62144	1	BP
GO:0050962	detection of light stimulus involved in ...	10	1	0.92	0.62144	1	BP
GO:0050965	detection of temperature stimulus involv...	10	1	0.92	0.62144	1	BP
GO:0050907	detection of chemical stimulus involved ...	10	1	0.92	0.62144	1	BP
GO:0050908	detection of light stimulus involved in ...	10	1	0.92	0.62144	1	BP
GO:0034121	regulation of toll-like receptor signali...	10	1	0.92	0.62144	1	BP
GO:0007004	telomere maintenance via telomerase	10	1	0.92	0.62144	1	BP
GO:0120033	negative regulation of plasma membrane b...	10	1	0.92	0.62144	1	BP
GO:0035306	positive regulation of dephosphorylation	10	1	0.92	0.62144	1	BP
GO:0006368	transcription elongation by RNA polymera...	10	1	0.92	0.62144	1	BP
GO:1905710	positive regulation of membrane permeabi...	10	1	0.92	0.62144	1	BP
GO:0018996	molting cycle, collagen and cuticulin-ba...	10	1	0.92	0.62144	1	BP
GO:1901016	regulation of potassium ion transmembran...	10	1	0.92	0.62144	1	BP
GO:1902930	regulation of alcohol biosynthetic proce...	10	1	0.92	0.62144	1	BP
GO:2000144	positive regulation of DNA-templated tra...	10	1	0.92	0.62144	1	BP
GO:1900368	regulation of post-transcriptional gene ...	10	1	0.92	0.62144	1	BP
GO:0006458	'de novo' protein folding	10	1	0.92	0.62144	1	BP
GO:0001964	startle response	10	1	0.92	0.62144	1	BP
GO:0000002	mitochondrial genome maintenance	10	1	0.92	0.62144	1	BP
GO:0060395	SMAD protein signal transduction	10	1	0.92	0.62144	1	BP
GO:0014888	striated muscle adaptation	10	1	0.92	0.62144	1	BP
GO:0035794	positive regulation of mitochondrial mem...	10	1	0.92	0.62144	1	BP
GO:0006278	RNA-templated DNA biosynthetic process	10	1	0.92	0.62144	1	BP
GO:0034502	protein localization to chromosome	10	1	0.92	0.62144	1	BP
GO:0060193	positive regulation of lipase activity	10	1	0.92	0.62144	1	BP
GO:0051354	negative regulation of oxidoreductase ac...	10	1	0.92	0.62144	1	BP
GO:0045598	regulation of fat cell differentiation	10	1	0.92	0.62144	1	BP
GO:0032088	negative regulation of NF-kappaB transcr...	10	1	0.92	0.62144	1	BP
GO:0060147	regulation of post-transcriptional gene ...	10	1	0.92	0.62144	1	BP
GO:0032026	response to magnesium ion	10	1	0.92	0.62144	1	BP
GO:0051450	myoblast proliferation	10	1	0.92	0.62144	1	BP
GO:0048190	wing disc dorsal/ventral pattern formati...	10	1	0.92	0.62144	1	BP
GO:0006656	phosphatidylcholine biosynthetic process	10	1	0.92	0.62144	1	BP
GO:0016575	histone deacetylation	10	1	0.92	0.62144	1	BP
GO:1902108	regulation of mitochondrial membrane per...	10	1	0.92	0.62144	1	BP
GO:1900544	positive regulation of purine nucleotide...	10	1	0.92	0.62144	1	BP
GO:0051279	regulation of release of sequestered cal...	10	1	0.92	0.62144	1	BP
GO:0030201	heparan sulfate proteoglycan metabolic p...	10	1	0.92	0.62144	1	BP
GO:1903432	regulation of TORC1 signaling	10	1	0.92	0.62144	1	BP
GO:0030204	chondroitin sulfate metabolic process	10	1	0.92	0.62144	1	BP
GO:0045981	positive regulation of nucleotide metabo...	10	1	0.92	0.62144	1	BP
GO:0042430	indole-containing compound metabolic pro...	10	1	0.92	0.62144	1	BP
GO:0031667	response to nutrient levels	124	15	11.45	0.62292	1	BP
GO:0055085	transmembrane transport	264	25	24.38	0.62359	1	BP
GO:1901990	regulation of mitotic cell cycle phase t...	69	6	6.37	0.62575	1	BP
GO:0001709	cell fate determination	46	4	4.25	0.62719	1	BP
GO:0040014	regulation of multicellular organism gro...	46	4	4.25	0.62719	1	BP
GO:0060359	response to ammonium ion	46	4	4.25	0.62719	1	BP
GO:0032535	regulation of cellular component size	92	8	8.5	0.628	1	BP
GO:0098656	anion transmembrane transport	81	7	7.48	0.63332	1	BP
GO:0072594	establishment of protein localization to...	81	7	7.48	0.63332	1	BP
GO:0016050	vesicle organization	58	5	5.36	0.6336	1	BP
GO:0022898	regulation of transmembrane transporter ...	37	5	3.42	0.63446	1	BP
GO:0006402	mRNA catabolic process	37	5	3.42	0.63446	1	BP
GO:0032412	regulation of ion transmembrane transpor...	37	5	3.42	0.63446	1	BP
GO:0015833	peptide transport	272	24	25.12	0.63521	1	BP
GO:0035296	regulation of tube diameter	49	6	4.53	0.63649	1	BP
GO:1904062	regulation of cation transmembrane trans...	49	6	4.53	0.63649	1	BP
GO:0055086	nucleobase-containing small molecule met...	127	11	11.73	0.63925	1	BP
GO:0060070	canonical Wnt signaling pathway	70	6	6.47	0.6401	1	BP
GO:2001233	regulation of apoptotic signaling pathwa...	70	6	6.47	0.6401	1	BP
GO:0010769	regulation of cell morphogenesis involve...	70	6	6.47	0.6401	1	BP
GO:0008344	adult locomotory behavior	35	3	3.23	0.64137	1	BP
GO:0030326	embryonic limb morphogenesis	35	3	3.23	0.64137	1	BP
GO:0048580	regulation of post-embryonic development	23	2	2.12	0.64199	1	BP
GO:0042552	myelination	23	2	2.12	0.64199	1	BP
GO:0010950	positive regulation of endopeptidase act...	23	2	2.12	0.64199	1	BP
GO:0015749	monosaccharide transmembrane transport	23	2	2.12	0.64199	1	BP
GO:0007127	meiosis I	23	2	2.12	0.64199	1	BP
GO:0090288	negative regulation of cellular response...	23	2	2.12	0.64199	1	BP
GO:0018107	peptidyl-threonine phosphorylation	23	2	2.12	0.64199	1	BP
GO:0051283	negative regulation of sequestering of c...	23	2	2.12	0.64199	1	BP
GO:0009142	nucleoside triphosphate biosynthetic pro...	23	2	2.12	0.64199	1	BP
GO:0042471	ear morphogenesis	47	4	4.34	0.6445	1	BP
GO:0006508	proteolysis	240	21	22.17	0.64611	1	BP
GO:0016310	phosphorylation	329	29	30.39	0.64676	1	BP
GO:0048878	chemical homeostasis	208	23	19.21	0.64701	1	BP
GO:0060284	regulation of cell development	229	20	21.15	0.64745	1	BP
GO:0046942	carboxylic acid transport	69	9	6.37	0.64841	1	BP
GO:0022411	cellular component disassembly	85	9	7.85	0.64889	1	BP
GO:2000113	negative regulation of cellular macromol...	256	24	23.64	0.64897	1	BP
GO:0006066	alcohol metabolic process	59	5	5.45	0.64902	1	BP
GO:0060828	regulation of canonical Wnt signaling pa...	59	5	5.45	0.64902	1	BP
GO:0006974	cellular response to DNA damage stimulus	128	11	11.82	0.64994	1	BP
GO:0010562	positive regulation of phosphorus metabo...	162	14	14.96	0.6504	1	BP
GO:0045937	positive regulation of phosphate metabol...	162	14	14.96	0.6504	1	BP
GO:0042886	amide transport	274	24	25.31	0.65057	1	BP
GO:0055001	muscle cell development	50	6	4.62	0.65334	1	BP
GO:0014706	striated muscle tissue development	97	10	8.96	0.65361	1	BP
GO:0051147	regulation of muscle cell differentiatio...	38	5	3.51	0.65382	1	BP
GO:0010976	positive regulation of neuron projection...	71	6	6.56	0.65413	1	BP
GO:0010468	regulation of gene expression	599	56	55.32	0.6542	1	BP
GO:0001714	endodermal cell fate specification	11	1	1.02	0.65658	1	BP
GO:1902883	negative regulation of response to oxida...	11	1	1.02	0.65658	1	BP
GO:0010833	telomere maintenance via telomere length...	11	1	1.02	0.65658	1	BP
GO:0090504	epiboly	11	1	1.02	0.65658	1	BP
GO:0048582	positive regulation of post-embryonic de...	11	1	1.02	0.65658	1	BP
GO:0042100	B cell proliferation	11	1	1.02	0.65658	1	BP
GO:0090659	walking behavior	11	1	1.02	0.65658	1	BP
GO:0001824	blastocyst development	11	1	1.02	0.65658	1	BP
GO:0043486	histone exchange	11	1	1.02	0.65658	1	BP
GO:0048536	spleen development	11	1	1.02	0.65658	1	BP
GO:0086009	membrane repolarization	11	1	1.02	0.65658	1	BP
GO:0046902	regulation of mitochondrial membrane per...	11	1	1.02	0.65658	1	BP
GO:0021871	forebrain regionalization	11	1	1.02	0.65658	1	BP
GO:0033143	regulation of intracellular steroid horm...	11	1	1.02	0.65658	1	BP
GO:0033108	mitochondrial respiratory chain complex ...	11	1	1.02	0.65658	1	BP
GO:0036011	imaginal disc-derived leg segmentation	11	1	1.02	0.65658	1	BP
GO:0016073	snRNA metabolic process	11	1	1.02	0.65658	1	BP
GO:0016048	detection of temperature stimulus	11	1	1.02	0.65658	1	BP
GO:0033280	response to vitamin D	11	1	1.02	0.65658	1	BP
GO:0045494	photoreceptor cell maintenance	11	1	1.02	0.65658	1	BP
GO:0000096	sulfur amino acid metabolic process	11	1	1.02	0.65658	1	BP
GO:2000178	negative regulation of neural precursor ...	11	1	1.02	0.65658	1	BP
GO:0045187	regulation of circadian sleep/wake cycle...	11	1	1.02	0.65658	1	BP
GO:2000142	regulation of DNA-templated transcriptio...	11	1	1.02	0.65658	1	BP
GO:0036314	response to sterol	11	1	1.02	0.65658	1	BP
GO:0030002	cellular anion homeostasis	11	1	1.02	0.65658	1	BP
GO:0035285	appendage segmentation	11	1	1.02	0.65658	1	BP
GO:0060306	regulation of membrane repolarization	11	1	1.02	0.65658	1	BP
GO:1903053	regulation of extracellular matrix organ...	11	1	1.02	0.65658	1	BP
GO:0090328	regulation of olfactory learning	11	1	1.02	0.65658	1	BP
GO:0060191	regulation of lipase activity	11	1	1.02	0.65658	1	BP
GO:0048311	mitochondrion distribution	11	1	1.02	0.65658	1	BP
GO:0030320	cellular monovalent inorganic anion home...	11	1	1.02	0.65658	1	BP
GO:0015804	neutral amino acid transport	11	1	1.02	0.65658	1	BP
GO:0007218	neuropeptide signaling pathway	11	1	1.02	0.65658	1	BP
GO:0006879	cellular iron ion homeostasis	11	1	1.02	0.65658	1	BP
GO:0046850	regulation of bone remodeling	11	1	1.02	0.65658	1	BP
GO:0061430	bone trabecula morphogenesis	11	1	1.02	0.65658	1	BP
GO:0060236	regulation of mitotic spindle organizati...	11	1	1.02	0.65658	1	BP
GO:0072384	organelle transport along microtubule	11	1	1.02	0.65658	1	BP
GO:0006699	bile acid biosynthetic process	11	1	1.02	0.65658	1	BP
GO:0072499	photoreceptor cell axon guidance	11	1	1.02	0.65658	1	BP
GO:0050775	positive regulation of dendrite morphoge...	11	1	1.02	0.65658	1	BP
GO:0060740	prostate gland epithelium morphogenesis	11	1	1.02	0.65658	1	BP
GO:0048260	positive regulation of receptor-mediated...	11	1	1.02	0.65658	1	BP
GO:0050893	sensory processing	11	1	1.02	0.65658	1	BP
GO:0014911	positive regulation of smooth muscle cel...	11	1	1.02	0.65658	1	BP
GO:0050802	circadian sleep/wake cycle, sleep	11	1	1.02	0.65658	1	BP
GO:0060512	prostate gland morphogenesis	11	1	1.02	0.65658	1	BP
GO:0014014	negative regulation of gliogenesis	11	1	1.02	0.65658	1	BP
GO:0007628	adult walking behavior	11	1	1.02	0.65658	1	BP
GO:0032413	negative regulation of ion transmembrane...	11	1	1.02	0.65658	1	BP
GO:0022410	circadian sleep/wake cycle process	11	1	1.02	0.65658	1	BP
GO:0014003	oligodendrocyte development	11	1	1.02	0.65658	1	BP
GO:0006163	purine nucleotide metabolic process	83	7	7.67	0.65948	1	BP
GO:0050679	positive regulation of epithelial cell p...	36	3	3.33	0.66067	1	BP
GO:0046034	ATP metabolic process	36	3	3.33	0.66067	1	BP
GO:0022618	ribonucleoprotein complex assembly	36	3	3.33	0.66067	1	BP
GO:0043903	regulation of biological process involve...	36	3	3.33	0.66067	1	BP
GO:0048284	organelle fusion	36	3	3.33	0.66067	1	BP
GO:0009123	nucleoside monophosphate metabolic proce...	36	3	3.33	0.66067	1	BP
GO:0002831	regulation of response to biotic stimulu...	48	4	4.43	0.66127	1	BP
GO:0051124	synaptic assembly at neuromuscular junct...	48	4	4.43	0.66127	1	BP
GO:0007631	feeding behavior	48	4	4.43	0.66127	1	BP
GO:0048518	positive regulation of biological proces...	848	79	78.32	0.6625	1	BP
GO:0003015	heart process	57	8	5.26	0.6633	1	BP
GO:0051276	chromosome organization	186	16	17.18	0.66356	1	BP
GO:0007178	transmembrane receptor protein serine/th...	60	5	5.54	0.66403	1	BP
GO:0050680	negative regulation of epithelial cell p...	24	2	2.22	0.66539	1	BP
GO:1901655	cellular response to ketone	24	2	2.22	0.66539	1	BP
GO:0002250	adaptive immune response	24	2	2.22	0.66539	1	BP
GO:0035019	somatic stem cell population maintenance	24	2	2.22	0.66539	1	BP
GO:0051983	regulation of chromosome segregation	24	2	2.22	0.66539	1	BP
GO:0034219	carbohydrate transmembrane transport	24	2	2.22	0.66539	1	BP
GO:0007447	imaginal disc pattern formation	24	2	2.22	0.66539	1	BP
GO:0002062	chondrocyte differentiation	24	2	2.22	0.66539	1	BP
GO:0070167	regulation of biomineral tissue developm...	24	2	2.22	0.66539	1	BP
GO:0110149	regulation of biomineralization	24	2	2.22	0.66539	1	BP
GO:0032024	positive regulation of insulin secretion	24	2	2.22	0.66539	1	BP
GO:0030218	erythrocyte differentiation	24	2	2.22	0.66539	1	BP
GO:0018210	peptidyl-threonine modification	24	2	2.22	0.66539	1	BP
GO:0022402	cell cycle process	276	24	25.49	0.66561	1	BP
GO:0009612	response to mechanical stimulus	72	6	6.65	0.66782	1	BP
GO:1901135	carbohydrate derivative metabolic proces...	198	17	18.29	0.6698	1	BP
GO:0070482	response to oxygen levels	86	16	7.94	0.67057	1	BP
GO:0010720	positive regulation of cell development	130	11	12.01	0.67081	1	BP
GO:0048522	positive regulation of cellular process	784	72	72.41	0.671	1	BP
GO:0034655	nucleobase-containing compound catabolic...	75	8	6.93	0.67157	1	BP
GO:0010558	negative regulation of macromolecule bio...	259	24	23.92	0.67204	1	BP
GO:0032409	regulation of transporter activity	39	5	3.6	0.67245	1	BP
GO:1905114	cell surface receptor signaling pathway ...	122	12	11.27	0.67375	1	BP
GO:0060041	retina development in camera-type eye	49	4	4.53	0.6775	1	BP
GO:0043588	skin development	49	4	4.53	0.6775	1	BP
GO:0060173	limb development	49	4	4.53	0.6775	1	BP
GO:0007605	sensory perception of sound	49	4	4.53	0.6775	1	BP
GO:0015849	organic acid transport	71	9	6.56	0.67754	1	BP
GO:0050673	epithelial cell proliferation	61	5	5.63	0.67863	1	BP
GO:0071826	ribonucleoprotein complex subunit organi...	37	3	3.42	0.67921	1	BP
GO:0060993	kidney morphogenesis	37	3	3.42	0.67921	1	BP
GO:0007162	negative regulation of cell adhesion	37	3	3.42	0.67921	1	BP
GO:0044703	multi-organism reproductive process	334	29	30.85	0.68139	1	BP
GO:0009617	response to bacterium	108	9	9.98	0.68143	1	BP
GO:0000956	nuclear-transcribed mRNA catabolic proce...	27	4	2.49	0.68209	1	BP
GO:0070997	neuron death	85	7	7.85	0.6845	1	BP
GO:0044273	sulfur compound catabolic process	14	3	1.29	0.68471	1	BP
GO:0009309	amine biosynthetic process	14	3	1.29	0.68471	1	BP
GO:0098815	modulation of excitatory postsynaptic po...	14	3	1.29	0.68471	1	BP
GO:0042401	cellular biogenic amine biosynthetic pro...	14	3	1.29	0.68471	1	BP
GO:0019439	aromatic compound catabolic process	88	9	8.13	0.68633	1	BP
GO:0008643	carbohydrate transport	25	2	2.31	0.68754	1	BP
GO:0034101	erythrocyte homeostasis	25	2	2.31	0.68754	1	BP
GO:0006367	transcription initiation at RNA polymera...	25	2	2.31	0.68754	1	BP
GO:0045844	positive regulation of striated muscle t...	25	2	2.31	0.68754	1	BP
GO:0050731	positive regulation of peptidyl-tyrosine...	25	2	2.31	0.68754	1	BP
GO:0009185	ribonucleoside diphosphate metabolic pro...	25	2	2.31	0.68754	1	BP
GO:1901863	positive regulation of muscle tissue dev...	25	2	2.31	0.68754	1	BP
GO:0007525	somatic muscle development	25	2	2.31	0.68754	1	BP
GO:0055024	regulation of cardiac muscle tissue deve...	25	2	2.31	0.68754	1	BP
GO:0032436	positive regulation of proteasomal ubiqu...	25	2	2.31	0.68754	1	BP
GO:0030811	regulation of nucleotide catabolic proce...	12	1	1.11	0.68847	1	BP
GO:0001711	endodermal cell fate commitment	12	1	1.11	0.68847	1	BP
GO:0048808	male genitalia morphogenesis	12	1	1.11	0.68847	1	BP
GO:0062207	regulation of pattern recognition recept...	12	1	1.11	0.68847	1	BP
GO:0086091	regulation of heart rate by cardiac cond...	12	1	1.11	0.68847	1	BP
GO:0035094	response to nicotine	12	1	1.11	0.68847	1	BP
GO:0086065	cell communication involved in cardiac c...	12	1	1.11	0.68847	1	BP
GO:0002260	lymphocyte homeostasis	12	1	1.11	0.68847	1	BP
GO:0006919	activation of cysteine-type endopeptidas...	12	1	1.11	0.68847	1	BP
GO:0006903	vesicle targeting	12	1	1.11	0.68847	1	BP
GO:0003170	heart valve development	12	1	1.11	0.68847	1	BP
GO:0021854	hypothalamus development	12	1	1.11	0.68847	1	BP
GO:0072583	clathrin-dependent endocytosis	12	1	1.11	0.68847	1	BP
GO:1903555	regulation of tumor necrosis factor supe...	12	1	1.11	0.68847	1	BP
GO:0033260	nuclear DNA replication	12	1	1.11	0.68847	1	BP
GO:0060966	regulation of gene silencing by RNA	12	1	1.11	0.68847	1	BP
GO:0050951	sensory perception of temperature stimul...	12	1	1.11	0.68847	1	BP
GO:0032835	glomerulus development	12	1	1.11	0.68847	1	BP
GO:0042509	regulation of tyrosine phosphorylation o...	12	1	1.11	0.68847	1	BP
GO:0032680	regulation of tumor necrosis factor prod...	12	1	1.11	0.68847	1	BP
GO:0006476	protein deacetylation	12	1	1.11	0.68847	1	BP
GO:0022602	ovulation cycle process	12	1	1.11	0.68847	1	BP
GO:1902099	regulation of metaphase/anaphase transit...	12	1	1.11	0.68847	1	BP
GO:0006110	regulation of glycolytic process	12	1	1.11	0.68847	1	BP
GO:2001169	regulation of ATP biosynthetic process	12	1	1.11	0.68847	1	BP
GO:1901379	regulation of potassium ion transmembran...	12	1	1.11	0.68847	1	BP
GO:0071385	cellular response to glucocorticoid stim...	12	1	1.11	0.68847	1	BP
GO:0051385	response to mineralocorticoid	12	1	1.11	0.68847	1	BP
GO:0061311	cell surface receptor signaling pathway ...	12	1	1.11	0.68847	1	BP
GO:0046785	microtubule polymerization	12	1	1.11	0.68847	1	BP
GO:0007260	tyrosine phosphorylation of STAT protein	12	1	1.11	0.68847	1	BP
GO:0007214	gamma-aminobutyric acid signaling pathwa...	12	1	1.11	0.68847	1	BP
GO:0071479	cellular response to ionizing radiation	12	1	1.11	0.68847	1	BP
GO:0051481	negative regulation of cytosolic calcium...	12	1	1.11	0.68847	1	BP
GO:0046825	regulation of protein export from nucleu...	12	1	1.11	0.68847	1	BP
GO:0051446	positive regulation of meiotic cell cycl...	12	1	1.11	0.68847	1	BP
GO:0045670	regulation of osteoclast differentiation	12	1	1.11	0.68847	1	BP
GO:0045638	negative regulation of myeloid cell diff...	12	1	1.11	0.68847	1	BP
GO:0048102	autophagic cell death	12	1	1.11	0.68847	1	BP
GO:0030104	water homeostasis	12	1	1.11	0.68847	1	BP
GO:1990542	mitochondrial transmembrane transport	12	1	1.11	0.68847	1	BP
GO:0010288	response to lead ion	12	1	1.11	0.68847	1	BP
GO:0050864	regulation of B cell activation	12	1	1.11	0.68847	1	BP
GO:0032410	negative regulation of transporter activ...	12	1	1.11	0.68847	1	BP
GO:0048854	brain morphogenesis	12	1	1.11	0.68847	1	BP
GO:0022416	chaeta development	12	1	1.11	0.68847	1	BP
GO:0043067	regulation of programmed cell death	257	22	23.74	0.69097	1	BP
GO:0030900	forebrain development	109	9	10.07	0.69231	1	BP
GO:0032259	methylation	62	5	5.73	0.6928	1	BP
GO:0050954	sensory perception of mechanical stimulu...	62	5	5.73	0.6928	1	BP
GO:0048754	branching morphogenesis of an epithelial...	62	5	5.73	0.6928	1	BP
GO:0030278	regulation of ossification	50	4	4.62	0.69319	1	BP
GO:0048515	spermatid differentiation	38	3	3.51	0.697	1	BP
GO:2000377	regulation of reactive oxygen species me...	38	3	3.51	0.697	1	BP
GO:0035113	embryonic appendage morphogenesis	38	3	3.51	0.697	1	BP
GO:0061025	membrane fusion	38	3	3.51	0.697	1	BP
GO:0046434	organophosphate catabolic process	38	3	3.51	0.697	1	BP
GO:0016202	regulation of striated muscle tissue dev...	38	3	3.51	0.697	1	BP
GO:0045637	regulation of myeloid cell differentiati...	38	3	3.51	0.697	1	BP
GO:1901861	regulation of muscle tissue development	38	3	3.51	0.697	1	BP
GO:0009057	macromolecule catabolic process	217	20	20.04	0.6992	1	BP
GO:0051336	regulation of hydrolase activity	156	13	14.41	0.70044	1	BP
GO:0050808	synapse organization	110	9	10.16	0.70296	1	BP
GO:0009967	positive regulation of signal transducti...	252	23	23.28	0.70447	1	BP
GO:0007416	synapse assembly	63	5	5.82	0.70654	1	BP
GO:0045926	negative regulation of growth	75	6	6.93	0.70683	1	BP
GO:0007507	heart development	137	13	12.65	0.70724	1	BP
GO:0008544	epidermis development	87	7	8.04	0.70834	1	BP
GO:0043010	camera-type eye development	87	7	8.04	0.70834	1	BP
GO:0016054	organic acid catabolic process	51	4	4.71	0.70834	1	BP
GO:0046395	carboxylic acid catabolic process	51	4	4.71	0.70834	1	BP
GO:0000082	G1/S transition of mitotic cell cycle	51	4	4.71	0.70834	1	BP
GO:0030073	insulin secretion	51	4	4.71	0.70834	1	BP
GO:0048814	regulation of dendrite morphogenesis	26	2	2.4	0.70848	1	BP
GO:2000060	positive regulation of ubiquitin-depende...	26	2	2.4	0.70848	1	BP
GO:0003407	neural retina development	26	2	2.4	0.70848	1	BP
GO:0016999	antibiotic metabolic process	26	2	2.4	0.70848	1	BP
GO:1902652	secondary alcohol metabolic process	26	2	2.4	0.70848	1	BP
GO:0032526	response to retinoic acid	26	2	2.4	0.70848	1	BP
GO:0034250	positive regulation of cellular amide me...	26	2	2.4	0.70848	1	BP
GO:0045185	maintenance of protein location	26	2	2.4	0.70848	1	BP
GO:0001942	hair follicle development	26	2	2.4	0.70848	1	BP
GO:0007422	peripheral nervous system development	26	2	2.4	0.70848	1	BP
GO:0008366	axon ensheathment	26	2	2.4	0.70848	1	BP
GO:0008355	olfactory learning	26	2	2.4	0.70848	1	BP
GO:0007272	ensheathment of neurons	26	2	2.4	0.70848	1	BP
GO:0051251	positive regulation of lymphocyte activa...	26	2	2.4	0.70848	1	BP
GO:0051225	spindle assembly	26	2	2.4	0.70848	1	BP
GO:0042440	pigment metabolic process	26	2	2.4	0.70848	1	BP
GO:0003073	regulation of systemic arterial blood pr...	22	6	2.03	0.70882	1	BP
GO:0097305	response to alcohol	99	8	9.14	0.71061	1	BP
GO:0050767	regulation of neurogenesis	203	17	18.75	0.71092	1	BP
GO:0034248	regulation of cellular amide metabolic p...	66	7	6.1	0.71145	1	BP
GO:0065008	regulation of biological quality	645	61	59.57	0.71299	1	BP
GO:1902532	negative regulation of intracellular sig...	111	9	10.25	0.71338	1	BP
GO:0048678	response to axon injury	39	3	3.6	0.71404	1	BP
GO:0048634	regulation of muscle organ development	39	3	3.6	0.71404	1	BP
GO:0099504	synaptic vesicle cycle	39	3	3.6	0.71404	1	BP
GO:0031503	protein-containing complex localization	39	3	3.6	0.71404	1	BP
GO:0052548	regulation of endopeptidase activity	39	3	3.6	0.71404	1	BP
GO:0090305	nucleic acid phosphodiester bond hydroly...	39	3	3.6	0.71404	1	BP
GO:0071322	cellular response to carbohydrate stimul...	39	3	3.6	0.71404	1	BP
GO:0071478	cellular response to radiation	39	3	3.6	0.71404	1	BP
GO:0042981	regulation of apoptotic process	249	21	23	0.71501	1	BP
GO:0001776	leukocyte homeostasis	13	1	1.2	0.71742	1	BP
GO:0015914	phospholipid transport	13	1	1.2	0.71742	1	BP
GO:0006904	vesicle docking involved in exocytosis	13	1	1.2	0.71742	1	BP
GO:0086002	cardiac muscle cell action potential inv...	13	1	1.2	0.71742	1	BP
GO:0001569	branching involved in blood vessel morph...	13	1	1.2	0.71742	1	BP
GO:0001516	prostaglandin biosynthetic process	13	1	1.2	0.71742	1	BP
GO:0021575	hindbrain morphogenesis	13	1	1.2	0.71742	1	BP
GO:0021522	spinal cord motor neuron differentiation	13	1	1.2	0.71742	1	BP
GO:0050999	regulation of nitric-oxide synthase acti...	13	1	1.2	0.71742	1	BP
GO:0050975	sensory perception of touch	13	1	1.2	0.71742	1	BP
GO:0007062	sister chromatid cohesion	13	1	1.2	0.71742	1	BP
GO:0006305	DNA alkylation	13	1	1.2	0.71742	1	BP
GO:0006306	DNA methylation	13	1	1.2	0.71742	1	BP
GO:0008088	axo-dendritic transport	13	1	1.2	0.71742	1	BP
GO:0032640	tumor necrosis factor production	13	1	1.2	0.71742	1	BP
GO:0044784	metaphase/anaphase transition of cell cy...	13	1	1.2	0.71742	1	BP
GO:1905818	regulation of chromosome separation	13	1	1.2	0.71742	1	BP
GO:0034766	negative regulation of ion transmembrane...	13	1	1.2	0.71742	1	BP
GO:0006406	mRNA export from nucleus	13	1	1.2	0.71742	1	BP
GO:0046457	prostanoid biosynthetic process	13	1	1.2	0.71742	1	BP
GO:0051028	mRNA transport	13	1	1.2	0.71742	1	BP
GO:0032963	collagen metabolic process	13	1	1.2	0.71742	1	BP
GO:0062009	secondary palate development	13	1	1.2	0.71742	1	BP
GO:1903038	negative regulation of leukocyte cell-ce...	13	1	1.2	0.71742	1	BP
GO:0035821	modulation of process of another organis...	13	1	1.2	0.71742	1	BP
GO:0007293	germarium-derived egg chamber formation	13	1	1.2	0.71742	1	BP
GO:0042078	germ-line stem cell division	13	1	1.2	0.71742	1	BP
GO:0051303	establishment of chromosome localization	13	1	1.2	0.71742	1	BP
GO:0030433	ubiquitin-dependent ERAD pathway	13	1	1.2	0.71742	1	BP
GO:0046888	negative regulation of hormone secretion	13	1	1.2	0.71742	1	BP
GO:0045646	regulation of erythrocyte differentiatio...	13	1	1.2	0.71742	1	BP
GO:0090224	regulation of spindle organization	13	1	1.2	0.71742	1	BP
GO:0051150	regulation of smooth muscle cell differe...	13	1	1.2	0.71742	1	BP
GO:0050729	positive regulation of inflammatory resp...	13	1	1.2	0.71742	1	BP
GO:1902106	negative regulation of leukocyte differe...	13	1	1.2	0.71742	1	BP
GO:1902107	positive regulation of leukocyte differe...	13	1	1.2	0.71742	1	BP
GO:0009168	purine ribonucleoside monophosphate bios...	13	1	1.2	0.71742	1	BP
GO:0009127	purine nucleoside monophosphate biosynth...	13	1	1.2	0.71742	1	BP
GO:0046685	response to arsenic-containing substance	13	1	1.2	0.71742	1	BP
GO:0050868	negative regulation of T cell activation	13	1	1.2	0.71742	1	BP
GO:0048793	pronephros development	13	1	1.2	0.71742	1	BP
GO:0051784	negative regulation of nuclear division	13	1	1.2	0.71742	1	BP
GO:0048708	astrocyte differentiation	13	1	1.2	0.71742	1	BP
GO:0071706	tumor necrosis factor superfamily cytoki...	13	1	1.2	0.71742	1	BP
GO:0002168	instar larval development	13	1	1.2	0.71742	1	BP
GO:0045912	negative regulation of carbohydrate meta...	13	1	1.2	0.71742	1	BP
GO:0090559	regulation of membrane permeability	13	1	1.2	0.71742	1	BP
GO:0006937	regulation of muscle contraction	35	6	3.23	0.71872	1	BP
GO:0044282	small molecule catabolic process	76	6	7.02	0.71912	1	BP
GO:0007346	regulation of mitotic cell cycle	135	11	12.47	0.71979	1	BP
GO:0051051	negative regulation of transport	88	7	8.13	0.7198	1	BP
GO:0048639	positive regulation of developmental gro...	79	8	7.3	0.72199	1	BP
GO:0046486	glycerolipid metabolic process	79	8	7.3	0.72199	1	BP
GO:0051146	striated muscle cell differentiation	79	8	7.3	0.72199	1	BP
GO:0043523	regulation of neuron apoptotic process	52	4	4.8	0.72294	1	BP
GO:0060079	excitatory postsynaptic potential	29	4	2.68	0.72299	1	BP
GO:0071702	organic substance transport	384	37	35.47	0.72403	1	BP
GO:0051172	negative regulation of nitrogen compound...	363	34	33.53	0.72538	1	BP
GO:0022405	hair cycle process	27	2	2.49	0.72825	1	BP
GO:0006997	nucleus organization	27	2	2.49	0.72825	1	BP
GO:0002262	myeloid cell homeostasis	27	2	2.49	0.72825	1	BP
GO:0030509	BMP signaling pathway	27	2	2.49	0.72825	1	BP
GO:0048636	positive regulation of muscle organ deve...	27	2	2.49	0.72825	1	BP
GO:0021545	cranial nerve development	27	2	2.49	0.72825	1	BP
GO:1904888	cranial skeletal system development	27	2	2.49	0.72825	1	BP
GO:0060021	roof of mouth development	27	2	2.49	0.72825	1	BP
GO:0030901	midbrain development	27	2	2.49	0.72825	1	BP
GO:0009063	cellular amino acid catabolic process	27	2	2.49	0.72825	1	BP
GO:0071482	cellular response to light stimulus	27	2	2.49	0.72825	1	BP
GO:0090277	positive regulation of peptide hormone s...	27	2	2.49	0.72825	1	BP
GO:0051262	protein tetramerization	27	2	2.49	0.72825	1	BP
GO:0098773	skin epidermis development	27	2	2.49	0.72825	1	BP
GO:0009132	nucleoside diphosphate metabolic process	27	2	2.49	0.72825	1	BP
GO:1901800	positive regulation of proteasomal prote...	27	2	2.49	0.72825	1	BP
GO:0051247	positive regulation of protein metabolic...	251	21	23.18	0.72923	1	BP
GO:0022404	molting cycle process	40	3	3.69	0.73034	1	BP
GO:0048675	axon extension	40	3	3.69	0.73034	1	BP
GO:0033002	muscle cell proliferation	40	3	3.69	0.73034	1	BP
GO:0071229	cellular response to acid chemical	40	3	3.69	0.73034	1	BP
GO:0045787	positive regulation of cell cycle	77	6	7.11	0.73106	1	BP
GO:0072657	protein localization to membrane	101	8	9.33	0.73189	1	BP
GO:0043009	chordate embryonic development	148	12	13.67	0.73209	1	BP
GO:0033554	cellular response to stress	370	33	34.17	0.73269	1	BP
GO:0048839	inner ear development	65	5	6	0.73274	1	BP
GO:0090068	positive regulation of cell cycle proces...	65	5	6	0.73274	1	BP
GO:0035264	multicellular organism growth	65	5	6	0.73274	1	BP
GO:0140694	non-membrane-bounded organelle assembly	65	5	6	0.73274	1	BP
GO:0050769	positive regulation of neurogenesis	113	9	10.44	0.73351	1	BP
GO:0060562	epithelial tube morphogenesis	206	17	19.03	0.7341	1	BP
GO:0048519	negative regulation of biological proces...	809	76	74.72	0.73423	1	BP
GO:0048584	positive regulation of response to stimu...	325	29	30.02	0.73532	1	BP
GO:0090066	regulation of anatomical structure size	152	14	14.04	0.73665	1	BP
GO:0010628	positive regulation of gene expression	348	31	32.14	0.73684	1	BP
GO:0050678	regulation of epithelial cell proliferat...	53	4	4.9	0.737	1	BP
GO:0061448	connective tissue development	53	4	4.9	0.737	1	BP
GO:0065009	regulation of molecular function	416	37	38.42	0.73712	1	BP
GO:0044265	cellular macromolecule catabolic process	164	15	15.15	0.73871	1	BP
GO:0051149	positive regulation of muscle cell diffe...	16	3	1.48	0.74007	1	BP
GO:0032414	positive regulation of ion transmembrane...	16	3	1.48	0.74007	1	BP
GO:0007188	adenylate cyclase-modulating G protein-c...	30	4	2.77	0.74173	1	BP
GO:1901653	cellular response to peptide	90	7	8.31	0.74182	1	BP
GO:0071396	cellular response to lipid	90	7	8.31	0.74182	1	BP
GO:0002218	activation of innate immune response	14	1	1.29	0.74369	1	BP
GO:0061512	protein localization to cilium	14	1	1.29	0.74369	1	BP
GO:0043122	regulation of I-kappaB kinase/NF-kappaB ...	14	1	1.29	0.74369	1	BP
GO:0002706	regulation of lymphocyte mediated immuni...	14	1	1.29	0.74369	1	BP
GO:1903844	regulation of cellular response to trans...	14	1	1.29	0.74369	1	BP
GO:0021517	ventral spinal cord development	14	1	1.29	0.74369	1	BP
GO:0007032	endosome organization	14	1	1.29	0.74369	1	BP
GO:0097006	regulation of plasma lipoprotein particl...	14	1	1.29	0.74369	1	BP
GO:0017015	regulation of transforming growth factor...	14	1	1.29	0.74369	1	BP
GO:0010923	negative regulation of phosphatase activ...	14	1	1.29	0.74369	1	BP
GO:0035166	post-embryonic hemopoiesis	14	1	1.29	0.74369	1	BP
GO:0036335	intestinal stem cell homeostasis	14	1	1.29	0.74369	1	BP
GO:0035112	genitalia morphogenesis	14	1	1.29	0.74369	1	BP
GO:0033692	cellular polysaccharide biosynthetic pro...	14	1	1.29	0.74369	1	BP
GO:0043666	regulation of phosphoprotein phosphatase...	14	1	1.29	0.74369	1	BP
GO:0009069	serine family amino acid metabolic proce...	14	1	1.29	0.74369	1	BP
GO:0007306	eggshell chorion assembly	14	1	1.29	0.74369	1	BP
GO:0033627	cell adhesion mediated by integrin	14	1	1.29	0.74369	1	BP
GO:0007484	imaginal disc-derived genitalia developm...	14	1	1.29	0.74369	1	BP
GO:0007485	imaginal disc-derived male genitalia dev...	14	1	1.29	0.74369	1	BP
GO:0002090	regulation of receptor internalization	14	1	1.29	0.74369	1	BP
GO:0060412	ventricular septum morphogenesis	14	1	1.29	0.74369	1	BP
GO:0022904	respiratory electron transport chain	14	1	1.29	0.74369	1	BP
GO:0071384	cellular response to corticosteroid stim...	14	1	1.29	0.74369	1	BP
GO:0071320	cellular response to cAMP	14	1	1.29	0.74369	1	BP
GO:0071346	cellular response to interferon-gamma	14	1	1.29	0.74369	1	BP
GO:0017158	regulation of calcium ion-dependent exoc...	14	1	1.29	0.74369	1	BP
GO:0006826	iron ion transport	14	1	1.29	0.74369	1	BP
GO:0007200	phospholipase C-activating G protein-cou...	14	1	1.29	0.74369	1	BP
GO:0006805	xenobiotic metabolic process	14	1	1.29	0.74369	1	BP
GO:0048145	regulation of fibroblast proliferation	14	1	1.29	0.74369	1	BP
GO:0035601	protein deacylation	14	1	1.29	0.74369	1	BP
GO:0051148	negative regulation of muscle cell diffe...	14	1	1.29	0.74369	1	BP
GO:0046532	regulation of photoreceptor cell differe...	14	1	1.29	0.74369	1	BP
GO:0007595	lactation	14	1	1.29	0.74369	1	BP
GO:0098732	macromolecule deacylation	14	1	1.29	0.74369	1	BP
GO:0031124	mRNA 3'-end processing	14	1	1.29	0.74369	1	BP
GO:0055072	iron ion homeostasis	14	1	1.29	0.74369	1	BP
GO:0003382	epithelial cell morphogenesis	14	1	1.29	0.74369	1	BP
GO:0048859	formation of anatomical boundary	14	1	1.29	0.74369	1	BP
GO:0002121	inter-male aggressive behavior	14	1	1.29	0.74369	1	BP
GO:0044270	cellular nitrogen compound catabolic pro...	81	8	7.48	0.74512	1	BP
GO:0045471	response to ethanol	66	5	6.1	0.74519	1	BP
GO:0071383	cellular response to steroid hormone sti...	41	3	3.79	0.7459	1	BP
GO:0110148	biomineralization	41	3	3.79	0.7459	1	BP
GO:0051346	negative regulation of hydrolase activit...	41	3	3.79	0.7459	1	BP
GO:0031214	biomineral tissue development	41	3	3.79	0.7459	1	BP
GO:0044255	cellular lipid metabolic process	165	15	15.24	0.74686	1	BP
GO:0001819	positive regulation of cytokine producti...	28	2	2.59	0.74687	1	BP
GO:0043281	regulation of cysteine-type endopeptidas...	28	2	2.59	0.74687	1	BP
GO:0042633	hair cycle	28	2	2.59	0.74687	1	BP
GO:1903052	positive regulation of proteolysis invol...	28	2	2.59	0.74687	1	BP
GO:1901292	nucleoside phosphate catabolic process	28	2	2.59	0.74687	1	BP
GO:0009166	nucleotide catabolic process	28	2	2.59	0.74687	1	BP
GO:0051650	establishment of vesicle localization	54	4	4.99	0.75051	1	BP
GO:0051648	vesicle localization	54	4	4.99	0.75051	1	BP
GO:0040013	negative regulation of locomotion	54	4	4.99	0.75051	1	BP
GO:0008283	cell population proliferation	345	29	31.86	0.75106	1	BP
GO:0001501	skeletal system development	91	7	8.4	0.75237	1	BP
GO:0001822	kidney development	79	6	7.3	0.75387	1	BP
GO:0050803	regulation of synapse structure or activ...	79	6	7.3	0.75387	1	BP
GO:0060548	negative regulation of cell death	174	14	16.07	0.75444	1	BP
GO:0048523	negative regulation of cellular process	745	70	68.81	0.75518	1	BP
GO:0010605	negative regulation of macromolecule met...	414	38	38.24	0.75532	1	BP
GO:0046700	heterocycle catabolic process	82	8	7.57	0.75615	1	BP
GO:0007528	neuromuscular junction development	67	5	6.19	0.75721	1	BP
GO:0071824	protein-DNA complex subunit organization	42	3	3.88	0.76074	1	BP
GO:0008582	regulation of synaptic assembly at neuro...	42	3	3.88	0.76074	1	BP
GO:0031334	positive regulation of protein-containin...	42	3	3.88	0.76074	1	BP
GO:0032496	response to lipopolysaccharide	42	3	3.88	0.76074	1	BP
GO:0070507	regulation of microtubule cytoskeleton o...	42	3	3.88	0.76074	1	BP
GO:0060249	anatomical structure homeostasis	92	7	8.5	0.76261	1	BP
GO:1901361	organic cyclic compound catabolic proces...	95	9	8.77	0.76342	1	BP
GO:0002694	regulation of leukocyte activation	55	4	5.08	0.7635	1	BP
GO:0098813	nuclear chromosome segregation	55	4	5.08	0.7635	1	BP
GO:0043502	regulation of muscle adaptation	17	3	1.57	0.76401	1	BP
GO:0032411	positive regulation of transporter activ...	17	3	1.57	0.76401	1	BP
GO:2000045	regulation of G1/S transition of mitotic...	29	2	2.68	0.7644	1	BP
GO:0043401	steroid hormone mediated signaling pathw...	29	2	2.68	0.7644	1	BP
GO:2000116	regulation of cysteine-type endopeptidas...	29	2	2.68	0.7644	1	BP
GO:0045766	positive regulation of angiogenesis	29	2	2.68	0.7644	1	BP
GO:0007480	imaginal disc-derived leg morphogenesis	29	2	2.68	0.7644	1	BP
GO:0007478	leg disc morphogenesis	29	2	2.68	0.7644	1	BP
GO:0008356	asymmetric cell division	29	2	2.68	0.7644	1	BP
GO:0000281	mitotic cytokinesis	29	2	2.68	0.7644	1	BP
GO:0030282	bone mineralization	29	2	2.68	0.7644	1	BP
GO:0071772	response to BMP	29	2	2.68	0.7644	1	BP
GO:0071773	cellular response to BMP stimulus	29	2	2.68	0.7644	1	BP
GO:0048863	stem cell differentiation	80	6	7.39	0.76474	1	BP
GO:0035082	axoneme assembly	15	1	1.39	0.76753	1	BP
GO:0002224	toll-like receptor signaling pathway	15	1	1.39	0.76753	1	BP
GO:0046916	cellular transition metal ion homeostasi...	15	1	1.39	0.76753	1	BP
GO:0006096	glycolytic process	15	1	1.39	0.76753	1	BP
GO:0010656	negative regulation of muscle cell apopt...	15	1	1.39	0.76753	1	BP
GO:0032768	regulation of monooxygenase activity	15	1	1.39	0.76753	1	BP
GO:0034308	primary alcohol metabolic process	15	1	1.39	0.76753	1	BP
GO:0002822	regulation of adaptive immune response b...	15	1	1.39	0.76753	1	BP
GO:0002819	regulation of adaptive immune response	15	1	1.39	0.76753	1	BP
GO:0060033	anatomical structure regression	15	1	1.39	0.76753	1	BP
GO:0045428	regulation of nitric oxide biosynthetic ...	15	1	1.39	0.76753	1	BP
GO:0045448	mitotic cell cycle, embryonic	15	1	1.39	0.76753	1	BP
GO:0050000	chromosome localization	15	1	1.39	0.76753	1	BP
GO:0046365	monosaccharide catabolic process	15	1	1.39	0.76753	1	BP
GO:0035195	miRNA-mediated gene silencing	15	1	1.39	0.76753	1	BP
GO:0009954	proximal/distal pattern formation	15	1	1.39	0.76753	1	BP
GO:0040028	regulation of vulval development	15	1	1.39	0.76753	1	BP
GO:0009064	glutamine family amino acid metabolic pr...	15	1	1.39	0.76753	1	BP
GO:0006283	transcription-coupled nucleotide-excisio...	15	1	1.39	0.76753	1	BP
GO:1900180	regulation of protein localization to nu...	15	1	1.39	0.76753	1	BP
GO:0006767	water-soluble vitamin metabolic process	15	1	1.39	0.76753	1	BP
GO:0006757	ATP generation from ADP	15	1	1.39	0.76753	1	BP
GO:0046209	nitric oxide metabolic process	15	1	1.39	0.76753	1	BP
GO:0080164	regulation of nitric oxide metabolic pro...	15	1	1.39	0.76753	1	BP
GO:0006809	nitric oxide biosynthetic process	15	1	1.39	0.76753	1	BP
GO:0048144	fibroblast proliferation	15	1	1.39	0.76753	1	BP
GO:0000271	polysaccharide biosynthetic process	15	1	1.39	0.76753	1	BP
GO:0019320	hexose catabolic process	15	1	1.39	0.76753	1	BP
GO:0051291	protein heterooligomerization	15	1	1.39	0.76753	1	BP
GO:0051250	negative regulation of lymphocyte activa...	15	1	1.39	0.76753	1	BP
GO:0031110	regulation of microtubule polymerization...	15	1	1.39	0.76753	1	BP
GO:0071715	icosanoid transport	15	1	1.39	0.76753	1	BP
GO:0060581	cell fate commitment involved in pattern...	15	1	1.39	0.76753	1	BP
GO:1901532	regulation of hematopoietic progenitor c...	15	1	1.39	0.76753	1	BP
GO:0006796	phosphate-containing compound metabolic ...	467	41	43.13	0.76825	1	BP
GO:0046907	intracellular transport	303	25	27.99	0.77084	1	BP
GO:0015711	organic anion transport	91	10	8.4	0.77086	1	BP
GO:0051668	localization within membrane	117	9	10.81	0.7709	1	BP
GO:0051345	positive regulation of hydrolase activit...	105	8	9.7	0.77124	1	BP
GO:0009314	response to radiation	105	8	9.7	0.77124	1	BP
GO:1901652	response to peptide	117	12	10.81	0.77314	1	BP
GO:0080134	regulation of response to stress	200	16	18.47	0.77437	1	BP
GO:0050900	leukocyte migration	43	3	3.97	0.77488	1	BP
GO:0009144	purine nucleoside triphosphate metabolic...	43	3	3.97	0.77488	1	BP
GO:1904396	regulation of neuromuscular junction dev...	43	3	3.97	0.77488	1	BP
GO:0009205	purine ribonucleoside triphosphate metab...	43	3	3.97	0.77488	1	BP
GO:0009266	response to temperature stimulus	81	6	7.48	0.77525	1	BP
GO:0051239	regulation of multicellular organismal p...	569	51	52.55	0.77578	1	BP
GO:0043062	extracellular structure organization	56	4	5.17	0.77595	1	BP
GO:0050877	nervous system process	255	23	23.55	0.77612	1	BP
GO:0001558	regulation of cell growth	84	8	7.76	0.77718	1	BP
GO:0007444	imaginal disc development	133	12	12.28	0.77723	1	BP
GO:0022409	positive regulation of cell-cell adhesio...	30	2	2.77	0.78086	1	BP
GO:0008589	regulation of smoothened signaling pathw...	30	2	2.77	0.78086	1	BP
GO:0003151	outflow tract morphogenesis	30	2	2.77	0.78086	1	BP
GO:0009566	fertilization	30	2	2.77	0.78086	1	BP
GO:0021675	nerve development	30	2	2.77	0.78086	1	BP
GO:0016482	cytosolic transport	30	2	2.77	0.78086	1	BP
GO:0097306	cellular response to alcohol	30	2	2.77	0.78086	1	BP
GO:0009411	response to UV	30	2	2.77	0.78086	1	BP
GO:0060563	neuroepithelial cell differentiation	30	2	2.77	0.78086	1	BP
GO:0099536	synaptic signaling	155	15	14.32	0.78475	1	BP
GO:0099537	trans-synaptic signaling	155	15	14.32	0.78475	1	BP
GO:0098916	anterograde trans-synaptic signaling	155	15	14.32	0.78475	1	BP
GO:0007268	chemical synaptic transmission	155	15	14.32	0.78475	1	BP
GO:0051049	regulation of transport	299	26	27.62	0.78558	1	BP
GO:0003300	cardiac muscle hypertrophy	18	3	1.66	0.78575	1	BP
GO:0014897	striated muscle hypertrophy	18	3	1.66	0.78575	1	BP
GO:0007049	cell cycle	340	28	31.4	0.78689	1	BP
GO:0009743	response to carbohydrate	57	4	5.26	0.78789	1	BP
GO:0009581	detection of external stimulus	57	4	5.26	0.78789	1	BP
GO:0042742	defense response to bacterium	57	4	5.26	0.78789	1	BP
GO:0009913	epidermal cell differentiation	57	4	5.26	0.78789	1	BP
GO:0044843	cell cycle G1/S phase transition	57	4	5.26	0.78789	1	BP
GO:0018108	peptidyl-tyrosine phosphorylation	57	4	5.26	0.78789	1	BP
GO:0018212	peptidyl-tyrosine modification	57	4	5.26	0.78789	1	BP
GO:0006793	phosphorus metabolic process	471	41	43.5	0.78794	1	BP
GO:1902850	microtubule cytoskeleton organization in...	44	3	4.06	0.78833	1	BP
GO:0120032	regulation of plasma membrane bounded ce...	44	3	4.06	0.78833	1	BP
GO:0060491	regulation of cell projection assembly	44	3	4.06	0.78833	1	BP
GO:0009199	ribonucleoside triphosphate metabolic pr...	44	3	4.06	0.78833	1	BP
GO:0051216	cartilage development	44	3	4.06	0.78833	1	BP
GO:0045927	positive regulation of growth	110	10	10.16	0.78871	1	BP
GO:0051865	protein autoubiquitination	16	1	1.48	0.78916	1	BP
GO:1902882	regulation of response to oxidative stre...	16	1	1.48	0.78916	1	BP
GO:0042177	negative regulation of protein catabolic...	16	1	1.48	0.78916	1	BP
GO:0001895	retina homeostasis	16	1	1.48	0.78916	1	BP
GO:0030539	male genitalia development	16	1	1.48	0.78916	1	BP
GO:0042274	ribosomal small subunit biogenesis	16	1	1.48	0.78916	1	BP
GO:0003148	outflow tract septum morphogenesis	16	1	1.48	0.78916	1	BP
GO:2001057	reactive nitrogen species metabolic proc...	16	1	1.48	0.78916	1	BP
GO:1903578	regulation of ATP metabolic process	16	1	1.48	0.78916	1	BP
GO:0034446	substrate adhesion-dependent cell spread...	16	1	1.48	0.78916	1	BP
GO:0033206	meiotic cytokinesis	16	1	1.48	0.78916	1	BP
GO:0035305	negative regulation of dephosphorylation	16	1	1.48	0.78916	1	BP
GO:0034103	regulation of tissue remodeling	16	1	1.48	0.78916	1	BP
GO:0010951	negative regulation of endopeptidase act...	16	1	1.48	0.78916	1	BP
GO:1905897	regulation of response to endoplasmic re...	16	1	1.48	0.78916	1	BP
GO:0044728	DNA methylation or demethylation	16	1	1.48	0.78916	1	BP
GO:0036473	cell death in response to oxidative stre...	16	1	1.48	0.78916	1	BP
GO:0007349	cellularization	16	1	1.48	0.78916	1	BP
GO:0062014	negative regulation of small molecule me...	16	1	1.48	0.78916	1	BP
GO:0090329	regulation of DNA-templated DNA replicat...	16	1	1.48	0.78916	1	BP
GO:0050432	catecholamine secretion	16	1	1.48	0.78916	1	BP
GO:0050433	regulation of catecholamine secretion	16	1	1.48	0.78916	1	BP
GO:0070192	chromosome organization involved in meio...	16	1	1.48	0.78916	1	BP
GO:0007280	pole cell migration	16	1	1.48	0.78916	1	BP
GO:0007229	integrin-mediated signaling pathway	16	1	1.48	0.78916	1	BP
GO:0007249	I-kappaB kinase/NF-kappaB signaling	16	1	1.48	0.78916	1	BP
GO:0043967	histone H4 acetylation	16	1	1.48	0.78916	1	BP
GO:0010466	negative regulation of peptidase activit...	16	1	1.48	0.78916	1	BP
GO:1903350	response to dopamine	16	1	1.48	0.78916	1	BP
GO:1903351	cellular response to dopamine	16	1	1.48	0.78916	1	BP
GO:0072337	modified amino acid transport	16	1	1.48	0.78916	1	BP
GO:0009156	ribonucleoside monophosphate biosyntheti...	16	1	1.48	0.78916	1	BP
GO:0098722	asymmetric stem cell division	16	1	1.48	0.78916	1	BP
GO:0014910	regulation of smooth muscle cell migrati...	16	1	1.48	0.78916	1	BP
GO:0050885	neuromuscular process controlling balanc...	16	1	1.48	0.78916	1	BP
GO:0014909	smooth muscle cell migration	16	1	1.48	0.78916	1	BP
GO:0051785	positive regulation of nuclear division	16	1	1.48	0.78916	1	BP
GO:0010717	regulation of epithelial to mesenchymal ...	16	1	1.48	0.78916	1	BP
GO:0035987	endodermal cell differentiation	16	1	1.48	0.78916	1	BP
GO:0009628	response to abiotic stimulus	286	31	26.42	0.79055	1	BP
GO:0009953	dorsal/ventral pattern formation	70	5	6.47	0.79075	1	BP
GO:0071705	nitrogen compound transport	338	32	31.22	0.79251	1	BP
GO:0044093	positive regulation of molecular functio...	254	22	23.46	0.79434	1	BP
GO:0099177	regulation of trans-synaptic signaling	107	11	9.88	0.79489	1	BP
GO:0050804	modulation of chemical synaptic transmis...	107	11	9.88	0.79489	1	BP
GO:0010469	regulation of signaling receptor activit...	47	5	4.34	0.79544	1	BP
GO:0021510	spinal cord development	31	2	2.86	0.79632	1	BP
GO:0000070	mitotic sister chromatid segregation	31	2	2.86	0.79632	1	BP
GO:0097480	establishment of synaptic vesicle locali...	31	2	2.86	0.79632	1	BP
GO:0060113	inner ear receptor cell differentiation	31	2	2.86	0.79632	1	BP
GO:1901216	positive regulation of neuron death	31	2	2.86	0.79632	1	BP
GO:1902105	regulation of leukocyte differentiation	31	2	2.86	0.79632	1	BP
GO:0009167	purine ribonucleoside monophosphate meta...	31	2	2.86	0.79632	1	BP
GO:0042335	cuticle development	31	2	2.86	0.79632	1	BP
GO:0090598	male anatomical structure morphogenesis	31	2	2.86	0.79632	1	BP
GO:0065004	protein-DNA complex assembly	31	2	2.86	0.79632	1	BP
GO:0002164	larval development	120	9	11.08	0.79642	1	BP
GO:0019221	cytokine-mediated signaling pathway	58	4	5.36	0.79932	1	BP
GO:0033044	regulation of chromosome organization	58	4	5.36	0.79932	1	BP
GO:0048872	homeostasis of number of cells	58	4	5.36	0.79932	1	BP
GO:0072521	purine-containing compound metabolic pro...	96	7	8.87	0.80054	1	BP
GO:0016055	Wnt signaling pathway	96	7	8.87	0.80054	1	BP
GO:0062197	cellular response to chemical stress	71	5	6.56	0.8011	1	BP
GO:0031647	regulation of protein stability	45	3	4.16	0.80111	1	BP
GO:0051054	positive regulation of DNA metabolic pro...	45	3	4.16	0.80111	1	BP
GO:0016197	endosomal transport	45	3	4.16	0.80111	1	BP
GO:0001764	neuron migration	45	3	4.16	0.80111	1	BP
GO:0035150	regulation of tube size	61	6	5.63	0.80388	1	BP
GO:0010608	post-transcriptional regulation of gene ...	74	7	6.83	0.80397	1	BP
GO:0071345	cellular response to cytokine stimulus	121	9	11.18	0.80444	1	BP
GO:0071407	cellular response to organic cyclic comp...	121	9	11.18	0.80444	1	BP
GO:0045087	innate immune response	84	6	7.76	0.80469	1	BP
GO:0016358	dendrite development	84	6	7.76	0.80469	1	BP
GO:0061013	regulation of mRNA catabolic process	19	3	1.75	0.80551	1	BP
GO:0014896	muscle hypertrophy	19	3	1.75	0.80551	1	BP
GO:0007186	G protein-coupled receptor signaling pat...	133	14	12.28	0.8059	1	BP
GO:1901607	alpha-amino acid biosynthetic process	17	1	1.57	0.80879	1	BP
GO:0043488	regulation of mRNA stability	17	1	1.57	0.80879	1	BP
GO:0090630	activation of GTPase activity	17	1	1.57	0.80879	1	BP
GO:1903708	positive regulation of hemopoiesis	17	1	1.57	0.80879	1	BP
GO:0003281	ventricular septum development	17	1	1.57	0.80879	1	BP
GO:0019674	NAD metabolic process	17	1	1.57	0.80879	1	BP
GO:0006334	nucleosome assembly	17	1	1.57	0.80879	1	BP
GO:0035194	post-transcriptional gene silencing by R...	17	1	1.57	0.80879	1	BP
GO:0010092	specification of animal organ identity	17	1	1.57	0.80879	1	BP
GO:0007379	segment specification	17	1	1.57	0.80879	1	BP
GO:0021983	pituitary gland development	17	1	1.57	0.80879	1	BP
GO:0035215	genital disc development	17	1	1.57	0.80879	1	BP
GO:0009066	aspartate family amino acid metabolic pr...	17	1	1.57	0.80879	1	BP
GO:0007304	chorion-containing eggshell formation	17	1	1.57	0.80879	1	BP
GO:0016441	post-transcriptional gene silencing	17	1	1.57	0.80879	1	BP
GO:0043620	regulation of DNA-templated transcriptio...	17	1	1.57	0.80879	1	BP
GO:0043618	regulation of transcription from RNA pol...	17	1	1.57	0.80879	1	BP
GO:0060350	endochondral bone morphogenesis	17	1	1.57	0.80879	1	BP
GO:2001251	negative regulation of chromosome organi...	17	1	1.57	0.80879	1	BP
GO:0032092	positive regulation of protein binding	17	1	1.57	0.80879	1	BP
GO:0007274	neuromuscular synaptic transmission	17	1	1.57	0.80879	1	BP
GO:0090101	negative regulation of transmembrane rec...	17	1	1.57	0.80879	1	BP
GO:0051781	positive regulation of cell division	17	1	1.57	0.80879	1	BP
GO:0055083	monovalent inorganic anion homeostasis	17	1	1.57	0.80879	1	BP
GO:0007423	sensory organ development	217	17	20.04	0.80891	1	BP
GO:0198738	cell-cell signaling by wnt	97	7	8.96	0.80927	1	BP
GO:0033500	carbohydrate homeostasis	59	4	5.45	0.81025	1	BP
GO:0051402	neuron apoptotic process	59	4	5.45	0.81025	1	BP
GO:0007292	female gamete generation	158	12	14.59	0.81029	1	BP
GO:0043279	response to alkaloid	32	2	2.96	0.81081	1	BP
GO:0002696	positive regulation of leukocyte activat...	32	2	2.96	0.81081	1	BP
GO:0006479	protein methylation	32	2	2.96	0.81081	1	BP
GO:0060348	bone development	32	2	2.96	0.81081	1	BP
GO:0006261	DNA-templated DNA replication	32	2	2.96	0.81081	1	BP
GO:0045861	negative regulation of proteolysis	32	2	2.96	0.81081	1	BP
GO:2001242	regulation of intrinsic apoptotic signal...	32	2	2.96	0.81081	1	BP
GO:0006821	chloride transport	32	2	2.96	0.81081	1	BP
GO:0008213	protein alkylation	32	2	2.96	0.81081	1	BP
GO:0009126	purine nucleoside monophosphate metaboli...	32	2	2.96	0.81081	1	BP
GO:0048704	embryonic skeletal system morphogenesis	32	2	2.96	0.81081	1	BP
GO:0072006	nephron development	46	3	4.25	0.81325	1	BP
GO:0009141	nucleoside triphosphate metabolic proces...	46	3	4.25	0.81325	1	BP
GO:0034097	response to cytokine	135	10	12.47	0.81826	1	BP
GO:0050794	regulation of cellular process	1290	118	119.15	0.81856	1	BP
GO:0045597	positive regulation of cell differentiat...	187	16	17.27	0.8189	1	BP
GO:0007568	aging	123	9	11.36	0.8198	1	BP
GO:0001503	ossification	73	5	6.74	0.82059	1	BP
GO:0030111	regulation of Wnt signaling pathway	73	5	6.74	0.82059	1	BP
GO:0016570	histone modification	73	5	6.74	0.82059	1	BP
GO:1903706	regulation of hemopoiesis	60	4	5.54	0.82069	1	BP
GO:0009582	detection of abiotic stimulus	60	4	5.54	0.82069	1	BP
GO:0007267	cell-cell signaling	304	27	28.08	0.82136	1	BP
GO:0009792	embryo development ending in birth or eg...	231	18	21.34	0.82215	1	BP
GO:0002119	nematode larval development	86	6	7.94	0.82261	1	BP
GO:0030163	protein catabolic process	148	11	13.67	0.82426	1	BP
GO:1901657	glycosyl compound metabolic process	33	2	3.05	0.82437	1	BP
GO:0018991	oviposition	33	2	3.05	0.82437	1	BP
GO:0006413	translational initiation	33	2	3.05	0.82437	1	BP
GO:0035218	leg disc development	33	2	3.05	0.82437	1	BP
GO:0007266	Rho protein signal transduction	33	2	3.05	0.82437	1	BP
GO:0030308	negative regulation of cell growth	33	2	3.05	0.82437	1	BP
GO:0090263	positive regulation of canonical Wnt sig...	33	2	3.05	0.82437	1	BP
GO:0050867	positive regulation of cell activation	33	2	3.05	0.82437	1	BP
GO:0042490	mechanoreceptor differentiation	33	2	3.05	0.82437	1	BP
GO:0032434	regulation of proteasomal ubiquitin-depe...	33	2	3.05	0.82437	1	BP
GO:0002237	response to molecule of bacterial origin	47	3	4.34	0.82475	1	BP
GO:0048663	neuron fate commitment	47	3	4.34	0.82475	1	BP
GO:0043434	response to peptide hormone	99	7	9.14	0.82586	1	BP
GO:0008584	male gonad development	18	1	1.66	0.82661	1	BP
GO:0043487	regulation of RNA stability	18	1	1.66	0.82661	1	BP
GO:1903725	regulation of phospholipid metabolic pro...	18	1	1.66	0.82661	1	BP
GO:0032507	maintenance of protein location in cell	18	1	1.66	0.82661	1	BP
GO:0051937	catecholamine transport	18	1	1.66	0.82661	1	BP
GO:0035162	embryonic hemopoiesis	18	1	1.66	0.82661	1	BP
GO:0034754	cellular hormone metabolic process	18	1	1.66	0.82661	1	BP
GO:0018022	peptidyl-lysine methylation	18	1	1.66	0.82661	1	BP
GO:0045727	positive regulation of translation	18	1	1.66	0.82661	1	BP
GO:0030316	osteoclast differentiation	18	1	1.66	0.82661	1	BP
GO:0030317	flagellated sperm motility	18	1	1.66	0.82661	1	BP
GO:0097722	sperm motility	18	1	1.66	0.82661	1	BP
GO:0090100	positive regulation of transmembrane rec...	18	1	1.66	0.82661	1	BP
GO:0046546	development of primary male sexual chara...	18	1	1.66	0.82661	1	BP
GO:0008203	cholesterol metabolic process	18	1	1.66	0.82661	1	BP
GO:0071260	cellular response to mechanical stimulus	18	1	1.66	0.82661	1	BP
GO:0031123	RNA 3'-end processing	18	1	1.66	0.82661	1	BP
GO:0070542	response to fatty acid	18	1	1.66	0.82661	1	BP
GO:0007608	sensory perception of smell	18	1	1.66	0.82661	1	BP
GO:0010646	regulation of cell communication	550	50	50.8	0.82757	1	BP
GO:0015031	protein transport	260	22	24.01	0.82788	1	BP
GO:0045595	regulation of cell differentiation	342	29	31.59	0.82823	1	BP
GO:0042592	homeostatic process	319	30	29.46	0.82971	1	BP
GO:0010639	negative regulation of organelle organiz...	74	5	6.83	0.82975	1	BP
GO:0006811	ion transport	286	27	26.42	0.83023	1	BP
GO:0071695	anatomical structure maturation	87	6	8.04	0.83108	1	BP
GO:0014070	response to organic cyclic compound	209	16	19.3	0.83117	1	BP
GO:0051050	positive regulation of transport	177	15	16.35	0.83167	1	BP
GO:0098542	defense response to other organism	137	10	12.65	0.83221	1	BP
GO:0001655	urogenital system development	100	7	9.24	0.83372	1	BP
GO:0035295	tube development	320	27	29.56	0.83433	1	BP
GO:0072593	reactive oxygen species metabolic proces...	48	3	4.43	0.83565	1	BP
GO:0051963	regulation of synapse assembly	48	3	4.43	0.83565	1	BP
GO:0099003	vesicle-mediated transport in synapse	48	3	4.43	0.83565	1	BP
GO:0050796	regulation of insulin secretion	48	3	4.43	0.83565	1	BP
GO:0002009	morphogenesis of an epithelium	257	20	23.74	0.83579	1	BP
GO:0010648	negative regulation of cell communicatio...	272	25	25.12	0.83626	1	BP
GO:0023057	negative regulation of signaling	272	25	25.12	0.83626	1	BP
GO:1902806	regulation of cell cycle G1/S phase tran...	34	2	3.14	0.83706	1	BP
GO:0001841	neural tube formation	34	2	3.14	0.83706	1	BP
GO:0010171	body morphogenesis	34	2	3.14	0.83706	1	BP
GO:0009161	ribonucleoside monophosphate metabolic p...	34	2	3.14	0.83706	1	BP
GO:0007588	excretion	34	2	3.14	0.83706	1	BP
GO:0048732	gland development	150	11	13.85	0.83738	1	BP
GO:0007600	sensory perception	150	11	13.85	0.83738	1	BP
GO:0043500	muscle adaptation	21	3	1.94	0.83974	1	BP
GO:0045229	external encapsulating structure organiz...	62	4	5.73	0.84017	1	BP
GO:0022604	regulation of cell morphogenesis	101	7	9.33	0.84131	1	BP
GO:0002221	pattern recognition receptor signaling p...	19	1	1.75	0.84277	1	BP
GO:0019730	antimicrobial humoral response	19	1	1.75	0.84277	1	BP
GO:0001578	microtubule bundle formation	19	1	1.75	0.84277	1	BP
GO:0002703	regulation of leukocyte mediated immunit...	19	1	1.75	0.84277	1	BP
GO:0002695	negative regulation of leukocyte activat...	19	1	1.75	0.84277	1	BP
GO:0002685	regulation of leukocyte migration	19	1	1.75	0.84277	1	BP
GO:0045446	endothelial cell differentiation	19	1	1.75	0.84277	1	BP
GO:0000041	transition metal ion transport	19	1	1.75	0.84277	1	BP
GO:0061062	regulation of nematode larval developmen...	19	1	1.75	0.84277	1	BP
GO:0001938	positive regulation of endothelial cell ...	19	1	1.75	0.84277	1	BP
GO:0061077	chaperone-mediated protein folding	19	1	1.75	0.84277	1	BP
GO:0006892	post-Golgi vesicle-mediated transport	19	1	1.75	0.84277	1	BP
GO:1903305	regulation of regulated secretory pathwa...	19	1	1.75	0.84277	1	BP
GO:1903426	regulation of reactive oxygen species bi...	19	1	1.75	0.84277	1	BP
GO:0023051	regulation of signaling	554	50	51.17	0.84307	1	BP
GO:0006650	glycerophospholipid metabolic process	65	6	6	0.84359	1	BP
GO:0043066	negative regulation of apoptotic process	151	11	13.95	0.84366	1	BP
GO:0048608	reproductive structure development	114	8	10.53	0.84426	1	BP
GO:0051603	proteolysis involved in protein cataboli...	114	8	10.53	0.84426	1	BP
GO:0003014	renal system process	37	4	3.42	0.84483	1	BP
GO:1901605	alpha-amino acid metabolic process	49	3	4.53	0.84597	1	BP
GO:0002683	negative regulation of immune system pro...	49	3	4.53	0.84597	1	BP
GO:1990138	neuron projection extension	49	3	4.53	0.84597	1	BP
GO:0030198	extracellular matrix organization	49	3	4.53	0.84597	1	BP
GO:0048469	cell maturation	76	5	7.02	0.84694	1	BP
GO:0031346	positive regulation of cell projection o...	89	6	8.22	0.84705	1	BP
GO:0007276	gamete generation	271	21	25.03	0.84705	1	BP
GO:0048729	tissue morphogenesis	271	21	25.03	0.84705	1	BP
GO:0008015	blood circulation	107	13	9.88	0.84831	1	BP
GO:0032271	regulation of protein polymerization	35	2	3.23	0.84892	1	BP
GO:0035270	endocrine system development	35	2	3.23	0.84892	1	BP
GO:0045814	negative regulation of gene expression, ...	35	2	3.23	0.84892	1	BP
GO:0006839	mitochondrial transport	35	2	3.23	0.84892	1	BP
GO:0045667	regulation of osteoblast differentiation	35	2	3.23	0.84892	1	BP
GO:0006611	protein export from nucleus	35	2	3.23	0.84892	1	BP
GO:0008277	regulation of G protein-coupled receptor...	29	6	2.68	0.85068	1	BP
GO:0035265	organ growth	52	5	4.8	0.8509	1	BP
GO:0071417	cellular response to organonitrogen comp...	140	10	12.93	0.8516	1	BP
GO:0050793	regulation of developmental process	498	42	46	0.85416	1	BP
GO:0046622	positive regulation of organ growth	22	3	2.03	0.85454	1	BP
GO:0043069	negative regulation of programmed cell d...	153	11	14.13	0.85566	1	BP
GO:0009994	oocyte differentiation	50	3	4.62	0.85572	1	BP
GO:0032273	positive regulation of protein polymeriz...	20	1	1.85	0.85743	1	BP
GO:0046031	ADP metabolic process	20	1	1.85	0.85743	1	BP
GO:0043280	positive regulation of cysteine-type end...	20	1	1.85	0.85743	1	BP
GO:0097061	dendritic spine organization	20	1	1.85	0.85743	1	BP
GO:0140029	exocytic process	20	1	1.85	0.85743	1	BP
GO:0006304	DNA modification	20	1	1.85	0.85743	1	BP
GO:0006289	nucleotide-excision repair	20	1	1.85	0.85743	1	BP
GO:0031047	gene silencing by RNA	20	1	1.85	0.85743	1	BP
GO:0015844	monoamine transport	20	1	1.85	0.85743	1	BP
GO:0042059	negative regulation of epidermal growth ...	20	1	1.85	0.85743	1	BP
GO:0051341	regulation of oxidoreductase activity	20	1	1.85	0.85743	1	BP
GO:1901185	negative regulation of ERBB signaling pa...	20	1	1.85	0.85743	1	BP
GO:0051304	chromosome separation	20	1	1.85	0.85743	1	BP
GO:0060294	cilium movement involved in cell motilit...	20	1	1.85	0.85743	1	BP
GO:0071166	ribonucleoprotein complex localization	20	1	1.85	0.85743	1	BP
GO:0033045	regulation of sister chromatid segregati...	20	1	1.85	0.85743	1	BP
GO:0048259	regulation of receptor-mediated endocyto...	20	1	1.85	0.85743	1	BP
GO:0051294	establishment of spindle orientation	20	1	1.85	0.85743	1	BP
GO:1903409	reactive oxygen species biosynthetic pro...	20	1	1.85	0.85743	1	BP
GO:0009268	response to pH	20	1	1.85	0.85743	1	BP
GO:0048730	epidermis morphogenesis	20	1	1.85	0.85743	1	BP
GO:0031109	microtubule polymerization or depolymeri...	20	1	1.85	0.85743	1	BP
GO:0106027	neuron projection organization	20	1	1.85	0.85743	1	BP
GO:0030865	cortical cytoskeleton organization	20	1	1.85	0.85743	1	BP
GO:0061458	reproductive system development	116	8	10.71	0.85771	1	BP
GO:0048871	multicellular organismal homeostasis	70	7	6.47	0.85863	1	BP
GO:0002682	regulation of immune system process	166	12	15.33	0.85984	1	BP
GO:0001736	establishment of planar polarity	36	2	3.33	0.86	1	BP
GO:0002573	myeloid leukocyte differentiation	36	2	3.33	0.86	1	BP
GO:0007164	establishment of tissue polarity	36	2	3.33	0.86	1	BP
GO:0071326	cellular response to monosaccharide stim...	36	2	3.33	0.86	1	BP
GO:0071331	cellular response to hexose stimulus	36	2	3.33	0.86	1	BP
GO:0071333	cellular response to glucose stimulus	36	2	3.33	0.86	1	BP
GO:1901699	cellular response to nitrogen compound	154	11	14.22	0.86139	1	BP
GO:0019953	sexual reproduction	321	25	29.65	0.86153	1	BP
GO:0071310	cellular response to organic substance	402	32	37.13	0.8617	1	BP
GO:0021700	developmental maturation	104	7	9.61	0.86243	1	BP
GO:0003013	circulatory system process	109	13	10.07	0.86251	1	BP
GO:0009887	animal organ morphogenesis	333	26	30.76	0.863	1	BP
GO:0090257	regulation of muscle system process	45	6	4.16	0.86346	1	BP
GO:0009746	response to hexose	51	3	4.71	0.86493	1	BP
GO:0042303	molting cycle	51	3	4.71	0.86493	1	BP
GO:0001775	cell activation	167	12	15.42	0.86526	1	BP
GO:0060048	cardiac muscle contraction	29	5	2.68	0.86573	1	BP
GO:0006941	striated muscle contraction	31	5	2.86	0.86601	1	BP
GO:0030099	myeloid cell differentiation	65	4	6	0.86606	1	BP
GO:1901565	organonitrogen compound catabolic proces...	220	18	20.32	0.86694	1	BP
GO:0050789	regulation of biological process	1371	124	126.63	0.86718	1	BP
GO:2001257	regulation of cation channel activity	23	3	2.12	0.86797	1	BP
GO:0009607	response to biotic stimulus	192	14	17.73	0.86834	1	BP
GO:0072001	renal system development	92	6	8.5	0.8687	1	BP
GO:0010035	response to inorganic substance	149	13	13.76	0.86882	1	BP
GO:2000058	regulation of ubiquitin-dependent protei...	37	2	3.42	0.87033	1	BP
GO:0001678	cellular glucose homeostasis	37	2	3.42	0.87033	1	BP
GO:0046887	positive regulation of hormone secretion	37	2	3.42	0.87033	1	BP
GO:0061136	regulation of proteasomal protein catabo...	37	2	3.42	0.87033	1	BP
GO:0050773	regulation of dendrite development	37	2	3.42	0.87033	1	BP
GO:0055002	striated muscle cell development	37	2	3.42	0.87033	1	BP
GO:0010033	response to organic substance	514	44	47.47	0.87046	1	BP
GO:0071870	cellular response to catecholamine stimu...	21	1	1.94	0.87073	1	BP
GO:0050670	regulation of lymphocyte proliferation	21	1	1.94	0.87073	1	BP
GO:0048520	positive regulation of behavior	21	1	1.94	0.87073	1	BP
GO:0051591	response to cAMP	21	1	1.94	0.87073	1	BP
GO:0008652	cellular amino acid biosynthetic process	21	1	1.94	0.87073	1	BP
GO:1903707	negative regulation of hemopoiesis	21	1	1.94	0.87073	1	BP
GO:0046939	nucleotide phosphorylation	21	1	1.94	0.87073	1	BP
GO:0001570	vasculogenesis	21	1	1.94	0.87073	1	BP
GO:2001056	positive regulation of cysteine-type end...	21	1	1.94	0.87073	1	BP
GO:0001656	metanephros development	21	1	1.94	0.87073	1	BP
GO:1900006	positive regulation of dendrite developm...	21	1	1.94	0.87073	1	BP
GO:0045132	meiotic chromosome segregation	21	1	1.94	0.87073	1	BP
GO:0016319	mushroom body development	21	1	1.94	0.87073	1	BP
GO:0001936	regulation of endothelial cell prolifera...	21	1	1.94	0.87073	1	BP
GO:0006165	nucleoside diphosphate phosphorylation	21	1	1.94	0.87073	1	BP
GO:0014812	muscle cell migration	21	1	1.94	0.87073	1	BP
GO:0032944	regulation of mononuclear cell prolifera...	21	1	1.94	0.87073	1	BP
GO:0071300	cellular response to retinoic acid	21	1	1.94	0.87073	1	BP
GO:0035567	non-canonical Wnt signaling pathway	21	1	1.94	0.87073	1	BP
GO:1990748	cellular detoxification	21	1	1.94	0.87073	1	BP
GO:0046822	regulation of nucleocytoplasmic transpor...	21	1	1.94	0.87073	1	BP
GO:0060218	hematopoietic stem cell differentiation	21	1	1.94	0.87073	1	BP
GO:0055076	transition metal ion homeostasis	21	1	1.94	0.87073	1	BP
GO:1901570	fatty acid derivative biosynthetic proce...	21	1	1.94	0.87073	1	BP
GO:0071868	cellular response to monoamine stimulus	21	1	1.94	0.87073	1	BP
GO:0071869	response to catecholamine	21	1	1.94	0.87073	1	BP
GO:0031331	positive regulation of cellular cataboli...	82	7	7.57	0.8715	1	BP
GO:0034284	response to monosaccharide	52	3	4.8	0.87362	1	BP
GO:0034504	protein localization to nucleus	52	3	4.8	0.87362	1	BP
GO:0048583	regulation of response to stimulus	598	52	55.23	0.87405	1	BP
GO:0045664	regulation of neuron differentiation	169	12	15.61	0.87561	1	BP
GO:0040012	regulation of locomotion	206	15	19.03	0.87722	1	BP
GO:0061640	cytoskeleton-dependent cytokinesis	38	2	3.51	0.87996	1	BP
GO:0007088	regulation of mitotic nuclear division	38	2	3.51	0.87996	1	BP
GO:0090092	regulation of transmembrane receptor pro...	38	2	3.51	0.87996	1	BP
GO:0045807	positive regulation of endocytosis	38	2	3.51	0.87996	1	BP
GO:0030177	positive regulation of Wnt signaling pat...	38	2	3.51	0.87996	1	BP
GO:0051168	nuclear export	38	2	3.51	0.87996	1	BP
GO:0071103	DNA conformation change	38	2	3.51	0.87996	1	BP
GO:0060420	regulation of heart growth	24	3	2.22	0.88018	1	BP
GO:0009719	response to endogenous stimulus	326	25	30.11	0.88126	1	BP
GO:1901888	regulation of cell junction assembly	67	4	6.19	0.88126	1	BP
GO:0045666	positive regulation of neuron differenti...	94	6	8.68	0.88168	1	BP
GO:0043547	positive regulation of GTPase activity	53	3	4.9	0.88182	1	BP
GO:0021953	central nervous system neuron differenti...	53	3	4.9	0.88182	1	BP
GO:0015698	inorganic anion transport	53	3	4.9	0.88182	1	BP
GO:0000209	protein polyubiquitination	53	3	4.9	0.88182	1	BP
GO:0009896	positive regulation of catabolic process	97	8	8.96	0.88204	1	BP
GO:0009966	regulation of signal transduction	473	41	43.69	0.8824	1	BP
GO:0120035	regulation of plasma membrane bounded ce...	158	11	14.59	0.88253	1	BP
GO:0010660	regulation of muscle cell apoptotic proc...	22	1	2.03	0.88279	1	BP
GO:0010657	muscle cell apoptotic process	22	1	2.03	0.88279	1	BP
GO:0001935	endothelial cell proliferation	22	1	2.03	0.88279	1	BP
GO:0002011	morphogenesis of an epithelial sheet	22	1	2.03	0.88279	1	BP
GO:0071347	cellular response to interleukin-1	22	1	2.03	0.88279	1	BP
GO:0090102	cochlea development	22	1	2.03	0.88279	1	BP
GO:0051145	smooth muscle cell differentiation	22	1	2.03	0.88279	1	BP
GO:0016571	histone methylation	22	1	2.03	0.88279	1	BP
GO:1904375	regulation of protein localization to ce...	22	1	2.03	0.88279	1	BP
GO:0070663	regulation of leukocyte proliferation	22	1	2.03	0.88279	1	BP
GO:0045184	establishment of protein localization	272	22	25.12	0.88285	1	BP
GO:0065003	protein-containing complex assembly	303	23	27.99	0.88319	1	BP
GO:0000226	microtubule cytoskeleton organization	133	9	12.28	0.88321	1	BP
GO:0019637	organophosphate metabolic process	187	15	17.27	0.88458	1	BP
GO:0046620	regulation of organ growth	41	4	3.79	0.88547	1	BP
GO:0010975	regulation of neuron projection developm...	121	8	11.18	0.88731	1	BP
GO:0031344	regulation of cell projection organizati...	159	11	14.69	0.8874	1	BP
GO:0001649	osteoblast differentiation	39	2	3.6	0.88893	1	BP
GO:0035315	hair cell differentiation	39	2	3.6	0.88893	1	BP
GO:0071236	cellular response to antibiotic	39	2	3.6	0.88893	1	BP
GO:0071495	cellular response to endogenous stimulus	269	20	24.85	0.8892	1	BP
GO:0030707	ovarian follicle cell development	54	3	4.99	0.88954	1	BP
GO:0045165	cell fate commitment	147	10	13.58	0.89006	1	BP
GO:0009416	response to light stimulus	82	5	7.57	0.89014	1	BP
GO:0050776	regulation of immune response	82	5	7.57	0.89014	1	BP
GO:0008610	lipid biosynthetic process	125	10	11.55	0.89147	1	BP
GO:0006820	anion transport	133	12	12.28	0.89186	1	BP
GO:0000278	mitotic cell cycle	222	16	20.5	0.89371	1	BP
GO:0001706	endoderm formation	23	1	2.12	0.89374	1	BP
GO:0042133	neurotransmitter metabolic process	23	1	2.12	0.89374	1	BP
GO:1901606	alpha-amino acid catabolic process	23	1	2.12	0.89374	1	BP
GO:0003158	endothelium development	23	1	2.12	0.89374	1	BP
GO:0009584	detection of visible light	23	1	2.12	0.89374	1	BP
GO:0042755	eating behavior	23	1	2.12	0.89374	1	BP
GO:0010623	programmed cell death involved in cell d...	23	1	2.12	0.89374	1	BP
GO:0001658	branching involved in ureteric bud morph...	23	1	2.12	0.89374	1	BP
GO:0048015	phosphatidylinositol-mediated signaling	23	1	2.12	0.89374	1	BP
GO:0048017	inositol lipid-mediated signaling	23	1	2.12	0.89374	1	BP
GO:0043525	positive regulation of neuron apoptotic ...	23	1	2.12	0.89374	1	BP
GO:0031056	regulation of histone modification	23	1	2.12	0.89374	1	BP
GO:0031016	pancreas development	23	1	2.12	0.89374	1	BP
GO:0002088	lens development in camera-type eye	23	1	2.12	0.89374	1	BP
GO:0051293	establishment of spindle localization	23	1	2.12	0.89374	1	BP
GO:0009179	purine ribonucleoside diphosphate metabo...	23	1	2.12	0.89374	1	BP
GO:0009135	purine nucleoside diphosphate metabolic ...	23	1	2.12	0.89374	1	BP
GO:0048701	embryonic cranial skeleton morphogenesis	23	1	2.12	0.89374	1	BP
GO:0030703	eggshell formation	23	1	2.12	0.89374	1	BP
GO:0045862	positive regulation of proteolysis	69	4	6.37	0.89496	1	BP
GO:0032879	regulation of localization	441	36	40.73	0.89525	1	BP
GO:0032886	regulation of microtubule-based process	55	3	5.08	0.89682	1	BP
GO:0045665	negative regulation of neuron differenti...	55	3	5.08	0.89682	1	BP
GO:0043207	response to external biotic stimulus	186	13	17.18	0.89693	1	BP
GO:0051707	response to other organism	186	13	17.18	0.89693	1	BP
GO:0009968	negative regulation of signal transducti...	237	21	21.89	0.89715	1	BP
GO:0033157	regulation of intracellular protein tran...	40	2	3.69	0.89727	1	BP
GO:0030336	negative regulation of cell migration	40	2	3.69	0.89727	1	BP
GO:0007224	smoothened signaling pathway	40	2	3.69	0.89727	1	BP
GO:0044419	biological process involved in interspec...	223	16	20.6	0.89764	1	BP
GO:0051241	negative regulation of multicellular org...	223	16	20.6	0.89764	1	BP
GO:0006950	response to stress	597	57	55.14	0.89789	1	BP
GO:0002684	positive regulation of immune system pro...	84	5	7.76	0.90201	1	BP
GO:0007167	enzyme-linked receptor protein signaling...	175	12	16.16	0.90292	1	BP
GO:0051301	cell division	111	7	10.25	0.90292	1	BP
GO:0042593	glucose homeostasis	56	3	5.17	0.90366	1	BP
GO:0050778	positive regulation of immune response	56	3	5.17	0.90366	1	BP
GO:0051653	spindle localization	24	1	2.22	0.90367	1	BP
GO:0010970	transport along microtubule	24	1	2.22	0.90367	1	BP
GO:0006405	RNA export from nucleus	24	1	2.22	0.90367	1	BP
GO:0006275	regulation of DNA replication	24	1	2.22	0.90367	1	BP
GO:0099173	postsynapse organization	24	1	2.22	0.90367	1	BP
GO:0098754	detoxification	24	1	2.22	0.90367	1	BP
GO:0043473	pigmentation	41	2	3.79	0.90504	1	BP
GO:1903050	regulation of proteolysis involved in pr...	41	2	3.79	0.90504	1	BP
GO:0010647	positive regulation of cell communicatio...	288	24	26.6	0.90504	1	BP
GO:0023056	positive regulation of signaling	288	24	26.6	0.90504	1	BP
GO:1903047	mitotic cell cycle process	176	12	16.26	0.90696	1	BP
GO:0021537	telencephalon development	71	4	6.56	0.90725	1	BP
GO:0060560	developmental growth involved in morphog...	85	5	7.85	0.90752	1	BP
GO:0050708	regulation of protein secretion	88	7	8.13	0.9083	1	BP
GO:0033036	macromolecule localization	469	38	43.32	0.90874	1	BP
GO:0034249	negative regulation of cellular amide me...	27	3	2.49	0.91045	1	BP
GO:0060419	heart growth	27	3	2.49	0.91045	1	BP
GO:0009605	response to external stimulus	493	42	45.53	0.91075	1	BP
GO:0001738	morphogenesis of a polarized epithelium	42	2	3.88	0.91225	1	BP
GO:0001837	epithelial to mesenchymal transition	42	2	3.88	0.91225	1	BP
GO:0001838	embryonic epithelial tube formation	42	2	3.88	0.91225	1	BP
GO:0006959	humoral immune response	25	1	2.31	0.91267	1	BP
GO:0009620	response to fungus	25	1	2.31	0.91267	1	BP
GO:0042659	regulation of cell fate specification	25	1	2.31	0.91267	1	BP
GO:0008045	motor neuron axon guidance	25	1	2.31	0.91267	1	BP
GO:0040018	positive regulation of multicellular org...	25	1	2.31	0.91267	1	BP
GO:0034728	nucleosome organization	25	1	2.31	0.91267	1	BP
GO:0090316	positive regulation of intracellular pro...	25	1	2.31	0.91267	1	BP
GO:0006888	endoplasmic reticulum to Golgi vesicle-m...	25	1	2.31	0.91267	1	BP
GO:0071466	cellular response to xenobiotic stimulus	25	1	2.31	0.91267	1	BP
GO:0050848	regulation of calcium-mediated signaling	25	1	2.31	0.91267	1	BP
GO:0070555	response to interleukin-1	25	1	2.31	0.91267	1	BP
GO:1901568	fatty acid derivative metabolic process	25	1	2.31	0.91267	1	BP
GO:0098609	cell-cell adhesion	86	5	7.94	0.91277	1	BP
GO:0043254	regulation of protein-containing complex...	72	4	6.65	0.91291	1	BP
GO:0048585	negative regulation of response to stimu...	279	24	25.77	0.91355	1	BP
GO:0070887	cellular response to chemical stimulus	476	37	43.96	0.91394	1	BP
GO:0006644	phospholipid metabolic process	75	6	6.93	0.9144	1	BP
GO:0030100	regulation of endocytosis	58	3	5.36	0.91613	1	BP
GO:0000003	reproduction	454	35	41.93	0.91675	1	BP
GO:0046677	response to antibiotic	114	7	10.53	0.91692	1	BP
GO:0030155	regulation of cell adhesion	87	5	8.04	0.91775	1	BP
GO:1901701	cellular response to oxygen-containing c...	204	14	18.84	0.91802	1	BP
GO:0048706	embryonic skeletal system development	43	2	3.97	0.91895	1	BP
GO:0042472	inner ear morphogenesis	43	2	3.97	0.91895	1	BP
GO:0048562	embryonic organ morphogenesis	101	6	9.33	0.91896	1	BP
GO:0044089	positive regulation of cellular componen...	101	6	9.33	0.91896	1	BP
GO:0010243	response to organonitrogen compound	218	18	20.13	0.91986	1	BP
GO:0051640	organelle localization	154	10	14.22	0.92	1	BP
GO:0021879	forebrain neuron differentiation	26	1	2.4	0.92084	1	BP
GO:0046496	nicotinamide nucleotide metabolic proces...	26	1	2.4	0.92084	1	BP
GO:2000736	regulation of stem cell differentiation	26	1	2.4	0.92084	1	BP
GO:0006766	vitamin metabolic process	26	1	2.4	0.92084	1	BP
GO:0007297	ovarian follicle cell migration	26	1	2.4	0.92084	1	BP
GO:0007298	border follicle cell migration	26	1	2.4	0.92084	1	BP
GO:0019362	pyridine nucleotide metabolic process	26	1	2.4	0.92084	1	BP
GO:0009116	nucleoside metabolic process	26	1	2.4	0.92084	1	BP
GO:0009119	ribonucleoside metabolic process	26	1	2.4	0.92084	1	BP
GO:0040008	regulation of growth	209	16	19.3	0.92127	1	BP
GO:0051130	positive regulation of cellular componen...	222	17	20.5	0.92267	1	BP
GO:0016192	vesicle-mediated transport	316	23	29.19	0.92486	1	BP
GO:0048599	oocyte development	44	2	4.06	0.92517	1	BP
GO:0006909	phagocytosis	44	2	4.06	0.92517	1	BP
GO:0048640	negative regulation of developmental gro...	44	2	4.06	0.92517	1	BP
GO:2000146	negative regulation of cell motility	44	2	4.06	0.92517	1	BP
GO:0051258	protein polymerization	44	2	4.06	0.92517	1	BP
GO:0034599	cellular response to oxidative stress	60	3	5.54	0.92713	1	BP
GO:1990778	protein localization to cell periphery	60	3	5.54	0.92713	1	BP
GO:0043087	regulation of GTPase activity	60	3	5.54	0.92713	1	BP
GO:0034330	cell junction organization	156	10	14.41	0.92718	1	BP
GO:0048477	oogenesis	143	9	13.21	0.92719	1	BP
GO:1901700	response to oxygen-containing compound	320	26	29.56	0.92729	1	BP
GO:0016071	mRNA metabolic process	92	7	8.5	0.92743	1	BP
GO:0001816	cytokine production	75	4	6.93	0.9281	1	BP
GO:0030833	regulation of actin filament polymerizat...	27	1	2.49	0.92825	1	BP
GO:0060675	ureteric bud morphogenesis	27	1	2.49	0.92825	1	BP
GO:0006970	response to osmotic stress	27	1	2.49	0.92825	1	BP
GO:0021872	forebrain generation of neurons	27	1	2.49	0.92825	1	BP
GO:0072524	pyridine-containing compound metabolic p...	27	1	2.49	0.92825	1	BP
GO:0042908	xenobiotic transport	27	1	2.49	0.92825	1	BP
GO:0006855	xenobiotic transmembrane transport	27	1	2.49	0.92825	1	BP
GO:0060795	cell fate commitment involved in formati...	27	1	2.49	0.92825	1	BP
GO:0072171	mesonephric tubule morphogenesis	27	1	2.49	0.92825	1	BP
GO:0030855	epithelial cell differentiation	182	12	16.81	0.92838	1	BP
GO:0022603	regulation of anatomical structure morph...	208	14	19.21	0.93068	1	BP
GO:0006979	response to oxidative stress	104	6	9.61	0.93153	1	BP
GO:0001745	compound eye morphogenesis	61	3	5.63	0.93211	1	BP
GO:0006520	cellular amino acid metabolic process	61	3	5.63	0.93211	1	BP
GO:0090287	regulation of cellular response to growt...	61	3	5.63	0.93211	1	BP
GO:0048731	system development	854	72	78.88	0.93277	1	BP
GO:0042221	response to chemical	713	61	65.85	0.93308	1	BP
GO:0002244	hematopoietic progenitor cell differenti...	30	3	2.77	0.93311	1	BP
GO:0032984	protein-containing complex disassembly	48	4	4.43	0.93386	1	BP
GO:0048568	embryonic organ development	132	8	12.19	0.93487	1	BP
GO:0030832	regulation of actin filament length	28	1	2.59	0.93497	1	BP
GO:0034404	nucleobase-containing small molecule bio...	28	1	2.59	0.93497	1	BP
GO:0008064	regulation of actin polymerization or de...	28	1	2.59	0.93497	1	BP
GO:0015695	organic cation transport	28	1	2.59	0.93497	1	BP
GO:0099111	microtubule-based transport	28	1	2.59	0.93497	1	BP
GO:0035592	establishment of protein localization to...	108	8	9.98	0.93513	1	BP
GO:0009306	protein secretion	108	8	9.98	0.93513	1	BP
GO:0065007	biological regulation	1455	130	134.39	0.93526	1	BP
GO:0007548	sex differentiation	105	6	9.7	0.93532	1	BP
GO:0007417	central nervous system development	235	16	21.7	0.9363	1	BP
GO:0006913	nucleocytoplasmic transport	62	3	5.73	0.93679	1	BP
GO:1902903	regulation of supramolecular fiber organ...	62	3	5.73	0.93679	1	BP
GO:2000241	regulation of reproductive process	62	3	5.73	0.93679	1	BP
GO:0071375	cellular response to peptide hormone sti...	77	4	7.11	0.93686	1	BP
GO:0071692	protein localization to extracellular re...	109	8	10.07	0.93871	1	BP
GO:0007275	multicellular organism development	958	82	88.48	0.93874	1	BP
GO:0009888	tissue development	465	38	42.95	0.93889	1	BP
GO:0034329	cell junction assembly	106	6	9.79	0.93893	1	BP
GO:0045321	leukocyte activation	160	10	14.78	0.9399	1	BP
GO:0007420	brain development	186	12	17.18	0.94023	1	BP
GO:0050768	negative regulation of neurogenesis	78	4	7.2	0.94087	1	BP
GO:0050657	nucleic acid transport	29	1	2.68	0.94106	1	BP
GO:0050658	RNA transport	29	1	2.68	0.94106	1	BP
GO:0072088	nephron epithelium morphogenesis	29	1	2.68	0.94106	1	BP
GO:0072078	nephron tubule morphogenesis	29	1	2.68	0.94106	1	BP
GO:0032943	mononuclear cell proliferation	29	1	2.68	0.94106	1	BP
GO:0051494	negative regulation of cytoskeleton orga...	29	1	2.68	0.94106	1	BP
GO:1902476	chloride transmembrane transport	29	1	2.68	0.94106	1	BP
GO:0046651	lymphocyte proliferation	29	1	2.68	0.94106	1	BP
GO:0030705	cytoskeleton-dependent intracellular tra...	29	1	2.68	0.94106	1	BP
GO:0003341	cilium movement	29	1	2.68	0.94106	1	BP
GO:0001756	somitogenesis	29	1	2.68	0.94106	1	BP
GO:0007498	mesoderm development	63	3	5.82	0.94117	1	BP
GO:0050795	regulation of behavior	63	3	5.82	0.94117	1	BP
GO:0006260	DNA replication	47	2	4.34	0.94125	1	BP
GO:0070848	response to growth factor	134	8	12.38	0.94133	1	BP
GO:0006936	muscle contraction	58	6	5.36	0.94209	1	BP
GO:0032940	secretion by cell	242	21	22.35	0.94215	1	BP
GO:0030162	regulation of proteolysis	107	6	9.88	0.94236	1	BP
GO:0002065	columnar/cuboidal epithelial cell differ...	93	5	8.59	0.94271	1	BP
GO:0050714	positive regulation of protein secretion	50	4	4.62	0.94366	1	BP
GO:0022414	reproductive process	443	33	40.92	0.94388	1	BP
GO:0090596	sensory organ morphogenesis	135	8	12.47	0.94435	1	BP
GO:0010498	proteasomal protein catabolic process	79	4	7.3	0.94465	1	BP
GO:0001817	regulation of cytokine production	64	3	5.91	0.94527	1	BP
GO:0051169	nuclear transport	64	3	5.91	0.94527	1	BP
GO:0032386	regulation of intracellular transport	64	3	5.91	0.94527	1	BP
GO:0051047	positive regulation of secretion	82	6	7.57	0.94539	1	BP
GO:0030902	hindbrain development	48	2	4.43	0.94584	1	BP
GO:0051674	localization of cell	214	14	19.77	0.94657	1	BP
GO:1905475	regulation of protein localization to me...	30	1	2.77	0.94658	1	BP
GO:0009615	response to virus	30	1	2.77	0.94658	1	BP
GO:0050921	positive regulation of chemotaxis	30	1	2.77	0.94658	1	BP
GO:0072028	nephron morphogenesis	30	1	2.77	0.94658	1	BP
GO:0008286	insulin receptor signaling pathway	30	1	2.77	0.94658	1	BP
GO:0070661	leukocyte proliferation	30	1	2.77	0.94658	1	BP
GO:0007154	cell communication	826	70	76.29	0.94696	1	BP
GO:0070925	organelle assembly	163	10	15.05	0.94815	1	BP
GO:0009653	anatomical structure morphogenesis	597	46	55.14	0.94988	1	BP
GO:0046903	secretion	284	24	26.23	0.94994	1	BP
GO:0008104	protein localization	405	31	37.41	0.95003	1	BP
GO:0009749	response to glucose	49	2	4.53	0.95009	1	BP
GO:0048588	developmental cell growth	68	5	6.28	0.95034	1	BP
GO:0030154	cell differentiation	729	60	67.33	0.9512	1	BP
GO:0007163	establishment or maintenance of cell pol...	81	4	7.48	0.95156	1	BP
GO:0007043	cell-cell junction assembly	31	1	2.86	0.95159	1	BP
GO:2000177	regulation of neural precursor cell prol...	31	1	2.86	0.95159	1	BP
GO:0007391	dorsal closure	31	1	2.86	0.95159	1	BP
GO:0017157	regulation of exocytosis	31	1	2.86	0.95159	1	BP
GO:0006661	phosphatidylinositol biosynthetic proces...	31	1	2.86	0.95159	1	BP
GO:0006606	protein import into nucleus	31	1	2.86	0.95159	1	BP
GO:1902275	regulation of chromatin organization	31	1	2.86	0.95159	1	BP
GO:0051236	establishment of RNA localization	31	1	2.86	0.95159	1	BP
GO:0098876	vesicle-mediated transport to the plasma...	31	1	2.86	0.95159	1	BP
GO:0007411	axon guidance	124	7	11.45	0.95179	1	BP
GO:0048738	cardiac muscle tissue development	52	4	4.8	0.95208	1	BP
GO:0048565	digestive tract development	66	3	6.1	0.95268	1	BP
GO:0032868	response to insulin	66	3	6.1	0.95268	1	BP
GO:0045785	positive regulation of cell adhesion	50	2	4.62	0.95402	1	BP
GO:0097237	cellular response to toxic substance	50	2	4.62	0.95402	1	BP
GO:0097485	neuron projection guidance	125	7	11.55	0.95444	1	BP
GO:0060271	cilium assembly	82	4	7.57	0.95471	1	BP
GO:0048749	compound eye development	82	4	7.57	0.95471	1	BP
GO:0007017	microtubule-based process	179	11	16.53	0.95497	1	BP
GO:0045596	negative regulation of cell differentiat...	139	8	12.84	0.9551	1	BP
GO:0060341	regulation of cellular localization	235	17	21.7	0.95533	1	BP
GO:1901698	response to nitrogen compound	232	18	21.43	0.956	1	BP
GO:0035050	embryonic heart tube development	32	1	2.96	0.95613	1	BP
GO:0001818	negative regulation of cytokine producti...	32	1	2.96	0.95613	1	BP
GO:1902905	positive regulation of supramolecular fi...	32	1	2.96	0.95613	1	BP
GO:0030041	actin filament polymerization	32	1	2.96	0.95613	1	BP
GO:2001252	positive regulation of chromosome organi...	32	1	2.96	0.95613	1	BP
GO:0010453	regulation of cell fate commitment	32	1	2.96	0.95613	1	BP
GO:0014074	response to purine-containing compound	32	1	2.96	0.95613	1	BP
GO:0010038	response to metal ion	88	7	8.13	0.95705	1	BP
GO:0051656	establishment of organelle localization	112	6	10.34	0.95706	1	BP
GO:0051129	negative regulation of cellular componen...	140	8	12.93	0.95748	1	BP
GO:0030010	establishment of cell polarity	51	2	4.71	0.95766	1	BP
GO:0044782	cilium organization	83	4	7.67	0.95767	1	BP
GO:0006457	protein folding	38	4	3.51	0.95836	1	BP
GO:0048638	regulation of developmental growth	144	10	13.3	0.95886	1	BP
GO:0140352	export from cell	250	21	23.09	0.95889	1	BP
GO:0055123	digestive system development	68	3	6.28	0.95915	1	BP
GO:0006338	chromatin remodeling	68	3	6.28	0.95915	1	BP
GO:0007265	Ras protein signal transduction	68	3	6.28	0.95915	1	BP
GO:0016049	cell growth	116	8	10.71	0.95925	1	BP
GO:0006810	transport	736	61	67.98	0.95977	1	BP
GO:0048646	anatomical structure formation involved ...	271	18	25.03	0.9599	1	BP
GO:0060429	epithelium development	387	29	35.74	0.96	1	BP
GO:0010927	cellular component assembly involved in ...	33	1	3.05	0.96025	1	BP
GO:0034614	cellular response to reactive oxygen spe...	33	1	3.05	0.96025	1	BP
GO:0017145	stem cell division	33	1	3.05	0.96025	1	BP
GO:0010721	negative regulation of cell development	84	4	7.76	0.96045	1	BP
GO:0051223	regulation of protein transport	131	9	12.1	0.96101	1	BP
GO:0045732	positive regulation of protein catabolic...	52	2	4.8	0.96102	1	BP
GO:0046661	male sex differentiation	52	2	4.8	0.96102	1	BP
GO:0022412	cellular process involved in reproductio...	221	14	20.41	0.96108	1	BP
GO:0070727	cellular macromolecule localization	412	31	38.05	0.96115	1	BP
GO:0007169	transmembrane receptor protein tyrosine ...	128	7	11.82	0.96162	1	BP
GO:0051052	regulation of DNA metabolic process	69	3	6.37	0.96207	1	BP
GO:0006417	regulation of translation	55	4	5.08	0.96249	1	BP
GO:0048869	cellular developmental process	738	60	68.16	0.96301	1	BP
GO:0070201	regulation of establishment of protein l...	132	9	12.19	0.96318	1	BP
GO:0150063	visual system development	170	10	15.7	0.96366	1	BP
GO:0001654	eye development	170	10	15.7	0.96366	1	BP
GO:0001823	mesonephros development	34	1	3.14	0.96398	1	BP
GO:0048645	animal organ formation	34	1	3.14	0.96398	1	BP
GO:0001657	ureteric bud development	34	1	3.14	0.96398	1	BP
GO:0008038	neuron recognition	34	1	3.14	0.96398	1	BP
GO:0061053	somite development	34	1	3.14	0.96398	1	BP
GO:2000243	positive regulation of reproductive proc...	34	1	3.14	0.96398	1	BP
GO:0007492	endoderm development	34	1	3.14	0.96398	1	BP
GO:0008360	regulation of cell shape	34	1	3.14	0.96398	1	BP
GO:0051170	import into nucleus	34	1	3.14	0.96398	1	BP
GO:0072163	mesonephric epithelium development	34	1	3.14	0.96398	1	BP
GO:0072164	mesonephric tubule development	34	1	3.14	0.96398	1	BP
GO:0042176	regulation of protein catabolic process	70	3	6.47	0.9648	1	BP
GO:0010259	multicellular organism aging	70	3	6.47	0.9648	1	BP
GO:0007281	germ cell development	184	11	16.99	0.96489	1	BP
GO:0051179	localization	980	82	90.51	0.9654	1	BP
GO:0002064	epithelial cell development	101	5	9.33	0.96541	1	BP
GO:0090407	organophosphate biosynthetic process	119	8	10.99	0.96597	1	BP
GO:0007166	cell surface receptor signaling pathway	392	29	36.21	0.96689	1	BP
GO:0072175	epithelial tube formation	54	2	4.99	0.96699	1	BP
GO:0009410	response to xenobiotic stimulus	71	3	6.56	0.96733	1	BP
GO:0009583	detection of light stimulus	35	1	3.23	0.96737	1	BP
GO:0002697	regulation of immune effector process	35	1	3.23	0.96737	1	BP
GO:0008154	actin polymerization or depolymerization	35	1	3.23	0.96737	1	BP
GO:0051649	establishment of localization in cell	435	31	40.18	0.96779	1	BP
GO:0009952	anterior/posterior pattern specification	87	4	8.04	0.96782	1	BP
GO:0051716	cellular response to stimulus	954	79	88.11	0.968	1	BP
GO:0023052	signaling	820	68	75.74	0.96831	1	BP
GO:0000902	cell morphogenesis	277	18	25.58	0.96907	1	BP
GO:1903311	regulation of mRNA metabolic process	38	3	3.51	0.96934	1	BP
GO:0009636	response to toxic substance	146	8	13.48	0.96956	1	BP
GO:0071363	cellular response to growth factor stimu...	132	7	12.19	0.96961	1	BP
GO:0021915	neural tube development	55	2	5.08	0.96964	1	BP
GO:0060485	mesenchyme development	72	3	6.65	0.9697	1	BP
GO:0008406	gonad development	72	3	6.65	0.9697	1	BP
GO:0046488	phosphatidylinositol metabolic process	36	1	3.33	0.97043	1	BP
GO:0048880	sensory system development	174	10	16.07	0.97055	1	BP
GO:0060322	head development	201	12	18.56	0.97095	1	BP
GO:0051234	establishment of localization	758	62	70.01	0.97114	1	BP
GO:0045137	development of primary sexual characteri...	73	3	6.74	0.9719	1	BP
GO:0002066	columnar/cuboidal epithelial cell develo...	73	3	6.74	0.9719	1	BP
GO:0003006	developmental process involved in reprod...	317	21	29.28	0.97216	1	BP
GO:0051093	negative regulation of developmental pro...	202	12	18.66	0.97237	1	BP
GO:0051222	positive regulation of protein transport	76	5	7.02	0.97245	1	BP
GO:0051128	regulation of cellular component organiz...	434	32	40.08	0.9732	1	BP
GO:0048546	digestive tract morphogenesis	37	1	3.42	0.97321	1	BP
GO:0043542	endothelial cell migration	37	1	3.42	0.97321	1	BP
GO:0072080	nephron tubule development	37	1	3.42	0.97321	1	BP
GO:1901136	carbohydrate derivative catabolic proces...	37	1	3.42	0.97321	1	BP
GO:0031345	negative regulation of cell projection o...	37	1	3.42	0.97321	1	BP
GO:0032388	positive regulation of intracellular tra...	37	1	3.42	0.97321	1	BP
GO:0045931	positive regulation of mitotic cell cycl...	37	1	3.42	0.97321	1	BP
GO:0007606	sensory perception of chemical stimulus	37	1	3.42	0.97321	1	BP
GO:0048856	anatomical structure development	1020	86	94.21	0.97358	1	BP
GO:2000027	regulation of animal organ morphogenesis	74	3	6.83	0.97396	1	BP
GO:0006397	mRNA processing	57	2	5.26	0.97434	1	BP
GO:1904951	positive regulation of establishment of ...	77	5	7.11	0.97444	1	BP
GO:0048513	animal organ development	678	55	62.62	0.97555	1	BP
GO:0017038	protein import	38	1	3.51	0.97574	1	BP
GO:0051495	positive regulation of cytoskeleton orga...	38	1	3.51	0.97574	1	BP
GO:0001751	compound eye photoreceptor cell differen...	38	1	3.51	0.97574	1	BP
GO:0140014	mitotic nuclear division	58	2	5.36	0.97642	1	BP
GO:0060541	respiratory system development	92	4	8.5	0.97734	1	BP
GO:0044087	regulation of cellular component biogene...	193	11	17.83	0.97799	1	BP
GO:0002253	activation of immune response	39	1	3.6	0.97802	1	BP
GO:1903828	negative regulation of protein localizat...	39	1	3.6	0.97802	1	BP
GO:0010634	positive regulation of epithelial cell m...	39	1	3.6	0.97802	1	BP
GO:0006302	double-strand break repair	39	1	3.6	0.97802	1	BP
GO:0072009	nephron epithelium development	39	1	3.6	0.97802	1	BP
GO:2001234	negative regulation of apoptotic signali...	39	1	3.6	0.97802	1	BP
GO:1903532	positive regulation of secretion by cell	79	5	7.3	0.97803	1	BP
GO:0032869	cellular response to insulin stimulus	59	2	5.45	0.97834	1	BP
GO:0007165	signal transduction	762	61	70.38	0.97884	1	BP
GO:0080135	regulation of cellular response to stres...	124	6	11.45	0.97958	1	BP
GO:0007435	salivary gland morphogenesis	40	1	3.69	0.98009	1	BP
GO:0040029	epigenetic regulation of gene expression	60	2	5.54	0.9801	1	BP
GO:0048762	mesenchymal cell differentiation	60	2	5.54	0.9801	1	BP
GO:0045995	regulation of embryonic development	60	2	5.54	0.9801	1	BP
GO:0030335	positive regulation of cell migration	78	3	7.2	0.98084	1	BP
GO:0007155	cell adhesion	140	7	12.93	0.98125	1	BP
GO:0030334	regulation of cell migration	140	7	12.93	0.98125	1	BP
GO:0040011	locomotion	437	30	40.36	0.98133	1	BP
GO:0043933	protein-containing complex organization	344	24	31.77	0.98134	1	BP
GO:0003012	muscle system process	72	6	6.65	0.98163	1	BP
GO:0035148	tube formation	61	2	5.63	0.98173	1	BP
GO:0050896	response to stimulus	1181	103	109.08	0.98186	1	BP
GO:0001700	embryonic development via the syncytial ...	41	1	3.79	0.98197	1	BP
GO:0061333	renal tubule morphogenesis	41	1	3.79	0.98197	1	BP
GO:0042461	photoreceptor cell development	41	1	3.79	0.98197	1	BP
GO:0007264	small GTPase mediated signal transductio...	79	3	7.3	0.98226	1	BP
GO:0048667	cell morphogenesis involved in neuron di...	224	13	20.69	0.9823	1	BP
GO:0009790	embryo development	365	24	33.71	0.98243	1	BP
GO:0033043	regulation of organelle organization	215	14	19.86	0.98259	1	BP
GO:0051493	regulation of cytoskeleton organization	96	4	8.87	0.98299	1	BP
GO:0048468	cell development	554	41	51.17	0.98301	1	BP
GO:0048870	cell motility	303	19	27.99	0.98308	1	BP
GO:0032502	developmental process	1086	92	100.3	0.98317	1	BP
GO:0061351	neural precursor cell proliferation	62	2	5.73	0.98323	1	BP
GO:0040017	positive regulation of locomotion	112	5	10.34	0.98334	1	BP
GO:0010631	epithelial cell migration	80	3	7.39	0.98359	1	BP
GO:0044344	cellular response to fibroblast growth f...	42	1	3.88	0.98367	1	BP
GO:0006403	RNA localization	42	1	3.88	0.98367	1	BP
GO:1903829	positive regulation of protein localizat...	100	6	9.24	0.9842	1	BP
GO:0051403	stress-activated MAPK cascade	63	2	5.82	0.9846	1	BP
GO:0048812	neuron projection morphogenesis	227	13	20.97	0.98486	1	BP
GO:0120039	plasma membrane bounded cell projection ...	227	13	20.97	0.98486	1	BP
GO:0001707	mesoderm formation	43	1	3.97	0.98521	1	BP
GO:0007405	neuroblast proliferation	43	1	3.97	0.98521	1	BP
GO:0030324	lung development	43	1	3.97	0.98521	1	BP
GO:0048332	mesoderm morphogenesis	43	1	3.97	0.98521	1	BP
GO:0071774	response to fibroblast growth factor	43	1	3.97	0.98521	1	BP
GO:0040007	growth	298	20	27.52	0.98527	1	BP
GO:0051641	cellular localization	617	46	56.99	0.98534	1	BP
GO:0007399	nervous system development	563	40	52	0.9857	1	BP
GO:0019827	stem cell population maintenance	48	4	4.43	0.98571	1	BP
GO:0090132	epithelium migration	82	3	7.57	0.98597	1	BP
GO:0000904	cell morphogenesis involved in different...	242	14	22.35	0.9861	1	BP
GO:0048858	cell projection morphogenesis	229	13	21.15	0.98637	1	BP
GO:0021761	limbic system development	44	1	4.06	0.9866	1	BP
GO:0032872	regulation of stress-activated MAPK casc...	44	1	4.06	0.9866	1	BP
GO:0070302	regulation of stress-activated protein k...	44	1	4.06	0.9866	1	BP
GO:2000147	positive regulation of cell motility	83	3	7.67	0.98703	1	BP
GO:0090130	tissue migration	83	3	7.67	0.98703	1	BP
GO:0007018	microtubule-based movement	65	2	6	0.98704	1	BP
GO:0008340	determination of adult lifespan	65	2	6	0.98704	1	BP
GO:0098727	maintenance of cell number	49	4	4.53	0.98704	1	BP
GO:0060627	regulation of vesicle-mediated transport	100	4	9.24	0.98729	1	BP
GO:0071840	cellular component organization or bioge...	1040	83	96.06	0.98745	1	BP
GO:0016477	cell migration	284	17	26.23	0.98777	1	BP
GO:0110053	regulation of actin filament organizatio...	45	1	4.16	0.98787	1	BP
GO:0000398	mRNA splicing, via spliceosome	45	1	4.16	0.98787	1	BP
GO:0000377	RNA splicing, via transesterification re...	45	1	4.16	0.98787	1	BP
GO:0030323	respiratory tube development	45	1	4.16	0.98787	1	BP
GO:0120031	plasma membrane bounded cell projection ...	117	5	10.81	0.9882	1	BP
GO:0030097	hemopoiesis	151	9	13.95	0.9883	1	BP
GO:0007431	salivary gland development	46	1	4.25	0.98902	1	BP
GO:0000375	RNA splicing, via transesterification re...	46	1	4.25	0.98902	1	BP
GO:0031098	stress-activated protein kinase signalin...	67	2	6.19	0.9891	1	BP
GO:2000145	regulation of cell motility	149	7	13.76	0.98935	1	BP
GO:0032990	cell part morphogenesis	234	13	21.61	0.98958	1	BP
GO:0006955	immune response	207	11	19.12	0.98982	1	BP
GO:0051961	negative regulation of nervous system de...	103	4	9.51	0.98982	1	BP
GO:0048598	embryonic morphogenesis	221	12	20.41	0.98993	1	BP
GO:0009987	cellular process	1940	175	179.18	0.99002	1	BP
GO:0032880	regulation of protein localization	183	11	16.9	0.99005	1	BP
GO:0031589	cell-substrate adhesion	47	1	4.34	0.99005	1	BP
GO:0007424	open tracheal system development	47	1	4.34	0.99005	1	BP
GO:0072073	kidney epithelium development	47	1	4.34	0.99005	1	BP
GO:0007254	JNK cascade	47	1	4.34	0.99005	1	BP
GO:0032989	cellular component morphogenesis	289	17	26.69	0.99048	1	BP
GO:0010632	regulation of epithelial cell migration	48	1	4.43	0.99099	1	BP
GO:0001754	eye photoreceptor cell differentiation	48	1	4.43	0.99099	1	BP
GO:0030031	cell projection assembly	121	5	11.18	0.99109	1	BP
GO:0003008	system process	374	29	34.54	0.99125	1	BP
GO:0008037	cell recognition	49	1	4.53	0.99185	1	BP
GO:0016331	morphogenesis of embryonic epithelium	89	3	8.22	0.99195	1	BP
GO:0046474	glycerophospholipid biosynthetic process	52	3	4.8	0.99224	1	BP
GO:0002764	immune response-regulating signaling pat...	50	1	4.62	0.99262	1	BP
GO:0035272	exocrine system development	50	1	4.62	0.99262	1	BP
GO:0061326	renal tubule development	50	1	4.62	0.99262	1	BP
GO:0008654	phospholipid biosynthetic process	53	3	4.9	0.99296	1	BP
GO:0016043	cellular component organization	1012	79	93.47	0.99315	1	BP
GO:0022008	neurogenesis	449	29	41.47	0.99343	1	BP
GO:0048534	hematopoietic or lymphoid organ developm...	160	9	14.78	0.99345	1	BP
GO:0045055	regulated exocytosis	109	4	10.07	0.99351	1	BP
GO:0035282	segmentation	92	3	8.5	0.99368	1	BP
GO:0006259	DNA metabolic process	157	7	14.5	0.99369	1	BP
GO:0006887	exocytosis	126	5	11.64	0.99377	1	BP
GO:0002443	leukocyte mediated immunity	93	3	8.59	0.99418	1	BP
GO:0048699	generation of neurons	415	26	38.33	0.99437	1	BP
GO:0032501	multicellular organismal process	1195	102	110.37	0.9944	1	BP
GO:0030182	neuron differentiation	390	24	36.02	0.99443	1	BP
GO:0001704	formation of primary germ layer	53	1	4.9	0.99452	1	BP
GO:0007350	blastoderm segmentation	53	1	4.9	0.99452	1	BP
GO:0008380	RNA splicing	53	1	4.9	0.99452	1	BP
GO:0000302	response to reactive oxygen species	53	1	4.9	0.99452	1	BP
GO:0043161	proteasome-mediated ubiquitin-dependent ...	75	2	6.93	0.9946	1	BP
GO:0048589	developmental growth	237	14	21.89	0.99484	1	BP
GO:0045216	cell-cell junction organization	54	1	4.99	0.99504	1	BP
GO:0007368	determination of left/right symmetry	55	1	5.08	0.99551	1	BP
GO:0046530	photoreceptor cell differentiation	55	1	5.08	0.99551	1	BP
GO:0002520	immune system development	166	9	15.33	0.9956	1	BP
GO:0010638	positive regulation of organelle organiz...	100	5	9.24	0.99581	1	BP
GO:0006996	organelle organization	636	45	58.74	0.99583	1	BP
GO:0007369	gastrulation	78	2	7.2	0.99586	1	BP
GO:0006281	DNA repair	78	2	7.2	0.99586	1	BP
GO:0042330	taxis	180	8	16.63	0.99626	1	BP
GO:0044085	cellular component biogenesis	559	37	51.63	0.99627	1	BP
GO:0006511	ubiquitin-dependent protein catabolic pr...	99	3	9.14	0.99644	1	BP
GO:0045017	glycerolipid biosynthetic process	60	3	5.54	0.99647	1	BP
GO:0032970	regulation of actin filament-based proce...	67	5	6.19	0.99665	1	BP
GO:0032956	regulation of actin cytoskeleton organiz...	58	1	5.36	0.99668	1	BP
GO:0019941	modification-dependent protein catabolic...	100	3	9.24	0.99672	1	BP
GO:0006935	chemotaxis	167	7	15.42	0.99679	1	BP
GO:0009880	embryonic pattern specification	81	2	7.48	0.99683	1	BP
GO:0043632	modification-dependent macromolecule cat...	101	3	9.33	0.99698	1	BP
GO:0031175	neuron projection development	285	15	26.32	0.99723	1	BP
GO:0002376	immune system process	371	23	34.27	0.99727	1	BP
GO:0072089	stem cell proliferation	61	1	5.63	0.99754	1	BP
GO:0007409	axonogenesis	171	7	15.79	0.99757	1	BP
GO:0009855	determination of bilateral symmetry	63	1	5.82	0.99798	1	BP
GO:0009798	axis specification	63	1	5.82	0.99798	1	BP
GO:0009799	specification of symmetry	63	1	5.82	0.99798	1	BP
GO:0048592	eye morphogenesis	106	3	9.79	0.99802	1	BP
GO:0097435	supramolecular fiber organization	107	3	9.88	0.99818	1	BP
GO:0061564	axon development	177	7	16.35	0.99841	1	BP
GO:0022607	cellular component assembly	518	32	47.84	0.99858	1	BP
GO:0003002	regionalization	185	9	17.09	0.99882	1	BP
GO:0007015	actin filament organization	69	1	6.37	0.9989	1	BP
GO:0001667	ameboidal-type cell migration	113	3	10.44	0.9989	1	BP
GO:0120036	plasma membrane bounded cell projection ...	371	20	34.27	0.99903	1	BP
GO:0048666	neuron development	331	17	30.57	0.99907	1	BP
GO:0043312	neutrophil degranulation	72	1	6.65	0.99918	1	BP
GO:0030030	cell projection organization	375	20	34.64	0.99923	1	BP
GO:0007010	cytoskeleton organization	249	11	23	0.99924	1	BP
GO:0042119	neutrophil activation	73	1	6.74	0.99926	1	BP
GO:0002283	neutrophil activation involved in immune...	73	1	6.74	0.99926	1	BP
GO:0036230	granulocyte activation	73	1	6.74	0.99926	1	BP
GO:0002446	neutrophil mediated immunity	74	1	6.83	0.99933	1	BP
GO:0043299	leukocyte degranulation	76	1	7.02	0.99945	1	BP
GO:0002275	myeloid cell activation involved in immu...	77	1	7.11	0.99951	1	BP
GO:0002444	myeloid leukocyte mediated immunity	78	1	7.2	0.99955	1	BP
GO:0007389	pattern specification process	207	9	19.12	0.99977	1	BP
GO:0002252	immune effector process	132	3	12.19	0.99979	1	BP
GO:0002274	myeloid leukocyte activation	87	1	8.04	0.99982	1	BP
GO:0002366	leukocyte activation involved in immune ...	89	1	8.22	0.99985	1	BP
GO:0002263	cell activation involved in immune respo...	90	1	8.31	0.99987	1	BP
GO:0030036	actin cytoskeleton organization	131	1	12.1	1	1	BP
GO:0030029	actin filament-based process	157	5	14.5	1	1	BP
GO:0003301	physiological cardiac muscle hypertrophy	5	2	0.46	1	1	BP
GO:0061884	regulation of mini excitatory postsynapt...	2	2	0.18	1	1	BP
GO:0022401	negative adaptation of signaling pathway	11	5	1.02	1	1	BP
GO:0035051	cardiocyte differentiation	41	2	3.79	1	1	BP
GO:0030587	sorocarp development	2	2	0.18	1	1	BP
GO:0086003	cardiac muscle cell contraction	17	4	1.57	1	1	BP
GO:0019748	secondary metabolic process	21	4	1.94	1	1	BP
GO:0010508	positive regulation of autophagy	22	2	2.03	1	1	BP
GO:0003298	physiological muscle hypertrophy	5	2	0.46	1	1	BP
GO:0010611	regulation of cardiac muscle hypertrophy	14	2	1.29	1	1	BP
GO:0010613	positive regulation of cardiac muscle hy...	7	2	0.65	1	1	BP
GO:0043243	positive regulation of protein-containin...	5	2	0.46	1	1	BP
GO:0043244	regulation of protein-containing complex...	17	2	1.57	1	1	BP
GO:0099601	regulation of neurotransmitter receptor ...	8	2	0.74	1	1	BP
GO:2000311	regulation of AMPA receptor activity	3	2	0.28	1	1	BP
GO:1901096	regulation of autophagosome maturation	3	2	0.28	1	1	BP
GO:0001991	regulation of systemic arterial blood pr...	4	2	0.37	1	1	BP
GO:0001993	regulation of systemic arterial blood pr...	2	2	0.18	1	1	BP
GO:0001997	positive regulation of the force of hear...	2	2	0.18	1	1	BP
GO:0001999	renal response to blood flow involved in...	3	2	0.28	1	1	BP
GO:0033555	multicellular organismal response to str...	27	5	2.49	1	1	BP
GO:0061050	regulation of cell growth involved in ca...	5	2	0.46	1	1	BP
GO:0030048	actin filament-based movement	36	4	3.33	1	1	BP
GO:0097352	autophagosome maturation	10	2	0.92	1	1	BP
GO:0046471	phosphatidylglycerol metabolic process	5	2	0.46	1	1	BP
GO:0014742	positive regulation of muscle hypertroph...	7	2	0.65	1	1	BP
GO:0014743	regulation of muscle hypertrophy	14	2	1.29	1	1	BP
GO:0061049	cell growth involved in cardiac muscle c...	5	2	0.46	1	1	BP
GO:2000765	regulation of cytoplasmic translation	4	2	0.37	1	1	BP
GO:1905664	regulation of calcium ion import across ...	2	2	0.18	1	1	BP
GO:0045744	negative regulation of G protein-coupled...	13	5	1.2	1	1	BP
GO:1900133	regulation of renin secretion into blood...	2	2	0.18	1	1	BP
GO:2001259	positive regulation of cation channel ac...	13	2	1.2	1	1	BP
GO:0036293	response to decreased oxygen levels	76	15	7.02	1	1	BP
GO:0060421	positive regulation of heart growth	17	2	1.57	1	1	BP
GO:0007189	adenylate cyclase-activating G protein-c...	15	2	1.39	1	1	BP
GO:0006749	glutathione metabolic process	18	4	1.66	1	1	BP
GO:0016239	positive regulation of macroautophagy	14	2	1.29	1	1	BP
GO:0002001	renin secretion into blood stream	3	2	0.28	1	1	BP
GO:0015800	acidic amino acid transport	9	4	0.83	1	1	BP
GO:0017148	negative regulation of translation	23	2	2.12	1	1	BP
GO:0032048	cardiolipin metabolic process	3	2	0.28	1	1	BP
GO:0060291	long-term synaptic potentiation	15	4	1.39	1	1	BP
GO:0006835	dicarboxylic acid transport	23	4	2.12	1	1	BP
GO:0070252	actin-mediated cell contraction	29	4	2.68	1	1	BP
GO:0008150	biological_process	2003	185	185	1	1	BP
GO:0003099	positive regulation of the force of hear...	2	2	0.18	1	1	BP
GO:0006595	polyamine metabolic process	2	2	0.18	1	1	BP
GO:0006596	polyamine biosynthetic process	2	2	0.18	1	1	BP
GO:2000622	regulation of nuclear-transcribed mRNA c...	2	2	0.18	1	1	BP
GO:0003081	regulation of systemic arterial blood pr...	9	2	0.83	1	1	BP
GO:0051155	positive regulation of striated muscle c...	10	2	0.92	1	1	BP
GO:0023058	adaptation of signaling pathway	12	5	1.11	1	1	BP
GO:0008216	spermidine metabolic process	2	2	0.18	1	1	BP
GO:0006655	phosphatidylglycerol biosynthetic proces...	2	2	0.18	1	1	BP
GO:0002320	lymphoid progenitor cell differentiation	3	2	0.28	1	1	BP
GO:0099120	socially cooperative development	2	2	0.18	1	1	BP
GO:0050881	musculoskeletal movement	6	3	0.55	1	1	BP
GO:0007585	respiratory gaseous exchange by respirat...	15	4	1.39	1	1	BP
GO:0050879	multicellular organismal movement	7	3	0.65	1	1	BP
GO:0098703	calcium ion import across plasma membran...	7	2	0.65	1	1	BP
GO:0050806	positive regulation of synaptic transmis...	34	4	3.14	1	1	BP
GO:0030718	germ-line stem cell population maintenan...	17	3	1.57	1	1	BP
GO:0019184	nonribosomal peptide biosynthetic proces...	11	4	1.02	1	1	BP
GO:0098816	mini excitatory postsynaptic potential	2	2	0.18	1	1	BP
GO:1903115	regulation of actin filament-based movem...	9	4	0.83	1	1	BP
GO:0055021	regulation of cardiac muscle tissue grow...	21	2	1.94	1	1	BP
GO:0055023	positive regulation of cardiac muscle ti...	17	2	1.57	1	1	BP
GO:0055013	cardiac muscle cell development	13	2	1.2	1	1	BP
GO:0106070	regulation of adenylate cyclase-activati...	6	2	0.55	1	1	BP
GO:0055017	cardiac muscle tissue growth	24	2	2.22	1	1	BP
GO:0003321	positive regulation of blood pressure by...	2	2	0.18	1	1	BP
GO:0055006	cardiac cell development	13	2	1.2	1	1	BP
GO:0055007	cardiac muscle cell differentiation	28	2	2.59	1	1	BP
GO:0031402	sodium ion binding	3	3	0.28	0.00077	1	MF
GO:0003756	protein disulfide isomerase activity	5	3	0.46	0.00665	1	MF
GO:0003841	1-acylglycerol-3-phosphate O-acyltransfe...	5	3	0.46	0.00665	1	MF
GO:0031713	B2 bradykinin receptor binding	2	2	0.18	0.00841	1	MF
GO:0042301	phosphate ion binding	2	2	0.18	0.00841	1	MF
GO:0003839	gamma-glutamylcyclotransferase activity	2	2	0.18	0.00841	1	MF
GO:0035240	dopamine binding	2	2	0.18	0.00841	1	MF
GO:0004940	beta1-adrenergic receptor activity	2	2	0.18	0.00841	1	MF
GO:0004941	beta2-adrenergic receptor activity	2	2	0.18	0.00841	1	MF
GO:0016755	aminoacyltransferase activity	2	2	0.18	0.00841	1	MF
GO:0008273	calcium, potassium:sodium antiporter act...	2	2	0.18	0.00841	1	MF
GO:0070405	ammonium ion binding	15	5	1.38	0.00868	1	MF
GO:0000981	DNA-binding transcription factor activit...	170	25	15.64	0.00941	1	MF
GO:0008179	adenylate cyclase binding	7	3	0.64	0.02026	1	MF
GO:0031694	alpha-2A adrenergic receptor binding	3	2	0.28	0.02371	1	MF
GO:0030955	potassium ion binding	3	2	0.28	0.02371	1	MF
GO:0015248	sterol transporter activity	3	2	0.28	0.02371	1	MF
GO:0017046	peptide hormone binding	3	2	0.28	0.02371	1	MF
GO:0051380	norepinephrine binding	3	2	0.28	0.02371	1	MF
GO:0015485	cholesterol binding	8	3	0.74	0.03026	1	MF
GO:0003677	DNA binding	246	31	22.63	0.03427	1	MF
GO:0043565	sequence-specific DNA binding	153	21	14.07	0.03492	1	MF
GO:0001228	DNA-binding transcription activator acti...	83	13	7.63	0.03598	1	MF
GO:0001216	DNA-binding transcription activator acti...	83	13	7.63	0.03598	1	MF
GO:0032934	sterol binding	9	3	0.83	0.04238	1	MF
GO:0016866	intramolecular transferase activity	4	2	0.37	0.04457	1	MF
GO:0047144	2-acylglycerol-3-phosphate O-acyltransfe...	4	2	0.37	0.04457	1	MF
GO:0004629	phospholipase C activity	4	2	0.37	0.04457	1	MF
GO:0005328	neurotransmitter:sodium symporter activi...	4	2	0.37	0.04457	1	MF
GO:0008238	exopeptidase activity	16	4	1.47	0.05221	1	MF
GO:0015035	protein-disulfide reductase activity	10	3	0.92	0.05655	1	MF
GO:0001540	amyloid-beta binding	10	3	0.92	0.05655	1	MF
GO:0042562	hormone binding	10	3	0.92	0.05655	1	MF
GO:0000976	transcription cis-regulatory region bind...	125	17	11.5	0.05957	1	MF
GO:0004620	phospholipase activity	17	4	1.56	0.06355	1	MF
GO:0046982	protein heterodimerization activity	118	16	10.85	0.06809	1	MF
GO:0015081	sodium ion transmembrane transporter act...	27	7	2.48	0.06979	1	MF
GO:0098960	postsynaptic neurotransmitter receptor a...	5	2	0.46	0.06984	1	MF
GO:0004402	histone acetyltransferase activity	5	2	0.46	0.06984	1	MF
GO:0005248	voltage-gated sodium channel activity	5	2	0.46	0.06984	1	MF
GO:0004709	MAP kinase kinase kinase activity	5	2	0.46	0.06984	1	MF
GO:0034212	peptide N-acetyltransferase activity	5	2	0.46	0.06984	1	MF
GO:0051721	protein phosphatase 2A binding	5	2	0.46	0.06984	1	MF
GO:0044548	S100 protein binding	5	2	0.46	0.06984	1	MF
GO:0061733	peptide-lysine-N-acetyltransferase activ...	5	2	0.46	0.06984	1	MF
GO:0015036	disulfide oxidoreductase activity	11	3	1.01	0.07266	1	MF
GO:0015370	solute:sodium symporter activity	11	3	1.01	0.07266	1	MF
GO:1990837	sequence-specific double-stranded DNA bi...	129	17	11.87	0.07603	1	MF
GO:0033218	amide binding	50	8	4.6	0.08188	1	MF
GO:0042277	peptide binding	42	7	3.86	0.08434	1	MF
GO:0043178	alcohol binding	12	3	1.1	0.09056	1	MF
GO:0098606	selenocystathionine gamma-lyase activity	1	1	0.09	0.09198	1	MF
GO:0098607	methylselenocysteine deselenhydrase acti...	1	1	0.09	0.09198	1	MF
GO:0017153	sodium:dicarboxylate symporter activity	1	1	0.09	0.09198	1	MF
GO:0042500	aspartic endopeptidase activity, intrame...	1	1	0.09	0.09198	1	MF
GO:0008808	cardiolipin synthase activity	1	1	0.09	0.09198	1	MF
GO:0004579	dolichyl-diphosphooligosaccharide-protei...	1	1	0.09	0.09198	1	MF
GO:0001595	angiotensin receptor activity	1	1	0.09	0.09198	1	MF
GO:0010484	H3 histone acetyltransferase activity	1	1	0.09	0.09198	1	MF
GO:0000171	ribonuclease MRP activity	1	1	0.09	0.09198	1	MF
GO:0015501	glutamate:sodium symporter activity	1	1	0.09	0.09198	1	MF
GO:0005252	open rectifier potassium channel activit...	1	1	0.09	0.09198	1	MF
GO:0031699	beta-3 adrenergic receptor binding	1	1	0.09	0.09198	1	MF
GO:0005283	amino acid:sodium symporter activity	1	1	0.09	0.09198	1	MF
GO:0015183	L-aspartate transmembrane transporter ac...	1	1	0.09	0.09198	1	MF
GO:0015172	acidic amino acid transmembrane transpor...	1	1	0.09	0.09198	1	MF
GO:0043136	glycerol-3-phosphatase activity	1	1	0.09	0.09198	1	MF
GO:0004014	adenosylmethionine decarboxylase activit...	1	1	0.09	0.09198	1	MF
GO:0035727	lysophosphatidic acid binding	1	1	0.09	0.09198	1	MF
GO:0051264	mono-olein transacylation activity	1	1	0.09	0.09198	1	MF
GO:0051265	diolein transacylation activity	1	1	0.09	0.09198	1	MF
GO:0086039	P-type calcium transporter activity invo...	1	1	0.09	0.09198	1	MF
GO:0031894	V1A vasopressin receptor binding	1	1	0.09	0.09198	1	MF
GO:0004740	pyruvate dehydrogenase (acetyl-transferr...	1	1	0.09	0.09198	1	MF
GO:0047395	glycerophosphoinositol glycerophosphodie...	1	1	0.09	0.09198	1	MF
GO:0016671	oxidoreductase activity, acting on a sul...	1	1	0.09	0.09198	1	MF
GO:0043337	cardiolipin synthase (CMP-forming)	1	1	0.09	0.09198	1	MF
GO:0008767	UDP-galactopyranose mutase activity	1	1	0.09	0.09198	1	MF
GO:0001537	N-acetylgalactosamine 4-O-sulfotransfera...	1	1	0.09	0.09198	1	MF
GO:0004121	cystathionine beta-lyase activity	1	1	0.09	0.09198	1	MF
GO:0004123	cystathionine gamma-lyase activity	1	1	0.09	0.09198	1	MF
GO:0019153	protein-disulfide reductase (glutathione...	1	1	0.09	0.09198	1	MF
GO:0004132	dCMP deaminase activity	1	1	0.09	0.09198	1	MF
GO:0030572	phosphatidyltransferase activity	1	1	0.09	0.09198	1	MF
GO:0070547	L-tyrosine aminotransferase activity	1	1	0.09	0.09198	1	MF
GO:0061929	gamma-glutamylaminecyclotransferase acti...	1	1	0.09	0.09198	1	MF
GO:0052901	spermine:oxygen oxidoreductase (spermidi...	1	1	0.09	0.09198	1	MF
GO:0052904	N1-acetylspermidine:oxygen oxidoreductas...	1	1	0.09	0.09198	1	MF
GO:0016846	carbon-sulfur lyase activity	1	1	0.09	0.09198	1	MF
GO:0045134	UDP phosphatase activity	1	1	0.09	0.09198	1	MF
GO:0003689	DNA clamp loader activity	1	1	0.09	0.09198	1	MF
GO:0042287	MHC protein binding	1	1	0.09	0.09198	1	MF
GO:0042288	MHC class I protein binding	1	1	0.09	0.09198	1	MF
GO:0004615	phosphomannomutase activity	1	1	0.09	0.09198	1	MF
GO:0042959	alkanesulfonate transmembrane transporte...	1	1	0.09	0.09198	1	MF
GO:0016971	flavin-linked sulfhydryl oxidase activit...	1	1	0.09	0.09198	1	MF
GO:0016972	thiol oxidase activity	1	1	0.09	0.09198	1	MF
GO:0008140	cAMP response element binding protein bi...	1	1	0.09	0.09198	1	MF
GO:0042910	xenobiotic transmembrane transporter act...	1	1	0.09	0.09198	1	MF
GO:0046870	cadmium ion binding	1	1	0.09	0.09198	1	MF
GO:0005151	interleukin-1, type II receptor binding	1	1	0.09	0.09198	1	MF
GO:0004609	phosphatidylserine decarboxylase activit...	1	1	0.09	0.09198	1	MF
GO:0016428	tRNA (cytosine-5-)-methyltransferase act...	1	1	0.09	0.09198	1	MF
GO:0003810	protein-glutamine gamma-glutamyltransfer...	1	1	0.09	0.09198	1	MF
GO:0004838	L-tyrosine:2-oxoglutarate aminotransfera...	1	1	0.09	0.09198	1	MF
GO:0047982	homocysteine desulfhydrase activity	1	1	0.09	0.09198	1	MF
GO:0047220	galactosylxylosylprotein 3-beta-galactos...	1	1	0.09	0.09198	1	MF
GO:0019810	putrescine binding	1	1	0.09	0.09198	1	MF
GO:1905538	polysome binding	1	1	0.09	0.09198	1	MF
GO:0003962	cystathionine gamma-synthase activity	1	1	0.09	0.09198	1	MF
GO:0005368	taurine transmembrane transporter activi...	1	1	0.09	0.09198	1	MF
GO:0005369	taurine:sodium symporter activity	1	1	0.09	0.09198	1	MF
GO:0080146	L-cysteine desulfhydrase activity	1	1	0.09	0.09198	1	MF
GO:0004465	lipoprotein lipase activity	1	1	0.09	0.09198	1	MF
GO:0097371	MDM2/MDM4 family protein binding	1	1	0.09	0.09198	1	MF
GO:0005149	interleukin-1 receptor binding	1	1	0.09	0.09198	1	MF
GO:0044540	L-cystine L-cysteine-lyase (deaminating)	1	1	0.09	0.09198	1	MF
GO:0008889	glycerophosphodiester phosphodiesterase ...	1	1	0.09	0.09198	1	MF
GO:0034041	ABC-type sterol transporter activity	1	1	0.09	0.09198	1	MF
GO:0005138	interleukin-6 receptor binding	1	1	0.09	0.09198	1	MF
GO:0097322	7SK snRNA binding	1	1	0.09	0.09198	1	MF
GO:0001609	G protein-coupled adenosine receptor act...	1	1	0.09	0.09198	1	MF
GO:0097108	hedgehog family protein binding	1	1	0.09	0.09198	1	MF
GO:0004594	pantothenate kinase activity	1	1	0.09	0.09198	1	MF
GO:0005313	L-glutamate transmembrane transporter ac...	1	1	0.09	0.09198	1	MF
GO:0005314	high-affinity L-glutamate transmembrane ...	1	1	0.09	0.09198	1	MF
GO:0008607	phosphorylase kinase regulator activity	1	1	0.09	0.09198	1	MF
GO:0046592	polyamine oxidase activity	1	1	0.09	0.09198	1	MF
GO:0016756	glutathione gamma-glutamylcysteinyltrans...	1	1	0.09	0.09198	1	MF
GO:0008967	phosphoglycolate phosphatase activity	1	1	0.09	0.09198	1	MF
GO:0015052	beta3-adrenergic receptor activity	1	1	0.09	0.09198	1	MF
GO:0031775	lutropin-choriogonadotropic hormone rece...	1	1	0.09	0.09198	1	MF
GO:0004448	isocitrate dehydrogenase [NAD(P)+] activ...	1	1	0.09	0.09198	1	MF
GO:0004449	isocitrate dehydrogenase (NAD+) activity	1	1	0.09	0.09198	1	MF
GO:0098600	selenomethionine gamma-lyase activity	1	1	0.09	0.09198	1	MF
GO:0051379	epinephrine binding	6	2	0.55	0.09856	1	MF
GO:0008417	fucosyltransferase activity	6	2	0.55	0.09856	1	MF
GO:0016831	carboxy-lyase activity	6	2	0.55	0.09856	1	MF
GO:0008175	tRNA methyltransferase activity	6	2	0.55	0.09856	1	MF
GO:0046920	alpha-(1->3)-fucosyltransferase activity	6	2	0.55	0.09856	1	MF
GO:0001965	G-protein alpha-subunit binding	6	2	0.55	0.09856	1	MF
GO:0016298	lipase activity	20	4	1.84	0.10447	1	MF
GO:0043021	ribonucleoprotein complex binding	20	4	1.84	0.10447	1	MF
GO:0016667	oxidoreductase activity, acting on a sul...	13	3	1.2	0.11008	1	MF
GO:0000978	RNA polymerase II cis-regulatory region ...	80	11	7.36	0.11032	1	MF
GO:0000977	RNA polymerase II transcription regulato...	118	15	10.85	0.11715	1	MF
GO:0005262	calcium channel activity	29	5	2.67	0.12089	1	MF
GO:0000987	cis-regulatory region sequence-specific ...	82	11	7.54	0.12575	1	MF
GO:0001067	transcription regulatory region nucleic ...	139	17	12.79	0.12958	1	MF
GO:0003690	double-stranded DNA binding	139	17	12.79	0.12958	1	MF
GO:0031690	adrenergic receptor binding	7	2	0.64	0.12988	1	MF
GO:0032813	tumor necrosis factor receptor superfami...	7	2	0.64	0.12988	1	MF
GO:0035255	ionotropic glutamate receptor binding	7	2	0.64	0.12988	1	MF
GO:0019905	syntaxin binding	14	3	1.29	0.13105	1	MF
GO:0015459	potassium channel regulator activity	14	3	1.29	0.13105	1	MF
GO:0030594	neurotransmitter receptor activity	22	4	2.02	0.13699	1	MF
GO:0005509	calcium ion binding	57	8	5.24	0.14657	1	MF
GO:0008081	phosphoric diester hydrolase activity	15	3	1.38	0.15329	1	MF
GO:0004386	helicase activity	15	3	1.38	0.15329	1	MF
GO:0000149	SNARE binding	23	4	2.12	0.1546	1	MF
GO:0090722	receptor-receptor interaction	8	2	0.74	0.16308	1	MF
GO:0048531	beta-1,3-galactosyltransferase activity	8	2	0.74	0.16308	1	MF
GO:0004177	aminopeptidase activity	8	2	0.74	0.16308	1	MF
GO:0002039	p53 binding	8	2	0.74	0.16308	1	MF
GO:0008378	galactosyltransferase activity	8	2	0.74	0.16308	1	MF
GO:0035250	UDP-galactosyltransferase activity	8	2	0.74	0.16308	1	MF
GO:0005326	neurotransmitter transmembrane transport...	8	2	0.74	0.16308	1	MF
GO:0043022	ribosome binding	8	2	0.74	0.16308	1	MF
GO:0008499	UDP-galactose:beta-N-acetylglucosamine b...	8	2	0.74	0.16308	1	MF
GO:0046873	metal ion transmembrane transporter acti...	80	12	7.36	0.16484	1	MF
GO:0099106	ion channel regulator activity	32	5	2.94	0.16485	1	MF
GO:0003676	nucleic acid binding	336	36	30.91	0.1674	1	MF
GO:0022843	voltage-gated cation channel activity	24	4	2.21	0.17302	1	MF
GO:0003735	structural constituent of ribosome	24	4	2.21	0.17302	1	MF
GO:0016840	carbon-nitrogen lyase activity	4	3	0.37	0.17369	1	MF
GO:0016842	amidine-lyase activity	4	3	0.37	0.17369	1	MF
GO:0044736	acid-sensing ion channel activity	2	1	0.18	0.17555	1	MF
GO:0042030	ATPase inhibitor activity	2	1	0.18	0.17555	1	MF
GO:0004576	oligosaccharyl transferase activity	2	1	0.18	0.17555	1	MF
GO:0008242	omega peptidase activity	2	1	0.18	0.17555	1	MF
GO:0015018	galactosylgalactosylxylosylprotein 3-bet...	2	1	0.18	0.17555	1	MF
GO:0098988	G protein-coupled glutamate receptor act...	2	1	0.18	0.17555	1	MF
GO:0034647	histone H3-tri/di/monomethyl-lysine-4 de...	2	1	0.18	0.17555	1	MF
GO:0042654	ecdysis-triggering hormone receptor acti...	2	1	0.18	0.17555	1	MF
GO:0031893	vasopressin receptor binding	2	1	0.18	0.17555	1	MF
GO:0031687	A2A adenosine receptor binding	2	1	0.18	0.17555	1	MF
GO:0004741	[pyruvate dehydrogenase (lipoamide)] pho...	2	1	0.18	0.17555	1	MF
GO:1990715	mRNA CDS binding	2	1	0.18	0.17555	1	MF
GO:0016670	oxidoreductase activity, acting on a sul...	2	1	0.18	0.17555	1	MF
GO:0008066	glutamate receptor activity	2	1	0.18	0.17555	1	MF
GO:0005416	amino acid:cation symporter activity	2	1	0.18	0.17555	1	MF
GO:0016868	intramolecular transferase activity, pho...	2	1	0.18	0.17555	1	MF
GO:0016647	oxidoreductase activity, acting on the C...	2	1	0.18	0.17555	1	MF
GO:0005436	sodium:phosphate symporter activity	2	1	0.18	0.17555	1	MF
GO:0070016	armadillo repeat domain binding	2	1	0.18	0.17555	1	MF
GO:0031957	very long-chain fatty acid-CoA ligase ac...	2	1	0.18	0.17555	1	MF
GO:0004861	cyclin-dependent protein serine/threonin...	2	1	0.18	0.17555	1	MF
GO:0070006	metalloaminopeptidase activity	2	1	0.18	0.17555	1	MF
GO:0016427	tRNA (cytosine) methyltransferase activi...	2	1	0.18	0.17555	1	MF
GO:0004969	histamine receptor activity	2	1	0.18	0.17555	1	MF
GO:0001640	adenylate cyclase inhibiting G protein-c...	2	1	0.18	0.17555	1	MF
GO:0005000	vasopressin receptor activity	2	1	0.18	0.17555	1	MF
GO:0001641	group II metabotropic glutamate receptor...	2	1	0.18	0.17555	1	MF
GO:0099583	neurotransmitter receptor activity invol...	2	1	0.18	0.17555	1	MF
GO:0001642	group III metabotropic glutamate recepto...	2	1	0.18	0.17555	1	MF
GO:0004957	prostaglandin E receptor activity	2	1	0.18	0.17555	1	MF
GO:0035497	cAMP response element binding	2	1	0.18	0.17555	1	MF
GO:0005123	death receptor binding	2	1	0.18	0.17555	1	MF
GO:0032795	heterotrimeric G-protein binding	2	1	0.18	0.17555	1	MF
GO:0001639	PLC activating G protein-coupled glutama...	2	1	0.18	0.17555	1	MF
GO:0070320	inward rectifier potassium channel inhib...	2	1	0.18	0.17555	1	MF
GO:0010852	cyclase inhibitor activity	2	1	0.18	0.17555	1	MF
GO:0010854	adenylate cyclase regulator activity	2	1	0.18	0.17555	1	MF
GO:0010855	adenylate cyclase inhibitor activity	2	1	0.18	0.17555	1	MF
GO:0004467	long-chain fatty acid-CoA ligase activit...	2	1	0.18	0.17555	1	MF
GO:0004806	triglyceride lipase activity	2	1	0.18	0.17555	1	MF
GO:0004809	tRNA (guanine-N2-)-methyltransferase act...	2	1	0.18	0.17555	1	MF
GO:0034722	gamma-glutamyl-peptidase activity	2	1	0.18	0.17555	1	MF
GO:0015556	C4-dicarboxylate transmembrane transport...	2	1	0.18	0.17555	1	MF
GO:0099530	G protein-coupled receptor activity invo...	2	1	0.18	0.17555	1	MF
GO:0019808	polyamine binding	2	1	0.18	0.17555	1	MF
GO:0005343	organic acid:sodium symporter activity	2	1	0.18	0.17555	1	MF
GO:0016780	phosphotransferase activity, for other s...	2	1	0.18	0.17555	1	MF
GO:0019239	deaminase activity	2	1	0.18	0.17555	1	MF
GO:0005496	steroid binding	16	3	1.47	0.17662	1	MF
GO:0140101	catalytic activity, acting on a tRNA	16	3	1.47	0.17662	1	MF
GO:0015293	symporter activity	16	3	1.47	0.17662	1	MF
GO:0015294	solute:cation symporter activity	16	3	1.47	0.17662	1	MF
GO:0046983	protein dimerization activity	267	29	24.56	0.18154	1	MF
GO:0008227	G protein-coupled amine receptor activit...	11	4	1.01	0.19413	1	MF
GO:0140297	DNA-binding transcription factor binding	34	5	3.13	0.19721	1	MF
GO:0016247	channel regulator activity	34	5	3.13	0.19721	1	MF
GO:0005272	sodium channel activity	9	2	0.83	0.19757	1	MF
GO:0050780	dopamine receptor binding	9	2	0.83	0.19757	1	MF
GO:0008080	N-acetyltransferase activity	9	2	0.83	0.19757	1	MF
GO:0008013	beta-catenin binding	9	2	0.83	0.19757	1	MF
GO:1990841	promoter-specific chromatin binding	9	2	0.83	0.19757	1	MF
GO:0016410	N-acyltransferase activity	9	2	0.83	0.19757	1	MF
GO:0051019	mitogen-activated protein kinase binding	9	2	0.83	0.19757	1	MF
GO:0004175	endopeptidase activity	43	6	3.96	0.1976	1	MF
GO:0004197	cysteine-type endopeptidase activity	17	3	1.56	0.20085	1	MF
GO:0008528	G protein-coupled peptide receptor activ...	17	3	1.56	0.20085	1	MF
GO:0001653	peptide receptor activity	17	3	1.56	0.20085	1	MF
GO:0008234	cysteine-type peptidase activity	26	4	2.39	0.21192	1	MF
GO:0001664	G protein-coupled receptor binding	47	8	4.32	0.22029	1	MF
GO:0004721	phosphoprotein phosphatase activity	27	4	2.48	0.23223	1	MF
GO:0008094	ATP-dependent activity, acting on DNA	10	2	0.92	0.23282	1	MF
GO:0003724	RNA helicase activity	10	2	0.92	0.23282	1	MF
GO:0001046	core promoter sequence-specific DNA bind...	10	2	0.92	0.23282	1	MF
GO:0008186	ATP-dependent activity, acting on RNA	10	2	0.92	0.23282	1	MF
GO:0015932	nucleobase-containing compound transmemb...	10	2	0.92	0.23282	1	MF
GO:0042166	acetylcholine binding	3	1	0.28	0.25146	1	MF
GO:0004526	ribonuclease P activity	3	1	0.28	0.25146	1	MF
GO:0008239	dipeptidyl-peptidase activity	3	1	0.28	0.25146	1	MF
GO:0017110	nucleoside diphosphate phosphatase activ...	3	1	0.28	0.25146	1	MF
GO:0004190	aspartic-type endopeptidase activity	3	1	0.28	0.25146	1	MF
GO:0008429	phosphatidylethanolamine binding	3	1	0.28	0.25146	1	MF
GO:0001091	RNA polymerase II general transcription ...	3	1	0.28	0.25146	1	MF
GO:0001094	TFIID-class transcription factor complex...	3	1	0.28	0.25146	1	MF
GO:0036042	long-chain fatty acyl-CoA binding	3	1	0.28	0.25146	1	MF
GO:0033612	receptor serine/threonine kinase binding	3	1	0.28	0.25146	1	MF
GO:0015114	phosphate ion transmembrane transporter ...	3	1	0.28	0.25146	1	MF
GO:0031685	adenosine receptor binding	3	1	0.28	0.25146	1	MF
GO:0004035	alkaline phosphatase activity	3	1	0.28	0.25146	1	MF
GO:0070905	serine binding	3	1	0.28	0.25146	1	MF
GO:0022848	acetylcholine-gated cation-selective cha...	3	1	0.28	0.25146	1	MF
GO:0070064	proline-rich region binding	3	1	0.28	0.25146	1	MF
GO:0070403	NAD+ binding	3	1	0.28	0.25146	1	MF
GO:0034452	dynactin binding	3	1	0.28	0.25146	1	MF
GO:0140272	exogenous protein binding	3	1	0.28	0.25146	1	MF
GO:0016814	hydrolase activity, acting on carbon-nit...	3	1	0.28	0.25146	1	MF
GO:0030515	snoRNA binding	3	1	0.28	0.25146	1	MF
GO:0016805	dipeptidase activity	3	1	0.28	0.25146	1	MF
GO:0070001	aspartic-type peptidase activity	3	1	0.28	0.25146	1	MF
GO:0015464	acetylcholine receptor activity	3	1	0.28	0.25146	1	MF
GO:0051059	NF-kappaB binding	3	1	0.28	0.25146	1	MF
GO:0015218	pyrimidine nucleotide transmembrane tran...	3	1	0.28	0.25146	1	MF
GO:1904315	transmitter-gated ion channel activity i...	3	1	0.28	0.25146	1	MF
GO:0001618	virus receptor activity	3	1	0.28	0.25146	1	MF
GO:0000900	mRNA regulatory element binding translat...	3	1	0.28	0.25146	1	MF
GO:0005113	patched binding	3	1	0.28	0.25146	1	MF
GO:0010851	cyclase regulator activity	3	1	0.28	0.25146	1	MF
GO:0099529	neurotransmitter receptor activity invol...	3	1	0.28	0.25146	1	MF
GO:0034040	ATPase-coupled lipid transmembrane trans...	3	1	0.28	0.25146	1	MF
GO:0071074	eukaryotic initiation factor eIF2 bindin...	3	1	0.28	0.25146	1	MF
GO:0016404	15-hydroxyprostaglandin dehydrogenase (N...	3	1	0.28	0.25146	1	MF
GO:0005310	dicarboxylic acid transmembrane transpor...	3	1	0.28	0.25146	1	MF
GO:0005338	nucleotide-sugar transmembrane transport...	3	1	0.28	0.25146	1	MF
GO:0019903	protein phosphatase binding	28	4	2.58	0.25299	1	MF
GO:0042578	phosphoric ester hydrolase activity	57	7	5.24	0.26608	1	MF
GO:0016758	hexosyltransferase activity	38	5	3.5	0.26751	1	MF
GO:0004521	endoribonuclease activity	11	2	1.01	0.26841	1	MF
GO:0004725	protein tyrosine phosphatase activity	11	2	1.01	0.26841	1	MF
GO:0005245	voltage-gated calcium channel activity	11	2	1.01	0.26841	1	MF
GO:0008173	RNA methyltransferase activity	11	2	1.01	0.26841	1	MF
GO:1901682	sulfur compound transmembrane transporte...	11	2	1.01	0.26841	1	MF
GO:0008134	transcription factor binding	117	13	10.76	0.27381	1	MF
GO:0009055	electron transfer activity	20	3	1.84	0.27724	1	MF
GO:0042802	identical protein binding	335	34	30.81	0.28243	1	MF
GO:0008233	peptidase activity	68	8	6.25	0.28393	1	MF
GO:0140098	catalytic activity, acting on RNA	49	6	4.51	0.29249	1	MF
GO:0061629	RNA polymerase II-specific DNA-binding t...	30	4	2.76	0.29556	1	MF
GO:0030165	PDZ domain binding	30	4	2.76	0.29556	1	MF
GO:0016407	acetyltransferase activity	12	2	1.1	0.30398	1	MF
GO:0097159	organic cyclic compound binding	485	49	44.61	0.31403	1	MF
GO:0004930	G protein-coupled receptor activity	63	9	5.79	0.31642	1	MF
GO:0005244	voltage-gated ion channel activity	31	4	2.85	0.31719	1	MF
GO:0022832	voltage-gated channel activity	31	4	2.85	0.31719	1	MF
GO:0070840	dynein complex binding	4	1	0.37	0.32043	1	MF
GO:0031748	D1 dopamine receptor binding	4	1	0.37	0.32043	1	MF
GO:0031749	D2 dopamine receptor binding	4	1	0.37	0.32043	1	MF
GO:0010485	H4 histone acetyltransferase activity	4	1	0.37	0.32043	1	MF
GO:0008483	transaminase activity	4	1	0.37	0.32043	1	MF
GO:0004549	tRNA-specific ribonuclease activity	4	1	0.37	0.32043	1	MF
GO:0001098	basal transcription machinery binding	4	1	0.37	0.32043	1	MF
GO:0001099	basal RNA polymerase II transcription ma...	4	1	0.37	0.32043	1	MF
GO:0003785	actin monomer binding	4	1	0.37	0.32043	1	MF
GO:0031683	G-protein beta/gamma-subunit complex bin...	4	1	0.37	0.32043	1	MF
GO:0120227	acyl-CoA binding	4	1	0.37	0.32043	1	MF
GO:0015643	toxic substance binding	4	1	0.37	0.32043	1	MF
GO:0015645	fatty acid ligase activity	4	1	0.37	0.32043	1	MF
GO:0098531	ligand-activated transcription factor ac...	4	1	0.37	0.32043	1	MF
GO:0140457	protein demethylase activity	4	1	0.37	0.32043	1	MF
GO:0032452	histone demethylase activity	4	1	0.37	0.32043	1	MF
GO:0032453	histone H3-methyl-lysine-4 demethylase a...	4	1	0.37	0.32043	1	MF
GO:0004879	nuclear receptor activity	4	1	0.37	0.32043	1	MF
GO:0008138	protein tyrosine/serine/threonine phosph...	4	1	0.37	0.32043	1	MF
GO:0072542	protein phosphatase activator activity	4	1	0.37	0.32043	1	MF
GO:0030371	translation repressor activity	4	1	0.37	0.32043	1	MF
GO:0000062	fatty-acyl-CoA binding	4	1	0.37	0.32043	1	MF
GO:0019211	phosphatase activator activity	4	1	0.37	0.32043	1	MF
GO:1901618	organic hydroxy compound transmembrane t...	4	1	0.37	0.32043	1	MF
GO:0030332	cyclin binding	4	1	0.37	0.32043	1	MF
GO:0017162	aryl hydrocarbon receptor binding	4	1	0.37	0.32043	1	MF
GO:0003714	transcription corepressor activity	22	3	2.02	0.32968	1	MF
GO:0051087	chaperone binding	22	3	2.02	0.32968	1	MF
GO:0019887	protein kinase regulator activity	32	4	2.94	0.33895	1	MF
GO:0035064	methylated histone binding	13	2	1.2	0.33923	1	MF
GO:0015171	amino acid transmembrane transporter act...	13	2	1.2	0.33923	1	MF
GO:0016706	2-oxoglutarate-dependent dioxygenase act...	13	2	1.2	0.33923	1	MF
GO:0015179	L-amino acid transmembrane transporter a...	13	2	1.2	0.33923	1	MF
GO:0022824	transmitter-gated ion channel activity	13	2	1.2	0.33923	1	MF
GO:0022835	transmitter-gated channel activity	13	2	1.2	0.33923	1	MF
GO:0016830	carbon-carbon lyase activity	13	2	1.2	0.33923	1	MF
GO:0035254	glutamate receptor binding	13	2	1.2	0.33923	1	MF
GO:0070888	E-box binding	13	2	1.2	0.33923	1	MF
GO:0140034	methylation-dependent protein binding	13	2	1.2	0.33923	1	MF
GO:1901363	heterocyclic compound binding	471	46	43.32	0.33924	1	MF
GO:0016829	lyase activity	35	6	3.22	0.35279	1	MF
GO:0042803	protein homodimerization activity	208	21	19.13	0.35478	1	MF
GO:0051117	ATPase binding	23	3	2.12	0.35594	1	MF
GO:0019207	kinase regulator activity	33	4	3.04	0.36077	1	MF
GO:0004860	protein kinase inhibitor activity	14	2	1.29	0.37393	1	MF
GO:0019210	kinase inhibitor activity	14	2	1.29	0.37393	1	MF
GO:0015085	calcium ion transmembrane transporter ac...	36	6	3.31	0.37436	1	MF
GO:0016757	glycosyltransferase activity	44	5	4.05	0.38055	1	MF
GO:0016504	peptidase activator activity	5	1	0.46	0.38308	1	MF
GO:0070273	phosphatidylinositol-4-phosphate binding	5	1	0.46	0.38308	1	MF
GO:0008235	metalloexopeptidase activity	5	1	0.46	0.38308	1	MF
GO:0004180	carboxypeptidase activity	5	1	0.46	0.38308	1	MF
GO:1901567	fatty acid derivative binding	5	1	0.46	0.38308	1	MF
GO:0015280	ligand-gated sodium channel activity	5	1	0.46	0.38308	1	MF
GO:0050136	NADH dehydrogenase (quinone) activity	5	1	0.46	0.38308	1	MF
GO:0005164	tumor necrosis factor receptor binding	5	1	0.46	0.38308	1	MF
GO:0008137	NADH dehydrogenase (ubiquinone) activity	5	1	0.46	0.38308	1	MF
GO:0015215	nucleotide transmembrane transporter act...	5	1	0.46	0.38308	1	MF
GO:0016423	tRNA (guanine) methyltransferase activit...	5	1	0.46	0.38308	1	MF
GO:0005112	Notch binding	5	1	0.46	0.38308	1	MF
GO:0003954	NADH dehydrogenase activity	5	1	0.46	0.38308	1	MF
GO:0003955	NAD(P)H dehydrogenase (quinone) activity	5	1	0.46	0.38308	1	MF
GO:0005388	P-type calcium transporter activity	5	1	0.46	0.38308	1	MF
GO:0030296	protein tyrosine kinase activator activi...	5	1	0.46	0.38308	1	MF
GO:0044877	protein-containing complex binding	170	17	15.64	0.39368	1	MF
GO:0060090	molecular adaptor activity	45	5	4.14	0.39962	1	MF
GO:0030674	protein-macromolecule adaptor activity	45	5	4.14	0.39962	1	MF
GO:0008168	methyltransferase activity	35	4	3.22	0.40431	1	MF
GO:0008276	protein methyltransferase activity	15	2	1.38	0.40788	1	MF
GO:0140678	molecular function inhibitor activity	15	2	1.38	0.40788	1	MF
GO:0016491	oxidoreductase activity	119	12	10.95	0.41314	1	MF
GO:0022839	ion gated channel activity	67	7	6.16	0.42118	1	MF
GO:0016853	isomerase activity	31	6	2.85	0.42321	1	MF
GO:0016741	transferase activity, transferring one-c...	36	4	3.31	0.4259	1	MF
GO:0005261	cation channel activity	78	8	7.17	0.4287	1	MF
GO:0005319	lipid transporter activity	26	3	2.39	0.43355	1	MF
GO:0015184	L-cystine transmembrane transporter acti...	6	1	0.55	0.43998	1	MF
GO:0003755	peptidyl-prolyl cis-trans isomerase acti...	6	1	0.55	0.43998	1	MF
GO:0016655	oxidoreductase activity, acting on NAD(P...	6	1	0.55	0.43998	1	MF
GO:0016891	endoribonuclease activity, producing 5'-...	6	1	0.55	0.43998	1	MF
GO:0140296	general transcription initiation factor ...	6	1	0.55	0.43998	1	MF
GO:0022840	leak channel activity	6	1	0.55	0.43998	1	MF
GO:0022841	potassium ion leak channel activity	6	1	0.55	0.43998	1	MF
GO:0022842	narrow pore channel activity	6	1	0.55	0.43998	1	MF
GO:0042605	peptide antigen binding	6	1	0.55	0.43998	1	MF
GO:0032451	demethylase activity	6	1	0.55	0.43998	1	MF
GO:0008146	sulfotransferase activity	6	1	0.55	0.43998	1	MF
GO:0000099	sulfur amino acid transmembrane transpor...	6	1	0.55	0.43998	1	MF
GO:0043531	ADP binding	6	1	0.55	0.43998	1	MF
GO:0016769	transferase activity, transferring nitro...	6	1	0.55	0.43998	1	MF
GO:0017025	TBP-class protein binding	6	1	0.55	0.43998	1	MF
GO:0001223	transcription coactivator binding	6	1	0.55	0.43998	1	MF
GO:0030291	protein serine/threonine kinase inhibito...	6	1	0.55	0.43998	1	MF
GO:0017111	ribonucleoside triphosphate phosphatase ...	100	10	9.2	0.44024	1	MF
GO:0004519	endonuclease activity	16	2	1.47	0.44091	1	MF
GO:0004540	ribonuclease activity	16	2	1.47	0.44091	1	MF
GO:0031490	chromatin DNA binding	16	2	1.47	0.44091	1	MF
GO:0008170	N-methyltransferase activity	16	2	1.47	0.44091	1	MF
GO:0003712	transcription coregulator activity	79	8	7.27	0.44336	1	MF
GO:0016787	hydrolase activity	315	30	28.97	0.44759	1	MF
GO:0022804	active transmembrane transporter activit...	72	9	6.62	0.45612	1	MF
GO:0140640	catalytic activity, acting on a nucleic ...	80	8	7.36	0.45797	1	MF
GO:0038023	signaling receptor activity	116	13	10.67	0.46641	1	MF
GO:0022836	gated channel activity	70	7	6.44	0.46824	1	MF
GO:0051213	dioxygenase activity	17	2	1.56	0.47292	1	MF
GO:0060089	molecular transducer activity	117	13	10.76	0.47865	1	MF
GO:0015291	secondary active transmembrane transport...	41	6	3.77	0.48028	1	MF
GO:0003924	GTPase activity	28	3	2.58	0.4834	1	MF
GO:0015020	glucuronosyltransferase activity	7	1	0.64	0.49167	1	MF
GO:0070279	vitamin B6 binding	7	1	0.64	0.49167	1	MF
GO:0140359	ABC-type transporter activity	7	1	0.64	0.49167	1	MF
GO:0072349	modified amino acid transmembrane transp...	7	1	0.64	0.49167	1	MF
GO:0140103	catalytic activity, acting on a glycopro...	7	1	0.64	0.49167	1	MF
GO:0005200	structural constituent of cytoskeleton	7	1	0.64	0.49167	1	MF
GO:0016645	oxidoreductase activity, acting on the C...	7	1	0.64	0.49167	1	MF
GO:0004707	MAP kinase activity	7	1	0.64	0.49167	1	MF
GO:0008157	protein phosphatase 1 binding	7	1	0.64	0.49167	1	MF
GO:0004622	lysophospholipase activity	7	1	0.64	0.49167	1	MF
GO:0005544	calcium-dependent phospholipid binding	7	1	0.64	0.49167	1	MF
GO:0003678	DNA helicase activity	7	1	0.64	0.49167	1	MF
GO:0031210	phosphatidylcholine binding	7	1	0.64	0.49167	1	MF
GO:0030170	pyridoxal phosphate binding	7	1	0.64	0.49167	1	MF
GO:0019870	potassium channel inhibitor activity	7	1	0.64	0.49167	1	MF
GO:0004497	monooxygenase activity	7	1	0.64	0.49167	1	MF
GO:0050998	nitric-oxide synthase binding	7	1	0.64	0.49167	1	MF
GO:0099528	G protein-coupled neurotransmitter recep...	7	1	0.64	0.49167	1	MF
GO:0017069	snRNA binding	7	1	0.64	0.49167	1	MF
GO:0017081	chloride channel regulator activity	7	1	0.64	0.49167	1	MF
GO:0016405	CoA-ligase activity	7	1	0.64	0.49167	1	MF
GO:0042054	histone methyltransferase activity	7	1	0.64	0.49167	1	MF
GO:0003700	DNA-binding transcription factor activit...	189	27	17.38	0.49728	1	MF
GO:0008237	metallopeptidase activity	18	2	1.66	0.50381	1	MF
GO:0016597	amino acid binding	18	2	1.66	0.50381	1	MF
GO:0052689	carboxylic ester hydrolase activity	18	2	1.66	0.50381	1	MF
GO:0016817	hydrolase activity, acting on acid anhyd...	105	10	9.66	0.50502	1	MF
GO:0016818	hydrolase activity, acting on acid anhyd...	105	10	9.66	0.50502	1	MF
GO:0016462	pyrophosphatase activity	105	10	9.66	0.50502	1	MF
GO:0001882	nucleoside binding	29	3	2.67	0.50754	1	MF
GO:0001883	purine nucleoside binding	29	3	2.67	0.50754	1	MF
GO:0046943	carboxylic acid transmembrane transporte...	29	3	2.67	0.50754	1	MF
GO:0005342	organic acid transmembrane transporter a...	29	3	2.67	0.50754	1	MF
GO:0004888	transmembrane signaling receptor activit...	98	11	9.01	0.51583	1	MF
GO:0016705	oxidoreductase activity, acting on paire...	19	2	1.75	0.53351	1	MF
GO:0016616	oxidoreductase activity, acting on the C...	19	2	1.75	0.53351	1	MF
GO:0030276	clathrin binding	8	1	0.74	0.53861	1	MF
GO:0017134	fibroblast growth factor binding	8	1	0.74	0.53861	1	MF
GO:0019534	toxin transmembrane transporter activity	8	1	0.74	0.53861	1	MF
GO:0016893	endonuclease activity, active with eithe...	8	1	0.74	0.53861	1	MF
GO:0051287	NAD binding	8	1	0.74	0.53861	1	MF
GO:0016859	cis-trans isomerase activity	8	1	0.74	0.53861	1	MF
GO:0042887	amide transmembrane transporter activity	8	1	0.74	0.53861	1	MF
GO:0016878	acid-thiol ligase activity	8	1	0.74	0.53861	1	MF
GO:0004623	phospholipase A2 activity	8	1	0.74	0.53861	1	MF
GO:0015605	organophosphate ester transmembrane tran...	8	1	0.74	0.53861	1	MF
GO:1901505	carbohydrate derivative transmembrane tr...	8	1	0.74	0.53861	1	MF
GO:0050681	nuclear androgen receptor binding	8	1	0.74	0.53861	1	MF
GO:1904680	peptide transmembrane transporter activi...	8	1	0.74	0.53861	1	MF
GO:0015453	oxidoreduction-driven active transmembra...	8	1	0.74	0.53861	1	MF
GO:0015245	fatty acid transmembrane transporter act...	8	1	0.74	0.53861	1	MF
GO:0030331	nuclear estrogen receptor binding	8	1	0.74	0.53861	1	MF
GO:0016782	transferase activity, transferring sulph...	8	1	0.74	0.53861	1	MF
GO:0022857	transmembrane transporter activity	200	20	18.4	0.54221	1	MF
GO:0004857	enzyme inhibitor activity	42	4	3.86	0.54973	1	MF
GO:0016791	phosphatase activity	42	4	3.86	0.54973	1	MF
GO:0015399	primary active transmembrane transporter...	31	3	2.85	0.55402	1	MF
GO:0008757	S-adenosylmethionine-dependent methyltra...	31	3	2.85	0.55402	1	MF
GO:0016788	hydrolase activity, acting on ester bond...	109	10	10.03	0.55539	1	MF
GO:0003682	chromatin binding	87	8	8	0.55749	1	MF
GO:0140657	ATP-dependent activity	76	7	6.99	0.55911	1	MF
GO:0005198	structural molecule activity	76	7	6.99	0.55911	1	MF
GO:0005102	signaling receptor binding	202	20	18.58	0.56098	1	MF
GO:0005178	integrin binding	20	2	1.84	0.56199	1	MF
GO:0019902	phosphatase binding	43	4	3.96	0.56904	1	MF
GO:0042165	neurotransmitter binding	9	1	0.83	0.58124	1	MF
GO:0042169	SH2 domain binding	9	1	0.83	0.58124	1	MF
GO:0140358	P-type transmembrane transporter activit...	9	1	0.83	0.58124	1	MF
GO:0031369	translation initiation factor binding	9	1	0.83	0.58124	1	MF
GO:0051879	Hsp90 protein binding	9	1	0.83	0.58124	1	MF
GO:0005484	SNAP receptor activity	9	1	0.83	0.58124	1	MF
GO:0015662	P-type ion transporter activity	9	1	0.83	0.58124	1	MF
GO:0016279	protein-lysine N-methyltransferase activ...	9	1	0.83	0.58124	1	MF
GO:0016595	glutamate binding	9	1	0.83	0.58124	1	MF
GO:0004953	icosanoid receptor activity	9	1	0.83	0.58124	1	MF
GO:0004954	prostanoid receptor activity	9	1	0.83	0.58124	1	MF
GO:0004955	prostaglandin receptor activity	9	1	0.83	0.58124	1	MF
GO:0005125	cytokine activity	9	1	0.83	0.58124	1	MF
GO:0004222	metalloendopeptidase activity	9	1	0.83	0.58124	1	MF
GO:0050997	quaternary ammonium group binding	9	1	0.83	0.58124	1	MF
GO:0016765	transferase activity, transferring alkyl...	9	1	0.83	0.58124	1	MF
GO:0016538	cyclin-dependent protein serine/threonin...	9	1	0.83	0.58124	1	MF
GO:0015318	inorganic molecular entity transmembrane...	160	16	14.72	0.58763	1	MF
GO:0005230	extracellular ligand-gated ion channel a...	21	2	1.93	0.58921	1	MF
GO:0051082	unfolded protein binding	21	2	1.93	0.58921	1	MF
GO:0005126	cytokine receptor binding	21	2	1.93	0.58921	1	MF
GO:0004674	protein serine/threonine kinase activity	67	6	6.16	0.59225	1	MF
GO:0005216	ion channel activity	101	9	9.29	0.59454	1	MF
GO:0044389	ubiquitin-like protein ligase binding	56	5	5.15	0.59807	1	MF
GO:0022890	inorganic cation transmembrane transport...	116	12	10.67	0.60059	1	MF
GO:0051020	GTPase binding	102	9	9.38	0.60695	1	MF
GO:0005215	transporter activity	219	21	20.14	0.61331	1	MF
GO:0016922	nuclear receptor binding	22	2	2.02	0.61516	1	MF
GO:0019208	phosphatase regulator activity	10	1	0.92	0.61995	1	MF
GO:0043130	ubiquitin binding	10	1	0.92	0.61995	1	MF
GO:0022851	GABA-gated chloride ion channel activity	10	1	0.92	0.61995	1	MF
GO:0004890	GABA-A receptor activity	10	1	0.92	0.61995	1	MF
GO:0008503	benzodiazepine receptor activity	10	1	0.92	0.61995	1	MF
GO:0008188	neuropeptide receptor activity	10	1	0.92	0.61995	1	MF
GO:0016278	lysine N-methyltransferase activity	10	1	0.92	0.61995	1	MF
GO:0016917	GABA receptor activity	10	1	0.92	0.61995	1	MF
GO:0019888	protein phosphatase regulator activity	10	1	0.92	0.61995	1	MF
GO:0019829	ATPase-coupled cation transmembrane tran...	10	1	0.92	0.61995	1	MF
GO:0008307	structural constituent of muscle	10	1	0.92	0.61995	1	MF
GO:0016887	ATP hydrolysis activity	69	6	6.35	0.62201	1	MF
GO:0008022	protein C-terminus binding	46	4	4.23	0.62413	1	MF
GO:0016747	acyltransferase activity, transferring g...	28	5	2.58	0.63099	1	MF
GO:0008324	cation transmembrane transporter activit...	119	12	10.95	0.63493	1	MF
GO:0042626	ATPase-coupled transmembrane transporter...	23	2	2.12	0.63985	1	MF
GO:0016614	oxidoreductase activity, acting on CH-OH...	23	2	2.12	0.63985	1	MF
GO:0099094	ligand-gated cation channel activity	23	2	2.12	0.63985	1	MF
GO:0016746	acyltransferase activity	31	7	2.85	0.6481	1	MF
GO:0022853	active ion transmembrane transporter act...	50	6	4.6	0.64933	1	MF
GO:0022803	passive transmembrane transporter activi...	106	9	9.75	0.65465	1	MF
GO:0015267	channel activity	106	9	9.75	0.65465	1	MF
GO:0060590	ATPase regulator activity	11	1	1.01	0.6551	1	MF
GO:0008200	ion channel inhibitor activity	11	1	1.01	0.6551	1	MF
GO:0015175	neutral amino acid transmembrane transpo...	11	1	1.01	0.6551	1	MF
GO:0004712	protein serine/threonine/tyrosine kinase...	11	1	1.01	0.6551	1	MF
GO:0005246	calcium channel regulator activity	11	1	1.01	0.6551	1	MF
GO:0005231	excitatory extracellular ligand-gated io...	11	1	1.01	0.6551	1	MF
GO:0005518	collagen binding	11	1	1.01	0.6551	1	MF
GO:0003823	antigen binding	11	1	1.01	0.6551	1	MF
GO:0003824	catalytic activity	792	75	72.85	0.67651	1	MF
GO:0042393	histone binding	37	3	3.4	0.67668	1	MF
GO:0004518	nuclease activity	25	2	2.3	0.68548	1	MF
GO:0032182	ubiquitin-like protein binding	12	1	1.1	0.68702	1	MF
GO:0005249	voltage-gated potassium channel activity	12	1	1.1	0.68702	1	MF
GO:0042625	ATPase-coupled ion transmembrane transpo...	12	1	1.1	0.68702	1	MF
GO:0016877	ligase activity, forming carbon-sulfur b...	12	1	1.1	0.68702	1	MF
GO:0005548	phospholipid transporter activity	12	1	1.1	0.68702	1	MF
GO:0048306	calcium-dependent protein binding	12	1	1.1	0.68702	1	MF
GO:0008135	translation factor activity, RNA binding	12	1	1.1	0.68702	1	MF
GO:0005524	ATP binding	63	5	5.79	0.70348	1	MF
GO:0051427	hormone receptor binding	26	2	2.39	0.70648	1	MF
GO:0005516	calmodulin binding	26	2	2.39	0.70648	1	MF
GO:0032559	adenyl ribonucleotide binding	76	6	6.99	0.71588	1	MF
GO:0019209	kinase activator activity	13	1	1.2	0.71601	1	MF
GO:1990782	protein tyrosine kinase binding	13	1	1.2	0.71601	1	MF
GO:0008028	monocarboxylic acid transmembrane transp...	13	1	1.2	0.71601	1	MF
GO:0016248	channel inhibitor activity	13	1	1.2	0.71601	1	MF
GO:0001221	transcription coregulator binding	13	1	1.2	0.71601	1	MF
GO:0030295	protein kinase activator activity	13	1	1.2	0.71601	1	MF
GO:0031625	ubiquitin protein ligase binding	52	4	4.78	0.72025	1	MF
GO:0005525	GTP binding	27	2	2.48	0.7263	1	MF
GO:0140030	modification-dependent protein binding	27	2	2.48	0.7263	1	MF
GO:0035639	purine ribonucleoside triphosphate bindi...	89	7	8.19	0.72759	1	MF
GO:0030554	adenyl nucleotide binding	77	6	7.08	0.7279	1	MF
GO:0008514	organic anion transmembrane transporter ...	40	3	3.68	0.728	1	MF
GO:0140096	catalytic activity, acting on a protein	321	30	29.53	0.72876	1	MF
GO:0015075	ion transmembrane transporter activity	165	15	15.18	0.74103	1	MF
GO:0061134	peptidase regulator activity	14	1	1.29	0.74232	1	MF
GO:0004722	protein serine/threonine phosphatase act...	14	1	1.29	0.74232	1	MF
GO:0003730	mRNA 3'-UTR binding	14	1	1.29	0.74232	1	MF
GO:0020037	heme binding	14	1	1.29	0.74232	1	MF
GO:0047485	protein N-terminus binding	14	1	1.29	0.74232	1	MF
GO:0022834	ligand-gated channel activity	41	3	3.77	0.74363	1	MF
GO:0005085	guanyl-nucleotide exchange factor activi...	41	3	3.77	0.74363	1	MF
GO:0015276	ligand-gated ion channel activity	41	3	3.77	0.74363	1	MF
GO:0032550	purine ribonucleoside binding	28	2	2.58	0.74498	1	MF
GO:0032549	ribonucleoside binding	28	2	2.58	0.74498	1	MF
GO:0031072	heat shock protein binding	28	2	2.58	0.74498	1	MF
GO:0046872	metal ion binding	169	16	15.54	0.75764	1	MF
GO:0032555	purine ribonucleotide binding	104	8	9.57	0.75852	1	MF
GO:0003729	mRNA binding	42	3	3.86	0.75854	1	MF
GO:0031267	small GTPase binding	92	7	8.46	0.75951	1	MF
GO:0043177	organic acid binding	29	2	2.67	0.76257	1	MF
GO:0008194	UDP-glycosyltransferase activity	29	2	2.67	0.76257	1	MF
GO:0031406	carboxylic acid binding	29	2	2.67	0.76257	1	MF
GO:0140110	transcription regulator activity	229	29	21.06	0.76446	1	MF
GO:0090079	translation regulator activity, nucleic ...	15	1	1.38	0.76621	1	MF
GO:0046906	tetrapyrrole binding	15	1	1.38	0.76621	1	MF
GO:0016651	oxidoreductase activity, acting on NAD(P...	15	1	1.38	0.76621	1	MF
GO:0019900	kinase binding	129	10	11.87	0.7678	1	MF
GO:0032553	ribonucleotide binding	105	8	9.66	0.76805	1	MF
GO:0017076	purine nucleotide binding	105	8	9.66	0.76805	1	MF
GO:0003713	transcription coactivator activity	56	4	5.15	0.77357	1	MF
GO:0002020	protease binding	16	1	1.47	0.7879	1	MF
GO:0045182	translation regulator activity	16	1	1.47	0.7879	1	MF
GO:0004252	serine-type endopeptidase activity	16	1	1.47	0.7879	1	MF
GO:0019838	growth factor binding	16	1	1.47	0.7879	1	MF
GO:0005543	phospholipid binding	70	5	6.44	0.78825	1	MF
GO:0019001	guanyl nucleotide binding	31	2	2.85	0.79463	1	MF
GO:0032561	guanyl ribonucleotide binding	31	2	2.85	0.79463	1	MF
GO:0016810	hydrolase activity, acting on carbon-nit...	17	1	1.56	0.80758	1	MF
GO:0099095	ligand-gated anion channel activity	17	1	1.56	0.80758	1	MF
GO:0019842	vitamin binding	17	1	1.56	0.80758	1	MF
GO:0036094	small molecule binding	182	14	16.74	0.80803	1	MF
GO:0008509	anion transmembrane transporter activity	73	5	6.71	0.81835	1	MF
GO:0008270	zinc ion binding	60	4	5.52	0.81863	1	MF
GO:0000166	nucleotide binding	124	9	11.41	0.82446	1	MF
GO:1901265	nucleoside phosphate binding	124	9	11.41	0.82446	1	MF
GO:0019901	protein kinase binding	124	9	11.41	0.82446	1	MF
GO:0003697	single-stranded DNA binding	18	1	1.66	0.82545	1	MF
GO:0005080	protein kinase C binding	18	1	1.66	0.82545	1	MF
GO:0005267	potassium channel activity	19	1	1.75	0.84167	1	MF
GO:0044325	transmembrane transporter binding	19	1	1.75	0.84167	1	MF
GO:0097110	scaffold protein binding	19	1	1.75	0.84167	1	MF
GO:0000287	magnesium ion binding	35	2	3.22	0.84751	1	MF
GO:0008289	lipid binding	103	7	9.47	0.85353	1	MF
GO:0140097	catalytic activity, acting on DNA	36	2	3.31	0.85865	1	MF
GO:0043169	cation binding	192	20	17.66	0.86419	1	MF
GO:0001227	DNA-binding transcription repressor acti...	37	2	3.4	0.86905	1	MF
GO:0001217	DNA-binding transcription repressor acti...	37	2	3.4	0.86905	1	MF
GO:0008236	serine-type peptidase activity	21	1	1.93	0.86975	1	MF
GO:0003723	RNA binding	119	8	10.95	0.87421	1	MF
GO:0015079	potassium ion transmembrane transporter ...	24	3	2.21	0.8789	1	MF
GO:0017171	serine hydrolase activity	22	1	2.02	0.88187	1	MF
GO:0070851	growth factor receptor binding	22	1	2.02	0.88187	1	MF
GO:0016740	transferase activity	332	29	30.54	0.88738	1	MF
GO:0015297	antiporter activity	25	3	2.3	0.89005	1	MF
GO:0004672	protein kinase activity	96	6	8.83	0.892	1	MF
GO:0035091	phosphatidylinositol binding	42	2	3.86	0.91129	1	MF
GO:0051015	actin filament binding	25	1	2.3	0.91191	1	MF
GO:0016773	phosphotransferase activity, alcohol gro...	114	7	10.49	0.91562	1	MF
GO:0046914	transition metal ion binding	88	5	8.09	0.92135	1	MF
GO:0015103	inorganic anion transmembrane transporte...	44	2	4.05	0.92432	1	MF
GO:0050839	cell adhesion molecule binding	44	2	4.05	0.92432	1	MF
GO:0004842	ubiquitin-protein transferase activity	60	3	5.52	0.92619	1	MF
GO:0005254	chloride channel activity	27	1	2.48	0.92759	1	MF
GO:0019787	ubiquitin-like protein transferase activ...	61	3	5.61	0.93123	1	MF
GO:0008047	enzyme activator activity	76	4	6.99	0.93166	1	MF
GO:0097367	carbohydrate derivative binding	145	9	13.34	0.93297	1	MF
GO:0005253	anion channel activity	28	1	2.58	0.93435	1	MF
GO:0048018	receptor ligand activity	28	1	2.58	0.93435	1	MF
GO:0016874	ligase activity	28	1	2.58	0.93435	1	MF
GO:0008017	microtubule binding	28	1	2.58	0.93435	1	MF
GO:0030546	signaling receptor activator activity	28	1	2.58	0.93435	1	MF
GO:0015108	chloride transmembrane transporter activ...	29	1	2.67	0.94048	1	MF
GO:0030545	signaling receptor regulator activity	29	1	2.67	0.94048	1	MF
GO:0030695	GTPase regulator activity	80	4	7.36	0.94746	1	MF
GO:0030234	enzyme regulator activity	164	10	15.08	0.94987	1	MF
GO:0016301	kinase activity	125	7	11.5	0.95372	1	MF
GO:1901981	phosphatidylinositol phosphate binding	32	1	2.94	0.95567	1	MF
GO:0019899	enzyme binding	379	27	34.86	0.95613	1	MF
GO:0003779	actin binding	53	2	4.87	0.96366	1	MF
GO:0016772	transferase activity, transferring phosp...	144	8	13.25	0.9654	1	MF
GO:0005096	GTPase activator activity	36	1	3.31	0.9701	1	MF
GO:0060589	nucleoside-triphosphatase regulator acti...	90	4	8.28	0.97351	1	MF
GO:1901681	sulfur compound binding	39	1	3.59	0.97776	1	MF
GO:0043168	anion binding	252	17	23.18	0.97913	1	MF
GO:0098772	molecular function regulator activity	211	12	19.41	0.98247	1	MF
GO:0005515	protein binding	1027	83	94.46	0.98276	1	MF
GO:0015631	tubulin binding	42	1	3.86	0.98346	1	MF
GO:0043167	ion binding	383	31	35.23	0.98794	1	MF
GO:0005488	binding	1319	111	121.32	0.99134	1	MF
GO:0019904	protein domain specific binding	157	6	14.44	0.99786	1	MF
GO:0008092	cytoskeletal protein binding	132	4	12.14	0.99893	1	MF
GO:0031711	bradykinin receptor binding	2	2	0.18	1	1	MF
GO:0042171	lysophosphatidic acid acyltransferase ac...	7	3	0.64	1	1	MF
GO:0015368	calcium:cation antiporter activity	3	2	0.28	1	1	MF
GO:0071617	lysophospholipid acyltransferase activit...	7	3	0.64	1	1	MF
GO:0022821	solute:potassium antiporter activity	4	2	0.37	1	1	MF
GO:0016860	intramolecular oxidoreductase activity	15	3	1.38	1	1	MF
GO:0016864	intramolecular oxidoreductase activity, ...	5	3	0.46	1	1	MF
GO:0140828	metal cation:monoatomic cation antiporte...	4	2	0.37	1	1	MF
GO:0005432	calcium:sodium antiporter activity	3	2	0.28	1	1	MF
GO:0015298	solute:cation antiporter activity	5	2	0.46	1	1	MF
GO:0003674	molecular_function	1783	164	164	1	1	MF
GO:0008374	O-acyltransferase activity	9	3	0.83	1	1	MF
GO:0031420	alkali metal ion binding	4	3	0.37	1	1	MF
GO:0016411	acylglycerol O-acyltransferase activity	6	3	0.55	1	1	MF
GO:0004935	adrenergic receptor activity	3	2	0.28	1	1	MF
GO:0004939	beta-adrenergic receptor activity	2	2	0.18	1	1	MF
GO:1901338	catecholamine binding	6	2	0.55	1	1	MF
GO:0000139	Golgi membrane	106	18	9.5	0.0049	1	CC
GO:0016021	integral component of membrane	368	46	32.98	0.0071	1	CC
GO:0030673	axolemma	6	3	0.54	0.0116	1	CC
GO:0031984	organelle subcompartment	244	32	21.87	0.0133	1	CC
GO:0030176	integral component of endoplasmic reticu...	32	7	2.87	0.0201	1	CC
GO:0032588	trans-Golgi network membrane	19	5	1.7	0.0225	1	CC
GO:0098791	Golgi apparatus subcompartment	134	19	12.01	0.0261	1	CC
GO:0031301	integral component of organelle membrane	66	11	5.91	0.0296	1	CC
GO:0031227	intrinsic component of endoplasmic retic...	35	7	3.14	0.032	1	CC
GO:0031300	intrinsic component of organelle membran...	68	11	6.09	0.0361	1	CC
GO:0005789	endoplasmic reticulum membrane	132	18	11.83	0.0424	1	CC
GO:0070822	Sin3-type complex	4	2	0.36	0.0425	1	CC
GO:0000137	Golgi cis cisterna	4	2	0.36	0.0425	1	CC
GO:0001674	female germ cell nucleus	4	2	0.36	0.0425	1	CC
GO:0000776	kinetochore	16	4	1.43	0.0482	1	CC
GO:0042175	nuclear outer membrane-endoplasmic retic...	134	18	12.01	0.0483	1	CC
GO:0005797	Golgi medial cisterna	10	3	0.9	0.053	1	CC
GO:0098827	endoplasmic reticulum subcompartment	136	18	12.19	0.0546	1	CC
GO:0031985	Golgi cisterna	25	5	2.24	0.0664	1	CC
GO:0008023	transcription elongation factor complex	5	2	0.45	0.0666	1	CC
GO:0005791	rough endoplasmic reticulum	19	4	1.7	0.0833	1	CC
GO:0042824	MHC class I peptide loading complex	1	1	0.09	0.0896	1	CC
GO:0042825	TAP complex	1	1	0.09	0.0896	1	CC
GO:0061700	GATOR2 complex	1	1	0.09	0.0896	1	CC
GO:0009526	plastid envelope	1	1	0.09	0.0896	1	CC
GO:0035859	Seh1-associated complex	1	1	0.09	0.0896	1	CC
GO:0120103	centriolar subdistal appendage	1	1	0.09	0.0896	1	CC
GO:0033017	sarcoplasmic reticulum membrane	1	1	0.09	0.0896	1	CC
GO:0034045	phagophore assembly site membrane	1	1	0.09	0.0896	1	CC
GO:0005962	mitochondrial isocitrate dehydrogenase c...	1	1	0.09	0.0896	1	CC
GO:0005967	mitochondrial pyruvate dehydrogenase com...	1	1	0.09	0.0896	1	CC
GO:0070761	pre-snoRNP complex	1	1	0.09	0.0896	1	CC
GO:0030904	retromer complex	1	1	0.09	0.0896	1	CC
GO:0030906	retromer, cargo-selective complex	1	1	0.09	0.0896	1	CC
GO:0031617	NMS complex	1	1	0.09	0.0896	1	CC
GO:0070939	Dsl1/NZR complex	1	1	0.09	0.0896	1	CC
GO:0031905	early endosome lumen	1	1	0.09	0.0896	1	CC
GO:0001940	male pronucleus	1	1	0.09	0.0896	1	CC
GO:0097636	intrinsic component of autophagosome mem...	1	1	0.09	0.0896	1	CC
GO:0097637	integral component of autophagosome memb...	1	1	0.09	0.0896	1	CC
GO:0009941	chloroplast envelope	1	1	0.09	0.0896	1	CC
GO:0014801	longitudinal sarcoplasmic reticulum	1	1	0.09	0.0896	1	CC
GO:0045254	pyruvate dehydrogenase complex	1	1	0.09	0.0896	1	CC
GO:0033588	elongator holoenzyme complex	1	1	0.09	0.0896	1	CC
GO:0097470	ribbon synapse	1	1	0.09	0.0896	1	CC
GO:0031262	Ndc80 complex	1	1	0.09	0.0896	1	CC
GO:0005726	perichromatin fibrils	1	1	0.09	0.0896	1	CC
GO:0045242	isocitrate dehydrogenase complex (NAD+)	1	1	0.09	0.0896	1	CC
GO:0031094	platelet dense tubular network	1	1	0.09	0.0896	1	CC
GO:0031095	platelet dense tubular network membrane	1	1	0.09	0.0896	1	CC
GO:0090533	cation-transporting ATPase complex	1	1	0.09	0.0896	1	CC
GO:0090534	calcium ion-transporting ATPase complex	1	1	0.09	0.0896	1	CC
GO:0030061	mitochondrial crista	1	1	0.09	0.0896	1	CC
GO:0045169	fusome	6	2	0.54	0.0942	1	CC
GO:0035861	site of double-strand break	6	2	0.54	0.0942	1	CC
GO:0000407	phagophore assembly site	6	2	0.54	0.0942	1	CC
GO:0031463	Cul3-RING ubiquitin ligase complex	6	2	0.54	0.0942	1	CC
GO:0090734	site of DNA damage	6	2	0.54	0.0942	1	CC
GO:0000779	condensed chromosome, centromeric region	20	4	1.79	0.0971	1	CC
GO:0140534	endoplasmic reticulum protein-containing...	21	4	1.88	0.112	1	CC
GO:0031226	intrinsic component of plasma membrane	221	25	19.81	0.122	1	CC
GO:0000138	Golgi trans cisterna	7	2	0.63	0.1243	1	CC
GO:0005887	integral component of plasma membrane	212	24	19	0.1274	1	CC
GO:0031090	organelle membrane	431	51	38.63	0.1447	1	CC
GO:1990204	oxidoreductase complex	15	3	1.34	0.1449	1	CC
GO:0012506	vesicle membrane	146	17	13.08	0.1519	1	CC
GO:0051286	cell tip	8	2	0.72	0.1563	1	CC
GO:0000118	histone deacetylase complex	8	2	0.72	0.1563	1	CC
GO:0043073	germ cell nucleus	8	2	0.72	0.1563	1	CC
GO:0005740	mitochondrial envelope	88	11	7.89	0.1583	1	CC
GO:0022626	cytosolic ribosome	24	4	2.15	0.1619	1	CC
GO:0000775	chromosome, centromeric region	24	4	2.15	0.1619	1	CC
GO:0031970	organelle envelope lumen	16	3	1.43	0.1672	1	CC
GO:0005795	Golgi stack	33	5	2.96	0.1676	1	CC
GO:0008250	oligosaccharyltransferase complex	2	1	0.18	0.1713	1	CC
GO:0038037	G protein-coupled receptor dimeric compl...	2	1	0.18	0.1713	1	CC
GO:0038038	G protein-coupled receptor homodimeric c...	2	1	0.18	0.1713	1	CC
GO:0070176	DRM complex	2	1	0.18	0.1713	1	CC
GO:0031673	H zone	2	1	0.18	0.1713	1	CC
GO:0034751	aryl hydrocarbon receptor complex	2	1	0.18	0.1713	1	CC
GO:0034752	cytosolic aryl hydrocarbon receptor comp...	2	1	0.18	0.1713	1	CC
GO:0034753	nuclear aryl hydrocarbon receptor comple...	2	1	0.18	0.1713	1	CC
GO:0000127	transcription factor TFIIIC complex	2	1	0.18	0.1713	1	CC
GO:0071004	U2-type prespliceosome	2	1	0.18	0.1713	1	CC
GO:0097648	G protein-coupled receptor complex	2	1	0.18	0.1713	1	CC
GO:0071458	integral component of cytoplasmic side o...	2	1	0.18	0.1713	1	CC
GO:0090576	RNA polymerase III transcription regulat...	2	1	0.18	0.1713	1	CC
GO:0031390	Ctf18 RFC-like complex	2	1	0.18	0.1713	1	CC
GO:0031391	Elg1 RFC-like complex	2	1	0.18	0.1713	1	CC
GO:0044195	nucleoplasmic reticulum	2	1	0.18	0.1713	1	CC
GO:0045239	tricarboxylic acid cycle enzyme complex	2	1	0.18	0.1713	1	CC
GO:0030062	mitochondrial tricarboxylic acid cycle e...	2	1	0.18	0.1713	1	CC
GO:0043231	intracellular membrane-bounded organelle	1427	136	127.89	0.1759	1	CC
GO:0010008	endosome membrane	52	7	4.66	0.1787	1	CC
GO:0031967	organelle envelope	160	18	14.34	0.179	1	CC
GO:0031975	envelope	160	18	14.34	0.179	1	CC
GO:0005840	ribosome	34	5	3.05	0.1832	1	CC
GO:0000228	nuclear chromosome	81	10	7.26	0.1834	1	CC
GO:0005739	mitochondrion	212	23	19	0.1848	1	CC
GO:0030173	integral component of Golgi membrane	9	2	0.81	0.1897	1	CC
GO:0060187	cell pole	9	2	0.81	0.1897	1	CC
GO:0044304	main axon	17	3	1.52	0.1904	1	CC
GO:0030659	cytoplasmic vesicle membrane	144	16	12.91	0.2118	1	CC
GO:0030662	coated vesicle membrane	18	3	1.61	0.2144	1	CC
GO:0043198	dendritic shaft	18	3	1.61	0.2144	1	CC
GO:0005694	chromosome	155	17	13.89	0.2181	1	CC
GO:0044391	ribosomal subunit	27	4	2.42	0.2184	1	CC
GO:0032589	neuron projection membrane	27	4	2.42	0.2184	1	CC
GO:0030660	Golgi-associated vesicle membrane	10	2	0.9	0.2238	1	CC
GO:0005793	endoplasmic reticulum-Golgi intermediate...	10	2	0.9	0.2238	1	CC
GO:0022627	cytosolic small ribosomal subunit	10	2	0.9	0.2238	1	CC
GO:0005801	cis-Golgi network	10	2	0.9	0.2238	1	CC
GO:0044309	neuron spine	46	6	4.12	0.2255	1	CC
GO:0043197	dendritic spine	46	6	4.12	0.2255	1	CC
GO:0044853	plasma membrane raft	37	5	3.32	0.2328	1	CC
GO:0005622	intracellular anatomical structure	1772	163	158.81	0.2344	1	CC
GO:0005743	mitochondrial inner membrane	47	6	4.21	0.2407	1	CC
GO:0097539	ciliary transition fiber	3	1	0.27	0.2456	1	CC
GO:0036194	muscle cell projection	3	1	0.27	0.2456	1	CC
GO:0036195	muscle cell projection membrane	3	1	0.27	0.2456	1	CC
GO:0031310	intrinsic component of vacuolar membrane	3	1	0.27	0.2456	1	CC
GO:1990635	proximal dendrite	3	1	0.27	0.2456	1	CC
GO:0031166	integral component of vacuolar membrane	3	1	0.27	0.2456	1	CC
GO:0005892	acetylcholine-gated channel complex	3	1	0.27	0.2456	1	CC
GO:0030663	COPI-coated vesicle membrane	3	1	0.27	0.2456	1	CC
GO:0009536	plastid	3	1	0.27	0.2456	1	CC
GO:0035841	new growing cell tip	3	1	0.27	0.2456	1	CC
GO:0031306	intrinsic component of mitochondrial out...	3	1	0.27	0.2456	1	CC
GO:0031307	integral component of mitochondrial oute...	3	1	0.27	0.2456	1	CC
GO:0071010	prespliceosome	3	1	0.27	0.2456	1	CC
GO:0009507	chloroplast	3	1	0.27	0.2456	1	CC
GO:0035838	growing cell tip	3	1	0.27	0.2456	1	CC
GO:0000172	ribonuclease MRP complex	3	1	0.27	0.2456	1	CC
GO:0032593	insulin-responsive compartment	3	1	0.27	0.2456	1	CC
GO:0005663	DNA replication factor C complex	3	1	0.27	0.2456	1	CC
GO:0031904	endosome lumen	3	1	0.27	0.2456	1	CC
GO:0042585	germinal vesicle	3	1	0.27	0.2456	1	CC
GO:0090571	RNA polymerase II transcription represso...	3	1	0.27	0.2456	1	CC
GO:0098553	lumenal side of endoplasmic reticulum me...	3	1	0.27	0.2456	1	CC
GO:0071556	integral component of lumenal side of en...	3	1	0.27	0.2456	1	CC
GO:1990124	messenger ribonucleoprotein complex	3	1	0.27	0.2456	1	CC
GO:0031093	platelet alpha granule lumen	3	1	0.27	0.2456	1	CC
GO:0098533	ATPase dependent transmembrane transport...	3	1	0.27	0.2456	1	CC
GO:0005667	transcription regulator complex	77	9	6.9	0.248	1	CC
GO:0043235	receptor complex	38	5	3.41	0.2501	1	CC
GO:0009986	cell surface	108	12	9.68	0.2558	1	CC
GO:0030117	membrane coat	11	2	0.99	0.2584	1	CC
GO:0048475	coated membrane	11	2	0.99	0.2584	1	CC
GO:0005758	mitochondrial intermembrane space	11	2	0.99	0.2584	1	CC
GO:0015935	small ribosomal subunit	11	2	0.99	0.2584	1	CC
GO:0030658	transport vesicle membrane	29	4	2.6	0.2586	1	CC
GO:0070382	exocytic vesicle	58	7	5.2	0.2592	1	CC
GO:0031234	extrinsic component of cytoplasmic side ...	20	3	1.79	0.264	1	CC
GO:0005776	autophagosome	20	3	1.79	0.264	1	CC
GO:0031526	brush border membrane	20	3	1.79	0.264	1	CC
GO:0005783	endoplasmic reticulum	256	26	22.94	0.2693	1	CC
GO:0043227	membrane-bounded organelle	1485	139	133.09	0.2768	1	CC
GO:0019866	organelle inner membrane	50	6	4.48	0.288	1	CC
GO:0005802	trans-Golgi network	50	6	4.48	0.288	1	CC
GO:0030665	clathrin-coated vesicle membrane	12	2	1.08	0.293	1	CC
GO:0000791	euchromatin	12	2	1.08	0.293	1	CC
GO:0031228	intrinsic component of Golgi membrane	12	2	1.08	0.293	1	CC
GO:0031966	mitochondrial membrane	81	9	7.26	0.2979	1	CC
GO:0000793	condensed chromosome	31	4	2.78	0.3001	1	CC
GO:0042734	presynaptic membrane	31	4	2.78	0.3001	1	CC
GO:0005901	caveola	31	4	2.78	0.3001	1	CC
GO:0031256	leading edge membrane	41	5	3.67	0.3038	1	CC
GO:0005701	polytene chromosome chromocenter	4	1	0.36	0.3133	1	CC
GO:0016528	sarcoplasm	4	1	0.36	0.3133	1	CC
GO:0016529	sarcoplasmic reticulum	4	1	0.36	0.3133	1	CC
GO:0000324	fungal-type vacuole	4	1	0.36	0.3133	1	CC
GO:0000329	fungal-type vacuole membrane	4	1	0.36	0.3133	1	CC
GO:0030681	multimeric ribonuclease P complex	4	1	0.36	0.3133	1	CC
GO:0030118	clathrin coat	4	1	0.36	0.3133	1	CC
GO:1904724	tertiary granule lumen	4	1	0.36	0.3133	1	CC
GO:0030677	ribonuclease P complex	4	1	0.36	0.3133	1	CC
GO:0033116	endoplasmic reticulum-Golgi intermediate...	4	1	0.36	0.3133	1	CC
GO:0000815	ESCRT III complex	4	1	0.36	0.3133	1	CC
GO:0032592	integral component of mitochondrial memb...	4	1	0.36	0.3133	1	CC
GO:0005655	nucleolar ribonuclease P complex	4	1	0.36	0.3133	1	CC
GO:0035580	specific granule lumen	4	1	0.36	0.3133	1	CC
GO:0098573	intrinsic component of mitochondrial mem...	4	1	0.36	0.3133	1	CC
GO:0098576	lumenal side of membrane	4	1	0.36	0.3133	1	CC
GO:0044232	organelle membrane contact site	4	1	0.36	0.3133	1	CC
GO:0036513	Derlin-1 retrotranslocation complex	4	1	0.36	0.3133	1	CC
GO:0030136	clathrin-coated vesicle	22	3	1.97	0.3149	1	CC
GO:0098798	mitochondrial protein-containing complex	22	3	1.97	0.3149	1	CC
GO:0005768	endosome	135	14	12.1	0.3203	1	CC
GO:0019897	extrinsic component of plasma membrane	32	4	2.87	0.3212	1	CC
GO:0005788	endoplasmic reticulum lumen	42	5	3.76	0.3221	1	CC
GO:0099501	exocytic vesicle membrane	23	3	2.06	0.3405	1	CC
GO:0048786	presynaptic active zone	23	3	2.06	0.3405	1	CC
GO:0032809	neuronal cell body membrane	23	3	2.06	0.3405	1	CC
GO:0044298	cell body membrane	23	3	2.06	0.3405	1	CC
GO:0098687	chromosomal region	43	5	3.85	0.3405	1	CC
GO:0030135	coated vesicle	33	4	2.96	0.3423	1	CC
GO:0000785	chromatin	96	10	8.6	0.3562	1	CC
GO:0045171	intercellular bridge	14	2	1.25	0.3614	1	CC
GO:0022625	cytosolic large ribosomal subunit	14	2	1.25	0.3614	1	CC
GO:0031253	cell projection membrane	86	9	7.71	0.3633	1	CC
GO:0098588	bounding membrane of organelle	276	34	24.74	0.3712	1	CC
GO:0001520	outer dense fiber	5	1	0.45	0.375	1	CC
GO:0010369	chromocenter	5	1	0.45	0.375	1	CC
GO:0044754	autolysosome	5	1	0.45	0.375	1	CC
GO:0030670	phagocytic vesicle membrane	5	1	0.45	0.375	1	CC
GO:0071339	MLL1 complex	5	1	0.45	0.375	1	CC
GO:0098839	postsynaptic density membrane	5	1	0.45	0.375	1	CC
GO:0005657	replication fork	5	1	0.45	0.375	1	CC
GO:0046581	intercellular canaliculus	5	1	0.45	0.375	1	CC
GO:0099634	postsynaptic specialization membrane	5	1	0.45	0.375	1	CC
GO:0005641	nuclear envelope lumen	5	1	0.45	0.375	1	CC
GO:0098554	cytoplasmic side of endoplasmic reticulu...	5	1	0.45	0.375	1	CC
GO:0000421	autophagosome membrane	5	1	0.45	0.375	1	CC
GO:0031091	platelet alpha granule	5	1	0.45	0.375	1	CC
GO:0005732	sno(s)RNA-containing ribonucleoprotein c...	5	1	0.45	0.375	1	CC
GO:0016324	apical plasma membrane	98	10	8.78	0.3814	1	CC
GO:0055037	recycling endosome	35	4	3.14	0.3848	1	CC
GO:0032153	cell division site	15	2	1.34	0.3947	1	CC
GO:0017053	transcription repressor complex	15	2	1.34	0.3947	1	CC
GO:0001669	acrosomal vesicle	15	2	1.34	0.3947	1	CC
GO:0043226	organelle	1589	146	142.41	0.3981	1	CC
GO:0043229	intracellular organelle	1554	143	139.27	0.4025	1	CC
GO:0030133	transport vesicle	79	8	7.08	0.4136	1	CC
GO:0045335	phagocytic vesicle	16	2	1.43	0.4272	1	CC
GO:0098802	plasma membrane signaling receptor compl...	16	2	1.43	0.4272	1	CC
GO:0097386	glial cell projection	6	1	0.54	0.4311	1	CC
GO:0030964	NADH dehydrogenase complex	6	1	0.54	0.4311	1	CC
GO:0044665	MLL1/2 complex	6	1	0.54	0.4311	1	CC
GO:0046658	anchored component of plasma membrane	6	1	0.54	0.4311	1	CC
GO:0000322	storage vacuole	6	1	0.54	0.4311	1	CC
GO:0099055	integral component of postsynaptic membr...	6	1	0.54	0.4311	1	CC
GO:0002080	acrosomal membrane	6	1	0.54	0.4311	1	CC
GO:0048787	presynaptic active zone membrane	6	1	0.54	0.4311	1	CC
GO:0030137	COPI-coated vesicle	6	1	0.54	0.4311	1	CC
GO:0042470	melanosome	6	1	0.54	0.4311	1	CC
GO:0070938	contractile ring	6	1	0.54	0.4311	1	CC
GO:0098936	intrinsic component of postsynaptic memb...	6	1	0.54	0.4311	1	CC
GO:0031907	microbody lumen	6	1	0.54	0.4311	1	CC
GO:0036452	ESCRT complex	6	1	0.54	0.4311	1	CC
GO:0005782	peroxisomal matrix	6	1	0.54	0.4311	1	CC
GO:0045271	respiratory chain complex I	6	1	0.54	0.4311	1	CC
GO:0031528	microvillus membrane	6	1	0.54	0.4311	1	CC
GO:0097449	astrocyte projection	6	1	0.54	0.4311	1	CC
GO:0005747	mitochondrial respiratory chain complex ...	6	1	0.54	0.4311	1	CC
GO:0098562	cytoplasmic side of membrane	48	5	4.3	0.4331	1	CC
GO:0098793	presynapse	103	10	9.23	0.4448	1	CC
GO:0015934	large ribosomal subunit	17	2	1.52	0.4588	1	CC
GO:0042383	sarcolemma	28	3	2.51	0.4655	1	CC
GO:0014069	postsynaptic density	39	4	3.5	0.4682	1	CC
GO:0005773	vacuole	127	12	11.38	0.4695	1	CC
GO:0099240	intrinsic component of synaptic membrane	7	1	0.63	0.4823	1	CC
GO:0045120	pronucleus	7	1	0.63	0.4823	1	CC
GO:0098889	intrinsic component of presynaptic membr...	7	1	0.63	0.4823	1	CC
GO:0099056	integral component of presynaptic membra...	7	1	0.63	0.4823	1	CC
GO:0099699	integral component of synaptic membrane	7	1	0.63	0.4823	1	CC
GO:1902555	endoribonuclease complex	7	1	0.63	0.4823	1	CC
GO:0098803	respiratory chain complex	7	1	0.63	0.4823	1	CC
GO:0031903	microbody membrane	7	1	0.63	0.4823	1	CC
GO:0005684	U2-type spliceosomal complex	7	1	0.63	0.4823	1	CC
GO:0005767	secondary lysosome	7	1	0.63	0.4823	1	CC
GO:0001772	immunological synapse	7	1	0.63	0.4823	1	CC
GO:0005778	peroxisomal membrane	7	1	0.63	0.4823	1	CC
GO:0031523	Myb complex	7	1	0.63	0.4823	1	CC
GO:1905348	endonuclease complex	7	1	0.63	0.4823	1	CC
GO:0098857	membrane microdomain	73	7	6.54	0.4855	1	CC
GO:0045121	membrane raft	73	7	6.54	0.4855	1	CC
GO:0005741	mitochondrial outer membrane	29	3	2.6	0.4894	1	CC
GO:0044815	DNA packaging complex	18	2	1.61	0.4894	1	CC
GO:0005811	lipid droplet	18	2	1.61	0.4894	1	CC
GO:0005654	nucleoplasm	474	43	42.48	0.4933	1	CC
GO:0005769	early endosome	52	5	4.66	0.5053	1	CC
GO:0036064	ciliary basal body	30	3	2.69	0.5127	1	CC
GO:0031968	organelle outer membrane	30	3	2.69	0.5127	1	CC
GO:0019867	outer membrane	30	3	2.69	0.5127	1	CC
GO:1904949	ATPase complex	19	2	1.7	0.5188	1	CC
GO:0005902	microvillus	19	2	1.7	0.5188	1	CC
GO:0009898	cytoplasmic side of plasma membrane	42	4	3.76	0.5281	1	CC
GO:0016605	PML body	8	1	0.72	0.5288	1	CC
GO:0099023	vesicle tethering complex	8	1	0.72	0.5288	1	CC
GO:0048770	pigment granule	8	1	0.72	0.5288	1	CC
GO:0034704	calcium channel complex	8	1	0.72	0.5288	1	CC
GO:0055120	striated muscle dense body	8	1	0.72	0.5288	1	CC
GO:0031225	anchored component of membrane	8	1	0.72	0.5288	1	CC
GO:0005730	nucleolus	155	14	13.89	0.5322	1	CC
GO:0098794	postsynapse	88	8	7.89	0.5397	1	CC
GO:0045202	synapse	190	17	17.03	0.5444	1	CC
GO:0005774	vacuolar membrane	43	4	3.85	0.5474	1	CC
GO:0045211	postsynaptic membrane	43	4	3.85	0.5474	1	CC
GO:0031410	cytoplasmic vesicle	304	27	27.24	0.5565	1	CC
GO:0097708	intracellular vesicle	304	27	27.24	0.5565	1	CC
GO:0005700	polytene chromosome	32	3	2.87	0.5577	1	CC
GO:0032279	asymmetric synapse	44	4	3.94	0.5662	1	CC
GO:0099572	postsynaptic specialization	44	4	3.94	0.5662	1	CC
GO:0098552	side of membrane	90	8	8.07	0.5665	1	CC
GO:0005881	cytoplasmic microtubule	9	1	0.81	0.5712	1	CC
GO:0005790	smooth endoplasmic reticulum	9	1	0.81	0.5712	1	CC
GO:0001917	photoreceptor inner segment	9	1	0.81	0.5712	1	CC
GO:0070469	respirasome	9	1	0.81	0.5712	1	CC
GO:0032580	Golgi cisterna membrane	9	1	0.81	0.5712	1	CC
GO:0005746	mitochondrial respirasome	9	1	0.81	0.5712	1	CC
GO:0000922	spindle pole	21	2	1.88	0.5743	1	CC
GO:0005798	Golgi-associated vesicle	21	2	1.88	0.5743	1	CC
GO:0042579	microbody	21	2	1.88	0.5743	1	CC
GO:0005777	peroxisome	21	2	1.88	0.5743	1	CC
GO:0098852	lytic vacuole membrane	33	3	2.96	0.5792	1	CC
GO:0098984	neuron to neuron synapse	45	4	4.03	0.5846	1	CC
GO:0030139	endocytic vesicle	45	4	4.03	0.5846	1	CC
GO:0045177	apical part of cell	126	11	11.29	0.5864	1	CC
GO:0000323	lytic vacuole	104	9	9.32	0.5981	1	CC
GO:0030666	endocytic vesicle membrane	22	2	1.97	0.6002	1	CC
GO:0030672	synaptic vesicle membrane	22	2	1.97	0.6002	1	CC
GO:0008021	synaptic vesicle	46	4	4.12	0.6025	1	CC
GO:0005819	spindle	58	5	5.2	0.6059	1	CC
GO:0031201	SNARE complex	10	1	0.9	0.6098	1	CC
GO:0032154	cleavage furrow	10	1	0.9	0.6098	1	CC
GO:0005771	multivesicular body	10	1	0.9	0.6098	1	CC
GO:0035097	histone methyltransferase complex	10	1	0.9	0.6098	1	CC
GO:0012505	endomembrane system	577	57	51.71	0.6131	1	CC
GO:0043025	neuronal cell body	140	12	12.55	0.6133	1	CC
GO:0016607	nuclear speck	47	4	4.21	0.62	1	CC
GO:0097060	synaptic membrane	59	5	5.29	0.6216	1	CC
GO:0140513	nuclear protein-containing complex	164	14	14.7	0.6226	1	CC
GO:0001650	fibrillar center	23	2	2.06	0.625	1	CC
GO:0031902	late endosome membrane	11	1	0.99	0.645	1	CC
GO:0005796	Golgi lumen	11	1	0.99	0.645	1	CC
GO:0000786	nucleosome	11	1	0.99	0.645	1	CC
GO:0055038	recycling endosome membrane	11	1	0.99	0.645	1	CC
GO:0032993	protein-DNA complex	24	2	2.15	0.6485	1	CC
GO:0005903	brush border	37	3	3.32	0.6585	1	CC
GO:0005829	cytosol	704	61	63.09	0.6631	1	CC
GO:0005635	nuclear envelope	74	6	6.63	0.665	1	CC
GO:0019898	extrinsic component of membrane	50	4	4.48	0.6695	1	CC
GO:0031224	intrinsic component of membrane	381	47	34.15	0.6704	1	CC
GO:0030496	midbody	25	2	2.24	0.6709	1	CC
GO:0098796	membrane protein complex	134	11	12.01	0.6711	1	CC
GO:0000794	condensed nuclear chromosome	12	1	1.08	0.677	1	CC
GO:0098800	inner mitochondrial membrane protein com...	12	1	1.08	0.677	1	CC
GO:0031981	nuclear lumen	572	49	51.26	0.6815	1	CC
GO:0005764	lysosome	100	8	8.96	0.6886	1	CC
GO:1990904	ribonucleoprotein complex	125	10	11.2	0.6994	1	CC
GO:0045178	basal part of cell	77	6	6.9	0.7031	1	CC
GO:0070820	tertiary granule	13	1	1.17	0.7061	1	CC
GO:0005923	bicellular tight junction	13	1	1.17	0.7061	1	CC
GO:0032587	ruffle membrane	13	1	1.17	0.7061	1	CC
GO:0005643	nuclear pore	13	1	1.17	0.7061	1	CC
GO:0009897	external side of plasma membrane	40	3	3.58	0.7106	1	CC
GO:0036126	sperm flagellum	27	2	2.42	0.7121	1	CC
GO:0031461	cullin-RING ubiquitin ligase complex	27	2	2.42	0.7121	1	CC
GO:0031982	vesicle	326	27	29.22	0.7133	1	CC
GO:0005874	microtubule	28	2	2.51	0.7311	1	CC
GO:0097729	9+2 motile cilium	28	2	2.51	0.7311	1	CC
GO:0043195	terminal bouton	28	2	2.51	0.7311	1	CC
GO:1902554	serine/threonine protein kinase complex	14	1	1.25	0.7326	1	CC
GO:0005844	polysome	14	1	1.25	0.7326	1	CC
GO:0036477	somatodendritic compartment	189	15	16.94	0.7374	1	CC
GO:0005765	lysosomal membrane	29	2	2.6	0.749	1	CC
GO:0090575	RNA polymerase II transcription regulato...	29	2	2.6	0.749	1	CC
GO:1902911	protein kinase complex	15	1	1.34	0.7567	1	CC
GO:0031672	A band	15	1	1.34	0.7567	1	CC
GO:0000123	histone acetyltransferase complex	15	1	1.34	0.7567	1	CC
GO:0031901	early endosome membrane	15	1	1.34	0.7567	1	CC
GO:0034708	methyltransferase complex	15	1	1.34	0.7567	1	CC
GO:0098590	plasma membrane region	216	17	19.36	0.7606	1	CC
GO:0044297	cell body	156	12	13.98	0.7606	1	CC
GO:0005737	cytoplasm	1462	130	131.02	0.7649	1	CC
GO:0030054	cell junction	265	21	23.75	0.7706	1	CC
GO:0031248	protein acetyltransferase complex	16	1	1.43	0.7787	1	CC
GO:1902493	acetyltransferase complex	16	1	1.43	0.7787	1	CC
GO:0098563	intrinsic component of synaptic vesicle ...	16	1	1.43	0.7787	1	CC
GO:0030285	integral component of synaptic vesicle m...	16	1	1.43	0.7787	1	CC
GO:0016591	RNA polymerase II, holoenzyme	16	1	1.43	0.7787	1	CC
GO:0110165	cellular anatomical entity	1972	177	176.73	0.7788	1	CC
GO:0031965	nuclear membrane	31	2	2.78	0.7818	1	CC
GO:0048471	perinuclear region of cytoplasm	122	9	10.93	0.7829	1	CC
GO:0005759	mitochondrial matrix	59	4	5.29	0.7905	1	CC
GO:0098862	cluster of actin-based cell projections	46	3	4.12	0.7962	1	CC
GO:1902495	transmembrane transporter complex	46	3	4.12	0.7962	1	CC
GO:0016363	nuclear matrix	17	1	1.52	0.7987	1	CC
GO:0030424	axon	137	10	12.28	0.803	1	CC
GO:0005634	nucleus	914	77	81.91	0.8036	1	CC
GO:1990351	transporter complex	47	3	4.21	0.8083	1	CC
GO:0030427	site of polarized growth	47	3	4.21	0.8083	1	CC
GO:0099513	polymeric cytoskeletal fiber	47	3	4.21	0.8083	1	CC
GO:0005770	late endosome	33	2	2.96	0.8108	1	CC
GO:0043209	myelin sheath	33	2	2.96	0.8108	1	CC
GO:0030425	dendrite	139	10	12.46	0.8174	1	CC
GO:0097447	dendritic tree	140	10	12.55	0.8243	1	CC
GO:0005615	extracellular space	128	9	11.47	0.8286	1	CC
GO:0031974	membrane-enclosed lumen	707	58	63.36	0.8322	1	CC
GO:0070013	intracellular organelle lumen	707	58	63.36	0.8322	1	CC
GO:0043233	organelle lumen	707	58	63.36	0.8322	1	CC
GO:0070160	tight junction	19	1	1.7	0.8335	1	CC
GO:0043204	perikaryon	19	1	1.7	0.8335	1	CC
GO:0099503	secretory vesicle	155	11	13.89	0.84	1	CC
GO:0005813	centrosome	91	6	8.16	0.8415	1	CC
GO:0005815	microtubule organizing center	118	8	10.58	0.8477	1	CC
GO:0005814	centriole	20	1	1.79	0.8485	1	CC
GO:0042581	specific granule	20	1	1.79	0.8485	1	CC
GO:0055029	nuclear DNA-directed RNA polymerase comp...	20	1	1.79	0.8485	1	CC
GO:0000428	DNA-directed RNA polymerase complex	20	1	1.79	0.8485	1	CC
GO:0015630	microtubule cytoskeleton	182	13	16.31	0.8513	1	CC
GO:0034702	ion channel complex	37	2	3.32	0.8587	1	CC
GO:0031514	motile cilium	37	2	3.32	0.8587	1	CC
GO:0030880	RNA polymerase complex	21	1	1.88	0.8622	1	CC
GO:0005681	spliceosomal complex	21	1	1.88	0.8622	1	CC
GO:0016323	basolateral plasma membrane	67	4	6	0.866	1	CC
GO:0009925	basal plasma membrane	67	4	6	0.866	1	CC
GO:0061695	transferase complex, transferring phosph...	38	2	3.41	0.8688	1	CC
GO:0005794	Golgi apparatus	220	25	19.72	0.8691	1	CC
GO:0072686	mitotic spindle	22	1	1.97	0.8747	1	CC
GO:0016604	nuclear body	97	6	8.69	0.8823	1	CC
GO:0070062	extracellular exosome	23	1	2.06	0.8861	1	CC
GO:0043679	axon terminus	40	2	3.58	0.887	1	CC
GO:0031252	cell leading edge	85	5	7.62	0.893	1	CC
GO:0031594	neuromuscular junction	41	2	3.67	0.8953	1	CC
GO:1903561	extracellular vesicle	24	1	2.15	0.8964	1	CC
GO:0034399	nuclear periphery	24	1	2.15	0.8964	1	CC
GO:0044306	neuron projection terminus	42	2	3.76	0.9029	1	CC
GO:0005875	microtubule associated complex	25	1	2.24	0.9058	1	CC
GO:0005925	focal adhesion	25	1	2.24	0.9058	1	CC
GO:0001726	ruffle	25	1	2.24	0.9058	1	CC
GO:0098858	actin-based cell projection	43	2	3.85	0.9101	1	CC
GO:0030426	growth cone	43	2	3.85	0.9101	1	CC
GO:1990234	transferase complex	116	7	10.4	0.9104	1	CC
GO:0043296	apical junction complex	26	1	2.33	0.9144	1	CC
GO:0065010	extracellular membrane-bounded organelle	26	1	2.33	0.9144	1	CC
GO:0043230	extracellular organelle	26	1	2.33	0.9144	1	CC
GO:0150034	distal axon	75	4	6.72	0.9169	1	CC
GO:0005886	plasma membrane	588	45	52.7	0.9226	1	CC
GO:0016020	membrane	867	82	77.7	0.9279	1	CC
GO:0031674	I band	30	1	2.69	0.9415	1	CC
GO:1902494	catalytic complex	232	15	20.79	0.9432	1	CC
GO:0005938	cell cortex	83	4	7.44	0.9499	1	CC
GO:0032991	protein-containing complex	708	54	63.45	0.9502	1	CC
GO:0000151	ubiquitin ligase complex	51	2	4.57	0.9519	1	CC
GO:0034703	cation channel complex	33	1	2.96	0.9561	1	CC
GO:0030055	cell-substrate junction	33	1	2.96	0.9561	1	CC
GO:0097730	non-motile cilium	34	1	3.05	0.9601	1	CC
GO:0099080	supramolecular complex	146	8	13.08	0.9612	1	CC
GO:0071944	cell periphery	651	48	58.34	0.967	1	CC
GO:0140535	intracellular protein-containing complex	135	7	12.1	0.9678	1	CC
GO:0030027	lamellipodium	37	1	3.32	0.97	1	CC
GO:0120025	plasma membrane bounded cell projection	376	25	33.7	0.9709	1	CC
GO:0099081	supramolecular polymer	107	5	9.59	0.9712	1	CC
GO:0099512	supramolecular fiber	107	5	9.59	0.9712	1	CC
GO:0042995	cell projection	378	25	33.88	0.9731	1	CC
GO:0005929	cilium	124	6	11.11	0.9742	1	CC
GO:0030141	secretory granule	110	5	9.86	0.9762	1	CC
GO:0043292	contractile fiber	61	2	5.47	0.9786	1	CC
GO:0043228	non-membrane-bounded organelle	593	42	53.14	0.979	1	CC
GO:0043232	intracellular non-membrane-bounded organ...	593	42	53.14	0.979	1	CC
GO:0030667	secretory granule membrane	41	1	3.67	0.9796	1	CC
GO:0031983	vesicle lumen	41	1	3.67	0.9796	1	CC
GO:0060205	cytoplasmic vesicle lumen	41	1	3.67	0.9796	1	CC
GO:0034774	secretory granule lumen	41	1	3.67	0.9796	1	CC
GO:0030017	sarcomere	43	1	3.85	0.9831	1	CC
GO:0098797	plasma membrane protein complex	64	2	5.74	0.9833	1	CC
GO:0005576	extracellular region	224	12	20.07	0.9878	1	CC
GO:0043005	neuron projection	252	14	22.58	0.9879	1	CC
GO:0030016	myofibril	49	1	4.39	0.9905	1	CC
GO:0099568	cytoplasmic region	109	4	9.77	0.9917	1	CC
GO:0005912	adherens junction	54	1	4.84	0.9942	1	CC
GO:0015629	actin cytoskeleton	63	1	5.65	0.9976	1	CC
GO:0005911	cell-cell junction	107	3	9.59	0.9976	1	CC
GO:0070161	anchoring junction	109	3	9.77	0.998	1	CC
GO:0005856	cytoskeleton	273	13	24.47	0.9983	1	CC
GO:0005575	cellular_component	1975	177	177	1	1	CC
