GO.ID	Term	Annotated	Significant	Expected	pval_test	pval_adj	ontology
GO:0007626	locomotory behavior	108	47	29.22	0.00011	1	BP
GO:0008016	regulation of heart contraction	47	27	12.72	0.00058	1	BP
GO:0051823	regulation of synapse structural plastic...	8	7	2.16	0.00063	1	BP
GO:0043058	regulation of backward locomotion	14	10	3.79	0.00065	1	BP
GO:0009267	cellular response to starvation	39	20	10.55	0.001	1	BP
GO:0035637	multicellular organismal signaling	34	18	9.2	0.00111	1	BP
GO:0043687	post-translational protein modification	59	27	15.97	0.00135	1	BP
GO:2000811	negative regulation of anoikis	5	5	1.35	0.00143	1	BP
GO:0042391	regulation of membrane potential	89	37	24.08	0.00172	1	BP
GO:0016241	regulation of macroautophagy	30	16	8.12	0.0019	1	BP
GO:0030968	endoplasmic reticulum unfolded protein r...	25	14	6.76	0.00198	1	BP
GO:0090328	regulation of olfactory learning	11	8	2.98	0.00203	1	BP
GO:0032222	regulation of synaptic transmission, cho...	7	6	1.89	0.00207	1	BP
GO:0010460	positive regulation of heart rate	9	7	2.44	0.00218	1	BP
GO:0033138	positive regulation of peptidyl-serine p...	18	11	4.87	0.0024	1	BP
GO:0009409	response to cold	18	11	4.87	0.0024	1	BP
GO:0030534	adult behavior	70	30	18.94	0.00268	1	BP
GO:0019722	calcium-mediated signaling	50	23	13.53	0.00281	1	BP
GO:0051480	regulation of cytosolic calcium ion conc...	56	25	15.15	0.00309	1	BP
GO:0001666	response to hypoxia	74	31	20.02	0.00351	1	BP
GO:0009612	response to mechanical stimulus	72	30	19.48	0.00447	1	BP
GO:0007214	gamma-aminobutyric acid signaling pathwa...	12	8	3.25	0.00465	1	BP
GO:0006874	cellular calcium ion homeostasis	78	37	21.11	0.0047	1	BP
GO:0043524	negative regulation of neuron apoptotic ...	27	14	7.31	0.0051	1	BP
GO:0034249	negative regulation of cellular amide me...	27	14	7.31	0.0051	1	BP
GO:0038166	angiotensin-activated signaling pathway	4	4	1.08	0.00532	1	BP
GO:0035902	response to immobilization stress	4	4	1.08	0.00532	1	BP
GO:1905906	regulation of amyloid fibril formation	4	4	1.08	0.00532	1	BP
GO:0071455	cellular response to hyperoxia	4	4	1.08	0.00532	1	BP
GO:0006750	glutathione biosynthetic process	10	7	2.71	0.00558	1	BP
GO:1904645	response to amyloid-beta	10	7	2.71	0.00558	1	BP
GO:1900271	regulation of long-term synaptic potenti...	10	7	2.71	0.00558	1	BP
GO:0010524	positive regulation of calcium ion trans...	10	7	2.71	0.00558	1	BP
GO:0002118	aggressive behavior	17	10	4.6	0.00559	1	BP
GO:0009416	response to light stimulus	82	33	22.19	0.00561	1	BP
GO:1905898	positive regulation of response to endop...	8	6	2.16	0.0064	1	BP
GO:0010812	negative regulation of cell-substrate ad...	8	6	2.16	0.0064	1	BP
GO:0050671	positive regulation of lymphocyte prolif...	8	6	2.16	0.0064	1	BP
GO:0001782	B cell homeostasis	8	6	2.16	0.0064	1	BP
GO:0006412	translation	98	38	26.52	0.0064	1	BP
GO:0001976	nervous system process involved in regul...	6	5	1.62	0.00666	1	BP
GO:0050853	B cell receptor signaling pathway	6	5	1.62	0.00666	1	BP
GO:0051928	positive regulation of calcium ion trans...	25	16	6.76	0.00681	1	BP
GO:0048512	circadian behavior	36	17	9.74	0.00712	1	BP
GO:0043255	regulation of carbohydrate biosynthetic ...	15	9	4.06	0.00721	1	BP
GO:0045428	regulation of nitric oxide biosynthetic ...	15	9	4.06	0.00721	1	BP
GO:1903052	positive regulation of proteolysis invol...	28	14	7.58	0.00772	1	BP
GO:0046928	regulation of neurotransmitter secretion	23	12	6.22	0.00884	1	BP
GO:0097193	intrinsic apoptotic signaling pathway	54	23	14.61	0.00901	1	BP
GO:0033238	regulation of cellular amine metabolic p...	13	8	3.52	0.00926	1	BP
GO:0030433	ubiquitin-dependent ERAD pathway	13	8	3.52	0.00926	1	BP
GO:0045777	positive regulation of blood pressure	13	8	3.52	0.00926	1	BP
GO:0050999	regulation of nitric-oxide synthase acti...	13	8	3.52	0.00926	1	BP
GO:0051489	regulation of filopodium assembly	13	8	3.52	0.00926	1	BP
GO:0019217	regulation of fatty acid metabolic proce...	18	10	4.87	0.00959	1	BP
GO:0006813	potassium ion transport	37	17	10.01	0.00995	1	BP
GO:0032412	regulation of ion transmembrane transpor...	37	17	10.01	0.00995	1	BP
GO:2000060	positive regulation of ubiquitin-depende...	26	13	7.04	0.01017	1	BP
GO:0034250	positive regulation of cellular amide me...	26	13	7.04	0.01017	1	BP
GO:0001508	action potential	40	18	10.82	0.01045	1	BP
GO:0030431	sleep	29	14	7.85	0.0113	1	BP
GO:0002181	cytoplasmic translation	29	14	7.85	0.0113	1	BP
GO:0042113	B cell activation	29	14	7.85	0.0113	1	BP
GO:0042745	circadian sleep/wake cycle	21	11	5.68	0.01167	1	BP
GO:0042749	regulation of circadian sleep/wake cycle	21	11	5.68	0.01167	1	BP
GO:2000106	regulation of leukocyte apoptotic proces...	11	7	2.98	0.0118	1	BP
GO:0006821	chloride transport	32	15	8.66	0.01223	1	BP
GO:0036473	cell death in response to oxidative stre...	16	9	4.33	0.0126	1	BP
GO:0050805	negative regulation of synaptic transmis...	38	17	10.28	0.0136	1	BP
GO:0010608	post-transcriptional regulation of gene ...	74	29	20.02	0.01395	1	BP
GO:0003084	positive regulation of systemic arterial...	9	6	2.44	0.01483	1	BP
GO:0060759	regulation of response to cytokine stimu...	9	6	2.44	0.01483	1	BP
GO:0001959	regulation of cytokine-mediated signalin...	9	6	2.44	0.01483	1	BP
GO:0015918	sterol transport	9	6	2.44	0.01483	1	BP
GO:0010939	regulation of necrotic cell death	9	6	2.44	0.01483	1	BP
GO:0006111	regulation of gluconeogenesis	9	6	2.44	0.01483	1	BP
GO:1901800	positive regulation of proteasomal prote...	27	13	7.31	0.01488	1	BP
GO:1903008	organelle disassembly	14	8	3.79	0.01657	1	BP
GO:0016239	positive regulation of macroautophagy	14	8	3.79	0.01657	1	BP
GO:2000378	negative regulation of reactive oxygen s...	14	8	3.79	0.01657	1	BP
GO:0002121	inter-male aggressive behavior	14	8	3.79	0.01657	1	BP
GO:0061041	regulation of wound healing	22	11	5.95	0.01776	1	BP
GO:0061337	cardiac conduction	22	11	5.95	0.01776	1	BP
GO:1903427	negative regulation of reactive oxygen s...	7	5	1.89	0.01814	1	BP
GO:0045019	negative regulation of nitric oxide bios...	7	5	1.89	0.01814	1	BP
GO:1900273	positive regulation of long-term synapti...	7	5	1.89	0.01814	1	BP
GO:0051001	negative regulation of nitric-oxide synt...	7	5	1.89	0.01814	1	BP
GO:1904406	negative regulation of nitric oxide meta...	7	5	1.89	0.01814	1	BP
GO:0051491	positive regulation of filopodium assemb...	7	5	1.89	0.01814	1	BP
GO:0072331	signal transduction by p53 class mediato...	42	18	11.36	0.01858	1	BP
GO:0034599	cellular response to oxidative stress	60	24	16.24	0.01859	1	BP
GO:0006979	response to oxidative stress	104	38	28.14	0.01893	1	BP
GO:0032436	positive regulation of proteasomal ubiqu...	25	12	6.76	0.01963	1	BP
GO:0007589	body fluid secretion	25	12	6.76	0.01963	1	BP
GO:0031331	positive regulation of cellular cataboli...	82	31	22.19	0.01971	1	BP
GO:0003025	regulation of systemic arterial blood pr...	3	3	0.81	0.01973	1	BP
GO:0060749	mammary gland alveolus development	3	3	0.81	0.01973	1	BP
GO:0042590	antigen processing and presentation of e...	3	3	0.81	0.01973	1	BP
GO:0031953	negative regulation of protein autophosp...	3	3	0.81	0.01973	1	BP
GO:0033209	tumor necrosis factor-mediated signaling...	3	3	0.81	0.01973	1	BP
GO:0001982	baroreceptor response to decreased syste...	3	3	0.81	0.01973	1	BP
GO:0001988	positive regulation of heart rate involv...	3	3	0.81	0.01973	1	BP
GO:0001978	regulation of systemic arterial blood pr...	3	3	0.81	0.01973	1	BP
GO:0061377	mammary gland lobule development	3	3	0.81	0.01973	1	BP
GO:0070229	negative regulation of lymphocyte apopto...	3	3	0.81	0.01973	1	BP
GO:0072177	mesonephric duct development	3	3	0.81	0.01973	1	BP
GO:1900272	negative regulation of long-term synapti...	3	3	0.81	0.01973	1	BP
GO:1905920	positive regulation of CoA-transferase a...	3	3	0.81	0.01973	1	BP
GO:1905921	regulation of acetylcholine biosynthetic...	3	3	0.81	0.01973	1	BP
GO:1905923	positive regulation of acetylcholine bio...	3	3	0.81	0.01973	1	BP
GO:1905918	regulation of CoA-transferase activity	3	3	0.81	0.01973	1	BP
GO:0002763	positive regulation of myeloid leukocyte...	3	3	0.81	0.01973	1	BP
GO:0050812	regulation of acyl-CoA biosynthetic proc...	3	3	0.81	0.01973	1	BP
GO:2000107	negative regulation of leukocyte apoptot...	3	3	0.81	0.01973	1	BP
GO:2000251	positive regulation of actin cytoskeleto...	3	3	0.81	0.01973	1	BP
GO:2000270	negative regulation of fibroblast apopto...	3	3	0.81	0.01973	1	BP
GO:0060056	mammary gland involution	3	3	0.81	0.01973	1	BP
GO:0010510	regulation of acetyl-CoA biosynthetic pr...	3	3	0.81	0.01973	1	BP
GO:0006086	acetyl-CoA biosynthetic process from pyr...	3	3	0.81	0.01973	1	BP
GO:0032906	transforming growth factor beta2 product...	3	3	0.81	0.01973	1	BP
GO:0032909	regulation of transforming growth factor...	3	3	0.81	0.01973	1	BP
GO:0045672	positive regulation of osteoclast differ...	3	3	0.81	0.01973	1	BP
GO:0060408	regulation of acetylcholine metabolic pr...	3	3	0.81	0.01973	1	BP
GO:0060409	positive regulation of acetylcholine met...	3	3	0.81	0.01973	1	BP
GO:0042102	positive regulation of T cell proliferat...	3	3	0.81	0.01973	1	BP
GO:0060112	generation of ovulation cycle rhythm	3	3	0.81	0.01973	1	BP
GO:0006613	cotranslational protein targeting to mem...	17	9	4.6	0.02047	1	BP
GO:0070509	calcium ion import	17	9	4.6	0.02047	1	BP
GO:0043266	regulation of potassium ion transport	17	9	4.6	0.02047	1	BP
GO:0033483	gas homeostasis	5	4	1.35	0.02087	1	BP
GO:1903332	regulation of protein folding	5	4	1.35	0.02087	1	BP
GO:0140059	dendrite arborization	5	4	1.35	0.02087	1	BP
GO:0008291	acetylcholine metabolic process	5	4	1.35	0.02087	1	BP
GO:0008292	acetylcholine biosynthetic process	5	4	1.35	0.02087	1	BP
GO:1902083	negative regulation of peptidyl-cysteine...	5	4	1.35	0.02087	1	BP
GO:1902004	positive regulation of amyloid-beta form...	5	4	1.35	0.02087	1	BP
GO:0043171	peptide catabolic process	5	4	1.35	0.02087	1	BP
GO:2000169	regulation of peptidyl-cysteine S-nitros...	5	4	1.35	0.02087	1	BP
GO:1900620	acetate ester biosynthetic process	5	4	1.35	0.02087	1	BP
GO:1900619	acetate ester metabolic process	5	4	1.35	0.02087	1	BP
GO:2000249	regulation of actin cytoskeleton reorgan...	5	4	1.35	0.02087	1	BP
GO:0071168	protein localization to chromatin	5	4	1.35	0.02087	1	BP
GO:0048662	negative regulation of smooth muscle cel...	5	4	1.35	0.02087	1	BP
GO:1902993	positive regulation of amyloid precursor...	5	4	1.35	0.02087	1	BP
GO:0042416	dopamine biosynthetic process	5	4	1.35	0.02087	1	BP
GO:0070265	necrotic cell death	12	7	3.25	0.0218	1	BP
GO:0000422	autophagy of mitochondrion	12	7	3.25	0.0218	1	BP
GO:0061726	mitochondrion disassembly	12	7	3.25	0.0218	1	BP
GO:0009415	response to water	12	7	3.25	0.0218	1	BP
GO:0071887	leukocyte apoptotic process	12	7	3.25	0.0218	1	BP
GO:0051481	negative regulation of cytosolic calcium...	12	7	3.25	0.0218	1	BP
GO:0031326	regulation of cellular biosynthetic proc...	544	169	147.2	0.02207	1	BP
GO:0070588	calcium ion transmembrane transport	59	27	15.97	0.02216	1	BP
GO:0071805	potassium ion transmembrane transport	31	14	8.39	0.0222	1	BP
GO:0098661	inorganic anion transmembrane transport	34	15	9.2	0.02301	1	BP
GO:0042752	regulation of circadian rhythm	34	15	9.2	0.02301	1	BP
GO:0045047	protein targeting to ER	20	10	5.41	0.02356	1	BP
GO:0019226	transmission of nerve impulse	20	10	5.41	0.02356	1	BP
GO:0031646	positive regulation of nervous system pr...	23	11	6.22	0.02594	1	BP
GO:2001257	regulation of cation channel activity	23	11	6.22	0.02594	1	BP
GO:0017148	negative regulation of translation	23	11	6.22	0.02594	1	BP
GO:0045444	fat cell differentiation	26	12	7.04	0.02773	1	BP
GO:0001505	regulation of neurotransmitter levels	95	39	25.71	0.02774	1	BP
GO:0044093	positive regulation of molecular functio...	254	82	68.73	0.02813	1	BP
GO:1903203	regulation of oxidative stress-induced n...	10	6	2.71	0.0287	1	BP
GO:0002026	regulation of the force of heart contrac...	10	6	2.71	0.0287	1	BP
GO:0070228	regulation of lymphocyte apoptotic proce...	10	6	2.71	0.0287	1	BP
GO:2000463	positive regulation of excitatory postsy...	10	6	2.71	0.0287	1	BP
GO:0021680	cerebellar Purkinje cell layer developme...	10	6	2.71	0.0287	1	BP
GO:0036475	neuron death in response to oxidative st...	10	6	2.71	0.0287	1	BP
GO:0007568	aging	123	43	33.28	0.02883	1	BP
GO:0051592	response to calcium ion	29	13	7.85	0.02904	1	BP
GO:0008277	regulation of G protein-coupled receptor...	29	13	7.85	0.02904	1	BP
GO:1902476	chloride transmembrane transport	29	13	7.85	0.02904	1	BP
GO:0006612	protein targeting to membrane	32	14	8.66	0.02994	1	BP
GO:0010212	response to ionizing radiation	32	14	8.66	0.02994	1	BP
GO:0007601	visual perception	32	14	8.66	0.02994	1	BP
GO:0008344	adult locomotory behavior	35	15	9.47	0.03053	1	BP
GO:2000377	regulation of reactive oxygen species me...	38	16	10.28	0.03085	1	BP
GO:0050906	detection of stimulus involved in sensor...	44	18	11.91	0.03089	1	BP
GO:0016567	protein ubiquitination	117	41	31.66	0.03116	1	BP
GO:0000184	nuclear-transcribed mRNA catabolic proce...	18	9	4.87	0.03136	1	BP
GO:0006641	triglyceride metabolic process	21	10	5.68	0.03438	1	BP
GO:0060996	dendritic spine development	21	10	5.68	0.03438	1	BP
GO:0072599	establishment of protein localization to...	21	10	5.68	0.03438	1	BP
GO:2000112	regulation of cellular macromolecule bio...	502	152	135.84	0.03529	1	BP
GO:0009582	detection of abiotic stimulus	60	23	16.24	0.03536	1	BP
GO:0009581	detection of external stimulus	57	22	15.42	0.0362	1	BP
GO:0070647	protein modification by small protein co...	158	53	42.75	0.03638	1	BP
GO:0008088	axo-dendritic transport	13	7	3.52	0.03643	1	BP
GO:0032007	negative regulation of TOR signaling	13	7	3.52	0.03643	1	BP
GO:0045744	negative regulation of G protein-coupled...	13	7	3.52	0.03643	1	BP
GO:0046326	positive regulation of glucose import	8	5	2.16	0.03772	1	BP
GO:0042987	amyloid precursor protein catabolic proc...	8	5	2.16	0.03772	1	BP
GO:0006984	ER-nucleus signaling pathway	8	5	2.16	0.03772	1	BP
GO:0030301	cholesterol transport	8	5	2.16	0.03772	1	BP
GO:0051412	response to corticosterone	8	5	2.16	0.03772	1	BP
GO:0038061	NIK/NF-kappaB signaling	8	5	2.16	0.03772	1	BP
GO:0000956	nuclear-transcribed mRNA catabolic proce...	27	12	7.31	0.03802	1	BP
GO:0055088	lipid homeostasis	30	13	8.12	0.03897	1	BP
GO:0010921	regulation of phosphatase activity	30	13	8.12	0.03897	1	BP
GO:1902115	regulation of organelle assembly	42	17	11.36	0.03937	1	BP
GO:0032268	regulation of cellular protein metabolic...	348	108	94.17	0.03946	1	BP
GO:0050953	sensory perception of light stimulus	33	14	8.93	0.0395	1	BP
GO:1903034	regulation of response to wounding	39	16	10.55	0.03964	1	BP
GO:0032970	regulation of actin filament-based proce...	67	25	18.13	0.04036	1	BP
GO:0010556	regulation of macromolecule biosynthetic...	515	155	139.36	0.0414	1	BP
GO:0051881	regulation of mitochondrial membrane pot...	16	8	4.33	0.04191	1	BP
GO:0006614	SRP-dependent cotranslational protein ta...	16	8	4.33	0.04191	1	BP
GO:0032414	positive regulation of ion transmembrane...	16	8	4.33	0.04191	1	BP
GO:1902882	regulation of response to oxidative stre...	16	8	4.33	0.04191	1	BP
GO:0071277	cellular response to calcium ion	16	8	4.33	0.04191	1	BP
GO:0006836	neurotransmitter transport	72	31	19.48	0.04277	1	BP
GO:0043085	positive regulation of catalytic activit...	207	67	56.01	0.04319	1	BP
GO:0006417	regulation of translation	55	21	14.88	0.04518	1	BP
GO:1903426	regulation of reactive oxygen species bi...	19	9	5.14	0.0457	1	BP
GO:0007600	sensory perception	150	50	40.59	0.04628	1	BP
GO:0008306	associative learning	51	24	13.8	0.04628	1	BP
GO:0098660	inorganic ion transmembrane transport	168	59	45.46	0.04649	1	BP
GO:0009896	positive regulation of catabolic process	97	34	26.25	0.04713	1	BP
GO:0034764	positive regulation of transmembrane tra...	38	19	10.28	0.04793	1	BP
GO:0006638	neutral lipid metabolic process	22	10	5.95	0.04823	1	BP
GO:0006639	acylglycerol metabolic process	22	10	5.95	0.04823	1	BP
GO:0110020	regulation of actomyosin structure organ...	22	10	5.95	0.04823	1	BP
GO:0071248	cellular response to metal ion	46	18	12.45	0.04842	1	BP
GO:0006470	protein dephosphorylation	46	18	12.45	0.04842	1	BP
GO:0090659	walking behavior	11	6	2.98	0.04898	1	BP
GO:0061098	positive regulation of protein tyrosine ...	11	6	2.98	0.04898	1	BP
GO:1903779	regulation of cardiac conduction	11	6	2.98	0.04898	1	BP
GO:0046189	phenol-containing compound biosynthetic ...	11	6	2.98	0.04898	1	BP
GO:0070227	lymphocyte apoptotic process	11	6	2.98	0.04898	1	BP
GO:0050893	sensory processing	11	6	2.98	0.04898	1	BP
GO:0032570	response to progesterone	11	6	2.98	0.04898	1	BP
GO:1902883	negative regulation of response to oxida...	11	6	2.98	0.04898	1	BP
GO:0045745	positive regulation of G protein-coupled...	11	6	2.98	0.04898	1	BP
GO:0007628	adult walking behavior	11	6	2.98	0.04898	1	BP
GO:0016048	detection of temperature stimulus	11	6	2.98	0.04898	1	BP
GO:0042417	dopamine metabolic process	11	6	2.98	0.04898	1	BP
GO:0016311	dephosphorylation	81	29	21.92	0.04914	1	BP
GO:0008053	mitochondrial fusion	6	4	1.62	0.04927	1	BP
GO:0060547	negative regulation of necrotic cell dea...	6	4	1.62	0.04927	1	BP
GO:0051599	response to hydrostatic pressure	6	4	1.62	0.04927	1	BP
GO:2001258	negative regulation of cation channel ac...	6	4	1.62	0.04927	1	BP
GO:0033194	response to hydroperoxide	6	4	1.62	0.04927	1	BP
GO:0055090	acylglycerol homeostasis	6	4	1.62	0.04927	1	BP
GO:0033240	positive regulation of cellular amine me...	6	4	1.62	0.04927	1	BP
GO:0001953	negative regulation of cell-matrix adhes...	6	4	1.62	0.04927	1	BP
GO:1903204	negative regulation of oxidative stress-...	6	4	1.62	0.04927	1	BP
GO:0070328	triglyceride homeostasis	6	4	1.62	0.04927	1	BP
GO:0086103	G protein-coupled receptor signaling pat...	6	4	1.62	0.04927	1	BP
GO:1902003	regulation of amyloid-beta formation	6	4	1.62	0.04927	1	BP
GO:0018119	peptidyl-cysteine S-nitrosylation	6	4	1.62	0.04927	1	BP
GO:0046843	dorsal appendage formation	6	4	1.62	0.04927	1	BP
GO:0032469	endoplasmic reticulum calcium ion homeos...	6	4	1.62	0.04927	1	BP
GO:0002474	antigen processing and presentation of p...	6	4	1.62	0.04927	1	BP
GO:0015870	acetylcholine transport	6	4	1.62	0.04927	1	BP
GO:0048147	negative regulation of fibroblast prolif...	6	4	1.62	0.04927	1	BP
GO:0050849	negative regulation of calcium-mediated ...	6	4	1.62	0.04927	1	BP
GO:0006071	glycerol metabolic process	6	4	1.62	0.04927	1	BP
GO:0098743	cell aggregation	6	4	1.62	0.04927	1	BP
GO:0019400	alditol metabolic process	6	4	1.62	0.04927	1	BP
GO:0048668	collateral sprouting	6	4	1.62	0.04927	1	BP
GO:1901374	acetate ester transport	6	4	1.62	0.04927	1	BP
GO:1902991	regulation of amyloid precursor protein ...	6	4	1.62	0.04927	1	BP
GO:0034205	amyloid-beta formation	6	4	1.62	0.04927	1	BP
GO:0002920	regulation of humoral immune response	6	4	1.62	0.04927	1	BP
GO:0002902	regulation of B cell apoptotic process	6	4	1.62	0.04927	1	BP
GO:0001783	B cell apoptotic process	6	4	1.62	0.04927	1	BP
GO:0031396	regulation of protein ubiquitination	43	17	11.64	0.04933	1	BP
GO:0051240	positive regulation of multicellular org...	324	104	87.67	0.04957	1	BP
GO:0050848	regulation of calcium-mediated signaling	25	11	6.76	0.04982	1	BP
GO:0099111	microtubule-based transport	28	12	7.58	0.05072	1	BP
GO:0099565	chemical synaptic transmission, postsyna...	31	13	8.39	0.05108	1	BP
GO:0060078	regulation of postsynaptic membrane pote...	31	13	8.39	0.05108	1	BP
GO:0048699	generation of neurons	415	126	112.3	0.05157	1	BP
GO:0032870	cellular response to hormone stimulus	139	49	37.61	0.05245	1	BP
GO:0006518	peptide metabolic process	137	57	37.07	0.05322	1	BP
GO:0009889	regulation of biosynthetic process	550	170	148.83	0.05432	1	BP
GO:0045859	regulation of protein kinase activity	128	43	34.64	0.05503	1	BP
GO:1903320	regulation of protein modification by sm...	53	20	14.34	0.05624	1	BP
GO:0000209	protein polyubiquitination	53	20	14.34	0.05624	1	BP
GO:2001244	positive regulation of intrinsic apoptot...	14	7	3.79	0.0563	1	BP
GO:0070059	intrinsic apoptotic signaling pathway in...	14	7	3.79	0.0563	1	BP
GO:0046324	regulation of glucose import	14	7	3.79	0.0563	1	BP
GO:0060998	regulation of dendritic spine developmen...	14	7	3.79	0.0563	1	BP
GO:1903201	regulation of oxidative stress-induced c...	14	7	3.79	0.0563	1	BP
GO:0007595	lactation	14	7	3.79	0.0563	1	BP
GO:0002027	regulation of heart rate	26	15	7.04	0.05826	1	BP
GO:0007635	chemosensory behavior	49	23	13.26	0.05913	1	BP
GO:0062149	detection of stimulus involved in sensor...	17	8	4.6	0.06097	1	BP
GO:0086003	cardiac muscle cell contraction	17	8	4.6	0.06097	1	BP
GO:0032092	positive regulation of protein binding	17	8	4.6	0.06097	1	BP
GO:0032411	positive regulation of transporter activ...	17	8	4.6	0.06097	1	BP
GO:0008630	intrinsic apoptotic signaling pathway in...	17	8	4.6	0.06097	1	BP
GO:0007416	synapse assembly	63	23	17.05	0.061	1	BP
GO:0006401	RNA catabolic process	41	16	11.09	0.06234	1	BP
GO:1903044	protein localization to membrane raft	4	3	1.08	0.06298	1	BP
GO:0044065	regulation of respiratory system process	4	3	1.08	0.06298	1	BP
GO:0098909	regulation of cardiac muscle cell action...	4	3	1.08	0.06298	1	BP
GO:0051895	negative regulation of focal adhesion as...	4	3	1.08	0.06298	1	BP
GO:0060544	regulation of necroptotic process	4	3	1.08	0.06298	1	BP
GO:0060546	negative regulation of necroptotic proce...	4	3	1.08	0.06298	1	BP
GO:0150118	negative regulation of cell-substrate ju...	4	3	1.08	0.06298	1	BP
GO:1900084	regulation of peptidyl-tyrosine autophos...	4	3	1.08	0.06298	1	BP
GO:0001937	negative regulation of endothelial cell ...	4	3	1.08	0.06298	1	BP
GO:0002087	regulation of respiratory gaseous exchan...	4	3	1.08	0.06298	1	BP
GO:0140467	integrated stress response signaling	4	3	1.08	0.06298	1	BP
GO:0048056	R3/R4 cell differentiation	4	3	1.08	0.06298	1	BP
GO:1900120	regulation of receptor binding	4	3	1.08	0.06298	1	BP
GO:0032467	positive regulation of cytokinesis	4	3	1.08	0.06298	1	BP
GO:1902430	negative regulation of amyloid-beta form...	4	3	1.08	0.06298	1	BP
GO:0035994	response to muscle stretch	4	3	1.08	0.06298	1	BP
GO:0007464	R3/R4 cell fate commitment	4	3	1.08	0.06298	1	BP
GO:0030540	female genitalia development	4	3	1.08	0.06298	1	BP
GO:0048169	regulation of long-term neuronal synapti...	4	3	1.08	0.06298	1	BP
GO:0072584	caveolin-mediated endocytosis	4	3	1.08	0.06298	1	BP
GO:0002759	regulation of antimicrobial humoral resp...	4	3	1.08	0.06298	1	BP
GO:0045124	regulation of bone resorption	4	3	1.08	0.06298	1	BP
GO:0036098	male germ-line stem cell population main...	4	3	1.08	0.06298	1	BP
GO:1901021	positive regulation of calcium ion trans...	4	3	1.08	0.06298	1	BP
GO:2000765	regulation of cytoplasmic translation	4	3	1.08	0.06298	1	BP
GO:0071462	cellular response to water stimulus	4	3	1.08	0.06298	1	BP
GO:0006085	acetyl-CoA biosynthetic process	4	3	1.08	0.06298	1	BP
GO:0071447	cellular response to hydroperoxide	4	3	1.08	0.06298	1	BP
GO:0090330	regulation of platelet aggregation	4	3	1.08	0.06298	1	BP
GO:0062098	regulation of programmed necrotic cell d...	4	3	1.08	0.06298	1	BP
GO:0062099	negative regulation of programmed necrot...	4	3	1.08	0.06298	1	BP
GO:0036499	PERK-mediated unfolded protein response	4	3	1.08	0.06298	1	BP
GO:1902992	negative regulation of amyloid precursor...	4	3	1.08	0.06298	1	BP
GO:0002904	positive regulation of B cell apoptotic ...	4	3	1.08	0.06298	1	BP
GO:0010940	positive regulation of necrotic cell dea...	4	3	1.08	0.06298	1	BP
GO:1901224	positive regulation of NIK/NF-kappaB sig...	4	3	1.08	0.06298	1	BP
GO:0042762	regulation of sulfur metabolic process	4	3	1.08	0.06298	1	BP
GO:0035303	regulation of dephosphorylation	38	15	10.28	0.06362	1	BP
GO:0070371	ERK1 and ERK2 cascade	38	15	10.28	0.06362	1	BP
GO:1903409	reactive oxygen species biosynthetic pro...	20	9	5.41	0.06381	1	BP
GO:0106027	neuron projection organization	20	9	5.41	0.06381	1	BP
GO:0048149	behavioral response to ethanol	20	9	5.41	0.06381	1	BP
GO:0097061	dendritic spine organization	20	9	5.41	0.06381	1	BP
GO:0010906	regulation of glucose metabolic process	20	9	5.41	0.06381	1	BP
GO:0034329	cell junction assembly	106	36	28.68	0.06504	1	BP
GO:0070972	protein localization to endoplasmic reti...	23	10	6.22	0.06537	1	BP
GO:0071867	response to monoamine	23	10	6.22	0.06537	1	BP
GO:0062197	cellular response to chemical stress	71	28	19.21	0.06555	1	BP
GO:2001235	positive regulation of apoptotic signali...	29	12	7.85	0.06602	1	BP
GO:0018958	phenol-containing compound metabolic pro...	29	12	7.85	0.06602	1	BP
GO:0060079	excitatory postsynaptic potential	29	12	7.85	0.06602	1	BP
GO:0010675	regulation of cellular carbohydrate meta...	26	11	7.04	0.06602	1	BP
GO:0097720	calcineurin-mediated signaling	9	5	2.44	0.06633	1	BP
GO:0033173	calcineurin-NFAT signaling cascade	9	5	2.44	0.06633	1	BP
GO:0061045	negative regulation of wound healing	9	5	2.44	0.06633	1	BP
GO:0051602	response to electrical stimulus	9	5	2.44	0.06633	1	BP
GO:0002029	desensitization of G protein-coupled rec...	9	5	2.44	0.06633	1	BP
GO:0015800	acidic amino acid transport	9	5	2.44	0.06633	1	BP
GO:0032769	negative regulation of monooxygenase act...	9	5	2.44	0.06633	1	BP
GO:0043267	negative regulation of potassium ion tra...	9	5	2.44	0.06633	1	BP
GO:0010828	positive regulation of glucose transmemb...	9	5	2.44	0.06633	1	BP
GO:0036003	positive regulation of transcription fro...	9	5	2.44	0.06633	1	BP
GO:0014047	glutamate secretion	9	5	2.44	0.06633	1	BP
GO:0090279	regulation of calcium ion import	9	5	2.44	0.06633	1	BP
GO:0042136	neurotransmitter biosynthetic process	9	5	2.44	0.06633	1	BP
GO:0010907	positive regulation of glucose metabolic...	9	5	2.44	0.06633	1	BP
GO:1901654	response to ketone	54	20	14.61	0.06756	1	BP
GO:0034330	cell junction organization	156	55	42.21	0.06784	1	BP
GO:0019098	reproductive behavior	67	24	18.13	0.06925	1	BP
GO:0036293	response to decreased oxygen levels	76	33	20.57	0.07007	1	BP
GO:0034248	regulation of cellular amide metabolic p...	66	29	17.86	0.07147	1	BP
GO:0032446	protein modification by small protein co...	127	42	34.37	0.07236	1	BP
GO:1903071	positive regulation of ER-associated ubi...	2	2	0.54	0.07312	1	BP
GO:0051296	establishment of meiotic spindle orienta...	2	2	0.54	0.07312	1	BP
GO:1901844	regulation of cell communication by elec...	2	2	0.54	0.07312	1	BP
GO:0016479	negative regulation of transcription by ...	2	2	0.54	0.07312	1	BP
GO:0006751	glutathione catabolic process	2	2	0.54	0.07312	1	BP
GO:0086098	angiotensin-activated signaling pathway ...	2	2	0.54	0.07312	1	BP
GO:0022417	protein maturation by protein folding	2	2	0.54	0.07312	1	BP
GO:1905038	regulation of membrane lipid metabolic p...	2	2	0.54	0.07312	1	BP
GO:0051835	positive regulation of synapse structura...	2	2	0.54	0.07312	1	BP
GO:0033484	nitric oxide homeostasis	2	2	0.54	0.07312	1	BP
GO:0099120	socially cooperative development	2	2	0.54	0.07312	1	BP
GO:1903334	positive regulation of protein folding	2	2	0.54	0.07312	1	BP
GO:0044387	negative regulation of protein kinase ac...	2	2	0.54	0.07312	1	BP
GO:0060625	regulation of protein deneddylation	2	2	0.54	0.07312	1	BP
GO:0055091	phospholipid homeostasis	2	2	0.54	0.07312	1	BP
GO:0035357	peroxisome proliferator activated recept...	2	2	0.54	0.07312	1	BP
GO:0035309	wing and notum subfield formation	2	2	0.54	0.07312	1	BP
GO:0008348	negative regulation of antimicrobial hum...	2	2	0.54	0.07312	1	BP
GO:0061030	epithelial cell differentiation involved...	2	2	0.54	0.07312	1	BP
GO:0038189	neuropilin signaling pathway	2	2	0.54	0.07312	1	BP
GO:0038110	interleukin-2-mediated signaling pathway	2	2	0.54	0.07312	1	BP
GO:1901979	regulation of inward rectifier potassium...	2	2	0.54	0.07312	1	BP
GO:0042994	cytoplasmic sequestering of transcriptio...	2	2	0.54	0.07312	1	BP
GO:0072050	S-shaped body morphogenesis	2	2	0.54	0.07312	1	BP
GO:1900085	negative regulation of peptidyl-tyrosine...	2	2	0.54	0.07312	1	BP
GO:0072015	podocyte development	2	2	0.54	0.07312	1	BP
GO:0099563	modification of synaptic structure	2	2	0.54	0.07312	1	BP
GO:0032055	negative regulation of translation in re...	2	2	0.54	0.07312	1	BP
GO:0046167	glycerol-3-phosphate biosynthetic proces...	2	2	0.54	0.07312	1	BP
GO:1903897	regulation of PERK-mediated unfolded pro...	2	2	0.54	0.07312	1	BP
GO:0044860	protein localization to plasma membrane ...	2	2	0.54	0.07312	1	BP
GO:1903596	regulation of gap junction assembly	2	2	0.54	0.07312	1	BP
GO:1903598	positive regulation of gap junction asse...	2	2	0.54	0.07312	1	BP
GO:0061441	renal artery morphogenesis	2	2	0.54	0.07312	1	BP
GO:0061438	renal system vasculature morphogenesis	2	2	0.54	0.07312	1	BP
GO:0061439	kidney vasculature morphogenesis	2	2	0.54	0.07312	1	BP
GO:0072310	glomerular epithelial cell development	2	2	0.54	0.07312	1	BP
GO:0075509	endocytosis involved in viral entry into...	2	2	0.54	0.07312	1	BP
GO:0070291	N-acylethanolamine metabolic process	2	2	0.54	0.07312	1	BP
GO:0044539	long-chain fatty acid import into cell	2	2	0.54	0.07312	1	BP
GO:0070233	negative regulation of T cell apoptotic ...	2	2	0.54	0.07312	1	BP
GO:1903609	negative regulation of inward rectifier ...	2	2	0.54	0.07312	1	BP
GO:0035502	metanephric part of ureteric bud develop...	2	2	0.54	0.07312	1	BP
GO:0035694	mitochondrial protein catabolic process	2	2	0.54	0.07312	1	BP
GO:1900122	positive regulation of receptor binding	2	2	0.54	0.07312	1	BP
GO:0008626	granzyme-mediated apoptotic signaling pa...	2	2	0.54	0.07312	1	BP
GO:0061771	response to caloric restriction	2	2	0.54	0.07312	1	BP
GO:1900103	positive regulation of endoplasmic retic...	2	2	0.54	0.07312	1	BP
GO:0008635	activation of cysteine-type endopeptidas...	2	2	0.54	0.07312	1	BP
GO:0002328	pro-B cell differentiation	2	2	0.54	0.07312	1	BP
GO:0072284	metanephric S-shaped body morphogenesis	2	2	0.54	0.07312	1	BP
GO:0002479	antigen processing and presentation of e...	2	2	0.54	0.07312	1	BP
GO:0070535	histone H2A K63-linked ubiquitination	2	2	0.54	0.07312	1	BP
GO:0021855	hypothalamus cell migration	2	2	0.54	0.07312	1	BP
GO:0030587	sorocarp development	2	2	0.54	0.07312	1	BP
GO:0034059	response to anoxia	2	2	0.54	0.07312	1	BP
GO:0140507	granzyme-mediated programmed cell death ...	2	2	0.54	0.07312	1	BP
GO:0019065	receptor-mediated endocytosis of virus b...	2	2	0.54	0.07312	1	BP
GO:0040021	hermaphrodite germ-line sex determinatio...	2	2	0.54	0.07312	1	BP
GO:0032876	negative regulation of DNA endoreduplica...	2	2	0.54	0.07312	1	BP
GO:0032847	regulation of cellular pH reduction	2	2	0.54	0.07312	1	BP
GO:0032849	positive regulation of cellular pH reduc...	2	2	0.54	0.07312	1	BP
GO:0046900	tetrahydrofolylpolyglutamate metabolic p...	2	2	0.54	0.07312	1	BP
GO:2000766	negative regulation of cytoplasmic trans...	2	2	0.54	0.07312	1	BP
GO:0010803	regulation of tumor necrosis factor-medi...	2	2	0.54	0.07312	1	BP
GO:0071315	cellular response to morphine	2	2	0.54	0.07312	1	BP
GO:0071317	cellular response to isoquinoline alkalo...	2	2	0.54	0.07312	1	BP
GO:0042006	masculinization of hermaphroditic germ-l...	2	2	0.54	0.07312	1	BP
GO:0060074	synapse maturation	2	2	0.54	0.07312	1	BP
GO:0014067	negative regulation of phosphatidylinosi...	2	2	0.54	0.07312	1	BP
GO:0002634	regulation of germinal center formation	2	2	0.54	0.07312	1	BP
GO:0051000	positive regulation of nitric-oxide synt...	2	2	0.54	0.07312	1	BP
GO:0009726	detection of endogenous stimulus	2	2	0.54	0.07312	1	BP
GO:0045835	negative regulation of meiotic nuclear d...	2	2	0.54	0.07312	1	BP
GO:0032915	positive regulation of transforming grow...	2	2	0.54	0.07312	1	BP
GO:0036490	regulation of translation in response to...	2	2	0.54	0.07312	1	BP
GO:0031152	aggregation involved in sorocarp develop...	2	2	0.54	0.07312	1	BP
GO:2000618	regulation of histone H4-K16 acetylation	2	2	0.54	0.07312	1	BP
GO:0045662	negative regulation of myoblast differen...	2	2	0.54	0.07312	1	BP
GO:0090153	regulation of sphingolipid biosynthetic ...	2	2	0.54	0.07312	1	BP
GO:0071722	detoxification of arsenic-containing sub...	2	2	0.54	0.07312	1	BP
GO:0031268	pseudopodium organization	2	2	0.54	0.07312	1	BP
GO:0098630	aggregation of unicellular organisms	2	2	0.54	0.07312	1	BP
GO:0002921	negative regulation of humoral immune re...	2	2	0.54	0.07312	1	BP
GO:1990255	subsynaptic reticulum organization	2	2	0.54	0.07312	1	BP
GO:1904706	negative regulation of vascular associat...	2	2	0.54	0.07312	1	BP
GO:1901203	positive regulation of extracellular mat...	2	2	0.54	0.07312	1	BP
GO:0045977	positive regulation of mitotic cell cycl...	2	2	0.54	0.07312	1	BP
GO:1903069	regulation of ER-associated ubiquitin-de...	2	2	0.54	0.07312	1	BP
GO:0097411	hypoxia-inducible factor-1alpha signalin...	2	2	0.54	0.07312	1	BP
GO:0006903	vesicle targeting	12	6	3.25	0.07615	1	BP
GO:0046785	microtubule polymerization	12	6	3.25	0.07615	1	BP
GO:0032835	glomerulus development	12	6	3.25	0.07615	1	BP
GO:1901379	regulation of potassium ion transmembran...	12	6	3.25	0.07615	1	BP
GO:0097746	blood vessel diameter maintenance	42	16	11.36	0.07648	1	BP
GO:0031032	actomyosin structure organization	42	16	11.36	0.07648	1	BP
GO:0043549	regulation of kinase activity	138	45	37.34	0.07932	1	BP
GO:0042048	olfactory behavior	32	17	8.66	0.08161	1	BP
GO:1900407	regulation of cellular response to oxida...	15	7	4.06	0.08172	1	BP
GO:0010332	response to gamma radiation	15	7	4.06	0.08172	1	BP
GO:0007614	short-term memory	15	7	4.06	0.08172	1	BP
GO:0051338	regulation of transferase activity	159	51	43.02	0.08365	1	BP
GO:0016070	RNA metabolic process	602	176	162.9	0.08386	1	BP
GO:0009411	response to UV	30	12	8.12	0.08406	1	BP
GO:0031398	positive regulation of protein ubiquitin...	30	12	8.12	0.08406	1	BP
GO:0051298	centrosome duplication	18	8	4.87	0.08465	1	BP
GO:0034644	cellular response to UV	18	8	4.87	0.08465	1	BP
GO:0051899	membrane depolarization	18	8	4.87	0.08465	1	BP
GO:0097722	sperm motility	18	8	4.87	0.08465	1	BP
GO:0046323	glucose import	18	8	4.87	0.08465	1	BP
GO:0030317	flagellated sperm motility	18	8	4.87	0.08465	1	BP
GO:0046686	response to cadmium ion	18	8	4.87	0.08465	1	BP
GO:0050870	positive regulation of T cell activation	18	8	4.87	0.08465	1	BP
GO:0010507	negative regulation of autophagy	18	8	4.87	0.08465	1	BP
GO:0019751	polyol metabolic process	18	8	4.87	0.08465	1	BP
GO:0090277	positive regulation of peptide hormone s...	27	11	7.31	0.08528	1	BP
GO:0001539	cilium or flagellum-dependent cell motil...	21	9	5.68	0.08587	1	BP
GO:0071868	cellular response to monoamine stimulus	21	9	5.68	0.08587	1	BP
GO:0071869	response to catecholamine	21	9	5.68	0.08587	1	BP
GO:0051492	regulation of stress fiber assembly	21	9	5.68	0.08587	1	BP
GO:0071870	cellular response to catecholamine stimu...	21	9	5.68	0.08587	1	BP
GO:0060285	cilium-dependent cell motility	21	9	5.68	0.08587	1	BP
GO:0051282	regulation of sequestering of calcium io...	24	10	6.49	0.08596	1	BP
GO:2001236	regulation of extrinsic apoptotic signal...	24	10	6.49	0.08596	1	BP
GO:0030038	contractile actin filament bundle assemb...	24	10	6.49	0.08596	1	BP
GO:0032024	positive regulation of insulin secretion	24	10	6.49	0.08596	1	BP
GO:0043149	stress fiber assembly	24	10	6.49	0.08596	1	BP
GO:0010970	transport along microtubule	24	10	6.49	0.08596	1	BP
GO:0007204	positive regulation of cytosolic calcium...	50	22	13.53	0.09034	1	BP
GO:0071621	granulocyte chemotaxis	7	4	1.89	0.09077	1	BP
GO:0003016	respiratory system process	7	4	1.89	0.09077	1	BP
GO:0097120	receptor localization to synapse	7	4	1.89	0.09077	1	BP
GO:1904646	cellular response to amyloid-beta	7	4	1.89	0.09077	1	BP
GO:2001238	positive regulation of extrinsic apoptot...	7	4	1.89	0.09077	1	BP
GO:0044346	fibroblast apoptotic process	7	4	1.89	0.09077	1	BP
GO:0031952	regulation of protein autophosphorylatio...	7	4	1.89	0.09077	1	BP
GO:0140058	neuron projection arborization	7	4	1.89	0.09077	1	BP
GO:0006907	pinocytosis	7	4	1.89	0.09077	1	BP
GO:0035206	regulation of hemocyte proliferation	7	4	1.89	0.09077	1	BP
GO:0002093	auditory receptor cell morphogenesis	7	4	1.89	0.09077	1	BP
GO:0046856	phosphatidylinositol dephosphorylation	7	4	1.89	0.09077	1	BP
GO:1900101	regulation of endoplasmic reticulum unfo...	7	4	1.89	0.09077	1	BP
GO:0008631	intrinsic apoptotic signaling pathway in...	7	4	1.89	0.09077	1	BP
GO:0050435	amyloid-beta metabolic process	7	4	1.89	0.09077	1	BP
GO:0017014	protein nitrosylation	7	4	1.89	0.09077	1	BP
GO:0030593	neutrophil chemotaxis	7	4	1.89	0.09077	1	BP
GO:0043278	response to morphine	7	4	1.89	0.09077	1	BP
GO:2000479	regulation of cAMP-dependent protein kin...	7	4	1.89	0.09077	1	BP
GO:0050771	negative regulation of axonogenesis	7	4	1.89	0.09077	1	BP
GO:2000108	positive regulation of leukocyte apoptot...	7	4	1.89	0.09077	1	BP
GO:0071305	cellular response to vitamin D	7	4	1.89	0.09077	1	BP
GO:0060088	auditory receptor cell stereocilium orga...	7	4	1.89	0.09077	1	BP
GO:0014072	response to isoquinoline alkaloid	7	4	1.89	0.09077	1	BP
GO:0071295	cellular response to vitamin	7	4	1.89	0.09077	1	BP
GO:0031295	T cell costimulation	7	4	1.89	0.09077	1	BP
GO:0006383	transcription by RNA polymerase III	7	4	1.89	0.09077	1	BP
GO:0051452	intracellular pH reduction	7	4	1.89	0.09077	1	BP
GO:1901222	regulation of NIK/NF-kappaB signaling	7	4	1.89	0.09077	1	BP
GO:0097300	programmed necrotic cell death	7	4	1.89	0.09077	1	BP
GO:0097421	liver regeneration	7	4	1.89	0.09077	1	BP
GO:0055002	striated muscle cell development	37	14	10.01	0.09885	1	BP
GO:0007617	mating behavior	37	14	10.01	0.09885	1	BP
GO:0007618	mating	37	14	10.01	0.09885	1	BP
GO:0006402	mRNA catabolic process	37	14	10.01	0.09885	1	BP
GO:0006355	regulation of DNA-templated transcriptio...	447	132	120.96	0.10191	1	BP
GO:1903322	positive regulation of protein modificat...	34	13	9.2	0.10193	1	BP
GO:0051099	positive regulation of binding	34	13	9.2	0.10193	1	BP
GO:0030182	neuron differentiation	390	116	105.53	0.10333	1	BP
GO:0050877	nervous system process	255	85	69	0.10351	1	BP
GO:0031327	negative regulation of cellular biosynth...	273	83	73.87	0.10379	1	BP
GO:0009890	negative regulation of biosynthetic proc...	273	83	73.87	0.10379	1	BP
GO:0044088	regulation of vacuole organization	10	5	2.71	0.10396	1	BP
GO:0051279	regulation of release of sequestered cal...	10	5	2.71	0.10396	1	BP
GO:0033137	negative regulation of peptidyl-serine p...	10	5	2.71	0.10396	1	BP
GO:0042982	amyloid precursor protein metabolic proc...	10	5	2.71	0.10396	1	BP
GO:0060999	positive regulation of dendritic spine d...	10	5	2.71	0.10396	1	BP
GO:1903202	negative regulation of oxidative stress-...	10	5	2.71	0.10396	1	BP
GO:0000002	mitochondrial genome maintenance	10	5	2.71	0.10396	1	BP
GO:0014904	myotube cell development	10	5	2.71	0.10396	1	BP
GO:1900408	negative regulation of cellular response...	10	5	2.71	0.10396	1	BP
GO:0043457	regulation of cellular respiration	10	5	2.71	0.10396	1	BP
GO:2000273	positive regulation of signaling recepto...	10	5	2.71	0.10396	1	BP
GO:0048741	skeletal muscle fiber development	10	5	2.71	0.10396	1	BP
GO:2000785	regulation of autophagosome assembly	10	5	2.71	0.10396	1	BP
GO:0015909	long-chain fatty acid transport	10	5	2.71	0.10396	1	BP
GO:0010676	positive regulation of cellular carbohyd...	10	5	2.71	0.10396	1	BP
GO:0032941	secretion by tissue	10	5	2.71	0.10396	1	BP
GO:0050961	detection of temperature stimulus involv...	10	5	2.71	0.10396	1	BP
GO:0050962	detection of light stimulus involved in ...	10	5	2.71	0.10396	1	BP
GO:0050965	detection of temperature stimulus involv...	10	5	2.71	0.10396	1	BP
GO:0050908	detection of light stimulus involved in ...	10	5	2.71	0.10396	1	BP
GO:0043966	histone H3 acetylation	10	5	2.71	0.10396	1	BP
GO:0051354	negative regulation of oxidoreductase ac...	10	5	2.71	0.10396	1	BP
GO:0097352	autophagosome maturation	10	5	2.71	0.10396	1	BP
GO:0019219	regulation of nucleobase-containing comp...	523	153	141.52	0.10476	1	BP
GO:0090090	negative regulation of canonical Wnt sig...	31	12	8.39	0.10489	1	BP
GO:0003018	vascular process in circulatory system	47	17	12.72	0.10645	1	BP
GO:0032102	negative regulation of response to exter...	47	17	12.72	0.10645	1	BP
GO:1901991	negative regulation of mitotic cell cycl...	28	11	7.58	0.10764	1	BP
GO:0016322	neuron remodeling	25	10	6.76	0.11006	1	BP
GO:0051208	sequestering of calcium ion	25	10	6.76	0.11006	1	BP
GO:0008045	motor neuron axon guidance	25	10	6.76	0.11006	1	BP
GO:0048665	neuron fate specification	25	10	6.76	0.11006	1	BP
GO:0086002	cardiac muscle cell action potential inv...	13	6	3.52	0.1102	1	BP
GO:0051893	regulation of focal adhesion assembly	13	6	3.52	0.1102	1	BP
GO:0006584	catecholamine metabolic process	13	6	3.52	0.1102	1	BP
GO:0150116	regulation of cell-substrate junction or...	13	6	3.52	0.1102	1	BP
GO:1900046	regulation of hemostasis	13	6	3.52	0.1102	1	BP
GO:0030193	regulation of blood coagulation	13	6	3.52	0.1102	1	BP
GO:0046685	response to arsenic-containing substance	13	6	3.52	0.1102	1	BP
GO:0035904	aorta development	13	6	3.52	0.1102	1	BP
GO:0050818	regulation of coagulation	13	6	3.52	0.1102	1	BP
GO:0009712	catechol-containing compound metabolic p...	13	6	3.52	0.1102	1	BP
GO:0006354	DNA-templated transcription elongation	13	6	3.52	0.1102	1	BP
GO:0090109	regulation of cell-substrate junction as...	13	6	3.52	0.1102	1	BP
GO:0071241	cellular response to inorganic substance	57	20	15.42	0.1105	1	BP
GO:2001141	regulation of RNA biosynthetic process	452	133	122.31	0.11051	1	BP
GO:1903506	regulation of nucleic acid-templated tra...	452	133	122.31	0.11051	1	BP
GO:1901615	organic hydroxy compound metabolic proce...	97	32	26.25	0.11056	1	BP
GO:0006351	DNA-templated transcription	470	138	127.18	0.11074	1	BP
GO:0010508	positive regulation of autophagy	22	9	5.95	0.11194	1	BP
GO:1901888	regulation of cell junction assembly	67	23	18.13	0.1123	1	BP
GO:0009991	response to extracellular stimulus	131	50	35.45	0.11251	1	BP
GO:0031347	regulation of defense response	77	26	20.84	0.11262	1	BP
GO:0086001	cardiac muscle cell action potential	16	7	4.33	0.11268	1	BP
GO:1903391	regulation of adherens junction organiza...	16	7	4.33	0.11268	1	BP
GO:0044773	mitotic DNA damage checkpoint signaling	16	7	4.33	0.11268	1	BP
GO:0030330	DNA damage response, signal transduction...	16	7	4.33	0.11268	1	BP
GO:1900371	regulation of purine nucleotide biosynth...	16	7	4.33	0.11268	1	BP
GO:0030808	regulation of nucleotide biosynthetic pr...	16	7	4.33	0.11268	1	BP
GO:0030595	leukocyte chemotaxis	16	7	4.33	0.11268	1	BP
GO:0010827	regulation of glucose transmembrane tran...	16	7	4.33	0.11268	1	BP
GO:0019228	neuronal action potential	16	7	4.33	0.11268	1	BP
GO:0038093	Fc receptor signaling pathway	16	7	4.33	0.11268	1	BP
GO:1903039	positive regulation of leukocyte cell-ce...	19	8	5.14	0.11298	1	BP
GO:0001952	regulation of cell-matrix adhesion	19	8	5.14	0.11298	1	BP
GO:1902017	regulation of cilium assembly	19	8	5.14	0.11298	1	BP
GO:0008637	apoptotic mitochondrial changes	19	8	5.14	0.11298	1	BP
GO:0048666	neuron development	331	99	89.57	0.11376	1	BP
GO:0031329	regulation of cellular catabolic process	146	53	39.51	0.11492	1	BP
GO:0044260	cellular macromolecule metabolic process	981	286	265.45	0.11547	1	BP
GO:0051606	detection of stimulus	84	28	22.73	0.1169	1	BP
GO:0010629	negative regulation of gene expression	328	98	88.75	0.11783	1	BP
GO:0050790	regulation of catalytic activity	308	96	83.34	0.11812	1	BP
GO:0051252	regulation of RNA metabolic process	482	141	130.43	0.11831	1	BP
GO:0010035	response to inorganic substance	149	47	40.32	0.11891	1	BP
GO:0006457	protein folding	38	14	10.28	0.1194	1	BP
GO:0036294	cellular response to decreased oxygen le...	38	14	10.28	0.1194	1	BP
GO:0097659	nucleic acid-templated transcription	475	139	128.53	0.11961	1	BP
GO:0051336	regulation of hydrolase activity	156	49	42.21	0.11983	1	BP
GO:0035150	regulation of tube size	61	21	16.51	0.12243	1	BP
GO:1902903	regulation of supramolecular fiber organ...	62	24	16.78	0.12249	1	BP
GO:0009583	detection of light stimulus	35	13	9.47	0.12392	1	BP
GO:0050905	neuromuscular process	35	13	9.47	0.12392	1	BP
GO:0072593	reactive oxygen species metabolic proces...	48	17	12.99	0.12532	1	BP
GO:0051124	synaptic assembly at neuromuscular junct...	48	17	12.99	0.12532	1	BP
GO:0010038	response to metal ion	88	29	23.81	0.12592	1	BP
GO:1990845	adaptive thermogenesis	5	3	1.35	0.12615	1	BP
GO:0098926	postsynaptic signal transduction	5	3	1.35	0.12615	1	BP
GO:0003057	regulation of the force of heart contrac...	5	3	1.35	0.12615	1	BP
GO:0016486	peptide hormone processing	5	3	1.35	0.12615	1	BP
GO:0042554	superoxide anion generation	5	3	1.35	0.12615	1	BP
GO:0033344	cholesterol efflux	5	3	1.35	0.12615	1	BP
GO:0097205	renal filtration	5	3	1.35	0.12615	1	BP
GO:1903392	negative regulation of adherens junction...	5	3	1.35	0.12615	1	BP
GO:0034975	protein folding in endoplasmic reticulum	5	3	1.35	0.12615	1	BP
GO:0006517	protein deglycosylation	5	3	1.35	0.12615	1	BP
GO:0051589	negative regulation of neurotransmitter ...	5	3	1.35	0.12615	1	BP
GO:0006505	GPI anchor metabolic process	5	3	1.35	0.12615	1	BP
GO:0046320	regulation of fatty acid oxidation	5	3	1.35	0.12615	1	BP
GO:0044752	response to human chorionic gonadotropin	5	3	1.35	0.12615	1	BP
GO:0035234	ectopic germ cell programmed cell death	5	3	1.35	0.12615	1	BP
GO:1905144	response to acetylcholine	5	3	1.35	0.12615	1	BP
GO:1905145	cellular response to acetylcholine	5	3	1.35	0.12615	1	BP
GO:0032042	mitochondrial DNA metabolic process	5	3	1.35	0.12615	1	BP
GO:1903831	signal transduction involved in cellular...	5	3	1.35	0.12615	1	BP
GO:0002076	osteoblast development	5	3	1.35	0.12615	1	BP
GO:0002031	G protein-coupled receptor internalizati...	5	3	1.35	0.12615	1	BP
GO:0035812	renal sodium excretion	5	3	1.35	0.12615	1	BP
GO:0035813	regulation of renal sodium excretion	5	3	1.35	0.12615	1	BP
GO:0140448	signaling receptor ligand precursor proc...	5	3	1.35	0.12615	1	BP
GO:0070266	necroptotic process	5	3	1.35	0.12615	1	BP
GO:0048008	platelet-derived growth factor receptor ...	5	3	1.35	0.12615	1	BP
GO:0046500	S-adenosylmethionine metabolic process	5	3	1.35	0.12615	1	BP
GO:0070527	platelet aggregation	5	3	1.35	0.12615	1	BP
GO:0030857	negative regulation of epithelial cell d...	5	3	1.35	0.12615	1	BP
GO:0032292	peripheral nervous system axon ensheathm...	5	3	1.35	0.12615	1	BP
GO:0015812	gamma-aminobutyric acid transport	5	3	1.35	0.12615	1	BP
GO:0061526	acetylcholine secretion	5	3	1.35	0.12615	1	BP
GO:2000481	positive regulation of cAMP-dependent pr...	5	3	1.35	0.12615	1	BP
GO:0046929	negative regulation of neurotransmitter ...	5	3	1.35	0.12615	1	BP
GO:0045196	establishment or maintenance of neurobla...	5	3	1.35	0.12615	1	BP
GO:2000104	negative regulation of DNA-templated DNA...	5	3	1.35	0.12615	1	BP
GO:2000269	regulation of fibroblast apoptotic proce...	5	3	1.35	0.12615	1	BP
GO:0032691	negative regulation of interleukin-1 bet...	5	3	1.35	0.12615	1	BP
GO:0032692	negative regulation of interleukin-1 pro...	5	3	1.35	0.12615	1	BP
GO:0043555	regulation of translation in response to...	5	3	1.35	0.12615	1	BP
GO:0043576	regulation of respiratory gaseous exchan...	5	3	1.35	0.12615	1	BP
GO:0045722	positive regulation of gluconeogenesis	5	3	1.35	0.12615	1	BP
GO:0010543	regulation of platelet activation	5	3	1.35	0.12615	1	BP
GO:0014051	gamma-aminobutyric acid secretion	5	3	1.35	0.12615	1	BP
GO:0071402	cellular response to lipoprotein particl...	5	3	1.35	0.12615	1	BP
GO:0007508	larval heart development	5	3	1.35	0.12615	1	BP
GO:0062033	positive regulation of mitotic sister ch...	5	3	1.35	0.12615	1	BP
GO:0045661	regulation of myoblast differentiation	5	3	1.35	0.12615	1	BP
GO:0031112	positive regulation of microtubule polym...	5	3	1.35	0.12615	1	BP
GO:0031116	positive regulation of microtubule polym...	5	3	1.35	0.12615	1	BP
GO:0006356	regulation of transcription by RNA polym...	5	3	1.35	0.12615	1	BP
GO:0022011	myelination in peripheral nervous system	5	3	1.35	0.12615	1	BP
GO:0095500	acetylcholine receptor signaling pathway	5	3	1.35	0.12615	1	BP
GO:0051349	positive regulation of lyase activity	5	3	1.35	0.12615	1	BP
GO:1901142	insulin metabolic process	5	3	1.35	0.12615	1	BP
GO:0051443	positive regulation of ubiquitin-protein...	5	3	1.35	0.12615	1	BP
GO:0032774	RNA biosynthetic process	476	139	128.8	0.12622	1	BP
GO:0010468	regulation of gene expression	599	173	162.09	0.12652	1	BP
GO:0044265	cellular macromolecule catabolic process	164	55	44.38	0.12729	1	BP
GO:0032956	regulation of actin cytoskeleton organiz...	58	20	15.69	0.12789	1	BP
GO:0014074	response to purine-containing compound	32	12	8.66	0.1285	1	BP
GO:0045834	positive regulation of lipid metabolic p...	32	12	8.66	0.1285	1	BP
GO:0006357	regulation of transcription by RNA polym...	358	106	96.87	0.12905	1	BP
GO:0090257	regulation of muscle system process	45	16	12.18	0.13072	1	BP
GO:0110053	regulation of actin filament organizatio...	45	16	12.18	0.13072	1	BP
GO:0051094	positive regulation of developmental pro...	280	84	75.77	0.13139	1	BP
GO:0097191	extrinsic apoptotic signaling pathway	29	11	7.85	0.13308	1	BP
GO:0070252	actin-mediated cell contraction	29	11	7.85	0.13308	1	BP
GO:0060048	cardiac muscle contraction	29	11	7.85	0.13308	1	BP
GO:0042110	T cell activation	55	19	14.88	0.13362	1	BP
GO:1904062	regulation of cation transmembrane trans...	49	21	13.26	0.13523	1	BP
GO:0043393	regulation of protein binding	42	15	11.36	0.13636	1	BP
GO:0050770	regulation of axonogenesis	42	15	11.36	0.13636	1	BP
GO:0045944	positive regulation of transcription by ...	210	64	56.82	0.13694	1	BP
GO:0071453	cellular response to oxygen levels	43	18	11.64	0.13747	1	BP
GO:0042551	neuron maturation	26	10	7.04	0.13758	1	BP
GO:0022008	neurogenesis	449	131	121.5	0.13897	1	BP
GO:0045732	positive regulation of protein catabolic...	52	18	14.07	0.13966	1	BP
GO:0051090	regulation of DNA-binding transcription ...	52	18	14.07	0.13966	1	BP
GO:0034284	response to monosaccharide	52	18	14.07	0.13966	1	BP
GO:0098657	import into cell	106	34	28.68	0.14004	1	BP
GO:0048514	blood vessel morphogenesis	89	29	24.08	0.14094	1	BP
GO:0051283	negative regulation of sequestering of c...	23	9	6.22	0.14187	1	BP
GO:0006576	cellular biogenic amine metabolic proces...	23	9	6.22	0.14187	1	BP
GO:0050776	regulation of immune response	82	30	22.19	0.14234	1	BP
GO:0006952	defense response	193	59	52.22	0.14268	1	BP
GO:0046486	glycerolipid metabolic process	79	26	21.38	0.14373	1	BP
GO:0098930	axonal transport	8	4	2.16	0.14382	1	BP
GO:0042706	eye photoreceptor cell fate commitment	8	4	2.16	0.14382	1	BP
GO:0086004	regulation of cardiac muscle cell contra...	8	4	2.16	0.14382	1	BP
GO:1903361	protein localization to basolateral plas...	8	4	2.16	0.14382	1	BP
GO:0016242	negative regulation of macroautophagy	8	4	2.16	0.14382	1	BP
GO:0055059	asymmetric neuroblast division	8	4	2.16	0.14382	1	BP
GO:0001963	synaptic transmission, dopaminergic	8	4	2.16	0.14382	1	BP
GO:0032094	response to food	8	4	2.16	0.14382	1	BP
GO:1903715	regulation of aerobic respiration	8	4	2.16	0.14382	1	BP
GO:0099601	regulation of neurotransmitter receptor ...	8	4	2.16	0.14382	1	BP
GO:0106056	regulation of calcineurin-mediated signa...	8	4	2.16	0.14382	1	BP
GO:1900449	regulation of glutamate receptor signali...	8	4	2.16	0.14382	1	BP
GO:0046886	positive regulation of hormone biosynthe...	8	4	2.16	0.14382	1	BP
GO:0046839	phospholipid dephosphorylation	8	4	2.16	0.14382	1	BP
GO:1900117	regulation of execution phase of apoptos...	8	4	2.16	0.14382	1	BP
GO:0070884	regulation of calcineurin-NFAT signaling...	8	4	2.16	0.14382	1	BP
GO:0009065	glutamine family amino acid catabolic pr...	8	4	2.16	0.14382	1	BP
GO:0010458	exit from mitosis	8	4	2.16	0.14382	1	BP
GO:0021702	cerebellar Purkinje cell differentiation	8	4	2.16	0.14382	1	BP
GO:0032225	regulation of synaptic transmission, dop...	8	4	2.16	0.14382	1	BP
GO:0048168	regulation of neuronal synaptic plastici...	8	4	2.16	0.14382	1	BP
GO:0045429	positive regulation of nitric oxide bios...	8	4	2.16	0.14382	1	BP
GO:0021692	cerebellar Purkinje cell layer morphogen...	8	4	2.16	0.14382	1	BP
GO:0021694	cerebellar Purkinje cell layer formation	8	4	2.16	0.14382	1	BP
GO:0070936	protein K48-linked ubiquitination	8	4	2.16	0.14382	1	BP
GO:0071361	cellular response to ethanol	8	4	2.16	0.14382	1	BP
GO:0071312	cellular response to alkaloid	8	4	2.16	0.14382	1	BP
GO:0048840	otolith development	8	4	2.16	0.14382	1	BP
GO:0090398	cellular senescence	8	4	2.16	0.14382	1	BP
GO:0009713	catechol-containing compound biosyntheti...	8	4	2.16	0.14382	1	BP
GO:1904407	positive regulation of nitric oxide meta...	8	4	2.16	0.14382	1	BP
GO:0031113	regulation of microtubule polymerization	8	4	2.16	0.14382	1	BP
GO:0050910	detection of mechanical stimulus involve...	8	4	2.16	0.14382	1	BP
GO:0006360	transcription by RNA polymerase I	8	4	2.16	0.14382	1	BP
GO:0090169	regulation of spindle assembly	8	4	2.16	0.14382	1	BP
GO:0045639	positive regulation of myeloid cell diff...	8	4	2.16	0.14382	1	BP
GO:0042423	catecholamine biosynthetic process	8	4	2.16	0.14382	1	BP
GO:0031294	lymphocyte costimulation	8	4	2.16	0.14382	1	BP
GO:0051339	regulation of lyase activity	8	4	2.16	0.14382	1	BP
GO:0051497	negative regulation of stress fiber asse...	8	4	2.16	0.14382	1	BP
GO:0060292	long-term synaptic depression	8	4	2.16	0.14382	1	BP
GO:0038095	Fc-epsilon receptor signaling pathway	8	4	2.16	0.14382	1	BP
GO:0001752	compound eye photoreceptor fate commitme...	8	4	2.16	0.14382	1	BP
GO:0031175	neuron projection development	285	85	77.12	0.14418	1	BP
GO:1904659	glucose transmembrane transport	20	8	5.41	0.14576	1	BP
GO:0061097	regulation of protein tyrosine kinase ac...	20	8	5.41	0.14576	1	BP
GO:0044774	mitotic DNA integrity checkpoint signali...	20	8	5.41	0.14576	1	BP
GO:0072329	monocarboxylic acid catabolic process	20	8	5.41	0.14576	1	BP
GO:0046717	acid secretion	20	8	5.41	0.14576	1	BP
GO:0007602	phototransduction	20	8	5.41	0.14576	1	BP
GO:0031109	microtubule polymerization or depolymeri...	20	8	5.41	0.14576	1	BP
GO:0060294	cilium movement involved in cell motilit...	20	8	5.41	0.14576	1	BP
GO:0035296	regulation of tube diameter	49	17	13.26	0.14602	1	BP
GO:0031324	negative regulation of cellular metaboli...	399	122	107.97	0.14624	1	BP
GO:0030072	peptide hormone secretion	59	20	15.97	0.14681	1	BP
GO:0007005	mitochondrion organization	86	28	23.27	0.14729	1	BP
GO:0045860	positive regulation of protein kinase ac...	86	28	23.27	0.14729	1	BP
GO:0009892	negative regulation of metabolic process	461	139	124.74	0.14748	1	BP
GO:0036296	response to increased oxygen levels	18	10	4.87	0.14758	1	BP
GO:0030178	negative regulation of Wnt signaling pat...	36	13	9.74	0.14839	1	BP
GO:0055117	regulation of cardiac muscle contraction	17	7	4.6	0.14888	1	BP
GO:0043620	regulation of DNA-templated transcriptio...	17	7	4.6	0.14888	1	BP
GO:0043618	regulation of transcription from RNA pol...	17	7	4.6	0.14888	1	BP
GO:0043949	regulation of cAMP-mediated signaling	17	7	4.6	0.14888	1	BP
GO:0001836	release of cytochrome c from mitochondri...	11	5	2.98	0.14979	1	BP
GO:0090504	epiboly	11	5	2.98	0.14979	1	BP
GO:0022401	negative adaptation of signaling pathway	11	5	2.98	0.14979	1	BP
GO:0086009	membrane repolarization	11	5	2.98	0.14979	1	BP
GO:0006879	cellular iron ion homeostasis	11	5	2.98	0.14979	1	BP
GO:0070373	negative regulation of ERK1 and ERK2 cas...	11	5	2.98	0.14979	1	BP
GO:0072384	organelle transport along microtubule	11	5	2.98	0.14979	1	BP
GO:0048016	inositol phosphate-mediated signaling	11	5	2.98	0.14979	1	BP
GO:0032465	regulation of cytokinesis	11	5	2.98	0.14979	1	BP
GO:0032413	negative regulation of ion transmembrane...	11	5	2.98	0.14979	1	BP
GO:1904035	regulation of epithelial cell apoptotic ...	11	5	2.98	0.14979	1	BP
GO:0016073	snRNA metabolic process	11	5	2.98	0.14979	1	BP
GO:0060306	regulation of membrane repolarization	11	5	2.98	0.14979	1	BP
GO:0009651	response to salt stress	11	5	2.98	0.14979	1	BP
GO:0042100	B cell proliferation	11	5	2.98	0.14979	1	BP
GO:1903035	negative regulation of response to wound...	14	6	3.79	0.15062	1	BP
GO:0006890	retrograde vesicle-mediated transport, G...	14	6	3.79	0.15062	1	BP
GO:1905037	autophagosome organization	14	6	3.79	0.15062	1	BP
GO:0055072	iron ion homeostasis	14	6	3.79	0.15062	1	BP
GO:0031987	locomotion involved in locomotory behavi...	14	6	3.79	0.15062	1	BP
GO:0000045	autophagosome assembly	14	6	3.79	0.15062	1	BP
GO:0045453	bone resorption	14	6	3.79	0.15062	1	BP
GO:0045475	locomotor rhythm	14	6	3.79	0.15062	1	BP
GO:0021695	cerebellar cortex development	14	6	3.79	0.15062	1	BP
GO:0042067	establishment of ommatidial planar polar...	14	6	3.79	0.15062	1	BP
GO:0019395	fatty acid oxidation	14	6	3.79	0.15062	1	BP
GO:0043666	regulation of phosphoprotein phosphatase...	14	6	3.79	0.15062	1	BP
GO:0098739	import across plasma membrane	14	6	3.79	0.15062	1	BP
GO:0034440	lipid oxidation	14	6	3.79	0.15062	1	BP
GO:0098815	modulation of excitatory postsynaptic po...	14	6	3.79	0.15062	1	BP
GO:0033043	regulation of organelle organization	215	65	58.18	0.15224	1	BP
GO:0046883	regulation of hormone secretion	66	22	17.86	0.15257	1	BP
GO:0007399	nervous system development	563	162	152.34	0.15287	1	BP
GO:0032147	activation of protein kinase activity	56	19	15.15	0.15364	1	BP
GO:0090304	nucleic acid metabolic process	676	193	182.92	0.15417	1	BP
GO:0042770	signal transduction in response to DNA d...	33	12	8.93	0.1548	1	BP
GO:0030308	negative regulation of cell growth	33	12	8.93	0.1548	1	BP
GO:0032434	regulation of proteasomal ubiquitin-depe...	33	12	8.93	0.1548	1	BP
GO:0006366	transcription by RNA polymerase II	372	109	100.66	0.15536	1	BP
GO:0001944	vasculature development	114	36	30.85	0.15625	1	BP
GO:0031328	positive regulation of cellular biosynth...	322	95	87.13	0.15651	1	BP
GO:0033674	positive regulation of kinase activity	90	29	24.35	0.15698	1	BP
GO:0051962	positive regulation of nervous system de...	128	40	34.64	0.15854	1	BP
GO:0050878	regulation of body fluid levels	63	21	17.05	0.15969	1	BP
GO:0015850	organic hydroxy compound transport	43	15	11.64	0.15981	1	BP
GO:0051248	negative regulation of protein metabolic...	142	44	38.42	0.15986	1	BP
GO:0090276	regulation of peptide hormone secretion	53	18	14.34	0.16086	1	BP
GO:0051347	positive regulation of transferase activ...	104	33	28.14	0.16142	1	BP
GO:0048468	cell development	554	159	149.91	0.16697	1	BP
GO:0023061	signal release	125	44	33.82	0.16723	1	BP
GO:0070646	protein modification by small protein re...	40	14	10.82	0.1673	1	BP
GO:0031399	regulation of protein modification proce...	262	83	70.9	0.16788	1	BP
GO:0051952	regulation of amine transport	27	10	7.31	0.16834	1	BP
GO:0032231	regulation of actin filament bundle asse...	27	10	7.31	0.16834	1	BP
GO:0043112	receptor metabolic process	27	10	7.31	0.16834	1	BP
GO:0002262	myeloid cell homeostasis	27	10	7.31	0.16834	1	BP
GO:0071482	cellular response to light stimulus	27	10	7.31	0.16834	1	BP
GO:1901796	regulation of signal transduction by p53...	27	10	7.31	0.16834	1	BP
GO:0051235	maintenance of location	77	25	20.84	0.16842	1	BP
GO:0055001	muscle cell development	50	17	13.53	0.1685	1	BP
GO:0072657	protein localization to membrane	101	32	27.33	0.16853	1	BP
GO:0009891	positive regulation of biosynthetic proc...	327	96	88.48	0.1697	1	BP
GO:1901701	cellular response to oxygen-containing c...	204	64	55.2	0.16992	1	BP
GO:0050808	synapse organization	110	39	29.77	0.17024	1	BP
GO:0007528	neuromuscular junction development	67	22	18.13	0.17226	1	BP
GO:0048667	cell morphogenesis involved in neuron di...	224	67	60.61	0.17345	1	BP
GO:0042742	defense response to bacterium	57	19	15.42	0.17521	1	BP
GO:0009743	response to carbohydrate	57	19	15.42	0.17521	1	BP
GO:0061136	regulation of proteasomal protein catabo...	37	13	10.01	0.17523	1	BP
GO:0046887	positive regulation of hormone secretion	37	13	10.01	0.17523	1	BP
GO:2000058	regulation of ubiquitin-dependent protei...	37	13	10.01	0.17523	1	BP
GO:0071456	cellular response to hypoxia	37	13	10.01	0.17523	1	BP
GO:0007606	sensory perception of chemical stimulus	37	13	10.01	0.17523	1	BP
GO:1901890	positive regulation of cell junction ass...	24	9	6.49	0.17542	1	BP
GO:0099173	postsynapse organization	24	9	6.49	0.17542	1	BP
GO:0045595	regulation of cell differentiation	342	100	92.54	0.17598	1	BP
GO:0046879	hormone secretion	74	24	20.02	0.17624	1	BP
GO:0048545	response to steroid hormone	74	24	20.02	0.17624	1	BP
GO:0048663	neuron fate commitment	47	16	12.72	0.17662	1	BP
GO:0045823	positive regulation of heart contraction	12	9	3.25	0.1772	1	BP
GO:0051345	positive regulation of hydrolase activit...	105	33	28.41	0.17751	1	BP
GO:0016236	macroautophagy	48	23	12.99	0.17902	1	BP
GO:0003094	glomerular filtration	3	2	0.81	0.1799	1	BP
GO:1903018	regulation of glycoprotein metabolic pro...	3	2	0.81	0.1799	1	BP
GO:1990806	ligand-gated ion channel signaling pathw...	3	2	0.81	0.1799	1	BP
GO:0098911	regulation of ventricular cardiac muscle...	3	2	0.81	0.1799	1	BP
GO:0001705	ectoderm formation	3	2	0.81	0.1799	1	BP
GO:0051280	negative regulation of release of seques...	3	2	0.81	0.1799	1	BP
GO:0051281	positive regulation of release of seques...	3	2	0.81	0.1799	1	BP
GO:0051284	positive regulation of sequestering of c...	3	2	0.81	0.1799	1	BP
GO:0034643	establishment of mitochondrion localizat...	3	2	0.81	0.1799	1	BP
GO:0071636	positive regulation of transforming grow...	3	2	0.81	0.1799	1	BP
GO:0060761	negative regulation of response to cytok...	3	2	0.81	0.1799	1	BP
GO:0060765	regulation of androgen receptor signalin...	3	2	0.81	0.1799	1	BP
GO:0098903	regulation of membrane repolarization du...	3	2	0.81	0.1799	1	BP
GO:1904502	regulation of lipophagy	3	2	0.81	0.1799	1	BP
GO:1904504	positive regulation of lipophagy	3	2	0.81	0.1799	1	BP
GO:0035021	negative regulation of Rac protein signa...	3	2	0.81	0.1799	1	BP
GO:0086064	cell communication by electrical couplin...	3	2	0.81	0.1799	1	BP
GO:0014745	negative regulation of muscle adaptation	3	2	0.81	0.1799	1	BP
GO:0006896	Golgi to vacuole transport	3	2	0.81	0.1799	1	BP
GO:0016264	gap junction assembly	3	2	0.81	0.1799	1	BP
GO:0001661	conditioned taste aversion	3	2	0.81	0.1799	1	BP
GO:1903376	regulation of oxidative stress-induced n...	3	2	0.81	0.1799	1	BP
GO:0006521	regulation of cellular amino acid metabo...	3	2	0.81	0.1799	1	BP
GO:0046006	regulation of activated T cell prolifera...	3	2	0.81	0.1799	1	BP
GO:0051561	positive regulation of mitochondrial cal...	3	2	0.81	0.1799	1	BP
GO:2001225	regulation of chloride transport	3	2	0.81	0.1799	1	BP
GO:0070091	glucagon secretion	3	2	0.81	0.1799	1	BP
GO:0070092	regulation of glucagon secretion	3	2	0.81	0.1799	1	BP
GO:0006506	GPI anchor biosynthetic process	3	2	0.81	0.1799	1	BP
GO:0055089	fatty acid homeostasis	3	2	0.81	0.1799	1	BP
GO:0110150	negative regulation of biomineralization	3	2	0.81	0.1799	1	BP
GO:0061057	peptidoglycan recognition protein signal...	3	2	0.81	0.1799	1	BP
GO:0008377	light-induced release of internally sequ...	3	2	0.81	0.1799	1	BP
GO:0033241	regulation of cellular amine catabolic p...	3	2	0.81	0.1799	1	BP
GO:0033242	negative regulation of cellular amine ca...	3	2	0.81	0.1799	1	BP
GO:0030070	insulin processing	3	2	0.81	0.1799	1	BP
GO:0035459	vesicle cargo loading	3	2	0.81	0.1799	1	BP
GO:0033239	negative regulation of cellular amine me...	3	2	0.81	0.1799	1	BP
GO:0097502	mannosylation	3	2	0.81	0.1799	1	BP
GO:1901950	dense core granule transport	3	2	0.81	0.1799	1	BP
GO:1901970	positive regulation of mitotic sister ch...	3	2	0.81	0.1799	1	BP
GO:0001960	negative regulation of cytokine-mediated...	3	2	0.81	0.1799	1	BP
GO:0046321	positive regulation of fatty acid oxidat...	3	2	0.81	0.1799	1	BP
GO:0001973	G protein-coupled adenosine receptor sig...	3	2	0.81	0.1799	1	BP
GO:0001922	B-1 B cell homeostasis	3	2	0.81	0.1799	1	BP
GO:1900081	regulation of arginine catabolic process	3	2	0.81	0.1799	1	BP
GO:1900082	negative regulation of arginine cataboli...	3	2	0.81	0.1799	1	BP
GO:1903243	negative regulation of cardiac muscle hy...	3	2	0.81	0.1799	1	BP
GO:1903248	regulation of citrulline biosynthetic pr...	3	2	0.81	0.1799	1	BP
GO:1903249	negative regulation of citrulline biosyn...	3	2	0.81	0.1799	1	BP
GO:0072010	glomerular epithelium development	3	2	0.81	0.1799	1	BP
GO:0046498	S-adenosylhomocysteine metabolic process	3	2	0.81	0.1799	1	BP
GO:0003223	ventricular compact myocardium morphogen...	3	2	0.81	0.1799	1	BP
GO:1903795	regulation of inorganic anion transmembr...	3	2	0.81	0.1799	1	BP
GO:0006930	substrate-dependent cell migration, cell...	3	2	0.81	0.1799	1	BP
GO:0035235	ionotropic glutamate receptor signaling ...	3	2	0.81	0.1799	1	BP
GO:0033599	regulation of mammary gland epithelial c...	3	2	0.81	0.1799	1	BP
GO:0070459	prolactin secretion	3	2	0.81	0.1799	1	BP
GO:0035795	negative regulation of mitochondrial mem...	3	2	0.81	0.1799	1	BP
GO:1903817	negative regulation of voltage-gated pot...	3	2	0.81	0.1799	1	BP
GO:1903599	positive regulation of autophagy of mito...	3	2	0.81	0.1799	1	BP
GO:0070168	negative regulation of biomineral tissue...	3	2	0.81	0.1799	1	BP
GO:0106057	negative regulation of calcineurin-media...	3	2	0.81	0.1799	1	BP
GO:0061440	kidney vasculature development	3	2	0.81	0.1799	1	BP
GO:0043056	forward locomotion	3	2	0.81	0.1799	1	BP
GO:0043059	regulation of forward locomotion	3	2	0.81	0.1799	1	BP
GO:0061437	renal system vasculature development	3	2	0.81	0.1799	1	BP
GO:0035881	amacrine cell differentiation	3	2	0.81	0.1799	1	BP
GO:0072375	medium-term memory	3	2	0.81	0.1799	1	BP
GO:1900376	regulation of secondary metabolite biosy...	3	2	0.81	0.1799	1	BP
GO:1900377	negative regulation of secondary metabol...	3	2	0.81	0.1799	1	BP
GO:0035811	negative regulation of urine volume	3	2	0.81	0.1799	1	BP
GO:0072311	glomerular epithelial cell differentiati...	3	2	0.81	0.1799	1	BP
GO:0046794	transport of virus	3	2	0.81	0.1799	1	BP
GO:0070254	mucus secretion	3	2	0.81	0.1799	1	BP
GO:0070255	regulation of mucus secretion	3	2	0.81	0.1799	1	BP
GO:1905709	negative regulation of membrane permeabi...	3	2	0.81	0.1799	1	BP
GO:0000338	protein deneddylation	3	2	0.81	0.1799	1	BP
GO:0035588	G protein-coupled purinergic receptor si...	3	2	0.81	0.1799	1	BP
GO:0048021	regulation of melanin biosynthetic proce...	3	2	0.81	0.1799	1	BP
GO:0048022	negative regulation of melanin biosynthe...	3	2	0.81	0.1799	1	BP
GO:0032364	oxygen homeostasis	3	2	0.81	0.1799	1	BP
GO:0032366	intracellular sterol transport	3	2	0.81	0.1799	1	BP
GO:0032367	intracellular cholesterol transport	3	2	0.81	0.1799	1	BP
GO:0061299	retina vasculature morphogenesis in came...	3	2	0.81	0.1799	1	BP
GO:0030252	growth hormone secretion	3	2	0.81	0.1799	1	BP
GO:0072112	podocyte differentiation	3	2	0.81	0.1799	1	BP
GO:0032471	negative regulation of endoplasmic retic...	3	2	0.81	0.1799	1	BP
GO:0032474	otolith morphogenesis	3	2	0.81	0.1799	1	BP
GO:1900102	negative regulation of endoplasmic retic...	3	2	0.81	0.1799	1	BP
GO:0033962	P-body assembly	3	2	0.81	0.1799	1	BP
GO:0061724	lipophagy	3	2	0.81	0.1799	1	BP
GO:0070885	negative regulation of calcineurin-NFAT ...	3	2	0.81	0.1799	1	BP
GO:0070875	positive regulation of glycogen metaboli...	3	2	0.81	0.1799	1	BP
GO:0002320	lymphoid progenitor cell differentiation	3	2	0.81	0.1799	1	BP
GO:0070836	caveola assembly	3	2	0.81	0.1799	1	BP
GO:0043330	response to exogenous dsRNA	3	2	0.81	0.1799	1	BP
GO:0000289	nuclear-transcribed mRNA poly(A) tail sh...	3	2	0.81	0.1799	1	BP
GO:0043497	regulation of protein heterodimerization...	3	2	0.81	0.1799	1	BP
GO:0030890	positive regulation of B cell proliferat...	3	2	0.81	0.1799	1	BP
GO:0002467	germinal center formation	3	2	0.81	0.1799	1	BP
GO:0046628	positive regulation of insulin receptor ...	3	2	0.81	0.1799	1	BP
GO:0043455	regulation of secondary metabolic proces...	3	2	0.81	0.1799	1	BP
GO:0007377	germ-band extension	3	2	0.81	0.1799	1	BP
GO:0032253	dense core granule localization	3	2	0.81	0.1799	1	BP
GO:0032224	positive regulation of synaptic transmis...	3	2	0.81	0.1799	1	BP
GO:0032229	negative regulation of synaptic transmis...	3	2	0.81	0.1799	1	BP
GO:0007303	cytoplasmic transport, nurse cell to ooc...	3	2	0.81	0.1799	1	BP
GO:0032230	positive regulation of synaptic transmis...	3	2	0.81	0.1799	1	BP
GO:0070669	response to interleukin-2	3	2	0.81	0.1799	1	BP
GO:2000311	regulation of AMPA receptor activity	3	2	0.81	0.1799	1	BP
GO:2000331	regulation of terminal button organizati...	3	2	0.81	0.1799	1	BP
GO:0032786	positive regulation of DNA-templated tra...	3	2	0.81	0.1799	1	BP
GO:0032770	positive regulation of monooxygenase act...	3	2	0.81	0.1799	1	BP
GO:0030502	negative regulation of bone mineralizati...	3	2	0.81	0.1799	1	BP
GO:0034063	stress granule assembly	3	2	0.81	0.1799	1	BP
GO:0000820	regulation of glutamine family amino aci...	3	2	0.81	0.1799	1	BP
GO:0000821	regulation of arginine metabolic process	3	2	0.81	0.1799	1	BP
GO:0021562	vestibulocochlear nerve development	3	2	0.81	0.1799	1	BP
GO:0050798	activated T cell proliferation	3	2	0.81	0.1799	1	BP
GO:1902237	positive regulation of endoplasmic retic...	3	2	0.81	0.1799	1	BP
GO:0019054	modulation by virus of host cellular pro...	3	2	0.81	0.1799	1	BP
GO:0007172	signal complex assembly	3	2	0.81	0.1799	1	BP
GO:0045454	cell redox homeostasis	3	2	0.81	0.1799	1	BP
GO:0010269	response to selenium ion	3	2	0.81	0.1799	1	BP
GO:0032887	regulation of spindle elongation	3	2	0.81	0.1799	1	BP
GO:0032875	regulation of DNA endoreduplication	3	2	0.81	0.1799	1	BP
GO:0019048	modulation by virus of host process	3	2	0.81	0.1799	1	BP
GO:0007211	octopamine or tyramine signaling pathway	3	2	0.81	0.1799	1	BP
GO:0010751	negative regulation of nitric oxide medi...	3	2	0.81	0.1799	1	BP
GO:0045175	basal protein localization	3	2	0.81	0.1799	1	BP
GO:0032525	somite rostral/caudal axis specification	3	2	0.81	0.1799	1	BP
GO:0007202	activation of phospholipase C activity	3	2	0.81	0.1799	1	BP
GO:0007205	protein kinase C-activating G protein-co...	3	2	0.81	0.1799	1	BP
GO:0010749	regulation of nitric oxide mediated sign...	3	2	0.81	0.1799	1	BP
GO:1901096	regulation of autophagosome maturation	3	2	0.81	0.1799	1	BP
GO:0090077	foam cell differentiation	3	2	0.81	0.1799	1	BP
GO:2000282	regulation of cellular amino acid biosyn...	3	2	0.81	0.1799	1	BP
GO:2000283	negative regulation of cellular amino ac...	3	2	0.81	0.1799	1	BP
GO:2000286	receptor internalization involved in can...	3	2	0.81	0.1799	1	BP
GO:0045299	otolith mineralization	3	2	0.81	0.1799	1	BP
GO:1901017	negative regulation of potassium ion tra...	3	2	0.81	0.1799	1	BP
GO:0071391	cellular response to estrogen stimulus	3	2	0.81	0.1799	1	BP
GO:0010826	negative regulation of centrosome duplic...	3	2	0.81	0.1799	1	BP
GO:0071360	cellular response to exogenous dsRNA	3	2	0.81	0.1799	1	BP
GO:0071352	cellular response to interleukin-2	3	2	0.81	0.1799	1	BP
GO:0071386	cellular response to corticosterone stim...	3	2	0.81	0.1799	1	BP
GO:0060068	vagina development	3	2	0.81	0.1799	1	BP
GO:0045763	negative regulation of cellular amino ac...	3	2	0.81	0.1799	1	BP
GO:0019370	leukotriene biosynthetic process	3	2	0.81	0.1799	1	BP
GO:0010523	negative regulation of calcium ion trans...	3	2	0.81	0.1799	1	BP
GO:0010544	negative regulation of platelet activati...	3	2	0.81	0.1799	1	BP
GO:0071464	cellular response to hydrostatic pressur...	3	2	0.81	0.1799	1	BP
GO:0006072	glycerol-3-phosphate metabolic process	3	2	0.81	0.1799	1	BP
GO:0021955	central nervous system neuron axonogenes...	3	2	0.81	0.1799	1	BP
GO:0043653	mitochondrial fragmentation involved in ...	3	2	0.81	0.1799	1	BP
GO:0098736	negative regulation of the force of hear...	3	2	0.81	0.1799	1	BP
GO:0014050	negative regulation of glutamate secreti...	3	2	0.81	0.1799	1	BP
GO:0048550	negative regulation of pinocytosis	3	2	0.81	0.1799	1	BP
GO:0014055	acetylcholine secretion, neurotransmissi...	3	2	0.81	0.1799	1	BP
GO:0014056	regulation of acetylcholine secretion, n...	3	2	0.81	0.1799	1	BP
GO:0051036	regulation of endosome size	3	2	0.81	0.1799	1	BP
GO:0048548	regulation of pinocytosis	3	2	0.81	0.1799	1	BP
GO:0045842	positive regulation of mitotic metaphase...	3	2	0.81	0.1799	1	BP
GO:0010616	negative regulation of cardiac muscle ad...	3	2	0.81	0.1799	1	BP
GO:0010649	regulation of cell communication by elec...	3	2	0.81	0.1799	1	BP
GO:0010635	regulation of mitochondrial fusion	3	2	0.81	0.1799	1	BP
GO:0098814	spontaneous synaptic transmission	3	2	0.81	0.1799	1	BP
GO:0090326	positive regulation of locomotion involv...	3	2	0.81	0.1799	1	BP
GO:0090331	negative regulation of platelet aggregat...	3	2	0.81	0.1799	1	BP
GO:0034141	positive regulation of toll-like recepto...	3	2	0.81	0.1799	1	BP
GO:1901380	negative regulation of potassium ion tra...	3	2	0.81	0.1799	1	BP
GO:0034138	toll-like receptor 3 signaling pathway	3	2	0.81	0.1799	1	BP
GO:0034139	regulation of toll-like receptor 3 signa...	3	2	0.81	0.1799	1	BP
GO:0034105	positive regulation of tissue remodeling	3	2	0.81	0.1799	1	BP
GO:0050996	positive regulation of lipid catabolic p...	3	2	0.81	0.1799	1	BP
GO:0071279	cellular response to cobalt ion	3	2	0.81	0.1799	1	BP
GO:2000674	regulation of type B pancreatic cell apo...	3	2	0.81	0.1799	1	BP
GO:0036480	neuron intrinsic apoptotic signaling pat...	3	2	0.81	0.1799	1	BP
GO:0060355	positive regulation of cell adhesion mol...	3	2	0.81	0.1799	1	BP
GO:0050912	detection of chemical stimulus involved ...	3	2	0.81	0.1799	1	BP
GO:0016080	synaptic vesicle targeting	3	2	0.81	0.1799	1	BP
GO:0060315	negative regulation of ryanodine-sensiti...	3	2	0.81	0.1799	1	BP
GO:1904294	positive regulation of ERAD pathway	3	2	0.81	0.1799	1	BP
GO:0006359	regulation of transcription by RNA polym...	3	2	0.81	0.1799	1	BP
GO:0042438	melanin biosynthetic process	3	2	0.81	0.1799	1	BP
GO:0042439	ethanolamine-containing compound metabol...	3	2	0.81	0.1799	1	BP
GO:0090110	COPII-coated vesicle cargo loading	3	2	0.81	0.1799	1	BP
GO:0051340	regulation of ligase activity	3	2	0.81	0.1799	1	BP
GO:0047497	mitochondrion transport along microtubul...	3	2	0.81	0.1799	1	BP
GO:0036149	phosphatidylinositol acyl-chain remodeli...	3	2	0.81	0.1799	1	BP
GO:0006465	signal peptide processing	3	2	0.81	0.1799	1	BP
GO:0019896	axonal transport of mitochondrion	3	2	0.81	0.1799	1	BP
GO:1990791	dorsal root ganglion development	3	2	0.81	0.1799	1	BP
GO:0090239	regulation of histone H4 acetylation	3	2	0.81	0.1799	1	BP
GO:0060161	positive regulation of dopamine receptor...	3	2	0.81	0.1799	1	BP
GO:0090200	positive regulation of release of cytoch...	3	2	0.81	0.1799	1	BP
GO:0060180	female mating behavior	3	2	0.81	0.1799	1	BP
GO:0150003	regulation of spontaneous synaptic trans...	3	2	0.81	0.1799	1	BP
GO:1901201	regulation of extracellular matrix assem...	3	2	0.81	0.1799	1	BP
GO:0034587	piRNA metabolic process	3	2	0.81	0.1799	1	BP
GO:0097494	regulation of vesicle size	3	2	0.81	0.1799	1	BP
GO:0060250	germ-line stem-cell niche homeostasis	3	2	0.81	0.1799	1	BP
GO:0045924	regulation of female receptivity	3	2	0.81	0.1799	1	BP
GO:1903055	positive regulation of extracellular mat...	3	2	0.81	0.1799	1	BP
GO:0048569	post-embryonic animal organ development	154	47	41.67	0.18043	1	BP
GO:0007612	learning	62	25	16.78	0.18132	1	BP
GO:0071900	regulation of protein serine/threonine k...	88	28	23.81	0.18188	1	BP
GO:0051591	response to cAMP	21	8	5.68	0.18261	1	BP
GO:0055076	transition metal ion homeostasis	21	8	5.68	0.18261	1	BP
GO:0032091	negative regulation of protein binding	21	8	5.68	0.18261	1	BP
GO:0050974	detection of mechanical stimulus involve...	21	8	5.68	0.18261	1	BP
GO:0070372	regulation of ERK1 and ERK2 cascade	34	12	9.2	0.18364	1	BP
GO:0031023	microtubule organizing center organizati...	34	12	9.2	0.18364	1	BP
GO:0044262	cellular carbohydrate metabolic process	54	18	14.61	0.18367	1	BP
GO:0030707	ovarian follicle cell development	54	18	14.61	0.18367	1	BP
GO:0090150	establishment of protein localization to...	54	18	14.61	0.18367	1	BP
GO:0031644	regulation of nervous system process	52	22	14.07	0.18417	1	BP
GO:0006814	sodium ion transport	44	15	11.91	0.18524	1	BP
GO:0051651	maintenance of location in cell	44	15	11.91	0.18524	1	BP
GO:1901988	negative regulation of cell cycle phase ...	44	15	11.91	0.18524	1	BP
GO:0034762	regulation of transmembrane transport	70	30	18.94	0.18693	1	BP
GO:0060255	regulation of macromolecule metabolic pr...	788	229	213.23	0.18791	1	BP
GO:0051607	defense response to virus	18	7	4.87	0.18976	1	BP
GO:0046364	monosaccharide biosynthetic process	18	7	4.87	0.18976	1	BP
GO:0006942	regulation of striated muscle contractio...	18	7	4.87	0.18976	1	BP
GO:0009062	fatty acid catabolic process	18	7	4.87	0.18976	1	BP
GO:0002478	antigen processing and presentation of e...	18	7	4.87	0.18976	1	BP
GO:0140546	defense response to symbiont	18	7	4.87	0.18976	1	BP
GO:0045773	positive regulation of axon extension	18	7	4.87	0.18976	1	BP
GO:0045727	positive regulation of translation	18	7	4.87	0.18976	1	BP
GO:0019884	antigen processing and presentation of e...	18	7	4.87	0.18976	1	BP
GO:0022411	cellular component disassembly	85	27	23	0.19014	1	BP
GO:0032535	regulation of cellular component size	92	29	24.89	0.19203	1	BP
GO:0006941	striated muscle contraction	31	11	8.39	0.19256	1	BP
GO:0034332	adherens junction organization	31	11	8.39	0.19256	1	BP
GO:0019229	regulation of vasoconstriction	31	11	8.39	0.19256	1	BP
GO:2001020	regulation of response to DNA damage sti...	31	11	8.39	0.19256	1	BP
GO:0051960	regulation of nervous system development	247	73	66.84	0.19257	1	BP
GO:0009746	response to hexose	51	17	13.8	0.19267	1	BP
GO:0097305	response to alcohol	99	31	26.79	0.19344	1	BP
GO:0032101	regulation of response to external stimu...	148	45	40.05	0.19508	1	BP
GO:0009894	regulation of catabolic process	166	57	44.92	0.1959	1	BP
GO:0031668	cellular response to extracellular stimu...	64	29	17.32	0.1961	1	BP
GO:0043603	cellular amide metabolic process	179	69	48.44	0.19638	1	BP
GO:0034655	nucleobase-containing compound catabolic...	75	24	20.29	0.19642	1	BP
GO:0098900	regulation of action potential	15	6	4.06	0.19655	1	BP
GO:0072332	intrinsic apoptotic signaling pathway by...	15	6	4.06	0.19655	1	BP
GO:0048041	focal adhesion assembly	15	6	4.06	0.19655	1	BP
GO:0009064	glutamine family amino acid metabolic pr...	15	6	4.06	0.19655	1	BP
GO:0050728	negative regulation of inflammatory resp...	15	6	4.06	0.19655	1	BP
GO:0046916	cellular transition metal ion homeostasi...	15	6	4.06	0.19655	1	BP
GO:0045197	establishment or maintenance of epitheli...	15	6	4.06	0.19655	1	BP
GO:0048278	vesicle docking	15	6	4.06	0.19655	1	BP
GO:2000134	negative regulation of G1/S transition o...	15	6	4.06	0.19655	1	BP
GO:1902807	negative regulation of cell cycle G1/S p...	15	6	4.06	0.19655	1	BP
GO:0006094	gluconeogenesis	15	6	4.06	0.19655	1	BP
GO:0019319	hexose biosynthetic process	15	6	4.06	0.19655	1	BP
GO:0007585	respiratory gaseous exchange by respirat...	15	6	4.06	0.19655	1	BP
GO:0045806	negative regulation of endocytosis	15	6	4.06	0.19655	1	BP
GO:0007632	visual behavior	15	6	4.06	0.19655	1	BP
GO:0031110	regulation of microtubule polymerization...	15	6	4.06	0.19655	1	BP
GO:0045913	positive regulation of carbohydrate meta...	15	6	4.06	0.19655	1	BP
GO:0006936	muscle contraction	58	19	15.69	0.19826	1	BP
GO:0080134	regulation of response to stress	200	63	54.12	0.1991	1	BP
GO:0031323	regulation of cellular metabolic process	797	240	215.66	0.20182	1	BP
GO:0051493	regulation of cytoskeleton organization	96	30	25.98	0.20199	1	BP
GO:1903037	regulation of leukocyte cell-cell adhesi...	28	10	7.58	0.20206	1	BP
GO:0061387	regulation of extent of cell growth	28	10	7.58	0.20206	1	BP
GO:0014902	myotube differentiation	28	10	7.58	0.20206	1	BP
GO:0050982	detection of mechanical stimulus	28	10	7.58	0.20206	1	BP
GO:0090066	regulation of anatomical structure size	152	46	41.13	0.20222	1	BP
GO:0002831	regulation of response to biotic stimulu...	48	16	12.99	0.20226	1	BP
GO:0035094	response to nicotine	12	5	3.25	0.20238	1	BP
GO:0086091	regulation of heart rate by cardiac cond...	12	5	3.25	0.20238	1	BP
GO:0086065	cell communication involved in cardiac c...	12	5	3.25	0.20238	1	BP
GO:0042596	fear response	12	5	3.25	0.20238	1	BP
GO:2001237	negative regulation of extrinsic apoptot...	12	5	3.25	0.20238	1	BP
GO:0003170	heart valve development	12	5	3.25	0.20238	1	BP
GO:0060997	dendritic spine morphogenesis	12	5	3.25	0.20238	1	BP
GO:0099587	inorganic ion import across plasma membr...	12	5	3.25	0.20238	1	BP
GO:0032410	negative regulation of transporter activ...	12	5	3.25	0.20238	1	BP
GO:0046552	photoreceptor cell fate commitment	12	5	3.25	0.20238	1	BP
GO:0023058	adaptation of signaling pathway	12	5	3.25	0.20238	1	BP
GO:0021854	hypothalamus development	12	5	3.25	0.20238	1	BP
GO:0043268	positive regulation of potassium ion tra...	12	5	3.25	0.20238	1	BP
GO:0045445	myoblast differentiation	12	5	3.25	0.20238	1	BP
GO:0048102	autophagic cell death	12	5	3.25	0.20238	1	BP
GO:0050864	regulation of B cell activation	12	5	3.25	0.20238	1	BP
GO:0050852	T cell receptor signaling pathway	12	5	3.25	0.20238	1	BP
GO:0098781	ncRNA transcription	12	5	3.25	0.20238	1	BP
GO:0050951	sensory perception of temperature stimul...	12	5	3.25	0.20238	1	BP
GO:0098659	inorganic cation import across plasma me...	12	5	3.25	0.20238	1	BP
GO:0050909	sensory perception of taste	12	5	3.25	0.20238	1	BP
GO:0051385	response to mineralocorticoid	12	5	3.25	0.20238	1	BP
GO:0051496	positive regulation of stress fiber asse...	12	5	3.25	0.20238	1	BP
GO:0060122	inner ear receptor cell stereocilium org...	12	5	3.25	0.20238	1	BP
GO:0071634	regulation of transforming growth factor...	6	3	1.62	0.20303	1	BP
GO:0098901	regulation of cardiac muscle cell action...	6	3	1.62	0.20303	1	BP
GO:0071604	transforming growth factor beta producti...	6	3	1.62	0.20303	1	BP
GO:0035095	behavioral response to nicotine	6	3	1.62	0.20303	1	BP
GO:0086005	ventricular cardiac muscle cell action p...	6	3	1.62	0.20303	1	BP
GO:0051894	positive regulation of focal adhesion as...	6	3	1.62	0.20303	1	BP
GO:1901673	regulation of mitotic spindle assembly	6	3	1.62	0.20303	1	BP
GO:0099174	regulation of presynapse organization	6	3	1.62	0.20303	1	BP
GO:0150117	positive regulation of cell-substrate ju...	6	3	1.62	0.20303	1	BP
GO:0055070	copper ion homeostasis	6	3	1.62	0.20303	1	BP
GO:1903146	regulation of autophagy of mitochondrion	6	3	1.62	0.20303	1	BP
GO:0001967	suckling behavior	6	3	1.62	0.20303	1	BP
GO:1900047	negative regulation of hemostasis	6	3	1.62	0.20303	1	BP
GO:0033598	mammary gland epithelial cell proliferat...	6	3	1.62	0.20303	1	BP
GO:0106070	regulation of adenylate cyclase-activati...	6	3	1.62	0.20303	1	BP
GO:0033628	regulation of cell adhesion mediated by ...	6	3	1.62	0.20303	1	BP
GO:0070296	sarcoplasmic reticulum calcium ion trans...	6	3	1.62	0.20303	1	BP
GO:0030195	negative regulation of blood coagulation	6	3	1.62	0.20303	1	BP
GO:0007064	mitotic sister chromatid cohesion	6	3	1.62	0.20303	1	BP
GO:0070230	positive regulation of lymphocyte apopto...	6	3	1.62	0.20303	1	BP
GO:0070231	T cell apoptotic process	6	3	1.62	0.20303	1	BP
GO:0061298	retina vasculature development in camera...	6	3	1.62	0.20303	1	BP
GO:0030225	macrophage differentiation	6	3	1.62	0.20303	1	BP
GO:0072176	nephric duct development	6	3	1.62	0.20303	1	BP
GO:1900119	positive regulation of execution phase o...	6	3	1.62	0.20303	1	BP
GO:0070897	transcription preinitiation complex asse...	6	3	1.62	0.20303	1	BP
GO:0070873	regulation of glycogen metabolic process	6	3	1.62	0.20303	1	BP
GO:0000288	nuclear-transcribed mRNA catabolic proce...	6	3	1.62	0.20303	1	BP
GO:1902175	regulation of oxidative stress-induced i...	6	3	1.62	0.20303	1	BP
GO:0106118	regulation of sterol biosynthetic proces...	6	3	1.62	0.20303	1	BP
GO:2000310	regulation of NMDA receptor activity	6	3	1.62	0.20303	1	BP
GO:0007400	neuroblast fate determination	6	3	1.62	0.20303	1	BP
GO:1902235	regulation of endoplasmic reticulum stre...	6	3	1.62	0.20303	1	BP
GO:0019068	virion assembly	6	3	1.62	0.20303	1	BP
GO:0031057	negative regulation of histone modificat...	6	3	1.62	0.20303	1	BP
GO:0050871	positive regulation of B cell activation	6	3	1.62	0.20303	1	BP
GO:0050819	negative regulation of coagulation	6	3	1.62	0.20303	1	BP
GO:0032509	endosome transport via multivesicular bo...	6	3	1.62	0.20303	1	BP
GO:0032651	regulation of interleukin-1 beta product...	6	3	1.62	0.20303	1	BP
GO:0032652	regulation of interleukin-1 production	6	3	1.62	0.20303	1	BP
GO:0042069	regulation of catecholamine metabolic pr...	6	3	1.62	0.20303	1	BP
GO:0042053	regulation of dopamine metabolic process	6	3	1.62	0.20303	1	BP
GO:0032611	interleukin-1 beta production	6	3	1.62	0.20303	1	BP
GO:0032612	interleukin-1 production	6	3	1.62	0.20303	1	BP
GO:0006084	acetyl-CoA metabolic process	6	3	1.62	0.20303	1	BP
GO:0009750	response to fructose	6	3	1.62	0.20303	1	BP
GO:0014048	regulation of glutamate secretion	6	3	1.62	0.20303	1	BP
GO:0090325	regulation of locomotion involved in loc...	6	3	1.62	0.20303	1	BP
GO:0034110	regulation of homotypic cell-cell adhesi...	6	3	1.62	0.20303	1	BP
GO:2000535	regulation of entry of bacterium into ho...	6	3	1.62	0.20303	1	BP
GO:0045540	regulation of cholesterol biosynthetic p...	6	3	1.62	0.20303	1	BP
GO:2001053	regulation of mesenchymal cell apoptotic...	6	3	1.62	0.20303	1	BP
GO:0043984	histone H4-K16 acetylation	6	3	1.62	0.20303	1	BP
GO:0031281	positive regulation of cyclase activity	6	3	1.62	0.20303	1	BP
GO:0060416	response to growth hormone	6	3	1.62	0.20303	1	BP
GO:0019731	antibacterial humoral response	6	3	1.62	0.20303	1	BP
GO:0090280	positive regulation of calcium ion impor...	6	3	1.62	0.20303	1	BP
GO:0051123	RNA polymerase II preinitiation complex ...	6	3	1.62	0.20303	1	BP
GO:1990858	cellular response to lectin	6	3	1.62	0.20303	1	BP
GO:0034698	response to gonadotropin	6	3	1.62	0.20303	1	BP
GO:1990840	response to lectin	6	3	1.62	0.20303	1	BP
GO:0051668	localization within membrane	117	36	31.66	0.20376	1	BP
GO:0035725	sodium ion transmembrane transport	38	13	10.28	0.20426	1	BP
GO:0045637	regulation of myeloid cell differentiati...	38	13	10.28	0.20426	1	BP
GO:0003012	muscle system process	72	23	19.48	0.20566	1	BP
GO:0038083	peptidyl-tyrosine autophosphorylation	9	4	2.44	0.20581	1	BP
GO:0031571	mitotic G1 DNA damage checkpoint signali...	9	4	2.44	0.20581	1	BP
GO:0086011	membrane repolarization during action po...	9	4	2.44	0.20581	1	BP
GO:0001556	oocyte maturation	9	4	2.44	0.20581	1	BP
GO:0051703	biological process involved in intraspec...	9	4	2.44	0.20581	1	BP
GO:0014898	cardiac muscle hypertrophy in response t...	9	4	2.44	0.20581	1	BP
GO:0014887	cardiac muscle adaptation	9	4	2.44	0.20581	1	BP
GO:0001662	behavioral fear response	9	4	2.44	0.20581	1	BP
GO:1903115	regulation of actin filament-based movem...	9	4	2.44	0.20581	1	BP
GO:0003299	muscle hypertrophy in response to stress	9	4	2.44	0.20581	1	BP
GO:0044819	mitotic G1/S transition checkpoint signa...	9	4	2.44	0.20581	1	BP
GO:0018198	peptidyl-cysteine modification	9	4	2.44	0.20581	1	BP
GO:0043029	T cell homeostasis	9	4	2.44	0.20581	1	BP
GO:0048013	ephrin receptor signaling pathway	9	4	2.44	0.20581	1	BP
GO:0032352	positive regulation of hormone metabolic...	9	4	2.44	0.20581	1	BP
GO:0017085	response to insecticide	9	4	2.44	0.20581	1	BP
GO:0030888	regulation of B cell proliferation	9	4	2.44	0.20581	1	BP
GO:0023041	neuronal signal transduction	9	4	2.44	0.20581	1	BP
GO:1902110	positive regulation of mitochondrial mem...	9	4	2.44	0.20581	1	BP
GO:0032784	regulation of DNA-templated transcriptio...	9	4	2.44	0.20581	1	BP
GO:0040026	positive regulation of vulval developmen...	9	4	2.44	0.20581	1	BP
GO:0002209	behavioral defense response	9	4	2.44	0.20581	1	BP
GO:0021696	cerebellar cortex morphogenesis	9	4	2.44	0.20581	1	BP
GO:0021697	cerebellar cortex formation	9	4	2.44	0.20581	1	BP
GO:1904063	negative regulation of cation transmembr...	9	4	2.44	0.20581	1	BP
GO:0007223	Wnt signaling pathway, calcium modulatin...	9	4	2.44	0.20581	1	BP
GO:0010771	negative regulation of cell morphogenesi...	9	4	2.44	0.20581	1	BP
GO:1901019	regulation of calcium ion transmembrane ...	9	4	2.44	0.20581	1	BP
GO:0010824	regulation of centrosome duplication	9	4	2.44	0.20581	1	BP
GO:0010644	cell communication by electrical couplin...	9	4	2.44	0.20581	1	BP
GO:0045838	positive regulation of membrane potentia...	9	4	2.44	0.20581	1	BP
GO:0045599	negative regulation of fat cell differen...	9	4	2.44	0.20581	1	BP
GO:0098801	regulation of renal system process	9	4	2.44	0.20581	1	BP
GO:0050966	detection of mechanical stimulus involve...	9	4	2.44	0.20581	1	BP
GO:0031279	regulation of cyclase activity	9	4	2.44	0.20581	1	BP
GO:0010558	negative regulation of macromolecule bio...	259	76	70.08	0.20762	1	BP
GO:0002793	positive regulation of peptide secretion	55	18	14.88	0.20802	1	BP
GO:0010605	negative regulation of macromolecule met...	414	119	112.03	0.21011	1	BP
GO:0006959	humoral immune response	25	9	6.76	0.21219	1	BP
GO:0007093	mitotic cell cycle checkpoint signaling	25	9	6.76	0.21219	1	BP
GO:0006090	pyruvate metabolic process	25	9	6.76	0.21219	1	BP
GO:0034101	erythrocyte homeostasis	25	9	6.76	0.21219	1	BP
GO:0001568	blood vessel development	107	33	28.95	0.2122	1	BP
GO:0050954	sensory perception of mechanical stimulu...	62	20	16.78	0.21228	1	BP
GO:2000113	negative regulation of cellular macromol...	256	75	69.27	0.21455	1	BP
GO:0006937	regulation of muscle contraction	35	12	9.47	0.21479	1	BP
GO:0098662	inorganic cation transmembrane transport	143	47	38.69	0.21928	1	BP
GO:0015031	protein transport	260	76	70.35	0.21964	1	BP
GO:0050767	regulation of neurogenesis	203	60	54.93	0.22192	1	BP
GO:0033500	carbohydrate homeostasis	59	19	15.97	0.2227	1	BP
GO:0098655	cation transmembrane transport	161	52	43.57	0.2228	1	BP
GO:1901889	negative regulation of cell junction ass...	22	8	5.95	0.22299	1	BP
GO:0031623	receptor internalization	22	8	5.95	0.22299	1	BP
GO:0060840	artery development	22	8	5.95	0.22299	1	BP
GO:0008645	hexose transmembrane transport	22	8	5.95	0.22299	1	BP
GO:0030518	intracellular steroid hormone receptor s...	22	8	5.95	0.22299	1	BP
GO:0007616	long-term memory	22	8	5.95	0.22299	1	BP
GO:0019882	antigen processing and presentation	22	8	5.95	0.22299	1	BP
GO:0045893	positive regulation of DNA-templated tra...	264	77	71.44	0.22472	1	BP
GO:0045471	response to ethanol	66	21	17.86	0.22577	1	BP
GO:0051098	regulation of binding	66	21	17.86	0.22577	1	BP
GO:2001242	regulation of intrinsic apoptotic signal...	32	11	8.66	0.22612	1	BP
GO:0043279	response to alkaloid	32	11	8.66	0.22612	1	BP
GO:0006006	glucose metabolic process	32	11	8.66	0.22612	1	BP
GO:1902905	positive regulation of supramolecular fi...	32	11	8.66	0.22612	1	BP
GO:0071496	cellular response to external stimulus	75	32	20.29	0.22708	1	BP
GO:0034767	positive regulation of ion transmembrane...	29	14	7.85	0.2278	1	BP
GO:0046649	lymphocyte activation	85	30	23	0.22791	1	BP
GO:0002066	columnar/cuboidal epithelial cell develo...	73	23	19.75	0.22793	1	BP
GO:0009749	response to glucose	49	16	13.26	0.22953	1	BP
GO:0031667	response to nutrient levels	124	46	33.55	0.23017	1	BP
GO:0048563	post-embryonic animal organ morphogenesi...	108	33	29.22	0.23073	1	BP
GO:0045930	negative regulation of mitotic cell cycl...	56	18	15.15	0.23378	1	BP
GO:1903036	positive regulation of response to wound...	19	7	5.14	0.23454	1	BP
GO:1903321	negative regulation of protein modificat...	19	7	5.14	0.23454	1	BP
GO:0035304	regulation of protein dephosphorylation	19	7	5.14	0.23454	1	BP
GO:0048002	antigen processing and presentation of p...	19	7	5.14	0.23454	1	BP
GO:0046889	positive regulation of lipid biosyntheti...	19	7	5.14	0.23454	1	BP
GO:0019730	antimicrobial humoral response	19	7	5.14	0.23454	1	BP
GO:0045184	establishment of protein localization	272	79	73.6	0.23483	1	BP
GO:0048678	response to axon injury	39	13	10.55	0.23527	1	BP
GO:0051129	negative regulation of cellular componen...	140	42	37.88	0.23586	1	BP
GO:0003341	cilium movement	29	10	7.85	0.23837	1	BP
GO:0030705	cytoskeleton-dependent intracellular tra...	29	10	7.85	0.23837	1	BP
GO:0062013	positive regulation of small molecule me...	29	10	7.85	0.23837	1	BP
GO:0001708	cell fate specification	77	24	20.84	0.24002	1	BP
GO:0080090	regulation of primary metabolic process	763	225	206.46	0.24265	1	BP
GO:0050890	cognition	110	38	29.77	0.24275	1	BP
GO:0098542	defense response to other organism	137	41	37.07	0.2451	1	BP
GO:0000302	response to reactive oxygen species	53	17	14.34	0.24561	1	BP
GO:0009314	response to radiation	105	41	28.41	0.24581	1	BP
GO:0006885	regulation of pH	16	6	4.33	0.24688	1	BP
GO:0051865	protein autoubiquitination	16	6	4.33	0.24688	1	BP
GO:1903350	response to dopamine	16	6	4.33	0.24688	1	BP
GO:1903351	cellular response to dopamine	16	6	4.33	0.24688	1	BP
GO:0061005	cell differentiation involved in kidney ...	16	6	4.33	0.24688	1	BP
GO:0006940	regulation of smooth muscle contraction	16	6	4.33	0.24688	1	BP
GO:0014910	regulation of smooth muscle cell migrati...	16	6	4.33	0.24688	1	BP
GO:0014909	smooth muscle cell migration	16	6	4.33	0.24688	1	BP
GO:0032781	positive regulation of ATP-dependent act...	16	6	4.33	0.24688	1	BP
GO:0050885	neuromuscular process controlling balanc...	16	6	4.33	0.24688	1	BP
GO:0007229	integrin-mediated signaling pathway	16	6	4.33	0.24688	1	BP
GO:0048844	artery morphogenesis	16	6	4.33	0.24688	1	BP
GO:0098722	asymmetric stem cell division	16	6	4.33	0.24688	1	BP
GO:0006112	energy reserve metabolic process	16	6	4.33	0.24688	1	BP
GO:0030048	actin filament-based movement	36	12	9.74	0.24799	1	BP
GO:0046488	phosphatidylinositol metabolic process	36	12	9.74	0.24799	1	BP
GO:0045088	regulation of innate immune response	36	12	9.74	0.24799	1	BP
GO:0061572	actin filament bundle organization	36	12	9.74	0.24799	1	BP
GO:0002573	myeloid leukocyte differentiation	36	12	9.74	0.24799	1	BP
GO:0051384	response to glucocorticoid	36	12	9.74	0.24799	1	BP
GO:0031400	negative regulation of protein modificat...	95	29	25.71	0.25142	1	BP
GO:0045185	maintenance of protein location	26	9	7.04	0.25169	1	BP
GO:0032526	response to retinoic acid	26	9	7.04	0.25169	1	BP
GO:0031348	negative regulation of defense response	26	9	7.04	0.25169	1	BP
GO:0071242	cellular response to ammonium ion	26	9	7.04	0.25169	1	BP
GO:0098916	anterograde trans-synaptic signaling	155	55	41.94	0.25251	1	BP
GO:0099536	synaptic signaling	155	55	41.94	0.25251	1	BP
GO:0099537	trans-synaptic signaling	155	55	41.94	0.25251	1	BP
GO:0007268	chemical synaptic transmission	155	55	41.94	0.25251	1	BP
GO:0032990	cell part morphogenesis	234	68	63.32	0.25469	1	BP
GO:0055093	response to hyperoxia	17	9	4.6	0.25596	1	BP
GO:0120039	plasma membrane bounded cell projection ...	227	66	61.42	0.25723	1	BP
GO:0048812	neuron projection morphogenesis	227	66	61.42	0.25723	1	BP
GO:0050714	positive regulation of protein secretion	50	16	13.53	0.25825	1	BP
GO:0031330	negative regulation of cellular cataboli...	50	16	13.53	0.25825	1	BP
GO:0044248	cellular catabolic process	353	111	95.52	0.2591	1	BP
GO:2001259	positive regulation of cation channel ac...	13	5	3.52	0.25999	1	BP
GO:0055013	cardiac muscle cell development	13	5	3.52	0.25999	1	BP
GO:0055006	cardiac cell development	13	5	3.52	0.25999	1	BP
GO:0008343	adult feeding behavior	13	5	3.52	0.25999	1	BP
GO:0046467	membrane lipid biosynthetic process	13	5	3.52	0.25999	1	BP
GO:0035774	positive regulation of insulin secretion...	13	5	3.52	0.25999	1	BP
GO:0007097	nuclear migration	13	5	3.52	0.25999	1	BP
GO:1902107	positive regulation of leukocyte differe...	13	5	3.52	0.25999	1	BP
GO:0021575	hindbrain morphogenesis	13	5	3.52	0.25999	1	BP
GO:0007215	glutamate receptor signaling pathway	13	5	3.52	0.25999	1	BP
GO:0045646	regulation of erythrocyte differentiatio...	13	5	3.52	0.25999	1	BP
GO:0034766	negative regulation of ion transmembrane...	13	5	3.52	0.25999	1	BP
GO:0010972	negative regulation of G2/M transition o...	13	5	3.52	0.25999	1	BP
GO:0090224	regulation of spindle organization	13	5	3.52	0.25999	1	BP
GO:0034614	cellular response to reactive oxygen spe...	33	11	8.93	0.26179	1	BP
GO:0044242	cellular lipid catabolic process	33	11	8.93	0.26179	1	BP
GO:0018991	oviposition	33	11	8.93	0.26179	1	BP
GO:0042310	vasoconstriction	33	11	8.93	0.26179	1	BP
GO:0010927	cellular component assembly involved in ...	33	11	8.93	0.26179	1	BP
GO:0006413	translational initiation	33	11	8.93	0.26179	1	BP
GO:0051254	positive regulation of RNA metabolic pro...	285	82	77.12	0.26261	1	BP
GO:0021537	telencephalon development	71	22	19.21	0.2631	1	BP
GO:1903530	regulation of secretion by cell	141	47	38.15	0.26319	1	BP
GO:0002521	leukocyte differentiation	78	24	21.11	0.26329	1	BP
GO:0019438	aromatic compound biosynthetic process	576	162	155.86	0.26481	1	BP
GO:0150115	cell-substrate junction organization	23	8	6.22	0.26626	1	BP
GO:0120034	positive regulation of plasma membrane b...	23	8	6.22	0.26626	1	BP
GO:0007044	cell-substrate junction assembly	23	8	6.22	0.26626	1	BP
GO:0015749	monosaccharide transmembrane transport	23	8	6.22	0.26626	1	BP
GO:0043433	negative regulation of DNA-binding trans...	23	8	6.22	0.26626	1	BP
GO:0009584	detection of visible light	23	8	6.22	0.26626	1	BP
GO:0042133	neurotransmitter metabolic process	23	8	6.22	0.26626	1	BP
GO:0000086	G2/M transition of mitotic cell cycle	40	13	10.82	0.26799	1	BP
GO:0071229	cellular response to acid chemical	40	13	10.82	0.26799	1	BP
GO:2001057	reactive nitrogen species metabolic proc...	16	10	4.33	0.26811	1	BP
GO:0008104	protein localization	405	115	109.59	0.2682	1	BP
GO:0031325	positive regulation of cellular metaboli...	494	144	133.67	0.26876	1	BP
GO:0036295	cellular response to increased oxygen le...	5	5	1.35	0.26913	1	BP
GO:0075071	modulation by symbiont of host autophagy	1	1	0.27	0.27059	1	BP
GO:0098957	anterograde axonal transport of mitochon...	1	1	0.27	0.27059	1	BP
GO:0006256	UDP catabolic process	1	1	0.27	0.27059	1	BP
GO:0006258	UDP-glucose catabolic process	1	1	0.27	0.27059	1	BP
GO:1903012	positive regulation of bone development	1	1	0.27	0.27059	1	BP
GO:0001712	ectodermal cell fate commitment	1	1	0.27	0.27059	1	BP
GO:0001715	ectodermal cell fate specification	1	1	0.27	0.27059	1	BP
GO:0098971	anterograde dendritic transport of neuro...	1	1	0.27	0.27059	1	BP
GO:0042711	maternal behavior	1	1	0.27	0.27059	1	BP
GO:0042714	dosage compensation complex assembly	1	1	0.27	0.27059	1	BP
GO:0075044	positive regulation by symbiont of host ...	1	1	0.27	0.27059	1	BP
GO:0071688	striated muscle myosin thick filament as...	1	1	0.27	0.27059	1	BP
GO:1903048	regulation of acetylcholine-gated cation...	1	1	0.27	0.27059	1	BP
GO:0001744	insect visual primordium formation	1	1	0.27	0.27059	1	BP
GO:1901894	regulation of ATPase-coupled calcium tra...	1	1	0.27	0.27059	1	BP
GO:0001748	insect visual primordium development	1	1	0.27	0.27059	1	BP
GO:1901896	positive regulation of ATPase-coupled ca...	1	1	0.27	0.27059	1	BP
GO:0006226	dUMP biosynthetic process	1	1	0.27	0.27059	1	BP
GO:0003068	regulation of systemic arterial blood pr...	1	1	0.27	0.27059	1	BP
GO:0003069	acetylcholine-mediated vasodilation invo...	1	1	0.27	0.27059	1	BP
GO:0098912	membrane depolarization during atrial ca...	1	1	0.27	0.27059	1	BP
GO:0098935	dendritic transport	1	1	0.27	0.27059	1	BP
GO:0003070	regulation of systemic arterial blood pr...	1	1	0.27	0.27059	1	BP
GO:0098937	anterograde dendritic transport	1	1	0.27	0.27059	1	BP
GO:0006231	dTMP biosynthetic process	1	1	0.27	0.27059	1	BP
GO:0031585	regulation of inositol 1,4,5-trisphospha...	1	1	0.27	0.27059	1	BP
GO:0031587	positive regulation of inositol 1,4,5-tr...	1	1	0.27	0.27059	1	BP
GO:0031573	mitotic intra-S DNA damage checkpoint si...	1	1	0.27	0.27059	1	BP
GO:0038003	G protein-coupled opioid receptor signal...	1	1	0.27	0.27059	1	BP
GO:0003010	voluntary skeletal muscle contraction	1	1	0.27	0.27059	1	BP
GO:0097167	circadian regulation of translation	1	1	0.27	0.27059	1	BP
GO:0003032	detection of oxygen	1	1	0.27	0.27059	1	BP
GO:0097187	dentinogenesis	1	1	0.27	0.27059	1	BP
GO:1901841	regulation of high voltage-gated calcium...	1	1	0.27	0.27059	1	BP
GO:1901843	positive regulation of high voltage-gate...	1	1	0.27	0.27059	1	BP
GO:0016457	dosage compensation complex assembly inv...	1	1	0.27	0.27059	1	BP
GO:0097112	gamma-aminobutyric acid receptor cluster...	1	1	0.27	0.27059	1	BP
GO:0090597	nematode male tail mating organ morphoge...	1	1	0.27	0.27059	1	BP
GO:0060712	spongiotrophoblast layer development	1	1	0.27	0.27059	1	BP
GO:0016480	negative regulation of transcription by ...	1	1	0.27	0.27059	1	BP
GO:1990511	piRNA biosynthetic process	1	1	0.27	0.27059	1	BP
GO:0060746	parental behavior	1	1	0.27	0.27059	1	BP
GO:0001887	selenium compound metabolic process	1	1	0.27	0.27059	1	BP
GO:1904690	positive regulation of cytoplasmic trans...	1	1	0.27	0.27059	1	BP
GO:0060739	mesenchymal-epithelial cell signaling in...	1	1	0.27	0.27059	1	BP
GO:1990535	neuron projection maintenance	1	1	0.27	0.27059	1	BP
GO:0097101	blood vessel endothelial cell fate speci...	1	1	0.27	0.27059	1	BP
GO:0097102	endothelial tip cell fate specification	1	1	0.27	0.27059	1	BP
GO:0051794	regulation of timing of catagen	1	1	0.27	0.27059	1	BP
GO:0051795	positive regulation of timing of catagen	1	1	0.27	0.27059	1	BP
GO:0060706	cell differentiation involved in embryon...	1	1	0.27	0.27059	1	BP
GO:0060707	trophoblast giant cell differentiation	1	1	0.27	0.27059	1	BP
GO:0060708	spongiotrophoblast differentiation	1	1	0.27	0.27059	1	BP
GO:0001830	trophectodermal cell fate commitment	1	1	0.27	0.27059	1	BP
GO:1904653	regulation of lung alveolus development	1	1	0.27	0.27059	1	BP
GO:1904655	positive regulation of lung alveolus dev...	1	1	0.27	0.27059	1	BP
GO:1904688	regulation of cytoplasmic translational ...	1	1	0.27	0.27059	1	BP
GO:0097296	activation of cysteine-type endopeptidas...	1	1	0.27	0.27059	1	BP
GO:1990697	protein depalmitoleylation	1	1	0.27	0.27059	1	BP
GO:1904647	response to rotenone	1	1	0.27	0.27059	1	BP
GO:0014721	twitch skeletal muscle contraction	1	1	0.27	0.27059	1	BP
GO:0014724	regulation of twitch skeletal muscle con...	1	1	0.27	0.27059	1	BP
GO:1990680	response to melanocyte-stimulating hormo...	1	1	0.27	0.27059	1	BP
GO:0001581	detection of chemical stimulus involved ...	1	1	0.27	0.27059	1	BP
GO:0060846	blood vessel endothelial cell fate commi...	1	1	0.27	0.27059	1	BP
GO:0060847	endothelial cell fate specification	1	1	0.27	0.27059	1	BP
GO:0060837	blood vessel endothelial cell differenti...	1	1	0.27	0.27059	1	BP
GO:2001197	basement membrane assembly involved in e...	1	1	0.27	0.27059	1	BP
GO:0060839	endothelial cell fate commitment	1	1	0.27	0.27059	1	BP
GO:0001579	medium-chain fatty acid transport	1	1	0.27	0.27059	1	BP
GO:0033337	dorsal fin development	1	1	0.27	0.27059	1	BP
GO:0051892	negative regulation of cardioblast diffe...	1	1	0.27	0.27059	1	BP
GO:0097206	nephrocyte filtration	1	1	0.27	0.27059	1	BP
GO:0090677	reversible differentiation	1	1	0.27	0.27059	1	BP
GO:0090679	cell differentiation involved in phenoty...	1	1	0.27	0.27059	1	BP
GO:2001185	regulation of CD8-positive, alpha-beta T...	1	1	0.27	0.27059	1	BP
GO:2001187	positive regulation of CD8-positive, alp...	1	1	0.27	0.27059	1	BP
GO:0042501	serine phosphorylation of STAT protein	1	1	0.27	0.27059	1	BP
GO:1905040	otic placode development	1	1	0.27	0.27059	1	BP
GO:1901684	arsenate ion transmembrane transport	1	1	0.27	0.27059	1	BP
GO:0033499	galactose catabolic process via UDP-gala...	1	1	0.27	0.27059	1	BP
GO:0097752	regulation of DNA stability	1	1	0.27	0.27059	1	BP
GO:0006808	regulation of nitrogen utilization	1	1	0.27	0.27059	1	BP
GO:0060574	intestinal epithelial cell maturation	1	1	0.27	0.27059	1	BP
GO:0014819	regulation of skeletal muscle contractio...	1	1	0.27	0.27059	1	BP
GO:0046073	dTMP metabolic process	1	1	0.27	0.27059	1	BP
GO:0046078	dUMP metabolic process	1	1	0.27	0.27059	1	BP
GO:1903365	regulation of fear response	1	1	0.27	0.27059	1	BP
GO:0006597	spermine biosynthetic process	1	1	0.27	0.27059	1	BP
GO:1903367	positive regulation of fear response	1	1	0.27	0.27059	1	BP
GO:0016254	preassembly of GPI anchor in ER membrane	1	1	0.27	0.27059	1	BP
GO:0042665	regulation of ectodermal cell fate speci...	1	1	0.27	0.27059	1	BP
GO:0016259	selenocysteine metabolic process	1	1	0.27	0.27059	1	BP
GO:0042666	negative regulation of ectodermal cell f...	1	1	0.27	0.27059	1	BP
GO:1903375	facioacoustic ganglion development	1	1	0.27	0.27059	1	BP
GO:1903377	negative regulation of oxidative stress-...	1	1	0.27	0.27059	1	BP
GO:0042675	compound eye cone cell differentiation	1	1	0.27	0.27059	1	BP
GO:0097702	response to oscillatory fluid shear stre...	1	1	0.27	0.27059	1	BP
GO:0097704	cellular response to oscillatory fluid s...	1	1	0.27	0.27059	1	BP
GO:0051596	methylglyoxal catabolic process	1	1	0.27	0.27059	1	BP
GO:0006573	valine metabolic process	1	1	0.27	0.27059	1	BP
GO:0006574	valine catabolic process	1	1	0.27	0.27059	1	BP
GO:0016237	lysosomal microautophagy	1	1	0.27	0.27059	1	BP
GO:0006528	asparagine metabolic process	1	1	0.27	0.27059	1	BP
GO:0042631	cellular response to water deprivation	1	1	0.27	0.27059	1	BP
GO:0071921	cohesin loading	1	1	0.27	0.27059	1	BP
GO:0071922	regulation of cohesin loading	1	1	0.27	0.27059	1	BP
GO:0042637	catagen	1	1	0.27	0.27059	1	BP
GO:2001284	regulation of BMP secretion	1	1	0.27	0.27059	1	BP
GO:2001286	regulation of caveolin-mediated endocyto...	1	1	0.27	0.27059	1	BP
GO:2001287	negative regulation of caveolin-mediated...	1	1	0.27	0.27059	1	BP
GO:0051563	smooth endoplasmic reticulum calcium ion...	1	1	0.27	0.27059	1	BP
GO:0006542	glutamine biosynthetic process	1	1	0.27	0.27059	1	BP
GO:0006530	asparagine catabolic process	1	1	0.27	0.27059	1	BP
GO:0044379	protein localization to actin cortical p...	1	1	0.27	0.27059	1	BP
GO:0070093	negative regulation of glucagon secretio...	1	1	0.27	0.27059	1	BP
GO:0070099	regulation of chemokine-mediated signali...	1	1	0.27	0.27059	1	BP
GO:0060661	submandibular salivary gland formation	1	1	0.27	0.27059	1	BP
GO:0060666	dichotomous subdivision of terminal unit...	1	1	0.27	0.27059	1	BP
GO:1903490	positive regulation of mitotic cytokines...	1	1	0.27	0.27059	1	BP
GO:0044338	canonical Wnt signaling pathway involved...	1	1	0.27	0.27059	1	BP
GO:0033183	negative regulation of histone ubiquitin...	1	1	0.27	0.27059	1	BP
GO:2001207	regulation of transcription elongation b...	1	1	0.27	0.27059	1	BP
GO:2001208	negative regulation of transcription elo...	1	1	0.27	0.27059	1	BP
GO:0035360	positive regulation of peroxisome prolif...	1	1	0.27	0.27059	1	BP
GO:0035358	regulation of peroxisome proliferator ac...	1	1	0.27	0.27059	1	BP
GO:1903441	protein localization to ciliary membrane	1	1	0.27	0.27059	1	BP
GO:1903436	regulation of mitotic cytokinetic proces...	1	1	0.27	0.27059	1	BP
GO:1903438	positive regulation of mitotic cytokinet...	1	1	0.27	0.27059	1	BP
GO:0035320	imaginal disc-derived wing hair site sel...	1	1	0.27	0.27059	1	BP
GO:0006616	SRP-dependent cotranslational protein ta...	1	1	0.27	0.27059	1	BP
GO:0035310	notum cell fate specification	1	1	0.27	0.27059	1	BP
GO:0006642	triglyceride mobilization	1	1	0.27	0.27059	1	BP
GO:0006646	phosphatidylethanolamine biosynthetic pr...	1	1	0.27	0.27059	1	BP
GO:0018076	N-terminal peptidyl-lysine acetylation	1	1	0.27	0.27059	1	BP
GO:0035318	imaginal disc-derived wing hair outgrowt...	1	1	0.27	0.27059	1	BP
GO:0051659	maintenance of mitochondrion location	1	1	0.27	0.27059	1	BP
GO:0018026	peptidyl-lysine monomethylation	1	1	0.27	0.27059	1	BP
GO:0061060	negative regulation of peptidoglycan rec...	1	1	0.27	0.27059	1	BP
GO:0003413	chondrocyte differentiation involved in ...	1	1	0.27	0.27059	1	BP
GO:0061058	regulation of peptidoglycan recognition ...	1	1	0.27	0.27059	1	BP
GO:0061083	regulation of protein refolding	1	1	0.27	0.27059	1	BP
GO:0061084	negative regulation of protein refolding	1	1	0.27	0.27059	1	BP
GO:0038190	VEGF-activated neuropilin signaling path...	1	1	0.27	0.27059	1	BP
GO:0061076	negative regulation of neural retina dev...	1	1	0.27	0.27059	1	BP
GO:0030091	protein repair	1	1	0.27	0.27059	1	BP
GO:1904903	ESCRT III complex disassembly	1	1	0.27	0.27059	1	BP
GO:1903181	positive regulation of dopamine biosynth...	1	1	0.27	0.27059	1	BP
GO:0038156	interleukin-3-mediated signaling pathway	1	1	0.27	0.27059	1	BP
GO:0051601	exocyst localization	1	1	0.27	0.27059	1	BP
GO:0033211	adiponectin-activated signaling pathway	1	1	0.27	0.27059	1	BP
GO:0033212	iron import into cell	1	1	0.27	0.27059	1	BP
GO:1903179	regulation of dopamine biosynthetic proc...	1	1	0.27	0.27059	1	BP
GO:0033215	reductive iron assimilation	1	1	0.27	0.27059	1	BP
GO:1903119	protein localization to actin cytoskelet...	1	1	0.27	0.27059	1	BP
GO:0035425	autocrine signaling	1	1	0.27	0.27059	1	BP
GO:0003185	sinoatrial valve morphogenesis	1	1	0.27	0.27059	1	BP
GO:0030037	actin filament reorganization involved i...	1	1	0.27	0.27059	1	BP
GO:0035441	cell migration involved in vasculogenesi...	1	1	0.27	0.27059	1	BP
GO:0003172	sinoatrial valve development	1	1	0.27	0.27059	1	BP
GO:0003127	detection of nodal flow	1	1	0.27	0.27059	1	BP
GO:0003128	heart field specification	1	1	0.27	0.27059	1	BP
GO:1905345	protein localization to cleavage furrow	1	1	0.27	0.27059	1	BP
GO:0003116	regulation of vasoconstriction by norepi...	1	1	0.27	0.27059	1	BP
GO:0003117	regulation of vasoconstriction by circul...	1	1	0.27	0.27059	1	BP
GO:0001992	regulation of systemic arterial blood pr...	1	1	0.27	0.27059	1	BP
GO:0003138	primary heart field specification	1	1	0.27	0.27059	1	BP
GO:0003139	secondary heart field specification	1	1	0.27	0.27059	1	BP
GO:0016557	peroxisome membrane biogenesis	1	1	0.27	0.27059	1	BP
GO:1903288	positive regulation of potassium ion imp...	1	1	0.27	0.27059	1	BP
GO:0046340	diacylglycerol catabolic process	1	1	0.27	0.27059	1	BP
GO:0042976	activation of Janus kinase activity	1	1	0.27	0.27059	1	BP
GO:0072069	DCT cell differentiation	1	1	0.27	0.27059	1	BP
GO:0072051	juxtaglomerular apparatus development	1	1	0.27	0.27059	1	BP
GO:0072055	renal cortex development	1	1	0.27	0.27059	1	BP
GO:0072059	cortical collecting duct development	1	1	0.27	0.27059	1	BP
GO:0042918	alkanesulfonate transport	1	1	0.27	0.27059	1	BP
GO:0042940	D-amino acid transport	1	1	0.27	0.27059	1	BP
GO:1905456	regulation of lymphoid progenitor cell d...	1	1	0.27	0.27059	1	BP
GO:1903233	regulation of calcium ion-dependent exoc...	1	1	0.27	0.27059	1	BP
GO:0072024	macula densa development	1	1	0.27	0.27059	1	BP
GO:0033700	phospholipid efflux	1	1	0.27	0.27059	1	BP
GO:0003284	septum primum development	1	1	0.27	0.27059	1	BP
GO:0003289	atrial septum primum morphogenesis	1	1	0.27	0.27059	1	BP
GO:1905420	vascular associated smooth muscle cell d...	1	1	0.27	0.27059	1	BP
GO:1900044	regulation of protein K63-linked ubiquit...	1	1	0.27	0.27059	1	BP
GO:1900045	negative regulation of protein K63-linke...	1	1	0.27	0.27059	1	BP
GO:0072049	comma-shaped body morphogenesis	1	1	0.27	0.27059	1	BP
GO:0003226	right ventricular compact myocardium mor...	1	1	0.27	0.27059	1	BP
GO:1903797	positive regulation of inorganic anion t...	1	1	0.27	0.27059	1	BP
GO:0060980	cell migration involved in coronary vasc...	1	1	0.27	0.27059	1	BP
GO:0070358	actin polymerization-dependent cell moti...	1	1	0.27	0.27059	1	BP
GO:0000012	single strand break repair	1	1	0.27	0.27059	1	BP
GO:0006995	cellular response to nitrogen starvation	1	1	0.27	0.27059	1	BP
GO:0070375	ERK5 cascade	1	1	0.27	0.27059	1	BP
GO:0006963	positive regulation of antibacterial pep...	1	1	0.27	0.27059	1	BP
GO:0044795	trans-Golgi network to recycling endosom...	1	1	0.27	0.27059	1	BP
GO:0006983	ER overload response	1	1	0.27	0.27059	1	BP
GO:1905168	positive regulation of double-strand bre...	1	1	0.27	0.27059	1	BP
GO:0099519	dense core granule cytoskeletal transpor...	1	1	0.27	0.27059	1	BP
GO:0006924	activation-induced cell death of T cells	1	1	0.27	0.27059	1	BP
GO:0006925	inflammatory cell apoptotic process	1	1	0.27	0.27059	1	BP
GO:0035227	regulation of glutamate-cysteine ligase ...	1	1	0.27	0.27059	1	BP
GO:0035229	positive regulation of glutamate-cystein...	1	1	0.27	0.27059	1	BP
GO:0032053	ciliary basal body organization	1	1	0.27	0.27059	1	BP
GO:0032056	positive regulation of translation in re...	1	1	0.27	0.27059	1	BP
GO:0032057	negative regulation of translational ini...	1	1	0.27	0.27059	1	BP
GO:0006931	substrate-dependent cell migration, cell...	1	1	0.27	0.27059	1	BP
GO:0033591	response to L-ascorbic acid	1	1	0.27	0.27059	1	BP
GO:0051970	negative regulation of transmission of n...	1	1	0.27	0.27059	1	BP
GO:1905133	negative regulation of meiotic chromosom...	1	1	0.27	0.27059	1	BP
GO:0061381	cell migration in diencephalon	1	1	0.27	0.27059	1	BP
GO:1903898	negative regulation of PERK-mediated unf...	1	1	0.27	0.27059	1	BP
GO:1903899	positive regulation of PERK-mediated unf...	1	1	0.27	0.27059	1	BP
GO:0061373	mammillary axonal complex development	1	1	0.27	0.27059	1	BP
GO:0061374	mammillothalamic axonal tract developmen...	1	1	0.27	0.27059	1	BP
GO:0061378	corpora quadrigemina development	1	1	0.27	0.27059	1	BP
GO:0061379	inferior colliculus development	1	1	0.27	0.27059	1	BP
GO:0022606	establishment of proximal/distal cell po...	1	1	0.27	0.27059	1	BP
GO:0051938	L-glutamate import	1	1	0.27	0.27059	1	BP
GO:0035791	platelet-derived growth factor receptor-...	1	1	0.27	0.27059	1	BP
GO:0032000	positive regulation of fatty acid beta-o...	1	1	0.27	0.27059	1	BP
GO:0046133	pyrimidine ribonucleoside catabolic proc...	1	1	0.27	0.27059	1	BP
GO:0035754	B cell chemotaxis	1	1	0.27	0.27059	1	BP
GO:0033501	galactose homeostasis	1	1	0.27	0.27059	1	BP
GO:0070407	oxidation-dependent protein catabolic pr...	1	1	0.27	0.27059	1	BP
GO:0099639	neurotransmitter receptor transport, end...	1	1	0.27	0.27059	1	BP
GO:1905214	regulation of RNA binding	1	1	0.27	0.27059	1	BP
GO:1905216	positive regulation of RNA binding	1	1	0.27	0.27059	1	BP
GO:0140321	negative regulation by symbiont of host ...	1	1	0.27	0.27059	1	BP
GO:0044827	modulation by host of viral genome repli...	1	1	0.27	0.27059	1	BP
GO:0044829	positive regulation by host of viral gen...	1	1	0.27	0.27059	1	BP
GO:0061470	T follicular helper cell differentiation	1	1	0.27	0.27059	1	BP
GO:1902010	negative regulation of translation in re...	1	1	0.27	0.27059	1	BP
GO:1903565	negative regulation of protein localizat...	1	1	0.27	0.27059	1	BP
GO:1903567	regulation of protein localization to ci...	1	1	0.27	0.27059	1	BP
GO:1903568	negative regulation of protein localizat...	1	1	0.27	0.27059	1	BP
GO:0002069	columnar/cuboidal epithelial cell matura...	1	1	0.27	0.27059	1	BP
GO:0044804	autophagy of nucleus	1	1	0.27	0.27059	1	BP
GO:0044805	late nucleophagy	1	1	0.27	0.27059	1	BP
GO:0061433	cellular response to caloric restriction	1	1	0.27	0.27059	1	BP
GO:0018197	peptidyl-aspartic acid modification	1	1	0.27	0.27059	1	BP
GO:1903521	positive regulation of mammary gland inv...	1	1	0.27	0.27059	1	BP
GO:0035852	horizontal cell localization	1	1	0.27	0.27059	1	BP
GO:1903515	calcium ion transport from cytosol to en...	1	1	0.27	0.27059	1	BP
GO:0030473	nuclear migration along microtubule	1	1	0.27	0.27059	1	BP
GO:1903519	regulation of mammary gland involution	1	1	0.27	0.27059	1	BP
GO:0070101	positive regulation of chemokine-mediate...	1	1	0.27	0.27059	1	BP
GO:0033601	positive regulation of mammary gland epi...	1	1	0.27	0.27059	1	BP
GO:0061199	striated muscle contraction involved in ...	1	1	0.27	0.27059	1	BP
GO:0035814	negative regulation of renal sodium excr...	1	1	0.27	0.27059	1	BP
GO:0055113	epiboly involved in gastrulation with mo...	1	1	0.27	0.27059	1	BP
GO:0055116	entry into reproductive diapause	1	1	0.27	0.27059	1	BP
GO:0035846	oviduct epithelium development	1	1	0.27	0.27059	1	BP
GO:0035847	uterine epithelium development	1	1	0.27	0.27059	1	BP
GO:0035849	nephric duct elongation	1	1	0.27	0.27059	1	BP
GO:1903690	negative regulation of wound healing, sp...	1	1	0.27	0.27059	1	BP
GO:0055107	Golgi to secretory granule transport	1	1	0.27	0.27059	1	BP
GO:0070253	somatostatin secretion	1	1	0.27	0.27059	1	BP
GO:0070256	negative regulation of mucus secretion	1	1	0.27	0.27059	1	BP
GO:0070285	pigment cell development	1	1	0.27	0.27059	1	BP
GO:0072497	mesenchymal stem cell differentiation	1	1	0.27	0.27059	1	BP
GO:0070276	halogen metabolic process	1	1	0.27	0.27059	1	BP
GO:1903689	regulation of wound healing, spreading o...	1	1	0.27	0.27059	1	BP
GO:0018293	protein-FAD linkage	1	1	0.27	0.27059	1	BP
GO:1903674	regulation of cap-dependent translationa...	1	1	0.27	0.27059	1	BP
GO:1903676	positive regulation of cap-dependent tra...	1	1	0.27	0.27059	1	BP
GO:1903677	regulation of cap-independent translatio...	1	1	0.27	0.27059	1	BP
GO:1903679	positive regulation of cap-independent t...	1	1	0.27	0.27059	1	BP
GO:0048050	post-embryonic eye morphogenesis	1	1	0.27	0.27059	1	BP
GO:0070244	negative regulation of thymocyte apoptot...	1	1	0.27	0.27059	1	BP
GO:1900453	negative regulation of long-term synapti...	1	1	0.27	0.27059	1	BP
GO:0070235	regulation of activation-induced cell de...	1	1	0.27	0.27059	1	BP
GO:0070236	negative regulation of activation-induce...	1	1	0.27	0.27059	1	BP
GO:1905852	positive regulation of backward locomoti...	1	1	0.27	0.27059	1	BP
GO:0048076	regulation of compound eye pigmentation	1	1	0.27	0.27059	1	BP
GO:0032354	response to follicle-stimulating hormone	1	1	0.27	0.27059	1	BP
GO:1903608	protein localization to cytoplasmic stre...	1	1	0.27	0.27059	1	BP
GO:0032373	positive regulation of sterol transport	1	1	0.27	0.27059	1	BP
GO:0032376	positive regulation of cholesterol trans...	1	1	0.27	0.27059	1	BP
GO:1905833	negative regulation of microtubule nucle...	1	1	0.27	0.27059	1	BP
GO:0000480	endonucleolytic cleavage in 5'-ETS of tr...	1	1	0.27	0.27059	1	BP
GO:0046852	positive regulation of bone remodeling	1	1	0.27	0.27059	1	BP
GO:0072194	kidney smooth muscle tissue development	1	1	0.27	0.27059	1	BP
GO:0035695	mitophagy by induced vacuole formation	1	1	0.27	0.27059	1	BP
GO:0070777	D-aspartate transport	1	1	0.27	0.27059	1	BP
GO:0070778	L-aspartate transmembrane transport	1	1	0.27	0.27059	1	BP
GO:0070779	D-aspartate import across plasma membran...	1	1	0.27	0.27059	1	BP
GO:0039021	pronephric glomerulus development	1	1	0.27	0.27059	1	BP
GO:0035666	TRIF-dependent toll-like receptor signal...	1	1	0.27	0.27059	1	BP
GO:1900151	regulation of nuclear-transcribed mRNA c...	1	1	0.27	0.27059	1	BP
GO:1900153	positive regulation of nuclear-transcrib...	1	1	0.27	0.27059	1	BP
GO:0061205	paramesonephric duct development	1	1	0.27	0.27059	1	BP
GO:1905563	negative regulation of vascular endothel...	1	1	0.27	0.27059	1	BP
GO:1900121	negative regulation of receptor binding	1	1	0.27	0.27059	1	BP
GO:0030241	skeletal muscle myosin thick filament as...	1	1	0.27	0.27059	1	BP
GO:0035617	stress granule disassembly	1	1	0.27	0.27059	1	BP
GO:1900144	positive regulation of BMP secretion	1	1	0.27	0.27059	1	BP
GO:0000160	phosphorelay signal transduction system	1	1	0.27	0.27059	1	BP
GO:0032470	positive regulation of endoplasmic retic...	1	1	0.27	0.27059	1	BP
GO:1905518	regulation of presynaptic active zone as...	1	1	0.27	0.27059	1	BP
GO:1905519	negative regulation of presynaptic activ...	1	1	0.27	0.27059	1	BP
GO:0061763	multivesicular body-lysosome fusion	1	1	0.27	0.27059	1	BP
GO:0032429	regulation of phospholipase A2 activity	1	1	0.27	0.27059	1	BP
GO:0045046	protein import into peroxisome membrane	1	1	0.27	0.27059	1	BP
GO:1902378	VEGF-activated neuropilin signaling path...	1	1	0.27	0.27059	1	BP
GO:0032430	positive regulation of phospholipase A2 ...	1	1	0.27	0.27059	1	BP
GO:0032431	activation of phospholipase A2 activity	1	1	0.27	0.27059	1	BP
GO:0061727	methylglyoxal catabolic process to lacta...	1	1	0.27	0.27059	1	BP
GO:1902336	positive regulation of retinal ganglion ...	1	1	0.27	0.27059	1	BP
GO:0043366	beta selection	1	1	0.27	0.27059	1	BP
GO:0002352	B cell negative selection	1	1	0.27	0.27059	1	BP
GO:0002358	B cell homeostatic proliferation	1	1	0.27	0.27059	1	BP
GO:0043376	regulation of CD8-positive, alpha-beta T...	1	1	0.27	0.27059	1	BP
GO:0043378	positive regulation of CD8-positive, alp...	1	1	0.27	0.27059	1	BP
GO:0043321	regulation of natural killer cell degran...	1	1	0.27	0.27059	1	BP
GO:0043323	positive regulation of natural killer ce...	1	1	0.27	0.27059	1	BP
GO:0043328	protein transport to vacuole involved in...	1	1	0.27	0.27059	1	BP
GO:0070831	basement membrane assembly	1	1	0.27	0.27059	1	BP
GO:0002313	mature B cell differentiation involved i...	1	1	0.27	0.27059	1	BP
GO:0002315	marginal zone B cell differentiation	1	1	0.27	0.27059	1	BP
GO:0072278	metanephric comma-shaped body morphogene...	1	1	0.27	0.27059	1	BP
GO:0002335	mature B cell differentiation	1	1	0.27	0.27059	1	BP
GO:0072227	metanephric macula densa development	1	1	0.27	0.27059	1	BP
GO:0072214	metanephric cortex development	1	1	0.27	0.27059	1	BP
GO:0072219	metanephric cortical collecting duct dev...	1	1	0.27	0.27059	1	BP
GO:0010387	COP9 signalosome assembly	1	1	0.27	0.27059	1	BP
GO:0072240	metanephric DCT cell differentiation	1	1	0.27	0.27059	1	BP
GO:1900241	positive regulation of phenotypic switch...	1	1	0.27	0.27059	1	BP
GO:1900239	regulation of phenotypic switching	1	1	0.27	0.27059	1	BP
GO:0030708	germarium-derived female germ-line cyst ...	1	1	0.27	0.27059	1	BP
GO:1905634	regulation of protein localization to ch...	1	1	0.27	0.27059	1	BP
GO:0072206	metanephric juxtaglomerular apparatus de...	1	1	0.27	0.27059	1	BP
GO:0072208	metanephric smooth muscle tissue develop...	1	1	0.27	0.27059	1	BP
GO:1902412	regulation of mitotic cytokinesis	1	1	0.27	0.27059	1	BP
GO:1902415	regulation of mRNA binding	1	1	0.27	0.27059	1	BP
GO:1902416	positive regulation of mRNA binding	1	1	0.27	0.27059	1	BP
GO:1902445	regulation of mitochondrial membrane per...	1	1	0.27	0.27059	1	BP
GO:0015734	taurine transport	1	1	0.27	0.27059	1	BP
GO:0007396	suture of dorsal opening	1	1	0.27	0.27059	1	BP
GO:0021785	branchiomotor neuron axon guidance	1	1	0.27	0.27059	1	BP
GO:0046629	gamma-delta T cell activation	1	1	0.27	0.27059	1	BP
GO:0002480	antigen processing and presentation of e...	1	1	0.27	0.27059	1	BP
GO:0002483	antigen processing and presentation of e...	1	1	0.27	0.27059	1	BP
GO:0046641	positive regulation of alpha-beta T cell...	1	1	0.27	0.27059	1	BP
GO:0046643	regulation of gamma-delta T cell activat...	1	1	0.27	0.27059	1	BP
GO:0046645	positive regulation of gamma-delta T cel...	1	1	0.27	0.27059	1	BP
GO:1903927	response to cyanide	1	1	0.27	0.27059	1	BP
GO:1903928	cellular response to cyanide	1	1	0.27	0.27059	1	BP
GO:1903912	negative regulation of endoplasmic retic...	1	1	0.27	0.27059	1	BP
GO:0072741	protein localization to cell division si...	1	1	0.27	0.27059	1	BP
GO:0002190	cap-independent translational initiation	1	1	0.27	0.27059	1	BP
GO:0002191	cap-dependent translational initiation	1	1	0.27	0.27059	1	BP
GO:1902120	negative regulation of meiotic spindle e...	1	1	0.27	0.27059	1	BP
GO:0032242	regulation of nucleoside transport	1	1	0.27	0.27059	1	BP
GO:0015813	L-glutamate transmembrane transport	1	1	0.27	0.27059	1	BP
GO:0072702	response to methyl methanesulfonate	1	1	0.27	0.27059	1	BP
GO:0032244	positive regulation of nucleoside transp...	1	1	0.27	0.27059	1	BP
GO:0072703	cellular response to methyl methanesulfo...	1	1	0.27	0.27059	1	BP
GO:1902119	regulation of meiotic spindle elongation	1	1	0.27	0.27059	1	BP
GO:0021852	pyramidal neuron migration to cerebral c...	1	1	0.27	0.27059	1	BP
GO:0021856	hypothalamic tangential migration using ...	1	1	0.27	0.27059	1	BP
GO:0007496	anterior midgut development	1	1	0.27	0.27059	1	BP
GO:0021886	hypothalamus gonadotrophin-releasing hor...	1	1	0.27	0.27059	1	BP
GO:0021888	hypothalamus gonadotrophin-releasing hor...	1	1	0.27	0.27059	1	BP
GO:0080058	protein deglutathionylation	1	1	0.27	0.27059	1	BP
GO:2000383	regulation of ectoderm development	1	1	0.27	0.27059	1	BP
GO:2000384	negative regulation of ectoderm developm...	1	1	0.27	0.27059	1	BP
GO:0021824	cerebral cortex tangential migration usi...	1	1	0.27	0.27059	1	BP
GO:0021828	gonadotrophin-releasing hormone neuronal...	1	1	0.27	0.27059	1	BP
GO:1902103	negative regulation of metaphase/anaphas...	1	1	0.27	0.27059	1	BP
GO:1902109	negative regulation of mitochondrial mem...	1	1	0.27	0.27059	1	BP
GO:0002125	maternal aggressive behavior	1	1	0.27	0.27059	1	BP
GO:2000320	negative regulation of T-helper 17 cell ...	1	1	0.27	0.27059	1	BP
GO:0032792	negative regulation of CREB transcriptio...	1	1	0.27	0.27059	1	BP
GO:0002115	store-operated calcium entry	1	1	0.27	0.27059	1	BP
GO:0030576	Cajal body organization	1	1	0.27	0.27059	1	BP
GO:2000316	regulation of T-helper 17 type immune re...	1	1	0.27	0.27059	1	BP
GO:2000317	negative regulation of T-helper 17 type ...	1	1	0.27	0.27059	1	BP
GO:2000319	regulation of T-helper 17 cell different...	1	1	0.27	0.27059	1	BP
GO:0035977	protein deglycosylation involved in glyc...	1	1	0.27	0.27059	1	BP
GO:0080033	response to nitrite	1	1	0.27	0.27059	1	BP
GO:0035910	ascending aorta morphogenesis	1	1	0.27	0.27059	1	BP
GO:0032752	positive regulation of interleukin-3 pro...	1	1	0.27	0.27059	1	BP
GO:1902263	apoptotic process involved in embryonic ...	1	1	0.27	0.27059	1	BP
GO:0032782	bile acid secretion	1	1	0.27	0.27059	1	BP
GO:2000303	regulation of ceramide biosynthetic proc...	1	1	0.27	0.27059	1	BP
GO:2000304	positive regulation of ceramide biosynth...	1	1	0.27	0.27059	1	BP
GO:0035936	testosterone secretion	1	1	0.27	0.27059	1	BP
GO:0035938	estradiol secretion	1	1	0.27	0.27059	1	BP
GO:1902285	semaphorin-plexin signaling pathway invo...	1	1	0.27	0.27059	1	BP
GO:1902287	semaphorin-plexin signaling pathway invo...	1	1	0.27	0.27059	1	BP
GO:0021590	cerebellum maturation	1	1	0.27	0.27059	1	BP
GO:0032727	positive regulation of interferon-alpha ...	1	1	0.27	0.27059	1	BP
GO:0021598	abducens nerve morphogenesis	1	1	0.27	0.27059	1	BP
GO:0021599	abducens nerve formation	1	1	0.27	0.27059	1	BP
GO:0035905	ascending aorta development	1	1	0.27	0.27059	1	BP
GO:0021560	abducens nerve development	1	1	0.27	0.27059	1	BP
GO:0061623	glycolytic process from galactose	1	1	0.27	0.27059	1	BP
GO:0007191	adenylate cyclase-activating dopamine re...	1	1	0.27	0.27059	1	BP
GO:0120127	response to zinc ion starvation	1	1	0.27	0.27059	1	BP
GO:0007195	adenylate cyclase-inhibiting dopamine re...	1	1	0.27	0.27059	1	BP
GO:0002265	astrocyte activation involved in immune ...	1	1	0.27	0.27059	1	BP
GO:0007199	G protein-coupled receptor signaling pat...	1	1	0.27	0.27059	1	BP
GO:0034085	establishment of sister chromatid cohesi...	1	1	0.27	0.27059	1	BP
GO:0034086	maintenance of sister chromatid cohesion	1	1	0.27	0.27059	1	BP
GO:0034088	maintenance of mitotic sister chromatid ...	1	1	0.27	0.27059	1	BP
GO:0034021	response to silicon dioxide	1	1	0.27	0.27059	1	BP
GO:2000474	regulation of opioid receptor signaling ...	1	1	0.27	0.27059	1	BP
GO:0002227	innate immune response in mucosa	1	1	0.27	0.27059	1	BP
GO:0032899	regulation of neurotrophin production	1	1	0.27	0.27059	1	BP
GO:0002246	wound healing involved in inflammatory r...	1	1	0.27	0.27059	1	BP
GO:0002248	connective tissue replacement involved i...	1	1	0.27	0.27059	1	BP
GO:0071000	response to magnetism	1	1	0.27	0.27059	1	BP
GO:2000434	regulation of protein neddylation	1	1	0.27	0.27059	1	BP
GO:0140650	radial glia-guided pyramidal neuron migr...	1	1	0.27	0.27059	1	BP
GO:2000435	negative regulation of protein neddylati...	1	1	0.27	0.27059	1	BP
GO:0030647	aminoglycoside antibiotic metabolic proc...	1	1	0.27	0.27059	1	BP
GO:0043201	response to leucine	1	1	0.27	0.27059	1	BP
GO:1905915	regulation of cell differentiation invol...	1	1	0.27	0.27059	1	BP
GO:1905917	positive regulation of cell differentiat...	1	1	0.27	0.27059	1	BP
GO:0048139	female germ-line cyst encapsulation	1	1	0.27	0.27059	1	BP
GO:0072538	T-helper 17 type immune response	1	1	0.27	0.27059	1	BP
GO:0072539	T-helper 17 cell differentiation	1	1	0.27	0.27059	1	BP
GO:1905941	positive regulation of gonad development	1	1	0.27	0.27059	1	BP
GO:0040031	snRNA modification	1	1	0.27	0.27059	1	BP
GO:1905945	regulation of response to calcium ion	1	1	0.27	0.27059	1	BP
GO:0021691	cerebellar Purkinje cell layer maturatio...	1	1	0.27	0.27059	1	BP
GO:0021699	cerebellar cortex maturation	1	1	0.27	0.27059	1	BP
GO:1905930	regulation of vascular associated smooth...	1	1	0.27	0.27059	1	BP
GO:1905932	positive regulation of vascular associat...	1	1	0.27	0.27059	1	BP
GO:1904092	regulation of autophagic cell death	1	1	0.27	0.27059	1	BP
GO:0046967	cytosol to endoplasmic reticulum transpo...	1	1	0.27	0.27059	1	BP
GO:0010248	establishment or maintenance of transmem...	1	1	0.27	0.27059	1	BP
GO:2000194	regulation of female gonad development	1	1	0.27	0.27059	1	BP
GO:2000196	positive regulation of female gonad deve...	1	1	0.27	0.27059	1	BP
GO:0032836	glomerular basement membrane development	1	1	0.27	0.27059	1	BP
GO:1905908	positive regulation of amyloid fibril fo...	1	1	0.27	0.27059	1	BP
GO:0031064	negative regulation of histone deacetyla...	1	1	0.27	0.27059	1	BP
GO:0002756	MyD88-independent toll-like receptor sig...	1	1	0.27	0.27059	1	BP
GO:0002780	antibacterial peptide biosynthetic proce...	1	1	0.27	0.27059	1	BP
GO:0002786	regulation of antibacterial peptide prod...	1	1	0.27	0.27059	1	BP
GO:2000185	regulation of phosphate transmembrane tr...	1	1	0.27	0.27059	1	BP
GO:1904071	presynaptic active zone assembly	1	1	0.27	0.27059	1	BP
GO:2000187	positive regulation of phosphate transme...	1	1	0.27	0.27059	1	BP
GO:0002777	antimicrobial peptide biosynthetic proce...	1	1	0.27	0.27059	1	BP
GO:0002778	antibacterial peptide production	1	1	0.27	0.27059	1	BP
GO:1904020	regulation of G protein-coupled receptor...	1	1	0.27	0.27059	1	BP
GO:0007250	activation of NF-kappaB-inducing kinase ...	1	1	0.27	0.27059	1	BP
GO:1904022	positive regulation of G protein-coupled...	1	1	0.27	0.27059	1	BP
GO:0010796	regulation of multivesicular body size	1	1	0.27	0.27059	1	BP
GO:0050855	regulation of B cell receptor signaling ...	1	1	0.27	0.27059	1	BP
GO:0031077	post-embryonic camera-type eye developme...	1	1	0.27	0.27059	1	BP
GO:2000120	positive regulation of sodium-dependent ...	1	1	0.27	0.27059	1	BP
GO:0032596	protein transport into membrane raft	1	1	0.27	0.27059	1	BP
GO:0007285	primary spermatocyte growth	1	1	0.27	0.27059	1	BP
GO:0021649	vestibulocochlear nerve structural organ...	1	1	0.27	0.27059	1	BP
GO:2000111	positive regulation of macrophage apopto...	1	1	0.27	0.27059	1	BP
GO:2000118	regulation of sodium-dependent phosphate...	1	1	0.27	0.27059	1	BP
GO:0021637	trigeminal nerve structural organization	1	1	0.27	0.27059	1	BP
GO:1904049	negative regulation of spontaneous neuro...	1	1	0.27	0.27059	1	BP
GO:0031034	myosin filament assembly	1	1	0.27	0.27059	1	BP
GO:1902867	negative regulation of retina developmen...	1	1	0.27	0.27059	1	BP
GO:1902869	regulation of amacrine cell differentiat...	1	1	0.27	0.27059	1	BP
GO:0090091	positive regulation of extracellular mat...	1	1	0.27	0.27059	1	BP
GO:2000109	regulation of macrophage apoptotic proce...	1	1	0.27	0.27059	1	BP
GO:0070995	NADPH oxidation	1	1	0.27	0.27059	1	BP
GO:1902870	negative regulation of amacrine cell dif...	1	1	0.27	0.27059	1	BP
GO:1990049	retrograde neuronal dense core vesicle t...	1	1	0.27	0.27059	1	BP
GO:0032510	endosome to lysosome transport via multi...	1	1	0.27	0.27059	1	BP
GO:0032511	late endosome to vacuole transport via m...	1	1	0.27	0.27059	1	BP
GO:0010745	negative regulation of macrophage derive...	1	1	0.27	0.27059	1	BP
GO:1990036	calcium ion import into sarcoplasmic ret...	1	1	0.27	0.27059	1	BP
GO:0090086	negative regulation of protein deubiquit...	1	1	0.27	0.27059	1	BP
GO:0009438	methylglyoxal metabolic process	1	1	0.27	0.27059	1	BP
GO:0090076	relaxation of skeletal muscle	1	1	0.27	0.27059	1	BP
GO:0090026	positive regulation of monocyte chemotax...	1	1	0.27	0.27059	1	BP
GO:2000289	regulation of photoreceptor cell axon gu...	1	1	0.27	0.27059	1	BP
GO:0009191	ribonucleoside diphosphate catabolic pro...	1	1	0.27	0.27059	1	BP
GO:0009195	pyrimidine ribonucleoside diphosphate ca...	1	1	0.27	0.27059	1	BP
GO:0048789	cytoskeletal matrix organization at acti...	1	1	0.27	0.27059	1	BP
GO:0048773	erythrophore differentiation	1	1	0.27	0.27059	1	BP
GO:0009162	deoxyribonucleoside monophosphate metabo...	1	1	0.27	0.27059	1	BP
GO:0010885	regulation of cholesterol storage	1	1	0.27	0.27059	1	BP
GO:0010887	negative regulation of cholesterol stora...	1	1	0.27	0.27059	1	BP
GO:0009157	deoxyribonucleoside monophosphate biosyn...	1	1	0.27	0.27059	1	BP
GO:0002803	positive regulation of antibacterial pep...	1	1	0.27	0.27059	1	BP
GO:0010875	positive regulation of cholesterol efflu...	1	1	0.27	0.27059	1	BP
GO:0002805	regulation of antimicrobial peptide bios...	1	1	0.27	0.27059	1	BP
GO:0010878	cholesterol storage	1	1	0.27	0.27059	1	BP
GO:0002807	positive regulation of antimicrobial pep...	1	1	0.27	0.27059	1	BP
GO:0002808	regulation of antibacterial peptide bios...	1	1	0.27	0.27059	1	BP
GO:0032672	regulation of interleukin-3 production	1	1	0.27	0.27059	1	BP
GO:0009176	pyrimidine deoxyribonucleoside monophosp...	1	1	0.27	0.27059	1	BP
GO:0009177	pyrimidine deoxyribonucleoside monophosp...	1	1	0.27	0.27059	1	BP
GO:0010813	neuropeptide catabolic process	1	1	0.27	0.27059	1	BP
GO:0010815	bradykinin catabolic process	1	1	0.27	0.27059	1	BP
GO:0032647	regulation of interferon-alpha productio...	1	1	0.27	0.27059	1	BP
GO:0009140	pyrimidine nucleoside diphosphate catabo...	1	1	0.27	0.27059	1	BP
GO:1902513	regulation of organelle transport along ...	1	1	0.27	0.27059	1	BP
GO:0032632	interleukin-3 production	1	1	0.27	0.27059	1	BP
GO:0009134	nucleoside diphosphate catabolic process	1	1	0.27	0.27059	1	BP
GO:0071371	cellular response to gonadotropin stimul...	1	1	0.27	0.27059	1	BP
GO:0071372	cellular response to follicle-stimulatin...	1	1	0.27	0.27059	1	BP
GO:2000761	positive regulation of N-terminal peptid...	1	1	0.27	0.27059	1	BP
GO:0043562	cellular response to nitrogen levels	1	1	0.27	0.27059	1	BP
GO:2000767	positive regulation of cytoplasmic trans...	1	1	0.27	0.27059	1	BP
GO:2000768	positive regulation of nephron tubule ep...	1	1	0.27	0.27059	1	BP
GO:0034375	high-density lipoprotein particle remode...	1	1	0.27	0.27059	1	BP
GO:2000759	regulation of N-terminal peptidyl-lysine...	1	1	0.27	0.27059	1	BP
GO:0032607	interferon-alpha production	1	1	0.27	0.27059	1	BP
GO:0071336	regulation of hair follicle cell prolife...	1	1	0.27	0.27059	1	BP
GO:0071338	positive regulation of hair follicle cel...	1	1	0.27	0.27059	1	BP
GO:0061901	regulation of 1-phosphatidylinositol-3-k...	1	1	0.27	0.27059	1	BP
GO:0061903	positive regulation of 1-phosphatidylino...	1	1	0.27	0.27059	1	BP
GO:2000744	positive regulation of anterior head dev...	1	1	0.27	0.27059	1	BP
GO:0060057	apoptotic process involved in mammary gl...	1	1	0.27	0.27059	1	BP
GO:0060058	positive regulation of apoptotic process...	1	1	0.27	0.27059	1	BP
GO:0045780	positive regulation of bone resorption	1	1	0.27	0.27059	1	BP
GO:0045721	negative regulation of gluconeogenesis	1	1	0.27	0.27059	1	BP
GO:0045725	positive regulation of glycogen biosynth...	1	1	0.27	0.27059	1	BP
GO:0060049	regulation of protein glycosylation	1	1	0.27	0.27059	1	BP
GO:0009222	pyrimidine ribonucleotide catabolic proc...	1	1	0.27	0.27059	1	BP
GO:0009227	nucleotide-sugar catabolic process	1	1	0.27	0.27059	1	BP
GO:0098787	mRNA cleavage involved in mRNA processin...	1	1	0.27	0.27059	1	BP
GO:0098789	pre-mRNA cleavage required for polyadeny...	1	1	0.27	0.27059	1	BP
GO:0071454	cellular response to anoxia	1	1	0.27	0.27059	1	BP
GO:1902617	response to fluoride	1	1	0.27	0.27059	1	BP
GO:0060008	Sertoli cell differentiation	1	1	0.27	0.27059	1	BP
GO:0060009	Sertoli cell development	1	1	0.27	0.27059	1	BP
GO:0048597	post-embryonic camera-type eye morphogen...	1	1	0.27	0.27059	1	BP
GO:2000864	regulation of estradiol secretion	1	1	0.27	0.27059	1	BP
GO:0098712	L-glutamate import across plasma membran...	1	1	0.27	0.27059	1	BP
GO:0006011	UDP-glucose metabolic process	1	1	0.27	0.27059	1	BP
GO:1904382	mannose trimming involved in glycoprotei...	1	1	0.27	0.27059	1	BP
GO:0098749	cerebellar neuron development	1	1	0.27	0.27059	1	BP
GO:1904387	cellular response to L-phenylalanine der...	1	1	0.27	0.27059	1	BP
GO:0043686	co-translational protein modification	1	1	0.27	0.27059	1	BP
GO:1904370	regulation of protein localization to ac...	1	1	0.27	0.27059	1	BP
GO:1904372	positive regulation of protein localizat...	1	1	0.27	0.27059	1	BP
GO:1904373	response to kainic acid	1	1	0.27	0.27059	1	BP
GO:0002674	negative regulation of acute inflammator...	1	1	0.27	0.27059	1	BP
GO:1902605	heterotrimeric G-protein complex assembl...	1	1	0.27	0.27059	1	BP
GO:0080120	CAAX-box protein maturation	1	1	0.27	0.27059	1	BP
GO:2000822	regulation of behavioral fear response	1	1	0.27	0.27059	1	BP
GO:2000825	positive regulation of androgen receptor...	1	1	0.27	0.27059	1	BP
GO:0034436	glycoprotein transport	1	1	0.27	0.27059	1	BP
GO:0021937	cerebellar Purkinje cell-granule cell pr...	1	1	0.27	0.27059	1	BP
GO:2000843	regulation of testosterone secretion	1	1	0.27	0.27059	1	BP
GO:0080144	amino acid homeostasis	1	1	0.27	0.27059	1	BP
GO:2000845	positive regulation of testosterone secr...	1	1	0.27	0.27059	1	BP
GO:0051012	microtubule sliding	1	1	0.27	0.27059	1	BP
GO:0071403	cellular response to high density lipopr...	1	1	0.27	0.27059	1	BP
GO:0002635	negative regulation of germinal center f...	1	1	0.27	0.27059	1	BP
GO:0007540	sex determination, establishment of X:A ...	1	1	0.27	0.27059	1	BP
GO:0048541	Peyer's patch development	1	1	0.27	0.27059	1	BP
GO:0048537	mucosa-associated lymphoid tissue develo...	1	1	0.27	0.27059	1	BP
GO:0052575	carbohydrate localization	1	1	0.27	0.27059	1	BP
GO:0052576	carbohydrate storage	1	1	0.27	0.27059	1	BP
GO:0009720	detection of hormone stimulus	1	1	0.27	0.27059	1	BP
GO:0014005	microglia development	1	1	0.27	0.27059	1	BP
GO:0071169	establishment of protein localization to...	1	1	0.27	0.27059	1	BP
GO:0098886	modification of dendritic spine	1	1	0.27	0.27059	1	BP
GO:0098887	neurotransmitter receptor transport, end...	1	1	0.27	0.27059	1	BP
GO:0098870	action potential propagation	1	1	0.27	0.27059	1	BP
GO:0010603	regulation of cytoplasmic mRNA processin...	1	1	0.27	0.27059	1	BP
GO:0048669	collateral sprouting in absence of injur...	1	1	0.27	0.27059	1	BP
GO:0039521	suppression by virus of host autophagy	1	1	0.27	0.27059	1	BP
GO:1901382	regulation of chorionic trophoblast cell...	1	1	0.27	0.27059	1	BP
GO:1901385	regulation of voltage-gated calcium chan...	1	1	0.27	0.27059	1	BP
GO:1901387	positive regulation of voltage-gated cal...	1	1	0.27	0.27059	1	BP
GO:0039519	modulation by virus of host autophagy	1	1	0.27	0.27059	1	BP
GO:0097069	cellular response to thyroxine stimulus	1	1	0.27	0.27059	1	BP
GO:0048689	formation of growth cone in injured axon	1	1	0.27	0.27059	1	BP
GO:0007621	negative regulation of female receptivit...	1	1	0.27	0.27059	1	BP
GO:0031443	fast-twitch skeletal muscle fiber contra...	1	1	0.27	0.27059	1	BP
GO:0097084	vascular associated smooth muscle cell d...	1	1	0.27	0.27059	1	BP
GO:0031446	regulation of fast-twitch skeletal muscl...	1	1	0.27	0.27059	1	BP
GO:0031448	positive regulation of fast-twitch skele...	1	1	0.27	0.27059	1	BP
GO:0032960	regulation of inositol trisphosphate bio...	1	1	0.27	0.27059	1	BP
GO:0071108	protein K48-linked deubiquitination	1	1	0.27	0.27059	1	BP
GO:1901314	regulation of histone H2A K63-linked ubi...	1	1	0.27	0.27059	1	BP
GO:2000537	regulation of B cell chemotaxis	1	1	0.27	0.27059	1	BP
GO:1901315	negative regulation of histone H2A K63-l...	1	1	0.27	0.27059	1	BP
GO:2000538	positive regulation of B cell chemotaxis	1	1	0.27	0.27059	1	BP
GO:0045586	regulation of gamma-delta T cell differe...	1	1	0.27	0.27059	1	BP
GO:0045588	positive regulation of gamma-delta T cel...	1	1	0.27	0.27059	1	BP
GO:0032954	regulation of cytokinetic process	1	1	0.27	0.27059	1	BP
GO:0032959	inositol trisphosphate biosynthetic proc...	1	1	0.27	0.27059	1	BP
GO:0007630	jump response	1	1	0.27	0.27059	1	BP
GO:1901336	lactone biosynthetic process	1	1	0.27	0.27059	1	BP
GO:0042364	water-soluble vitamin biosynthetic proce...	1	1	0.27	0.27059	1	BP
GO:0007636	chemosensory jump behavior	1	1	0.27	0.27059	1	BP
GO:0032976	release of matrix enzymes from mitochond...	1	1	0.27	0.27059	1	BP
GO:1990441	negative regulation of transcription fro...	1	1	0.27	0.27059	1	BP
GO:2000690	regulation of cardiac muscle cell myobla...	1	1	0.27	0.27059	1	BP
GO:2000691	negative regulation of cardiac muscle ce...	1	1	0.27	0.27059	1	BP
GO:0036302	atrioventricular canal development	1	1	0.27	0.27059	1	BP
GO:0042321	negative regulation of circadian sleep/w...	1	1	0.27	0.27059	1	BP
GO:2000698	positive regulation of epithelial cell d...	1	1	0.27	0.27059	1	BP
GO:0042323	negative regulation of circadian sleep/w...	1	1	0.27	0.27059	1	BP
GO:0071250	cellular response to nitrite	1	1	0.27	0.27059	1	BP
GO:0097009	energy homeostasis	1	1	0.27	0.27059	1	BP
GO:0036491	regulation of translation initiation in ...	1	1	0.27	0.27059	1	BP
GO:0036492	eiF2alpha phosphorylation in response to...	1	1	0.27	0.27059	1	BP
GO:0036493	positive regulation of translation in re...	1	1	0.27	0.27059	1	BP
GO:0090427	activation of meiosis	1	1	0.27	0.27059	1	BP
GO:0032900	negative regulation of neurotrophin prod...	1	1	0.27	0.27059	1	BP
GO:0039689	negative stranded viral RNA replication	1	1	0.27	0.27059	1	BP
GO:0034224	cellular response to zinc ion starvation	1	1	0.27	0.27059	1	BP
GO:0071245	cellular response to carbon monoxide	1	1	0.27	0.27059	1	BP
GO:2000672	negative regulation of motor neuron apop...	1	1	0.27	0.27059	1	BP
GO:2000676	positive regulation of type B pancreatic...	1	1	0.27	0.27059	1	BP
GO:2000678	negative regulation of transcription reg...	1	1	0.27	0.27059	1	BP
GO:0071233	cellular response to leucine	1	1	0.27	0.27059	1	BP
GO:2000620	positive regulation of histone H4-K16 ac...	1	1	0.27	0.27059	1	BP
GO:0031120	snRNA pseudouridine synthesis	1	1	0.27	0.27059	1	BP
GO:1904116	response to vasopressin	1	1	0.27	0.27059	1	BP
GO:1904117	cellular response to vasopressin	1	1	0.27	0.27059	1	BP
GO:0036484	trunk neural crest cell migration	1	1	0.27	0.27059	1	BP
GO:2000619	negative regulation of histone H4-K16 ac...	1	1	0.27	0.27059	1	BP
GO:0036486	ventral trunk neural crest cell migratio...	1	1	0.27	0.27059	1	BP
GO:1904147	response to nonylphenol	1	1	0.27	0.27059	1	BP
GO:1904148	cellular response to nonylphenol	1	1	0.27	0.27059	1	BP
GO:0042492	gamma-delta T cell differentiation	1	1	0.27	0.27059	1	BP
GO:0050915	sensory perception of sour taste	1	1	0.27	0.27059	1	BP
GO:0019227	neuronal action potential propagation	1	1	0.27	0.27059	1	BP
GO:0036446	myofibroblast differentiation	1	1	0.27	0.27059	1	BP
GO:0019243	methylglyoxal catabolic process to D-lac...	1	1	0.27	0.27059	1	BP
GO:1990117	B cell receptor apoptotic signaling path...	1	1	0.27	0.27059	1	BP
GO:0045617	negative regulation of keratinocyte diff...	1	1	0.27	0.27059	1	BP
GO:0019230	proprioception	1	1	0.27	0.27059	1	BP
GO:1990144	intrinsic apoptotic signaling pathway in...	1	1	0.27	0.27059	1	BP
GO:0006362	transcription elongation by RNA polymera...	1	1	0.27	0.27059	1	BP
GO:0090160	Golgi to lysosome transport	1	1	0.27	0.27059	1	BP
GO:0090154	positive regulation of sphingolipid bios...	1	1	0.27	0.27059	1	BP
GO:0090155	negative regulation of sphingolipid bios...	1	1	0.27	0.27059	1	BP
GO:0090156	cellular sphingolipid homeostasis	1	1	0.27	0.27059	1	BP
GO:0006384	transcription initiation at RNA polymera...	1	1	0.27	0.27059	1	BP
GO:1902914	regulation of protein polyubiquitination	1	1	0.27	0.27059	1	BP
GO:1902915	negative regulation of protein polyubiqu...	1	1	0.27	0.27059	1	BP
GO:0090186	regulation of pancreatic juice secretion	1	1	0.27	0.27059	1	BP
GO:0090188	negative regulation of pancreatic juice ...	1	1	0.27	0.27059	1	BP
GO:0060301	positive regulation of cytokine activity	1	1	0.27	0.27059	1	BP
GO:0060305	regulation of cell diameter	1	1	0.27	0.27059	1	BP
GO:1902949	positive regulation of tau-protein kinas...	1	1	0.27	0.27059	1	BP
GO:1904261	positive regulation of basement membrane...	1	1	0.27	0.27059	1	BP
GO:0045607	regulation of inner ear auditory recepto...	1	1	0.27	0.27059	1	BP
GO:2001055	positive regulation of mesenchymal cell ...	1	1	0.27	0.27059	1	BP
GO:0042431	indole metabolic process	1	1	0.27	0.27059	1	BP
GO:0090128	regulation of synapse maturation	1	1	0.27	0.27059	1	BP
GO:0090129	positive regulation of synapse maturatio...	1	1	0.27	0.27059	1	BP
GO:1904259	regulation of basement membrane assembly...	1	1	0.27	0.27059	1	BP
GO:0031269	pseudopodium assembly	1	1	0.27	0.27059	1	BP
GO:0034727	piecemeal microautophagy of the nucleus	1	1	0.27	0.27059	1	BP
GO:0043983	histone H4-K12 acetylation	1	1	0.27	0.27059	1	BP
GO:1901166	neural crest cell migration involved in ...	1	1	0.27	0.27059	1	BP
GO:0051351	positive regulation of ligase activity	1	1	0.27	0.27059	1	BP
GO:0031282	regulation of guanylate cyclase activity	1	1	0.27	0.27059	1	BP
GO:0031284	positive regulation of guanylate cyclase...	1	1	0.27	0.27059	1	BP
GO:0051355	proprioception involved in equilibriocep...	1	1	0.27	0.27059	1	BP
GO:0031270	pseudopodium retraction	1	1	0.27	0.27059	1	BP
GO:0036166	phenotypic switching	1	1	0.27	0.27059	1	BP
GO:0031272	regulation of pseudopodium assembly	1	1	0.27	0.27059	1	BP
GO:0010992	ubiquitin recycling	1	1	0.27	0.27059	1	BP
GO:0090135	actin filament branching	1	1	0.27	0.27059	1	BP
GO:0031274	positive regulation of pseudopodium asse...	1	1	0.27	0.27059	1	BP
GO:0010994	free ubiquitin chain polymerization	1	1	0.27	0.27059	1	BP
GO:0002926	tRNA wobble base 5-methoxycarbonylmethyl...	1	1	0.27	0.27059	1	BP
GO:1904211	membrane protein proteolysis involved in...	1	1	0.27	0.27059	1	BP
GO:0022035	rhombomere cell migration	1	1	0.27	0.27059	1	BP
GO:0002946	tRNA C5-cytosine methylation	1	1	0.27	0.27059	1	BP
GO:1901128	gentamycin metabolic process	1	1	0.27	0.27059	1	BP
GO:1904235	regulation of substrate-dependent cell m...	1	1	0.27	0.27059	1	BP
GO:1904237	positive regulation of substrate-depende...	1	1	0.27	0.27059	1	BP
GO:0010968	regulation of microtubule nucleation	1	1	0.27	0.27059	1	BP
GO:0006491	N-glycan processing	1	1	0.27	0.27059	1	BP
GO:0002903	negative regulation of B cell apoptotic ...	1	1	0.27	0.27059	1	BP
GO:0019740	nitrogen utilization	1	1	0.27	0.27059	1	BP
GO:0060447	bud outgrowth involved in lung branching	1	1	0.27	0.27059	1	BP
GO:0019732	antifungal humoral response	1	1	0.27	0.27059	1	BP
GO:0042182	ketone catabolic process	1	1	0.27	0.27059	1	BP
GO:0010919	regulation of inositol phosphate biosynt...	1	1	0.27	0.27059	1	BP
GO:0090250	cell-cell adhesion involved in establish...	1	1	0.27	0.27059	1	BP
GO:0042126	nitrate metabolic process	1	1	0.27	0.27059	1	BP
GO:0150066	negative regulation of deacetylase activ...	1	1	0.27	0.27059	1	BP
GO:0099010	modification of postsynaptic structure	1	1	0.27	0.27059	1	BP
GO:0071888	macrophage apoptotic process	1	1	0.27	0.27059	1	BP
GO:1904760	regulation of myofibroblast differentiat...	1	1	0.27	0.27059	1	BP
GO:1904761	negative regulation of myofibroblast dif...	1	1	0.27	0.27059	1	BP
GO:0090273	regulation of somatostatin secretion	1	1	0.27	0.27059	1	BP
GO:0090275	negative regulation of somatostatin secr...	1	1	0.27	0.27059	1	BP
GO:0071873	response to norepinephrine	1	1	0.27	0.27059	1	BP
GO:0071874	cellular response to norepinephrine stim...	1	1	0.27	0.27059	1	BP
GO:0006424	glutamyl-tRNA aminoacylation	1	1	0.27	0.27059	1	BP
GO:1904751	positive regulation of protein localizat...	1	1	0.27	0.27059	1	BP
GO:1904780	negative regulation of protein localizat...	1	1	0.27	0.27059	1	BP
GO:0060197	cloacal septation	1	1	0.27	0.27059	1	BP
GO:0090241	negative regulation of histone H4 acetyl...	1	1	0.27	0.27059	1	BP
GO:0006433	prolyl-tRNA aminoacylation	1	1	0.27	0.27059	1	BP
GO:0051458	corticotropin secretion	1	1	0.27	0.27059	1	BP
GO:0051459	regulation of corticotropin secretion	1	1	0.27	0.27059	1	BP
GO:0042104	positive regulation of activated T cell ...	1	1	0.27	0.27059	1	BP
GO:0097360	chorionic trophoblast cell proliferation	1	1	0.27	0.27059	1	BP
GO:0060163	subpallium neuron fate commitment	1	1	0.27	0.27059	1	BP
GO:0097368	establishment of Sertoli cell barrier	1	1	0.27	0.27059	1	BP
GO:0019853	L-ascorbic acid biosynthetic process	1	1	0.27	0.27059	1	BP
GO:1904749	regulation of protein localization to nu...	1	1	0.27	0.27059	1	BP
GO:0019883	antigen processing and presentation of e...	1	1	0.27	0.27059	1	BP
GO:0019885	antigen processing and presentation of e...	1	1	0.27	0.27059	1	BP
GO:0090204	protein localization to nuclear pore	1	1	0.27	0.27059	1	BP
GO:0097376	interneuron axon guidance	1	1	0.27	0.27059	1	BP
GO:0097377	spinal cord interneuron axon guidance	1	1	0.27	0.27059	1	BP
GO:0097378	dorsal spinal cord interneuron axon guid...	1	1	0.27	0.27059	1	BP
GO:0097379	dorsal spinal cord interneuron posterior...	1	1	0.27	0.27059	1	BP
GO:0006196	AMP catabolic process	1	1	0.27	0.27059	1	BP
GO:1904700	granulosa cell apoptotic process	1	1	0.27	0.27059	1	BP
GO:1904708	regulation of granulosa cell apoptotic p...	1	1	0.27	0.27059	1	BP
GO:0060114	vestibular receptor cell differentiation	1	1	0.27	0.27059	1	BP
GO:0060118	vestibular receptor cell development	1	1	0.27	0.27059	1	BP
GO:0033028	myeloid cell apoptotic process	1	1	0.27	0.27059	1	BP
GO:1904896	ESCRT complex disassembly	1	1	0.27	0.27059	1	BP
GO:1990737	response to manganese-induced endoplasmi...	1	1	0.27	0.27059	1	BP
GO:0033032	regulation of myeloid cell apoptotic pro...	1	1	0.27	0.27059	1	BP
GO:0033034	positive regulation of myeloid cell apop...	1	1	0.27	0.27059	1	BP
GO:0034552	respiratory chain complex II assembly	1	1	0.27	0.27059	1	BP
GO:0034553	mitochondrial respiratory chain complex ...	1	1	0.27	0.27059	1	BP
GO:0071586	CAAX-box protein processing	1	1	0.27	0.27059	1	BP
GO:0006121	mitochondrial electron transport, succin...	1	1	0.27	0.27059	1	BP
GO:0097490	sympathetic neuron projection extension	1	1	0.27	0.27059	1	BP
GO:0097491	sympathetic neuron projection guidance	1	1	0.27	0.27059	1	BP
GO:0060297	regulation of sarcomere organization	1	1	0.27	0.27059	1	BP
GO:2000987	positive regulation of behavioral fear r...	1	1	0.27	0.27059	1	BP
GO:2000973	regulation of pro-B cell differentiation	1	1	0.27	0.27059	1	BP
GO:0097466	ubiquitin-dependent glycoprotein ERAD pa...	1	1	0.27	0.27059	1	BP
GO:0110021	cardiac muscle myoblast proliferation	1	1	0.27	0.27059	1	BP
GO:0110022	regulation of cardiac muscle myoblast pr...	1	1	0.27	0.27059	1	BP
GO:1901726	negative regulation of histone deacetyla...	1	1	0.27	0.27059	1	BP
GO:0110024	positive regulation of cardiac muscle my...	1	1	0.27	0.27059	1	BP
GO:1904835	dorsal root ganglion morphogenesis	1	1	0.27	0.27059	1	BP
GO:0110011	regulation of basement membrane organiza...	1	1	0.27	0.27059	1	BP
GO:0060288	formation of a compartment boundary	1	1	0.27	0.27059	1	BP
GO:0097476	spinal cord motor neuron migration	1	1	0.27	0.27059	1	BP
GO:0097477	lateral motor column neuron migration	1	1	0.27	0.27059	1	BP
GO:0045989	positive regulation of striated muscle c...	1	1	0.27	0.27059	1	BP
GO:0097428	protein maturation by iron-sulfur cluste...	1	1	0.27	0.27059	1	BP
GO:0042760	very long-chain fatty acid catabolic pro...	1	1	0.27	0.27059	1	BP
GO:0060211	regulation of nuclear-transcribed mRNA p...	1	1	0.27	0.27059	1	BP
GO:0038063	collagen-activated tyrosine kinase recep...	1	1	0.27	0.27059	1	BP
GO:0060213	positive regulation of nuclear-transcrib...	1	1	0.27	0.27059	1	BP
GO:0038065	collagen-activated signaling pathway	1	1	0.27	0.27059	1	BP
GO:0042754	negative regulation of circadian rhythm	1	1	0.27	0.27059	1	BP
GO:0042758	long-chain fatty acid catabolic process	1	1	0.27	0.27059	1	BP
GO:0038055	BMP secretion	1	1	0.27	0.27059	1	BP
GO:0098962	regulation of postsynaptic neurotransmit...	1	1	0.27	0.27059	1	BP
GO:0019318	hexose metabolic process	47	15	12.72	0.27181	1	BP
GO:0002791	regulation of peptide secretion	96	29	25.98	0.27282	1	BP
GO:0003085	negative regulation of systemic arterial...	10	4	2.71	0.27371	1	BP
GO:0090505	epiboly involved in wound healing	10	4	2.71	0.27371	1	BP
GO:0014888	striated muscle adaptation	10	4	2.71	0.27371	1	BP
GO:0006582	melanin metabolic process	10	4	2.71	0.27371	1	BP
GO:0044319	wound healing, spreading of cells	10	4	2.71	0.27371	1	BP
GO:0006656	phosphatidylcholine biosynthetic process	10	4	2.71	0.27371	1	BP
GO:0061063	positive regulation of nematode larval d...	10	4	2.71	0.27371	1	BP
GO:0035172	hemocyte proliferation	10	4	2.71	0.27371	1	BP
GO:0033866	nucleoside bisphosphate biosynthetic pro...	10	4	2.71	0.27371	1	BP
GO:0051984	positive regulation of chromosome segreg...	10	4	2.71	0.27371	1	BP
GO:0035794	positive regulation of mitochondrial mem...	10	4	2.71	0.27371	1	BP
GO:1903523	negative regulation of blood circulation	10	4	2.71	0.27371	1	BP
GO:0035850	epithelial cell differentiation involved...	10	4	2.71	0.27371	1	BP
GO:1905710	positive regulation of membrane permeabi...	10	4	2.71	0.27371	1	BP
GO:0002433	immune response-regulating cell surface ...	10	4	2.71	0.27371	1	BP
GO:0032228	regulation of synaptic transmission, GAB...	10	4	2.71	0.27371	1	BP
GO:0032232	negative regulation of actin filament bu...	10	4	2.71	0.27371	1	BP
GO:1902108	regulation of mitochondrial membrane per...	10	4	2.71	0.27371	1	BP
GO:0030520	intracellular estrogen receptor signalin...	10	4	2.71	0.27371	1	BP
GO:0034030	ribonucleoside bisphosphate biosynthetic...	10	4	2.71	0.27371	1	BP
GO:0034033	purine nucleoside bisphosphate biosynthe...	10	4	2.71	0.27371	1	BP
GO:1901016	regulation of potassium ion transmembran...	10	4	2.71	0.27371	1	BP
GO:0048867	stem cell fate determination	10	4	2.71	0.27371	1	BP
GO:0045776	negative regulation of blood pressure	10	4	2.71	0.27371	1	BP
GO:1902669	positive regulation of axon guidance	10	4	2.71	0.27371	1	BP
GO:1902686	mitochondrial outer membrane permeabiliz...	10	4	2.71	0.27371	1	BP
GO:0045598	regulation of fat cell differentiation	10	4	2.71	0.27371	1	BP
GO:0006368	transcription elongation by RNA polymera...	10	4	2.71	0.27371	1	BP
GO:0050907	detection of chemical stimulus involved ...	10	4	2.71	0.27371	1	BP
GO:1902930	regulation of alcohol biosynthetic proce...	10	4	2.71	0.27371	1	BP
GO:0042149	cellular response to glucose starvation	10	4	2.71	0.27371	1	BP
GO:0090207	regulation of triglyceride metabolic pro...	10	4	2.71	0.27371	1	BP
GO:0051438	regulation of ubiquitin-protein transfer...	10	4	2.71	0.27371	1	BP
GO:0038094	Fc-gamma receptor signaling pathway	10	4	2.71	0.27371	1	BP
GO:0038096	Fc-gamma receptor signaling pathway invo...	10	4	2.71	0.27371	1	BP
GO:0034502	protein localization to chromosome	10	4	2.71	0.27371	1	BP
GO:0031346	positive regulation of cell projection o...	89	27	24.08	0.27399	1	BP
GO:0009895	negative regulation of catabolic process	54	17	14.61	0.27406	1	BP
GO:0009914	hormone transport	82	25	22.19	0.2749	1	BP
GO:0051047	positive regulation of secretion	82	25	22.19	0.2749	1	BP
GO:1901653	cellular response to peptide	90	30	24.35	0.27546	1	BP
GO:0006644	phospholipid metabolic process	75	23	20.29	0.27549	1	BP
GO:0008286	insulin receptor signaling pathway	30	10	8.12	0.27683	1	BP
GO:0015837	amine transport	30	10	8.12	0.27683	1	BP
GO:0043271	negative regulation of ion transport	30	10	8.12	0.27683	1	BP
GO:0010467	gene expression	730	211	197.53	0.27899	1	BP
GO:0051209	release of sequestered calcium ion into ...	20	7	5.41	0.28235	1	BP
GO:0035088	establishment or maintenance of apical/b...	20	7	5.41	0.28235	1	BP
GO:0033273	response to vitamin	20	7	5.41	0.28235	1	BP
GO:0033865	nucleoside bisphosphate metabolic proces...	20	7	5.41	0.28235	1	BP
GO:0033875	ribonucleoside bisphosphate metabolic pr...	20	7	5.41	0.28235	1	BP
GO:0061245	establishment or maintenance of bipolar ...	20	7	5.41	0.28235	1	BP
GO:0034032	purine nucleoside bisphosphate metabolic...	20	7	5.41	0.28235	1	BP
GO:1900542	regulation of purine nucleotide metaboli...	20	7	5.41	0.28235	1	BP
GO:0045669	positive regulation of osteoblast differ...	20	7	5.41	0.28235	1	BP
GO:0042491	inner ear auditory receptor cell differe...	20	7	5.41	0.28235	1	BP
GO:0140056	organelle localization by membrane tethe...	37	12	10.01	0.28291	1	BP
GO:0009611	response to wounding	132	39	35.72	0.28338	1	BP
GO:0033993	response to lipid	157	46	42.48	0.28347	1	BP
GO:1901214	regulation of neuron death	75	29	20.29	0.28459	1	BP
GO:0002065	columnar/cuboidal epithelial cell differ...	93	28	25.17	0.28461	1	BP
GO:0048858	cell projection morphogenesis	229	66	61.97	0.28609	1	BP
GO:0060284	regulation of cell development	229	66	61.97	0.28609	1	BP
GO:0051258	protein polymerization	44	14	11.91	0.28639	1	BP
GO:0045933	positive regulation of muscle contractio...	7	3	1.89	0.28722	1	BP
GO:0042748	circadian sleep/wake cycle, non-REM slee...	7	3	1.89	0.28722	1	BP
GO:0071616	acyl-CoA biosynthetic process	7	3	1.89	0.28722	1	BP
GO:0097152	mesenchymal cell apoptotic process	7	3	1.89	0.28722	1	BP
GO:0035089	establishment of apical/basal cell polar...	7	3	1.89	0.28722	1	BP
GO:0086066	atrial cardiac muscle cell to AV node ce...	7	3	1.89	0.28722	1	BP
GO:0086026	atrial cardiac muscle cell to AV node ce...	7	3	1.89	0.28722	1	BP
GO:0086014	atrial cardiac muscle cell action potent...	7	3	1.89	0.28722	1	BP
GO:0014742	positive regulation of muscle hypertroph...	7	3	1.89	0.28722	1	BP
GO:0016137	glycoside metabolic process	7	3	1.89	0.28722	1	BP
GO:1903393	positive regulation of adherens junction...	7	3	1.89	0.28722	1	BP
GO:0001659	temperature homeostasis	7	3	1.89	0.28722	1	BP
GO:0071985	multivesicular body sorting pathway	7	3	1.89	0.28722	1	BP
GO:0070050	neuron cellular homeostasis	7	3	1.89	0.28722	1	BP
GO:0035384	thioester biosynthetic process	7	3	1.89	0.28722	1	BP
GO:0008333	endosome to lysosome transport	7	3	1.89	0.28722	1	BP
GO:0003171	atrioventricular valve development	7	3	1.89	0.28722	1	BP
GO:1900024	regulation of substrate adhesion-depende...	7	3	1.89	0.28722	1	BP
GO:0060992	response to fungicide	7	3	1.89	0.28722	1	BP
GO:0008156	negative regulation of DNA replication	7	3	1.89	0.28722	1	BP
GO:0044247	cellular polysaccharide catabolic proces...	7	3	1.89	0.28722	1	BP
GO:0046426	negative regulation of receptor signalin...	7	3	1.89	0.28722	1	BP
GO:0003207	cardiac chamber formation	7	3	1.89	0.28722	1	BP
GO:0006977	DNA damage response, signal transduction...	7	3	1.89	0.28722	1	BP
GO:0051985	negative regulation of chromosome segreg...	7	3	1.89	0.28722	1	BP
GO:0046174	polyol catabolic process	7	3	1.89	0.28722	1	BP
GO:0061339	establishment or maintenance of monopola...	7	3	1.89	0.28722	1	BP
GO:0002092	positive regulation of receptor internal...	7	3	1.89	0.28722	1	BP
GO:1903556	negative regulation of tumor necrosis fa...	7	3	1.89	0.28722	1	BP
GO:0030488	tRNA methylation	7	3	1.89	0.28722	1	BP
GO:0061162	establishment of monopolar cell polarity	7	3	1.89	0.28722	1	BP
GO:0008594	photoreceptor cell morphogenesis	7	3	1.89	0.28722	1	BP
GO:0008625	extrinsic apoptotic signaling pathway vi...	7	3	1.89	0.28722	1	BP
GO:0000272	polysaccharide catabolic process	7	3	1.89	0.28722	1	BP
GO:0070534	protein K63-linked ubiquitination	7	3	1.89	0.28722	1	BP
GO:0052372	modulation by symbiont of entry into hos...	7	3	1.89	0.28722	1	BP
GO:0015874	norepinephrine transport	7	3	1.89	0.28722	1	BP
GO:0032720	negative regulation of tumor necrosis fa...	7	3	1.89	0.28722	1	BP
GO:0040010	positive regulation of growth rate	7	3	1.89	0.28722	1	BP
GO:0032881	regulation of polysaccharide metabolic p...	7	3	1.89	0.28722	1	BP
GO:0040015	negative regulation of multicellular org...	7	3	1.89	0.28722	1	BP
GO:0005980	glycogen catabolic process	7	3	1.89	0.28722	1	BP
GO:1904058	positive regulation of sensory perceptio...	7	3	1.89	0.28722	1	BP
GO:0007212	dopamine receptor signaling pathway	7	3	1.89	0.28722	1	BP
GO:0045188	regulation of circadian sleep/wake cycle...	7	3	1.89	0.28722	1	BP
GO:0021604	cranial nerve structural organization	7	3	1.89	0.28722	1	BP
GO:0048243	norepinephrine secretion	7	3	1.89	0.28722	1	BP
GO:0010737	protein kinase A signaling	7	3	1.89	0.28722	1	BP
GO:0010882	regulation of cardiac muscle contraction...	7	3	1.89	0.28722	1	BP
GO:2000756	regulation of peptidyl-lysine acetylatio...	7	3	1.89	0.28722	1	BP
GO:0045761	regulation of adenylate cyclase activity	7	3	1.89	0.28722	1	BP
GO:0009251	glucan catabolic process	7	3	1.89	0.28722	1	BP
GO:0060027	convergent extension involved in gastrul...	7	3	1.89	0.28722	1	BP
GO:0045742	positive regulation of epidermal growth ...	7	3	1.89	0.28722	1	BP
GO:0009247	glycolipid biosynthetic process	7	3	1.89	0.28722	1	BP
GO:0006089	lactate metabolic process	7	3	1.89	0.28722	1	BP
GO:0014061	regulation of norepinephrine secretion	7	3	1.89	0.28722	1	BP
GO:0009794	regulation of mitotic cell cycle, embryo...	7	3	1.89	0.28722	1	BP
GO:0098703	calcium ion import across plasma membran...	7	3	1.89	0.28722	1	BP
GO:0043631	RNA polyadenylation	7	3	1.89	0.28722	1	BP
GO:0014044	Schwann cell development	7	3	1.89	0.28722	1	BP
GO:0010613	positive regulation of cardiac muscle hy...	7	3	1.89	0.28722	1	BP
GO:0090322	regulation of superoxide metabolic proce...	7	3	1.89	0.28722	1	BP
GO:1901381	positive regulation of potassium ion tra...	7	3	1.89	0.28722	1	BP
GO:0090303	positive regulation of wound healing	7	3	1.89	0.28722	1	BP
GO:0016081	synaptic vesicle docking	7	3	1.89	0.28722	1	BP
GO:0090181	regulation of cholesterol metabolic proc...	7	3	1.89	0.28722	1	BP
GO:0006378	mRNA polyadenylation	7	3	1.89	0.28722	1	BP
GO:0045604	regulation of epidermal cell differentia...	7	3	1.89	0.28722	1	BP
GO:1901186	positive regulation of ERBB signaling pa...	7	3	1.89	0.28722	1	BP
GO:0071880	adenylate cyclase-activating adrenergic ...	7	3	1.89	0.28722	1	BP
GO:0071875	adrenergic receptor signaling pathway	7	3	1.89	0.28722	1	BP
GO:1904893	negative regulation of receptor signalin...	7	3	1.89	0.28722	1	BP
GO:1901798	positive regulation of signal transducti...	7	3	1.89	0.28722	1	BP
GO:0045923	positive regulation of fatty acid metabo...	7	3	1.89	0.28722	1	BP
GO:1903532	positive regulation of secretion by cell	79	24	21.38	0.2874	1	BP
GO:0104004	cellular response to environmental stimu...	72	22	19.48	0.28838	1	BP
GO:0071214	cellular response to abiotic stimulus	72	22	19.48	0.28838	1	BP
GO:0044092	negative regulation of molecular functio...	143	42	38.69	0.28887	1	BP
GO:0030099	myeloid cell differentiation	65	20	17.59	0.28895	1	BP
GO:0007018	microtubule-based movement	65	20	17.59	0.28895	1	BP
GO:0043405	regulation of MAP kinase activity	65	20	17.59	0.28895	1	BP
GO:1903508	positive regulation of nucleic acid-temp...	269	77	72.79	0.29015	1	BP
GO:1902680	positive regulation of RNA biosynthetic ...	269	77	72.79	0.29015	1	BP
GO:1902532	negative regulation of intracellular sig...	111	33	30.04	0.29048	1	BP
GO:0030154	cell differentiation	729	203	197.26	0.29153	1	BP
GO:0051171	regulation of nitrogen compound metaboli...	737	217	199.43	0.29179	1	BP
GO:1904427	positive regulation of calcium ion trans...	14	9	3.79	0.2931	1	BP
GO:0070374	positive regulation of ERK1 and ERK2 cas...	27	9	7.31	0.29336	1	BP
GO:0006970	response to osmotic stress	27	9	7.31	0.29336	1	BP
GO:0072347	response to anesthetic	27	9	7.31	0.29336	1	BP
GO:0046683	response to organophosphorus	27	9	7.31	0.29336	1	BP
GO:0030516	regulation of axon extension	27	9	7.31	0.29336	1	BP
GO:0010952	positive regulation of peptidase activit...	27	9	7.31	0.29336	1	BP
GO:0040011	locomotion	437	128	118.25	0.29337	1	BP
GO:0034661	ncRNA catabolic process	4	2	1.08	0.29682	1	BP
GO:0042713	sperm ejaculation	4	2	1.08	0.29682	1	BP
GO:0051295	establishment of meiotic spindle localiz...	4	2	1.08	0.29682	1	BP
GO:0051220	cytoplasmic sequestering of protein	4	2	1.08	0.29682	1	BP
GO:1904668	positive regulation of ubiquitin protein...	4	2	1.08	0.29682	1	BP
GO:0035011	melanotic encapsulation of foreign targe...	4	2	1.08	0.29682	1	BP
GO:0086023	adenylate cyclase-activating adrenergic ...	4	2	1.08	0.29682	1	BP
GO:0006858	extracellular transport	4	2	1.08	0.29682	1	BP
GO:0036507	protein demannosylation	4	2	1.08	0.29682	1	BP
GO:0036508	protein alpha-1,2-demannosylation	4	2	1.08	0.29682	1	BP
GO:1901660	calcium ion export	4	2	1.08	0.29682	1	BP
GO:0051882	mitochondrial depolarization	4	2	1.08	0.29682	1	BP
GO:0006525	arginine metabolic process	4	2	1.08	0.29682	1	BP
GO:0006527	arginine catabolic process	4	2	1.08	0.29682	1	BP
GO:0003351	epithelial cilium movement involved in e...	4	2	1.08	0.29682	1	BP
GO:0051560	mitochondrial calcium ion homeostasis	4	2	1.08	0.29682	1	BP
GO:2001240	negative regulation of extrinsic apoptot...	4	2	1.08	0.29682	1	BP
GO:0006691	leukotriene metabolic process	4	2	1.08	0.29682	1	BP
GO:0055094	response to lipoprotein particle	4	2	1.08	0.29682	1	BP
GO:0033120	positive regulation of RNA splicing	4	2	1.08	0.29682	1	BP
GO:0060644	mammary gland epithelial cell differenti...	4	2	1.08	0.29682	1	BP
GO:0051654	establishment of mitochondrion localizat...	4	2	1.08	0.29682	1	BP
GO:0051657	maintenance of organelle location	4	2	1.08	0.29682	1	BP
GO:1903223	positive regulation of oxidative stress-...	4	2	1.08	0.29682	1	BP
GO:0001919	regulation of receptor recycling	4	2	1.08	0.29682	1	BP
GO:1903242	regulation of cardiac muscle hypertrophy...	4	2	1.08	0.29682	1	BP
GO:0072021	ascending thin limb development	4	2	1.08	0.29682	1	BP
GO:1900027	regulation of ruffle assembly	4	2	1.08	0.29682	1	BP
GO:1903209	positive regulation of oxidative stress-...	4	2	1.08	0.29682	1	BP
GO:0003211	cardiac ventricle formation	4	2	1.08	0.29682	1	BP
GO:0051969	regulation of transmission of nerve impu...	4	2	1.08	0.29682	1	BP
GO:0032025	response to cobalt ion	4	2	1.08	0.29682	1	BP
GO:0006901	vesicle coating	4	2	1.08	0.29682	1	BP
GO:0046116	queuosine metabolic process	4	2	1.08	0.29682	1	BP
GO:0051900	regulation of mitochondrial depolarizati...	4	2	1.08	0.29682	1	BP
GO:0140354	lipid import into cell	4	2	1.08	0.29682	1	BP
GO:0035729	cellular response to hepatocyte growth f...	4	2	1.08	0.29682	1	BP
GO:0044854	plasma membrane raft assembly	4	2	1.08	0.29682	1	BP
GO:0044857	plasma membrane raft organization	4	2	1.08	0.29682	1	BP
GO:0061478	response to platelet aggregation inhibit...	4	2	1.08	0.29682	1	BP
GO:1902018	negative regulation of cilium assembly	4	2	1.08	0.29682	1	BP
GO:0106072	negative regulation of adenylate cyclase...	4	2	1.08	0.29682	1	BP
GO:0002070	epithelial cell maturation	4	2	1.08	0.29682	1	BP
GO:0002024	diet induced thermogenesis	4	2	1.08	0.29682	1	BP
GO:0035815	positive regulation of renal sodium excr...	4	2	1.08	0.29682	1	BP
GO:0010037	response to carbon dioxide	4	2	1.08	0.29682	1	BP
GO:0035590	purinergic nucleotide receptor signaling...	4	2	1.08	0.29682	1	BP
GO:0140192	regulation of adenylate cyclase-activati...	4	2	1.08	0.29682	1	BP
GO:0140199	negative regulation of adenylate cyclase...	4	2	1.08	0.29682	1	BP
GO:0070242	thymocyte apoptotic process	4	2	1.08	0.29682	1	BP
GO:1900452	regulation of long-term synaptic depress...	4	2	1.08	0.29682	1	BP
GO:0070232	regulation of T cell apoptotic process	4	2	1.08	0.29682	1	BP
GO:0085029	extracellular matrix assembly	4	2	1.08	0.29682	1	BP
GO:0007020	microtubule nucleation	4	2	1.08	0.29682	1	BP
GO:0007035	vacuolar acidification	4	2	1.08	0.29682	1	BP
GO:0000463	maturation of LSU-rRNA from tricistronic...	4	2	1.08	0.29682	1	BP
GO:0046855	inositol phosphate dephosphorylation	4	2	1.08	0.29682	1	BP
GO:0046877	regulation of saliva secretion	4	2	1.08	0.29682	1	BP
GO:0046878	positive regulation of saliva secretion	4	2	1.08	0.29682	1	BP
GO:0046844	chorion micropyle formation	4	2	1.08	0.29682	1	BP
GO:0046838	phosphorylated carbohydrate dephosphoryl...	4	2	1.08	0.29682	1	BP
GO:0032488	Cdc42 protein signal transduction	4	2	1.08	0.29682	1	BP
GO:2000001	regulation of DNA damage checkpoint	4	2	1.08	0.29682	1	BP
GO:0072102	glomerulus morphogenesis	4	2	1.08	0.29682	1	BP
GO:0008616	queuosine biosynthetic process	4	2	1.08	0.29682	1	BP
GO:0043371	negative regulation of CD4-positive, alp...	4	2	1.08	0.29682	1	BP
GO:0030730	sequestering of triglyceride	4	2	1.08	0.29682	1	BP
GO:0072218	metanephric ascending thin limb developm...	4	2	1.08	0.29682	1	BP
GO:0009081	branched-chain amino acid metabolic proc...	4	2	1.08	0.29682	1	BP
GO:0009083	branched-chain amino acid catabolic proc...	4	2	1.08	0.29682	1	BP
GO:0043302	positive regulation of leukocyte degranu...	4	2	1.08	0.29682	1	BP
GO:0072235	metanephric distal tubule development	4	2	1.08	0.29682	1	BP
GO:0009047	dosage compensation by hyperactivation o...	4	2	1.08	0.29682	1	BP
GO:0043471	regulation of cellular carbohydrate cata...	4	2	1.08	0.29682	1	BP
GO:0010457	centriole-centriole cohesion	4	2	1.08	0.29682	1	BP
GO:0032252	secretory granule localization	4	2	1.08	0.29682	1	BP
GO:1902176	negative regulation of oxidative stress-...	4	2	1.08	0.29682	1	BP
GO:0007300	ovarian nurse cell to oocyte transport	4	2	1.08	0.29682	1	BP
GO:0010447	response to acidic pH	4	2	1.08	0.29682	1	BP
GO:0002183	cytoplasmic translational initiation	4	2	1.08	0.29682	1	BP
GO:0106120	positive regulation of sterol biosynthet...	4	2	1.08	0.29682	1	BP
GO:0007488	histoblast morphogenesis	4	2	1.08	0.29682	1	BP
GO:0032785	negative regulation of DNA-templated tra...	4	2	1.08	0.29682	1	BP
GO:0045324	late endosome to vacuole transport	4	2	1.08	0.29682	1	BP
GO:0007190	activation of adenylate cyclase activity	4	2	1.08	0.29682	1	BP
GO:0071071	regulation of phospholipid biosynthetic ...	4	2	1.08	0.29682	1	BP
GO:0021559	trigeminal nerve development	4	2	1.08	0.29682	1	BP
GO:0002220	innate immune response activating cell s...	4	2	1.08	0.29682	1	BP
GO:0002223	stimulatory C-type lectin receptor signa...	4	2	1.08	0.29682	1	BP
GO:2000403	positive regulation of lymphocyte migrat...	4	2	1.08	0.29682	1	BP
GO:0005981	regulation of glycogen catabolic process	4	2	1.08	0.29682	1	BP
GO:0005979	regulation of glycogen biosynthetic proc...	4	2	1.08	0.29682	1	BP
GO:0009303	rRNA transcription	4	2	1.08	0.29682	1	BP
GO:0050854	regulation of antigen receptor-mediated ...	4	2	1.08	0.29682	1	BP
GO:0032594	protein transport within lipid bilayer	4	2	1.08	0.29682	1	BP
GO:0050884	neuromuscular process controlling postur...	4	2	1.08	0.29682	1	BP
GO:1902895	positive regulation of miRNA transcripti...	4	2	1.08	0.29682	1	BP
GO:1904037	positive regulation of epithelial cell a...	4	2	1.08	0.29682	1	BP
GO:0009453	energy taxis	4	2	1.08	0.29682	1	BP
GO:0031000	response to caffeine	4	2	1.08	0.29682	1	BP
GO:1990034	calcium ion export across plasma membran...	4	2	1.08	0.29682	1	BP
GO:0009414	response to water deprivation	4	2	1.08	0.29682	1	BP
GO:0048207	vesicle targeting, rough ER to cis-Golgi	4	2	1.08	0.29682	1	BP
GO:0048208	COPII vesicle coating	4	2	1.08	0.29682	1	BP
GO:0010739	positive regulation of protein kinase A ...	4	2	1.08	0.29682	1	BP
GO:0090085	regulation of protein deubiquitination	4	2	1.08	0.29682	1	BP
GO:1901099	negative regulation of signal transducti...	4	2	1.08	0.29682	1	BP
GO:0048752	semicircular canal morphogenesis	4	2	1.08	0.29682	1	BP
GO:0071394	cellular response to testosterone stimul...	4	2	1.08	0.29682	1	BP
GO:0042026	protein refolding	4	2	1.08	0.29682	1	BP
GO:0045200	establishment of neuroblast polarity	4	2	1.08	0.29682	1	BP
GO:0071378	cellular response to growth hormone stim...	4	2	1.08	0.29682	1	BP
GO:2000758	positive regulation of peptidyl-lysine a...	4	2	1.08	0.29682	1	BP
GO:0043558	regulation of translational initiation i...	4	2	1.08	0.29682	1	BP
GO:0050650	chondroitin sulfate proteoglycan biosynt...	4	2	1.08	0.29682	1	BP
GO:0045762	positive regulation of adenylate cyclase...	4	2	1.08	0.29682	1	BP
GO:2000737	negative regulation of stem cell differe...	4	2	1.08	0.29682	1	BP
GO:0048842	positive regulation of axon extension in...	4	2	1.08	0.29682	1	BP
GO:0071468	cellular response to acidic pH	4	2	1.08	0.29682	1	BP
GO:1904386	response to L-phenylalanine derivative	4	2	1.08	0.29682	1	BP
GO:0021979	hypothalamus cell differentiation	4	2	1.08	0.29682	1	BP
GO:0045898	regulation of RNA polymerase II transcri...	4	2	1.08	0.29682	1	BP
GO:0045899	positive regulation of RNA polymerase II...	4	2	1.08	0.29682	1	BP
GO:1904321	response to forskolin	4	2	1.08	0.29682	1	BP
GO:1904322	cellular response to forskolin	4	2	1.08	0.29682	1	BP
GO:0010692	regulation of alkaline phosphatase activ...	4	2	1.08	0.29682	1	BP
GO:0010694	positive regulation of alkaline phosphat...	4	2	1.08	0.29682	1	BP
GO:0043619	regulation of transcription from RNA pol...	4	2	1.08	0.29682	1	BP
GO:0071404	cellular response to low-density lipopro...	4	2	1.08	0.29682	1	BP
GO:0007512	adult heart development	4	2	1.08	0.29682	1	BP
GO:0045822	negative regulation of heart contraction	4	2	1.08	0.29682	1	BP
GO:0010612	regulation of cardiac muscle adaptation	4	2	1.08	0.29682	1	BP
GO:0014002	astrocyte development	4	2	1.08	0.29682	1	BP
GO:0019401	alditol biosynthetic process	4	2	1.08	0.29682	1	BP
GO:0034111	negative regulation of homotypic cell-ce...	4	2	1.08	0.29682	1	BP
GO:2000515	negative regulation of CD4-positive, alp...	4	2	1.08	0.29682	1	BP
GO:0097050	type B pancreatic cell apoptotic process	4	2	1.08	0.29682	1	BP
GO:0007615	anesthesia-resistant memory	4	2	1.08	0.29682	1	BP
GO:1901334	lactone metabolic process	4	2	1.08	0.29682	1	BP
GO:0032928	regulation of superoxide anion generatio...	4	2	1.08	0.29682	1	BP
GO:0045542	positive regulation of cholesterol biosy...	4	2	1.08	0.29682	1	BP
GO:0052646	alditol phosphate metabolic process	4	2	1.08	0.29682	1	BP
GO:0042331	phototaxis	4	2	1.08	0.29682	1	BP
GO:0071244	cellular response to carbon dioxide	4	2	1.08	0.29682	1	BP
GO:0060352	cell adhesion molecule production	4	2	1.08	0.29682	1	BP
GO:0060353	regulation of cell adhesion molecule pro...	4	2	1.08	0.29682	1	BP
GO:0060314	regulation of ryanodine-sensitive calciu...	4	2	1.08	0.29682	1	BP
GO:0019240	citrulline biosynthetic process	4	2	1.08	0.29682	1	BP
GO:0045616	regulation of keratinocyte differentiati...	4	2	1.08	0.29682	1	BP
GO:1902946	protein localization to early endosome	4	2	1.08	0.29682	1	BP
GO:2001044	regulation of integrin-mediated signalin...	4	2	1.08	0.29682	1	BP
GO:0060456	positive regulation of digestive system ...	4	2	1.08	0.29682	1	BP
GO:0010962	regulation of glucan biosynthetic proces...	4	2	1.08	0.29682	1	BP
GO:0090259	regulation of retinal ganglion cell axon...	4	2	1.08	0.29682	1	BP
GO:0071871	response to epinephrine	4	2	1.08	0.29682	1	BP
GO:0071872	cellular response to epinephrine stimulu...	4	2	1.08	0.29682	1	BP
GO:0071878	negative regulation of adenylate cyclase...	4	2	1.08	0.29682	1	BP
GO:0019852	L-ascorbic acid metabolic process	4	2	1.08	0.29682	1	BP
GO:0036270	response to diuretic	4	2	1.08	0.29682	1	BP
GO:0060159	regulation of dopamine receptor signalin...	4	2	1.08	0.29682	1	BP
GO:0090205	positive regulation of cholesterol metab...	4	2	1.08	0.29682	1	BP
GO:0051447	negative regulation of meiotic cell cycl...	4	2	1.08	0.29682	1	BP
GO:0006114	glycerol biosynthetic process	4	2	1.08	0.29682	1	BP
GO:0071545	inositol phosphate catabolic process	4	2	1.08	0.29682	1	BP
GO:0045988	negative regulation of striated muscle c...	4	2	1.08	0.29682	1	BP
GO:0001765	membrane raft assembly	4	2	1.08	0.29682	1	BP
GO:0034694	response to prostaglandin	4	2	1.08	0.29682	1	BP
GO:0034695	response to prostaglandin E	4	2	1.08	0.29682	1	BP
GO:0034660	ncRNA metabolic process	90	27	24.35	0.29696	1	BP
GO:1901987	regulation of cell cycle phase transitio...	90	27	24.35	0.29696	1	BP
GO:0001101	response to acid chemical	90	27	24.35	0.29696	1	BP
GO:0034654	nucleobase-containing compound biosynthe...	561	157	151.8	0.2985	1	BP
GO:0030879	mammary gland development	34	11	9.2	0.29916	1	BP
GO:0031670	cellular response to nutrient	17	6	4.6	0.30033	1	BP
GO:0042632	cholesterol homeostasis	17	6	4.6	0.30033	1	BP
GO:0055092	sterol homeostasis	17	6	4.6	0.30033	1	BP
GO:0097529	myeloid leukocyte migration	17	6	4.6	0.30033	1	BP
GO:0035249	synaptic transmission, glutamatergic	17	6	4.6	0.30033	1	BP
GO:1903708	positive regulation of hemopoiesis	17	6	4.6	0.30033	1	BP
GO:0007029	endoplasmic reticulum organization	17	6	4.6	0.30033	1	BP
GO:0046626	regulation of insulin receptor signaling...	17	6	4.6	0.30033	1	BP
GO:0007304	chorion-containing eggshell formation	17	6	4.6	0.30033	1	BP
GO:0007274	neuromuscular synaptic transmission	17	6	4.6	0.30033	1	BP
GO:0043502	regulation of muscle adaptation	17	6	4.6	0.30033	1	BP
GO:1901990	regulation of mitotic cell cycle phase t...	69	21	18.67	0.302	1	BP
GO:1901617	organic hydroxy compound biosynthetic pr...	41	13	11.09	0.30214	1	BP
GO:0071383	cellular response to steroid hormone sti...	41	13	11.09	0.30214	1	BP
GO:0009617	response to bacterium	108	32	29.22	0.30229	1	BP
GO:0051963	regulation of synapse assembly	48	15	12.99	0.30342	1	BP
GO:0050796	regulation of insulin secretion	48	15	12.99	0.30342	1	BP
GO:0032984	protein-containing complex disassembly	48	15	12.99	0.30342	1	BP
GO:0007631	feeding behavior	48	15	12.99	0.30342	1	BP
GO:0015980	energy derivation by oxidation of organi...	55	17	14.88	0.30361	1	BP
GO:0120035	regulation of plasma membrane bounded ce...	158	50	42.75	0.30376	1	BP
GO:0050795	regulation of behavior	63	24	17.05	0.30431	1	BP
GO:0045597	positive regulation of cell differentiat...	187	54	50.6	0.30536	1	BP
GO:0019222	regulation of metabolic process	869	259	235.15	0.3054	1	BP
GO:0009886	post-embryonic animal morphogenesis	126	37	34.09	0.30558	1	BP
GO:0120032	regulation of plasma membrane bounded ce...	44	18	11.91	0.30664	1	BP
GO:0060491	regulation of cell projection assembly	44	18	11.91	0.30664	1	BP
GO:0048878	chemical homeostasis	208	74	56.28	0.30671	1	BP
GO:0048869	cellular developmental process	738	205	199.7	0.30778	1	BP
GO:0032504	multicellular organism reproduction	343	97	92.81	0.30955	1	BP
GO:0040017	positive regulation of locomotion	112	33	30.31	0.31159	1	BP
GO:1901655	cellular response to ketone	24	8	6.49	0.31168	1	BP
GO:0000077	DNA damage checkpoint signaling	24	8	6.49	0.31168	1	BP
GO:0051983	regulation of chromosome segregation	24	8	6.49	0.31168	1	BP
GO:0030218	erythrocyte differentiation	24	8	6.49	0.31168	1	BP
GO:0045089	positive regulation of innate immune res...	24	8	6.49	0.31168	1	BP
GO:0043467	regulation of generation of precursor me...	24	8	6.49	0.31168	1	BP
GO:0098754	detoxification	24	8	6.49	0.31168	1	BP
GO:0034219	carbohydrate transmembrane transport	24	8	6.49	0.31168	1	BP
GO:0031102	neuron projection regeneration	24	8	6.49	0.31168	1	BP
GO:0031103	axon regeneration	24	8	6.49	0.31168	1	BP
GO:1903169	regulation of calcium ion transmembrane ...	24	12	6.49	0.314	1	BP
GO:0019933	cAMP-mediated signaling	31	10	8.39	0.31696	1	BP
GO:0055067	monovalent inorganic cation homeostasis	31	10	8.39	0.31696	1	BP
GO:0007098	centrosome cycle	31	10	8.39	0.31696	1	BP
GO:0040025	vulval development	31	10	8.39	0.31696	1	BP
GO:1904018	positive regulation of vasculature devel...	31	10	8.39	0.31696	1	BP
GO:0010557	positive regulation of macromolecule bio...	300	85	81.18	0.31776	1	BP
GO:0006605	protein targeting	59	18	15.97	0.31806	1	BP
GO:0045935	positive regulation of nucleobase-contai...	311	88	84.15	0.3191	1	BP
GO:0097164	ammonium ion metabolic process	38	12	10.28	0.31922	1	BP
GO:0022406	membrane docking	38	12	10.28	0.31922	1	BP
GO:0061025	membrane fusion	38	12	10.28	0.31922	1	BP
GO:0051495	positive regulation of cytoskeleton orga...	38	12	10.28	0.31922	1	BP
GO:0001751	compound eye photoreceptor cell differen...	38	12	10.28	0.31922	1	BP
GO:0007519	skeletal muscle tissue development	52	16	14.07	0.31925	1	BP
GO:0048771	tissue remodeling	45	14	12.18	0.31976	1	BP
GO:0002790	peptide secretion	116	34	31.39	0.32065	1	BP
GO:0044042	glucan metabolic process	14	5	3.79	0.32076	1	BP
GO:0014743	regulation of muscle hypertrophy	14	5	3.79	0.32076	1	BP
GO:0051932	synaptic transmission, GABAergic	14	5	3.79	0.32076	1	BP
GO:0033627	cell adhesion mediated by integrin	14	5	3.79	0.32076	1	BP
GO:0030183	B cell differentiation	14	5	3.79	0.32076	1	BP
GO:0070206	protein trimerization	14	5	3.79	0.32076	1	BP
GO:0007032	endosome organization	14	5	3.79	0.32076	1	BP
GO:0007306	eggshell chorion assembly	14	5	3.79	0.32076	1	BP
GO:0032233	positive regulation of actin filament bu...	14	5	3.79	0.32076	1	BP
GO:0048145	regulation of fibroblast proliferation	14	5	3.79	0.32076	1	BP
GO:0040019	positive regulation of embryonic develop...	14	5	3.79	0.32076	1	BP
GO:0005977	glycogen metabolic process	14	5	3.79	0.32076	1	BP
GO:0009309	amine biosynthetic process	14	5	3.79	0.32076	1	BP
GO:0009187	cyclic nucleotide metabolic process	14	5	3.79	0.32076	1	BP
GO:0031397	negative regulation of protein ubiquitin...	14	5	3.79	0.32076	1	BP
GO:0006073	cellular glucan metabolic process	14	5	3.79	0.32076	1	BP
GO:0010611	regulation of cardiac muscle hypertrophy	14	5	3.79	0.32076	1	BP
GO:0042401	cellular biogenic amine biosynthetic pro...	14	5	3.79	0.32076	1	BP
GO:0010923	negative regulation of phosphatase activ...	14	5	3.79	0.32076	1	BP
GO:0042157	lipoprotein metabolic process	14	5	3.79	0.32076	1	BP
GO:0031344	regulation of cell projection organizati...	159	50	43.02	0.32255	1	BP
GO:0001558	regulation of cell growth	84	25	22.73	0.32349	1	BP
GO:0016358	dendrite development	84	25	22.73	0.32349	1	BP
GO:2001233	regulation of apoptotic signaling pathwa...	70	21	18.94	0.32911	1	BP
GO:0010769	regulation of cell morphogenesis involve...	70	21	18.94	0.32911	1	BP
GO:0006897	endocytosis	120	35	32.47	0.32948	1	BP
GO:0071902	positive regulation of protein serine/th...	63	19	17.05	0.3317	1	BP
GO:0008361	regulation of cell size	63	19	17.05	0.3317	1	BP
GO:0090501	RNA phosphodiester bond hydrolysis	21	7	5.68	0.33222	1	BP
GO:0014812	muscle cell migration	21	7	5.68	0.33222	1	BP
GO:0032006	regulation of TOR signaling	21	7	5.68	0.33222	1	BP
GO:0050772	positive regulation of axonogenesis	21	7	5.68	0.33222	1	BP
GO:1902667	regulation of axon guidance	21	7	5.68	0.33222	1	BP
GO:0048520	positive regulation of behavior	21	7	5.68	0.33222	1	BP
GO:0060179	male mating behavior	21	7	5.68	0.33222	1	BP
GO:0006140	regulation of nucleotide metabolic proce...	21	7	5.68	0.33222	1	BP
GO:0023057	negative regulation of signaling	272	77	73.6	0.33282	1	BP
GO:0015833	peptide transport	272	77	73.6	0.33282	1	BP
GO:0010648	negative regulation of cell communicatio...	272	77	73.6	0.33282	1	BP
GO:0042593	glucose homeostasis	56	17	15.15	0.33404	1	BP
GO:0005996	monosaccharide metabolic process	56	17	15.15	0.33404	1	BP
GO:0007605	sensory perception of sound	49	15	13.26	0.33602	1	BP
GO:0031570	DNA integrity checkpoint signaling	28	9	7.58	0.3366	1	BP
GO:0007560	imaginal disc morphogenesis	106	31	28.68	0.33696	1	BP
GO:0008582	regulation of synaptic assembly at neuro...	42	13	11.36	0.3374	1	BP
GO:0044270	cellular nitrogen compound catabolic pro...	81	24	21.92	0.33775	1	BP
GO:0003206	cardiac chamber morphogenesis	35	11	9.47	0.33783	1	BP
GO:0032271	regulation of protein polymerization	35	11	9.47	0.33783	1	BP
GO:0007160	cell-matrix adhesion	35	11	9.47	0.33783	1	BP
GO:0051017	actin filament bundle assembly	35	11	9.47	0.33783	1	BP
GO:0031349	positive regulation of defense response	35	11	9.47	0.33783	1	BP
GO:0050851	antigen receptor-mediated signaling path...	17	9	4.6	0.33966	1	BP
GO:0035239	tube morphogenesis	258	73	69.81	0.34075	1	BP
GO:0007623	circadian rhythm	61	25	16.51	0.34259	1	BP
GO:0060236	regulation of mitotic spindle organizati...	11	4	2.98	0.34452	1	BP
GO:0003044	regulation of systemic arterial blood pr...	11	4	2.98	0.34452	1	BP
GO:0022410	circadian sleep/wake cycle process	11	4	2.98	0.34452	1	BP
GO:0099175	regulation of postsynapse organization	11	4	2.98	0.34452	1	BP
GO:0033143	regulation of intracellular steroid horm...	11	4	2.98	0.34452	1	BP
GO:0035335	peptidyl-tyrosine dephosphorylation	11	4	2.98	0.34452	1	BP
GO:0033280	response to vitamin D	11	4	2.98	0.34452	1	BP
GO:1990928	response to amino acid starvation	11	4	2.98	0.34452	1	BP
GO:1900077	negative regulation of cellular response...	11	4	2.98	0.34452	1	BP
GO:0044275	cellular carbohydrate catabolic process	11	4	2.98	0.34452	1	BP
GO:0046460	neutral lipid biosynthetic process	11	4	2.98	0.34452	1	BP
GO:0046463	acylglycerol biosynthetic process	11	4	2.98	0.34452	1	BP
GO:0051966	regulation of synaptic transmission, glu...	11	4	2.98	0.34452	1	BP
GO:0014911	positive regulation of smooth muscle cel...	11	4	2.98	0.34452	1	BP
GO:0043051	regulation of pharyngeal pumping	11	4	2.98	0.34452	1	BP
GO:0033619	membrane protein proteolysis	11	4	2.98	0.34452	1	BP
GO:0072499	photoreceptor cell axon guidance	11	4	2.98	0.34452	1	BP
GO:0046885	regulation of hormone biosynthetic proce...	11	4	2.98	0.34452	1	BP
GO:1902305	regulation of sodium ion transmembrane t...	11	4	2.98	0.34452	1	BP
GO:0046627	negative regulation of insulin receptor ...	11	4	2.98	0.34452	1	BP
GO:0070572	positive regulation of neuron projection...	11	4	2.98	0.34452	1	BP
GO:1902116	negative regulation of organelle assembl...	11	4	2.98	0.34452	1	BP
GO:0007450	dorsal/ventral pattern formation, imagin...	11	4	2.98	0.34452	1	BP
GO:0007455	eye-antennal disc morphogenesis	11	4	2.98	0.34452	1	BP
GO:0021587	cerebellum morphogenesis	11	4	2.98	0.34452	1	BP
GO:0045494	photoreceptor cell maintenance	11	4	2.98	0.34452	1	BP
GO:0021533	cell differentiation in hindbrain	11	4	2.98	0.34452	1	BP
GO:0046902	regulation of mitochondrial membrane per...	11	4	2.98	0.34452	1	BP
GO:0045187	regulation of circadian sleep/wake cycle...	11	4	2.98	0.34452	1	BP
GO:0050802	circadian sleep/wake cycle, sleep	11	4	2.98	0.34452	1	BP
GO:0010822	positive regulation of mitochondrion org...	11	4	2.98	0.34452	1	BP
GO:0010823	negative regulation of mitochondrion org...	11	4	2.98	0.34452	1	BP
GO:0045214	sarcomere organization	11	4	2.98	0.34452	1	BP
GO:0051092	positive regulation of NF-kappaB transcr...	11	4	2.98	0.34452	1	BP
GO:0048582	positive regulation of post-embryonic de...	11	4	2.98	0.34452	1	BP
GO:0014015	positive regulation of gliogenesis	11	4	2.98	0.34452	1	BP
GO:0034198	cellular response to amino acid starvati...	11	4	2.98	0.34452	1	BP
GO:0019432	triglyceride biosynthetic process	11	4	2.98	0.34452	1	BP
GO:0048680	positive regulation of axon regeneration	11	4	2.98	0.34452	1	BP
GO:0090162	establishment of epithelial cell polarit...	11	4	2.98	0.34452	1	BP
GO:1990266	neutrophil migration	11	4	2.98	0.34452	1	BP
GO:0016071	mRNA metabolic process	92	27	24.89	0.34471	1	BP
GO:0044087	regulation of cellular component biogene...	193	59	52.22	0.34564	1	BP
GO:0051130	positive regulation of cellular componen...	222	63	60.07	0.34569	1	BP
GO:0045927	positive regulation of growth	110	32	29.77	0.34622	1	BP
GO:1903524	positive regulation of blood circulation	27	13	7.31	0.34722	1	BP
GO:0009791	post-embryonic development	233	66	63.05	0.34741	1	BP
GO:2000026	regulation of multicellular organismal d...	408	114	110.4	0.34768	1	BP
GO:0051251	positive regulation of lymphocyte activa...	26	12	7.04	0.34856	1	BP
GO:0071407	cellular response to organic cyclic comp...	121	35	32.74	0.35079	1	BP
GO:0010975	regulation of neuron projection developm...	121	35	32.74	0.35079	1	BP
GO:0015698	inorganic anion transport	53	16	14.34	0.3511	1	BP
GO:0007613	memory	53	16	14.34	0.3511	1	BP
GO:0002768	immune response-regulating cell surface ...	31	13	8.39	0.35119	1	BP
GO:0070727	cellular macromolecule localization	412	115	111.48	0.352	1	BP
GO:0040012	regulation of locomotion	206	64	55.74	0.35302	1	BP
GO:0072006	nephron development	46	14	12.45	0.35403	1	BP
GO:0045907	positive regulation of vasoconstriction	18	6	4.87	0.35562	1	BP
GO:0014897	striated muscle hypertrophy	18	6	4.87	0.35562	1	BP
GO:0003300	cardiac muscle hypertrophy	18	6	4.87	0.35562	1	BP
GO:0008203	cholesterol metabolic process	18	6	4.87	0.35562	1	BP
GO:0035773	insulin secretion involved in cellular r...	18	6	4.87	0.35562	1	BP
GO:0030316	osteoclast differentiation	18	6	4.87	0.35562	1	BP
GO:0061180	mammary gland epithelium development	18	6	4.87	0.35562	1	BP
GO:0061178	regulation of insulin secretion involved...	18	6	4.87	0.35562	1	BP
GO:0043487	regulation of RNA stability	18	6	4.87	0.35562	1	BP
GO:0009593	detection of chemical stimulus	18	6	4.87	0.35562	1	BP
GO:0035315	hair cell differentiation	39	12	10.55	0.35653	1	BP
GO:0072009	nephron epithelium development	39	12	10.55	0.35653	1	BP
GO:0030522	intracellular receptor signaling pathway	39	12	10.55	0.35653	1	BP
GO:0071322	cellular response to carbohydrate stimul...	39	12	10.55	0.35653	1	BP
GO:0071478	cellular response to radiation	39	12	10.55	0.35653	1	BP
GO:0071236	cellular response to antibiotic	39	12	10.55	0.35653	1	BP
GO:0019915	lipid storage	32	10	8.66	0.35825	1	BP
GO:0000075	cell cycle checkpoint signaling	32	10	8.66	0.35825	1	BP
GO:0010389	regulation of G2/M transition of mitotic...	32	10	8.66	0.35825	1	BP
GO:0007179	transforming growth factor beta receptor...	32	10	8.66	0.35825	1	BP
GO:0050863	regulation of T cell activation	32	10	8.66	0.35825	1	BP
GO:0055065	metal ion homeostasis	111	47	30.04	0.35829	1	BP
GO:0006939	smooth muscle contraction	25	8	6.76	0.3585	1	BP
GO:0008643	carbohydrate transport	25	8	6.76	0.3585	1	BP
GO:0070555	response to interleukin-1	25	8	6.76	0.3585	1	BP
GO:0021549	cerebellum development	25	8	6.76	0.3585	1	BP
GO:0040018	positive regulation of multicellular org...	25	8	6.76	0.3585	1	BP
GO:0050731	positive regulation of peptidyl-tyrosine...	25	8	6.76	0.3585	1	BP
GO:0050829	defense response to Gram-negative bacter...	25	8	6.76	0.3585	1	BP
GO:0009185	ribonucleoside diphosphate metabolic pro...	25	8	6.76	0.3585	1	BP
GO:0050778	positive regulation of immune response	56	20	15.15	0.35895	1	BP
GO:0055080	cation homeostasis	122	50	33.01	0.36139	1	BP
GO:0042886	amide transport	274	77	74.14	0.36239	1	BP
GO:0007611	learning or memory	101	34	27.33	0.36337	1	BP
GO:0046700	heterocycle catabolic process	82	24	22.19	0.36376	1	BP
GO:0048749	compound eye development	82	24	22.19	0.36376	1	BP
GO:0006986	response to unfolded protein	33	17	8.93	0.36397	1	BP
GO:0033135	regulation of peptidyl-serine phosphoryl...	26	14	7.04	0.36542	1	BP
GO:0034765	regulation of ion transmembrane transpor...	57	25	15.42	0.36773	1	BP
GO:0010522	regulation of calcium ion transport into...	18	10	4.87	0.36779	1	BP
GO:0045926	negative regulation of growth	75	22	20.29	0.36847	1	BP
GO:0032989	cellular component morphogenesis	289	81	78.2	0.3685	1	BP
GO:0050801	ion homeostasis	148	57	40.05	0.36973	1	BP
GO:1901362	organic cyclic compound biosynthetic pro...	597	165	161.54	0.37147	1	BP
GO:0006886	intracellular protein transport	151	43	40.86	0.37316	1	BP
GO:0050793	regulation of developmental process	498	138	134.76	0.37324	1	BP
GO:0044062	regulation of excretion	8	3	2.16	0.37327	1	BP
GO:0031529	ruffle organization	8	3	2.16	0.37327	1	BP
GO:0097178	ruffle assembly	8	3	2.16	0.37327	1	BP
GO:0019646	aerobic electron transport chain	8	3	2.16	0.37327	1	BP
GO:0086010	membrane depolarization during action po...	8	3	2.16	0.37327	1	BP
GO:0042694	muscle cell fate specification	8	3	2.16	0.37327	1	BP
GO:0006536	glutamate metabolic process	8	3	2.16	0.37327	1	BP
GO:0006695	cholesterol biosynthetic process	8	3	2.16	0.37327	1	BP
GO:0006635	fatty acid beta-oxidation	8	3	2.16	0.37327	1	BP
GO:0061001	regulation of dendritic spine morphogene...	8	3	2.16	0.37327	1	BP
GO:1901983	regulation of protein acetylation	8	3	2.16	0.37327	1	BP
GO:0003215	cardiac right ventricle morphogenesis	8	3	2.16	0.37327	1	BP
GO:0099623	regulation of cardiac muscle cell membra...	8	3	2.16	0.37327	1	BP
GO:0070121	Kupffer's vesicle development	8	3	2.16	0.37327	1	BP
GO:1900373	positive regulation of purine nucleotide...	8	3	2.16	0.37327	1	BP
GO:0035809	regulation of urine volume	8	3	2.16	0.37327	1	BP
GO:0043331	response to dsRNA	8	3	2.16	0.37327	1	BP
GO:0046637	regulation of alpha-beta T cell differen...	8	3	2.16	0.37327	1	BP
GO:0030810	positive regulation of nucleotide biosyn...	8	3	2.16	0.37327	1	BP
GO:0010165	response to X-ray	8	3	2.16	0.37327	1	BP
GO:0035909	aorta morphogenesis	8	3	2.16	0.37327	1	BP
GO:0009301	snRNA transcription	8	3	2.16	0.37327	1	BP
GO:2000114	regulation of establishment of cell pola...	8	3	2.16	0.37327	1	BP
GO:2000291	regulation of myoblast proliferation	8	3	2.16	0.37327	1	BP
GO:2000288	positive regulation of myoblast prolifer...	8	3	2.16	0.37327	1	BP
GO:0071392	cellular response to estradiol stimulus	8	3	2.16	0.37327	1	BP
GO:0042023	DNA endoreduplication	8	3	2.16	0.37327	1	BP
GO:0071359	cellular response to dsRNA	8	3	2.16	0.37327	1	BP
GO:0071374	cellular response to parathyroid hormone...	8	3	2.16	0.37327	1	BP
GO:0060026	convergent extension	8	3	2.16	0.37327	1	BP
GO:0071498	cellular response to fluid shear stress	8	3	2.16	0.37327	1	BP
GO:0002673	regulation of acute inflammatory respons...	8	3	2.16	0.37327	1	BP
GO:0043647	inositol phosphate metabolic process	8	3	2.16	0.37327	1	BP
GO:0048532	anatomical structure arrangement	8	3	2.16	0.37327	1	BP
GO:0014037	Schwann cell differentiation	8	3	2.16	0.37327	1	BP
GO:0071276	cellular response to cadmium ion	8	3	2.16	0.37327	1	BP
GO:0031290	retinal ganglion cell axon guidance	8	3	2.16	0.37327	1	BP
GO:0043951	negative regulation of cAMP-mediated sig...	8	3	2.16	0.37327	1	BP
GO:0097345	mitochondrial outer membrane permeabiliz...	8	3	2.16	0.37327	1	BP
GO:0060261	positive regulation of transcription ini...	8	3	2.16	0.37327	1	BP
GO:0060251	regulation of glial cell proliferation	8	3	2.16	0.37327	1	BP
GO:0042795	snRNA transcription by RNA polymerase II	8	3	2.16	0.37327	1	BP
GO:0060282	positive regulation of oocyte developmen...	8	3	2.16	0.37327	1	BP
GO:0048813	dendrite morphogenesis	68	20	18.4	0.37332	1	BP
GO:0044839	cell cycle G2/M phase transition	43	13	11.64	0.37345	1	BP
GO:1904396	regulation of neuromuscular junction dev...	43	13	11.64	0.37345	1	BP
GO:0050900	leukocyte migration	43	13	11.64	0.37345	1	BP
GO:0008355	olfactory learning	26	13	7.04	0.37419	1	BP
GO:0006820	anion transport	133	38	35.99	0.37554	1	BP
GO:0019935	cyclic-nucleotide-mediated signaling	36	11	9.74	0.37736	1	BP
GO:0048284	organelle fusion	36	11	9.74	0.37736	1	BP
GO:0071326	cellular response to monosaccharide stim...	36	11	9.74	0.37736	1	BP
GO:0071331	cellular response to hexose stimulus	36	11	9.74	0.37736	1	BP
GO:0071333	cellular response to glucose stimulus	36	11	9.74	0.37736	1	BP
GO:0035120	post-embryonic appendage morphogenesis	79	23	21.38	0.37956	1	BP
GO:0051146	striated muscle cell differentiation	79	23	21.38	0.37956	1	BP
GO:0043401	steroid hormone mediated signaling pathw...	29	9	7.85	0.38081	1	BP
GO:0043409	negative regulation of MAPK cascade	29	9	7.85	0.38081	1	BP
GO:0045766	positive regulation of angiogenesis	29	9	7.85	0.38081	1	BP
GO:0051494	negative regulation of cytoskeleton orga...	29	9	7.85	0.38081	1	BP
GO:0051100	negative regulation of binding	29	9	7.85	0.38081	1	BP
GO:0044091	membrane biogenesis	15	5	4.06	0.38286	1	BP
GO:0001510	RNA methylation	15	5	4.06	0.38286	1	BP
GO:0051646	mitochondrion localization	15	5	4.06	0.38286	1	BP
GO:0051647	nucleus localization	15	5	4.06	0.38286	1	BP
GO:0001974	blood vessel remodeling	15	5	4.06	0.38286	1	BP
GO:1905207	regulation of cardiocyte differentiation	15	5	4.06	0.38286	1	BP
GO:0070570	regulation of neuron projection regenera...	15	5	4.06	0.38286	1	BP
GO:0002224	toll-like receptor signaling pathway	15	5	4.06	0.38286	1	BP
GO:0030641	regulation of cellular pH	15	5	4.06	0.38286	1	BP
GO:0040028	regulation of vulval development	15	5	4.06	0.38286	1	BP
GO:0048144	fibroblast proliferation	15	5	4.06	0.38286	1	BP
GO:1902750	negative regulation of cell cycle G2/M p...	15	5	4.06	0.38286	1	BP
GO:1904019	epithelial cell apoptotic process	15	5	4.06	0.38286	1	BP
GO:0050830	defense response to Gram-positive bacter...	15	5	4.06	0.38286	1	BP
GO:0042052	rhabdomere development	15	5	4.06	0.38286	1	BP
GO:0043550	regulation of lipid kinase activity	15	5	4.06	0.38286	1	BP
GO:0014065	phosphatidylinositol 3-kinase signaling	15	5	4.06	0.38286	1	BP
GO:0048679	regulation of axon regeneration	15	5	4.06	0.38286	1	BP
GO:0051453	regulation of intracellular pH	15	5	4.06	0.38286	1	BP
GO:0016125	sterol metabolic process	22	7	5.95	0.38319	1	BP
GO:0055081	anion homeostasis	22	7	5.95	0.38319	1	BP
GO:0002011	morphogenesis of an epithelial sheet	22	7	5.95	0.38319	1	BP
GO:0071347	cellular response to interleukin-1	22	7	5.95	0.38319	1	BP
GO:0016079	synaptic vesicle exocytosis	22	7	5.95	0.38319	1	BP
GO:0040013	negative regulation of locomotion	54	16	14.61	0.38354	1	BP
GO:0045216	cell-cell junction organization	54	16	14.61	0.38354	1	BP
GO:0033365	protein localization to organelle	148	42	40.05	0.38567	1	BP
GO:0044089	positive regulation of cellular componen...	101	29	27.33	0.38843	1	BP
GO:0010720	positive regulation of cell development	130	37	35.18	0.38878	1	BP
GO:0007584	response to nutrient	47	14	12.72	0.38891	1	BP
GO:0042471	ear morphogenesis	47	14	12.72	0.38891	1	BP
GO:0006650	glycerophospholipid metabolic process	65	19	17.59	0.39074	1	BP
GO:0035264	multicellular organism growth	65	19	17.59	0.39074	1	BP
GO:0007472	wing disc morphogenesis	65	19	17.59	0.39074	1	BP
GO:0051239	regulation of multicellular organismal p...	569	171	153.97	0.39211	1	BP
GO:0034220	ion transmembrane transport	215	68	58.18	0.39292	1	BP
GO:0002684	positive regulation of immune system pro...	84	29	22.73	0.39418	1	BP
GO:0030336	negative regulation of cell migration	40	12	10.82	0.39447	1	BP
GO:0048675	axon extension	40	12	10.82	0.39447	1	BP
GO:0071560	cellular response to transforming growth...	40	12	10.82	0.39447	1	BP
GO:0071559	response to transforming growth factor b...	40	12	10.82	0.39447	1	BP
GO:0006816	calcium ion transport	73	30	19.75	0.39507	1	BP
GO:0060047	heart contraction	52	29	14.07	0.39524	1	BP
GO:0019221	cytokine-mediated signaling pathway	58	17	15.69	0.39676	1	BP
GO:0007283	spermatogenesis	105	30	28.41	0.39751	1	BP
GO:0045786	negative regulation of cell cycle	105	30	28.41	0.39751	1	BP
GO:0002764	immune response-regulating signaling pat...	50	18	13.53	0.39994	1	BP
GO:1901657	glycosyl compound metabolic process	33	10	8.93	0.40019	1	BP
GO:0009755	hormone-mediated signaling pathway	33	10	8.93	0.40019	1	BP
GO:0048707	instar larval or pupal morphogenesis	116	33	31.39	0.4002	1	BP
GO:0030073	insulin secretion	51	15	13.8	0.40314	1	BP
GO:0019233	sensory perception of pain	51	15	13.8	0.40314	1	BP
GO:1901652	response to peptide	117	40	31.66	0.40353	1	BP
GO:0044070	regulation of anion transport	26	8	7.04	0.40597	1	BP
GO:0021766	hippocampus development	26	8	7.04	0.40597	1	BP
GO:1905952	regulation of lipid localization	26	8	7.04	0.40597	1	BP
GO:0007297	ovarian follicle cell migration	26	8	7.04	0.40597	1	BP
GO:0007298	border follicle cell migration	26	8	7.04	0.40597	1	BP
GO:0002833	positive regulation of response to bioti...	26	8	7.04	0.40597	1	BP
GO:0010821	regulation of mitochondrion organization	26	8	7.04	0.40597	1	BP
GO:0022037	metencephalon development	26	8	7.04	0.40597	1	BP
GO:0010977	negative regulation of neuron projection...	26	8	7.04	0.40597	1	BP
GO:0060291	long-term synaptic potentiation	15	9	4.06	0.40608	1	BP
GO:0009057	macromolecule catabolic process	217	68	58.72	0.40639	1	BP
GO:0035114	imaginal disc-derived appendage morphoge...	80	23	21.65	0.40671	1	BP
GO:0000902	cell morphogenesis	277	77	74.95	0.40798	1	BP
GO:0007409	axonogenesis	171	48	46.27	0.40832	1	BP
GO:0048754	branching morphogenesis of an epithelial...	62	18	16.78	0.40914	1	BP
GO:1901699	cellular response to nitrogen compound	154	46	41.67	0.40978	1	BP
GO:0030307	positive regulation of cell growth	44	13	11.91	0.40996	1	BP
GO:0021761	limbic system development	44	13	11.91	0.40996	1	BP
GO:0034656	nucleobase-containing small molecule cat...	5	2	1.35	0.41061	1	BP
GO:0042743	hydrogen peroxide metabolic process	5	2	1.35	0.41061	1	BP
GO:0071677	positive regulation of mononuclear cell ...	5	2	1.35	0.41061	1	BP
GO:0098914	membrane repolarization during atrial ca...	5	2	1.35	0.41061	1	BP
GO:0044068	modulation by symbiont of host cellular ...	5	2	1.35	0.41061	1	BP
GO:0003009	skeletal muscle contraction	5	2	1.35	0.41061	1	BP
GO:0044003	modulation by symbiont of host process	5	2	1.35	0.41061	1	BP
GO:0001881	receptor recycling	5	2	1.35	0.41061	1	BP
GO:0035010	encapsulation of foreign target	5	2	1.35	0.41061	1	BP
GO:0086069	bundle of His cell to Purkinje myocyte c...	5	2	1.35	0.41061	1	BP
GO:0086050	membrane repolarization during bundle of...	5	2	1.35	0.41061	1	BP
GO:0086052	membrane repolarization during SA node c...	5	2	1.35	0.41061	1	BP
GO:0008089	anterograde axonal transport	5	2	1.35	0.41061	1	BP
GO:0016198	axon choice point recognition	5	2	1.35	0.41061	1	BP
GO:0016199	axon midline choice point recognition	5	2	1.35	0.41061	1	BP
GO:0086028	bundle of His cell to Purkinje myocyte s...	5	2	1.35	0.41061	1	BP
GO:1901522	positive regulation of transcription fro...	5	2	1.35	0.41061	1	BP
GO:0031643	positive regulation of myelination	5	2	1.35	0.41061	1	BP
GO:0031649	heat generation	5	2	1.35	0.41061	1	BP
GO:0086043	bundle of His cell action potential	5	2	1.35	0.41061	1	BP
GO:0051890	regulation of cardioblast differentiatio...	5	2	1.35	0.41061	1	BP
GO:0042532	negative regulation of tyrosine phosphor...	5	2	1.35	0.41061	1	BP
GO:0014848	urinary tract smooth muscle contraction	5	2	1.35	0.41061	1	BP
GO:0014832	urinary bladder smooth muscle contractio...	5	2	1.35	0.41061	1	BP
GO:0046015	regulation of transcription by glucose	5	2	1.35	0.41061	1	BP
GO:0014808	release of sequestered calcium ion into ...	5	2	1.35	0.41061	1	BP
GO:0006515	protein quality control for misfolded or...	5	2	1.35	0.41061	1	BP
GO:0070098	chemokine-mediated signaling pathway	5	2	1.35	0.41061	1	BP
GO:0033275	actin-myosin filament sliding	5	2	1.35	0.41061	1	BP
GO:1903170	negative regulation of calcium ion trans...	5	2	1.35	0.41061	1	BP
GO:0030011	maintenance of cell polarity	5	2	1.35	0.41061	1	BP
GO:0030049	muscle filament sliding	5	2	1.35	0.41061	1	BP
GO:1901985	positive regulation of protein acetylati...	5	2	1.35	0.41061	1	BP
GO:0001956	positive regulation of neurotransmitter ...	5	2	1.35	0.41061	1	BP
GO:0072070	loop of Henle development	5	2	1.35	0.41061	1	BP
GO:0072074	kidney mesenchyme development	5	2	1.35	0.41061	1	BP
GO:0072075	metanephric mesenchyme development	5	2	1.35	0.41061	1	BP
GO:1900078	positive regulation of cellular response...	5	2	1.35	0.41061	1	BP
GO:0072017	distal tubule development	5	2	1.35	0.41061	1	BP
GO:0000052	citrulline metabolic process	5	2	1.35	0.41061	1	BP
GO:0046471	phosphatidylglycerol metabolic process	5	2	1.35	0.41061	1	BP
GO:0051956	negative regulation of amino acid transp...	5	2	1.35	0.41061	1	BP
GO:0070498	interleukin-1-mediated signaling pathway	5	2	1.35	0.41061	1	BP
GO:0008214	protein dealkylation	5	2	1.35	0.41061	1	BP
GO:1903818	positive regulation of voltage-gated pot...	5	2	1.35	0.41061	1	BP
GO:0099624	atrial cardiac muscle cell membrane repo...	5	2	1.35	0.41061	1	BP
GO:0035728	response to hepatocyte growth factor	5	2	1.35	0.41061	1	BP
GO:1902041	regulation of extrinsic apoptotic signal...	5	2	1.35	0.41061	1	BP
GO:1905208	negative regulation of cardiocyte differ...	5	2	1.35	0.41061	1	BP
GO:1903573	negative regulation of response to endop...	5	2	1.35	0.41061	1	BP
GO:0002021	response to dietary excess	5	2	1.35	0.41061	1	BP
GO:1903514	release of sequestered calcium ion into ...	5	2	1.35	0.41061	1	BP
GO:0035886	vascular associated smooth muscle cell d...	5	2	1.35	0.41061	1	BP
GO:0010043	response to zinc ion	5	2	1.35	0.41061	1	BP
GO:0046755	viral budding	5	2	1.35	0.41061	1	BP
GO:0007096	regulation of exit from mitosis	5	2	1.35	0.41061	1	BP
GO:0048070	regulation of developmental pigmentation	5	2	1.35	0.41061	1	BP
GO:0032365	intracellular lipid transport	5	2	1.35	0.41061	1	BP
GO:1905820	positive regulation of chromosome separa...	5	2	1.35	0.41061	1	BP
GO:0048047	mating behavior, sex discrimination	5	2	1.35	0.41061	1	BP
GO:1905819	negative regulation of chromosome separa...	5	2	1.35	0.41061	1	BP
GO:0000469	cleavage involved in rRNA processing	5	2	1.35	0.41061	1	BP
GO:1900409	positive regulation of cellular response...	5	2	1.35	0.41061	1	BP
GO:0072160	nephron tubule epithelial cell different...	5	2	1.35	0.41061	1	BP
GO:0032481	positive regulation of type I interferon...	5	2	1.35	0.41061	1	BP
GO:0000154	rRNA modification	5	2	1.35	0.41061	1	BP
GO:0046541	saliva secretion	5	2	1.35	0.41061	1	BP
GO:0043370	regulation of CD4-positive, alpha-beta T...	5	2	1.35	0.41061	1	BP
GO:0050482	arachidonic acid secretion	5	2	1.35	0.41061	1	BP
GO:0002312	B cell activation involved in immune res...	5	2	1.35	0.41061	1	BP
GO:0072236	metanephric loop of Henle development	5	2	1.35	0.41061	1	BP
GO:0021799	cerebral cortex radially oriented cell m...	5	2	1.35	0.41061	1	BP
GO:0015740	C4-dicarboxylate transport	5	2	1.35	0.41061	1	BP
GO:1903963	arachidonate transport	5	2	1.35	0.41061	1	BP
GO:0070584	mitochondrion morphogenesis	5	2	1.35	0.41061	1	BP
GO:1903959	regulation of anion transmembrane transp...	5	2	1.35	0.41061	1	BP
GO:0032104	regulation of response to extracellular ...	5	2	1.35	0.41061	1	BP
GO:0032107	regulation of response to nutrient level...	5	2	1.35	0.41061	1	BP
GO:0046639	negative regulation of alpha-beta T cell...	5	2	1.35	0.41061	1	BP
GO:0120305	regulation of pigmentation	5	2	1.35	0.41061	1	BP
GO:0046606	negative regulation of centrosome cycle	5	2	1.35	0.41061	1	BP
GO:0021707	cerebellar granule cell differentiation	5	2	1.35	0.41061	1	BP
GO:1902100	negative regulation of metaphase/anaphas...	5	2	1.35	0.41061	1	BP
GO:1902101	positive regulation of metaphase/anaphas...	5	2	1.35	0.41061	1	BP
GO:0030517	negative regulation of axon extension	5	2	1.35	0.41061	1	BP
GO:2000300	regulation of synaptic vesicle exocytosi...	5	2	1.35	0.41061	1	BP
GO:0048199	vesicle targeting, to, from or within Go...	5	2	1.35	0.41061	1	BP
GO:0048150	behavioral response to ether	5	2	1.35	0.41061	1	BP
GO:0043243	positive regulation of protein-containin...	5	2	1.35	0.41061	1	BP
GO:0032885	regulation of polysaccharide biosyntheti...	5	2	1.35	0.41061	1	BP
GO:0009311	oligosaccharide metabolic process	5	2	1.35	0.41061	1	BP
GO:0021683	cerebellar granular layer morphogenesis	5	2	1.35	0.41061	1	BP
GO:0021684	cerebellar granular layer formation	5	2	1.35	0.41061	1	BP
GO:0045198	establishment of epithelial cell apical/...	5	2	1.35	0.41061	1	BP
GO:0021633	optic nerve structural organization	5	2	1.35	0.41061	1	BP
GO:1902893	regulation of miRNA transcription	5	2	1.35	0.41061	1	BP
GO:0007217	tachykinin receptor signaling pathway	5	2	1.35	0.41061	1	BP
GO:1902857	positive regulation of non-motile cilium...	5	2	1.35	0.41061	1	BP
GO:1902884	positive regulation of response to oxida...	5	2	1.35	0.41061	1	BP
GO:0010738	regulation of protein kinase A signaling	5	2	1.35	0.41061	1	BP
GO:0090075	relaxation of muscle	5	2	1.35	0.41061	1	BP
GO:1902803	regulation of synaptic vesicle transport	5	2	1.35	0.41061	1	BP
GO:0070935	3'-UTR-mediated mRNA stabilization	5	2	1.35	0.41061	1	BP
GO:1901020	negative regulation of calcium ion trans...	5	2	1.35	0.41061	1	BP
GO:0010867	positive regulation of triglyceride bios...	5	2	1.35	0.41061	1	BP
GO:1901046	positive regulation of oviposition	5	2	1.35	0.41061	1	BP
GO:0010880	regulation of release of sequestered cal...	5	2	1.35	0.41061	1	BP
GO:0048745	smooth muscle tissue development	5	2	1.35	0.41061	1	BP
GO:0045217	cell-cell junction maintenance	5	2	1.35	0.41061	1	BP
GO:0071389	cellular response to mineralocorticoid s...	5	2	1.35	0.41061	1	BP
GO:0010800	positive regulation of peptidyl-threonin...	5	2	1.35	0.41061	1	BP
GO:0030953	astral microtubule organization	5	2	1.35	0.41061	1	BP
GO:0050651	dermatan sulfate proteoglycan biosynthet...	5	2	1.35	0.41061	1	BP
GO:0050655	dermatan sulfate proteoglycan metabolic ...	5	2	1.35	0.41061	1	BP
GO:2000727	positive regulation of cardiac muscle ce...	5	2	1.35	0.41061	1	BP
GO:0034334	adherens junction maintenance	5	2	1.35	0.41061	1	BP
GO:0060065	uterus development	5	2	1.35	0.41061	1	BP
GO:1902656	calcium ion import into cytosol	5	2	1.35	0.41061	1	BP
GO:0010501	RNA secondary structure unwinding	5	2	1.35	0.41061	1	BP
GO:0045851	pH reduction	5	2	1.35	0.41061	1	BP
GO:0019433	triglyceride catabolic process	5	2	1.35	0.41061	1	BP
GO:2000514	regulation of CD4-positive, alpha-beta T...	5	2	1.35	0.41061	1	BP
GO:0042395	ecdysis, collagen and cuticulin-based cu...	5	2	1.35	0.41061	1	BP
GO:0039694	viral RNA genome replication	5	2	1.35	0.41061	1	BP
GO:0071257	cellular response to electrical stimulus	5	2	1.35	0.41061	1	BP
GO:2000630	positive regulation of miRNA metabolic p...	5	2	1.35	0.41061	1	BP
GO:0050913	sensory perception of bitter taste	5	2	1.35	0.41061	1	BP
GO:0045687	positive regulation of glial cell differ...	5	2	1.35	0.41061	1	BP
GO:0060372	regulation of atrial cardiac muscle cell...	5	2	1.35	0.41061	1	BP
GO:0090199	regulation of release of cytochrome c fr...	5	2	1.35	0.41061	1	BP
GO:1904292	regulation of ERAD pathway	5	2	1.35	0.41061	1	BP
GO:0071786	endoplasmic reticulum tubular network or...	5	2	1.35	0.41061	1	BP
GO:1902932	positive regulation of alcohol biosynthe...	5	2	1.35	0.41061	1	BP
GO:2001054	negative regulation of mesenchymal cell ...	5	2	1.35	0.41061	1	BP
GO:0090114	COPII-coated vesicle budding	5	2	1.35	0.41061	1	BP
GO:1902902	negative regulation of autophagosome ass...	5	2	1.35	0.41061	1	BP
GO:0036150	phosphatidylserine acyl-chain remodeling	5	2	1.35	0.41061	1	BP
GO:0036152	phosphatidylethanolamine acyl-chain remo...	5	2	1.35	0.41061	1	BP
GO:0047496	vesicle transport along microtubule	5	2	1.35	0.41061	1	BP
GO:0010922	positive regulation of phosphatase activ...	5	2	1.35	0.41061	1	BP
GO:0060444	branching involved in mammary gland duct...	5	2	1.35	0.41061	1	BP
GO:0060446	branching involved in open tracheal syst...	5	2	1.35	0.41061	1	BP
GO:0006482	protein demethylation	5	2	1.35	0.41061	1	BP
GO:0036257	multivesicular body organization	5	2	1.35	0.41061	1	BP
GO:0036258	multivesicular body assembly	5	2	1.35	0.41061	1	BP
GO:1990868	response to chemokine	5	2	1.35	0.41061	1	BP
GO:0060252	positive regulation of glial cell prolif...	5	2	1.35	0.41061	1	BP
GO:1990869	cellular response to chemokine	5	2	1.35	0.41061	1	BP
GO:0014896	muscle hypertrophy	19	6	5.14	0.4115	1	BP
GO:0061062	regulation of nematode larval developmen...	19	6	5.14	0.4115	1	BP
GO:0061077	chaperone-mediated protein folding	19	6	5.14	0.4115	1	BP
GO:0061013	regulation of mRNA catabolic process	19	6	5.14	0.4115	1	BP
GO:0046470	phosphatidylcholine metabolic process	19	6	5.14	0.4115	1	BP
GO:0030216	keratinocyte differentiation	19	6	5.14	0.4115	1	BP
GO:0031100	animal organ regeneration	19	6	5.14	0.4115	1	BP
GO:0034763	negative regulation of transmembrane tra...	19	6	5.14	0.4115	1	BP
GO:0001525	angiogenesis	73	21	19.75	0.41351	1	BP
GO:0051050	positive regulation of transport	177	58	47.9	0.41362	1	BP
GO:0006875	cellular metal ion homeostasis	94	42	25.44	0.41448	1	BP
GO:0018130	heterocycle biosynthetic process	575	158	155.59	0.41465	1	BP
GO:0050769	positive regulation of neurogenesis	113	32	30.58	0.41478	1	BP
GO:1903312	negative regulation of mRNA metabolic pr...	12	4	3.25	0.41559	1	BP
GO:1903428	positive regulation of reactive oxygen s...	12	4	3.25	0.41559	1	BP
GO:0035317	imaginal disc-derived wing hair organiza...	12	4	3.25	0.41559	1	BP
GO:0097530	granulocyte migration	12	4	3.25	0.41559	1	BP
GO:0000079	regulation of cyclin-dependent protein s...	12	4	3.25	0.41559	1	BP
GO:0006919	activation of cysteine-type endopeptidas...	12	4	3.25	0.41559	1	BP
GO:1902099	regulation of metaphase/anaphase transit...	12	4	3.25	0.41559	1	BP
GO:0032368	regulation of lipid transport	12	4	3.25	0.41559	1	BP
GO:0070207	protein homotrimerization	12	4	3.25	0.41559	1	BP
GO:0030104	water homeostasis	12	4	3.25	0.41559	1	BP
GO:0030239	myofibril assembly	12	4	3.25	0.41559	1	BP
GO:0046662	regulation of oviposition	12	4	3.25	0.41559	1	BP
GO:0002431	Fc receptor mediated stimulatory signali...	12	4	3.25	0.41559	1	BP
GO:0007193	adenylate cyclase-inhibiting G protein-c...	12	4	3.25	0.41559	1	BP
GO:1905954	positive regulation of lipid localizatio...	12	4	3.25	0.41559	1	BP
GO:0040020	regulation of meiotic nuclear division	12	4	3.25	0.41559	1	BP
GO:0071385	cellular response to glucocorticoid stim...	12	4	3.25	0.41559	1	BP
GO:0043552	positive regulation of phosphatidylinosi...	12	4	3.25	0.41559	1	BP
GO:0014017	neuroblast fate commitment	12	4	3.25	0.41559	1	BP
GO:0045670	regulation of osteoclast differentiation	12	4	3.25	0.41559	1	BP
GO:0042129	regulation of T cell proliferation	12	4	3.25	0.41559	1	BP
GO:0090218	positive regulation of lipid kinase acti...	12	4	3.25	0.41559	1	BP
GO:0060117	auditory receptor cell development	12	4	3.25	0.41559	1	BP
GO:0033047	regulation of mitotic sister chromatid s...	12	4	3.25	0.41559	1	BP
GO:0060281	regulation of oocyte development	12	4	3.25	0.41559	1	BP
GO:0051046	regulation of secretion	152	48	41.13	0.4158	1	BP
GO:0071702	organic substance transport	384	106	103.91	0.41718	1	BP
GO:0001678	cellular glucose homeostasis	37	11	10.01	0.41732	1	BP
GO:0016579	protein deubiquitination	37	11	10.01	0.41732	1	BP
GO:0031345	negative regulation of cell projection o...	37	11	10.01	0.41732	1	BP
GO:0048609	multicellular organismal reproductive pr...	329	91	89.03	0.41808	1	BP
GO:0009636	response to toxic substance	146	41	39.51	0.41907	1	BP
GO:0003007	heart morphogenesis	66	19	17.86	0.42078	1	BP
GO:0061138	morphogenesis of a branching epithelium	66	19	17.86	0.42078	1	BP
GO:0071417	cellular response to organonitrogen comp...	140	42	37.88	0.42364	1	BP
GO:0006974	cellular response to DNA damage stimulus	128	36	34.64	0.42432	1	BP
GO:0051246	regulation of protein metabolic process	373	112	100.93	0.42463	1	BP
GO:0016482	cytosolic transport	30	9	8.12	0.42537	1	BP
GO:0006865	amino acid transport	30	9	8.12	0.42537	1	BP
GO:0060563	neuroepithelial cell differentiation	30	9	8.12	0.42537	1	BP
GO:0003151	outflow tract morphogenesis	30	9	8.12	0.42537	1	BP
GO:0018394	peptidyl-lysine acetylation	30	9	8.12	0.42537	1	BP
GO:0007033	vacuole organization	30	9	8.12	0.42537	1	BP
GO:0009615	response to virus	30	9	8.12	0.42537	1	BP
GO:0097306	cellular response to alcohol	30	9	8.12	0.42537	1	BP
GO:0050708	regulation of protein secretion	88	25	23.81	0.42649	1	BP
GO:0043170	macromolecule metabolic process	1194	339	323.09	0.42865	1	BP
GO:0007186	G protein-coupled receptor signaling pat...	133	40	35.99	0.43102	1	BP
GO:0044271	cellular nitrogen compound biosynthetic ...	662	195	179.13	0.4313	1	BP
GO:0048871	multicellular organismal homeostasis	70	20	18.94	0.43177	1	BP
GO:0042176	regulation of protein catabolic process	70	20	18.94	0.43177	1	BP
GO:0031960	response to corticosteroid	41	12	11.09	0.43268	1	BP
GO:0016072	rRNA metabolic process	41	12	11.09	0.43268	1	BP
GO:0043604	amide biosynthetic process	128	51	34.64	0.43274	1	BP
GO:0048737	imaginal disc-derived appendage developm...	81	23	21.92	0.43406	1	BP
GO:0000904	cell morphogenesis involved in different...	242	67	65.48	0.43427	1	BP
GO:0001658	branching involved in ureteric bud morph...	23	7	6.22	0.43435	1	BP
GO:0006664	glycolipid metabolic process	23	7	6.22	0.43435	1	BP
GO:0003208	cardiac ventricle morphogenesis	23	7	6.22	0.43435	1	BP
GO:1903509	liposaccharide metabolic process	23	7	6.22	0.43435	1	BP
GO:0048015	phosphatidylinositol-mediated signaling	23	7	6.22	0.43435	1	BP
GO:0048017	inositol lipid-mediated signaling	23	7	6.22	0.43435	1	BP
GO:0030703	eggshell formation	23	7	6.22	0.43435	1	BP
GO:0009451	RNA modification	23	7	6.22	0.43435	1	BP
GO:0009179	purine ribonucleoside diphosphate metabo...	23	7	6.22	0.43435	1	BP
GO:0009135	purine nucleoside diphosphate metabolic ...	23	7	6.22	0.43435	1	BP
GO:0007619	courtship behavior	23	7	6.22	0.43435	1	BP
GO:0010950	positive regulation of endopeptidase act...	23	7	6.22	0.43435	1	BP
GO:0046677	response to antibiotic	114	32	30.85	0.43803	1	BP
GO:0003073	regulation of systemic arterial blood pr...	22	10	5.95	0.43849	1	BP
GO:0008285	negative regulation of cell population p...	125	35	33.82	0.43877	1	BP
GO:0045664	regulation of neuron differentiation	169	47	45.73	0.44019	1	BP
GO:0010639	negative regulation of organelle organiz...	74	21	20.02	0.44217	1	BP
GO:0003231	cardiac ventricle development	34	10	9.2	0.44228	1	BP
GO:0007159	leukocyte cell-cell adhesion	34	10	9.2	0.44228	1	BP
GO:1902806	regulation of cell cycle G1/S phase tran...	34	10	9.2	0.44228	1	BP
GO:0001895	retina homeostasis	16	5	4.33	0.44467	1	BP
GO:0008049	male courtship behavior	16	5	4.33	0.44467	1	BP
GO:0099172	presynapse organization	16	5	4.33	0.44467	1	BP
GO:0035383	thioester metabolic process	16	5	4.33	0.44467	1	BP
GO:0006637	acyl-CoA metabolic process	16	5	4.33	0.44467	1	BP
GO:0035305	negative regulation of dephosphorylation	16	5	4.33	0.44467	1	BP
GO:0043050	pharyngeal pumping	16	5	4.33	0.44467	1	BP
GO:0050432	catecholamine secretion	16	5	4.33	0.44467	1	BP
GO:0050433	regulation of catecholamine secretion	16	5	4.33	0.44467	1	BP
GO:0043470	regulation of carbohydrate catabolic pro...	16	5	4.33	0.44467	1	BP
GO:0010717	regulation of epithelial to mesenchymal ...	16	5	4.33	0.44467	1	BP
GO:0010883	regulation of lipid storage	16	5	4.33	0.44467	1	BP
GO:0034446	substrate adhesion-dependent cell spread...	16	5	4.33	0.44467	1	BP
GO:0043967	histone H4 acetylation	16	5	4.33	0.44467	1	BP
GO:2001022	positive regulation of response to DNA d...	16	5	4.33	0.44467	1	BP
GO:0043086	negative regulation of catalytic activit...	96	27	25.98	0.44468	1	BP
GO:0019220	regulation of phosphate metabolic proces...	256	76	69.27	0.44468	1	BP
GO:0051174	regulation of phosphorus metabolic proce...	256	76	69.27	0.44468	1	BP
GO:0007552	metamorphosis	118	33	31.93	0.44595	1	BP
GO:0006139	nucleobase-containing compound metabolic...	777	212	210.25	0.44805	1	BP
GO:0021543	pallium development	56	16	15.15	0.44924	1	BP
GO:0009605	response to external stimulus	493	150	133.4	0.4496	1	BP
GO:0051253	negative regulation of RNA metabolic pro...	243	67	65.75	0.4508	1	BP
GO:0001763	morphogenesis of a branching structure	67	19	18.13	0.45094	1	BP
GO:0045936	negative regulation of phosphate metabol...	89	25	24.08	0.45278	1	BP
GO:0010563	negative regulation of phosphorus metabo...	89	25	24.08	0.45278	1	BP
GO:0061564	axon development	177	49	47.9	0.45296	1	BP
GO:0060675	ureteric bud morphogenesis	27	8	7.31	0.45338	1	BP
GO:0033555	multicellular organismal response to str...	27	8	7.31	0.45338	1	BP
GO:0072171	mesonephric tubule morphogenesis	27	8	7.31	0.45338	1	BP
GO:0042058	regulation of epidermal growth factor re...	27	8	7.31	0.45338	1	BP
GO:0009132	nucleoside diphosphate metabolic process	27	8	7.31	0.45338	1	BP
GO:0048660	regulation of smooth muscle cell prolife...	27	8	7.31	0.45338	1	BP
GO:1901184	regulation of ERBB signaling pathway	27	8	7.31	0.45338	1	BP
GO:1905114	cell surface receptor signaling pathway ...	122	34	33.01	0.45364	1	BP
GO:1901575	organic substance catabolic process	328	97	88.75	0.45622	1	BP
GO:0045938	positive regulation of circadian sleep/w...	9	3	2.44	0.457	1	BP
GO:0031641	regulation of myelination	9	3	2.44	0.457	1	BP
GO:0086019	cell-cell signaling involved in cardiac ...	9	3	2.44	0.457	1	BP
GO:0016126	sterol biosynthetic process	9	3	2.44	0.457	1	BP
GO:0006509	membrane protein ectodomain proteolysis	9	3	2.44	0.457	1	BP
GO:0008345	larval locomotory behavior	9	3	2.44	0.457	1	BP
GO:0030071	regulation of mitotic metaphase/anaphase...	9	3	2.44	0.457	1	BP
GO:0003179	heart valve morphogenesis	9	3	2.44	0.457	1	BP
GO:0001954	positive regulation of cell-matrix adhes...	9	3	2.44	0.457	1	BP
GO:1903793	positive regulation of anion transport	9	3	2.44	0.457	1	BP
GO:0006921	cellular component disassembly involved ...	9	3	2.44	0.457	1	BP
GO:0006929	substrate-dependent cell migration	9	3	2.44	0.457	1	BP
GO:0051955	regulation of amino acid transport	9	3	2.44	0.457	1	BP
GO:0046173	polyol biosynthetic process	9	3	2.44	0.457	1	BP
GO:0099622	cardiac muscle cell membrane repolarizat...	9	3	2.44	0.457	1	BP
GO:1905268	negative regulation of chromatin organiz...	9	3	2.44	0.457	1	BP
GO:0046718	viral entry into host cell	9	3	2.44	0.457	1	BP
GO:0008542	visual learning	9	3	2.44	0.457	1	BP
GO:1900182	positive regulation of protein localizat...	9	3	2.44	0.457	1	BP
GO:1902369	negative regulation of RNA catabolic pro...	9	3	2.44	0.457	1	BP
GO:0035635	entry of bacterium into host cell	9	3	2.44	0.457	1	BP
GO:1902373	negative regulation of mRNA catabolic pr...	9	3	2.44	0.457	1	BP
GO:0046528	imaginal disc fusion	9	3	2.44	0.457	1	BP
GO:0046529	imaginal disc fusion, thorax closure	9	3	2.44	0.457	1	BP
GO:0061844	antimicrobial humoral immune response me...	9	3	2.44	0.457	1	BP
GO:0030521	androgen receptor signaling pathway	9	3	2.44	0.457	1	BP
GO:0030514	negative regulation of BMP signaling pat...	9	3	2.44	0.457	1	BP
GO:0032715	negative regulation of interleukin-6 pro...	9	3	2.44	0.457	1	BP
GO:0032878	regulation of establishment or maintenan...	9	3	2.44	0.457	1	BP
GO:0040009	regulation of growth rate	9	3	2.44	0.457	1	BP
GO:0050873	brown fat cell differentiation	9	3	2.44	0.457	1	BP
GO:0048703	embryonic viscerocranium morphogenesis	9	3	2.44	0.457	1	BP
GO:0030951	establishment or maintenance of microtub...	9	3	2.44	0.457	1	BP
GO:0002576	platelet degranulation	9	3	2.44	0.457	1	BP
GO:2000725	regulation of cardiac muscle cell differ...	9	3	2.44	0.457	1	BP
GO:0034333	adherens junction assembly	9	3	2.44	0.457	1	BP
GO:1902653	secondary alcohol biosynthetic process	9	3	2.44	0.457	1	BP
GO:0071467	cellular response to pH	9	3	2.44	0.457	1	BP
GO:0060004	reflex	9	3	2.44	0.457	1	BP
GO:0002688	regulation of leukocyte chemotaxis	9	3	2.44	0.457	1	BP
GO:0006004	fucose metabolic process	9	3	2.44	0.457	1	BP
GO:0007526	larval somatic muscle development	9	3	2.44	0.457	1	BP
GO:0034405	response to fluid shear stress	9	3	2.44	0.457	1	BP
GO:0071107	response to parathyroid hormone	9	3	2.44	0.457	1	BP
GO:0042311	vasodilation	9	3	2.44	0.457	1	BP
GO:2000628	regulation of miRNA metabolic process	9	3	2.44	0.457	1	BP
GO:0060384	innervation	9	3	2.44	0.457	1	BP
GO:0098693	regulation of synaptic vesicle cycle	9	3	2.44	0.457	1	BP
GO:0050931	pigment cell differentiation	9	3	2.44	0.457	1	BP
GO:0090103	cochlea morphogenesis	9	3	2.44	0.457	1	BP
GO:1904886	beta-catenin destruction complex disasse...	9	3	2.44	0.457	1	BP
GO:0060260	regulation of transcription initiation b...	9	3	2.44	0.457	1	BP
GO:1903311	regulation of mRNA metabolic process	38	11	10.28	0.45729	1	BP
GO:0046434	organophosphate catabolic process	38	11	10.28	0.45729	1	BP
GO:0045333	cellular respiration	38	11	10.28	0.45729	1	BP
GO:0050730	regulation of peptidyl-tyrosine phosphor...	38	11	10.28	0.45729	1	BP
GO:0000165	MAPK cascade	148	41	40.05	0.46043	1	BP
GO:1903706	regulation of hemopoiesis	60	17	16.24	0.46051	1	BP
GO:0043087	regulation of GTPase activity	60	17	16.24	0.46051	1	BP
GO:1990778	protein localization to cell periphery	60	17	16.24	0.46051	1	BP
GO:0010976	positive regulation of neuron projection...	71	20	19.21	0.46115	1	BP
GO:0034645	cellular macromolecule biosynthetic proc...	634	181	171.56	0.46658	1	BP
GO:0014823	response to activity	20	6	5.41	0.46685	1	BP
GO:0046031	ADP metabolic process	20	6	5.41	0.46685	1	BP
GO:1900076	regulation of cellular response to insul...	20	6	5.41	0.46685	1	BP
GO:0002028	regulation of sodium ion transport	20	6	5.41	0.46685	1	BP
GO:0015748	organophosphate ester transport	20	6	5.41	0.46685	1	BP
GO:0043462	regulation of ATP-dependent activity	20	6	5.41	0.46685	1	BP
GO:0032273	positive regulation of protein polymeriz...	20	6	5.41	0.46685	1	BP
GO:0015844	monoamine transport	20	6	5.41	0.46685	1	BP
GO:0043280	positive regulation of cysteine-type end...	20	6	5.41	0.46685	1	BP
GO:0033045	regulation of sister chromatid segregati...	20	6	5.41	0.46685	1	BP
GO:0060259	regulation of feeding behavior	20	6	5.41	0.46685	1	BP
GO:0045945	positive regulation of transcription by ...	2	1	0.54	0.46807	1	BP
GO:0098969	neurotransmitter receptor transport to p...	2	1	0.54	0.46807	1	BP
GO:0042789	mRNA transcription by RNA polymerase II	2	1	0.54	0.46807	1	BP
GO:0045947	negative regulation of translational ini...	2	1	0.54	0.46807	1	BP
GO:0006265	DNA topological change	2	1	0.54	0.46807	1	BP
GO:0001777	T cell homeostatic proliferation	2	1	0.54	0.46807	1	BP
GO:0042772	DNA damage response, signal transduction...	2	1	0.54	0.46807	1	BP
GO:0042776	proton motive force-driven mitochondrial...	2	1	0.54	0.46807	1	BP
GO:1903020	positive regulation of glycoprotein meta...	2	1	0.54	0.46807	1	BP
GO:0003093	regulation of glomerular filtration	2	1	0.54	0.46807	1	BP
GO:0044090	positive regulation of vacuole organizat...	2	1	0.54	0.46807	1	BP
GO:1990839	response to endothelin	2	1	0.54	0.46807	1	BP
GO:0003099	positive regulation of the force of hear...	2	1	0.54	0.46807	1	BP
GO:0051292	nuclear pore complex assembly	2	1	0.54	0.46807	1	BP
GO:0003061	positive regulation of the force of hear...	2	1	0.54	0.46807	1	BP
GO:0042730	fibrinolysis	2	1	0.54	0.46807	1	BP
GO:0003051	angiotensin-mediated drinking behavior	2	1	0.54	0.46807	1	BP
GO:0003059	positive regulation of the force of hear...	2	1	0.54	0.46807	1	BP
GO:1904585	response to putrescine	2	1	0.54	0.46807	1	BP
GO:1904586	cellular response to putrescine	2	1	0.54	0.46807	1	BP
GO:1904587	response to glycoprotein	2	1	0.54	0.46807	1	BP
GO:0097195	pilomotor reflex	2	1	0.54	0.46807	1	BP
GO:0006244	pyrimidine nucleotide catabolic process	2	1	0.54	0.46807	1	BP
GO:1903003	positive regulation of protein deubiquit...	2	1	0.54	0.46807	1	BP
GO:1901858	regulation of mitochondrial DNA metaboli...	2	1	0.54	0.46807	1	BP
GO:1901859	negative regulation of mitochondrial DNA...	2	1	0.54	0.46807	1	BP
GO:0038001	paracrine signaling	2	1	0.54	0.46807	1	BP
GO:0038007	netrin-activated signaling pathway	2	1	0.54	0.46807	1	BP
GO:0060763	mammary duct terminal end bud growth	2	1	0.54	0.46807	1	BP
GO:0060756	foraging behavior	2	1	0.54	0.46807	1	BP
GO:0060789	hair follicle placode formation	2	1	0.54	0.46807	1	BP
GO:0031536	positive regulation of exit from mitosis	2	1	0.54	0.46807	1	BP
GO:0060775	planar cell polarity pathway involved in...	2	1	0.54	0.46807	1	BP
GO:0034608	vulval location	2	1	0.54	0.46807	1	BP
GO:0051232	meiotic spindle elongation	2	1	0.54	0.46807	1	BP
GO:0090594	inflammatory response to wounding	2	1	0.54	0.46807	1	BP
GO:0035096	larval midgut cell programmed cell death	2	1	0.54	0.46807	1	BP
GO:0060743	epithelial cell maturation involved in p...	2	1	0.54	0.46807	1	BP
GO:0001886	endothelial cell morphogenesis	2	1	0.54	0.46807	1	BP
GO:0001820	serotonin secretion	2	1	0.54	0.46807	1	BP
GO:0001829	trophectodermal cell differentiation	2	1	0.54	0.46807	1	BP
GO:0090527	actin filament reorganization	2	1	0.54	0.46807	1	BP
GO:1904681	response to 3-methylcholanthrene	2	1	0.54	0.46807	1	BP
GO:1904682	cellular response to 3-methylcholanthren...	2	1	0.54	0.46807	1	BP
GO:1904620	cellular response to dimethyl sulfoxide	2	1	0.54	0.46807	1	BP
GO:0097264	self proteolysis	2	1	0.54	0.46807	1	BP
GO:1904619	response to dimethyl sulfoxide	2	1	0.54	0.46807	1	BP
GO:0031648	protein destabilization	2	1	0.54	0.46807	1	BP
GO:0086045	membrane depolarization during AV node c...	2	1	0.54	0.46807	1	BP
GO:0033353	S-adenosylmethionine cycle	2	1	0.54	0.46807	1	BP
GO:0086036	regulation of cardiac muscle cell membra...	2	1	0.54	0.46807	1	BP
GO:0001560	regulation of cell growth by extracellul...	2	1	0.54	0.46807	1	BP
GO:0001561	fatty acid alpha-oxidation	2	1	0.54	0.46807	1	BP
GO:0097212	lysosomal membrane organization	2	1	0.54	0.46807	1	BP
GO:0001555	oocyte growth	2	1	0.54	0.46807	1	BP
GO:0001580	detection of chemical stimulus involved ...	2	1	0.54	0.46807	1	BP
GO:1905097	regulation of guanyl-nucleotide exchange...	2	1	0.54	0.46807	1	BP
GO:1905098	negative regulation of guanyl-nucleotide...	2	1	0.54	0.46807	1	BP
GO:1990646	cellular response to prolactin	2	1	0.54	0.46807	1	BP
GO:0001522	pseudouridine synthesis	2	1	0.54	0.46807	1	BP
GO:0036500	ATF6-mediated unfolded protein response	2	1	0.54	0.46807	1	BP
GO:1905063	regulation of vascular associated smooth...	2	1	0.54	0.46807	1	BP
GO:1905065	positive regulation of vascular associat...	2	1	0.54	0.46807	1	BP
GO:0033338	medial fin development	2	1	0.54	0.46807	1	BP
GO:0006837	serotonin transport	2	1	0.54	0.46807	1	BP
GO:0089718	amino acid import across plasma membrane	2	1	0.54	0.46807	1	BP
GO:0014850	response to muscle activity	2	1	0.54	0.46807	1	BP
GO:0051875	pigment granule localization	2	1	0.54	0.46807	1	BP
GO:1901623	regulation of lymphocyte chemotaxis	2	1	0.54	0.46807	1	BP
GO:0014820	tonic smooth muscle contraction	2	1	0.54	0.46807	1	BP
GO:0014824	artery smooth muscle contraction	2	1	0.54	0.46807	1	BP
GO:0006595	polyamine metabolic process	2	1	0.54	0.46807	1	BP
GO:0006596	polyamine biosynthetic process	2	1	0.54	0.46807	1	BP
GO:0016255	attachment of GPI anchor to protein	2	1	0.54	0.46807	1	BP
GO:0046048	UDP metabolic process	2	1	0.54	0.46807	1	BP
GO:1903378	positive regulation of oxidative stress-...	2	1	0.54	0.46807	1	BP
GO:0001675	acrosome assembly	2	1	0.54	0.46807	1	BP
GO:0046033	AMP metabolic process	2	1	0.54	0.46807	1	BP
GO:0071966	fungal-type cell wall polysaccharide met...	2	1	0.54	0.46807	1	BP
GO:0097709	connective tissue replacement	2	1	0.54	0.46807	1	BP
GO:2001269	positive regulation of cysteine-type end...	2	1	0.54	0.46807	1	BP
GO:0046007	negative regulation of activated T cell ...	2	1	0.54	0.46807	1	BP
GO:1903333	negative regulation of protein folding	2	1	0.54	0.46807	1	BP
GO:0003357	noradrenergic neuron differentiation	2	1	0.54	0.46807	1	BP
GO:0006538	glutamate catabolic process	2	1	0.54	0.46807	1	BP
GO:0003321	positive regulation of blood pressure by...	2	1	0.54	0.46807	1	BP
GO:0071934	thiamine transmembrane transport	2	1	0.54	0.46807	1	BP
GO:0070094	positive regulation of glucagon secretio...	2	1	0.54	0.46807	1	BP
GO:0006501	C-terminal protein lipidation	2	1	0.54	0.46807	1	BP
GO:0044341	sodium-dependent phosphate transport	2	1	0.54	0.46807	1	BP
GO:0006507	GPI anchor release	2	1	0.54	0.46807	1	BP
GO:0003334	keratinocyte development	2	1	0.54	0.46807	1	BP
GO:0044330	canonical Wnt signaling pathway involved...	2	1	0.54	0.46807	1	BP
GO:0044333	Wnt signaling pathway involved in digest...	2	1	0.54	0.46807	1	BP
GO:0044337	canonical Wnt signaling pathway involved...	2	1	0.54	0.46807	1	BP
GO:0044339	canonical Wnt signaling pathway involved...	2	1	0.54	0.46807	1	BP
GO:0033189	response to vitamin A	2	1	0.54	0.46807	1	BP
GO:0033119	negative regulation of RNA splicing	2	1	0.54	0.46807	1	BP
GO:0006655	phosphatidylglycerol biosynthetic proces...	2	1	0.54	0.46807	1	BP
GO:0006657	CDP-choline pathway	2	1	0.54	0.46807	1	BP
GO:0031998	regulation of fatty acid beta-oxidation	2	1	0.54	0.46807	1	BP
GO:0051661	maintenance of centrosome location	2	1	0.54	0.46807	1	BP
GO:0051683	establishment of Golgi localization	2	1	0.54	0.46807	1	BP
GO:0033292	T-tubule organization	2	1	0.54	0.46807	1	BP
GO:0061051	positive regulation of cell growth invol...	2	1	0.54	0.46807	1	BP
GO:0061072	iris morphogenesis	2	1	0.54	0.46807	1	BP
GO:0055005	ventricular cardiac myofibril assembly	2	1	0.54	0.46807	1	BP
GO:1903165	response to polycyclic arene	2	1	0.54	0.46807	1	BP
GO:1903166	cellular response to polycyclic arene	2	1	0.54	0.46807	1	BP
GO:1990911	response to psychosocial stress	2	1	0.54	0.46807	1	BP
GO:0061038	uterus morphogenesis	2	1	0.54	0.46807	1	BP
GO:0038171	cannabinoid signaling pathway	2	1	0.54	0.46807	1	BP
GO:0003198	epithelial to mesenchymal transition inv...	2	1	0.54	0.46807	1	BP
GO:0038111	interleukin-7-mediated signaling pathway	2	1	0.54	0.46807	1	BP
GO:1901994	negative regulation of meiotic cell cycl...	2	1	0.54	0.46807	1	BP
GO:0003150	muscular septum morphogenesis	2	1	0.54	0.46807	1	BP
GO:1905349	ciliary transition zone assembly	2	1	0.54	0.46807	1	BP
GO:1901977	negative regulation of cell cycle checkp...	2	1	0.54	0.46807	1	BP
GO:0001993	regulation of systemic arterial blood pr...	2	1	0.54	0.46807	1	BP
GO:0001996	positive regulation of heart rate by epi...	2	1	0.54	0.46807	1	BP
GO:0001997	positive regulation of the force of hear...	2	1	0.54	0.46807	1	BP
GO:0046385	deoxyribose phosphate biosynthetic proce...	2	1	0.54	0.46807	1	BP
GO:0035190	syncytial nuclear migration	2	1	0.54	0.46807	1	BP
GO:0042953	lipoprotein transport	2	1	0.54	0.46807	1	BP
GO:1903286	regulation of potassium ion import	2	1	0.54	0.46807	1	BP
GO:0001977	renal system process involved in regulat...	2	1	0.54	0.46807	1	BP
GO:0001921	positive regulation of receptor recyclin...	2	1	0.54	0.46807	1	BP
GO:1905461	positive regulation of vascular associat...	2	1	0.54	0.46807	1	BP
GO:0035185	preblastoderm mitotic cell cycle	2	1	0.54	0.46807	1	BP
GO:1900086	positive regulation of peptidyl-tyrosine...	2	1	0.54	0.46807	1	BP
GO:1905459	regulation of vascular associated smooth...	2	1	0.54	0.46807	1	BP
GO:0035177	larval foraging behavior	2	1	0.54	0.46807	1	BP
GO:0072019	proximal convoluted tubule development	2	1	0.54	0.46807	1	BP
GO:0003221	right ventricular cardiac muscle tissue ...	2	1	0.54	0.46807	1	BP
GO:0003222	ventricular trabecula myocardium morphog...	2	1	0.54	0.46807	1	BP
GO:0003241	growth involved in heart morphogenesis	2	1	0.54	0.46807	1	BP
GO:0003243	circumferential growth involved in left ...	2	1	0.54	0.46807	1	BP
GO:0035106	operant conditioning	2	1	0.54	0.46807	1	BP
GO:0060978	angiogenesis involved in coronary vascul...	2	1	0.54	0.46807	1	BP
GO:0046477	glycosylceramide catabolic process	2	1	0.54	0.46807	1	BP
GO:0046479	glycosphingolipid catabolic process	2	1	0.54	0.46807	1	BP
GO:0099566	regulation of postsynaptic cytosolic cal...	2	1	0.54	0.46807	1	BP
GO:0000038	very long-chain fatty acid metabolic pro...	2	1	0.54	0.46807	1	BP
GO:0099552	trans-synaptic signaling by lipid, modul...	2	1	0.54	0.46807	1	BP
GO:0099553	trans-synaptic signaling by endocannabin...	2	1	0.54	0.46807	1	BP
GO:0006956	complement activation	2	1	0.54	0.46807	1	BP
GO:0035268	protein mannosylation	2	1	0.54	0.46807	1	BP
GO:0035269	protein O-linked mannosylation	2	1	0.54	0.46807	1	BP
GO:0060903	positive regulation of meiosis I	2	1	0.54	0.46807	1	BP
GO:0006978	DNA damage response, signal transduction...	2	1	0.54	0.46807	1	BP
GO:0008295	spermidine biosynthetic process	2	1	0.54	0.46807	1	BP
GO:0099541	trans-synaptic signaling by lipid	2	1	0.54	0.46807	1	BP
GO:0099542	trans-synaptic signaling by endocannabin...	2	1	0.54	0.46807	1	BP
GO:0051967	negative regulation of synaptic transmis...	2	1	0.54	0.46807	1	BP
GO:0033594	response to hydroxyisoflavone	2	1	0.54	0.46807	1	BP
GO:0033595	response to genistein	2	1	0.54	0.46807	1	BP
GO:1903891	regulation of ATF6-mediated unfolded pro...	2	1	0.54	0.46807	1	BP
GO:1903892	negative regulation of ATF6-mediated unf...	2	1	0.54	0.46807	1	BP
GO:0051917	regulation of fibrinolysis	2	1	0.54	0.46807	1	BP
GO:0032049	cardiolipin biosynthetic process	2	1	0.54	0.46807	1	BP
GO:0008215	spermine metabolic process	2	1	0.54	0.46807	1	BP
GO:0008216	spermidine metabolic process	2	1	0.54	0.46807	1	BP
GO:0014912	negative regulation of smooth muscle cel...	2	1	0.54	0.46807	1	BP
GO:0046185	aldehyde catabolic process	2	1	0.54	0.46807	1	BP
GO:0070489	T cell aggregation	2	1	0.54	0.46807	1	BP
GO:0070474	positive regulation of uterine smooth mu...	2	1	0.54	0.46807	1	BP
GO:0070475	rRNA base methylation	2	1	0.54	0.46807	1	BP
GO:0051902	negative regulation of mitochondrial dep...	2	1	0.54	0.46807	1	BP
GO:0051904	pigment granule transport	2	1	0.54	0.46807	1	BP
GO:0051905	establishment of pigment granule localiz...	2	1	0.54	0.46807	1	BP
GO:0046135	pyrimidine nucleoside catabolic process	2	1	0.54	0.46807	1	BP
GO:1903840	response to arsenite(3-)	2	1	0.54	0.46807	1	BP
GO:1903841	cellular response to arsenite(3-)	2	1	0.54	0.46807	1	BP
GO:1903842	response to arsenite ion	2	1	0.54	0.46807	1	BP
GO:1903843	cellular response to arsenite ion	2	1	0.54	0.46807	1	BP
GO:0035721	intraciliary retrograde transport	2	1	0.54	0.46807	1	BP
GO:1905288	vascular associated smooth muscle cell a...	2	1	0.54	0.46807	1	BP
GO:0099632	protein transport within plasma membrane	2	1	0.54	0.46807	1	BP
GO:0099637	neurotransmitter receptor transport	2	1	0.54	0.46807	1	BP
GO:0099638	endosome to plasma membrane protein tran...	2	1	0.54	0.46807	1	BP
GO:1903800	positive regulation of miRNA maturation	2	1	0.54	0.46807	1	BP
GO:0044872	lipoprotein localization	2	1	0.54	0.46807	1	BP
GO:0044878	mitotic cytokinesis checkpoint signaling	2	1	0.54	0.46807	1	BP
GO:0018410	C-terminal protein amino acid modificati...	2	1	0.54	0.46807	1	BP
GO:0035733	hepatic stellate cell activation	2	1	0.54	0.46807	1	BP
GO:0070199	establishment of protein localization to...	2	1	0.54	0.46807	1	BP
GO:0043090	amino acid import	2	1	0.54	0.46807	1	BP
GO:0002098	tRNA wobble uridine modification	2	1	0.54	0.46807	1	BP
GO:0061419	positive regulation of transcription fro...	2	1	0.54	0.46807	1	BP
GO:0033684	regulation of luteinizing hormone secret...	2	1	0.54	0.46807	1	BP
GO:0033685	negative regulation of luteinizing hormo...	2	1	0.54	0.46807	1	BP
GO:0072396	response to cell cycle checkpoint signal...	2	1	0.54	0.46807	1	BP
GO:0106071	positive regulation of adenylate cyclase...	2	1	0.54	0.46807	1	BP
GO:0043084	penile erection	2	1	0.54	0.46807	1	BP
GO:0002025	norepinephrine-epinephrine-mediated vaso...	2	1	0.54	0.46807	1	BP
GO:0033630	positive regulation of cell adhesion med...	2	1	0.54	0.46807	1	BP
GO:0035880	embryonic nail plate morphogenesis	2	1	0.54	0.46807	1	BP
GO:1903540	establishment of protein localization to...	2	1	0.54	0.46807	1	BP
GO:0035873	lactate transmembrane transport	2	1	0.54	0.46807	1	BP
GO:0072376	protein activation cascade	2	1	0.54	0.46807	1	BP
GO:0035879	plasma membrane lactate transport	2	1	0.54	0.46807	1	BP
GO:0002035	brain renin-angiotensin system	2	1	0.54	0.46807	1	BP
GO:0043039	tRNA aminoacylation	2	1	0.54	0.46807	1	BP
GO:0044557	relaxation of smooth muscle	2	1	0.54	0.46807	1	BP
GO:0030449	regulation of complement activation	2	1	0.54	0.46807	1	BP
GO:0055118	negative regulation of cardiac muscle co...	2	1	0.54	0.46807	1	BP
GO:0010044	response to aluminum ion	2	1	0.54	0.46807	1	BP
GO:0000320	re-entry into mitotic cell cycle	2	1	0.54	0.46807	1	BP
GO:0070257	positive regulation of mucus secretion	2	1	0.54	0.46807	1	BP
GO:0046722	lactic acid secretion	2	1	0.54	0.46807	1	BP
GO:0030157	pancreatic juice secretion	2	1	0.54	0.46807	1	BP
GO:0016926	protein desumoylation	2	1	0.54	0.46807	1	BP
GO:0044691	tooth eruption	2	1	0.54	0.46807	1	BP
GO:0070243	regulation of thymocyte apoptotic proces...	2	1	0.54	0.46807	1	BP
GO:1900454	positive regulation of long-term synapti...	2	1	0.54	0.46807	1	BP
GO:0030174	regulation of DNA-templated DNA replicat...	2	1	0.54	0.46807	1	BP
GO:1905868	regulation of 3'-UTR-mediated mRNA stabi...	2	1	0.54	0.46807	1	BP
GO:1903644	regulation of chaperone-mediated protein...	2	1	0.54	0.46807	1	BP
GO:0048073	regulation of eye pigmentation	2	1	0.54	0.46807	1	BP
GO:0048025	negative regulation of mRNA splicing, vi...	2	1	0.54	0.46807	1	BP
GO:0048026	positive regulation of mRNA splicing, vi...	2	1	0.54	0.46807	1	BP
GO:0000491	small nucleolar ribonucleoprotein comple...	2	1	0.54	0.46807	1	BP
GO:0000492	box C/D snoRNP assembly	2	1	0.54	0.46807	1	BP
GO:0072423	response to DNA damage checkpoint signal...	2	1	0.54	0.46807	1	BP
GO:1900426	positive regulation of defense response ...	2	1	0.54	0.46807	1	BP
GO:0035511	oxidative DNA demethylation	2	1	0.54	0.46807	1	BP
GO:0032371	regulation of sterol transport	2	1	0.54	0.46807	1	BP
GO:0032374	regulation of cholesterol transport	2	1	0.54	0.46807	1	BP
GO:0007008	outer mitochondrial membrane organizatio...	2	1	0.54	0.46807	1	BP
GO:0048009	insulin-like growth factor receptor sign...	2	1	0.54	0.46807	1	BP
GO:0140131	positive regulation of lymphocyte chemot...	2	1	0.54	0.46807	1	BP
GO:0072402	response to DNA integrity checkpoint sig...	2	1	0.54	0.46807	1	BP
GO:0052040	modulation by symbiont of host programme...	2	1	0.54	0.46807	1	BP
GO:0030265	phospholipase C-activating rhodopsin med...	2	1	0.54	0.46807	1	BP
GO:2000010	positive regulation of protein localizat...	2	1	0.54	0.46807	1	BP
GO:0072185	metanephric cap development	2	1	0.54	0.46807	1	BP
GO:0072186	metanephric cap morphogenesis	2	1	0.54	0.46807	1	BP
GO:0035675	neuromast hair cell development	2	1	0.54	0.46807	1	BP
GO:0072179	nephric duct formation	2	1	0.54	0.46807	1	BP
GO:0030214	hyaluronan catabolic process	2	1	0.54	0.46807	1	BP
GO:0045059	positive thymic T cell selection	2	1	0.54	0.46807	1	BP
GO:0032461	positive regulation of protein oligomeri...	2	1	0.54	0.46807	1	BP
GO:0032466	negative regulation of cytokinesis	2	1	0.54	0.46807	1	BP
GO:1902362	melanocyte apoptotic process	2	1	0.54	0.46807	1	BP
GO:0032489	regulation of Cdc42 protein signal trans...	2	1	0.54	0.46807	1	BP
GO:2000002	negative regulation of DNA damage checkp...	2	1	0.54	0.46807	1	BP
GO:1900133	regulation of renin secretion into blood...	2	1	0.54	0.46807	1	BP
GO:0032475	otolith formation	2	1	0.54	0.46807	1	BP
GO:1900135	positive regulation of renin secretion i...	2	1	0.54	0.46807	1	BP
GO:1902339	positive regulation of apoptotic process...	2	1	0.54	0.46807	1	BP
GO:0043368	positive T cell selection	2	1	0.54	0.46807	1	BP
GO:0061744	motor behavior	2	1	0.54	0.46807	1	BP
GO:0002351	serotonin production involved in inflamm...	2	1	0.54	0.46807	1	BP
GO:0032400	melanosome localization	2	1	0.54	0.46807	1	BP
GO:0032401	establishment of melanosome localization	2	1	0.54	0.46807	1	BP
GO:0032402	melanosome transport	2	1	0.54	0.46807	1	BP
GO:0046514	ceramide catabolic process	2	1	0.54	0.46807	1	BP
GO:0043374	CD8-positive, alpha-beta T cell differen...	2	1	0.54	0.46807	1	BP
GO:0002323	natural killer cell activation involved ...	2	1	0.54	0.46807	1	BP
GO:0043320	natural killer cell degranulation	2	1	0.54	0.46807	1	BP
GO:1905664	regulation of calcium ion import across ...	2	1	0.54	0.46807	1	BP
GO:1905665	positive regulation of calcium ion impor...	2	1	0.54	0.46807	1	BP
GO:0043313	regulation of neutrophil degranulation	2	1	0.54	0.46807	1	BP
GO:0050427	3'-phosphoadenosine 5'-phosphosulfate me...	2	1	0.54	0.46807	1	BP
GO:0002339	B cell selection	2	1	0.54	0.46807	1	BP
GO:0061890	positive regulation of astrocyte activat...	2	1	0.54	0.46807	1	BP
GO:0072216	positive regulation of metanephros devel...	2	1	0.54	0.46807	1	BP
GO:0010378	temperature compensation of the circadia...	2	1	0.54	0.46807	1	BP
GO:0030709	border follicle cell delamination	2	1	0.54	0.46807	1	BP
GO:0015727	lactate transport	2	1	0.54	0.46807	1	BP
GO:0061884	regulation of mini excitatory postsynapt...	2	1	0.54	0.46807	1	BP
GO:0061885	positive regulation of mini excitatory p...	2	1	0.54	0.46807	1	BP
GO:0061888	regulation of astrocyte activation	2	1	0.54	0.46807	1	BP
GO:0072201	negative regulation of mesenchymal cell ...	2	1	0.54	0.46807	1	BP
GO:0021767	mammillary body development	2	1	0.54	0.46807	1	BP
GO:0046671	negative regulation of retinal cell prog...	2	1	0.54	0.46807	1	BP
GO:0046673	negative regulation of compound eye reti...	2	1	0.54	0.46807	1	BP
GO:1905607	negative regulation of presynapse assemb...	2	1	0.54	0.46807	1	BP
GO:0007390	germ-band shortening	2	1	0.54	0.46807	1	BP
GO:1903961	positive regulation of anion transmembra...	2	1	0.54	0.46807	1	BP
GO:0120316	sperm flagellum assembly	2	1	0.54	0.46807	1	BP
GO:0002457	T cell antigen processing and presentati...	2	1	0.54	0.46807	1	BP
GO:1903929	primary palate development	2	1	0.54	0.46807	1	BP
GO:0007386	compartment pattern specification	2	1	0.54	0.46807	1	BP
GO:0048388	endosomal lumen acidification	2	1	0.54	0.46807	1	BP
GO:0002442	serotonin secretion involved in inflamma...	2	1	0.54	0.46807	1	BP
GO:1903935	response to sodium arsenite	2	1	0.54	0.46807	1	BP
GO:0017000	antibiotic biosynthetic process	2	1	0.54	0.46807	1	BP
GO:0007347	regulation of preblastoderm mitotic cell...	2	1	0.54	0.46807	1	BP
GO:0032275	luteinizing hormone secretion	2	1	0.54	0.46807	1	BP
GO:0032277	negative regulation of gonadotropin secr...	2	1	0.54	0.46807	1	BP
GO:0015888	thiamine transport	2	1	0.54	0.46807	1	BP
GO:0015871	choline transport	2	1	0.54	0.46807	1	BP
GO:0061552	ganglion morphogenesis	2	1	0.54	0.46807	1	BP
GO:1902177	positive regulation of oxidative stress-...	2	1	0.54	0.46807	1	BP
GO:0061577	calcium ion transmembrane transport via ...	2	1	0.54	0.46807	1	BP
GO:0007490	tergite morphogenesis	2	1	0.54	0.46807	1	BP
GO:0000719	photoreactive repair	2	1	0.54	0.46807	1	BP
GO:0048496	maintenance of animal organ identity	2	1	0.54	0.46807	1	BP
GO:0061549	sympathetic ganglion development	2	1	0.54	0.46807	1	BP
GO:0010193	response to ozone	2	1	0.54	0.46807	1	BP
GO:0030575	nuclear body organization	2	1	0.54	0.46807	1	BP
GO:0035983	response to trichostatin A	2	1	0.54	0.46807	1	BP
GO:0035984	cellular response to trichostatin A	2	1	0.54	0.46807	1	BP
GO:0035929	steroid hormone secretion	2	1	0.54	0.46807	1	BP
GO:1902262	apoptotic process involved in blood vess...	2	1	0.54	0.46807	1	BP
GO:0007436	larval salivary gland morphogenesis	2	1	0.54	0.46807	1	BP
GO:2000301	negative regulation of synaptic vesicle ...	2	1	0.54	0.46807	1	BP
GO:0043101	purine-containing compound salvage	2	1	0.54	0.46807	1	BP
GO:0045313	rhabdomere membrane biogenesis	2	1	0.54	0.46807	1	BP
GO:0045317	equator specification	2	1	0.54	0.46807	1	BP
GO:0061669	spontaneous neurotransmitter secretion	2	1	0.54	0.46807	1	BP
GO:0032725	positive regulation of granulocyte macro...	2	1	0.54	0.46807	1	BP
GO:0021594	rhombomere formation	2	1	0.54	0.46807	1	BP
GO:0035900	response to isolation stress	2	1	0.54	0.46807	1	BP
GO:0061622	glycolytic process through glucose-1-pho...	2	1	0.54	0.46807	1	BP
GO:0007196	adenylate cyclase-inhibiting G protein-c...	2	1	0.54	0.46807	1	BP
GO:0071073	positive regulation of phospholipid bios...	2	1	0.54	0.46807	1	BP
GO:1902236	negative regulation of endoplasmic retic...	2	1	0.54	0.46807	1	BP
GO:0021572	rhombomere 6 development	2	1	0.54	0.46807	1	BP
GO:0002281	macrophage activation involved in immune...	2	1	0.54	0.46807	1	BP
GO:0021578	hindbrain maturation	2	1	0.54	0.46807	1	BP
GO:0002225	positive regulation of antimicrobial pep...	2	1	0.54	0.46807	1	BP
GO:0032898	neurotrophin production	2	1	0.54	0.46807	1	BP
GO:0034035	purine ribonucleoside bisphosphate metab...	2	1	0.54	0.46807	1	BP
GO:0021534	cell proliferation in hindbrain	2	1	0.54	0.46807	1	BP
GO:0048170	positive regulation of long-term neurona...	2	1	0.54	0.46807	1	BP
GO:0002230	positive regulation of defense response ...	2	1	0.54	0.46807	1	BP
GO:0019087	transformation of host cell by virus	2	1	0.54	0.46807	1	BP
GO:0030643	cellular phosphate ion homeostasis	2	1	0.54	0.46807	1	BP
GO:0021502	neural fold elevation formation	2	1	0.54	0.46807	1	BP
GO:0010286	heat acclimation	2	1	0.54	0.46807	1	BP
GO:0048143	astrocyte activation	2	1	0.54	0.46807	1	BP
GO:1902769	regulation of choline O-acetyltransferas...	2	1	0.54	0.46807	1	BP
GO:0032888	regulation of mitotic spindle elongation	2	1	0.54	0.46807	1	BP
GO:0072537	fibroblast activation	2	1	0.54	0.46807	1	BP
GO:0015671	oxygen transport	2	1	0.54	0.46807	1	BP
GO:1905936	regulation of germ cell proliferation	2	1	0.54	0.46807	1	BP
GO:0032814	regulation of natural killer cell activa...	2	1	0.54	0.46807	1	BP
GO:1905938	positive regulation of germ cell prolife...	2	1	0.54	0.46807	1	BP
GO:0032816	positive regulation of natural killer ce...	2	1	0.54	0.46807	1	BP
GO:0052129	negative energy taxis	2	1	0.54	0.46807	1	BP
GO:0072501	cellular divalent inorganic anion homeos...	2	1	0.54	0.46807	1	BP
GO:0072502	cellular trivalent inorganic anion homeo...	2	1	0.54	0.46807	1	BP
GO:0046957	negative phototaxis	2	1	0.54	0.46807	1	BP
GO:0021654	rhombomere boundary formation	2	1	0.54	0.46807	1	BP
GO:0002760	positive regulation of antimicrobial hum...	2	1	0.54	0.46807	1	BP
GO:0007295	growth of a germarium-derived egg chambe...	2	1	0.54	0.46807	1	BP
GO:1902732	positive regulation of chondrocyte proli...	2	1	0.54	0.46807	1	BP
GO:0007299	ovarian follicle cell-cell adhesion	2	1	0.54	0.46807	1	BP
GO:0032803	regulation of low-density lipoprotein pa...	2	1	0.54	0.46807	1	BP
GO:0021678	third ventricle development	2	1	0.54	0.46807	1	BP
GO:0002784	regulation of antimicrobial peptide prod...	2	1	0.54	0.46807	1	BP
GO:0009304	tRNA transcription	2	1	0.54	0.46807	1	BP
GO:0021626	central nervous system maturation	2	1	0.54	0.46807	1	BP
GO:0045199	maintenance of epithelial cell apical/ba...	2	1	0.54	0.46807	1	BP
GO:0072660	maintenance of protein location in plasm...	2	1	0.54	0.46807	1	BP
GO:0021612	facial nerve structural organization	2	1	0.54	0.46807	1	BP
GO:0007252	I-kappaB phosphorylation	2	1	0.54	0.46807	1	BP
GO:0072658	maintenance of protein location in membr...	2	1	0.54	0.46807	1	BP
GO:0021648	vestibulocochlear nerve morphogenesis	2	1	0.54	0.46807	1	BP
GO:0007288	sperm axoneme assembly	2	1	0.54	0.46807	1	BP
GO:0002717	positive regulation of natural killer ce...	2	1	0.54	0.46807	1	BP
GO:0007270	neuron-neuron synaptic transmission	2	1	0.54	0.46807	1	BP
GO:0021636	trigeminal nerve morphogenesis	2	1	0.54	0.46807	1	BP
GO:1904048	regulation of spontaneous neurotransmitt...	2	1	0.54	0.46807	1	BP
GO:0007225	patched ligand maturation	2	1	0.54	0.46807	1	BP
GO:0010758	regulation of macrophage chemotaxis	2	1	0.54	0.46807	1	BP
GO:0048246	macrophage chemotaxis	2	1	0.54	0.46807	1	BP
GO:0048247	lymphocyte chemotaxis	2	1	0.54	0.46807	1	BP
GO:0090094	metanephric cap mesenchymal cell prolife...	2	1	0.54	0.46807	1	BP
GO:0090095	regulation of metanephric cap mesenchyma...	2	1	0.54	0.46807	1	BP
GO:0090096	positive regulation of metanephric cap m...	2	1	0.54	0.46807	1	BP
GO:0010710	regulation of collagen catabolic process	2	1	0.54	0.46807	1	BP
GO:0010716	negative regulation of extracellular mat...	2	1	0.54	0.46807	1	BP
GO:0010742	macrophage derived foam cell differentia...	2	1	0.54	0.46807	1	BP
GO:0010743	regulation of macrophage derived foam ce...	2	1	0.54	0.46807	1	BP
GO:0007206	phospholipase C-activating G protein-cou...	2	1	0.54	0.46807	1	BP
GO:0045136	development of secondary sexual characte...	2	1	0.54	0.46807	1	BP
GO:1902846	positive regulation of mitotic spindle e...	2	1	0.54	0.46807	1	BP
GO:1901098	positive regulation of autophagosome mat...	2	1	0.54	0.46807	1	BP
GO:0070989	oxidative demethylation	2	1	0.54	0.46807	1	BP
GO:0036091	positive regulation of transcription fro...	2	1	0.54	0.46807	1	BP
GO:0090025	regulation of monocyte chemotaxis	2	1	0.54	0.46807	1	BP
GO:2000257	regulation of protein activation cascade	2	1	0.54	0.46807	1	BP
GO:1902804	negative regulation of synaptic vesicle ...	2	1	0.54	0.46807	1	BP
GO:0010891	negative regulation of sequestering of t...	2	1	0.54	0.46807	1	BP
GO:0090037	positive regulation of protein kinase C ...	2	1	0.54	0.46807	1	BP
GO:0010897	negative regulation of triglyceride cata...	2	1	0.54	0.46807	1	BP
GO:0009193	pyrimidine ribonucleoside diphosphate me...	2	1	0.54	0.46807	1	BP
GO:1901029	negative regulation of mitochondrial out...	2	1	0.54	0.46807	1	BP
GO:0048711	positive regulation of astrocyte differe...	2	1	0.54	0.46807	1	BP
GO:0048714	positive regulation of oligodendrocyte d...	2	1	0.54	0.46807	1	BP
GO:1902563	regulation of neutrophil activation	2	1	0.54	0.46807	1	BP
GO:0010872	regulation of cholesterol esterification	2	1	0.54	0.46807	1	BP
GO:0010874	regulation of cholesterol efflux	2	1	0.54	0.46807	1	BP
GO:0036037	CD8-positive, alpha-beta T cell activati...	2	1	0.54	0.46807	1	BP
GO:0045213	neurotransmitter receptor metabolic proc...	2	1	0.54	0.46807	1	BP
GO:1902570	protein localization to nucleolus	2	1	0.54	0.46807	1	BP
GO:0032645	regulation of granulocyte macrophage col...	2	1	0.54	0.46807	1	BP
GO:1902510	regulation of apoptotic DNA fragmentatio...	2	1	0.54	0.46807	1	BP
GO:1902512	positive regulation of apoptotic DNA fra...	2	1	0.54	0.46807	1	BP
GO:1902514	regulation of calcium ion transmembrane ...	2	1	0.54	0.46807	1	BP
GO:0010839	negative regulation of keratinocyte prol...	2	1	0.54	0.46807	1	BP
GO:0034367	protein-containing complex remodeling	2	1	0.54	0.46807	1	BP
GO:0034368	protein-lipid complex remodeling	2	1	0.54	0.46807	1	BP
GO:0034369	plasma lipoprotein particle remodeling	2	1	0.54	0.46807	1	BP
GO:0071380	cellular response to prostaglandin E sti...	2	1	0.54	0.46807	1	BP
GO:0009138	pyrimidine nucleoside diphosphate metabo...	2	1	0.54	0.46807	1	BP
GO:0050691	regulation of defense response to virus ...	2	1	0.54	0.46807	1	BP
GO:0034384	high-density lipoprotein particle cleara...	2	1	0.54	0.46807	1	BP
GO:0071379	cellular response to prostaglandin stimu...	2	1	0.54	0.46807	1	BP
GO:0002554	serotonin secretion by platelet	2	1	0.54	0.46807	1	BP
GO:0034374	low-density lipoprotein particle remodel...	2	1	0.54	0.46807	1	BP
GO:0032604	granulocyte macrophage colony-stimulatin...	2	1	0.54	0.46807	1	BP
GO:0071313	cellular response to caffeine	2	1	0.54	0.46807	1	BP
GO:2000786	positive regulation of autophagosome ass...	2	1	0.54	0.46807	1	BP
GO:0050665	hydrogen peroxide biosynthetic process	2	1	0.54	0.46807	1	BP
GO:0071335	hair follicle cell proliferation	2	1	0.54	0.46807	1	BP
GO:2000721	positive regulation of transcription fro...	2	1	0.54	0.46807	1	BP
GO:0030974	thiamine pyrophosphate transmembrane tra...	2	1	0.54	0.46807	1	BP
GO:0060067	cervix development	2	1	0.54	0.46807	1	BP
GO:0043517	positive regulation of DNA damage respon...	2	1	0.54	0.46807	1	BP
GO:0002548	monocyte chemotaxis	2	1	0.54	0.46807	1	BP
GO:0060054	positive regulation of epithelial cell p...	2	1	0.54	0.46807	1	BP
GO:0060055	angiogenesis involved in wound healing	2	1	0.54	0.46807	1	BP
GO:0060059	embryonic retina morphogenesis in camera...	2	1	0.54	0.46807	1	BP
GO:0019388	galactose catabolic process	2	1	0.54	0.46807	1	BP
GO:0060080	inhibitory postsynaptic potential	2	1	0.54	0.46807	1	BP
GO:0045759	negative regulation of action potential	2	1	0.54	0.46807	1	BP
GO:0060087	relaxation of vascular associated smooth...	2	1	0.54	0.46807	1	BP
GO:0010559	regulation of glycoprotein biosynthetic ...	2	1	0.54	0.46807	1	BP
GO:0009265	2'-deoxyribonucleotide biosynthetic proc...	2	1	0.54	0.46807	1	BP
GO:0045779	negative regulation of bone resorption	2	1	0.54	0.46807	1	BP
GO:0060011	Sertoli cell proliferation	2	1	0.54	0.46807	1	BP
GO:0015988	energy coupled proton transmembrane tran...	2	1	0.54	0.46807	1	BP
GO:1902683	regulation of receptor localization to s...	2	1	0.54	0.46807	1	BP
GO:1902685	positive regulation of receptor localiza...	2	1	0.54	0.46807	1	BP
GO:0045741	positive regulation of epidermal growth ...	2	1	0.54	0.46807	1	BP
GO:0010511	regulation of phosphatidylinositol biosy...	2	1	0.54	0.46807	1	BP
GO:0010513	positive regulation of phosphatidylinosi...	2	1	0.54	0.46807	1	BP
GO:0009221	pyrimidine deoxyribonucleotide biosynthe...	2	1	0.54	0.46807	1	BP
GO:0060031	mediolateral intercalation	2	1	0.54	0.46807	1	BP
GO:0043691	reverse cholesterol transport	2	1	0.54	0.46807	1	BP
GO:0015919	peroxisomal membrane transport	2	1	0.54	0.46807	1	BP
GO:0034465	response to carbon monoxide	2	1	0.54	0.46807	1	BP
GO:0015939	pantothenate metabolic process	2	1	0.54	0.46807	1	BP
GO:0021985	neurohypophysis development	2	1	0.54	0.46807	1	BP
GO:0098719	sodium ion import across plasma membrane	2	1	0.54	0.46807	1	BP
GO:0080184	response to phenylpropanoid	2	1	0.54	0.46807	1	BP
GO:0021924	cell proliferation in external granule l...	2	1	0.54	0.46807	1	BP
GO:0014057	positive regulation of acetylcholine sec...	2	1	0.54	0.46807	1	BP
GO:0021940	positive regulation of cerebellar granul...	2	1	0.54	0.46807	1	BP
GO:0034433	steroid esterification	2	1	0.54	0.46807	1	BP
GO:0034434	sterol esterification	2	1	0.54	0.46807	1	BP
GO:0034435	cholesterol esterification	2	1	0.54	0.46807	1	BP
GO:0021930	cerebellar granule cell precursor prolif...	2	1	0.54	0.46807	1	BP
GO:0021936	regulation of cerebellar granule cell pr...	2	1	0.54	0.46807	1	BP
GO:0010663	positive regulation of striated muscle c...	2	1	0.54	0.46807	1	BP
GO:0010666	positive regulation of cardiac muscle ce...	2	1	0.54	0.46807	1	BP
GO:0010668	ectodermal cell differentiation	2	1	0.54	0.46807	1	BP
GO:2000831	regulation of steroid hormone secretion	2	1	0.54	0.46807	1	BP
GO:0048526	imaginal disc-derived wing expansion	2	1	0.54	0.46807	1	BP
GO:0045876	positive regulation of sister chromatid ...	2	1	0.54	0.46807	1	BP
GO:0014049	positive regulation of glutamate secreti...	2	1	0.54	0.46807	1	BP
GO:0007539	primary sex determination, soma	2	1	0.54	0.46807	1	BP
GO:0048535	lymph node development	2	1	0.54	0.46807	1	BP
GO:0010624	regulation of Schwann cell proliferation	2	1	0.54	0.46807	1	BP
GO:0010626	negative regulation of Schwann cell prol...	2	1	0.54	0.46807	1	BP
GO:0045819	positive regulation of glycogen cataboli...	2	1	0.54	0.46807	1	BP
GO:0014004	microglia differentiation	2	1	0.54	0.46807	1	BP
GO:0045837	negative regulation of membrane potentia...	2	1	0.54	0.46807	1	BP
GO:0010637	negative regulation of mitochondrial fus...	2	1	0.54	0.46807	1	BP
GO:0098877	neurotransmitter receptor transport to p...	2	1	0.54	0.46807	1	BP
GO:0098816	mini excitatory postsynaptic potential	2	1	0.54	0.46807	1	BP
GO:0048670	regulation of collateral sprouting	2	1	0.54	0.46807	1	BP
GO:0048671	negative regulation of collateral sprout...	2	1	0.54	0.46807	1	BP
GO:0048674	collateral sprouting of injured axon	2	1	0.54	0.46807	1	BP
GO:0036372	opsin transport	2	1	0.54	0.46807	1	BP
GO:0007625	grooming behavior	2	1	0.54	0.46807	1	BP
GO:0007629	flight behavior	2	1	0.54	0.46807	1	BP
GO:0048625	myoblast fate commitment	2	1	0.54	0.46807	1	BP
GO:0032965	regulation of collagen biosynthetic proc...	2	1	0.54	0.46807	1	BP
GO:0032968	positive regulation of transcription elo...	2	1	0.54	0.46807	1	BP
GO:0032957	inositol trisphosphate metabolic process	2	1	0.54	0.46807	1	BP
GO:0045577	regulation of B cell differentiation	2	1	0.54	0.46807	1	BP
GO:0045579	positive regulation of B cell differenti...	2	1	0.54	0.46807	1	BP
GO:0036343	psychomotor behavior	2	1	0.54	0.46807	1	BP
GO:0032988	ribonucleoprotein complex disassembly	2	1	0.54	0.46807	1	BP
GO:0097049	motor neuron apoptotic process	2	1	0.54	0.46807	1	BP
GO:1990440	positive regulation of transcription fro...	2	1	0.54	0.46807	1	BP
GO:0007604	phototransduction, UV	2	1	0.54	0.46807	1	BP
GO:0009838	abscission	2	1	0.54	0.46807	1	BP
GO:0071226	cellular response to molecule of fungal ...	2	1	0.54	0.46807	1	BP
GO:2000651	positive regulation of sodium ion transm...	2	1	0.54	0.46807	1	BP
GO:1904180	negative regulation of membrane depolari...	2	1	0.54	0.46807	1	BP
GO:0060396	growth hormone receptor signaling pathwa...	2	1	0.54	0.46807	1	BP
GO:0050960	detection of temperature stimulus involv...	2	1	0.54	0.46807	1	BP
GO:2000671	regulation of motor neuron apoptotic pro...	2	1	0.54	0.46807	1	BP
GO:0050968	detection of chemical stimulus involved ...	2	1	0.54	0.46807	1	BP
GO:2000675	negative regulation of type B pancreatic...	2	1	0.54	0.46807	1	BP
GO:0050957	equilibrioception	2	1	0.54	0.46807	1	BP
GO:2000622	regulation of nuclear-transcribed mRNA c...	2	1	0.54	0.46807	1	BP
GO:2000623	negative regulation of nuclear-transcrib...	2	1	0.54	0.46807	1	BP
GO:0060364	frontal suture morphogenesis	2	1	0.54	0.46807	1	BP
GO:0031118	rRNA pseudouridine synthesis	2	1	0.54	0.46807	1	BP
GO:1901423	response to benzene	2	1	0.54	0.46807	1	BP
GO:0090400	stress-induced premature senescence	2	1	0.54	0.46807	1	BP
GO:0045683	negative regulation of epidermis develop...	2	1	0.54	0.46807	1	BP
GO:0050916	sensory perception of sweet taste	2	1	0.54	0.46807	1	BP
GO:0060379	cardiac muscle cell myoblast differentia...	2	1	0.54	0.46807	1	BP
GO:0045671	negative regulation of osteoclast differ...	2	1	0.54	0.46807	1	BP
GO:0036438	maintenance of lens transparency	2	1	0.54	0.46807	1	BP
GO:0016075	rRNA catabolic process	2	1	0.54	0.46807	1	BP
GO:0016078	tRNA catabolic process	2	1	0.54	0.46807	1	BP
GO:0006361	transcription initiation at RNA polymera...	2	1	0.54	0.46807	1	BP
GO:0006363	termination of RNA polymerase I transcri...	2	1	0.54	0.46807	1	BP
GO:1904290	negative regulation of mitotic DNA damag...	2	1	0.54	0.46807	1	BP
GO:0045631	regulation of mechanoreceptor differenti...	2	1	0.54	0.46807	1	BP
GO:0060300	regulation of cytokine activity	2	1	0.54	0.46807	1	BP
GO:0006376	mRNA splice site selection	2	1	0.54	0.46807	1	BP
GO:1902947	regulation of tau-protein kinase activit...	2	1	0.54	0.46807	1	BP
GO:0006379	mRNA cleavage	2	1	0.54	0.46807	1	BP
GO:0016037	light absorption	2	1	0.54	0.46807	1	BP
GO:0016039	absorption of UV light	2	1	0.54	0.46807	1	BP
GO:0045605	negative regulation of epidermal cell di...	2	1	0.54	0.46807	1	BP
GO:1902938	regulation of intracellular calcium acti...	2	1	0.54	0.46807	1	BP
GO:0034721	histone H3-K4 demethylation, trimethyl-H...	2	1	0.54	0.46807	1	BP
GO:1904289	regulation of mitotic DNA damage checkpo...	2	1	0.54	0.46807	1	BP
GO:0090141	positive regulation of mitochondrial fis...	2	1	0.54	0.46807	1	BP
GO:0043970	histone H3-K9 acetylation	2	1	0.54	0.46807	1	BP
GO:0010998	regulation of translational initiation b...	2	1	0.54	0.46807	1	BP
GO:2001046	positive regulation of integrin-mediated...	2	1	0.54	0.46807	1	BP
GO:1990253	cellular response to leucine starvation	2	1	0.54	0.46807	1	BP
GO:0090296	regulation of mitochondrial DNA replicat...	2	1	0.54	0.46807	1	BP
GO:0090298	negative regulation of mitochondrial DNA...	2	1	0.54	0.46807	1	BP
GO:0010917	negative regulation of mitochondrial mem...	2	1	0.54	0.46807	1	BP
GO:0010918	positive regulation of mitochondrial mem...	2	1	0.54	0.46807	1	BP
GO:0099072	regulation of postsynaptic membrane neur...	2	1	0.54	0.46807	1	BP
GO:0071852	fungal-type cell wall organization or bi...	2	1	0.54	0.46807	1	BP
GO:0051490	negative regulation of filopodium assemb...	2	1	0.54	0.46807	1	BP
GO:1904753	negative regulation of vascular associat...	2	1	0.54	0.46807	1	BP
GO:0006418	tRNA aminoacylation for protein translat...	2	1	0.54	0.46807	1	BP
GO:0090240	positive regulation of histone H4 acetyl...	2	1	0.54	0.46807	1	BP
GO:0150020	basal dendrite arborization	2	1	0.54	0.46807	1	BP
GO:1904779	regulation of protein localization to ce...	2	1	0.54	0.46807	1	BP
GO:0150018	basal dendrite development	2	1	0.54	0.46807	1	BP
GO:0150019	basal dendrite morphogenesis	2	1	0.54	0.46807	1	BP
GO:0051410	detoxification of nitrogen compound	2	1	0.54	0.46807	1	BP
GO:0090209	negative regulation of triglyceride meta...	2	1	0.54	0.46807	1	BP
GO:0060123	regulation of growth hormone secretion	2	1	0.54	0.46807	1	BP
GO:0051409	response to nitrosative stress	2	1	0.54	0.46807	1	BP
GO:0060134	prepulse inhibition	2	1	0.54	0.46807	1	BP
GO:0006188	IMP biosynthetic process	2	1	0.54	0.46807	1	BP
GO:0006171	cAMP biosynthetic process	2	1	0.54	0.46807	1	BP
GO:0006123	mitochondrial electron transport, cytoch...	2	1	0.54	0.46807	1	BP
GO:1990709	presynaptic active zone organization	2	1	0.54	0.46807	1	BP
GO:2000969	positive regulation of AMPA receptor act...	2	1	0.54	0.46807	1	BP
GO:0033004	negative regulation of mast cell activat...	2	1	0.54	0.46807	1	BP
GO:0060290	transdifferentiation	2	1	0.54	0.46807	1	BP
GO:2000980	regulation of inner ear receptor cell di...	2	1	0.54	0.46807	1	BP
GO:0051152	positive regulation of smooth muscle cel...	2	1	0.54	0.46807	1	BP
GO:1904879	positive regulation of calcium ion trans...	2	1	0.54	0.46807	1	BP
GO:1904811	positive regulation of dense core granul...	2	1	0.54	0.46807	1	BP
GO:0045964	positive regulation of dopamine metaboli...	2	1	0.54	0.46807	1	BP
GO:1901724	positive regulation of cell proliferatio...	2	1	0.54	0.46807	1	BP
GO:0042790	nucleolar large rRNA transcription by RN...	2	1	0.54	0.46807	1	BP
GO:1901725	regulation of histone deacetylase activi...	2	1	0.54	0.46807	1	BP
GO:0042791	5S class rRNA transcription by RNA polym...	2	1	0.54	0.46807	1	BP
GO:0110028	positive regulation of mitotic spindle o...	2	1	0.54	0.46807	1	BP
GO:0045954	positive regulation of natural killer ce...	2	1	0.54	0.46807	1	BP
GO:0042797	tRNA transcription by RNA polymerase III	2	1	0.54	0.46807	1	BP
GO:1990859	cellular response to endothelin	2	1	0.54	0.46807	1	BP
GO:1904809	regulation of dense core granule transpo...	2	1	0.54	0.46807	1	BP
GO:0042756	drinking behavior	2	1	0.54	0.46807	1	BP
GO:0045915	positive regulation of catecholamine met...	2	1	0.54	0.46807	1	BP
GO:0035592	establishment of protein localization to...	108	30	29.22	0.46948	1	BP
GO:0009306	protein secretion	108	30	29.22	0.46948	1	BP
GO:0042542	response to hydrogen peroxide	31	9	8.39	0.46972	1	BP
GO:0006661	phosphatidylinositol biosynthetic proces...	31	9	8.39	0.46972	1	BP
GO:0006643	membrane lipid metabolic process	31	9	8.39	0.46972	1	BP
GO:0007173	epidermal growth factor receptor signali...	31	9	8.39	0.46972	1	BP
GO:0019058	viral life cycle	31	9	8.39	0.46972	1	BP
GO:0016052	carbohydrate catabolic process	31	9	8.39	0.46972	1	BP
GO:0060326	cell chemotaxis	31	9	8.39	0.46972	1	BP
GO:1901216	positive regulation of neuron death	31	9	8.39	0.46972	1	BP
GO:0033036	macromolecule localization	469	128	126.91	0.47009	1	BP
GO:0003205	cardiac chamber development	42	12	11.36	0.47079	1	BP
GO:0072522	purine-containing compound biosynthetic ...	42	12	11.36	0.47079	1	BP
GO:0006164	purine nucleotide biosynthetic process	42	12	11.36	0.47079	1	BP
GO:0007476	imaginal disc-derived wing morphogenesis	64	18	17.32	0.47108	1	BP
GO:0050678	regulation of epithelial cell proliferat...	53	15	14.34	0.47112	1	BP
GO:0043547	positive regulation of GTPase activity	53	15	14.34	0.47112	1	BP
GO:0021953	central nervous system neuron differenti...	53	15	14.34	0.47112	1	BP
GO:0048519	negative regulation of biological proces...	809	232	218.91	0.4725	1	BP
GO:0035966	response to topologically incorrect prot...	38	18	10.28	0.47258	1	BP
GO:0006725	cellular aromatic compound metabolic pro...	820	223	221.89	0.47445	1	BP
GO:0097553	calcium ion transmembrane import into cy...	34	14	9.2	0.47521	1	BP
GO:0050806	positive regulation of synaptic transmis...	34	14	9.2	0.47521	1	BP
GO:0060402	calcium ion transport into cytosol	34	14	9.2	0.47521	1	BP
GO:0002696	positive regulation of leukocyte activat...	32	13	8.66	0.47625	1	BP
GO:0065009	regulation of molecular function	416	121	112.57	0.47651	1	BP
GO:0010243	response to organonitrogen compound	218	69	58.99	0.47695	1	BP
GO:0002064	epithelial cell development	101	28	27.33	0.47811	1	BP
GO:0048639	positive regulation of developmental gro...	79	22	21.38	0.48003	1	BP
GO:0009056	catabolic process	384	118	103.91	0.48162	1	BP
GO:0009913	epidermal cell differentiation	57	16	15.42	0.48205	1	BP
GO:0048731	system development	854	232	231.09	0.48281	1	BP
GO:0040014	regulation of multicellular organism gro...	46	13	12.45	0.48308	1	BP
GO:0060359	response to ammonium ion	46	13	12.45	0.48308	1	BP
GO:1902749	regulation of cell cycle G2/M phase tran...	35	10	9.47	0.48406	1	BP
GO:0006352	DNA-templated transcription initiation	35	10	9.47	0.48406	1	BP
GO:0043408	regulation of MAPK cascade	116	32	31.39	0.48464	1	BP
GO:0044060	regulation of endocrine process	13	4	3.52	0.48475	1	BP
GO:0090559	regulation of membrane permeability	13	4	3.52	0.48475	1	BP
GO:0001569	branching involved in blood vessel morph...	13	4	3.52	0.48475	1	BP
GO:0006801	superoxide metabolic process	13	4	3.52	0.48475	1	BP
GO:0055057	neuroblast division	13	4	3.52	0.48475	1	BP
GO:1903727	positive regulation of phospholipid meta...	13	4	3.52	0.48475	1	BP
GO:0035214	eye-antennal disc development	13	4	3.52	0.48475	1	BP
GO:0044784	metaphase/anaphase transition of cell cy...	13	4	3.52	0.48475	1	BP
GO:0006904	vesicle docking involved in exocytosis	13	4	3.52	0.48475	1	BP
GO:0032350	regulation of hormone metabolic process	13	4	3.52	0.48475	1	BP
GO:1905818	regulation of chromosome separation	13	4	3.52	0.48475	1	BP
GO:0046888	negative regulation of hormone secretion	13	4	3.52	0.48475	1	BP
GO:0070830	bicellular tight junction assembly	13	4	3.52	0.48475	1	BP
GO:1903998	regulation of eating behavior	13	4	3.52	0.48475	1	BP
GO:0043407	negative regulation of MAP kinase activi...	13	4	3.52	0.48475	1	BP
GO:1902106	negative regulation of leukocyte differe...	13	4	3.52	0.48475	1	BP
GO:0030537	larval behavior	13	4	3.52	0.48475	1	BP
GO:0021522	spinal cord motor neuron differentiation	13	4	3.52	0.48475	1	BP
GO:0050850	positive regulation of calcium-mediated ...	13	4	3.52	0.48475	1	BP
GO:1904029	regulation of cyclin-dependent protein k...	13	4	3.52	0.48475	1	BP
GO:0048793	pronephros development	13	4	3.52	0.48475	1	BP
GO:0032640	tumor necrosis factor production	13	4	3.52	0.48475	1	BP
GO:0043551	regulation of phosphatidylinositol 3-kin...	13	4	3.52	0.48475	1	BP
GO:0060071	Wnt signaling pathway, planar cell polar...	13	4	3.52	0.48475	1	BP
GO:1904398	positive regulation of neuromuscular jun...	13	4	3.52	0.48475	1	BP
GO:0015914	phospholipid transport	13	4	3.52	0.48475	1	BP
GO:0014066	regulation of phosphatidylinositol 3-kin...	13	4	3.52	0.48475	1	BP
GO:0045887	positive regulation of synaptic assembly...	13	4	3.52	0.48475	1	BP
GO:0014016	neuroblast differentiation	13	4	3.52	0.48475	1	BP
GO:0050975	sensory perception of touch	13	4	3.52	0.48475	1	BP
GO:0036445	neuronal stem cell division	13	4	3.52	0.48475	1	BP
GO:2001021	negative regulation of response to DNA d...	13	4	3.52	0.48475	1	BP
GO:0071706	tumor necrosis factor superfamily cytoki...	13	4	3.52	0.48475	1	BP
GO:0006400	tRNA modification	13	4	3.52	0.48475	1	BP
GO:0022408	negative regulation of cell-cell adhesio...	24	7	6.49	0.48487	1	BP
GO:0043627	response to estrogen	24	7	6.49	0.48487	1	BP
GO:1902904	negative regulation of supramolecular fi...	24	7	6.49	0.48487	1	BP
GO:0060411	cardiac septum morphogenesis	24	7	6.49	0.48487	1	BP
GO:0048523	negative regulation of cellular process	745	215	201.59	0.48569	1	BP
GO:0048511	rhythmic process	79	29	21.38	0.48632	1	BP
GO:0031669	cellular response to nutrient levels	56	25	15.15	0.48658	1	BP
GO:0045666	positive regulation of neuron differenti...	94	26	25.44	0.48731	1	BP
GO:0010942	positive regulation of cell death	142	39	38.42	0.48894	1	BP
GO:0043270	positive regulation of ion transport	57	25	15.42	0.48917	1	BP
GO:0009059	macromolecule biosynthetic process	651	185	176.16	0.48962	1	BP
GO:0072359	circulatory system development	190	52	51.41	0.48978	1	BP
GO:0032103	positive regulation of response to exter...	72	20	19.48	0.49044	1	BP
GO:0070997	neuron death	85	30	23	0.49089	1	BP
GO:0001745	compound eye morphogenesis	61	17	16.51	0.49226	1	BP
GO:0050673	epithelial cell proliferation	61	17	16.51	0.49226	1	BP
GO:0042692	muscle cell differentiation	109	30	29.49	0.49348	1	BP
GO:0071692	protein localization to extracellular re...	109	30	29.49	0.49348	1	BP
GO:0043406	positive regulation of MAP kinase activi...	50	14	13.53	0.49436	1	BP
GO:0034641	cellular nitrogen compound metabolic pro...	879	252	237.85	0.49471	1	BP
GO:0071705	nitrogen compound transport	338	92	91.46	0.49518	1	BP
GO:0048585	negative regulation of response to stimu...	279	76	75.5	0.49655	1	BP
GO:1904064	positive regulation of cation transmembr...	27	12	7.31	0.49666	1	BP
GO:1903507	negative regulation of nucleic acid-temp...	231	63	62.51	0.49675	1	BP
GO:1902679	negative regulation of RNA biosynthetic ...	231	63	62.51	0.49675	1	BP
GO:0001649	osteoblast differentiation	39	11	10.55	0.49687	1	BP
GO:2001234	negative regulation of apoptotic signali...	39	11	10.55	0.49687	1	BP
GO:0009152	purine ribonucleotide biosynthetic proce...	39	11	10.55	0.49687	1	BP
GO:0010634	positive regulation of epithelial cell m...	39	11	10.55	0.49687	1	BP
GO:0007346	regulation of mitotic cell cycle	135	37	36.53	0.4971	1	BP
GO:0007411	axon guidance	124	34	33.55	0.49886	1	BP
GO:0002682	regulation of immune system process	166	50	44.92	0.49892	1	BP
GO:0045934	negative regulation of nucleobase-contai...	257	70	69.54	0.49914	1	BP
GO:0051222	positive regulation of protein transport	76	21	20.57	0.49936	1	BP
GO:0048469	cell maturation	76	21	20.57	0.49936	1	BP
GO:0040008	regulation of growth	209	57	56.55	0.49957	1	BP
GO:0008064	regulation of actin polymerization or de...	28	8	7.58	0.5001	1	BP
GO:0016573	histone acetylation	28	8	7.58	0.5001	1	BP
GO:0030832	regulation of actin filament length	28	8	7.58	0.5001	1	BP
GO:0048659	smooth muscle cell proliferation	28	8	7.58	0.5001	1	BP
GO:0010817	regulation of hormone levels	113	31	30.58	0.50077	1	BP
GO:0090068	positive regulation of cell cycle proces...	65	18	17.59	0.50185	1	BP
GO:0006914	autophagy	81	30	21.92	0.50279	1	BP
GO:0061919	process utilizing autophagic mechanism	81	30	21.92	0.50279	1	BP
GO:0060537	muscle tissue development	102	28	27.6	0.50287	1	BP
GO:0032940	secretion by cell	242	71	65.48	0.50392	1	BP
GO:0051781	positive regulation of cell division	17	5	4.6	0.50481	1	BP
GO:0090630	activation of GTPase activity	17	5	4.6	0.50481	1	BP
GO:0042693	muscle cell fate commitment	17	5	4.6	0.50481	1	BP
GO:0043488	regulation of mRNA stability	17	5	4.6	0.50481	1	BP
GO:0043244	regulation of protein-containing complex...	17	5	4.6	0.50481	1	BP
GO:0048103	somatic stem cell division	17	5	4.6	0.50481	1	BP
GO:0042098	T cell proliferation	17	5	4.6	0.50481	1	BP
GO:0002526	acute inflammatory response	17	5	4.6	0.50481	1	BP
GO:0045746	negative regulation of Notch signaling p...	17	5	4.6	0.50481	1	BP
GO:2001023	regulation of response to drug	17	5	4.6	0.50481	1	BP
GO:0060443	mammary gland morphogenesis	17	5	4.6	0.50481	1	BP
GO:0006869	lipid transport	54	15	14.61	0.50481	1	BP
GO:1903131	mononuclear cell differentiation	54	15	14.61	0.50481	1	BP
GO:0002165	instar larval or pupal development	128	35	34.64	0.50566	1	BP
GO:1901700	response to oxygen-containing compound	320	93	86.59	0.50776	1	BP
GO:0044770	cell cycle phase transition	117	32	31.66	0.50783	1	BP
GO:0048232	male gamete generation	117	32	31.66	0.50783	1	BP
GO:0010631	epithelial cell migration	80	22	21.65	0.50784	1	BP
GO:0071375	cellular response to peptide hormone sti...	77	24	20.84	0.50802	1	BP
GO:0042472	inner ear morphogenesis	43	12	11.64	0.50847	1	BP
GO:1904385	cellular response to angiotensin	10	6	2.71	0.51104	1	BP
GO:0001775	cell activation	167	49	45.19	0.51143	1	BP
GO:0051172	negative regulation of nitrogen compound...	363	104	98.23	0.51242	1	BP
GO:0140352	export from cell	250	73	67.65	0.51289	1	BP
GO:0038127	ERBB signaling pathway	32	9	8.66	0.51334	1	BP
GO:0050817	coagulation	32	9	8.66	0.51334	1	BP
GO:0007596	blood coagulation	32	9	8.66	0.51334	1	BP
GO:0007599	hemostasis	32	9	8.66	0.51334	1	BP
GO:0002429	immune response-activating cell surface ...	27	11	7.31	0.51363	1	BP
GO:0003015	heart process	57	30	15.42	0.51421	1	BP
GO:0003091	renal water homeostasis	6	2	1.62	0.5144	1	BP
GO:0045906	negative regulation of vasoconstriction	6	2	1.62	0.5144	1	BP
GO:0003071	renal system process involved in regulat...	6	2	1.62	0.5144	1	BP
GO:0031579	membrane raft organization	6	2	1.62	0.5144	1	BP
GO:0006760	folic acid-containing compound metabolic...	6	2	1.62	0.5144	1	BP
GO:0035065	regulation of histone acetylation	6	2	1.62	0.5144	1	BP
GO:0051780	behavioral response to nutrient	6	2	1.62	0.5144	1	BP
GO:0060872	semicircular canal development	6	2	1.62	0.5144	1	BP
GO:0097201	negative regulation of transcription fro...	6	2	1.62	0.5144	1	BP
GO:0016139	glycoside catabolic process	6	2	1.62	0.5144	1	BP
GO:0062208	positive regulation of pattern recogniti...	6	2	1.62	0.5144	1	BP
GO:0046058	cAMP metabolic process	6	2	1.62	0.5144	1	BP
GO:0060573	cell fate specification involved in patt...	6	2	1.62	0.5144	1	BP
GO:0016226	iron-sulfur cluster assembly	6	2	1.62	0.5144	1	BP
GO:0006541	glutamine metabolic process	6	2	1.62	0.5144	1	BP
GO:0006534	cysteine metabolic process	6	2	1.62	0.5144	1	BP
GO:0006677	glycosylceramide metabolic process	6	2	1.62	0.5144	1	BP
GO:0061074	regulation of neural retina development	6	2	1.62	0.5144	1	BP
GO:0051642	centrosome localization	6	2	1.62	0.5144	1	BP
GO:1901976	regulation of cell cycle checkpoint	6	2	1.62	0.5144	1	BP
GO:1900073	regulation of neuromuscular synaptic tra...	6	2	1.62	0.5144	1	BP
GO:1900026	positive regulation of substrate adhesio...	6	2	1.62	0.5144	1	BP
GO:0046461	neutral lipid catabolic process	6	2	1.62	0.5144	1	BP
GO:0046464	acylglycerol catabolic process	6	2	1.62	0.5144	1	BP
GO:0008293	torso signaling pathway	6	2	1.62	0.5144	1	BP
GO:0035223	leg disc pattern formation	6	2	1.62	0.5144	1	BP
GO:0030322	stabilization of membrane potential	6	2	1.62	0.5144	1	BP
GO:0140353	lipid export from cell	6	2	1.62	0.5144	1	BP
GO:0033631	cell-cell adhesion mediated by integrin	6	2	1.62	0.5144	1	BP
GO:0035844	cloaca development	6	2	1.62	0.5144	1	BP
GO:0007099	centriole replication	6	2	1.62	0.5144	1	BP
GO:0007063	regulation of sister chromatid cohesion	6	2	1.62	0.5144	1	BP
GO:0007080	mitotic metaphase plate congression	6	2	1.62	0.5144	1	BP
GO:0061101	neuroendocrine cell differentiation	6	2	1.62	0.5144	1	BP
GO:0046898	response to cycloheximide	6	2	1.62	0.5144	1	BP
GO:0032370	positive regulation of lipid transport	6	2	1.62	0.5144	1	BP
GO:0140115	export across plasma membrane	6	2	1.62	0.5144	1	BP
GO:0030101	natural killer cell activation	6	2	1.62	0.5144	1	BP
GO:0007007	inner mitochondrial membrane organizatio...	6	2	1.62	0.5144	1	BP
GO:0000413	protein peptidyl-prolyl isomerization	6	2	1.62	0.5144	1	BP
GO:0030224	monocyte differentiation	6	2	1.62	0.5144	1	BP
GO:0046513	ceramide biosynthetic process	6	2	1.62	0.5144	1	BP
GO:0043300	regulation of leukocyte degranulation	6	2	1.62	0.5144	1	BP
GO:0021794	thalamus development	6	2	1.62	0.5144	1	BP
GO:0043496	regulation of protein homodimerization a...	6	2	1.62	0.5144	1	BP
GO:0000245	spliceosomal complex assembly	6	2	1.62	0.5144	1	BP
GO:0061842	microtubule organizing center localizati...	6	2	1.62	0.5144	1	BP
GO:0030851	granulocyte differentiation	6	2	1.62	0.5144	1	BP
GO:0046635	positive regulation of alpha-beta T cell...	6	2	1.62	0.5144	1	BP
GO:0046638	positive regulation of alpha-beta T cell...	6	2	1.62	0.5144	1	BP
GO:0007320	insemination	6	2	1.62	0.5144	1	BP
GO:0048485	sympathetic nervous system development	6	2	1.62	0.5144	1	BP
GO:0061614	miRNA transcription	6	2	1.62	0.5144	1	BP
GO:0048194	Golgi vesicle budding	6	2	1.62	0.5144	1	BP
GO:0021546	rhombomere development	6	2	1.62	0.5144	1	BP
GO:0009395	phospholipid catabolic process	6	2	1.62	0.5144	1	BP
GO:0021535	cell migration in hindbrain	6	2	1.62	0.5144	1	BP
GO:0007176	regulation of epidermal growth factor-ac...	6	2	1.62	0.5144	1	BP
GO:0072531	pyrimidine-containing compound transmemb...	6	2	1.62	0.5144	1	BP
GO:0009310	amine catabolic process	6	2	1.62	0.5144	1	BP
GO:0021681	cerebellar granular layer development	6	2	1.62	0.5144	1	BP
GO:0048261	negative regulation of receptor-mediated...	6	2	1.62	0.5144	1	BP
GO:0050881	musculoskeletal movement	6	2	1.62	0.5144	1	BP
GO:0021631	optic nerve morphogenesis	6	2	1.62	0.5144	1	BP
GO:1904036	negative regulation of epithelial cell a...	6	2	1.62	0.5144	1	BP
GO:0072678	T cell migration	6	2	1.62	0.5144	1	BP
GO:1902866	regulation of retina development in came...	6	2	1.62	0.5144	1	BP
GO:1902855	regulation of non-motile cilium assembly	6	2	1.62	0.5144	1	BP
GO:0090084	negative regulation of inclusion body as...	6	2	1.62	0.5144	1	BP
GO:0010893	positive regulation of steroid biosynthe...	6	2	1.62	0.5144	1	BP
GO:0090036	regulation of protein kinase C signaling	6	2	1.62	0.5144	1	BP
GO:0009190	cyclic nucleotide biosynthetic process	6	2	1.62	0.5144	1	BP
GO:0010866	regulation of triglyceride biosynthetic ...	6	2	1.62	0.5144	1	BP
GO:1901018	positive regulation of potassium ion tra...	6	2	1.62	0.5144	1	BP
GO:0010884	positive regulation of lipid storage	6	2	1.62	0.5144	1	BP
GO:0010888	negative regulation of lipid storage	6	2	1.62	0.5144	1	BP
GO:0061912	selective autophagy	6	2	1.62	0.5144	1	BP
GO:0042045	epithelial fluid transport	6	2	1.62	0.5144	1	BP
GO:0071377	cellular response to glucagon stimulus	6	2	1.62	0.5144	1	BP
GO:0034331	cell junction maintenance	6	2	1.62	0.5144	1	BP
GO:0043516	regulation of DNA damage response, signa...	6	2	1.62	0.5144	1	BP
GO:0060081	membrane hyperpolarization	6	2	1.62	0.5144	1	BP
GO:0019377	glycolipid catabolic process	6	2	1.62	0.5144	1	BP
GO:0030947	regulation of vascular endothelial growt...	6	2	1.62	0.5144	1	BP
GO:0002690	positive regulation of leukocyte chemota...	6	2	1.62	0.5144	1	BP
GO:0048800	antennal morphogenesis	6	2	1.62	0.5144	1	BP
GO:0021978	telencephalon regionalization	6	2	1.62	0.5144	1	BP
GO:1904376	negative regulation of protein localizat...	6	2	1.62	0.5144	1	BP
GO:0010661	positive regulation of muscle cell apopt...	6	2	1.62	0.5144	1	BP
GO:0051044	positive regulation of membrane protein ...	6	2	1.62	0.5144	1	BP
GO:0034123	positive regulation of toll-like recepto...	6	2	1.62	0.5144	1	BP
GO:0007620	copulation	6	2	1.62	0.5144	1	BP
GO:0045581	negative regulation of T cell differenti...	6	2	1.62	0.5144	1	BP
GO:0052652	cyclic purine nucleotide metabolic proce...	6	2	1.62	0.5144	1	BP
GO:0007637	proboscis extension reflex	6	2	1.62	0.5144	1	BP
GO:0071286	cellular response to magnesium ion	6	2	1.62	0.5144	1	BP
GO:0050995	negative regulation of lipid catabolic p...	6	2	1.62	0.5144	1	BP
GO:0031163	metallo-sulfur cluster assembly	6	2	1.62	0.5144	1	BP
GO:0036498	IRE1-mediated unfolded protein response	6	2	1.62	0.5144	1	BP
GO:0098534	centriole assembly	6	2	1.62	0.5144	1	BP
GO:0071243	cellular response to arsenic-containing ...	6	2	1.62	0.5144	1	BP
GO:0042304	regulation of fatty acid biosynthetic pr...	6	2	1.62	0.5144	1	BP
GO:0034243	regulation of transcription elongation b...	6	2	1.62	0.5144	1	BP
GO:0060325	face morphogenesis	6	2	1.62	0.5144	1	BP
GO:0045620	negative regulation of lymphocyte differ...	6	2	1.62	0.5144	1	BP
GO:1904262	negative regulation of TORC1 signaling	6	2	1.62	0.5144	1	BP
GO:0060413	atrial septum morphogenesis	6	2	1.62	0.5144	1	BP
GO:0090208	positive regulation of triglyceride meta...	6	2	1.62	0.5144	1	BP
GO:0071548	response to dexamethasone	6	2	1.62	0.5144	1	BP
GO:0097475	motor neuron migration	6	2	1.62	0.5144	1	BP
GO:0045987	positive regulation of smooth muscle con...	6	2	1.62	0.5144	1	BP
GO:0060216	definitive hemopoiesis	6	2	1.62	0.5144	1	BP
GO:0045940	positive regulation of steroid metabolic...	6	2	1.62	0.5144	1	BP
GO:0007219	Notch signaling pathway	58	16	15.69	0.51454	1	BP
GO:0043410	positive regulation of MAPK cascade	84	23	22.73	0.51594	1	BP
GO:0045165	cell fate commitment	147	40	39.78	0.51629	1	BP
GO:0036211	protein modification process	564	165	152.62	0.51657	1	BP
GO:0070482	response to oxygen levels	86	36	23.27	0.51671	1	BP
GO:0051701	biological process involved in interacti...	21	6	5.68	0.52071	1	BP
GO:0001570	vasculogenesis	21	6	5.68	0.52071	1	BP
GO:1900006	positive regulation of dendrite developm...	21	6	5.68	0.52071	1	BP
GO:0046165	alcohol biosynthetic process	21	6	5.68	0.52071	1	BP
GO:0035567	non-canonical Wnt signaling pathway	21	6	5.68	0.52071	1	BP
GO:0030856	regulation of epithelial cell differenti...	21	6	5.68	0.52071	1	BP
GO:0043200	response to amino acid	21	6	5.68	0.52071	1	BP
GO:0071300	cellular response to retinoic acid	21	6	5.68	0.52071	1	BP
GO:0043500	muscle adaptation	21	6	5.68	0.52071	1	BP
GO:2001056	positive regulation of cysteine-type end...	21	6	5.68	0.52071	1	BP
GO:0060119	inner ear receptor cell development	21	6	5.68	0.52071	1	BP
GO:0097485	neuron projection guidance	125	34	33.82	0.52131	1	BP
GO:0051173	positive regulation of nitrogen compound...	478	138	129.34	0.52146	1	BP
GO:0019439	aromatic compound catabolic process	88	24	23.81	0.52369	1	BP
GO:0001736	establishment of planar polarity	36	10	9.74	0.5251	1	BP
GO:0032355	response to estradiol	36	10	9.74	0.5251	1	BP
GO:0007164	establishment of tissue polarity	36	10	9.74	0.5251	1	BP
GO:0050727	regulation of inflammatory response	36	10	9.74	0.5251	1	BP
GO:0010770	positive regulation of cell morphogenesi...	36	10	9.74	0.5251	1	BP
GO:0050679	positive regulation of epithelial cell p...	36	10	9.74	0.5251	1	BP
GO:0021987	cerebral cortex development	36	10	9.74	0.5251	1	BP
GO:0006473	protein acetylation	36	10	9.74	0.5251	1	BP
GO:0050867	positive regulation of cell activation	33	13	8.93	0.52527	1	BP
GO:0045892	negative regulation of DNA-templated tra...	229	62	61.97	0.52565	1	BP
GO:0009607	response to biotic stimulus	192	52	51.95	0.52671	1	BP
GO:0120036	plasma membrane bounded cell projection ...	371	104	100.39	0.52714	1	BP
GO:1904951	positive regulation of establishment of ...	77	21	20.84	0.5276	1	BP
GO:0010876	lipid localization	77	21	20.84	0.5276	1	BP
GO:0046395	carboxylic acid catabolic process	51	14	13.8	0.52888	1	BP
GO:0016054	organic acid catabolic process	51	14	13.8	0.52888	1	BP
GO:0050807	regulation of synapse organization	67	23	18.13	0.52957	1	BP
GO:0060249	anatomical structure homeostasis	92	25	24.89	0.53111	1	BP
GO:0043412	macromolecule modification	592	172	160.19	0.53212	1	BP
GO:0010628	positive regulation of gene expression	348	94	94.17	0.53264	1	BP
GO:0046849	bone remodeling	25	7	6.76	0.53401	1	BP
GO:0042051	compound eye photoreceptor development	25	7	6.76	0.53401	1	BP
GO:0006367	transcription initiation at RNA polymera...	25	7	6.76	0.53401	1	BP
GO:0007444	imaginal disc development	133	36	35.99	0.53402	1	BP
GO:0055085	transmembrane transport	264	79	71.44	0.53432	1	BP
GO:0042773	ATP synthesis coupled electron transport	10	3	2.71	0.53555	1	BP
GO:0042775	mitochondrial ATP synthesis coupled elec...	10	3	2.71	0.53555	1	BP
GO:0006278	RNA-templated DNA biosynthetic process	10	3	2.71	0.53555	1	BP
GO:0001702	gastrulation with mouth forming second	10	3	2.71	0.53555	1	BP
GO:1901658	glycosyl compound catabolic process	10	3	2.71	0.53555	1	BP
GO:0044380	protein localization to cytoskeleton	10	3	2.71	0.53555	1	BP
GO:0006658	phosphatidylserine metabolic process	10	3	2.71	0.53555	1	BP
GO:0055078	sodium ion homeostasis	10	3	2.71	0.53555	1	BP
GO:0035306	positive regulation of dephosphorylation	10	3	2.71	0.53555	1	BP
GO:0061014	positive regulation of mRNA catabolic pr...	10	3	2.71	0.53555	1	BP
GO:0001990	regulation of systemic arterial blood pr...	10	3	2.71	0.53555	1	BP
GO:0001964	startle response	10	3	2.71	0.53555	1	BP
GO:0060964	regulation of miRNA-mediated gene silenc...	10	3	2.71	0.53555	1	BP
GO:0032088	negative regulation of NF-kappaB transcr...	10	3	2.71	0.53555	1	BP
GO:0032026	response to magnesium ion	10	3	2.71	0.53555	1	BP
GO:0046164	alcohol catabolic process	10	3	2.71	0.53555	1	BP
GO:1900368	regulation of post-transcriptional gene ...	10	3	2.71	0.53555	1	BP
GO:0061157	mRNA destabilization	10	3	2.71	0.53555	1	BP
GO:0007091	metaphase/anaphase transition of mitotic...	10	3	2.71	0.53555	1	BP
GO:0030168	platelet activation	10	3	2.71	0.53555	1	BP
GO:0120033	negative regulation of plasma membrane b...	10	3	2.71	0.53555	1	BP
GO:1905881	positive regulation of oogenesis	10	3	2.71	0.53555	1	BP
GO:0030148	sphingolipid biosynthetic process	10	3	2.71	0.53555	1	BP
GO:0007004	telomere maintenance via telomerase	10	3	2.71	0.53555	1	BP
GO:0000470	maturation of LSU-rRNA	10	3	2.71	0.53555	1	BP
GO:0046503	glycerolipid catabolic process	10	3	2.71	0.53555	1	BP
GO:0046634	regulation of alpha-beta T cell activati...	10	3	2.71	0.53555	1	BP
GO:0007474	imaginal disc-derived wing vein specific...	10	3	2.71	0.53555	1	BP
GO:0048190	wing disc dorsal/ventral pattern formati...	10	3	2.71	0.53555	1	BP
GO:0072553	terminal button organization	10	3	2.71	0.53555	1	BP
GO:0050779	RNA destabilization	10	3	2.71	0.53555	1	BP
GO:1900544	positive regulation of purine nucleotide...	10	3	2.71	0.53555	1	BP
GO:0050891	multicellular organismal water homeostas...	10	3	2.71	0.53555	1	BP
GO:2000144	positive regulation of DNA-templated tra...	10	3	2.71	0.53555	1	BP
GO:0072676	lymphocyte migration	10	3	2.71	0.53555	1	BP
GO:0010765	positive regulation of sodium ion transp...	10	3	2.71	0.53555	1	BP
GO:0018996	molting cycle, collagen and cuticulin-ba...	10	3	2.71	0.53555	1	BP
GO:0030952	establishment or maintenance of cytoskel...	10	3	2.71	0.53555	1	BP
GO:0048841	regulation of axon extension involved in...	10	3	2.71	0.53555	1	BP
GO:0060025	regulation of synaptic activity	10	3	2.71	0.53555	1	BP
GO:0045724	positive regulation of cilium assembly	10	3	2.71	0.53555	1	BP
GO:0010517	regulation of phospholipase activity	10	3	2.71	0.53555	1	BP
GO:0010518	positive regulation of phospholipase act...	10	3	2.71	0.53555	1	BP
GO:0045739	positive regulation of DNA repair	10	3	2.71	0.53555	1	BP
GO:0002687	positive regulation of leukocyte migrati...	10	3	2.71	0.53555	1	BP
GO:0045840	positive regulation of mitotic nuclear d...	10	3	2.71	0.53555	1	BP
GO:0034121	regulation of toll-like receptor signali...	10	3	2.71	0.53555	1	BP
GO:0060395	SMAD protein signal transduction	10	3	2.71	0.53555	1	BP
GO:0031111	negative regulation of microtubule polym...	10	3	2.71	0.53555	1	BP
GO:0060324	face development	10	3	2.71	0.53555	1	BP
GO:0042430	indole-containing compound metabolic pro...	10	3	2.71	0.53555	1	BP
GO:0010965	regulation of mitotic sister chromatid s...	10	3	2.71	0.53555	1	BP
GO:0009629	response to gravity	10	3	2.71	0.53555	1	BP
GO:0060193	positive regulation of lipase activity	10	3	2.71	0.53555	1	BP
GO:0051450	myoblast proliferation	10	3	2.71	0.53555	1	BP
GO:0060147	regulation of post-transcriptional gene ...	10	3	2.71	0.53555	1	BP
GO:0045981	positive regulation of nucleotide metabo...	10	3	2.71	0.53555	1	BP
GO:0001889	liver development	40	11	10.82	0.53572	1	BP
GO:0061008	hepaticobiliary system development	40	11	10.82	0.53572	1	BP
GO:0007162	negative regulation of cell adhesion	37	14	10.01	0.53616	1	BP
GO:0046530	photoreceptor cell differentiation	55	15	14.88	0.53799	1	BP
GO:1901215	negative regulation of neuron death	41	18	11.09	0.53881	1	BP
GO:0010259	multicellular organism aging	70	19	18.94	0.54038	1	BP
GO:0043583	ear development	70	19	18.94	0.54038	1	BP
GO:0042594	response to starvation	57	25	15.42	0.54372	1	BP
GO:0044703	multi-organism reproductive process	334	90	90.38	0.54447	1	BP
GO:1903829	positive regulation of protein localizat...	100	27	27.06	0.54511	1	BP
GO:0010638	positive regulation of organelle organiz...	100	27	27.06	0.54511	1	BP
GO:0009725	response to hormone	213	60	57.64	0.54518	1	BP
GO:0030258	lipid modification	44	12	11.91	0.54541	1	BP
GO:2000146	negative regulation of cell motility	44	12	11.91	0.54541	1	BP
GO:0048599	oocyte development	44	12	11.91	0.54541	1	BP
GO:0000910	cytokinesis	44	12	11.91	0.54541	1	BP
GO:1901342	regulation of vasculature development	44	12	11.91	0.54541	1	BP
GO:0016042	lipid catabolic process	44	12	11.91	0.54541	1	BP
GO:0008356	asymmetric cell division	29	8	7.85	0.54554	1	BP
GO:0072088	nephron epithelium morphogenesis	29	8	7.85	0.54554	1	BP
GO:0072078	nephron tubule morphogenesis	29	8	7.85	0.54554	1	BP
GO:0018393	internal peptidyl-lysine acetylation	29	8	7.85	0.54554	1	BP
GO:0030282	bone mineralization	29	8	7.85	0.54554	1	BP
GO:2000045	regulation of G1/S transition of mitotic...	29	8	7.85	0.54554	1	BP
GO:0007480	imaginal disc-derived leg morphogenesis	29	8	7.85	0.54554	1	BP
GO:0007478	leg disc morphogenesis	29	8	7.85	0.54554	1	BP
GO:0019216	regulation of lipid metabolic process	70	24	18.94	0.54583	1	BP
GO:0032869	cellular response to insulin stimulus	59	16	15.97	0.54652	1	BP
GO:0006066	alcohol metabolic process	59	16	15.97	0.54652	1	BP
GO:0002253	activation of immune response	39	14	10.55	0.54701	1	BP
GO:0018105	peptidyl-serine phosphorylation	55	21	14.88	0.5481	1	BP
GO:1901360	organic cyclic compound metabolic proces...	849	229	229.73	0.54952	1	BP
GO:0034976	response to endoplasmic reticulum stress	57	26	15.42	0.54967	1	BP
GO:0071674	mononuclear cell migration	14	4	3.79	0.55035	1	BP
GO:0038034	signal transduction in absence of ligand	14	4	3.79	0.55035	1	BP
GO:0097192	extrinsic apoptotic signaling pathway in...	14	4	3.79	0.55035	1	BP
GO:1903313	positive regulation of mRNA metabolic pr...	14	4	3.79	0.55035	1	BP
GO:0035316	non-sensory hair organization	14	4	3.79	0.55035	1	BP
GO:0051965	positive regulation of synapse assembly	14	4	3.79	0.55035	1	BP
GO:0002090	regulation of receptor internalization	14	4	3.79	0.55035	1	BP
GO:0022904	respiratory electron transport chain	14	4	3.79	0.55035	1	BP
GO:0009069	serine family amino acid metabolic proce...	14	4	3.79	0.55035	1	BP
GO:0061512	protein localization to cilium	14	4	3.79	0.55035	1	BP
GO:0021517	ventral spinal cord development	14	4	3.79	0.55035	1	BP
GO:0032890	regulation of organic acid transport	14	4	3.79	0.55035	1	BP
GO:0002218	activation of innate immune response	14	4	3.79	0.55035	1	BP
GO:0007200	phospholipase C-activating G protein-cou...	14	4	3.79	0.55035	1	BP
GO:0032675	regulation of interleukin-6 production	14	4	3.79	0.55035	1	BP
GO:0032635	interleukin-6 production	14	4	3.79	0.55035	1	BP
GO:0071384	cellular response to corticosteroid stim...	14	4	3.79	0.55035	1	BP
GO:0071320	cellular response to cAMP	14	4	3.79	0.55035	1	BP
GO:0048859	formation of anatomical boundary	14	4	3.79	0.55035	1	BP
GO:0014009	glial cell proliferation	14	4	3.79	0.55035	1	BP
GO:0031124	mRNA 3'-end processing	14	4	3.79	0.55035	1	BP
GO:0030098	lymphocyte differentiation	48	13	12.99	0.55435	1	BP
GO:0001754	eye photoreceptor cell differentiation	48	13	12.99	0.55435	1	BP
GO:0030335	positive regulation of cell migration	78	21	21.11	0.55543	1	BP
GO:0035218	leg disc development	33	9	8.93	0.55577	1	BP
GO:0045778	positive regulation of ossification	33	9	8.93	0.55577	1	BP
GO:0042490	mechanoreceptor differentiation	33	9	8.93	0.55577	1	BP
GO:0006475	internal protein amino acid acetylation	33	9	8.93	0.55577	1	BP
GO:0051259	protein complex oligomerization	108	29	29.22	0.55813	1	BP
GO:0097194	execution phase of apoptosis	18	5	4.87	0.56218	1	BP
GO:0030004	cellular monovalent inorganic cation hom...	18	5	4.87	0.56218	1	BP
GO:1903725	regulation of phospholipid metabolic pro...	18	5	4.87	0.56218	1	BP
GO:0051964	negative regulation of synapse assembly	18	5	4.87	0.56218	1	BP
GO:0051937	catecholamine transport	18	5	4.87	0.56218	1	BP
GO:0048010	vascular endothelial growth factor recep...	18	5	4.87	0.56218	1	BP
GO:0035914	skeletal muscle cell differentiation	18	5	4.87	0.56218	1	BP
GO:0002761	regulation of myeloid leukocyte differen...	18	5	4.87	0.56218	1	BP
GO:0032507	maintenance of protein location in cell	18	5	4.87	0.56218	1	BP
GO:0071260	cellular response to mechanical stimulus	18	5	4.87	0.56218	1	BP
GO:0007608	sensory perception of smell	18	5	4.87	0.56218	1	BP
GO:0090175	regulation of establishment of planar po...	18	5	4.87	0.56218	1	BP
GO:0090132	epithelium migration	82	22	22.19	0.56245	1	BP
GO:0022407	regulation of cell-cell adhesion	52	14	14.07	0.56267	1	BP
GO:0046474	glycerophospholipid biosynthetic process	52	14	14.07	0.56267	1	BP
GO:0014706	striated muscle tissue development	97	26	26.25	0.56324	1	BP
GO:0044772	mitotic cell cycle phase transition	97	26	26.25	0.56324	1	BP
GO:0046483	heterocycle metabolic process	806	217	218.1	0.56453	1	BP
GO:0072080	nephron tubule development	37	10	10.01	0.56502	1	BP
GO:0060993	kidney morphogenesis	37	10	10.01	0.56502	1	BP
GO:0050773	regulation of dendrite development	37	10	10.01	0.56502	1	BP
GO:0006469	negative regulation of protein kinase ac...	37	10	10.01	0.56502	1	BP
GO:0016049	cell growth	116	31	31.39	0.5703	1	BP
GO:0019637	organophosphate metabolic process	187	50	50.6	0.57137	1	BP
GO:0097711	ciliary basal body-plasma membrane docki...	22	6	5.95	0.57227	1	BP
GO:0097696	receptor signaling pathway via STAT	22	6	5.95	0.57227	1	BP
GO:0051930	regulation of sensory perception of pain	22	6	5.95	0.57227	1	BP
GO:0050866	negative regulation of cell activation	22	6	5.95	0.57227	1	BP
GO:0007259	receptor signaling pathway via JAK-STAT	22	6	5.95	0.57227	1	BP
GO:0010660	regulation of muscle cell apoptotic proc...	22	6	5.95	0.57227	1	BP
GO:0010657	muscle cell apoptotic process	22	6	5.95	0.57227	1	BP
GO:0090102	cochlea development	22	6	5.95	0.57227	1	BP
GO:0110148	biomineralization	41	11	11.09	0.5735	1	BP
GO:0045765	regulation of angiogenesis	41	11	11.09	0.5735	1	BP
GO:0031214	biomineral tissue development	41	11	11.09	0.5735	1	BP
GO:0051346	negative regulation of hydrolase activit...	41	11	11.09	0.5735	1	BP
GO:0071396	cellular response to lipid	90	24	24.35	0.57561	1	BP
GO:0090596	sensory organ morphogenesis	135	36	36.53	0.57681	1	BP
GO:0045017	glycerolipid biosynthetic process	60	16	16.24	0.57779	1	BP
GO:0007178	transmembrane receptor protein serine/th...	60	16	16.24	0.57779	1	BP
GO:0046903	secretion	284	81	76.85	0.57782	1	BP
GO:0007422	peripheral nervous system development	26	7	7.04	0.58118	1	BP
GO:0009116	nucleoside metabolic process	26	7	7.04	0.58118	1	BP
GO:0009119	ribonucleoside metabolic process	26	7	7.04	0.58118	1	BP
GO:0048814	regulation of dendrite morphogenesis	26	7	7.04	0.58118	1	BP
GO:0051604	protein maturation	45	12	12.18	0.58134	1	BP
GO:0001764	neuron migration	45	12	12.18	0.58134	1	BP
GO:0030030	cell projection organization	375	104	101.47	0.58271	1	BP
GO:0051128	regulation of cellular component organiz...	434	123	117.44	0.58362	1	BP
GO:0062012	regulation of small molecule metabolic p...	75	25	20.29	0.58476	1	BP
GO:0030003	cellular cation homeostasis	105	44	28.41	0.58838	1	BP
GO:0051783	regulation of nuclear division	49	13	13.26	0.58866	1	BP
GO:0044706	multi-multicellular organism process	49	13	13.26	0.58866	1	BP
GO:0060041	retina development in camera-type eye	49	13	13.26	0.58866	1	BP
GO:0090130	tissue migration	83	22	22.46	0.58901	1	BP
GO:0006163	purine nucleotide metabolic process	83	22	22.46	0.58901	1	BP
GO:0022409	positive regulation of cell-cell adhesio...	30	8	8.12	0.58923	1	BP
GO:0072028	nephron morphogenesis	30	8	8.12	0.58923	1	BP
GO:0003279	cardiac septum development	30	8	8.12	0.58923	1	BP
GO:1903531	negative regulation of secretion by cell	30	8	8.12	0.58923	1	BP
GO:0050821	protein stabilization	30	8	8.12	0.58923	1	BP
GO:0009566	fertilization	30	8	8.12	0.58923	1	BP
GO:1901698	response to nitrogen compound	232	71	62.78	0.59096	1	BP
GO:0048588	developmental cell growth	68	18	18.4	0.59132	1	BP
GO:0010948	negative regulation of cell cycle proces...	68	18	18.4	0.59132	1	BP
GO:0043434	response to peptide hormone	99	29	26.79	0.59378	1	BP
GO:0071695	anatomical structure maturation	87	23	23.54	0.59504	1	BP
GO:0008654	phospholipid biosynthetic process	53	14	14.34	0.59553	1	BP
GO:0045321	leukocyte activation	160	46	43.3	0.59596	1	BP
GO:0035967	cellular response to topologically incor...	32	16	8.66	0.59663	1	BP
GO:0046890	regulation of lipid biosynthetic process	34	9	9.2	0.59663	1	BP
GO:1902531	regulation of intracellular signal trans...	293	78	79.28	0.5974	1	BP
GO:0042326	negative regulation of phosphorylation	72	19	19.48	0.59761	1	BP
GO:0006575	cellular modified amino acid metabolic p...	52	18	14.07	0.5977	1	BP
GO:0006631	fatty acid metabolic process	64	22	17.32	0.6007	1	BP
GO:0048522	positive regulation of cellular process	784	219	212.15	0.60132	1	BP
GO:1990776	response to angiotensin	11	6	2.98	0.60183	1	BP
GO:0030334	regulation of cell migration	140	37	37.88	0.60279	1	BP
GO:0007088	regulation of mitotic nuclear division	38	10	10.28	0.6035	1	BP
GO:0045807	positive regulation of endocytosis	38	10	10.28	0.6035	1	BP
GO:0044282	small molecule catabolic process	76	20	20.57	0.60362	1	BP
GO:0097435	supramolecular fiber organization	107	31	28.95	0.60396	1	BP
GO:0016318	ommatidial rotation	7	2	1.89	0.60527	1	BP
GO:0001737	establishment of imaginal disc-derived w...	7	2	1.89	0.60527	1	BP
GO:0097186	amelogenesis	7	2	1.89	0.60527	1	BP
GO:1904666	regulation of ubiquitin protein ligase a...	7	2	1.89	0.60527	1	BP
GO:0035020	regulation of Rac protein signal transdu...	7	2	1.89	0.60527	1	BP
GO:0086013	membrane repolarization during cardiac m...	7	2	1.89	0.60527	1	BP
GO:0035006	melanization defense response	7	2	1.89	0.60527	1	BP
GO:0014741	negative regulation of muscle hypertroph...	7	2	1.89	0.60527	1	BP
GO:0042558	pteridine-containing compound metabolic ...	7	2	1.89	0.60527	1	BP
GO:0042538	hyperosmotic salinity response	7	2	1.89	0.60527	1	BP
GO:2001171	positive regulation of ATP biosynthetic ...	7	2	1.89	0.60527	1	BP
GO:0060561	apoptotic process involved in morphogene...	7	2	1.89	0.60527	1	BP
GO:0060536	cartilage morphogenesis	7	2	1.89	0.60527	1	BP
GO:0051590	positive regulation of neurotransmitter ...	7	2	1.89	0.60527	1	BP
GO:0003344	pericardium morphogenesis	7	2	1.89	0.60527	1	BP
GO:0006625	protein targeting to peroxisome	7	2	1.89	0.60527	1	BP
GO:0055075	potassium ion homeostasis	7	2	1.89	0.60527	1	BP
GO:0001975	response to amphetamine	7	2	1.89	0.60527	1	BP
GO:0001946	lymphangiogenesis	7	2	1.89	0.60527	1	BP
GO:0035176	social behavior	7	2	1.89	0.60527	1	BP
GO:0003283	atrial septum development	7	2	1.89	0.60527	1	BP
GO:0003272	endocardial cushion formation	7	2	1.89	0.60527	1	BP
GO:0046466	membrane lipid catabolic process	7	2	1.89	0.60527	1	BP
GO:0060973	cell migration involved in heart develop...	7	2	1.89	0.60527	1	BP
GO:0003203	endocardial cushion morphogenesis	7	2	1.89	0.60527	1	BP
GO:0003209	cardiac atrium morphogenesis	7	2	1.89	0.60527	1	BP
GO:1903845	negative regulation of cellular response...	7	2	1.89	0.60527	1	BP
GO:0070193	synaptonemal complex organization	7	2	1.89	0.60527	1	BP
GO:0044818	mitotic G2/M transition checkpoint	7	2	1.89	0.60527	1	BP
GO:1905209	positive regulation of cardiocyte differ...	7	2	1.89	0.60527	1	BP
GO:0010042	response to manganese ion	7	2	1.89	0.60527	1	BP
GO:0070286	axonemal dynein complex assembly	7	2	1.89	0.60527	1	BP
GO:0007026	negative regulation of microtubule depol...	7	2	1.89	0.60527	1	BP
GO:1900424	regulation of defense response to bacter...	7	2	1.89	0.60527	1	BP
GO:0007031	peroxisome organization	7	2	1.89	0.60527	1	BP
GO:0072170	metanephric tubule development	7	2	1.89	0.60527	1	BP
GO:1905508	protein localization to microtubule orga...	7	2	1.89	0.60527	1	BP
GO:0046534	positive regulation of photoreceptor cel...	7	2	1.89	0.60527	1	BP
GO:0030728	ovulation	7	2	1.89	0.60527	1	BP
GO:0072273	metanephric nephron morphogenesis	7	2	1.89	0.60527	1	BP
GO:0072234	metanephric nephron tubule development	7	2	1.89	0.60527	1	BP
GO:0043489	RNA stabilization	7	2	1.89	0.60527	1	BP
GO:0046636	negative regulation of alpha-beta T cell...	7	2	1.89	0.60527	1	BP
GO:0030813	positive regulation of nucleotide catabo...	7	2	1.89	0.60527	1	BP
GO:1903902	positive regulation of viral life cycle	7	2	1.89	0.60527	1	BP
GO:0007339	binding of sperm to zona pellucida	7	2	1.89	0.60527	1	BP
GO:0043162	ubiquitin-dependent protein catabolic pr...	7	2	1.89	0.60527	1	BP
GO:0007469	antennal development	7	2	1.89	0.60527	1	BP
GO:0030512	negative regulation of transforming grow...	7	2	1.89	0.60527	1	BP
GO:0032891	negative regulation of organic acid tran...	7	2	1.89	0.60527	1	BP
GO:0040038	polar body extrusion after meiotic divis...	7	2	1.89	0.60527	1	BP
GO:0005978	glycogen biosynthetic process	7	2	1.89	0.60527	1	BP
GO:0002762	negative regulation of myeloid leukocyte...	7	2	1.89	0.60527	1	BP
GO:0007296	vitellogenesis	7	2	1.89	0.60527	1	BP
GO:0048265	response to pain	7	2	1.89	0.60527	1	BP
GO:0072662	protein localization to peroxisome	7	2	1.89	0.60527	1	BP
GO:0072663	establishment of protein localization to...	7	2	1.89	0.60527	1	BP
GO:0048255	mRNA stabilization	7	2	1.89	0.60527	1	BP
GO:0045167	asymmetric protein localization involved...	7	2	1.89	0.60527	1	BP
GO:0050879	multicellular organismal movement	7	2	1.89	0.60527	1	BP
GO:0010718	positive regulation of epithelial to mes...	7	2	1.89	0.60527	1	BP
GO:0090083	regulation of inclusion body assembly	7	2	1.89	0.60527	1	BP
GO:0070988	demethylation	7	2	1.89	0.60527	1	BP
GO:0070979	protein K11-linked ubiquitination	7	2	1.89	0.60527	1	BP
GO:0018992	germ-line sex determination	7	2	1.89	0.60527	1	BP
GO:0070918	small regulatory ncRNA processing	7	2	1.89	0.60527	1	BP
GO:0036065	fucosylation	7	2	1.89	0.60527	1	BP
GO:0071398	cellular response to fatty acid	7	2	1.89	0.60527	1	BP
GO:0032637	interleukin-8 production	7	2	1.89	0.60527	1	BP
GO:0034381	plasma lipoprotein particle clearance	7	2	1.89	0.60527	1	BP
GO:0043574	peroxisomal transport	7	2	1.89	0.60527	1	BP
GO:0009250	glucan biosynthetic process	7	2	1.89	0.60527	1	BP
GO:0071480	cellular response to gamma radiation	7	2	1.89	0.60527	1	BP
GO:0015949	nucleobase-containing small molecule int...	7	2	1.89	0.60527	1	BP
GO:0098728	germline stem cell asymmetric division	7	2	1.89	0.60527	1	BP
GO:0051055	negative regulation of lipid biosyntheti...	7	2	1.89	0.60527	1	BP
GO:0051085	chaperone cofactor-dependent protein ref...	7	2	1.89	0.60527	1	BP
GO:0051043	regulation of membrane protein ectodomai...	7	2	1.89	0.60527	1	BP
GO:0045821	positive regulation of glycolytic proces...	7	2	1.89	0.60527	1	BP
GO:0010614	negative regulation of cardiac muscle hy...	7	2	1.89	0.60527	1	BP
GO:0045836	positive regulation of meiotic nuclear d...	7	2	1.89	0.60527	1	BP
GO:0000920	septum digestion after cytokinesis	7	2	1.89	0.60527	1	BP
GO:0036303	lymph vessel morphogenesis	7	2	1.89	0.60527	1	BP
GO:0042332	gravitaxis	7	2	1.89	0.60527	1	BP
GO:2000677	regulation of transcription regulatory r...	7	2	1.89	0.60527	1	BP
GO:0031114	regulation of microtubule depolymerizati...	7	2	1.89	0.60527	1	BP
GO:0050911	detection of chemical stimulus involved ...	7	2	1.89	0.60527	1	BP
GO:0042428	serotonin metabolic process	7	2	1.89	0.60527	1	BP
GO:0090184	positive regulation of kidney developmen...	7	2	1.89	0.60527	1	BP
GO:0043950	positive regulation of cAMP-mediated sig...	7	2	1.89	0.60527	1	BP
GO:1901160	primary amino compound metabolic process	7	2	1.89	0.60527	1	BP
GO:0051353	positive regulation of oxidoreductase ac...	7	2	1.89	0.60527	1	BP
GO:0036151	phosphatidylcholine acyl-chain remodelin...	7	2	1.89	0.60527	1	BP
GO:0099054	presynapse assembly	7	2	1.89	0.60527	1	BP
GO:1904752	regulation of vascular associated smooth...	7	2	1.89	0.60527	1	BP
GO:0036260	RNA capping	7	2	1.89	0.60527	1	BP
GO:1904738	vascular associated smooth muscle cell m...	7	2	1.89	0.60527	1	BP
GO:0042219	cellular modified amino acid catabolic p...	7	2	1.89	0.60527	1	BP
GO:0033003	regulation of mast cell activation	7	2	1.89	0.60527	1	BP
GO:0071539	protein localization to centrosome	7	2	1.89	0.60527	1	BP
GO:0001757	somite specification	7	2	1.89	0.60527	1	BP
GO:0034620	cellular response to unfolded protein	28	15	7.58	0.60628	1	BP
GO:0045932	negative regulation of muscle contractio...	11	3	2.98	0.60718	1	BP
GO:1903317	regulation of protein maturation	11	3	2.98	0.60718	1	BP
GO:2001239	regulation of extrinsic apoptotic signal...	11	3	2.98	0.60718	1	BP
GO:0006654	phosphatidic acid biosynthetic process	11	3	2.98	0.60718	1	BP
GO:0033108	mitochondrial respiratory chain complex ...	11	3	2.98	0.60718	1	BP
GO:0030002	cellular anion homeostasis	11	3	2.98	0.60718	1	BP
GO:0001945	lymph vessel development	11	3	2.98	0.60718	1	BP
GO:0030320	cellular monovalent inorganic anion home...	11	3	2.98	0.60718	1	BP
GO:0046850	regulation of bone remodeling	11	3	2.98	0.60718	1	BP
GO:0048311	mitochondrion distribution	11	3	2.98	0.60718	1	BP
GO:0021871	forebrain regionalization	11	3	2.98	0.60718	1	BP
GO:0032204	regulation of telomere maintenance	11	3	2.98	0.60718	1	BP
GO:0050775	positive regulation of dendrite morphoge...	11	3	2.98	0.60718	1	BP
GO:0050777	negative regulation of immune response	11	3	2.98	0.60718	1	BP
GO:0002758	innate immune response-activating signal...	11	3	2.98	0.60718	1	BP
GO:0048260	positive regulation of receptor-mediated...	11	3	2.98	0.60718	1	BP
GO:0010799	regulation of peptidyl-threonine phospho...	11	3	2.98	0.60718	1	BP
GO:2000142	regulation of DNA-templated transcriptio...	11	3	2.98	0.60718	1	BP
GO:0007218	neuropeptide signaling pathway	11	3	2.98	0.60718	1	BP
GO:0010833	telomere maintenance via telomere length...	11	3	2.98	0.60718	1	BP
GO:0048536	spleen development	11	3	2.98	0.60718	1	BP
GO:0034109	homotypic cell-cell adhesion	11	3	2.98	0.60718	1	BP
GO:0031122	cytoplasmic microtubule organization	11	3	2.98	0.60718	1	BP
GO:0045652	regulation of megakaryocyte differentiat...	11	3	2.98	0.60718	1	BP
GO:0050918	positive chemotaxis	11	3	2.98	0.60718	1	BP
GO:0071709	membrane assembly	11	3	2.98	0.60718	1	BP
GO:0006497	protein lipidation	11	3	2.98	0.60718	1	BP
GO:0042158	lipoprotein biosynthetic process	11	3	2.98	0.60718	1	BP
GO:0060191	regulation of lipase activity	11	3	2.98	0.60718	1	BP
GO:0071542	dopaminergic neuron differentiation	11	3	2.98	0.60718	1	BP
GO:1903053	regulation of extracellular matrix organ...	11	3	2.98	0.60718	1	BP
GO:0042753	positive regulation of circadian rhythm	11	3	2.98	0.60718	1	BP
GO:0098771	inorganic ion homeostasis	137	52	37.07	0.60749	1	BP
GO:0036503	ERAD pathway	16	9	4.33	0.60854	1	BP
GO:0008015	blood circulation	107	43	28.95	0.60908	1	BP
GO:0000003	reproduction	454	121	122.85	0.60934	1	BP
GO:0009150	purine ribonucleotide metabolic process	80	21	21.65	0.60939	1	BP
GO:0032496	response to lipopolysaccharide	42	11	11.36	0.60994	1	BP
GO:0070507	regulation of microtubule cytoskeleton o...	42	11	11.36	0.60994	1	BP
GO:0031334	positive regulation of protein-containin...	42	11	11.36	0.60994	1	BP
GO:0031401	positive regulation of protein modificat...	179	53	48.44	0.61029	1	BP
GO:0006283	transcription-coupled nucleotide-excisio...	15	4	4.06	0.61125	1	BP
GO:0006757	ATP generation from ADP	15	4	4.06	0.61125	1	BP
GO:0060581	cell fate commitment involved in pattern...	15	4	4.06	0.61125	1	BP
GO:1905879	regulation of oogenesis	15	4	4.06	0.61125	1	BP
GO:1900180	regulation of protein localization to nu...	15	4	4.06	0.61125	1	BP
GO:0002495	antigen processing and presentation of p...	15	4	4.06	0.61125	1	BP
GO:0007398	ectoderm development	15	4	4.06	0.61125	1	BP
GO:0021885	forebrain cell migration	15	4	4.06	0.61125	1	BP
GO:2000379	positive regulation of reactive oxygen s...	15	4	4.06	0.61125	1	BP
GO:0002285	lymphocyte activation involved in immune...	15	4	4.06	0.61125	1	BP
GO:0007189	adenylate cyclase-activating G protein-c...	15	4	4.06	0.61125	1	BP
GO:0006096	glycolytic process	15	4	4.06	0.61125	1	BP
GO:0002504	antigen processing and presentation of p...	15	4	4.06	0.61125	1	BP
GO:0045886	negative regulation of synaptic assembly...	15	4	4.06	0.61125	1	BP
GO:0010656	negative regulation of muscle cell apopt...	15	4	4.06	0.61125	1	BP
GO:0022029	telencephalon cell migration	15	4	4.06	0.61125	1	BP
GO:0002931	response to ischemia	15	4	4.06	0.61125	1	BP
GO:0019886	antigen processing and presentation of e...	15	4	4.06	0.61125	1	BP
GO:0045921	positive regulation of exocytosis	15	4	4.06	0.61125	1	BP
GO:0045943	positive regulation of transcription by ...	3	1	0.81	0.61215	1	BP
GO:0006264	mitochondrial DNA replication	3	1	0.81	0.61215	1	BP
GO:0001779	natural killer cell differentiation	3	1	0.81	0.61215	1	BP
GO:1903010	regulation of bone development	3	1	0.81	0.61215	1	BP
GO:0016340	calcium-dependent cell-matrix adhesion	3	1	0.81	0.61215	1	BP
GO:0016332	establishment or maintenance of polarity...	3	1	0.81	0.61215	1	BP
GO:0042744	hydrogen peroxide catabolic process	3	1	0.81	0.61215	1	BP
GO:0001731	formation of translation preinitiation c...	3	1	0.81	0.61215	1	BP
GO:0071622	regulation of granulocyte chemotaxis	3	1	0.81	0.61215	1	BP
GO:1901857	positive regulation of cellular respirat...	3	1	0.81	0.61215	1	BP
GO:0042705	ocellus photoreceptor cell differentiati...	3	1	0.81	0.61215	1	BP
GO:0071632	optomotor response	3	1	0.81	0.61215	1	BP
GO:0019660	glycolytic fermentation	3	1	0.81	0.61215	1	BP
GO:0019661	glucose catabolic process to lactate via...	3	1	0.81	0.61215	1	BP
GO:0019666	nitrogenous compound fermentation	3	1	0.81	0.61215	1	BP
GO:0060760	positive regulation of response to cytok...	3	1	0.81	0.61215	1	BP
GO:0098908	regulation of neuronal action potential	3	1	0.81	0.61215	1	BP
GO:0019659	glucose catabolic process to lactate	3	1	0.81	0.61215	1	BP
GO:0097156	fasciculation of motor neuron axon	3	1	0.81	0.61215	1	BP
GO:0044036	cell wall macromolecule metabolic proces...	3	1	0.81	0.61215	1	BP
GO:0034606	response to hermaphrodite contact	3	1	0.81	0.61215	1	BP
GO:1990573	potassium ion import across plasma membr...	3	1	0.81	0.61215	1	BP
GO:0035090	maintenance of apical/basal cell polarit...	3	1	0.81	0.61215	1	BP
GO:0035092	sperm DNA condensation	3	1	0.81	0.61215	1	BP
GO:1990519	pyrimidine nucleotide import into mitoch...	3	1	0.81	0.61215	1	BP
GO:0035066	positive regulation of histone acetylati...	3	1	0.81	0.61215	1	BP
GO:0035067	negative regulation of histone acetylati...	3	1	0.81	0.61215	1	BP
GO:0035069	larval midgut histolysis	3	1	0.81	0.61215	1	BP
GO:0008090	retrograde axonal transport	3	1	0.81	0.61215	1	BP
GO:1990502	dense core granule maturation	3	1	0.81	0.61215	1	BP
GO:0035076	ecdysone receptor-mediated signaling pat...	3	1	0.81	0.61215	1	BP
GO:0031650	regulation of heat generation	3	1	0.81	0.61215	1	BP
GO:0031652	positive regulation of heat generation	3	1	0.81	0.61215	1	BP
GO:0086067	AV node cell to bundle of His cell commu...	3	1	0.81	0.61215	1	BP
GO:0035041	sperm DNA decondensation	3	1	0.81	0.61215	1	BP
GO:1904627	response to phorbol 13-acetate 12-myrist...	3	1	0.81	0.61215	1	BP
GO:1904628	cellular response to phorbol 13-acetate ...	3	1	0.81	0.61215	1	BP
GO:0035039	male pronucleus assembly	3	1	0.81	0.61215	1	BP
GO:1904612	response to 2,3,7,8-tetrachlorodibenzodi...	3	1	0.81	0.61215	1	BP
GO:1904613	cellular response to 2,3,7,8-tetrachloro...	3	1	0.81	0.61215	1	BP
GO:1904640	response to methionine	3	1	0.81	0.61215	1	BP
GO:0086027	AV node cell to bundle of His cell signa...	3	1	0.81	0.61215	1	BP
GO:0086016	AV node cell action potential	3	1	0.81	0.61215	1	BP
GO:0014733	regulation of skeletal muscle adaptation	3	1	0.81	0.61215	1	BP
GO:0006864	pyrimidine nucleotide transport	3	1	0.81	0.61215	1	BP
GO:0033314	mitotic DNA replication checkpoint signa...	3	1	0.81	0.61215	1	BP
GO:1990637	response to prolactin	3	1	0.81	0.61215	1	BP
GO:0006878	cellular copper ion homeostasis	3	1	0.81	0.61215	1	BP
GO:0042541	hemoglobin biosynthetic process	3	1	0.81	0.61215	1	BP
GO:0006828	manganese ion transport	3	1	0.81	0.61215	1	BP
GO:0090611	ubiquitin-independent protein catabolic ...	3	1	0.81	0.61215	1	BP
GO:0062237	protein localization to postsynapse	3	1	0.81	0.61215	1	BP
GO:0006842	tricarboxylic acid transport	3	1	0.81	0.61215	1	BP
GO:0006848	pyruvate transport	3	1	0.81	0.61215	1	BP
GO:0014866	skeletal myofibril assembly	3	1	0.81	0.61215	1	BP
GO:0001502	cartilage condensation	3	1	0.81	0.61215	1	BP
GO:0014883	transition between fast and slow fiber	3	1	0.81	0.61215	1	BP
GO:0042691	positive regulation of crystal cell diff...	3	1	0.81	0.61215	1	BP
GO:0060575	intestinal epithelial cell differentiati...	3	1	0.81	0.61215	1	BP
GO:0060576	intestinal epithelial cell development	3	1	0.81	0.61215	1	BP
GO:0060577	pulmonary vein morphogenesis	3	1	0.81	0.61215	1	BP
GO:0014834	skeletal muscle satellite cell maintenan...	3	1	0.81	0.61215	1	BP
GO:0046040	IMP metabolic process	3	1	0.81	0.61215	1	BP
GO:0042684	cardioblast cell fate commitment	3	1	0.81	0.61215	1	BP
GO:0042688	crystal cell differentiation	3	1	0.81	0.61215	1	BP
GO:0042689	regulation of crystal cell differentiati...	3	1	0.81	0.61215	1	BP
GO:0060539	diaphragm development	3	1	0.81	0.61215	1	BP
GO:1903318	negative regulation of protein maturatio...	3	1	0.81	0.61215	1	BP
GO:2001267	regulation of cysteine-type endopeptidas...	3	1	0.81	0.61215	1	BP
GO:0044321	response to leptin	3	1	0.81	0.61215	1	BP
GO:0033197	response to vitamin E	3	1	0.81	0.61215	1	BP
GO:0003313	heart rudiment development	3	1	0.81	0.61215	1	BP
GO:2001241	positive regulation of extrinsic apoptot...	3	1	0.81	0.61215	1	BP
GO:0051541	elastin metabolic process	3	1	0.81	0.61215	1	BP
GO:0060674	placenta blood vessel development	3	1	0.81	0.61215	1	BP
GO:0033182	regulation of histone ubiquitination	3	1	0.81	0.61215	1	BP
GO:0060631	regulation of meiosis I	3	1	0.81	0.61215	1	BP
GO:1903423	positive regulation of synaptic vesicle ...	3	1	0.81	0.61215	1	BP
GO:0033145	positive regulation of intracellular ste...	3	1	0.81	0.61215	1	BP
GO:0006682	galactosylceramide biosynthetic process	3	1	0.81	0.61215	1	BP
GO:0060600	dichotomous subdivision of an epithelial...	3	1	0.81	0.61215	1	BP
GO:0006620	post-translational protein targeting to ...	3	1	0.81	0.61215	1	BP
GO:1904953	Wnt signaling pathway involved in midbra...	3	1	0.81	0.61215	1	BP
GO:0031954	positive regulation of protein autophosp...	3	1	0.81	0.61215	1	BP
GO:0051666	actin cortical patch localization	3	1	0.81	0.61215	1	BP
GO:0055015	ventricular cardiac muscle cell developm...	3	1	0.81	0.61215	1	BP
GO:1904948	midbrain dopaminergic neuron differentia...	3	1	0.81	0.61215	1	BP
GO:0051645	Golgi localization	3	1	0.81	0.61215	1	BP
GO:0055003	cardiac myofibril assembly	3	1	0.81	0.61215	1	BP
GO:0003402	planar cell polarity pathway involved in...	3	1	0.81	0.61215	1	BP
GO:0003406	retinal pigment epithelium development	3	1	0.81	0.61215	1	BP
GO:0003193	pulmonary valve formation	3	1	0.81	0.61215	1	BP
GO:0061003	positive regulation of dendritic spine m...	3	1	0.81	0.61215	1	BP
GO:0061009	common bile duct development	3	1	0.81	0.61215	1	BP
GO:0003161	cardiac conduction system development	3	1	0.81	0.61215	1	BP
GO:0003181	atrioventricular valve morphogenesis	3	1	0.81	0.61215	1	BP
GO:0003183	mitral valve morphogenesis	3	1	0.81	0.61215	1	BP
GO:0003184	pulmonary valve morphogenesis	3	1	0.81	0.61215	1	BP
GO:0003174	mitral valve development	3	1	0.81	0.61215	1	BP
GO:0003177	pulmonary valve development	3	1	0.81	0.61215	1	BP
GO:0035435	phosphate ion transmembrane transport	3	1	0.81	0.61215	1	BP
GO:1901984	negative regulation of protein acetylati...	3	1	0.81	0.61215	1	BP
GO:0001999	renal response to blood flow involved in...	3	1	0.81	0.61215	1	BP
GO:0001961	positive regulation of cytokine-mediated...	3	1	0.81	0.61215	1	BP
GO:0046327	glycerol biosynthetic process from pyruv...	3	1	0.81	0.61215	1	BP
GO:0046339	diacylglycerol metabolic process	3	1	0.81	0.61215	1	BP
GO:0001912	positive regulation of leukocyte mediate...	3	1	0.81	0.61215	1	BP
GO:0072071	kidney interstitial fibroblast different...	3	1	0.81	0.61215	1	BP
GO:0072023	thick ascending limb development	3	1	0.81	0.61215	1	BP
GO:0072025	distal convoluted tubule development	3	1	0.81	0.61215	1	BP
GO:0072014	proximal tubule development	3	1	0.81	0.61215	1	BP
GO:0038203	TORC2 signaling	3	1	0.81	0.61215	1	BP
GO:1900037	regulation of cellular response to hypox...	3	1	0.81	0.61215	1	BP
GO:0003214	cardiac left ventricle morphogenesis	3	1	0.81	0.61215	1	BP
GO:1903798	regulation of miRNA maturation	3	1	0.81	0.61215	1	BP
GO:0046476	glycosylceramide biosynthetic process	3	1	0.81	0.61215	1	BP
GO:0006999	nuclear pore organization	3	1	0.81	0.61215	1	BP
GO:0035290	trunk segmentation	3	1	0.81	0.61215	1	BP
GO:0046439	L-cysteine metabolic process	3	1	0.81	0.61215	1	BP
GO:1903726	negative regulation of phospholipid meta...	3	1	0.81	0.61215	1	BP
GO:0044794	positive regulation by host of viral pro...	3	1	0.81	0.61215	1	BP
GO:0032095	regulation of response to food	3	1	0.81	0.61215	1	BP
GO:0032096	negative regulation of response to food	3	1	0.81	0.61215	1	BP
GO:0032098	regulation of appetite	3	1	0.81	0.61215	1	BP
GO:0032099	negative regulation of appetite	3	1	0.81	0.61215	1	BP
GO:0051968	positive regulation of synaptic transmis...	3	1	0.81	0.61215	1	BP
GO:0044785	metaphase/anaphase transition of meiotic...	3	1	0.81	0.61215	1	BP
GO:0051957	positive regulation of amino acid transp...	3	1	0.81	0.61215	1	BP
GO:1905132	regulation of meiotic chromosome separat...	3	1	0.81	0.61215	1	BP
GO:0032048	cardiolipin metabolic process	3	1	0.81	0.61215	1	BP
GO:0061312	BMP signaling pathway involved in heart ...	3	1	0.81	0.61215	1	BP
GO:1903862	positive regulation of oxidative phospho...	3	1	0.81	0.61215	1	BP
GO:0070471	uterine smooth muscle contraction	3	1	0.81	0.61215	1	BP
GO:0070472	regulation of uterine smooth muscle cont...	3	1	0.81	0.61215	1	BP
GO:0033523	histone H2B ubiquitination	3	1	0.81	0.61215	1	BP
GO:0070417	cellular response to cold	3	1	0.81	0.61215	1	BP
GO:0099625	ventricular cardiac muscle cell membrane...	3	1	0.81	0.61215	1	BP
GO:0030325	adrenal gland development	3	1	0.81	0.61215	1	BP
GO:0035735	intraciliary transport involved in ciliu...	3	1	0.81	0.61215	1	BP
GO:0030302	deoxynucleotide transport	3	1	0.81	0.61215	1	BP
GO:0002091	negative regulation of receptor internal...	3	1	0.81	0.61215	1	BP
GO:0002097	tRNA wobble base modification	3	1	0.81	0.61215	1	BP
GO:0030497	fatty acid elongation	3	1	0.81	0.61215	1	BP
GO:1903564	regulation of protein localization to ci...	3	1	0.81	0.61215	1	BP
GO:0002086	diaphragm contraction	3	1	0.81	0.61215	1	BP
GO:0033617	mitochondrial cytochrome c oxidase assem...	3	1	0.81	0.61215	1	BP
GO:0035864	response to potassium ion	3	1	0.81	0.61215	1	BP
GO:0061402	positive regulation of transcription fro...	3	1	0.81	0.61215	1	BP
GO:0033632	regulation of cell-cell adhesion mediate...	3	1	0.81	0.61215	1	BP
GO:0030422	siRNA processing	3	1	0.81	0.61215	1	BP
GO:1900370	positive regulation of post-transcriptio...	3	1	0.81	0.61215	1	BP
GO:0002032	desensitization of G protein-coupled rec...	3	1	0.81	0.61215	1	BP
GO:0035878	nail development	3	1	0.81	0.61215	1	BP
GO:1903539	protein localization to postsynaptic mem...	3	1	0.81	0.61215	1	BP
GO:0043038	amino acid activation	3	1	0.81	0.61215	1	BP
GO:0002001	renin secretion into blood stream	3	1	0.81	0.61215	1	BP
GO:0055119	relaxation of cardiac muscle	3	1	0.81	0.61215	1	BP
GO:0061158	3'-UTR-mediated mRNA destabilization	3	1	0.81	0.61215	1	BP
GO:0018149	peptide cross-linking	3	1	0.81	0.61215	1	BP
GO:0070262	peptidyl-serine dephosphorylation	3	1	0.81	0.61215	1	BP
GO:0046710	GDP metabolic process	3	1	0.81	0.61215	1	BP
GO:0048060	negative gravitaxis	3	1	0.81	0.61215	1	BP
GO:1903624	regulation of DNA catabolic process	3	1	0.81	0.61215	1	BP
GO:1903626	positive regulation of DNA catabolic pro...	3	1	0.81	0.61215	1	BP
GO:0048087	positive regulation of developmental pig...	3	1	0.81	0.61215	1	BP
GO:0007076	mitotic chromosome condensation	3	1	0.81	0.61215	1	BP
GO:1900425	negative regulation of defense response ...	3	1	0.81	0.61215	1	BP
GO:0048012	hepatocyte growth factor receptor signal...	3	1	0.81	0.61215	1	BP
GO:0030149	sphingolipid catabolic process	3	1	0.81	0.61215	1	BP
GO:0000466	maturation of 5.8S rRNA from tricistroni...	3	1	0.81	0.61215	1	BP
GO:0046851	negative regulation of bone remodeling	3	1	0.81	0.61215	1	BP
GO:0000478	endonucleolytic cleavage involved in rRN...	3	1	0.81	0.61215	1	BP
GO:0000479	endonucleolytic cleavage of tricistronic...	3	1	0.81	0.61215	1	BP
GO:0030259	lipid glycosylation	3	1	0.81	0.61215	1	BP
GO:0039019	pronephric nephron development	3	1	0.81	0.61215	1	BP
GO:0072182	regulation of nephron tubule epithelial ...	3	1	0.81	0.61215	1	BP
GO:0045060	negative thymic T cell selection	3	1	0.81	0.61215	1	BP
GO:0030220	platelet formation	3	1	0.81	0.61215	1	BP
GO:1900186	negative regulation of clathrin-dependen...	3	1	0.81	0.61215	1	BP
GO:0035674	tricarboxylic acid transmembrane transpo...	3	1	0.81	0.61215	1	BP
GO:0030212	hyaluronan metabolic process	3	1	0.81	0.61215	1	BP
GO:0072178	nephric duct morphogenesis	3	1	0.81	0.61215	1	BP
GO:0072114	pronephros morphogenesis	3	1	0.81	0.61215	1	BP
GO:1905521	regulation of macrophage migration	3	1	0.81	0.61215	1	BP
GO:0030238	male sex determination	3	1	0.81	0.61215	1	BP
GO:1905516	positive regulation of fertilization	3	1	0.81	0.61215	1	BP
GO:0072131	kidney mesenchyme morphogenesis	3	1	0.81	0.61215	1	BP
GO:0072133	metanephric mesenchyme morphogenesis	3	1	0.81	0.61215	1	BP
GO:0000183	rDNA heterochromatin formation	3	1	0.81	0.61215	1	BP
GO:1902337	regulation of apoptotic process involved...	3	1	0.81	0.61215	1	BP
GO:0043383	negative T cell selection	3	1	0.81	0.61215	1	BP
GO:0002327	immature B cell differentiation	3	1	0.81	0.61215	1	BP
GO:0072221	metanephric distal convoluted tubule dev...	3	1	0.81	0.61215	1	BP
GO:0072224	metanephric glomerulus development	3	1	0.81	0.61215	1	BP
GO:0010359	regulation of anion channel activity	3	1	0.81	0.61215	1	BP
GO:0072215	regulation of metanephros development	3	1	0.81	0.61215	1	BP
GO:0010383	cell wall polysaccharide metabolic proce...	3	1	0.81	0.61215	1	BP
GO:1902463	protein localization to cell leading edg...	3	1	0.81	0.61215	1	BP
GO:1900244	positive regulation of synaptic vesicle ...	3	1	0.81	0.61215	1	BP
GO:0009084	glutamine family amino acid biosynthetic...	3	1	0.81	0.61215	1	BP
GO:0043306	positive regulation of mast cell degranu...	3	1	0.81	0.61215	1	BP
GO:0072233	metanephric thick ascending limb develop...	3	1	0.81	0.61215	1	BP
GO:0046664	dorsal closure, amnioserosa morphology c...	3	1	0.81	0.61215	1	BP
GO:0072203	cell proliferation involved in metanephr...	3	1	0.81	0.61215	1	BP
GO:0046680	response to DDT	3	1	0.81	0.61215	1	BP
GO:0015743	malate transport	3	1	0.81	0.61215	1	BP
GO:1905606	regulation of presynapse assembly	3	1	0.81	0.61215	1	BP
GO:1903980	positive regulation of microglial cell a...	3	1	0.81	0.61215	1	BP
GO:0032105	negative regulation of response to extra...	3	1	0.81	0.61215	1	BP
GO:0032108	negative regulation of response to nutri...	3	1	0.81	0.61215	1	BP
GO:0046640	regulation of alpha-beta T cell prolifer...	3	1	0.81	0.61215	1	BP
GO:0007355	anterior region determination	3	1	0.81	0.61215	1	BP
GO:0072718	response to cisplatin	3	1	0.81	0.61215	1	BP
GO:0048340	paraxial mesoderm morphogenesis	3	1	0.81	0.61215	1	BP
GO:0048341	paraxial mesoderm formation	3	1	0.81	0.61215	1	BP
GO:0015858	nucleoside transport	3	1	0.81	0.61215	1	BP
GO:0032274	gonadotropin secretion	3	1	0.81	0.61215	1	BP
GO:0072733	response to staurosporine	3	1	0.81	0.61215	1	BP
GO:0072734	cellular response to staurosporine	3	1	0.81	0.61215	1	BP
GO:0032276	regulation of gonadotropin secretion	3	1	0.81	0.61215	1	BP
GO:0015819	lysine transport	3	1	0.81	0.61215	1	BP
GO:0061541	rhabdomere morphogenesis	3	1	0.81	0.61215	1	BP
GO:1902102	regulation of metaphase/anaphase transit...	3	1	0.81	0.61215	1	BP
GO:2000371	regulation of DNA topoisomerase (ATP-hyd...	3	1	0.81	0.61215	1	BP
GO:2000373	positive regulation of DNA topoisomerase...	3	1	0.81	0.61215	1	BP
GO:0032799	low-density lipoprotein receptor particl...	3	1	0.81	0.61215	1	BP
GO:0048484	enteric nervous system development	3	1	0.81	0.61215	1	BP
GO:0043117	positive regulation of vascular permeabi...	3	1	0.81	0.61215	1	BP
GO:0007479	leg disc proximal/distal pattern formati...	3	1	0.81	0.61215	1	BP
GO:0035970	peptidyl-threonine dephosphorylation	3	1	0.81	0.61215	1	BP
GO:0035922	foramen ovale closure	3	1	0.81	0.61215	1	BP
GO:0007412	axon target recognition	3	1	0.81	0.61215	1	BP
GO:0032753	positive regulation of interleukin-4 pro...	3	1	0.81	0.61215	1	BP
GO:0021801	cerebral cortex radial glia-guided migra...	3	1	0.81	0.61215	1	BP
GO:1902255	positive regulation of intrinsic apoptot...	3	1	0.81	0.61215	1	BP
GO:0007402	ganglion mother cell fate determination	3	1	0.81	0.61215	1	BP
GO:0034067	protein localization to Golgi apparatus	3	1	0.81	0.61215	1	BP
GO:0021561	facial nerve development	3	1	0.81	0.61215	1	BP
GO:0061620	glycolytic process through glucose-6-pho...	3	1	0.81	0.61215	1	BP
GO:0007194	negative regulation of adenylate cyclase...	3	1	0.81	0.61215	1	BP
GO:0061615	glycolytic process through fructose-6-ph...	3	1	0.81	0.61215	1	BP
GO:1902230	negative regulation of intrinsic apoptot...	3	1	0.81	0.61215	1	BP
GO:0071072	negative regulation of phospholipid bios...	3	1	0.81	0.61215	1	BP
GO:0021571	rhombomere 5 development	3	1	0.81	0.61215	1	BP
GO:0021524	visceral motor neuron differentiation	3	1	0.81	0.61215	1	BP
GO:0021542	dentate gyrus development	3	1	0.81	0.61215	1	BP
GO:0007171	activation of transmembrane receptor pro...	3	1	0.81	0.61215	1	BP
GO:0072578	neurotransmitter-gated ion channel clust...	3	1	0.81	0.61215	1	BP
GO:0010265	SCF complex assembly	3	1	0.81	0.61215	1	BP
GO:0007113	endomitotic cell cycle	3	1	0.81	0.61215	1	BP
GO:0072529	pyrimidine-containing compound catabolic...	3	1	0.81	0.61215	1	BP
GO:0007144	female meiosis I	3	1	0.81	0.61215	1	BP
GO:0015669	gas transport	3	1	0.81	0.61215	1	BP
GO:0048133	male germ-line stem cell asymmetric divi...	3	1	0.81	0.61215	1	BP
GO:0048138	germ-line cyst encapsulation	3	1	0.81	0.61215	1	BP
GO:2000406	positive regulation of T cell migration	3	1	0.81	0.61215	1	BP
GO:1905939	regulation of gonad development	3	1	0.81	0.61215	1	BP
GO:0009312	oligosaccharide biosynthetic process	3	1	0.81	0.61215	1	BP
GO:0032802	low-density lipoprotein particle recepto...	3	1	0.81	0.61215	1	BP
GO:1904081	positive regulation of transcription fro...	3	1	0.81	0.61215	1	BP
GO:0002775	antimicrobial peptide production	3	1	0.81	0.61215	1	BP
GO:0046931	pore complex assembly	3	1	0.81	0.61215	1	BP
GO:0021610	facial nerve morphogenesis	3	1	0.81	0.61215	1	BP
GO:0050856	regulation of T cell receptor signaling ...	3	1	0.81	0.61215	1	BP
GO:0002715	regulation of natural killer cell mediat...	3	1	0.81	0.61215	1	BP
GO:0007210	serotonin receptor signaling pathway	3	1	0.81	0.61215	1	BP
GO:0031033	myosin filament organization	3	1	0.81	0.61215	1	BP
GO:0045186	zonula adherens assembly	3	1	0.81	0.61215	1	BP
GO:0009452	7-methylguanosine RNA capping	3	1	0.81	0.61215	1	BP
GO:0045123	cellular extravasation	3	1	0.81	0.61215	1	BP
GO:0090073	positive regulation of protein homodimer...	3	1	0.81	0.61215	1	BP
GO:0090022	regulation of neutrophil chemotaxis	3	1	0.81	0.61215	1	BP
GO:0070920	regulation of production of small RNA in...	3	1	0.81	0.61215	1	BP
GO:0002820	negative regulation of adaptive immune r...	3	1	0.81	0.61215	1	BP
GO:0002823	negative regulation of adaptive immune r...	3	1	0.81	0.61215	1	BP
GO:0010896	regulation of triglyceride catabolic pro...	3	1	0.81	0.61215	1	BP
GO:0009169	purine ribonucleoside monophosphate cata...	3	1	0.81	0.61215	1	BP
GO:1901048	transforming growth factor beta receptor...	3	1	0.81	0.61215	1	BP
GO:0048742	regulation of skeletal muscle fiber deve...	3	1	0.81	0.61215	1	BP
GO:0010889	regulation of sequestering of triglyceri...	3	1	0.81	0.61215	1	BP
GO:0009158	ribonucleoside monophosphate catabolic p...	3	1	0.81	0.61215	1	BP
GO:0034393	positive regulation of smooth muscle cel...	3	1	0.81	0.61215	1	BP
GO:0009110	vitamin biosynthetic process	3	1	0.81	0.61215	1	BP
GO:0010837	regulation of keratinocyte proliferation	3	1	0.81	0.61215	1	BP
GO:2000757	negative regulation of peptidyl-lysine a...	3	1	0.81	0.61215	1	BP
GO:0043584	nose development	3	1	0.81	0.61215	1	BP
GO:2000773	negative regulation of cellular senescen...	3	1	0.81	0.61215	1	BP
GO:0071332	cellular response to fructose stimulus	3	1	0.81	0.61215	1	BP
GO:0048886	neuromast hair cell differentiation	3	1	0.81	0.61215	1	BP
GO:0060066	oviduct development	3	1	0.81	0.61215	1	BP
GO:0009299	mRNA transcription	3	1	0.81	0.61215	1	BP
GO:0060083	smooth muscle contraction involved in mi...	3	1	0.81	0.61215	1	BP
GO:0019375	galactolipid biosynthetic process	3	1	0.81	0.61215	1	BP
GO:0060073	micturition	3	1	0.81	0.61215	1	BP
GO:0009263	deoxyribonucleotide biosynthetic process	3	1	0.81	0.61215	1	BP
GO:0048816	ocellus morphogenesis	3	1	0.81	0.61215	1	BP
GO:0048818	positive regulation of hair follicle mat...	3	1	0.81	0.61215	1	BP
GO:0048843	negative regulation of axon extension in...	3	1	0.81	0.61215	1	BP
GO:0060022	hard palate development	3	1	0.81	0.61215	1	BP
GO:0048845	venous blood vessel morphogenesis	3	1	0.81	0.61215	1	BP
GO:1902668	negative regulation of axon guidance	3	1	0.81	0.61215	1	BP
GO:0043501	skeletal muscle adaptation	3	1	0.81	0.61215	1	BP
GO:0015985	energy coupled proton transport, down el...	3	1	0.81	0.61215	1	BP
GO:0015986	proton motive force-driven ATP synthesis	3	1	0.81	0.61215	1	BP
GO:0098760	response to interleukin-7	3	1	0.81	0.61215	1	BP
GO:0098761	cellular response to interleukin-7	3	1	0.81	0.61215	1	BP
GO:0002691	regulation of cellular extravasation	3	1	0.81	0.61215	1	BP
GO:1902622	regulation of neutrophil migration	3	1	0.81	0.61215	1	BP
GO:0045737	positive regulation of cyclin-dependent ...	3	1	0.81	0.61215	1	BP
GO:0009219	pyrimidine deoxyribonucleotide metabolic...	3	1	0.81	0.61215	1	BP
GO:0034453	microtubule anchoring	3	1	0.81	0.61215	1	BP
GO:0071472	cellular response to salt stress	3	1	0.81	0.61215	1	BP
GO:0071475	cellular hyperosmotic salinity response	3	1	0.81	0.61215	1	BP
GO:0031365	N-terminal protein amino acid modificati...	3	1	0.81	0.61215	1	BP
GO:0006012	galactose metabolic process	3	1	0.81	0.61215	1	BP
GO:1904380	endoplasmic reticulum mannose trimming	3	1	0.81	0.61215	1	BP
GO:0071415	cellular response to purine-containing c...	3	1	0.81	0.61215	1	BP
GO:0007567	parturition	3	1	0.81	0.61215	1	BP
GO:0080111	DNA demethylation	3	1	0.81	0.61215	1	BP
GO:0048570	notochord morphogenesis	3	1	0.81	0.61215	1	BP
GO:0007521	muscle cell fate determination	3	1	0.81	0.61215	1	BP
GO:0043649	dicarboxylic acid catabolic process	3	1	0.81	0.61215	1	BP
GO:0071409	cellular response to cycloheximide	3	1	0.81	0.61215	1	BP
GO:0020027	hemoglobin metabolic process	3	1	0.81	0.61215	1	BP
GO:0019405	alditol catabolic process	3	1	0.81	0.61215	1	BP
GO:0048664	neuron fate determination	3	1	0.81	0.61215	1	BP
GO:0097068	response to thyroxine	3	1	0.81	0.61215	1	BP
GO:2000543	positive regulation of gastrulation	3	1	0.81	0.61215	1	BP
GO:0048620	post-embryonic hindgut morphogenesis	3	1	0.81	0.61215	1	BP
GO:0032964	collagen biosynthetic process	3	1	0.81	0.61215	1	BP
GO:0045589	regulation of regulatory T cell differen...	3	1	0.81	0.61215	1	BP
GO:0032958	inositol phosphate biosynthetic process	3	1	0.81	0.61215	1	BP
GO:0036344	platelet morphogenesis	3	1	0.81	0.61215	1	BP
GO:0007634	optokinetic behavior	3	1	0.81	0.61215	1	BP
GO:0071294	cellular response to zinc ion	3	1	0.81	0.61215	1	BP
GO:0036336	dendritic cell migration	3	1	0.81	0.61215	1	BP
GO:1990416	cellular response to brain-derived neuro...	3	1	0.81	0.61215	1	BP
GO:0032925	regulation of activin receptor signaling...	3	1	0.81	0.61215	1	BP
GO:2000696	regulation of epithelial cell differenti...	3	1	0.81	0.61215	1	BP
GO:0036306	embryonic heart tube elongation	3	1	0.81	0.61215	1	BP
GO:0032930	positive regulation of superoxide anion ...	3	1	0.81	0.61215	1	BP
GO:0071280	cellular response to copper ion	3	1	0.81	0.61215	1	BP
GO:0045500	sevenless signaling pathway	3	1	0.81	0.61215	1	BP
GO:0031167	rRNA methylation	3	1	0.81	0.61215	1	BP
GO:0090435	protein localization to nuclear envelope	3	1	0.81	0.61215	1	BP
GO:0034244	negative regulation of transcription elo...	3	1	0.81	0.61215	1	BP
GO:0045663	positive regulation of myoblast differen...	3	1	0.81	0.61215	1	BP
GO:0031115	negative regulation of microtubule polym...	3	1	0.81	0.61215	1	BP
GO:0036474	cell death in response to hydrogen perox...	3	1	0.81	0.61215	1	BP
GO:0045655	regulation of monocyte differentiation	3	1	0.81	0.61215	1	BP
GO:0045656	negative regulation of monocyte differen...	3	1	0.81	0.61215	1	BP
GO:2000637	positive regulation of miRNA-mediated ge...	3	1	0.81	0.61215	1	BP
GO:0006390	mitochondrial transcription	3	1	0.81	0.61215	1	BP
GO:0016057	regulation of membrane potential in phot...	3	1	0.81	0.61215	1	BP
GO:0042463	ocellus photoreceptor cell development	3	1	0.81	0.61215	1	BP
GO:0045622	regulation of T-helper cell differentiat...	3	1	0.81	0.61215	1	BP
GO:0045623	negative regulation of T-helper cell dif...	3	1	0.81	0.61215	1	BP
GO:0009589	detection of UV	3	1	0.81	0.61215	1	BP
GO:0042454	ribonucleoside catabolic process	3	1	0.81	0.61215	1	BP
GO:0045612	positive regulation of hemocyte differen...	3	1	0.81	0.61215	1	BP
GO:0019249	lactate biosynthetic process	3	1	0.81	0.61215	1	BP
GO:0045647	negative regulation of erythrocyte diffe...	3	1	0.81	0.61215	1	BP
GO:0006370	7-methylguanosine mRNA capping	3	1	0.81	0.61215	1	BP
GO:0060307	regulation of ventricular cardiac muscle...	3	1	0.81	0.61215	1	BP
GO:0090177	establishment of planar polarity involve...	3	1	0.81	0.61215	1	BP
GO:0090178	regulation of establishment of planar po...	3	1	0.81	0.61215	1	BP
GO:0090179	planar cell polarity pathway involved in...	3	1	0.81	0.61215	1	BP
GO:0051365	cellular response to potassium ion starv...	3	1	0.81	0.61215	1	BP
GO:0043981	histone H4-K5 acetylation	3	1	0.81	0.61215	1	BP
GO:0043982	histone H4-K8 acetylation	3	1	0.81	0.61215	1	BP
GO:0031280	negative regulation of cyclase activity	3	1	0.81	0.61215	1	BP
GO:0051350	negative regulation of lyase activity	3	1	0.81	0.61215	1	BP
GO:0010990	regulation of SMAD protein complex assem...	3	1	0.81	0.61215	1	BP
GO:0010991	negative regulation of SMAD protein comp...	3	1	0.81	0.61215	1	BP
GO:0002922	positive regulation of humoral immune re...	3	1	0.81	0.61215	1	BP
GO:2001013	epithelial cell proliferation involved i...	3	1	0.81	0.61215	1	BP
GO:2001016	positive regulation of skeletal muscle c...	3	1	0.81	0.61215	1	BP
GO:0036158	outer dynein arm assembly	3	1	0.81	0.61215	1	BP
GO:0022030	telencephalon glial cell migration	3	1	0.81	0.61215	1	BP
GO:0060457	negative regulation of digestive system ...	3	1	0.81	0.61215	1	BP
GO:0060487	lung epithelial cell differentiation	3	1	0.81	0.61215	1	BP
GO:0010955	negative regulation of protein processin...	3	1	0.81	0.61215	1	BP
GO:0010985	negative regulation of lipoprotein parti...	3	1	0.81	0.61215	1	BP
GO:0010988	regulation of low-density lipoprotein pa...	3	1	0.81	0.61215	1	BP
GO:0010989	negative regulation of low-density lipop...	3	1	0.81	0.61215	1	BP
GO:0042159	lipoprotein catabolic process	3	1	0.81	0.61215	1	BP
GO:0010911	regulation of isomerase activity	3	1	0.81	0.61215	1	BP
GO:0010912	positive regulation of isomerase activit...	3	1	0.81	0.61215	1	BP
GO:0150065	regulation of deacetylase activity	3	1	0.81	0.61215	1	BP
GO:0006474	N-terminal protein amino acid acetylatio...	3	1	0.81	0.61215	1	BP
GO:0009635	response to herbicide	3	1	0.81	0.61215	1	BP
GO:0150078	positive regulation of neuroinflammatory...	3	1	0.81	0.61215	1	BP
GO:1904778	positive regulation of protein localizat...	3	1	0.81	0.61215	1	BP
GO:0090237	regulation of arachidonic acid secretion	3	1	0.81	0.61215	1	BP
GO:1904747	positive regulation of apoptotic process...	3	1	0.81	0.61215	1	BP
GO:1901223	negative regulation of NIK/NF-kappaB sig...	3	1	0.81	0.61215	1	BP
GO:0097325	melanocyte proliferation	3	1	0.81	0.61215	1	BP
GO:0071593	lymphocyte aggregation	3	1	0.81	0.61215	1	BP
GO:0042269	regulation of natural killer cell mediat...	3	1	0.81	0.61215	1	BP
GO:0060148	positive regulation of post-transcriptio...	3	1	0.81	0.61215	1	BP
GO:0097332	response to antipsychotic drug	3	1	0.81	0.61215	1	BP
GO:0097338	response to clozapine	3	1	0.81	0.61215	1	BP
GO:0071569	protein ufmylation	3	1	0.81	0.61215	1	BP
GO:0071554	cell wall organization or biogenesis	3	1	0.81	0.61215	1	BP
GO:1990700	nucleolar chromatin organization	3	1	0.81	0.61215	1	BP
GO:0090727	positive regulation of brood size	3	1	0.81	0.61215	1	BP
GO:0006113	fermentation	3	1	0.81	0.61215	1	BP
GO:0033005	positive regulation of mast cell activat...	3	1	0.81	0.61215	1	BP
GO:0033008	positive regulation of mast cell activat...	3	1	0.81	0.61215	1	BP
GO:0019563	glycerol catabolic process	3	1	0.81	0.61215	1	BP
GO:0060253	negative regulation of glial cell prolif...	3	1	0.81	0.61215	1	BP
GO:0016360	sensory organ precursor cell fate determ...	3	1	0.81	0.61215	1	BP
GO:0019516	lactate oxidation	3	1	0.81	0.61215	1	BP
GO:1903054	negative regulation of extracellular mat...	3	1	0.81	0.61215	1	BP
GO:0019541	propionate metabolic process	3	1	0.81	0.61215	1	BP
GO:0019543	propionate catabolic process	3	1	0.81	0.61215	1	BP
GO:0045911	positive regulation of DNA recombination	3	1	0.81	0.61215	1	BP
GO:0099177	regulation of trans-synaptic signaling	107	38	28.95	0.61382	1	BP
GO:0050804	modulation of chemical synaptic transmis...	107	38	28.95	0.61382	1	BP
GO:0001933	negative regulation of protein phosphory...	65	17	17.59	0.61408	1	BP
GO:0048839	inner ear development	65	17	17.59	0.61408	1	BP
GO:0005975	carbohydrate metabolic process	96	30	25.98	0.61589	1	BP
GO:0031532	actin cytoskeleton reorganization	19	5	5.14	0.616	1	BP
GO:0006754	ATP biosynthetic process	19	5	5.14	0.616	1	BP
GO:0001578	microtubule bundle formation	19	5	5.14	0.616	1	BP
GO:2001243	negative regulation of intrinsic apoptot...	19	5	5.14	0.616	1	BP
GO:0007006	mitochondrial membrane organization	19	5	5.14	0.616	1	BP
GO:0043484	regulation of RNA splicing	19	5	5.14	0.616	1	BP
GO:0021515	cell differentiation in spinal cord	19	5	5.14	0.616	1	BP
GO:0002221	pattern recognition receptor signaling p...	19	5	5.14	0.616	1	BP
GO:0010811	positive regulation of cell-substrate ad...	19	5	5.14	0.616	1	BP
GO:0002685	regulation of leukocyte migration	19	5	5.14	0.616	1	BP
GO:0098869	cellular oxidant detoxification	19	5	5.14	0.616	1	BP
GO:0051101	regulation of DNA binding	19	5	5.14	0.616	1	BP
GO:0046777	protein autophosphorylation	46	12	12.45	0.61602	1	BP
GO:0010564	regulation of cell cycle process	152	40	41.13	0.61725	1	BP
GO:0002757	immune response-activating signal transd...	33	12	8.93	0.61834	1	BP
GO:0007015	actin filament organization	69	18	18.67	0.61971	1	BP
GO:0051051	negative regulation of transport	88	23	23.81	0.62028	1	BP
GO:0051707	response to other organism	186	49	50.33	0.6207	1	BP
GO:0043207	response to external biotic stimulus	186	49	50.33	0.6207	1	BP
GO:0051293	establishment of spindle localization	23	6	6.22	0.62095	1	BP
GO:0006835	dicarboxylic acid transport	23	6	6.22	0.62095	1	BP
GO:0044264	cellular polysaccharide metabolic proces...	23	6	6.22	0.62095	1	BP
GO:0046660	female sex differentiation	23	6	6.22	0.62095	1	BP
GO:0048580	regulation of post-embryonic development	23	6	6.22	0.62095	1	BP
GO:0010623	programmed cell death involved in cell d...	23	6	6.22	0.62095	1	BP
GO:0042755	eating behavior	23	6	6.22	0.62095	1	BP
GO:0097237	cellular response to toxic substance	50	13	13.53	0.62179	1	BP
GO:0030278	regulation of ossification	50	13	13.53	0.62179	1	BP
GO:0018209	peptidyl-serine modification	57	21	15.42	0.62378	1	BP
GO:0006887	exocytosis	126	33	34.09	0.62465	1	BP
GO:0048167	regulation of synaptic plasticity	45	16	12.18	0.62469	1	BP
GO:0001503	ossification	73	19	19.75	0.6251	1	BP
GO:0051249	regulation of lymphocyte activation	43	15	11.64	0.62587	1	BP
GO:0031929	TOR signaling	27	7	7.31	0.62591	1	BP
GO:0006997	nucleus organization	27	7	7.31	0.62591	1	BP
GO:0006906	vesicle fusion	27	7	7.31	0.62591	1	BP
GO:0007034	vacuolar transport	27	7	7.31	0.62591	1	BP
GO:0030833	regulation of actin filament polymerizat...	27	7	7.31	0.62591	1	BP
GO:0030901	midbrain development	27	7	7.31	0.62591	1	BP
GO:0006399	tRNA metabolic process	27	7	7.31	0.62591	1	BP
GO:0042127	regulation of cell population proliferat...	275	76	74.41	0.62704	1	BP
GO:0001894	tissue homeostasis	54	14	14.61	0.62729	1	BP
GO:0018205	peptidyl-lysine modification	54	14	14.61	0.62729	1	BP
GO:0000122	negative regulation of transcription by ...	164	43	44.38	0.63074	1	BP
GO:0000070	mitotic sister chromatid segregation	31	8	8.39	0.6308	1	BP
GO:0007043	cell-cell junction assembly	31	8	8.39	0.6308	1	BP
GO:0030217	T cell differentiation	31	8	8.39	0.6308	1	BP
GO:1902105	regulation of leukocyte differentiation	31	8	8.39	0.6308	1	BP
GO:0017156	calcium-ion regulated exocytosis	31	8	8.39	0.6308	1	BP
GO:0097327	response to antineoplastic agent	31	8	8.39	0.6308	1	BP
GO:0060113	inner ear receptor cell differentiation	31	8	8.39	0.6308	1	BP
GO:0030100	regulation of endocytosis	58	15	15.69	0.63255	1	BP
GO:0016050	vesicle organization	58	15	15.69	0.63255	1	BP
GO:0001655	urogenital system development	100	26	27.06	0.63527	1	BP
GO:0035220	wing disc development	81	21	21.92	0.6353	1	BP
GO:0072594	establishment of protein localization to...	81	21	21.92	0.6353	1	BP
GO:0007163	establishment or maintenance of cell pol...	81	21	21.92	0.6353	1	BP
GO:0098656	anion transmembrane transport	81	21	21.92	0.6353	1	BP
GO:0009887	animal organ morphogenesis	333	88	90.11	0.63539	1	BP
GO:0030001	metal ion transport	142	50	38.42	0.63545	1	BP
GO:0008154	actin polymerization or depolymerization	35	9	9.47	0.63559	1	BP
GO:0021536	diencephalon development	35	9	9.47	0.63559	1	BP
GO:0045667	regulation of osteoblast differentiation	35	9	9.47	0.63559	1	BP
GO:0090407	organophosphate biosynthetic process	119	31	32.2	0.63647	1	BP
GO:0044255	cellular lipid metabolic process	165	48	44.65	0.63904	1	BP
GO:0055082	cellular chemical homeostasis	146	54	39.51	0.63959	1	BP
GO:0060560	developmental growth involved in morphog...	85	22	23	0.64014	1	BP
GO:0009259	ribonucleotide metabolic process	85	22	23	0.64014	1	BP
GO:0015718	monocarboxylic acid transport	39	10	10.55	0.64027	1	BP
GO:0060562	epithelial tube morphogenesis	206	54	55.74	0.64148	1	BP
GO:0050865	regulation of cell activation	59	19	15.97	0.642	1	BP
GO:0032868	response to insulin	66	17	17.86	0.64247	1	BP
GO:0007405	neuroblast proliferation	43	11	11.64	0.64482	1	BP
GO:0009260	ribonucleotide biosynthetic process	43	11	11.64	0.64482	1	BP
GO:0052547	regulation of peptidase activity	43	11	11.64	0.64482	1	BP
GO:0009266	response to temperature stimulus	81	27	21.92	0.64534	1	BP
GO:0072073	kidney epithelium development	47	12	12.72	0.64925	1	BP
GO:0072659	protein localization to plasma membrane	47	12	12.72	0.64925	1	BP
GO:0010506	regulation of autophagy	58	23	15.69	0.65033	1	BP
GO:0010959	regulation of metal ion transport	65	26	17.59	0.6507	1	BP
GO:0042592	homeostatic process	319	101	86.32	0.65145	1	BP
GO:0007267	cell-cell signaling	304	93	82.26	0.65168	1	BP
GO:0010256	endomembrane system organization	97	25	26.25	0.65377	1	BP
GO:0009968	negative regulation of signal transducti...	237	62	64.13	0.65613	1	BP
GO:0050803	regulation of synapse structure or activ...	79	25	21.38	0.65664	1	BP
GO:0022414	reproductive process	443	117	119.87	0.65704	1	BP
GO:0002164	larval development	120	31	32.47	0.65749	1	BP
GO:0045665	negative regulation of neuron differenti...	55	14	14.88	0.65778	1	BP
GO:0007292	female gamete generation	158	41	42.75	0.65924	1	BP
GO:0043065	positive regulation of apoptotic process	124	32	33.55	0.6616	1	BP
GO:0048477	oogenesis	143	37	38.69	0.66203	1	BP
GO:0006289	nucleotide-excision repair	20	5	5.41	0.66572	1	BP
GO:0051294	establishment of spindle orientation	20	5	5.41	0.66572	1	BP
GO:0008033	tRNA processing	20	5	5.41	0.66572	1	BP
GO:0140029	exocytic process	20	5	5.41	0.66572	1	BP
GO:0048259	regulation of receptor-mediated endocyto...	20	5	5.41	0.66572	1	BP
GO:0045138	nematode male tail tip morphogenesis	20	5	5.41	0.66572	1	BP
GO:0071356	cellular response to tumor necrosis fact...	20	5	5.41	0.66572	1	BP
GO:0009268	response to pH	20	5	5.41	0.66572	1	BP
GO:0030900	forebrain development	109	28	29.49	0.66629	1	BP
GO:0006275	regulation of DNA replication	24	6	6.49	0.66631	1	BP
GO:0051653	spindle localization	24	6	6.49	0.66631	1	BP
GO:0051931	regulation of sensory perception	24	6	6.49	0.66631	1	BP
GO:0007447	imaginal disc pattern formation	24	6	6.49	0.66631	1	BP
GO:0002250	adaptive immune response	24	6	6.49	0.66631	1	BP
GO:0005976	polysaccharide metabolic process	24	6	6.49	0.66631	1	BP
GO:0050680	negative regulation of epithelial cell p...	24	6	6.49	0.66631	1	BP
GO:0014013	regulation of gliogenesis	24	6	6.49	0.66631	1	BP
GO:0044000	movement in host	16	4	4.33	0.66678	1	BP
GO:0051785	positive regulation of nuclear division	16	4	4.33	0.66678	1	BP
GO:0042698	ovulation cycle	16	4	4.33	0.66678	1	BP
GO:0044409	entry into host	16	4	4.33	0.66678	1	BP
GO:1901998	toxin transport	16	4	4.33	0.66678	1	BP
GO:0035222	wing disc pattern formation	16	4	4.33	0.66678	1	BP
GO:0070301	cellular response to hydrogen peroxide	16	4	4.33	0.66678	1	BP
GO:0048024	regulation of mRNA splicing, via spliceo...	16	4	4.33	0.66678	1	BP
GO:0030279	negative regulation of ossification	16	4	4.33	0.66678	1	BP
GO:1905515	non-motile cilium assembly	16	4	4.33	0.66678	1	BP
GO:0046605	regulation of centrosome cycle	16	4	4.33	0.66678	1	BP
GO:0010464	regulation of mesenchymal cell prolifera...	16	4	4.33	0.66678	1	BP
GO:0007143	female meiotic nuclear division	16	4	4.33	0.66678	1	BP
GO:1904397	negative regulation of neuromuscular jun...	16	4	4.33	0.66678	1	BP
GO:0045833	negative regulation of lipid metabolic p...	16	4	4.33	0.66678	1	BP
GO:0090329	regulation of DNA-templated DNA replicat...	16	4	4.33	0.66678	1	BP
GO:0034103	regulation of tissue remodeling	16	4	4.33	0.66678	1	BP
GO:0048641	regulation of skeletal muscle tissue dev...	16	4	4.33	0.66678	1	BP
GO:0062014	negative regulation of small molecule me...	16	4	4.33	0.66678	1	BP
GO:0042147	retrograde transport, endosome to Golgi	16	4	4.33	0.66678	1	BP
GO:0051149	positive regulation of muscle cell diffe...	16	4	4.33	0.66678	1	BP
GO:0043281	regulation of cysteine-type endopeptidas...	28	7	7.58	0.66785	1	BP
GO:0015695	organic cation transport	28	7	7.58	0.66785	1	BP
GO:0009166	nucleotide catabolic process	28	7	7.58	0.66785	1	BP
GO:1901292	nucleoside phosphate catabolic process	28	7	7.58	0.66785	1	BP
GO:0003013	circulatory system process	109	43	29.49	0.66834	1	BP
GO:0002252	immune effector process	132	34	35.72	0.66954	1	BP
GO:0006954	inflammatory response	67	17	18.13	0.66979	1	BP
GO:0030041	actin filament polymerization	32	8	8.66	0.66996	1	BP
GO:0032502	developmental process	1086	290	293.87	0.67045	1	BP
GO:0044058	regulation of digestive system process	12	3	3.25	0.67105	1	BP
GO:2001169	regulation of ATP biosynthetic process	12	3	3.25	0.67105	1	BP
GO:0062207	regulation of pattern recognition recept...	12	3	3.25	0.67105	1	BP
GO:0046068	cGMP metabolic process	12	3	3.25	0.67105	1	BP
GO:0006672	ceramide metabolic process	12	3	3.25	0.67105	1	BP
GO:0035159	regulation of tube length, open tracheal...	12	3	3.25	0.67105	1	BP
GO:0060966	regulation of gene silencing by RNA	12	3	3.25	0.67105	1	BP
GO:0046473	phosphatidic acid metabolic process	12	3	3.25	0.67105	1	BP
GO:0022602	ovulation cycle process	12	3	3.25	0.67105	1	BP
GO:0033574	response to testosterone	12	3	3.25	0.67105	1	BP
GO:1903555	regulation of tumor necrosis factor supe...	12	3	3.25	0.67105	1	BP
GO:0030219	megakaryocyte differentiation	12	3	3.25	0.67105	1	BP
GO:0046580	negative regulation of Ras protein signa...	12	3	3.25	0.67105	1	BP
GO:0030811	regulation of nucleotide catabolic proce...	12	3	3.25	0.67105	1	BP
GO:1902743	regulation of lamellipodium organization	12	3	3.25	0.67105	1	BP
GO:0002832	negative regulation of response to bioti...	12	3	3.25	0.67105	1	BP
GO:0032680	regulation of tumor necrosis factor prod...	12	3	3.25	0.67105	1	BP
GO:0010591	regulation of lamellipodium assembly	12	3	3.25	0.67105	1	BP
GO:0045880	positive regulation of smoothened signal...	12	3	3.25	0.67105	1	BP
GO:0007530	sex determination	12	3	3.25	0.67105	1	BP
GO:0045638	negative regulation of myeloid cell diff...	12	3	3.25	0.67105	1	BP
GO:0010960	magnesium ion homeostasis	12	3	3.25	0.67105	1	BP
GO:0051306	mitotic sister chromatid separation	12	3	3.25	0.67105	1	BP
GO:0006110	regulation of glycolytic process	12	3	3.25	0.67105	1	BP
GO:0046034	ATP metabolic process	36	9	9.74	0.67242	1	BP
GO:0007030	Golgi organization	36	9	9.74	0.67242	1	BP
GO:0007565	female pregnancy	36	9	9.74	0.67242	1	BP
GO:0051048	negative regulation of secretion	36	9	9.74	0.67242	1	BP
GO:0006364	rRNA processing	36	9	9.74	0.67242	1	BP
GO:0033673	negative regulation of kinase activity	40	10	10.82	0.67512	1	BP
GO:0051302	regulation of cell division	40	10	10.82	0.67512	1	BP
GO:0019953	sexual reproduction	321	84	86.86	0.67545	1	BP
GO:0006749	glutathione metabolic process	18	9	4.87	0.67766	1	BP
GO:0009893	positive regulation of metabolic process	544	152	147.2	0.67799	1	BP
GO:0043269	regulation of ion transport	104	38	28.14	0.67951	1	BP
GO:0001932	regulation of protein phosphorylation	202	58	54.66	0.67975	1	BP
GO:0048638	regulation of developmental growth	144	37	38.97	0.6808	1	BP
GO:0030902	hindbrain development	48	12	12.99	0.68089	1	BP
GO:0010632	regulation of epithelial cell migration	48	12	12.99	0.68089	1	BP
GO:0001822	kidney development	79	20	21.38	0.68098	1	BP
GO:0030855	epithelial cell differentiation	182	47	49.25	0.68162	1	BP
GO:0016325	oocyte microtubule cytoskeleton organiza...	8	2	2.16	0.6826	1	BP
GO:0051299	centrosome separation	8	2	2.16	0.6826	1	BP
GO:0006220	pyrimidine nucleotide metabolic process	8	2	2.16	0.6826	1	BP
GO:0051231	spindle elongation	8	2	2.16	0.6826	1	BP
GO:0051782	negative regulation of cell division	8	2	2.16	0.6826	1	BP
GO:0035036	sperm-egg recognition	8	2	2.16	0.6826	1	BP
GO:0086070	SA node cell to atrial cardiac muscle ce...	8	2	2.16	0.6826	1	BP
GO:0086015	SA node cell action potential	8	2	2.16	0.6826	1	BP
GO:0086018	SA node cell to atrial cardiac muscle ce...	8	2	2.16	0.6826	1	BP
GO:0033363	secretory granule organization	8	2	2.16	0.6826	1	BP
GO:0060841	venous blood vessel development	8	2	2.16	0.6826	1	BP
GO:0003338	metanephros morphogenesis	8	2	2.16	0.6826	1	BP
GO:0033146	regulation of intracellular estrogen rec...	8	2	2.16	0.6826	1	BP
GO:1903431	positive regulation of cell maturation	8	2	2.16	0.6826	1	BP
GO:0061099	negative regulation of protein tyrosine ...	8	2	2.16	0.6826	1	BP
GO:0035313	wound healing, spreading of epidermal ce...	8	2	2.16	0.6826	1	BP
GO:0003197	endocardial cushion development	8	2	2.16	0.6826	1	BP
GO:0015012	heparan sulfate proteoglycan biosyntheti...	8	2	2.16	0.6826	1	BP
GO:0033762	response to glucagon	8	2	2.16	0.6826	1	BP
GO:0003254	regulation of membrane depolarization	8	2	2.16	0.6826	1	BP
GO:1903792	negative regulation of anion transport	8	2	2.16	0.6826	1	BP
GO:0003230	cardiac atrium development	8	2	2.16	0.6826	1	BP
GO:0060914	heart formation	8	2	2.16	0.6826	1	BP
GO:0035283	central nervous system segmentation	8	2	2.16	0.6826	1	BP
GO:0035284	brain segmentation	8	2	2.16	0.6826	1	BP
GO:0099518	vesicle cytoskeletal trafficking	8	2	2.16	0.6826	1	BP
GO:0051972	regulation of telomerase activity	8	2	2.16	0.6826	1	BP
GO:0051973	positive regulation of telomerase activi...	8	2	2.16	0.6826	1	BP
GO:0051926	negative regulation of calcium ion trans...	8	2	2.16	0.6826	1	BP
GO:0061318	renal filtration cell differentiation	8	2	2.16	0.6826	1	BP
GO:0033522	histone H2A ubiquitination	8	2	2.16	0.6826	1	BP
GO:0043052	thermotaxis	8	2	2.16	0.6826	1	BP
GO:0044550	secondary metabolite biosynthetic proces...	8	2	2.16	0.6826	1	BP
GO:0000305	response to oxygen radical	8	2	2.16	0.6826	1	BP
GO:0032309	icosanoid secretion	8	2	2.16	0.6826	1	BP
GO:0030262	apoptotic nuclear changes	8	2	2.16	0.6826	1	BP
GO:0070841	inclusion body assembly	8	2	2.16	0.6826	1	BP
GO:0072243	metanephric nephron epithelium developme...	8	2	2.16	0.6826	1	BP
GO:0046666	retinal cell programmed cell death	8	2	2.16	0.6826	1	BP
GO:0072207	metanephric epithelium development	8	2	2.16	0.6826	1	BP
GO:0070528	protein kinase C signaling	8	2	2.16	0.6826	1	BP
GO:0030859	polarized epithelial cell differentiatio...	8	2	2.16	0.6826	1	BP
GO:0032210	regulation of telomere maintenance via t...	8	2	2.16	0.6826	1	BP
GO:0061515	myeloid cell development	8	2	2.16	0.6826	1	BP
GO:0045332	phospholipid translocation	8	2	2.16	0.6826	1	BP
GO:0021554	optic nerve development	8	2	2.16	0.6826	1	BP
GO:0021527	spinal cord association neuron different...	8	2	2.16	0.6826	1	BP
GO:1905953	negative regulation of lipid localizatio...	8	2	2.16	0.6826	1	BP
GO:2000401	regulation of lymphocyte migration	8	2	2.16	0.6826	1	BP
GO:0007263	nitric oxide mediated signal transductio...	8	2	2.16	0.6826	1	BP
GO:0010715	regulation of extracellular matrix disas...	8	2	2.16	0.6826	1	BP
GO:0090050	positive regulation of cell migration in...	8	2	2.16	0.6826	1	BP
GO:0036010	protein localization to endosome	8	2	2.16	0.6826	1	BP
GO:0071364	cellular response to epidermal growth fa...	8	2	2.16	0.6826	1	BP
GO:0050688	regulation of defense response to virus	8	2	2.16	0.6826	1	BP
GO:0009261	ribonucleotide catabolic process	8	2	2.16	0.6826	1	BP
GO:0060039	pericardium development	8	2	2.16	0.6826	1	BP
GO:0071470	cellular response to osmotic stress	8	2	2.16	0.6826	1	BP
GO:0007566	embryo implantation	8	2	2.16	0.6826	1	BP
GO:0051084	'de novo' post-translational protein fol...	8	2	2.16	0.6826	1	BP
GO:0032922	circadian regulation of gene expression	8	2	2.16	0.6826	1	BP
GO:0097035	regulation of membrane lipid distributio...	8	2	2.16	0.6826	1	BP
GO:0007603	phototransduction, visible light	8	2	2.16	0.6826	1	BP
GO:0050994	regulation of lipid catabolic process	8	2	2.16	0.6826	1	BP
GO:0034204	lipid translocation	8	2	2.16	0.6826	1	BP
GO:0016056	rhodopsin mediated signaling pathway	8	2	2.16	0.6826	1	BP
GO:0090136	epithelial cell-cell adhesion	8	2	2.16	0.6826	1	BP
GO:0010996	response to auditory stimulus	8	2	2.16	0.6826	1	BP
GO:0042116	macrophage activation	8	2	2.16	0.6826	1	BP
GO:0071806	protein transmembrane transport	8	2	2.16	0.6826	1	BP
GO:1904705	regulation of vascular associated smooth...	8	2	2.16	0.6826	1	BP
GO:0051154	negative regulation of striated muscle c...	8	2	2.16	0.6826	1	BP
GO:0045986	negative regulation of smooth muscle con...	8	2	2.16	0.6826	1	BP
GO:2000147	positive regulation of cell motility	83	21	22.46	0.68456	1	BP
GO:0097190	apoptotic signaling pathway	99	34	26.79	0.6865	1	BP
GO:0006629	lipid metabolic process	206	58	55.74	0.68831	1	BP
GO:0009628	response to abiotic stimulus	286	101	77.39	0.68889	1	BP
GO:0019538	protein metabolic process	756	222	204.57	0.68998	1	BP
GO:0015711	organic anion transport	91	23	24.62	0.69149	1	BP
GO:0042060	wound healing	91	23	24.62	0.69149	1	BP
GO:0007507	heart development	137	35	37.07	0.69228	1	BP
GO:0060538	skeletal muscle organ development	64	16	17.32	0.69293	1	BP
GO:1901361	organic cyclic compound catabolic proces...	95	24	25.71	0.69486	1	BP
GO:0007423	sensory organ development	217	56	58.72	0.69625	1	BP
GO:0006873	cellular ion homeostasis	116	46	31.39	0.70045	1	BP
GO:0010604	positive regulation of macromolecule met...	512	143	138.54	0.70377	1	BP
GO:0055074	calcium ion homeostasis	82	38	22.19	0.70423	1	BP
GO:0043068	positive regulation of programmed cell d...	130	33	35.18	0.70426	1	BP
GO:0007266	Rho protein signal transduction	33	8	8.93	0.7065	1	BP
GO:0007286	spermatid development	33	8	8.93	0.7065	1	BP
GO:0017145	stem cell division	33	8	8.93	0.7065	1	BP
GO:0009060	aerobic respiration	29	7	7.85	0.70677	1	BP
GO:0000281	mitotic cytokinesis	29	7	7.85	0.70677	1	BP
GO:2000116	regulation of cysteine-type endopeptidas...	29	7	7.85	0.70677	1	BP
GO:0051091	positive regulation of DNA-binding trans...	29	7	7.85	0.70677	1	BP
GO:0090174	organelle membrane fusion	29	7	7.85	0.70677	1	BP
GO:0071826	ribonucleoprotein complex subunit organi...	37	9	10.01	0.70695	1	BP
GO:0051301	cell division	111	28	30.04	0.70773	1	BP
GO:0061333	renal tubule morphogenesis	41	10	11.09	0.7079	1	BP
GO:0042461	photoreceptor cell development	41	10	11.09	0.7079	1	BP
GO:0034612	response to tumor necrosis factor	25	6	6.76	0.70809	1	BP
GO:0006888	endoplasmic reticulum to Golgi vesicle-m...	25	6	6.76	0.70809	1	BP
GO:0016192	vesicle-mediated transport	316	82	85.51	0.7081	1	BP
GO:0042325	regulation of phosphorylation	223	63	60.34	0.70851	1	BP
GO:0030029	actin filament-based process	157	40	42.48	0.70873	1	BP
GO:0016197	endosomal transport	45	11	12.18	0.70922	1	BP
GO:0031647	regulation of protein stability	45	11	12.18	0.70922	1	BP
GO:0046390	ribose phosphate biosynthetic process	45	11	12.18	0.70922	1	BP
GO:0050920	regulation of chemotaxis	45	11	12.18	0.70922	1	BP
GO:0019693	ribose phosphate metabolic process	88	22	23.81	0.71065	1	BP
GO:1990138	neuron projection extension	49	12	13.26	0.7108	1	BP
GO:0042330	taxis	180	46	48.71	0.71097	1	BP
GO:0001656	metanephros development	21	5	5.68	0.71103	1	BP
GO:0071901	negative regulation of protein serine/th...	21	5	5.68	0.71103	1	BP
GO:0006665	sphingolipid metabolic process	21	5	5.68	0.71103	1	BP
GO:0001936	regulation of endothelial cell prolifera...	21	5	5.68	0.71103	1	BP
GO:0046425	regulation of receptor signaling pathway...	21	5	5.68	0.71103	1	BP
GO:1903707	negative regulation of hemopoiesis	21	5	5.68	0.71103	1	BP
GO:0002040	sprouting angiogenesis	21	5	5.68	0.71103	1	BP
GO:0046716	muscle cell cellular homeostasis	21	5	5.68	0.71103	1	BP
GO:1905809	negative regulation of synapse organizat...	21	5	5.68	0.71103	1	BP
GO:0010463	mesenchymal cell proliferation	21	5	5.68	0.71103	1	BP
GO:0030510	regulation of BMP signaling pathway	21	5	5.68	0.71103	1	BP
GO:0007419	ventral cord development	21	5	5.68	0.71103	1	BP
GO:0046939	nucleotide phosphorylation	21	5	5.68	0.71103	1	BP
GO:0009145	purine nucleoside triphosphate biosynthe...	21	5	5.68	0.71103	1	BP
GO:0050684	regulation of mRNA processing	21	5	5.68	0.71103	1	BP
GO:0009206	purine ribonucleoside triphosphate biosy...	21	5	5.68	0.71103	1	BP
GO:0042475	odontogenesis of dentin-containing tooth	21	5	5.68	0.71103	1	BP
GO:0042446	hormone biosynthetic process	21	5	5.68	0.71103	1	BP
GO:1990748	cellular detoxification	21	5	5.68	0.71103	1	BP
GO:0006165	nucleoside diphosphate phosphorylation	21	5	5.68	0.71103	1	BP
GO:1904892	regulation of receptor signaling pathway...	21	5	5.68	0.71103	1	BP
GO:0051153	regulation of striated muscle cell diffe...	21	5	5.68	0.71103	1	BP
GO:0071495	cellular response to endogenous stimulus	269	72	72.79	0.71306	1	BP
GO:0080135	regulation of cellular response to stres...	124	35	33.55	0.71402	1	BP
GO:0007281	germ cell development	184	47	49.79	0.71405	1	BP
GO:0002260	lymphocyte homeostasis	12	7	3.25	0.71426	1	BP
GO:0044843	cell cycle G1/S phase transition	57	14	15.42	0.71451	1	BP
GO:0072521	purine-containing compound metabolic pro...	96	24	25.98	0.71634	1	BP
GO:0016441	post-transcriptional gene silencing	17	4	4.6	0.71662	1	BP
GO:2001251	negative regulation of chromosome organi...	17	4	4.6	0.71662	1	BP
GO:0097581	lamellipodium organization	17	4	4.6	0.71662	1	BP
GO:0061035	regulation of cartilage development	17	4	4.6	0.71662	1	BP
GO:0030032	lamellipodium assembly	17	4	4.6	0.71662	1	BP
GO:0035194	post-transcriptional gene silencing by R...	17	4	4.6	0.71662	1	BP
GO:0003281	ventricular septum development	17	4	4.6	0.71662	1	BP
GO:0046128	purine ribonucleoside metabolic process	17	4	4.6	0.71662	1	BP
GO:0007379	segment specification	17	4	4.6	0.71662	1	BP
GO:0050764	regulation of phagocytosis	17	4	4.6	0.71662	1	BP
GO:0009124	nucleoside monophosphate biosynthetic pr...	17	4	4.6	0.71662	1	BP
GO:0090307	mitotic spindle assembly	17	4	4.6	0.71662	1	BP
GO:0090101	negative regulation of transmembrane rec...	17	4	4.6	0.71662	1	BP
GO:0042278	purine nucleoside metabolic process	17	4	4.6	0.71662	1	BP
GO:0006119	oxidative phosphorylation	17	4	4.6	0.71662	1	BP
GO:0060232	delamination	4	1	1.08	0.71726	1	BP
GO:0001774	microglial cell activation	4	1	1.08	0.71726	1	BP
GO:0006270	DNA replication initiation	4	1	1.08	0.71726	1	BP
GO:0016339	calcium-dependent cell-cell adhesion via...	4	1	1.08	0.71726	1	BP
GO:0038030	non-canonical Wnt signaling pathway via ...	4	1	1.08	0.71726	1	BP
GO:0038031	non-canonical Wnt signaling pathway via ...	4	1	1.08	0.71726	1	BP
GO:0019692	deoxyribose phosphate metabolic process	4	1	1.08	0.71726	1	BP
GO:0003011	involuntary skeletal muscle contraction	4	1	1.08	0.71726	1	BP
GO:0019626	short-chain fatty acid catabolic process	4	1	1.08	0.71726	1	BP
GO:0035099	hemocyte migration	4	1	1.08	0.71726	1	BP
GO:0051798	positive regulation of hair follicle dev...	4	1	1.08	0.71726	1	BP
GO:0001839	neural plate morphogenesis	4	1	1.08	0.71726	1	BP
GO:0008063	Toll signaling pathway	4	1	1.08	0.71726	1	BP
GO:0008052	sensory organ boundary specification	4	1	1.08	0.71726	1	BP
GO:0008056	ocellus development	4	1	1.08	0.71726	1	BP
GO:0035001	dorsal trunk growth, open tracheal syste...	4	1	1.08	0.71726	1	BP
GO:0086012	membrane depolarization during cardiac m...	4	1	1.08	0.71726	1	BP
GO:0016180	snRNA processing	4	1	1.08	0.71726	1	BP
GO:0033333	fin development	4	1	1.08	0.71726	1	BP
GO:2001170	negative regulation of ATP biosynthetic ...	4	1	1.08	0.71726	1	BP
GO:0060582	cell fate determination involved in patt...	4	1	1.08	0.71726	1	BP
GO:0001682	tRNA 5'-leader removal	4	1	1.08	0.71726	1	BP
GO:0006560	proline metabolic process	4	1	1.08	0.71726	1	BP
GO:0099116	tRNA 5'-end processing	4	1	1.08	0.71726	1	BP
GO:0006522	alanine metabolic process	4	1	1.08	0.71726	1	BP
GO:0042635	positive regulation of hair cycle	4	1	1.08	0.71726	1	BP
GO:2001280	positive regulation of unsaturated fatty...	4	1	1.08	0.71726	1	BP
GO:0044351	macropinocytosis	4	1	1.08	0.71726	1	BP
GO:0006544	glycine metabolic process	4	1	1.08	0.71726	1	BP
GO:2001279	regulation of unsaturated fatty acid bio...	4	1	1.08	0.71726	1	BP
GO:0006531	aspartate metabolic process	4	1	1.08	0.71726	1	BP
GO:0033198	response to ATP	4	1	1.08	0.71726	1	BP
GO:0060684	epithelial-mesenchymal cell signaling	4	1	1.08	0.71726	1	BP
GO:0044336	canonical Wnt signaling pathway involved...	4	1	1.08	0.71726	1	BP
GO:0070076	histone lysine demethylation	4	1	1.08	0.71726	1	BP
GO:0006659	phosphatidylserine biosynthetic process	4	1	1.08	0.71726	1	BP
GO:0006681	galactosylceramide metabolic process	4	1	1.08	0.71726	1	BP
GO:0006688	glycosphingolipid biosynthetic process	4	1	1.08	0.71726	1	BP
GO:0055012	ventricular cardiac muscle cell differen...	4	1	1.08	0.71726	1	BP
GO:0018027	peptidyl-lysine dimethylation	4	1	1.08	0.71726	1	BP
GO:0061065	regulation of dauer larval development	4	1	1.08	0.71726	1	BP
GO:0035457	cellular response to interferon-alpha	4	1	1.08	0.71726	1	BP
GO:1901993	regulation of meiotic cell cycle phase t...	4	1	1.08	0.71726	1	BP
GO:0003180	aortic valve morphogenesis	4	1	1.08	0.71726	1	BP
GO:0003188	heart valve formation	4	1	1.08	0.71726	1	BP
GO:0003175	tricuspid valve development	4	1	1.08	0.71726	1	BP
GO:0003176	aortic valve development	4	1	1.08	0.71726	1	BP
GO:0003146	heart jogging	4	1	1.08	0.71726	1	BP
GO:0001991	regulation of systemic arterial blood pr...	4	1	1.08	0.71726	1	BP
GO:0046329	negative regulation of JNK cascade	4	1	1.08	0.71726	1	BP
GO:0016577	histone demethylation	4	1	1.08	0.71726	1	BP
GO:0046337	phosphatidylethanolamine metabolic proce...	4	1	1.08	0.71726	1	BP
GO:0016545	male courtship behavior, veined wing vib...	4	1	1.08	0.71726	1	BP
GO:0001941	postsynaptic membrane organization	4	1	1.08	0.71726	1	BP
GO:1900074	negative regulation of neuromuscular syn...	4	1	1.08	0.71726	1	BP
GO:0035149	lumen formation, open tracheal system	4	1	1.08	0.71726	1	BP
GO:0060965	negative regulation of miRNA-mediated ge...	4	1	1.08	0.71726	1	BP
GO:0000076	DNA replication checkpoint signaling	4	1	1.08	0.71726	1	BP
GO:0070365	hepatocyte differentiation	4	1	1.08	0.71726	1	BP
GO:0046475	glycerophospholipid catabolic process	4	1	1.08	0.71726	1	BP
GO:0099550	trans-synaptic signaling, modulating syn...	4	1	1.08	0.71726	1	BP
GO:0035288	anterior head segmentation	4	1	1.08	0.71726	1	BP
GO:0044771	meiotic cell cycle phase transition	4	1	1.08	0.71726	1	BP
GO:0051988	regulation of attachment of spindle micr...	4	1	1.08	0.71726	1	BP
GO:0061384	heart trabecula morphogenesis	4	1	1.08	0.71726	1	BP
GO:0033564	anterior/posterior axon guidance	4	1	1.08	0.71726	1	BP
GO:0070486	leukocyte aggregation	4	1	1.08	0.71726	1	BP
GO:0030381	chorion-containing eggshell pattern form...	4	1	1.08	0.71726	1	BP
GO:0044851	hair cycle phase	4	1	1.08	0.71726	1	BP
GO:0033504	floor plate development	4	1	1.08	0.71726	1	BP
GO:0044848	biological phase	4	1	1.08	0.71726	1	BP
GO:0044849	estrous cycle	4	1	1.08	0.71726	1	BP
GO:1902042	negative regulation of extrinsic apoptot...	4	1	1.08	0.71726	1	BP
GO:0106058	positive regulation of calcineurin-media...	4	1	1.08	0.71726	1	BP
GO:0002063	chondrocyte development	4	1	1.08	0.71726	1	BP
GO:0018196	peptidyl-asparagine modification	4	1	1.08	0.71726	1	BP
GO:1900369	negative regulation of post-transcriptio...	4	1	1.08	0.71726	1	BP
GO:1903513	endoplasmic reticulum to cytosol transpo...	4	1	1.08	0.71726	1	BP
GO:0002016	regulation of blood volume by renin-angi...	4	1	1.08	0.71726	1	BP
GO:1900372	negative regulation of purine nucleotide...	4	1	1.08	0.71726	1	BP
GO:0035810	positive regulation of urine volume	4	1	1.08	0.71726	1	BP
GO:0007095	mitotic G2 DNA damage checkpoint signali...	4	1	1.08	0.71726	1	BP
GO:0048065	male courtship behavior, veined wing ext...	4	1	1.08	0.71726	1	BP
GO:1900451	positive regulation of glutamate recepto...	4	1	1.08	0.71726	1	BP
GO:0035584	calcium-mediated signaling using intrace...	4	1	1.08	0.71726	1	BP
GO:0048072	compound eye pigmentation	4	1	1.08	0.71726	1	BP
GO:0018279	protein N-linked glycosylation via aspar...	4	1	1.08	0.71726	1	BP
GO:0007000	nucleolus organization	4	1	1.08	0.71726	1	BP
GO:0008535	respiratory chain complex IV assembly	4	1	1.08	0.71726	1	BP
GO:1900193	regulation of oocyte maturation	4	1	1.08	0.71726	1	BP
GO:1900195	positive regulation of oocyte maturation	4	1	1.08	0.71726	1	BP
GO:1900181	negative regulation of protein localizat...	4	1	1.08	0.71726	1	BP
GO:0045061	thymic T cell selection	4	1	1.08	0.71726	1	BP
GO:0045066	regulatory T cell differentiation	4	1	1.08	0.71726	1	BP
GO:0045058	T cell selection	4	1	1.08	0.71726	1	BP
GO:0061792	secretory granule maturation	4	1	1.08	0.71726	1	BP
GO:0045070	positive regulation of viral genome repl...	4	1	1.08	0.71726	1	BP
GO:0032459	regulation of protein oligomerization	4	1	1.08	0.71726	1	BP
GO:0070886	positive regulation of calcineurin-NFAT ...	4	1	1.08	0.71726	1	BP
GO:1902307	positive regulation of sodium ion transm...	4	1	1.08	0.71726	1	BP
GO:0043304	regulation of mast cell degranulation	4	1	1.08	0.71726	1	BP
GO:0009078	pyruvate family amino acid metabolic pro...	4	1	1.08	0.71726	1	BP
GO:0021796	cerebral cortex regionalization	4	1	1.08	0.71726	1	BP
GO:0046669	regulation of compound eye retinal cell ...	4	1	1.08	0.71726	1	BP
GO:1902410	mitotic cytokinetic process	4	1	1.08	0.71726	1	BP
GO:0046689	response to mercury ion	4	1	1.08	0.71726	1	BP
GO:0070571	negative regulation of neuron projection...	4	1	1.08	0.71726	1	BP
GO:0015705	iodide transport	4	1	1.08	0.71726	1	BP
GO:0007366	periodic partitioning by pair rule gene	4	1	1.08	0.71726	1	BP
GO:1903978	regulation of microglial cell activation	4	1	1.08	0.71726	1	BP
GO:0046633	alpha-beta T cell proliferation	4	1	1.08	0.71726	1	BP
GO:0030889	negative regulation of B cell proliferat...	4	1	1.08	0.71726	1	BP
GO:0030812	negative regulation of nucleotide catabo...	4	1	1.08	0.71726	1	BP
GO:0061590	calcium activated phosphatidylcholine sc...	4	1	1.08	0.71726	1	BP
GO:0061591	calcium activated galactosylceramide scr...	4	1	1.08	0.71726	1	BP
GO:0061551	trigeminal ganglion development	4	1	1.08	0.71726	1	BP
GO:1902170	cellular response to reactive nitrogen s...	4	1	1.08	0.71726	1	BP
GO:0030809	negative regulation of nucleotide biosyn...	4	1	1.08	0.71726	1	BP
GO:0010446	response to alkaline pH	4	1	1.08	0.71726	1	BP
GO:0061588	calcium activated phospholipid scramblin...	4	1	1.08	0.71726	1	BP
GO:0032241	positive regulation of nucleobase-contai...	4	1	1.08	0.71726	1	BP
GO:2000352	negative regulation of endothelial cell ...	4	1	1.08	0.71726	1	BP
GO:0043153	entrainment of circadian clock by photop...	4	1	1.08	0.71726	1	BP
GO:0007465	R7 cell fate commitment	4	1	1.08	0.71726	1	BP
GO:0043129	surfactant homeostasis	4	1	1.08	0.71726	1	BP
GO:0007426	tracheal outgrowth, open tracheal system	4	1	1.08	0.71726	1	BP
GO:0007449	proximal/distal pattern formation, imagi...	4	1	1.08	0.71726	1	BP
GO:0045315	positive regulation of compound eye phot...	4	1	1.08	0.71726	1	BP
GO:0021593	rhombomere morphogenesis	4	1	1.08	0.71726	1	BP
GO:0002269	leukocyte activation involved in inflamm...	4	1	1.08	0.71726	1	BP
GO:0050765	negative regulation of phagocytosis	4	1	1.08	0.71726	1	BP
GO:0007183	SMAD protein complex assembly	4	1	1.08	0.71726	1	BP
GO:0009394	2'-deoxyribonucleotide metabolic process	4	1	1.08	0.71726	1	BP
GO:0021538	epithalamus development	4	1	1.08	0.71726	1	BP
GO:0043249	erythrocyte maturation	4	1	1.08	0.71726	1	BP
GO:0072513	positive regulation of secondary heart f...	4	1	1.08	0.71726	1	BP
GO:0002204	somatic recombination of immunoglobulin ...	4	1	1.08	0.71726	1	BP
GO:0002208	somatic diversification of immunoglobuli...	4	1	1.08	0.71726	1	BP
GO:2000404	regulation of T cell migration	4	1	1.08	0.71726	1	BP
GO:0045433	male courtship behavior, veined wing gen...	4	1	1.08	0.71726	1	BP
GO:0046959	habituation	4	1	1.08	0.71726	1	BP
GO:0031063	regulation of histone deacetylation	4	1	1.08	0.71726	1	BP
GO:0021670	lateral ventricle development	4	1	1.08	0.71726	1	BP
GO:0045190	isotype switching	4	1	1.08	0.71726	1	BP
GO:1904031	positive regulation of cyclin-dependent ...	4	1	1.08	0.71726	1	BP
GO:0007221	positive regulation of transcription of ...	4	1	1.08	0.71726	1	BP
GO:0010752	regulation of cGMP-mediated signaling	4	1	1.08	0.71726	1	BP
GO:0007216	G protein-coupled glutamate receptor sig...	4	1	1.08	0.71726	1	BP
GO:0045116	protein neddylation	4	1	1.08	0.71726	1	BP
GO:0032515	negative regulation of phosphoprotein ph...	4	1	1.08	0.71726	1	BP
GO:0036093	germ cell proliferation	4	1	1.08	0.71726	1	BP
GO:0018993	somatic sex determination	4	1	1.08	0.71726	1	BP
GO:0090038	negative regulation of protein kinase C ...	4	1	1.08	0.71726	1	BP
GO:0090009	primitive streak formation	4	1	1.08	0.71726	1	BP
GO:2000232	regulation of rRNA processing	4	1	1.08	0.71726	1	BP
GO:2000234	positive regulation of rRNA processing	4	1	1.08	0.71726	1	BP
GO:0009164	nucleoside catabolic process	4	1	1.08	0.71726	1	BP
GO:0010881	regulation of cardiac muscle contraction...	4	1	1.08	0.71726	1	BP
GO:0071390	cellular response to ecdysone	4	1	1.08	0.71726	1	BP
GO:0032673	regulation of interleukin-4 production	4	1	1.08	0.71726	1	BP
GO:0034390	smooth muscle cell apoptotic process	4	1	1.08	0.71726	1	BP
GO:0034391	regulation of smooth muscle cell apoptot...	4	1	1.08	0.71726	1	BP
GO:0032623	interleukin-2 production	4	1	1.08	0.71726	1	BP
GO:0009125	nucleoside monophosphate catabolic proce...	4	1	1.08	0.71726	1	BP
GO:0009128	purine nucleoside monophosphate cataboli...	4	1	1.08	0.71726	1	BP
GO:0009129	pyrimidine nucleoside monophosphate meta...	4	1	1.08	0.71726	1	BP
GO:2000793	cell proliferation involved in heart val...	4	1	1.08	0.71726	1	BP
GO:0032633	interleukin-4 production	4	1	1.08	0.71726	1	BP
GO:0009130	pyrimidine nucleoside monophosphate bios...	4	1	1.08	0.71726	1	BP
GO:0071318	cellular response to ATP	4	1	1.08	0.71726	1	BP
GO:0034314	Arp2/3 complex-mediated actin nucleation	4	1	1.08	0.71726	1	BP
GO:0034315	regulation of Arp2/3 complex-mediated ac...	4	1	1.08	0.71726	1	BP
GO:2000772	regulation of cellular senescence	4	1	1.08	0.71726	1	BP
GO:0034349	glial cell apoptotic process	4	1	1.08	0.71726	1	BP
GO:2000726	negative regulation of cardiac muscle ce...	4	1	1.08	0.71726	1	BP
GO:0061900	glial cell activation	4	1	1.08	0.71726	1	BP
GO:0030970	retrograde protein transport, ER to cyto...	4	1	1.08	0.71726	1	BP
GO:0050685	positive regulation of mRNA processing	4	1	1.08	0.71726	1	BP
GO:0050686	negative regulation of mRNA processing	4	1	1.08	0.71726	1	BP
GO:0043518	negative regulation of DNA damage respon...	4	1	1.08	0.71726	1	BP
GO:0048873	homeostasis of number of cells within a ...	4	1	1.08	0.71726	1	BP
GO:0048875	chemical homeostasis within a tissue	4	1	1.08	0.71726	1	BP
GO:0048820	hair follicle maturation	4	1	1.08	0.71726	1	BP
GO:0048821	erythrocyte development	4	1	1.08	0.71726	1	BP
GO:0019374	galactolipid metabolic process	4	1	1.08	0.71726	1	BP
GO:0030949	positive regulation of vascular endothel...	4	1	1.08	0.71726	1	BP
GO:0048819	regulation of hair follicle maturation	4	1	1.08	0.71726	1	BP
GO:0060028	convergent extension involved in axis el...	4	1	1.08	0.71726	1	BP
GO:0039702	viral budding via host ESCRT complex	4	1	1.08	0.71726	1	BP
GO:0045723	positive regulation of fatty acid biosyn...	4	1	1.08	0.71726	1	BP
GO:0019317	fucose catabolic process	4	1	1.08	0.71726	1	BP
GO:0031392	regulation of prostaglandin biosynthetic...	4	1	1.08	0.71726	1	BP
GO:0031394	positive regulation of prostaglandin bio...	4	1	1.08	0.71726	1	BP
GO:0015936	coenzyme A metabolic process	4	1	1.08	0.71726	1	BP
GO:0015937	coenzyme A biosynthetic process	4	1	1.08	0.71726	1	BP
GO:0021986	habenula development	4	1	1.08	0.71726	1	BP
GO:1904355	positive regulation of telomere capping	4	1	1.08	0.71726	1	BP
GO:0034471	ncRNA 5'-end processing	4	1	1.08	0.71726	1	BP
GO:0080154	regulation of fertilization	4	1	1.08	0.71726	1	BP
GO:2000810	regulation of bicellular tight junction ...	4	1	1.08	0.71726	1	BP
GO:2000816	negative regulation of mitotic sister ch...	4	1	1.08	0.71726	1	BP
GO:0031343	positive regulation of cell killing	4	1	1.08	0.71726	1	BP
GO:0014010	Schwann cell proliferation	4	1	1.08	0.71726	1	BP
GO:0014042	positive regulation of neuron maturation	4	1	1.08	0.71726	1	BP
GO:0045820	negative regulation of glycolytic proces...	4	1	1.08	0.71726	1	BP
GO:0000966	RNA 5'-end processing	4	1	1.08	0.71726	1	BP
GO:1990314	cellular response to insulin-like growth...	4	1	1.08	0.71726	1	BP
GO:0045841	negative regulation of mitotic metaphase...	4	1	1.08	0.71726	1	BP
GO:0031468	nuclear membrane reassembly	4	1	1.08	0.71726	1	BP
GO:1904424	regulation of GTP binding	4	1	1.08	0.71726	1	BP
GO:0031424	keratinization	4	1	1.08	0.71726	1	BP
GO:0048681	negative regulation of axon regeneration	4	1	1.08	0.71726	1	BP
GO:0034104	negative regulation of tissue remodeling	4	1	1.08	0.71726	1	BP
GO:0032986	protein-DNA complex disassembly	4	1	1.08	0.71726	1	BP
GO:0048633	positive regulation of skeletal muscle t...	4	1	1.08	0.71726	1	BP
GO:0042354	L-fucose metabolic process	4	1	1.08	0.71726	1	BP
GO:0042355	L-fucose catabolic process	4	1	1.08	0.71726	1	BP
GO:0009812	flavonoid metabolic process	4	1	1.08	0.71726	1	BP
GO:0071218	cellular response to misfolded protein	4	1	1.08	0.71726	1	BP
GO:0050955	thermoception	4	1	1.08	0.71726	1	BP
GO:0060351	cartilage development involved in endoch...	4	1	1.08	0.71726	1	BP
GO:2000649	regulation of sodium ion transmembrane t...	4	1	1.08	0.71726	1	BP
GO:0060378	regulation of brood size	4	1	1.08	0.71726	1	BP
GO:0090190	positive regulation of branching involve...	4	1	1.08	0.71726	1	BP
GO:1902950	regulation of dendritic spine maintenanc...	4	1	1.08	0.71726	1	BP
GO:0060317	cardiac epithelial to mesenchymal transi...	4	1	1.08	0.71726	1	BP
GO:0090161	Golgi ribbon formation	4	1	1.08	0.71726	1	BP
GO:0042421	norepinephrine biosynthetic process	4	1	1.08	0.71726	1	BP
GO:0042415	norepinephrine metabolic process	4	1	1.08	0.71726	1	BP
GO:0090189	regulation of branching involved in uret...	4	1	1.08	0.71726	1	BP
GO:0034720	histone H3-K4 demethylation	4	1	1.08	0.71726	1	BP
GO:0090140	regulation of mitochondrial fission	4	1	1.08	0.71726	1	BP
GO:0090148	membrane fission	4	1	1.08	0.71726	1	BP
GO:0036120	cellular response to platelet-derived gr...	4	1	1.08	0.71726	1	BP
GO:0060479	lung cell differentiation	4	1	1.08	0.71726	1	BP
GO:0010984	regulation of lipoprotein particle clear...	4	1	1.08	0.71726	1	BP
GO:0036119	response to platelet-derived growth fact...	4	1	1.08	0.71726	1	BP
GO:0009650	UV protection	4	1	1.08	0.71726	1	BP
GO:0036148	phosphatidylglycerol acyl-chain remodeli...	4	1	1.08	0.71726	1	BP
GO:0009642	response to light intensity	4	1	1.08	0.71726	1	BP
GO:0009648	photoperiodism	4	1	1.08	0.71726	1	BP
GO:0150076	neuroinflammatory response	4	1	1.08	0.71726	1	BP
GO:0150077	regulation of neuroinflammatory response	4	1	1.08	0.71726	1	BP
GO:0006448	regulation of translational elongation	4	1	1.08	0.71726	1	BP
GO:0051451	myoblast migration	4	1	1.08	0.71726	1	BP
GO:1904776	regulation of protein localization to ce...	4	1	1.08	0.71726	1	BP
GO:0051482	positive regulation of cytosolic calcium...	4	1	1.08	0.71726	1	BP
GO:0097374	sensory neuron axon guidance	4	1	1.08	0.71726	1	BP
GO:0060149	negative regulation of post-transcriptio...	4	1	1.08	0.71726	1	BP
GO:0033048	negative regulation of mitotic sister ch...	4	1	1.08	0.71726	1	BP
GO:0042249	establishment of planar polarity of embr...	4	1	1.08	0.71726	1	BP
GO:0006116	NADH oxidation	4	1	1.08	0.71726	1	BP
GO:0033006	regulation of mast cell activation invol...	4	1	1.08	0.71726	1	BP
GO:0071549	cellular response to dexamethasone stimu...	4	1	1.08	0.71726	1	BP
GO:0051125	regulation of actin nucleation	4	1	1.08	0.71726	1	BP
GO:1901722	regulation of cell proliferation involve...	4	1	1.08	0.71726	1	BP
GO:0006290	pyrimidine dimer repair	4	1	1.08	0.71726	1	BP
GO:1904801	positive regulation of neuron remodeling	4	1	1.08	0.71726	1	BP
GO:0060242	contact inhibition	4	1	1.08	0.71726	1	BP
GO:0060244	negative regulation of cell proliferatio...	4	1	1.08	0.71726	1	BP
GO:0060245	detection of cell density	4	1	1.08	0.71726	1	BP
GO:0034470	ncRNA processing	65	16	17.59	0.71868	1	BP
GO:0048732	gland development	150	38	40.59	0.71968	1	BP
GO:0051726	regulation of cell cycle	230	59	62.24	0.72013	1	BP
GO:0044106	cellular amine metabolic process	26	11	7.04	0.72086	1	BP
GO:0046942	carboxylic acid transport	69	17	18.67	0.72086	1	BP
GO:0021700	developmental maturation	104	26	28.14	0.72189	1	BP
GO:0022613	ribonucleoprotein complex biogenesis	73	18	19.75	0.7231	1	BP
GO:0030111	regulation of Wnt signaling pathway	73	18	19.75	0.7231	1	BP
GO:0045787	positive regulation of cell cycle	77	19	20.84	0.72536	1	BP
GO:0090087	regulation of peptide transport	135	34	36.53	0.72548	1	BP
GO:0033554	cellular response to stress	370	111	100.12	0.72633	1	BP
GO:1903038	negative regulation of leukocyte cell-ce...	13	3	3.52	0.72693	1	BP
GO:0051784	negative regulation of nuclear division	13	3	3.52	0.72693	1	BP
GO:0006687	glycosphingolipid metabolic process	13	3	3.52	0.72693	1	BP
GO:0035151	regulation of tube size, open tracheal s...	13	3	3.52	0.72693	1	BP
GO:0060986	endocrine hormone secretion	13	3	3.52	0.72693	1	BP
GO:0006972	hyperosmotic response	13	3	3.52	0.72693	1	BP
GO:0006949	syncytium formation	13	3	3.52	0.72693	1	BP
GO:0035821	modulation of process of another organis...	13	3	3.52	0.72693	1	BP
GO:0000380	alternative mRNA splicing, via spliceoso...	13	3	3.52	0.72693	1	BP
GO:0000381	regulation of alternative mRNA splicing,...	13	3	3.52	0.72693	1	BP
GO:0007062	sister chromatid cohesion	13	3	3.52	0.72693	1	BP
GO:0140253	cell-cell fusion	13	3	3.52	0.72693	1	BP
GO:0021795	cerebral cortex cell migration	13	3	3.52	0.72693	1	BP
GO:0000212	meiotic spindle organization	13	3	3.52	0.72693	1	BP
GO:0046632	alpha-beta T cell differentiation	13	3	3.52	0.72693	1	BP
GO:0000768	syncytium formation by plasma membrane f...	13	3	3.52	0.72693	1	BP
GO:0002168	instar larval development	13	3	3.52	0.72693	1	BP
GO:0048483	autonomic nervous system development	13	3	3.52	0.72693	1	BP
GO:1902284	neuron projection extension involved in ...	13	3	3.52	0.72693	1	BP
GO:0050868	negative regulation of T cell activation	13	3	3.52	0.72693	1	BP
GO:0032506	cytokinetic process	13	3	3.52	0.72693	1	BP
GO:0009168	purine ribonucleoside monophosphate bios...	13	3	3.52	0.72693	1	BP
GO:0009127	purine nucleoside monophosphate biosynth...	13	3	3.52	0.72693	1	BP
GO:0048708	astrocyte differentiation	13	3	3.52	0.72693	1	BP
GO:0010586	miRNA metabolic process	13	3	3.52	0.72693	1	BP
GO:0048846	axon extension involved in axon guidance	13	3	3.52	0.72693	1	BP
GO:2000826	regulation of heart morphogenesis	13	3	3.52	0.72693	1	BP
GO:0051028	mRNA transport	13	3	3.52	0.72693	1	BP
GO:0007520	myoblast fusion	13	3	3.52	0.72693	1	BP
GO:0048538	thymus development	13	3	3.52	0.72693	1	BP
GO:0032963	collagen metabolic process	13	3	3.52	0.72693	1	BP
GO:0062009	secondary palate development	13	3	3.52	0.72693	1	BP
GO:0042474	middle ear morphogenesis	13	3	3.52	0.72693	1	BP
GO:0006406	mRNA export from nucleus	13	3	3.52	0.72693	1	BP
GO:0045912	negative regulation of carbohydrate meta...	13	3	3.52	0.72693	1	BP
GO:1902533	positive regulation of intracellular sig...	162	41	43.84	0.72835	1	BP
GO:0048872	homeostasis of number of cells	58	18	15.69	0.72885	1	BP
GO:0072507	divalent inorganic cation homeostasis	87	39	23.54	0.72897	1	BP
GO:0060341	regulation of cellular localization	235	64	63.59	0.7313	1	BP
GO:0001654	eye development	170	43	46	0.73392	1	BP
GO:0150063	visual system development	170	43	46	0.73392	1	BP
GO:0046907	intracellular transport	303	78	81.99	0.73421	1	BP
GO:0048870	cell motility	303	78	81.99	0.73421	1	BP
GO:0048880	sensory system development	174	44	47.08	0.73664	1	BP
GO:0007417	central nervous system development	235	60	63.59	0.73683	1	BP
GO:0001709	cell fate determination	46	11	12.45	0.73851	1	BP
GO:0001738	morphogenesis of a polarized epithelium	42	10	11.36	0.73851	1	BP
GO:0043543	protein acylation	42	10	11.36	0.73851	1	BP
GO:1903522	regulation of blood circulation	65	31	17.59	0.73874	1	BP
GO:0009994	oocyte differentiation	50	12	13.53	0.73891	1	BP
GO:0061326	renal tubule development	50	12	13.53	0.73891	1	BP
GO:0045785	positive regulation of cell adhesion	50	12	13.53	0.73891	1	BP
GO:0008593	regulation of Notch signaling pathway	38	9	10.28	0.73905	1	BP
GO:0061640	cytoskeleton-dependent cytokinesis	38	9	10.28	0.73905	1	BP
GO:0090092	regulation of transmembrane receptor pro...	38	9	10.28	0.73905	1	BP
GO:0048515	spermatid differentiation	38	9	10.28	0.73905	1	BP
GO:0048562	embryonic organ morphogenesis	101	25	27.33	0.73922	1	BP
GO:0051650	establishment of vesicle localization	54	13	14.61	0.73963	1	BP
GO:0051648	vesicle localization	54	13	14.61	0.73963	1	BP
GO:0016485	protein processing	34	8	9.2	0.7403	1	BP
GO:0001823	mesonephros development	34	8	9.2	0.7403	1	BP
GO:0001841	neural tube formation	34	8	9.2	0.7403	1	BP
GO:0001657	ureteric bud development	34	8	9.2	0.7403	1	BP
GO:0072163	mesonephric epithelium development	34	8	9.2	0.7403	1	BP
GO:0072164	mesonephric tubule development	34	8	9.2	0.7403	1	BP
GO:0048489	synaptic vesicle transport	34	8	9.2	0.7403	1	BP
GO:0010171	body morphogenesis	34	8	9.2	0.7403	1	BP
GO:0097479	synaptic vesicle localization	34	8	9.2	0.7403	1	BP
GO:0001701	in utero embryonic development	58	14	15.69	0.74059	1	BP
GO:0033044	regulation of chromosome organization	58	14	15.69	0.74059	1	BP
GO:0045229	external encapsulating structure organiz...	62	15	16.78	0.74175	1	BP
GO:0007188	adenylate cyclase-modulating G protein-c...	30	7	8.12	0.74254	1	BP
GO:0050921	positive regulation of chemotaxis	30	7	8.12	0.74254	1	BP
GO:0061024	membrane organization	136	34	36.8	0.74285	1	BP
GO:0007420	brain development	186	47	50.33	0.74459	1	BP
GO:0010810	regulation of cell-substrate adhesion	30	11	8.12	0.74543	1	BP
GO:0002446	neutrophil mediated immunity	74	18	20.02	0.74604	1	BP
GO:0035107	appendage morphogenesis	113	28	30.58	0.74611	1	BP
GO:0003407	neural retina development	26	6	7.04	0.74616	1	BP
GO:0046330	positive regulation of JNK cascade	26	6	7.04	0.74616	1	BP
GO:0021879	forebrain neuron differentiation	26	6	7.04	0.74616	1	BP
GO:1902652	secondary alcohol metabolic process	26	6	7.04	0.74616	1	BP
GO:0006935	chemotaxis	167	42	45.19	0.74685	1	BP
GO:0003081	regulation of systemic arterial blood pr...	9	2	2.44	0.74706	1	BP
GO:0031581	hemidesmosome assembly	9	2	2.44	0.74706	1	BP
GO:0035075	response to ecdysone	9	2	2.44	0.74706	1	BP
GO:0055064	chloride ion homeostasis	9	2	2.44	0.74706	1	BP
GO:0035418	protein localization to synapse	9	2	2.44	0.74706	1	BP
GO:1905476	negative regulation of protein localizat...	9	2	2.44	0.74706	1	BP
GO:0006998	nuclear envelope organization	9	2	2.44	0.74706	1	BP
GO:0070303	negative regulation of stress-activated ...	9	2	2.44	0.74706	1	BP
GO:0051953	negative regulation of amine transport	9	2	2.44	0.74706	1	BP
GO:0051954	positive regulation of amine transport	9	2	2.44	0.74706	1	BP
GO:0006900	vesicle budding from membrane	9	2	2.44	0.74706	1	BP
GO:0035722	interleukin-12-mediated signaling pathwa...	9	2	2.44	0.74706	1	BP
GO:1903580	positive regulation of ATP metabolic pro...	9	2	2.44	0.74706	1	BP
GO:0007019	microtubule depolymerization	9	2	2.44	0.74706	1	BP
GO:0018208	peptidyl-proline modification	9	2	2.44	0.74706	1	BP
GO:0030261	chromosome condensation	9	2	2.44	0.74706	1	BP
GO:0032479	regulation of type I interferon producti...	9	2	2.44	0.74706	1	BP
GO:0070849	response to epidermal growth factor	9	2	2.44	0.74706	1	BP
GO:1900274	regulation of phospholipase C activity	9	2	2.44	0.74706	1	BP
GO:0030716	oocyte fate determination	9	2	2.44	0.74706	1	BP
GO:0072210	metanephric nephron development	9	2	2.44	0.74706	1	BP
GO:0046688	response to copper ion	9	2	2.44	0.74706	1	BP
GO:0021860	pyramidal neuron development	9	2	2.44	0.74706	1	BP
GO:0007494	midgut development	9	2	2.44	0.74706	1	BP
GO:0021859	pyramidal neuron differentiation	9	2	2.44	0.74706	1	BP
GO:0070671	response to interleukin-12	9	2	2.44	0.74706	1	BP
GO:0061548	ganglion development	9	2	2.44	0.74706	1	BP
GO:0065001	specification of axis polarity	9	2	2.44	0.74706	1	BP
GO:0021516	dorsal spinal cord development	9	2	2.44	0.74706	1	BP
GO:0045466	R7 cell differentiation	9	2	2.44	0.74706	1	BP
GO:0030644	cellular chloride ion homeostasis	9	2	2.44	0.74706	1	BP
GO:0045472	response to ether	9	2	2.44	0.74706	1	BP
GO:0048146	positive regulation of fibroblast prolif...	9	2	2.44	0.74706	1	BP
GO:0032873	negative regulation of stress-activated ...	9	2	2.44	0.74706	1	BP
GO:0072698	protein localization to microtubule cyto...	9	2	2.44	0.74706	1	BP
GO:0010712	regulation of collagen metabolic process	9	2	2.44	0.74706	1	BP
GO:2000242	negative regulation of reproductive proc...	9	2	2.44	0.74706	1	BP
GO:0010863	positive regulation of phospholipase C a...	9	2	2.44	0.74706	1	BP
GO:0048710	regulation of astrocyte differentiation	9	2	2.44	0.74706	1	BP
GO:0032606	type I interferon production	9	2	2.44	0.74706	1	BP
GO:0071349	cellular response to interleukin-12	9	2	2.44	0.74706	1	BP
GO:0021984	adenohypophysis development	9	2	2.44	0.74706	1	BP
GO:1904356	regulation of telomere maintenance via t...	9	2	2.44	0.74706	1	BP
GO:0014068	positive regulation of phosphatidylinosi...	9	2	2.44	0.74706	1	BP
GO:0014059	regulation of dopamine secretion	9	2	2.44	0.74706	1	BP
GO:0014075	response to amine	9	2	2.44	0.74706	1	BP
GO:0010665	regulation of cardiac muscle cell apopto...	9	2	2.44	0.74706	1	BP
GO:0010659	cardiac muscle cell apoptotic process	9	2	2.44	0.74706	1	BP
GO:0014046	dopamine secretion	9	2	2.44	0.74706	1	BP
GO:0010677	negative regulation of cellular carbohyd...	9	2	2.44	0.74706	1	BP
GO:0097066	response to thyroid hormone	9	2	2.44	0.74706	1	BP
GO:0045582	positive regulation of T cell differenti...	9	2	2.44	0.74706	1	BP
GO:0045576	mast cell activation	9	2	2.44	0.74706	1	BP
GO:0048643	positive regulation of skeletal muscle t...	9	2	2.44	0.74706	1	BP
GO:0071230	cellular response to amino acid stimulus	9	2	2.44	0.74706	1	BP
GO:0050976	detection of mechanical stimulus involve...	9	2	2.44	0.74706	1	BP
GO:0060323	head morphogenesis	9	2	2.44	0.74706	1	BP
GO:0090183	regulation of kidney development	9	2	2.44	0.74706	1	BP
GO:0051310	metaphase plate congression	9	2	2.44	0.74706	1	BP
GO:0060438	trachea development	9	2	2.44	0.74706	1	BP
GO:0090278	negative regulation of peptide hormone s...	9	2	2.44	0.74706	1	BP
GO:1990874	vascular associated smooth muscle cell p...	9	2	2.44	0.74706	1	BP
GO:0006807	nitrogen compound metabolic process	1313	364	355.29	0.75008	1	BP
GO:0002119	nematode larval development	86	21	23.27	0.75109	1	BP
GO:0098609	cell-cell adhesion	86	21	23.27	0.75109	1	BP
GO:1901992	positive regulation of mitotic cell cycl...	22	5	5.95	0.75184	1	BP
GO:0001935	endothelial cell proliferation	22	5	5.95	0.75184	1	BP
GO:0002460	adaptive immune response based on somati...	22	5	5.95	0.75184	1	BP
GO:0046622	positive regulation of organ growth	22	5	5.95	0.75184	1	BP
GO:0030500	regulation of bone mineralization	22	5	5.95	0.75184	1	BP
GO:0009201	ribonucleoside triphosphate biosynthetic...	22	5	5.95	0.75184	1	BP
GO:0015908	fatty acid transport	22	5	5.95	0.75184	1	BP
GO:1901135	carbohydrate derivative metabolic proces...	198	50	53.58	0.75222	1	BP
GO:0007017	microtubule-based process	179	45	48.44	0.75429	1	BP
GO:0019941	modification-dependent protein catabolic...	100	29	27.06	0.75644	1	BP
GO:0035295	tube development	320	82	86.59	0.75647	1	BP
GO:0002694	regulation of leukocyte activation	55	17	14.88	0.7566	1	BP
GO:0019932	second-messenger-mediated signaling	81	30	21.92	0.75665	1	BP
GO:0030155	regulation of cell adhesion	87	25	23.54	0.75681	1	BP
GO:0061061	muscle structure development	187	47	50.6	0.75911	1	BP
GO:0007276	gamete generation	271	69	73.33	0.75996	1	BP
GO:0006282	regulation of DNA repair	18	4	4.87	0.76074	1	BP
GO:0034637	cellular carbohydrate biosynthetic proce...	18	4	4.87	0.76074	1	BP
GO:0035162	embryonic hemopoiesis	18	4	4.87	0.76074	1	BP
GO:0046456	icosanoid biosynthetic process	18	4	4.87	0.76074	1	BP
GO:0008584	male gonad development	18	4	4.87	0.76074	1	BP
GO:0008585	female gonad development	18	4	4.87	0.76074	1	BP
GO:0072132	mesenchyme morphogenesis	18	4	4.87	0.76074	1	BP
GO:0046546	development of primary male sexual chara...	18	4	4.87	0.76074	1	BP
GO:0070542	response to fatty acid	18	4	4.87	0.76074	1	BP
GO:0010470	regulation of gastrulation	18	4	4.87	0.76074	1	BP
GO:1902117	positive regulation of organelle assembl...	18	4	4.87	0.76074	1	BP
GO:0040024	dauer larval development	18	4	4.87	0.76074	1	BP
GO:0040001	establishment of mitotic spindle localiz...	18	4	4.87	0.76074	1	BP
GO:0021954	central nervous system neuron developmen...	18	4	4.87	0.76074	1	BP
GO:0051053	negative regulation of DNA metabolic pro...	18	4	4.87	0.76074	1	BP
GO:0031123	RNA 3'-end processing	18	4	4.87	0.76074	1	BP
GO:1901264	carbohydrate derivative transport	18	4	4.87	0.76074	1	BP
GO:0006468	protein phosphorylation	273	75	73.87	0.76114	1	BP
GO:0051674	localization of cell	214	54	57.91	0.76197	1	BP
GO:0022612	gland morphogenesis	55	13	14.88	0.76496	1	BP
GO:0032886	regulation of microtubule-based process	55	13	14.88	0.76496	1	BP
GO:0016032	viral process	55	13	14.88	0.76496	1	BP
GO:0060828	regulation of canonical Wnt signaling pa...	59	14	15.97	0.76508	1	BP
GO:0030010	establishment of cell polarity	51	12	13.8	0.76517	1	BP
GO:0000082	G1/S transition of mitotic cell cycle	51	12	13.8	0.76517	1	BP
GO:0002237	response to molecule of bacterial origin	47	11	12.72	0.76578	1	BP
GO:2000145	regulation of cell motility	149	37	40.32	0.76605	1	BP
GO:0030163	protein catabolic process	148	45	40.05	0.7664	1	BP
GO:0015849	organic acid transport	71	17	19.21	0.76682	1	BP
GO:0009410	response to xenobiotic stimulus	71	17	19.21	0.76682	1	BP
GO:0031503	protein-containing complex localization	39	9	10.55	0.76869	1	BP
GO:0052548	regulation of endopeptidase activity	39	9	10.55	0.76869	1	BP
GO:0009308	amine metabolic process	27	11	7.31	0.76945	1	BP
GO:0044782	cilium organization	83	20	22.46	0.76992	1	BP
GO:0006091	generation of precursor metabolites and ...	83	20	22.46	0.76992	1	BP
GO:0023056	positive regulation of signaling	288	77	77.93	0.77163	1	BP
GO:0010647	positive regulation of cell communicatio...	288	77	77.93	0.77163	1	BP
GO:0060788	ectodermal placode formation	14	3	3.79	0.7751	1	BP
GO:0035023	regulation of Rho protein signal transdu...	14	3	3.79	0.7751	1	BP
GO:0090502	RNA phosphodiester bond hydrolysis, endo...	14	3	3.79	0.7751	1	BP
GO:0006826	iron ion transport	14	3	3.79	0.7751	1	BP
GO:1901616	organic hydroxy compound catabolic proce...	14	3	3.79	0.7751	1	BP
GO:0003382	epithelial cell morphogenesis	14	3	3.79	0.7751	1	BP
GO:0055008	cardiac muscle tissue morphogenesis	14	3	3.79	0.7751	1	BP
GO:0035166	post-embryonic hemopoiesis	14	3	3.79	0.7751	1	BP
GO:1903844	regulation of cellular response to trans...	14	3	3.79	0.7751	1	BP
GO:0106030	neuron projection fasciculation	14	3	3.79	0.7751	1	BP
GO:0046532	regulation of photoreceptor cell differe...	14	3	3.79	0.7751	1	BP
GO:0030850	prostate gland development	14	3	3.79	0.7751	1	BP
GO:0017015	regulation of transforming growth factor...	14	3	3.79	0.7751	1	BP
GO:0021884	forebrain neuron development	14	3	3.79	0.7751	1	BP
GO:0007413	axonal fasciculation	14	3	3.79	0.7751	1	BP
GO:1990090	cellular response to nerve growth factor...	14	3	3.79	0.7751	1	BP
GO:0048286	lung alveolus development	14	3	3.79	0.7751	1	BP
GO:0071346	cellular response to interferon-gamma	14	3	3.79	0.7751	1	BP
GO:0051058	negative regulation of small GTPase medi...	14	3	3.79	0.7751	1	BP
GO:0045580	regulation of T cell differentiation	14	3	3.79	0.7751	1	BP
GO:0097006	regulation of plasma lipoprotein particl...	14	3	3.79	0.7751	1	BP
GO:0045682	regulation of epidermis development	14	3	3.79	0.7751	1	BP
GO:0045685	regulation of glial cell differentiation	14	3	3.79	0.7751	1	BP
GO:0060412	ventricular septum morphogenesis	14	3	3.79	0.7751	1	BP
GO:0033077	T cell differentiation in thymus	14	3	3.79	0.7751	1	BP
GO:0007391	dorsal closure	31	7	8.39	0.77513	1	BP
GO:0021510	spinal cord development	31	7	8.39	0.77513	1	BP
GO:0009167	purine ribonucleoside monophosphate meta...	31	7	8.39	0.77513	1	BP
GO:0017157	regulation of exocytosis	31	7	8.39	0.77513	1	BP
GO:0043632	modification-dependent macromolecule cat...	101	29	27.33	0.77603	1	BP
GO:0099643	signal release from synapse	46	17	12.45	0.7791	1	BP
GO:0007269	neurotransmitter secretion	46	17	12.45	0.7791	1	BP
GO:0044419	biological process involved in interspec...	223	56	60.34	0.77946	1	BP
GO:0009653	anatomical structure morphogenesis	597	155	161.54	0.7803	1	BP
GO:0051262	protein tetramerization	27	6	7.31	0.78052	1	BP
GO:0001947	heart looping	27	6	7.31	0.78052	1	BP
GO:0070304	positive regulation of stress-activated ...	27	6	7.31	0.78052	1	BP
GO:0007009	plasma membrane organization	27	6	7.31	0.78052	1	BP
GO:0009063	cellular amino acid catabolic process	27	6	7.31	0.78052	1	BP
GO:0021872	forebrain generation of neurons	27	6	7.31	0.78052	1	BP
GO:0021545	cranial nerve development	27	6	7.31	0.78052	1	BP
GO:0032874	positive regulation of stress-activated ...	27	6	7.31	0.78052	1	BP
GO:1904888	cranial skeletal system development	27	6	7.31	0.78052	1	BP
GO:0007275	multicellular organism development	958	252	259.23	0.78173	1	BP
GO:0043043	peptide biosynthetic process	113	46	30.58	0.78189	1	BP
GO:0051924	regulation of calcium ion transport	44	20	11.91	0.78645	1	BP
GO:0006396	RNA processing	131	32	35.45	0.78761	1	BP
GO:0051260	protein homooligomerization	68	16	18.4	0.78762	1	BP
GO:0043312	neutrophil degranulation	72	17	19.48	0.7878	1	BP
GO:0043254	regulation of protein-containing complex...	72	17	19.48	0.7878	1	BP
GO:1990830	cellular response to leukemia inhibitory...	23	5	6.22	0.7882	1	BP
GO:0042552	myelination	23	5	6.22	0.7882	1	BP
GO:1901606	alpha-amino acid catabolic process	23	5	6.22	0.7882	1	BP
GO:0018107	peptidyl-threonine phosphorylation	23	5	6.22	0.7882	1	BP
GO:0009142	nucleoside triphosphate biosynthetic pro...	23	5	6.22	0.7882	1	BP
GO:0071216	cellular response to biotic stimulus	23	5	6.22	0.7882	1	BP
GO:1990823	response to leukemia inhibitory factor	23	5	6.22	0.7882	1	BP
GO:0034097	response to cytokine	135	33	36.53	0.78923	1	BP
GO:0034504	protein localization to nucleus	52	12	14.07	0.78956	1	BP
GO:0006508	proteolysis	240	68	64.94	0.79012	1	BP
GO:0045596	negative regulation of cell differentiat...	139	34	37.61	0.79086	1	BP
GO:0072001	renal system development	92	22	24.89	0.79097	1	BP
GO:0042254	ribosome biogenesis	48	11	12.99	0.79102	1	BP
GO:0001776	leukocyte homeostasis	13	7	3.52	0.79119	1	BP
GO:0051216	cartilage development	44	10	11.91	0.79306	1	BP
GO:0006898	receptor-mediated endocytosis	44	10	11.91	0.79306	1	BP
GO:0006909	phagocytosis	44	10	11.91	0.79306	1	BP
GO:0048640	negative regulation of developmental gro...	44	10	11.91	0.79306	1	BP
GO:1903077	negative regulation of protein localizat...	5	1	1.35	0.79392	1	BP
GO:0016348	imaginal disc-derived leg joint morphoge...	5	1	1.35	0.79392	1	BP
GO:0001743	lens placode formation	5	1	1.35	0.79392	1	BP
GO:0001746	Bolwig's organ morphogenesis	5	1	1.35	0.79392	1	BP
GO:1904580	regulation of intracellular mRNA localiz...	5	1	1.35	0.79392	1	BP
GO:0016476	regulation of embryonic cell shape	5	1	1.35	0.79392	1	BP
GO:0001878	response to yeast	5	1	1.35	0.79392	1	BP
GO:0001825	blastocyst formation	5	1	1.35	0.79392	1	BP
GO:0009949	polarity specification of anterior/poste...	5	1	1.35	0.79392	1	BP
GO:0016447	somatic recombination of immunoglobulin ...	5	1	1.35	0.79392	1	BP
GO:0035081	induction of programmed cell death by ho...	5	1	1.35	0.79392	1	BP
GO:0051797	regulation of hair follicle development	5	1	1.35	0.79392	1	BP
GO:0001840	neural plate development	5	1	1.35	0.79392	1	BP
GO:0001844	protein insertion into mitochondrial mem...	5	1	1.35	0.79392	1	BP
GO:0035072	ecdysone-mediated induction of salivary ...	5	1	1.35	0.79392	1	BP
GO:0035078	induction of programmed cell death by ec...	5	1	1.35	0.79392	1	BP
GO:0035024	negative regulation of Rho protein signa...	5	1	1.35	0.79392	1	BP
GO:0060898	eye field cell fate commitment involved ...	5	1	1.35	0.79392	1	BP
GO:0006735	NADH regeneration	5	1	1.35	0.79392	1	BP
GO:0051788	response to misfolded protein	5	1	1.35	0.79392	1	BP
GO:0031645	negative regulation of nervous system pr...	5	1	1.35	0.79392	1	BP
GO:0006862	nucleotide transport	5	1	1.35	0.79392	1	BP
GO:0001504	neurotransmitter uptake	5	1	1.35	0.79392	1	BP
GO:1901679	nucleotide transmembrane transport	5	1	1.35	0.79392	1	BP
GO:0001696	gastric acid secretion	5	1	1.35	0.79392	1	BP
GO:0014827	intestine smooth muscle contraction	5	1	1.35	0.79392	1	BP
GO:0014829	vascular associated smooth muscle contra...	5	1	1.35	0.79392	1	BP
GO:0014831	gastro-intestinal system smooth muscle c...	5	1	1.35	0.79392	1	BP
GO:0046037	GMP metabolic process	5	1	1.35	0.79392	1	BP
GO:1903319	positive regulation of protein maturatio...	5	1	1.35	0.79392	1	BP
GO:0042634	regulation of hair cycle	5	1	1.35	0.79392	1	BP
GO:0006516	glycoprotein catabolic process	5	1	1.35	0.79392	1	BP
GO:0003301	physiological cardiac muscle hypertrophy	5	1	1.35	0.79392	1	BP
GO:0055026	negative regulation of cardiac muscle ti...	5	1	1.35	0.79392	1	BP
GO:0008363	larval chitin-based cuticle development	5	1	1.35	0.79392	1	BP
GO:0061050	regulation of cell growth involved in ca...	5	1	1.35	0.79392	1	BP
GO:0055034	Bolwig's organ development	5	1	1.35	0.79392	1	BP
GO:0035308	negative regulation of protein dephospho...	5	1	1.35	0.79392	1	BP
GO:0110116	regulation of compound eye photoreceptor...	5	1	1.35	0.79392	1	BP
GO:0061049	cell growth involved in cardiac muscle c...	5	1	1.35	0.79392	1	BP
GO:0061037	negative regulation of cartilage develop...	5	1	1.35	0.79392	1	BP
GO:1905314	semi-lunar valve development	5	1	1.35	0.79392	1	BP
GO:0046325	negative regulation of glucose import	5	1	1.35	0.79392	1	BP
GO:0003298	physiological muscle hypertrophy	5	1	1.35	0.79392	1	BP
GO:0072087	renal vesicle development	5	1	1.35	0.79392	1	BP
GO:0072077	renal vesicle morphogenesis	5	1	1.35	0.79392	1	BP
GO:0035115	embryonic forelimb morphogenesis	5	1	1.35	0.79392	1	BP
GO:0035136	forelimb morphogenesis	5	1	1.35	0.79392	1	BP
GO:0060967	negative regulation of gene silencing by...	5	1	1.35	0.79392	1	BP
GO:0000083	regulation of transcription involved in ...	5	1	1.35	0.79392	1	BP
GO:0060982	coronary artery morphogenesis	5	1	1.35	0.79392	1	BP
GO:0046459	short-chain fatty acid metabolic process	5	1	1.35	0.79392	1	BP
GO:0000022	mitotic spindle elongation	5	1	1.35	0.79392	1	BP
GO:0000028	ribosomal small subunit assembly	5	1	1.35	0.79392	1	BP
GO:0035293	chitin-based larval cuticle pattern form...	5	1	1.35	0.79392	1	BP
GO:0006968	cellular defense response	5	1	1.35	0.79392	1	BP
GO:0033563	dorsal/ventral axon guidance	5	1	1.35	0.79392	1	BP
GO:0033572	transferrin transport	5	1	1.35	0.79392	1	BP
GO:1902093	positive regulation of flagellated sperm...	5	1	1.35	0.79392	1	BP
GO:1905276	regulation of epithelial tube formation	5	1	1.35	0.79392	1	BP
GO:1902074	response to salt	5	1	1.35	0.79392	1	BP
GO:0043094	cellular metabolic compound salvage	5	1	1.35	0.79392	1	BP
GO:0070166	enamel mineralization	5	1	1.35	0.79392	1	BP
GO:0061418	regulation of transcription from RNA pol...	5	1	1.35	0.79392	1	BP
GO:0002082	regulation of oxidative phosphorylation	5	1	1.35	0.79392	1	BP
GO:1903579	negative regulation of ATP metabolic pro...	5	1	1.35	0.79392	1	BP
GO:0043032	positive regulation of macrophage activa...	5	1	1.35	0.79392	1	BP
GO:0055115	entry into diapause	5	1	1.35	0.79392	1	BP
GO:0035510	DNA dealkylation	5	1	1.35	0.79392	1	BP
GO:0000460	maturation of 5.8S rRNA	5	1	1.35	0.79392	1	BP
GO:0000462	maturation of SSU-rRNA from tricistronic...	5	1	1.35	0.79392	1	BP
GO:0061213	positive regulation of mesonephros devel...	5	1	1.35	0.79392	1	BP
GO:0061217	regulation of mesonephros development	5	1	1.35	0.79392	1	BP
GO:0032303	regulation of icosanoid secretion	5	1	1.35	0.79392	1	BP
GO:0032482	Rab protein signal transduction	5	1	1.35	0.79392	1	BP
GO:0035641	locomotory exploration behavior	5	1	1.35	0.79392	1	BP
GO:1905517	macrophage migration	5	1	1.35	0.79392	1	BP
GO:2000008	regulation of protein localization to ce...	5	1	1.35	0.79392	1	BP
GO:0002381	immunoglobulin production involved in im...	5	1	1.35	0.79392	1	BP
GO:0002385	mucosal immune response	5	1	1.35	0.79392	1	BP
GO:0072283	metanephric renal vesicle morphogenesis	5	1	1.35	0.79392	1	BP
GO:1900242	regulation of synaptic vesicle endocytos...	5	1	1.35	0.79392	1	BP
GO:0046668	regulation of retinal cell programmed ce...	5	1	1.35	0.79392	1	BP
GO:0032148	activation of protein kinase B activity	5	1	1.35	0.79392	1	BP
GO:0046619	lens placode formation involved in camer...	5	1	1.35	0.79392	1	BP
GO:0015701	bicarbonate transport	5	1	1.35	0.79392	1	BP
GO:0007317	regulation of pole plasm oskar mRNA loca...	5	1	1.35	0.79392	1	BP
GO:0048312	intracellular distribution of mitochondr...	5	1	1.35	0.79392	1	BP
GO:0023019	signal transduction involved in regulati...	5	1	1.35	0.79392	1	BP
GO:2000351	regulation of endothelial cell apoptotic...	5	1	1.35	0.79392	1	BP
GO:0015802	basic amino acid transport	5	1	1.35	0.79392	1	BP
GO:0043124	negative regulation of I-kappaB kinase/N...	5	1	1.35	0.79392	1	BP
GO:0030574	collagen catabolic process	5	1	1.35	0.79392	1	BP
GO:0043114	regulation of vascular permeability	5	1	1.35	0.79392	1	BP
GO:0032755	positive regulation of interleukin-6 pro...	5	1	1.35	0.79392	1	BP
GO:0007439	ectodermal digestive tract development	5	1	1.35	0.79392	1	BP
GO:0045314	regulation of compound eye photoreceptor...	5	1	1.35	0.79392	1	BP
GO:1902229	regulation of intrinsic apoptotic signal...	5	1	1.35	0.79392	1	BP
GO:0065002	intracellular protein transmembrane tran...	5	1	1.35	0.79392	1	BP
GO:0002251	organ or tissue specific immune response	5	1	1.35	0.79392	1	BP
GO:0002228	natural killer cell mediated immunity	5	1	1.35	0.79392	1	BP
GO:0032892	positive regulation of organic acid tran...	5	1	1.35	0.79392	1	BP
GO:0021544	subpallium development	5	1	1.35	0.79392	1	BP
GO:0007112	male meiosis cytokinesis	5	1	1.35	0.79392	1	BP
GO:0040027	negative regulation of vulval developmen...	5	1	1.35	0.79392	1	BP
GO:1900543	negative regulation of purine nucleotide...	5	1	1.35	0.79392	1	BP
GO:0048132	female germ-line stem cell asymmetric di...	5	1	1.35	0.79392	1	BP
GO:0010226	response to lithium ion	5	1	1.35	0.79392	1	BP
GO:0007100	mitotic centrosome separation	5	1	1.35	0.79392	1	BP
GO:2000191	regulation of fatty acid transport	5	1	1.35	0.79392	1	BP
GO:0046958	nonassociative learning	5	1	1.35	0.79392	1	BP
GO:0040002	collagen and cuticulin-based cuticle dev...	5	1	1.35	0.79392	1	BP
GO:2000155	positive regulation of cilium-dependent ...	5	1	1.35	0.79392	1	BP
GO:0046940	nucleoside monophosphate phosphorylation	5	1	1.35	0.79392	1	BP
GO:0048266	behavioral response to pain	5	1	1.35	0.79392	1	BP
GO:0050869	negative regulation of B cell activation	5	1	1.35	0.79392	1	BP
GO:0007289	spermatid nucleus differentiation	5	1	1.35	0.79392	1	BP
GO:1904030	negative regulation of cyclin-dependent ...	5	1	1.35	0.79392	1	BP
GO:0032527	protein exit from endoplasmic reticulum	5	1	1.35	0.79392	1	BP
GO:1902875	regulation of embryonic pattern specific...	5	1	1.35	0.79392	1	BP
GO:0010719	negative regulation of epithelial to mes...	5	1	1.35	0.79392	1	BP
GO:0090069	regulation of ribosome biogenesis	5	1	1.35	0.79392	1	BP
GO:0090070	positive regulation of ribosome biogenes...	5	1	1.35	0.79392	1	BP
GO:0048791	calcium ion-regulated exocytosis of neur...	5	1	1.35	0.79392	1	BP
GO:0070983	dendrite guidance	5	1	1.35	0.79392	1	BP
GO:0036090	cleavage furrow ingression	5	1	1.35	0.79392	1	BP
GO:0002888	positive regulation of myeloid leukocyte...	5	1	1.35	0.79392	1	BP
GO:0048713	regulation of oligodendrocyte differenti...	5	1	1.35	0.79392	1	BP
GO:1901030	positive regulation of mitochondrial out...	5	1	1.35	0.79392	1	BP
GO:0042073	intraciliary transport	5	1	1.35	0.79392	1	BP
GO:0010842	retina layer formation	5	1	1.35	0.79392	1	BP
GO:0034383	low-density lipoprotein particle clearan...	5	1	1.35	0.79392	1	BP
GO:0034389	lipid droplet organization	5	1	1.35	0.79392	1	BP
GO:2000780	negative regulation of double-strand bre...	5	1	1.35	0.79392	1	BP
GO:0017121	plasma membrane phospholipid scrambling	5	1	1.35	0.79392	1	BP
GO:0048853	forebrain morphogenesis	5	1	1.35	0.79392	1	BP
GO:0045760	positive regulation of action potential	5	1	1.35	0.79392	1	BP
GO:2000742	regulation of anterior head development	5	1	1.35	0.79392	1	BP
GO:0009262	deoxyribonucleotide metabolic process	5	1	1.35	0.79392	1	BP
GO:0010575	positive regulation of vascular endothel...	5	1	1.35	0.79392	1	BP
GO:0045736	negative regulation of cyclin-dependent ...	5	1	1.35	0.79392	1	BP
GO:0045738	negative regulation of DNA repair	5	1	1.35	0.79392	1	BP
GO:0071450	cellular response to oxygen radical	5	1	1.35	0.79392	1	BP
GO:0071451	cellular response to superoxide	5	1	1.35	0.79392	1	BP
GO:0071474	cellular hyperosmotic response	5	1	1.35	0.79392	1	BP
GO:1904353	regulation of telomere capping	5	1	1.35	0.79392	1	BP
GO:0002675	positive regulation of acute inflammator...	5	1	1.35	0.79392	1	BP
GO:0043616	keratinocyte proliferation	5	1	1.35	0.79392	1	BP
GO:0048521	negative regulation of behavior	5	1	1.35	0.79392	1	BP
GO:0014012	peripheral nervous system axon regenerat...	5	1	1.35	0.79392	1	BP
GO:0014019	neuroblast development	5	1	1.35	0.79392	1	BP
GO:0019430	removal of superoxide radicals	5	1	1.35	0.79392	1	BP
GO:0000915	actomyosin contractile ring assembly	5	1	1.35	0.79392	1	BP
GO:0048690	regulation of axon extension involved in...	5	1	1.35	0.79392	1	BP
GO:0048691	positive regulation of axon extension in...	5	1	1.35	0.79392	1	BP
GO:0090311	regulation of protein deacetylation	5	1	1.35	0.79392	1	BP
GO:0097067	cellular response to thyroid hormone sti...	5	1	1.35	0.79392	1	BP
GO:0048686	regulation of sprouting of injured axon	5	1	1.35	0.79392	1	BP
GO:0048687	positive regulation of sprouting of inju...	5	1	1.35	0.79392	1	BP
GO:0048677	axon extension involved in regeneration	5	1	1.35	0.79392	1	BP
GO:1901317	regulation of flagellated sperm motility	5	1	1.35	0.79392	1	BP
GO:0048631	regulation of skeletal muscle tissue gro...	5	1	1.35	0.79392	1	BP
GO:0098586	cellular response to virus	5	1	1.35	0.79392	1	BP
GO:0071287	cellular response to manganese ion	5	1	1.35	0.79392	1	BP
GO:0042337	cuticle development involved in chitin-b...	5	1	1.35	0.79392	1	BP
GO:0012502	induction of programmed cell death	5	1	1.35	0.79392	1	BP
GO:2000644	regulation of receptor catabolic process	5	1	1.35	0.79392	1	BP
GO:0050922	negative regulation of chemotaxis	5	1	1.35	0.79392	1	BP
GO:0045676	regulation of R7 cell differentiation	5	1	1.35	0.79392	1	BP
GO:0045648	positive regulation of erythrocyte diffe...	5	1	1.35	0.79392	1	BP
GO:0042479	positive regulation of eye photoreceptor...	5	1	1.35	0.79392	1	BP
GO:0006353	DNA-templated transcription termination	5	1	1.35	0.79392	1	BP
GO:0043968	histone H2A acetylation	5	1	1.35	0.79392	1	BP
GO:0022027	interkinetic nuclear migration	5	1	1.35	0.79392	1	BP
GO:2001025	positive regulation of response to drug	5	1	1.35	0.79392	1	BP
GO:2001014	regulation of skeletal muscle cell diffe...	5	1	1.35	0.79392	1	BP
GO:0009649	entrainment of circadian clock	5	1	1.35	0.79392	1	BP
GO:1904754	positive regulation of vascular associat...	5	1	1.35	0.79392	1	BP
GO:0033059	cellular pigmentation	5	1	1.35	0.79392	1	BP
GO:0060128	corticotropin hormone secreting cell dif...	5	1	1.35	0.79392	1	BP
GO:0042267	natural killer cell mediated cytotoxicit...	5	1	1.35	0.79392	1	BP
GO:0048934	peripheral nervous system neuron differe...	5	1	1.35	0.79392	1	BP
GO:0048935	peripheral nervous system neuron develop...	5	1	1.35	0.79392	1	BP
GO:0033046	negative regulation of sister chromatid ...	5	1	1.35	0.79392	1	BP
GO:0006182	cGMP biosynthetic process	5	1	1.35	0.79392	1	BP
GO:0006120	mitochondrial electron transport, NADH t...	5	1	1.35	0.79392	1	BP
GO:0006107	oxaloacetate metabolic process	5	1	1.35	0.79392	1	BP
GO:1904837	beta-catenin-TCF complex assembly	5	1	1.35	0.79392	1	BP
GO:0045955	negative regulation of calcium ion-depen...	5	1	1.35	0.79392	1	BP
GO:0045980	negative regulation of nucleotide metabo...	5	1	1.35	0.79392	1	BP
GO:0048518	positive regulation of biological proces...	848	237	229.46	0.7949	1	BP
GO:0030097	hemopoiesis	151	37	40.86	0.79576	1	BP
GO:0033002	muscle cell proliferation	40	9	10.82	0.79585	1	BP
GO:0061458	reproductive system development	116	28	31.39	0.79755	1	BP
GO:0051289	protein homotetramerization	19	4	5.14	0.79934	1	BP
GO:0006892	post-Golgi vesicle-mediated transport	19	4	5.14	0.79934	1	BP
GO:1903305	regulation of regulated secretory pathwa...	19	4	5.14	0.79934	1	BP
GO:0035152	regulation of tube architecture, open tr...	19	4	5.14	0.79934	1	BP
GO:0001938	positive regulation of endothelial cell ...	19	4	5.14	0.79934	1	BP
GO:0000041	transition metal ion transport	19	4	5.14	0.79934	1	BP
GO:0007041	lysosomal transport	19	4	5.14	0.79934	1	BP
GO:0045446	endothelial cell differentiation	19	4	5.14	0.79934	1	BP
GO:0002695	negative regulation of leukocyte activat...	19	4	5.14	0.79934	1	BP
GO:0051445	regulation of meiotic cell cycle	19	4	5.14	0.79934	1	BP
GO:0022618	ribonucleoprotein complex assembly	36	8	9.74	0.79959	1	BP
GO:0009123	nucleoside monophosphate metabolic proce...	36	8	9.74	0.79959	1	BP
GO:1903078	positive regulation of protein localizat...	10	2	2.71	0.79993	1	BP
GO:0071675	regulation of mononuclear cell migration	10	2	2.71	0.79993	1	BP
GO:1903307	positive regulation of regulated secreto...	10	2	2.71	0.79993	1	BP
GO:0060603	mammary gland duct morphogenesis	10	2	2.71	0.79993	1	BP
GO:1903432	regulation of TORC1 signaling	10	2	2.71	0.79993	1	BP
GO:0044458	motile cilium assembly	10	2	2.71	0.79993	1	BP
GO:0055010	ventricular cardiac muscle tissue morpho...	10	2	2.71	0.79993	1	BP
GO:0003229	ventricular cardiac muscle tissue develo...	10	2	2.71	0.79993	1	BP
GO:0035710	CD4-positive, alpha-beta T cell activati...	10	2	2.71	0.79993	1	BP
GO:0002052	positive regulation of neuroblast prolif...	10	2	2.71	0.79993	1	BP
GO:0072350	tricarboxylic acid metabolic process	10	2	2.71	0.79993	1	BP
GO:0035825	homologous recombination	10	2	2.71	0.79993	1	BP
GO:1903672	positive regulation of sprouting angioge...	10	2	2.71	0.79993	1	BP
GO:0030201	heparan sulfate proteoglycan metabolic p...	10	2	2.71	0.79993	1	BP
GO:0030204	chondroitin sulfate metabolic process	10	2	2.71	0.79993	1	BP
GO:0043367	CD4-positive, alpha-beta T cell differen...	10	2	2.71	0.79993	1	BP
GO:0043388	positive regulation of DNA binding	10	2	2.71	0.79993	1	BP
GO:0002456	T cell mediated immunity	10	2	2.71	0.79993	1	BP
GO:0070613	regulation of protein processing	10	2	2.71	0.79993	1	BP
GO:0070633	transepithelial transport	10	2	2.71	0.79993	1	BP
GO:0140527	reciprocal homologous recombination	10	2	2.71	0.79993	1	BP
GO:0050766	positive regulation of phagocytosis	10	2	2.71	0.79993	1	BP
GO:0007131	reciprocal meiotic recombination	10	2	2.71	0.79993	1	BP
GO:0032801	receptor catabolic process	10	2	2.71	0.79993	1	BP
GO:0002705	positive regulation of leukocyte mediate...	10	2	2.71	0.79993	1	BP
GO:0042044	fluid transport	10	2	2.71	0.79993	1	BP
GO:0050654	chondroitin sulfate proteoglycan metabol...	10	2	2.71	0.79993	1	BP
GO:0007549	dosage compensation	10	2	2.71	0.79993	1	BP
GO:0034260	negative regulation of GTPase activity	10	2	2.71	0.79993	1	BP
GO:0045621	positive regulation of lymphocyte differ...	10	2	2.71	0.79993	1	BP
GO:0006458	'de novo' protein folding	10	2	2.71	0.79993	1	BP
GO:0097366	response to bronchodilator	10	2	2.71	0.79993	1	BP
GO:0051155	positive regulation of striated muscle c...	10	2	2.71	0.79993	1	BP
GO:0051603	proteolysis involved in protein cataboli...	114	36	30.85	0.80285	1	BP
GO:0035050	embryonic heart tube development	32	7	8.66	0.80457	1	BP
GO:0007187	G protein-coupled receptor signaling pat...	32	7	8.66	0.80457	1	BP
GO:0000578	embryonic axis specification	32	7	8.66	0.80457	1	BP
GO:0009126	purine nucleoside monophosphate metaboli...	32	7	8.66	0.80457	1	BP
GO:0042462	eye photoreceptor cell development	32	7	8.66	0.80457	1	BP
GO:0060348	bone development	32	7	8.66	0.80457	1	BP
GO:0009967	positive regulation of signal transducti...	252	63	68.19	0.80528	1	BP
GO:0040007	growth	298	75	80.64	0.8066	1	BP
GO:0002283	neutrophil activation involved in immune...	73	17	19.75	0.80745	1	BP
GO:0042119	neutrophil activation	73	17	19.75	0.80745	1	BP
GO:0036230	granulocyte activation	73	17	19.75	0.80745	1	BP
GO:0045862	positive regulation of proteolysis	69	23	18.67	0.80819	1	BP
GO:0008340	determination of adult lifespan	65	15	17.59	0.80835	1	BP
GO:0006520	cellular amino acid metabolic process	61	14	16.51	0.80922	1	BP
GO:0009165	nucleotide biosynthetic process	61	14	16.51	0.80922	1	BP
GO:1901293	nucleoside phosphate biosynthetic proces...	61	14	16.51	0.80922	1	BP
GO:0044237	cellular metabolic process	1407	386	380.73	0.80945	1	BP
GO:0022604	regulation of cell morphogenesis	101	24	27.33	0.80968	1	BP
GO:0048193	Golgi vesicle transport	57	13	15.42	0.81044	1	BP
GO:0006753	nucleoside phosphate metabolic process	109	26	29.49	0.81122	1	BP
GO:0045055	regulated exocytosis	109	26	29.49	0.81122	1	BP
GO:0009117	nucleotide metabolic process	109	26	29.49	0.81122	1	BP
GO:1901137	carbohydrate derivative biosynthetic pro...	109	26	29.49	0.81122	1	BP
GO:0001819	positive regulation of cytokine producti...	28	6	7.58	0.81125	1	BP
GO:0055007	cardiac muscle cell differentiation	28	6	7.58	0.81125	1	BP
GO:1901989	positive regulation of cell cycle phase ...	28	6	7.58	0.81125	1	BP
GO:0003143	embryonic heart tube morphogenesis	28	6	7.58	0.81125	1	BP
GO:0022900	electron transport chain	28	6	7.58	0.81125	1	BP
GO:0014020	primary neural tube formation	28	6	7.58	0.81125	1	BP
GO:0034404	nucleobase-containing small molecule bio...	28	6	7.58	0.81125	1	BP
GO:0006511	ubiquitin-dependent protein catabolic pr...	99	28	26.79	0.81229	1	BP
GO:0048534	hematopoietic or lymphoid organ developm...	160	39	43.3	0.81247	1	BP
GO:0071345	cellular response to cytokine stimulus	121	29	32.74	0.81398	1	BP
GO:1901605	alpha-amino acid metabolic process	49	11	13.26	0.81424	1	BP
GO:0010001	glial cell differentiation	49	11	13.26	0.81424	1	BP
GO:0002683	negative regulation of immune system pro...	49	11	13.26	0.81424	1	BP
GO:0051641	cellular localization	617	166	166.96	0.81458	1	BP
GO:0051291	protein heterooligomerization	15	3	4.06	0.81606	1	BP
GO:0051250	negative regulation of lymphocyte activa...	15	3	4.06	0.81606	1	BP
GO:0006767	water-soluble vitamin metabolic process	15	3	4.06	0.81606	1	BP
GO:0035082	axoneme assembly	15	3	4.06	0.81606	1	BP
GO:0097254	renal tubular secretion	15	3	4.06	0.81606	1	BP
GO:0001541	ovarian follicle development	15	3	4.06	0.81606	1	BP
GO:0046365	monosaccharide catabolic process	15	3	4.06	0.81606	1	BP
GO:0035195	miRNA-mediated gene silencing	15	3	4.06	0.81606	1	BP
GO:0022617	extracellular matrix disassembly	15	3	4.06	0.81606	1	BP
GO:0002053	positive regulation of mesenchymal cell ...	15	3	4.06	0.81606	1	BP
GO:0019079	viral genome replication	15	3	4.06	0.81606	1	BP
GO:0045448	mitotic cell cycle, embryonic	15	3	4.06	0.81606	1	BP
GO:2000179	positive regulation of neural precursor ...	15	3	4.06	0.81606	1	BP
GO:0050810	regulation of steroid biosynthetic proce...	15	3	4.06	0.81606	1	BP
GO:1990089	response to nerve growth factor	15	3	4.06	0.81606	1	BP
GO:0002822	regulation of adaptive immune response b...	15	3	4.06	0.81606	1	BP
GO:0002819	regulation of adaptive immune response	15	3	4.06	0.81606	1	BP
GO:0045793	positive regulation of cell size	15	3	4.06	0.81606	1	BP
GO:0019320	hexose catabolic process	15	3	4.06	0.81606	1	BP
GO:0006024	glycosaminoglycan biosynthetic process	15	3	4.06	0.81606	1	BP
GO:0098742	cell-cell adhesion via plasma-membrane a...	15	3	4.06	0.81606	1	BP
GO:0043954	cellular component maintenance	15	3	4.06	0.81606	1	BP
GO:0006487	protein N-linked glycosylation	15	3	4.06	0.81606	1	BP
GO:0010498	proteasomal protein catabolic process	79	23	21.38	0.81686	1	BP
GO:0019725	cellular homeostasis	187	62	50.6	0.82005	1	BP
GO:0001843	neural tube closure	24	5	6.49	0.82028	1	BP
GO:0060606	tube closure	24	5	6.49	0.82028	1	BP
GO:0110149	regulation of biomineralization	24	5	6.49	0.82028	1	BP
GO:0070167	regulation of biomineral tissue developm...	24	5	6.49	0.82028	1	BP
GO:0002062	chondrocyte differentiation	24	5	6.49	0.82028	1	BP
GO:0018210	peptidyl-threonine modification	24	5	6.49	0.82028	1	BP
GO:0001700	embryonic development via the syncytial ...	41	9	11.09	0.82059	1	BP
GO:0043473	pigmentation	41	9	11.09	0.82059	1	BP
GO:0000819	sister chromatid segregation	41	9	11.09	0.82059	1	BP
GO:0042327	positive regulation of phosphorylation	153	43	41.4	0.82313	1	BP
GO:0016310	phosphorylation	329	88	89.03	0.82456	1	BP
GO:0002263	cell activation involved in immune respo...	90	21	24.35	0.82474	1	BP
GO:0060271	cilium assembly	82	19	22.19	0.8249	1	BP
GO:0045931	positive regulation of mitotic cell cycl...	37	8	10.01	0.82514	1	BP
GO:0003014	renal system process	37	8	10.01	0.82514	1	BP
GO:0043542	endothelial cell migration	37	8	10.01	0.82514	1	BP
GO:1901136	carbohydrate derivative catabolic proces...	37	8	10.01	0.82514	1	BP
GO:0002444	myeloid leukocyte mediated immunity	78	18	21.11	0.82523	1	BP
GO:0060070	canonical Wnt signaling pathway	70	16	18.94	0.82652	1	BP
GO:0007059	chromosome segregation	66	15	17.86	0.82756	1	BP
GO:0061351	neural precursor cell proliferation	62	14	16.78	0.8289	1	BP
GO:0006811	ion transport	286	85	77.39	0.82992	1	BP
GO:0006810	transport	736	202	199.16	0.83046	1	BP
GO:0070085	glycosylation	33	7	8.93	0.83098	1	BP
GO:0006690	icosanoid metabolic process	20	4	5.41	0.83274	1	BP
GO:0007028	cytoplasm organization	20	4	5.41	0.83274	1	BP
GO:0046545	development of primary female sexual cha...	20	4	5.41	0.83274	1	BP
GO:0030865	cortical cytoskeleton organization	20	4	5.41	0.83274	1	BP
GO:0007338	single fertilization	20	4	5.41	0.83274	1	BP
GO:0050886	endocrine process	20	4	5.41	0.83274	1	BP
GO:0031047	gene silencing by RNA	20	4	5.41	0.83274	1	BP
GO:0021602	cranial nerve morphogenesis	20	4	5.41	0.83274	1	BP
GO:0042059	negative regulation of epidermal growth ...	20	4	5.41	0.83274	1	BP
GO:0031333	negative regulation of protein-containin...	20	4	5.41	0.83274	1	BP
GO:0014031	mesenchymal cell development	20	4	5.41	0.83274	1	BP
GO:1901185	negative regulation of ERBB signaling pa...	20	4	5.41	0.83274	1	BP
GO:0060415	muscle tissue morphogenesis	20	4	5.41	0.83274	1	BP
GO:0051304	chromosome separation	20	4	5.41	0.83274	1	BP
GO:0071696	ectodermal placode development	20	4	5.41	0.83274	1	BP
GO:0006790	sulfur compound metabolic process	77	22	20.84	0.8357	1	BP
GO:0001934	positive regulation of protein phosphory...	142	40	38.42	0.83602	1	BP
GO:0006633	fatty acid biosynthetic process	29	6	7.85	0.8385	1	BP
GO:0021782	glial cell development	29	6	7.85	0.8385	1	BP
GO:0002520	immune system development	166	40	44.92	0.83852	1	BP
GO:0009888	tissue development	465	118	125.83	0.83935	1	BP
GO:0014070	response to organic cyclic compound	209	51	56.55	0.84039	1	BP
GO:0008544	epidermis development	87	20	23.54	0.84074	1	BP
GO:0048736	appendage development	123	29	33.28	0.84191	1	BP
GO:0003006	developmental process involved in reprod...	317	79	85.78	0.84208	1	BP
GO:0055086	nucleobase-containing small molecule met...	127	30	34.37	0.84244	1	BP
GO:0009996	negative regulation of cell fate specifi...	11	2	2.98	0.84277	1	BP
GO:0060740	prostate gland epithelium morphogenesis	11	2	2.98	0.84277	1	BP
GO:0001824	blastocyst development	11	2	2.98	0.84277	1	BP
GO:1901659	glycosyl compound biosynthetic process	11	2	2.98	0.84277	1	BP
GO:0060512	prostate gland morphogenesis	11	2	2.98	0.84277	1	BP
GO:0000096	sulfur amino acid metabolic process	11	2	2.98	0.84277	1	BP
GO:0035285	appendage segmentation	11	2	2.98	0.84277	1	BP
GO:0016601	Rac protein signal transduction	11	2	2.98	0.84277	1	BP
GO:0032330	regulation of chondrocyte differentiatio...	11	2	2.98	0.84277	1	BP
GO:0043486	histone exchange	11	2	2.98	0.84277	1	BP
GO:0017001	antibiotic catabolic process	11	2	2.98	0.84277	1	BP
GO:0032272	negative regulation of protein polymeriz...	11	2	2.98	0.84277	1	BP
GO:0015872	dopamine transport	11	2	2.98	0.84277	1	BP
GO:0072527	pyrimidine-containing compound metabolic...	11	2	2.98	0.84277	1	BP
GO:0050732	negative regulation of peptidyl-tyrosine...	11	2	2.98	0.84277	1	BP
GO:2000178	negative regulation of neural precursor ...	11	2	2.98	0.84277	1	BP
GO:0050832	defense response to fungus	11	2	2.98	0.84277	1	BP
GO:0009163	nucleoside biosynthetic process	11	2	2.98	0.84277	1	BP
GO:0036011	imaginal disc-derived leg segmentation	11	2	2.98	0.84277	1	BP
GO:0034394	protein localization to cell surface	11	2	2.98	0.84277	1	BP
GO:0045740	positive regulation of DNA replication	11	2	2.98	0.84277	1	BP
GO:0014014	negative regulation of gliogenesis	11	2	2.98	0.84277	1	BP
GO:0036314	response to sterol	11	2	2.98	0.84277	1	BP
GO:0042455	ribonucleoside biosynthetic process	11	2	2.98	0.84277	1	BP
GO:0060428	lung epithelium development	11	2	2.98	0.84277	1	BP
GO:0001816	cytokine production	75	17	20.29	0.84277	1	BP
GO:0001837	epithelial to mesenchymal transition	42	9	11.36	0.84297	1	BP
GO:0051223	regulation of protein transport	131	31	35.45	0.84302	1	BP
GO:0071466	cellular response to xenobiotic stimulus	25	5	6.76	0.84833	1	BP
GO:0007525	somatic muscle development	25	5	6.76	0.84833	1	BP
GO:0070925	organelle assembly	163	39	44.11	0.84905	1	BP
GO:0045948	positive regulation of translational ini...	6	1	1.62	0.84982	1	BP
GO:0016333	morphogenesis of follicular epithelium	6	1	1.62	0.84982	1	BP
GO:0006221	pyrimidine nucleotide biosynthetic proce...	6	1	1.62	0.84982	1	BP
GO:0042866	pyruvate biosynthetic process	6	1	1.62	0.84982	1	BP
GO:0051204	protein insertion into mitochondrial mem...	6	1	1.62	0.84982	1	BP
GO:0016444	somatic cell DNA recombination	6	1	1.62	0.84982	1	BP
GO:0016445	somatic diversification of immunoglobuli...	6	1	1.62	0.84982	1	BP
GO:0001842	neural fold formation	6	1	1.62	0.84982	1	BP
GO:0060896	neural plate pattern specification	6	1	1.62	0.84982	1	BP
GO:0060897	neural plate regionalization	6	1	1.62	0.84982	1	BP
GO:0006739	NADP metabolic process	6	1	1.62	0.84982	1	BP
GO:0014821	phasic smooth muscle contraction	6	1	1.62	0.84982	1	BP
GO:0006555	methionine metabolic process	6	1	1.62	0.84982	1	BP
GO:0016233	telomere capping	6	1	1.62	0.84982	1	BP
GO:0003353	positive regulation of cilium movement	6	1	1.62	0.84982	1	BP
GO:0071910	determination of liver left/right asymme...	6	1	1.62	0.84982	1	BP
GO:1903306	negative regulation of regulated secreto...	6	1	1.62	0.84982	1	BP
GO:0060612	adipose tissue development	6	1	1.62	0.84982	1	BP
GO:0019934	cGMP-mediated signaling	6	1	1.62	0.84982	1	BP
GO:1903421	regulation of synaptic vesicle recycling	6	1	1.62	0.84982	1	BP
GO:0018023	peptidyl-lysine trimethylation	6	1	1.62	0.84982	1	BP
GO:0035307	positive regulation of protein dephospho...	6	1	1.62	0.84982	1	BP
GO:0035455	response to interferon-alpha	6	1	1.62	0.84982	1	BP
GO:0035196	miRNA processing	6	1	1.62	0.84982	1	BP
GO:0001910	regulation of leukocyte mediated cytotox...	6	1	1.62	0.84982	1	BP
GO:0003263	cardioblast proliferation	6	1	1.62	0.84982	1	BP
GO:0003264	regulation of cardioblast proliferation	6	1	1.62	0.84982	1	BP
GO:0003266	regulation of secondary heart field card...	6	1	1.62	0.84982	1	BP
GO:0008103	oocyte microtubule cytoskeleton polariza...	6	1	1.62	0.84982	1	BP
GO:0046131	pyrimidine ribonucleoside metabolic proc...	6	1	1.62	0.84982	1	BP
GO:1903846	positive regulation of cellular response...	6	1	1.62	0.84982	1	BP
GO:0030318	melanocyte differentiation	6	1	1.62	0.84982	1	BP
GO:0044837	actomyosin contractile ring organization	6	1	1.62	0.84982	1	BP
GO:0010085	polarity specification of proximal/dista...	6	1	1.62	0.84982	1	BP
GO:0016925	protein sumoylation	6	1	1.62	0.84982	1	BP
GO:0035640	exploration behavior	6	1	1.62	0.84982	1	BP
GO:0045010	actin nucleation	6	1	1.62	0.84982	1	BP
GO:0043392	negative regulation of DNA binding	6	1	1.62	0.84982	1	BP
GO:0008608	attachment of spindle microtubules to ki...	6	1	1.62	0.84982	1	BP
GO:0000101	sulfur amino acid transport	6	1	1.62	0.84982	1	BP
GO:0030717	oocyte karyosome formation	6	1	1.62	0.84982	1	BP
GO:0009068	aspartate family amino acid catabolic pr...	6	1	1.62	0.84982	1	BP
GO:0043303	mast cell degranulation	6	1	1.62	0.84982	1	BP
GO:0070593	dendrite self-avoidance	6	1	1.62	0.84982	1	BP
GO:0140718	facultative heterochromatin formation	6	1	1.62	0.84982	1	BP
GO:0021798	forebrain dorsal/ventral pattern formati...	6	1	1.62	0.84982	1	BP
GO:0030706	germarium-derived oocyte differentiation	6	1	1.62	0.84982	1	BP
GO:0046667	compound eye retinal cell programmed cel...	6	1	1.62	0.84982	1	BP
GO:0072202	cell differentiation involved in metanep...	6	1	1.62	0.84982	1	BP
GO:0021783	preganglionic parasympathetic fiber deve...	6	1	1.62	0.84982	1	BP
GO:0007354	zygotic determination of anterior/poster...	6	1	1.62	0.84982	1	BP
GO:0002448	mast cell mediated immunity	6	1	1.62	0.84982	1	BP
GO:0017004	cytochrome complex assembly	6	1	1.62	0.84982	1	BP
GO:0061550	cranial ganglion development	6	1	1.62	0.84982	1	BP
GO:0015811	L-cystine transport	6	1	1.62	0.84982	1	BP
GO:0032239	regulation of nucleobase-containing comp...	6	1	1.62	0.84982	1	BP
GO:0000715	nucleotide-excision repair, DNA damage r...	6	1	1.62	0.84982	1	BP
GO:2000369	regulation of clathrin-dependent endocyt...	6	1	1.62	0.84982	1	BP
GO:0021825	substrate-dependent cerebral cortex tang...	6	1	1.62	0.84982	1	BP
GO:0048486	parasympathetic nervous system developme...	6	1	1.62	0.84982	1	BP
GO:0030511	positive regulation of transforming grow...	6	1	1.62	0.84982	1	BP
GO:0021800	cerebral cortex tangential migration	6	1	1.62	0.84982	1	BP
GO:0007406	negative regulation of neuroblast prolif...	6	1	1.62	0.84982	1	BP
GO:0002293	alpha-beta T cell differentiation involv...	6	1	1.62	0.84982	1	BP
GO:0002294	CD4-positive, alpha-beta T cell differen...	6	1	1.62	0.84982	1	BP
GO:0021553	olfactory nerve development	6	1	1.62	0.84982	1	BP
GO:0061647	histone H3-K9 modification	6	1	1.62	0.84982	1	BP
GO:0002287	alpha-beta T cell activation involved in...	6	1	1.62	0.84982	1	BP
GO:0002279	mast cell activation involved in immune ...	6	1	1.62	0.84982	1	BP
GO:0007157	heterophilic cell-cell adhesion via plas...	6	1	1.62	0.84982	1	BP
GO:0072577	endothelial cell apoptotic process	6	1	1.62	0.84982	1	BP
GO:0072528	pyrimidine-containing compound biosynthe...	6	1	1.62	0.84982	1	BP
GO:0007130	synaptonemal complex assembly	6	1	1.62	0.84982	1	BP
GO:0007291	sperm individualization	6	1	1.62	0.84982	1	BP
GO:0007294	germarium-derived oocyte fate determinat...	6	1	1.62	0.84982	1	BP
GO:0072697	protein localization to cell cortex	6	1	1.62	0.84982	1	BP
GO:0072666	establishment of protein localization to...	6	1	1.62	0.84982	1	BP
GO:0002702	positive regulation of production of mol...	6	1	1.62	0.84982	1	BP
GO:0045117	azole transmembrane transport	6	1	1.62	0.84982	1	BP
GO:0042093	T-helper cell differentiation	6	1	1.62	0.84982	1	BP
GO:1901028	regulation of mitochondrial outer membra...	6	1	1.62	0.84982	1	BP
GO:0010829	negative regulation of glucose transmemb...	6	1	1.62	0.84982	1	BP
GO:0061988	karyosome formation	6	1	1.62	0.84982	1	BP
GO:0002562	somatic diversification of immune recept...	6	1	1.62	0.84982	1	BP
GO:0010801	negative regulation of peptidyl-threonin...	6	1	1.62	0.84982	1	BP
GO:2000781	positive regulation of double-strand bre...	6	1	1.62	0.84982	1	BP
GO:0043589	skin morphogenesis	6	1	1.62	0.84982	1	BP
GO:0048884	neuromast development	6	1	1.62	0.84982	1	BP
GO:0002532	production of molecular mediator involve...	6	1	1.62	0.84982	1	BP
GO:0030917	midbrain-hindbrain boundary development	6	1	1.62	0.84982	1	BP
GO:0010569	regulation of double-strand break repair...	6	1	1.62	0.84982	1	BP
GO:0010574	regulation of vascular endothelial growt...	6	1	1.62	0.84982	1	BP
GO:0009218	pyrimidine ribonucleotide metabolic proc...	6	1	1.62	0.84982	1	BP
GO:0002686	negative regulation of leukocyte migrati...	6	1	1.62	0.84982	1	BP
GO:0019471	4-hydroxyproline metabolic process	6	1	1.62	0.84982	1	BP
GO:0014018	neuroblast fate specification	6	1	1.62	0.84982	1	BP
GO:0000959	mitochondrial RNA metabolic process	6	1	1.62	0.84982	1	BP
GO:1904491	protein localization to ciliary transiti...	6	1	1.62	0.84982	1	BP
GO:0000912	assembly of actomyosin apparatus involve...	6	1	1.62	0.84982	1	BP
GO:0036315	cellular response to sterol	6	1	1.62	0.84982	1	BP
GO:0048630	skeletal muscle tissue growth	6	1	1.62	0.84982	1	BP
GO:0032924	activin receptor signaling pathway	6	1	1.62	0.84982	1	BP
GO:2000679	positive regulation of transcription reg...	6	1	1.62	0.84982	1	BP
GO:0009595	detection of biotic stimulus	6	1	1.62	0.84982	1	BP
GO:0045684	positive regulation of epidermis develop...	6	1	1.62	0.84982	1	BP
GO:0016064	immunoglobulin mediated immune response	6	1	1.62	0.84982	1	BP
GO:0060346	bone trabecula formation	6	1	1.62	0.84982	1	BP
GO:1904251	regulation of bile acid metabolic proces...	6	1	1.62	0.84982	1	BP
GO:0006309	apoptotic DNA fragmentation	6	1	1.62	0.84982	1	BP
GO:0010966	regulation of phosphate transport	6	1	1.62	0.84982	1	BP
GO:0019724	B cell mediated immunity	6	1	1.62	0.84982	1	BP
GO:0090272	negative regulation of fibroblast growth...	6	1	1.62	0.84982	1	BP
GO:0036297	interstrand cross-link repair	6	1	1.62	0.84982	1	BP
GO:0042276	error-prone translesion synthesis	6	1	1.62	0.84982	1	BP
GO:0006297	nucleotide-excision repair, DNA gap fill...	6	1	1.62	0.84982	1	BP
GO:0045920	negative regulation of exocytosis	6	1	1.62	0.84982	1	BP
GO:0042733	embryonic digit morphogenesis	16	3	4.33	0.8505	1	BP
GO:0001892	embryonic placenta development	16	3	4.33	0.8505	1	BP
GO:0008358	maternal determination of anterior/poste...	16	3	4.33	0.8505	1	BP
GO:0033206	meiotic cytokinesis	16	3	4.33	0.8505	1	BP
GO:0003148	outflow tract septum morphogenesis	16	3	4.33	0.8505	1	BP
GO:0038202	TORC1 signaling	16	3	4.33	0.8505	1	BP
GO:0035262	gonad morphogenesis	16	3	4.33	0.8505	1	BP
GO:1903578	regulation of ATP metabolic process	16	3	4.33	0.8505	1	BP
GO:0046631	alpha-beta T cell activation	16	3	4.33	0.8505	1	BP
GO:0010466	negative regulation of peptidase activit...	16	3	4.33	0.8505	1	BP
GO:0007314	oocyte anterior/posterior axis specifica...	16	3	4.33	0.8505	1	BP
GO:0007349	cellularization	16	3	4.33	0.8505	1	BP
GO:0007280	pole cell migration	16	3	4.33	0.8505	1	BP
GO:0009156	ribonucleoside monophosphate biosyntheti...	16	3	4.33	0.8505	1	BP
GO:0034341	response to interferon-gamma	16	3	4.33	0.8505	1	BP
GO:0006023	aminoglycan biosynthetic process	16	3	4.33	0.8505	1	BP
GO:0006027	glycosaminoglycan catabolic process	16	3	4.33	0.8505	1	BP
GO:0045619	regulation of lymphocyte differentiation	16	3	4.33	0.8505	1	BP
GO:0010951	negative regulation of endopeptidase act...	16	3	4.33	0.8505	1	BP
GO:0021915	neural tube development	55	12	14.88	0.85172	1	BP
GO:0006796	phosphate-containing compound metabolic ...	467	123	126.37	0.85177	1	BP
GO:0051656	establishment of organelle localization	112	26	30.31	0.8541	1	BP
GO:0060627	regulation of vesicle-mediated transport	100	23	27.06	0.85432	1	BP
GO:0008038	neuron recognition	34	7	9.2	0.85449	1	BP
GO:0061371	determination of heart left/right asymme...	34	7	9.2	0.85449	1	BP
GO:2000243	positive regulation of reproductive proc...	34	7	9.2	0.85449	1	BP
GO:0009161	ribonucleoside monophosphate metabolic p...	34	7	9.2	0.85449	1	BP
GO:0016055	Wnt signaling pathway	96	22	25.98	0.85462	1	BP
GO:0051247	positive regulation of protein metabolic...	251	72	67.92	0.85485	1	BP
GO:0048513	animal organ development	678	174	183.46	0.85526	1	BP
GO:0070201	regulation of establishment of protein l...	132	31	35.72	0.85539	1	BP
GO:0002009	morphogenesis of an epithelium	257	63	69.54	0.8555	1	BP
GO:0016477	cell migration	284	70	76.85	0.85557	1	BP
GO:0045087	innate immune response	84	19	22.73	0.85639	1	BP
GO:0044238	primary metabolic process	1352	370	365.84	0.85639	1	BP
GO:0048583	regulation of response to stimulus	598	161	161.82	0.85663	1	BP
GO:0043299	leukocyte degranulation	76	17	20.57	0.8585	1	BP
GO:0007254	JNK cascade	47	10	12.72	0.85857	1	BP
GO:0051348	negative regulation of transferase activ...	47	10	12.72	0.85857	1	BP
GO:0008283	cell population proliferation	345	89	93.35	0.86114	1	BP
GO:0016319	mushroom body development	21	4	5.68	0.86138	1	BP
GO:0051897	positive regulation of protein kinase B ...	21	4	5.68	0.86138	1	BP
GO:0008354	germ cell migration	21	4	5.68	0.86138	1	BP
GO:0008652	cellular amino acid biosynthetic process	21	4	5.68	0.86138	1	BP
GO:0002449	lymphocyte mediated immunity	21	4	5.68	0.86138	1	BP
GO:0000723	telomere maintenance	21	4	5.68	0.86138	1	BP
GO:0032200	telomere organization	21	4	5.68	0.86138	1	BP
GO:0120192	tight junction assembly	21	4	5.68	0.86138	1	BP
GO:0120193	tight junction organization	21	4	5.68	0.86138	1	BP
GO:0048865	stem cell fate commitment	21	4	5.68	0.86138	1	BP
GO:0014032	neural crest cell development	21	4	5.68	0.86138	1	BP
GO:0048644	muscle organ morphogenesis	21	4	5.68	0.86138	1	BP
GO:0019748	secondary metabolic process	21	4	5.68	0.86138	1	BP
GO:0065008	regulation of biological quality	645	185	174.53	0.86144	1	BP
GO:0007052	mitotic spindle organization	30	6	8.12	0.8625	1	BP
GO:0021675	nerve development	30	6	8.12	0.8625	1	BP
GO:0031589	cell-substrate adhesion	47	14	12.72	0.86286	1	BP
GO:0030324	lung development	43	9	11.64	0.8631	1	BP
GO:0009144	purine nucleoside triphosphate metabolic...	43	9	11.64	0.8631	1	BP
GO:0009205	purine ribonucleoside triphosphate metab...	43	9	11.64	0.8631	1	BP
GO:0051649	establishment of localization in cell	435	114	117.71	0.86422	1	BP
GO:0048584	positive regulation of response to stimu...	325	86	87.94	0.8651	1	BP
GO:0009792	embryo development ending in birth or eg...	231	56	62.51	0.86555	1	BP
GO:0008284	positive regulation of cell population p...	154	40	41.67	0.86736	1	BP
GO:0198738	cell-cell signaling by wnt	97	22	26.25	0.868	1	BP
GO:0099504	synaptic vesicle cycle	39	8	10.55	0.86859	1	BP
GO:0090305	nucleic acid phosphodiester bond hydroly...	39	8	10.55	0.86859	1	BP
GO:0002443	leukocyte mediated immunity	93	21	25.17	0.86865	1	BP
GO:0009719	response to endogenous stimulus	326	83	88.21	0.86899	1	BP
GO:0002366	leukocyte activation involved in immune ...	89	20	24.08	0.86945	1	BP
GO:0023051	regulation of signaling	554	148	149.91	0.8722	1	BP
GO:0044249	cellular biosynthetic process	827	226	223.78	0.87226	1	BP
GO:0009408	response to heat	52	11	14.07	0.87233	1	BP
GO:0048738	cardiac muscle tissue development	52	11	14.07	0.87233	1	BP
GO:0051225	spindle assembly	26	5	7.04	0.87265	1	BP
GO:0001890	placenta development	26	5	7.04	0.87265	1	BP
GO:0008366	axon ensheathment	26	5	7.04	0.87265	1	BP
GO:0016999	antibiotic metabolic process	26	5	7.04	0.87265	1	BP
GO:0007272	ensheathment of neurons	26	5	7.04	0.87265	1	BP
GO:0010595	positive regulation of endothelial cell ...	26	5	7.04	0.87265	1	BP
GO:0048806	genitalia development	26	5	7.04	0.87265	1	BP
GO:0002275	myeloid cell activation involved in immu...	77	17	20.84	0.873	1	BP
GO:0051234	establishment of localization	758	206	205.11	0.87313	1	BP
GO:0010565	regulation of cellular ketone metabolic ...	30	12	8.12	0.87314	1	BP
GO:1901576	organic substance biosynthetic process	839	229	227.03	0.87424	1	BP
GO:0002697	regulation of immune effector process	35	7	9.47	0.87528	1	BP
GO:0048646	anatomical structure formation involved ...	271	66	73.33	0.87584	1	BP
GO:0032879	regulation of localization	441	122	119.33	0.87589	1	BP
GO:0060322	head development	201	48	54.39	0.87636	1	BP
GO:0051052	regulation of DNA metabolic process	69	15	18.67	0.87658	1	BP
GO:1901880	negative regulation of protein depolymer...	12	2	3.25	0.87711	1	BP
GO:1901879	regulation of protein depolymerization	12	2	3.25	0.87711	1	BP
GO:0009988	cell-cell recognition	12	2	3.25	0.87711	1	BP
GO:0001885	endothelial cell development	12	2	3.25	0.87711	1	BP
GO:1990542	mitochondrial transmembrane transport	12	2	3.25	0.87711	1	BP
GO:0022416	chaeta development	12	2	3.25	0.87711	1	BP
GO:0042509	regulation of tyrosine phosphorylation o...	12	2	3.25	0.87711	1	BP
GO:0060632	regulation of microtubule-based movement	12	2	3.25	0.87711	1	BP
GO:0140053	mitochondrial gene expression	12	2	3.25	0.87711	1	BP
GO:1900087	positive regulation of G1/S transition o...	12	2	3.25	0.87711	1	BP
GO:0035116	embryonic hindlimb morphogenesis	12	2	3.25	0.87711	1	BP
GO:0072002	Malpighian tubule development	12	2	3.25	0.87711	1	BP
GO:0060972	left/right pattern formation	12	2	3.25	0.87711	1	BP
GO:0070306	lens fiber cell differentiation	12	2	3.25	0.87711	1	BP
GO:0035767	endothelial cell chemotaxis	12	2	3.25	0.87711	1	BP
GO:0140238	presynaptic endocytosis	12	2	3.25	0.87711	1	BP
GO:0021772	olfactory bulb development	12	2	3.25	0.87711	1	BP
GO:0048488	synaptic vesicle endocytosis	12	2	3.25	0.87711	1	BP
GO:0043242	negative regulation of protein-containin...	12	2	3.25	0.87711	1	BP
GO:0010288	response to lead ion	12	2	3.25	0.87711	1	BP
GO:0007260	tyrosine phosphorylation of STAT protein	12	2	3.25	0.87711	1	BP
GO:0048854	brain morphogenesis	12	2	3.25	0.87711	1	BP
GO:0071479	cellular response to ionizing radiation	12	2	3.25	0.87711	1	BP
GO:0021988	olfactory lobe development	12	2	3.25	0.87711	1	BP
GO:1904377	positive regulation of protein localizat...	12	2	3.25	0.87711	1	BP
GO:0010662	regulation of striated muscle cell apopt...	12	2	3.25	0.87711	1	BP
GO:0048524	positive regulation of viral process	12	2	3.25	0.87711	1	BP
GO:0010658	striated muscle cell apoptotic process	12	2	3.25	0.87711	1	BP
GO:0097065	anterior head development	12	2	3.25	0.87711	1	BP
GO:0007638	mechanosensory behavior	12	2	3.25	0.87711	1	BP
GO:2000648	positive regulation of stem cell prolife...	12	2	3.25	0.87711	1	BP
GO:0051446	positive regulation of meiotic cell cycl...	12	2	3.25	0.87711	1	BP
GO:0048608	reproductive structure development	114	26	30.85	0.87838	1	BP
GO:0140694	non-membrane-bounded organelle assembly	65	14	17.59	0.87884	1	BP
GO:1903076	regulation of protein localization to pl...	17	3	4.6	0.87919	1	BP
GO:0051261	protein depolymerization	17	3	4.6	0.87919	1	BP
GO:1901607	alpha-amino acid biosynthetic process	17	3	4.6	0.87919	1	BP
GO:1903429	regulation of cell maturation	17	3	4.6	0.87919	1	BP
GO:0055083	monovalent inorganic anion homeostasis	17	3	4.6	0.87919	1	BP
GO:0055023	positive regulation of cardiac muscle ti...	17	3	4.6	0.87919	1	BP
GO:0030718	germ-line stem cell population maintenan...	17	3	4.6	0.87919	1	BP
GO:0009066	aspartate family amino acid metabolic pr...	17	3	4.6	0.87919	1	BP
GO:0021846	cell proliferation in forebrain	17	3	4.6	0.87919	1	BP
GO:0006026	aminoglycan catabolic process	17	3	4.6	0.87919	1	BP
GO:0021983	pituitary gland development	17	3	4.6	0.87919	1	BP
GO:0043648	dicarboxylic acid metabolic process	17	3	4.6	0.87919	1	BP
GO:0060421	positive regulation of heart growth	17	3	4.6	0.87919	1	BP
GO:0042220	response to cocaine	17	3	4.6	0.87919	1	BP
GO:0006793	phosphorus metabolic process	471	123	127.45	0.87932	1	BP
GO:0006950	response to stress	597	174	161.54	0.87953	1	BP
GO:0007610	behavior	280	93	75.77	0.88094	1	BP
GO:0009199	ribonucleoside triphosphate metabolic pr...	44	9	11.91	0.88111	1	BP
GO:0045937	positive regulation of phosphate metabol...	162	44	43.84	0.88154	1	BP
GO:0010562	positive regulation of phosphorus metabo...	162	44	43.84	0.88154	1	BP
GO:0048589	developmental growth	237	57	64.13	0.88344	1	BP
GO:0030203	glycosaminoglycan metabolic process	31	6	8.39	0.88346	1	BP
GO:0097480	establishment of synaptic vesicle locali...	31	6	8.39	0.88346	1	BP
GO:0003008	system process	374	110	101.2	0.88416	1	BP
GO:0006397	mRNA processing	57	12	15.42	0.88454	1	BP
GO:0032787	monocarboxylic acid metabolic process	105	29	28.41	0.88516	1	BP
GO:1904375	regulation of protein localization to ce...	22	4	5.95	0.88572	1	BP
GO:0019218	regulation of steroid metabolic process	22	4	5.95	0.88572	1	BP
GO:0060349	bone morphogenesis	22	4	5.95	0.88572	1	BP
GO:0051145	smooth muscle cell differentiation	22	4	5.95	0.88572	1	BP
GO:0050768	negative regulation of neurogenesis	78	17	21.11	0.88631	1	BP
GO:0043161	proteasome-mediated ubiquitin-dependent ...	75	21	20.29	0.8881	1	BP
GO:0061448	connective tissue development	53	11	14.34	0.88811	1	BP
GO:0030036	actin cytoskeleton organization	131	30	35.45	0.88823	1	BP
GO:0044403	biological process involved in symbiotic...	70	15	18.94	0.89023	1	BP
GO:0031099	regeneration	70	15	18.94	0.89023	1	BP
GO:0060231	mesenchymal to epithelial transition	7	1	1.89	0.89058	1	BP
GO:0006213	pyrimidine nucleoside metabolic process	7	1	1.89	0.89058	1	BP
GO:1901862	negative regulation of muscle tissue dev...	7	1	1.89	0.89058	1	BP
GO:0009946	proximal/distal axis specification	7	1	1.89	0.89058	1	BP
GO:0035071	salivary gland cell autophagic cell deat...	7	1	1.89	0.89058	1	BP
GO:0042537	benzene-containing compound metabolic pr...	7	1	1.89	0.89058	1	BP
GO:0033301	cell cycle comprising mitosis without cy...	7	1	1.89	0.89058	1	BP
GO:0060501	positive regulation of epithelial cell p...	7	1	1.89	0.89058	1	BP
GO:0060502	epithelial cell proliferation involved i...	7	1	1.89	0.89058	1	BP
GO:0003383	apical constriction	7	1	1.89	0.89058	1	BP
GO:0061064	negative regulation of nematode larval d...	7	1	1.89	0.89058	1	BP
GO:0030042	actin filament depolymerization	7	1	1.89	0.89058	1	BP
GO:1905332	positive regulation of morphogenesis of ...	7	1	1.89	0.89058	1	BP
GO:0003149	membranous septum morphogenesis	7	1	1.89	0.89058	1	BP
GO:0035158	regulation of tube diameter, open trache...	7	1	1.89	0.89058	1	BP
GO:0006953	acute-phase response	7	1	1.89	0.89058	1	BP
GO:0044788	modulation by host of viral process	7	1	1.89	0.89058	1	BP
GO:0022611	dormancy process	7	1	1.89	0.89058	1	BP
GO:0008258	head involution	7	1	1.89	0.89058	1	BP
GO:1902019	regulation of cilium-dependent cell moti...	7	1	1.89	0.89058	1	BP
GO:0043030	regulation of macrophage activation	7	1	1.89	0.89058	1	BP
GO:1903651	positive regulation of cytoplasmic trans...	7	1	1.89	0.89058	1	BP
GO:0048069	eye pigmentation	7	1	1.89	0.89058	1	BP
GO:0000303	response to superoxide	7	1	1.89	0.89058	1	BP
GO:0045022	early endosome to late endosome transpor...	7	1	1.89	0.89058	1	BP
GO:0000266	mitochondrial fission	7	1	1.89	0.89058	1	BP
GO:0007310	oocyte dorsal/ventral axis specification	7	1	1.89	0.89058	1	BP
GO:0032212	positive regulation of telomere maintena...	7	1	1.89	0.89058	1	BP
GO:0021869	forebrain ventricular zone progenitor ce...	7	1	1.89	0.89058	1	BP
GO:0043154	negative regulation of cysteine-type end...	7	1	1.89	0.89058	1	BP
GO:0030513	positive regulation of BMP signaling pat...	7	1	1.89	0.89058	1	BP
GO:0032722	positive regulation of chemokine product...	7	1	1.89	0.89058	1	BP
GO:0002292	T cell differentiation involved in immun...	7	1	1.89	0.89058	1	BP
GO:0010257	NADH dehydrogenase complex assembly	7	1	1.89	0.89058	1	BP
GO:0002200	somatic diversification of immune recept...	7	1	1.89	0.89058	1	BP
GO:0050892	intestinal absorption	7	1	1.89	0.89058	1	BP
GO:2000117	negative regulation of cysteine-type end...	7	1	1.89	0.89058	1	BP
GO:0002709	regulation of T cell mediated immunity	7	1	1.89	0.89058	1	BP
GO:0032543	mitochondrial translation	7	1	1.89	0.89058	1	BP
GO:0048712	negative regulation of astrocyte differe...	7	1	1.89	0.89058	1	BP
GO:0009154	purine ribonucleotide catabolic process	7	1	1.89	0.89058	1	BP
GO:2000794	regulation of epithelial cell proliferat...	7	1	1.89	0.89058	1	BP
GO:0045792	negative regulation of cell size	7	1	1.89	0.89058	1	BP
GO:0048866	stem cell fate specification	7	1	1.89	0.89058	1	BP
GO:0010573	vascular endothelial growth factor produ...	7	1	1.89	0.89058	1	BP
GO:1904358	positive regulation of telomere maintena...	7	1	1.89	0.89058	1	BP
GO:0006007	glucose catabolic process	7	1	1.89	0.89058	1	BP
GO:0031341	regulation of cell killing	7	1	1.89	0.89058	1	BP
GO:0010667	negative regulation of cardiac muscle ce...	7	1	1.89	0.89058	1	BP
GO:0021903	rostrocaudal neural tube patterning	7	1	1.89	0.89058	1	BP
GO:0007538	primary sex determination	7	1	1.89	0.89058	1	BP
GO:0045843	negative regulation of striated muscle t...	7	1	1.89	0.89058	1	BP
GO:0097094	craniofacial suture morphogenesis	7	1	1.89	0.89058	1	BP
GO:0097062	dendritic spine maintenance	7	1	1.89	0.89058	1	BP
GO:0048682	sprouting of injured axon	7	1	1.89	0.89058	1	BP
GO:2000542	negative regulation of gastrulation	7	1	1.89	0.89058	1	BP
GO:0032981	mitochondrial respiratory chain complex ...	7	1	1.89	0.89058	1	BP
GO:0048635	negative regulation of muscle organ deve...	7	1	1.89	0.89058	1	BP
GO:0060363	cranial suture morphogenesis	7	1	1.89	0.89058	1	BP
GO:0031145	anaphase-promoting complex-dependent cat...	7	1	1.89	0.89058	1	BP
GO:0031146	SCF-dependent proteasomal ubiquitin-depe...	7	1	1.89	0.89058	1	BP
GO:0060385	axonogenesis involved in innervation	7	1	1.89	0.89058	1	BP
GO:0060343	trabecula formation	7	1	1.89	0.89058	1	BP
GO:0042481	regulation of odontogenesis	7	1	1.89	0.89058	1	BP
GO:0071763	nuclear membrane organization	7	1	1.89	0.89058	1	BP
GO:0090151	establishment of protein localization to...	7	1	1.89	0.89058	1	BP
GO:0010971	positive regulation of G2/M transition o...	7	1	1.89	0.89058	1	BP
GO:0060442	branching involved in prostate gland mor...	7	1	1.89	0.89058	1	BP
GO:0071863	regulation of cell proliferation in bone...	7	1	1.89	0.89058	1	BP
GO:0071864	positive regulation of cell proliferatio...	7	1	1.89	0.89058	1	BP
GO:0042130	negative regulation of T cell proliferat...	7	1	1.89	0.89058	1	BP
GO:0006414	translational elongation	7	1	1.89	0.89058	1	BP
GO:0071827	plasma lipoprotein particle organization	7	1	1.89	0.89058	1	BP
GO:0071838	cell proliferation in bone marrow	7	1	1.89	0.89058	1	BP
GO:1904748	regulation of apoptotic process involved...	7	1	1.89	0.89058	1	BP
GO:0060174	limb bud formation	7	1	1.89	0.89058	1	BP
GO:0097320	plasma membrane tubulation	7	1	1.89	0.89058	1	BP
GO:0060295	regulation of cilium movement involved i...	7	1	1.89	0.89058	1	BP
GO:0030198	extracellular matrix organization	49	10	13.26	0.89228	1	BP
GO:0019752	carboxylic acid metabolic process	179	47	48.44	0.89278	1	BP
GO:0043903	regulation of biological process involve...	36	7	9.74	0.89355	1	BP
GO:0008595	anterior/posterior axis specification, e...	27	5	7.31	0.89359	1	BP
GO:0007351	tripartite regional subdivision	27	5	7.31	0.89359	1	BP
GO:0030509	BMP signaling pathway	27	5	7.31	0.89359	1	BP
GO:0043534	blood vessel endothelial cell migration	27	5	7.31	0.89359	1	BP
GO:0060021	roof of mouth development	27	5	7.31	0.89359	1	BP
GO:0010646	regulation of cell communication	550	146	148.83	0.8943	1	BP
GO:0044085	cellular component biogenesis	559	144	151.26	0.89457	1	BP
GO:0043010	camera-type eye development	87	19	23.54	0.8953	1	BP
GO:0002274	myeloid leukocyte activation	87	19	23.54	0.8953	1	BP
GO:0009100	glycoprotein metabolic process	62	13	16.78	0.89542	1	BP
GO:0008152	metabolic process	1482	405	401.02	0.89656	1	BP
GO:0030323	respiratory tube development	45	9	12.18	0.89714	1	BP
GO:0051054	positive regulation of DNA metabolic pro...	45	9	12.18	0.89714	1	BP
GO:0048568	embryonic organ development	132	30	35.72	0.89789	1	BP
GO:0140014	mitotic nuclear division	58	12	15.69	0.89861	1	BP
GO:0042180	cellular ketone metabolic process	36	13	9.74	0.89877	1	BP
GO:0043436	oxoacid metabolic process	196	51	53.04	0.90079	1	BP
GO:0060548	negative regulation of cell death	174	50	47.08	0.90092	1	BP
GO:2001252	positive regulation of chromosome organi...	32	6	8.66	0.90167	1	BP
GO:0048704	embryonic skeletal system morphogenesis	32	6	8.66	0.90167	1	BP
GO:0010594	regulation of endothelial cell migration	32	6	8.66	0.90167	1	BP
GO:0050670	regulation of lymphocyte proliferation	21	8	5.68	0.90188	1	BP
GO:0032944	regulation of mononuclear cell prolifera...	21	8	5.68	0.90188	1	BP
GO:0035051	cardiocyte differentiation	41	8	11.09	0.90283	1	BP
GO:0018022	peptidyl-lysine methylation	18	3	4.87	0.90289	1	BP
GO:0003401	axis elongation	18	3	4.87	0.90289	1	BP
GO:0043536	positive regulation of blood vessel endo...	18	3	4.87	0.90289	1	BP
GO:0002699	positive regulation of immune effector p...	18	3	4.87	0.90289	1	BP
GO:0048661	positive regulation of smooth muscle cel...	18	3	4.87	0.90289	1	BP
GO:0090497	mesenchymal cell migration	18	3	4.87	0.90289	1	BP
GO:0090100	positive regulation of transmembrane rec...	18	3	4.87	0.90289	1	BP
GO:0042273	ribosomal large subunit biogenesis	18	3	4.87	0.90289	1	BP
GO:0001755	neural crest cell migration	18	3	4.87	0.90289	1	BP
GO:0048729	tissue morphogenesis	271	65	73.33	0.904	1	BP
GO:0060429	epithelium development	387	95	104.72	0.90428	1	BP
GO:0006893	Golgi to plasma membrane transport	13	2	3.52	0.90441	1	BP
GO:0001516	prostaglandin biosynthetic process	13	2	3.52	0.90441	1	BP
GO:0006513	protein monoubiquitination	13	2	3.52	0.90441	1	BP
GO:0003333	amino acid transmembrane transport	13	2	3.52	0.90441	1	BP
GO:0016574	histone ubiquitination	13	2	3.52	0.90441	1	BP
GO:0016525	negative regulation of angiogenesis	13	2	3.52	0.90441	1	BP
GO:0035137	hindlimb morphogenesis	13	2	3.52	0.90441	1	BP
GO:0046457	prostanoid biosynthetic process	13	2	3.52	0.90441	1	BP
GO:0008206	bile acid metabolic process	13	2	3.52	0.90441	1	BP
GO:0010002	cardioblast differentiation	13	2	3.52	0.90441	1	BP
GO:1902475	L-alpha-amino acid transmembrane transpo...	13	2	3.52	0.90441	1	BP
GO:1902414	protein localization to cell junction	13	2	3.52	0.90441	1	BP
GO:0007315	pole plasm assembly	13	2	3.52	0.90441	1	BP
GO:0030838	positive regulation of actin filament po...	13	2	3.52	0.90441	1	BP
GO:1903900	regulation of viral life cycle	13	2	3.52	0.90441	1	BP
GO:0015807	L-amino acid transport	13	2	3.52	0.90441	1	BP
GO:0050729	positive regulation of inflammatory resp...	13	2	3.52	0.90441	1	BP
GO:0007293	germarium-derived egg chamber formation	13	2	3.52	0.90441	1	BP
GO:2000181	negative regulation of blood vessel morp...	13	2	3.52	0.90441	1	BP
GO:1901068	guanosine-containing compound metabolic ...	13	2	3.52	0.90441	1	BP
GO:0090049	regulation of cell migration involved in...	13	2	3.52	0.90441	1	BP
GO:0061951	establishment of protein localization to...	13	2	3.52	0.90441	1	BP
GO:0042078	germ-line stem cell division	13	2	3.52	0.90441	1	BP
GO:2000779	regulation of double-strand break repair	13	2	3.52	0.90441	1	BP
GO:0042386	hemocyte differentiation	13	2	3.52	0.90441	1	BP
GO:0045610	regulation of hemocyte differentiation	13	2	3.52	0.90441	1	BP
GO:0051303	establishment of chromosome localization	13	2	3.52	0.90441	1	BP
GO:0006446	regulation of translational initiation	13	2	3.52	0.90441	1	BP
GO:0044057	regulation of system process	132	50	35.72	0.90478	1	BP
GO:0031098	stress-activated protein kinase signalin...	67	14	18.13	0.90515	1	BP
GO:0042063	gliogenesis	67	14	18.13	0.90515	1	BP
GO:0001706	endoderm formation	23	4	6.22	0.90626	1	BP
GO:0003158	endothelium development	23	4	6.22	0.90626	1	BP
GO:0043297	apical junction assembly	23	4	6.22	0.90626	1	BP
GO:0007127	meiosis I	23	4	6.22	0.90626	1	BP
GO:0031056	regulation of histone modification	23	4	6.22	0.90626	1	BP
GO:0048701	embryonic cranial skeleton morphogenesis	23	4	6.22	0.90626	1	BP
GO:0043525	positive regulation of neuron apoptotic ...	23	4	6.22	0.90626	1	BP
GO:0090288	negative regulation of cellular response...	23	4	6.22	0.90626	1	BP
GO:0000226	microtubule cytoskeleton organization	133	30	35.99	0.90689	1	BP
GO:1901565	organonitrogen compound catabolic proces...	220	60	59.53	0.90754	1	BP
GO:0010721	negative regulation of cell development	84	18	22.73	0.90781	1	BP
GO:0051403	stress-activated MAPK cascade	63	13	17.05	0.908	1	BP
GO:0006812	cation transport	204	61	55.2	0.90809	1	BP
GO:0046328	regulation of JNK cascade	37	7	10.01	0.90951	1	BP
GO:0051049	regulation of transport	299	85	80.91	0.91028	1	BP
GO:0009141	nucleoside triphosphate metabolic proces...	46	9	12.45	0.91132	1	BP
GO:0022600	digestive system process	28	5	7.58	0.91149	1	BP
GO:0048864	stem cell development	28	5	7.58	0.91149	1	BP
GO:0014033	neural crest cell differentiation	28	5	7.58	0.91149	1	BP
GO:0051640	organelle localization	154	35	41.67	0.91394	1	BP
GO:0043414	macromolecule methylation	55	11	14.88	0.9149	1	BP
GO:0098813	nuclear chromosome segregation	55	11	14.88	0.9149	1	BP
GO:0051093	negative regulation of developmental pro...	202	47	54.66	0.91507	1	BP
GO:0071310	cellular response to organic substance	402	107	108.78	0.91541	1	BP
GO:1901564	organonitrogen compound metabolic proces...	930	261	251.65	0.9156	1	BP
GO:0032501	multicellular organismal process	1195	325	323.36	0.91597	1	BP
GO:0007265	Ras protein signal transduction	68	14	18.4	0.91644	1	BP
GO:0009948	anterior/posterior axis specification	42	8	11.36	0.91691	1	BP
GO:0001838	embryonic epithelial tube formation	42	8	11.36	0.91691	1	BP
GO:0042445	hormone metabolic process	42	8	11.36	0.91691	1	BP
GO:0006022	aminoglycan metabolic process	33	6	8.93	0.91738	1	BP
GO:0042476	odontogenesis	33	6	8.93	0.91738	1	BP
GO:1905897	regulation of response to endoplasmic re...	16	7	4.33	0.91859	1	BP
GO:0006109	regulation of carbohydrate metabolic pro...	34	12	9.2	0.91887	1	BP
GO:0140013	meiotic nuclear division	51	10	13.8	0.91907	1	BP
GO:0022607	cellular component assembly	518	132	140.17	0.9194	1	BP
GO:0050794	regulation of cellular process	1290	357	349.07	0.9198	1	BP
GO:0048592	eye morphogenesis	106	23	28.68	0.9201	1	BP
GO:1990849	vacuolar localization	8	1	2.16	0.92029	1	BP
GO:0038084	vascular endothelial growth factor signa...	8	1	2.16	0.92029	1	BP
GO:1904591	positive regulation of protein import	8	1	2.16	0.92029	1	BP
GO:0006284	base-excision repair	8	1	2.16	0.92029	1	BP
GO:0006277	DNA amplification	8	1	2.16	0.92029	1	BP
GO:0098927	vesicle-mediated transport between endos...	8	1	2.16	0.92029	1	BP
GO:0060742	epithelial cell differentiation involved...	8	1	2.16	0.92029	1	BP
GO:0051205	protein insertion into membrane	8	1	2.16	0.92029	1	BP
GO:0006734	NADH metabolic process	8	1	2.16	0.92029	1	BP
GO:0008039	synaptic target recognition	8	1	2.16	0.92029	1	BP
GO:0006817	phosphate ion transport	8	1	2.16	0.92029	1	BP
GO:0051851	modulation by host of symbiont process	8	1	2.16	0.92029	1	BP
GO:0046039	GTP metabolic process	8	1	2.16	0.92029	1	BP
GO:0019985	translesion synthesis	8	1	2.16	0.92029	1	BP
GO:0060638	mesenchymal-epithelial cell signaling	8	1	2.16	0.92029	1	BP
GO:0055062	phosphate ion homeostasis	8	1	2.16	0.92029	1	BP
GO:0003416	endochondral bone growth	8	1	2.16	0.92029	1	BP
GO:1905331	negative regulation of morphogenesis of ...	8	1	2.16	0.92029	1	BP
GO:0060979	vasculogenesis involved in coronary vasc...	8	1	2.16	0.92029	1	BP
GO:0035287	head segmentation	8	1	2.16	0.92029	1	BP
GO:0044719	regulation of imaginal disc-derived wing...	8	1	2.16	0.92029	1	BP
GO:0061323	cell proliferation involved in heart mor...	8	1	2.16	0.92029	1	BP
GO:0101023	vascular endothelial cell proliferation	8	1	2.16	0.92029	1	BP
GO:1905562	regulation of vascular endothelial cell ...	8	1	2.16	0.92029	1	BP
GO:0072111	cell proliferation involved in kidney de...	8	1	2.16	0.92029	1	BP
GO:0072148	epithelial cell fate commitment	8	1	2.16	0.92029	1	BP
GO:0032418	lysosome localization	8	1	2.16	0.92029	1	BP
GO:0002377	immunoglobulin production	8	1	2.16	0.92029	1	BP
GO:0046676	negative regulation of insulin secretion	8	1	2.16	0.92029	1	BP
GO:0046621	negative regulation of organ growth	8	1	2.16	0.92029	1	BP
GO:0048368	lateral mesoderm development	8	1	2.16	0.92029	1	BP
GO:0048369	lateral mesoderm morphogenesis	8	1	2.16	0.92029	1	BP
GO:0048370	lateral mesoderm formation	8	1	2.16	0.92029	1	BP
GO:0030837	negative regulation of actin filament po...	8	1	2.16	0.92029	1	BP
GO:0007307	eggshell chorion gene amplification	8	1	2.16	0.92029	1	BP
GO:0021889	olfactory bulb interneuron differentiati...	8	1	2.16	0.92029	1	BP
GO:0032206	positive regulation of telomere maintena...	8	1	2.16	0.92029	1	BP
GO:0000737	DNA catabolic process, endonucleolytic	8	1	2.16	0.92029	1	BP
GO:0043123	positive regulation of I-kappaB kinase/N...	8	1	2.16	0.92029	1	BP
GO:0043113	receptor clustering	8	1	2.16	0.92029	1	BP
GO:0035988	chondrocyte proliferation	8	1	2.16	0.92029	1	BP
GO:0010160	formation of animal organ boundary	8	1	2.16	0.92029	1	BP
GO:0007446	imaginal disc growth	8	1	2.16	0.92029	1	BP
GO:1902253	regulation of intrinsic apoptotic signal...	8	1	2.16	0.92029	1	BP
GO:0021591	ventricular system development	8	1	2.16	0.92029	1	BP
GO:0002286	T cell activation involved in immune res...	8	1	2.16	0.92029	1	BP
GO:0007156	homophilic cell adhesion via plasma memb...	8	1	2.16	0.92029	1	BP
GO:0007129	homologous chromosome pairing at meiosis	8	1	2.16	0.92029	1	BP
GO:1902751	positive regulation of cell cycle G2/M p...	8	1	2.16	0.92029	1	BP
GO:0040040	thermosensory behavior	8	1	2.16	0.92029	1	BP
GO:0072505	divalent inorganic anion homeostasis	8	1	2.16	0.92029	1	BP
GO:0072506	trivalent inorganic anion homeostasis	8	1	2.16	0.92029	1	BP
GO:1902745	positive regulation of lamellipodium org...	8	1	2.16	0.92029	1	BP
GO:0072665	protein localization to vacuole	8	1	2.16	0.92029	1	BP
GO:2000136	regulation of cell proliferation involve...	8	1	2.16	0.92029	1	BP
GO:0021603	cranial nerve formation	8	1	2.16	0.92029	1	BP
GO:0045176	apical protein localization	8	1	2.16	0.92029	1	BP
GO:0002700	regulation of production of molecular me...	8	1	2.16	0.92029	1	BP
GO:0002708	positive regulation of lymphocyte mediat...	8	1	2.16	0.92029	1	BP
GO:0070986	left/right axis specification	8	1	2.16	0.92029	1	BP
GO:0002886	regulation of myeloid leukocyte mediated...	8	1	2.16	0.92029	1	BP
GO:0032642	regulation of chemokine production	8	1	2.16	0.92029	1	BP
GO:0032602	chemokine production	8	1	2.16	0.92029	1	BP
GO:0010592	positive regulation of lamellipodium ass...	8	1	2.16	0.92029	1	BP
GO:0010596	negative regulation of endothelial cell ...	8	1	2.16	0.92029	1	BP
GO:0043537	negative regulation of blood vessel endo...	8	1	2.16	0.92029	1	BP
GO:0031338	regulation of vesicle fusion	8	1	2.16	0.92029	1	BP
GO:0098868	bone growth	8	1	2.16	0.92029	1	BP
GO:0031440	regulation of mRNA 3'-end processing	8	1	2.16	0.92029	1	BP
GO:2000647	negative regulation of stem cell prolife...	8	1	2.16	0.92029	1	BP
GO:0045686	negative regulation of glial cell differ...	8	1	2.16	0.92029	1	BP
GO:0042473	outer ear morphogenesis	8	1	2.16	0.92029	1	BP
GO:0042478	regulation of eye photoreceptor cell dev...	8	1	2.16	0.92029	1	BP
GO:0071711	basement membrane organization	8	1	2.16	0.92029	1	BP
GO:0006301	postreplication repair	8	1	2.16	0.92029	1	BP
GO:0060484	lung-associated mesenchyme development	8	1	2.16	0.92029	1	BP
GO:1904799	regulation of neuron remodeling	8	1	2.16	0.92029	1	BP
GO:0071825	protein-lipid complex subunit organizati...	8	1	2.16	0.92029	1	BP
GO:0006195	purine nucleotide catabolic process	8	1	2.16	0.92029	1	BP
GO:1901797	negative regulation of signal transducti...	8	1	2.16	0.92029	1	BP
GO:0071526	semaphorin-plexin signaling pathway	8	1	2.16	0.92029	1	BP
GO:0006296	nucleotide-excision repair, DNA incision...	8	1	2.16	0.92029	1	BP
GO:0032880	regulation of protein localization	183	42	49.52	0.92095	1	BP
GO:0007049	cell cycle	340	82	92	0.92134	1	BP
GO:0055025	positive regulation of cardiac muscle ti...	19	3	5.14	0.9223	1	BP
GO:0030866	cortical actin cytoskeleton organization	19	3	5.14	0.9223	1	BP
GO:0010172	embryonic body morphogenesis	19	3	5.14	0.9223	1	BP
GO:0002703	regulation of leukocyte mediated immunit...	19	3	5.14	0.9223	1	BP
GO:1902692	regulation of neuroblast proliferation	19	3	5.14	0.9223	1	BP
GO:0071697	ectodermal placode morphogenesis	19	3	5.14	0.9223	1	BP
GO:0048762	mesenchymal cell differentiation	60	12	16.24	0.92252	1	BP
GO:0051241	negative regulation of multicellular org...	223	52	60.34	0.92284	1	BP
GO:0008217	regulation of blood pressure	28	11	7.58	0.92301	1	BP
GO:0017038	protein import	38	7	10.28	0.92337	1	BP
GO:0051147	regulation of muscle cell differentiatio...	38	7	10.28	0.92337	1	BP
GO:0043535	regulation of blood vessel endothelial c...	24	4	6.49	0.92345	1	BP
GO:0060420	regulation of heart growth	24	4	6.49	0.92345	1	BP
GO:1901566	organonitrogen compound biosynthetic pro...	289	85	78.2	0.92352	1	BP
GO:0007155	cell adhesion	140	35	37.88	0.92377	1	BP
GO:0070663	regulation of leukocyte proliferation	22	8	5.95	0.92381	1	BP
GO:0010469	regulation of signaling receptor activit...	47	9	12.72	0.92381	1	BP
GO:0007424	open tracheal system development	47	9	12.72	0.92381	1	BP
GO:0071840	cellular component organization or bioge...	1040	272	281.42	0.92393	1	BP
GO:0051321	meiotic cell cycle	73	15	19.75	0.92403	1	BP
GO:0006955	immune response	207	51	56.01	0.92596	1	BP
GO:0044273	sulfur compound catabolic process	14	2	3.79	0.92597	1	BP
GO:0033692	cellular polysaccharide biosynthetic pro...	14	2	3.79	0.92597	1	BP
GO:0030166	proteoglycan biosynthetic process	14	2	3.79	0.92597	1	BP
GO:0007040	lysosome organization	14	2	3.79	0.92597	1	BP
GO:0032456	endocytic recycling	14	2	3.79	0.92597	1	BP
GO:0035601	protein deacylation	14	2	3.79	0.92597	1	BP
GO:1902742	apoptotic process involved in developmen...	14	2	3.79	0.92597	1	BP
GO:0002706	regulation of lymphocyte mediated immuni...	14	2	3.79	0.92597	1	BP
GO:1902808	positive regulation of cell cycle G1/S p...	14	2	3.79	0.92597	1	BP
GO:0017158	regulation of calcium ion-dependent exoc...	14	2	3.79	0.92597	1	BP
GO:0043507	positive regulation of JUN kinase activi...	14	2	3.79	0.92597	1	BP
GO:0098732	macromolecule deacylation	14	2	3.79	0.92597	1	BP
GO:0080171	lytic vacuole organization	14	2	3.79	0.92597	1	BP
GO:1901343	negative regulation of vasculature devel...	14	2	3.79	0.92597	1	BP
GO:0036335	intestinal stem cell homeostasis	14	2	3.79	0.92597	1	BP
GO:0071222	cellular response to lipopolysaccharide	14	2	3.79	0.92597	1	BP
GO:0051148	negative regulation of muscle cell diffe...	14	2	3.79	0.92597	1	BP
GO:0043062	extracellular structure organization	56	11	15.15	0.92614	1	BP
GO:0007166	cell surface receptor signaling pathway	392	98	106.07	0.9266	1	BP
GO:0051896	regulation of protein kinase B signaling	29	5	7.85	0.9267	1	BP
GO:0043491	protein kinase B signaling	29	5	7.85	0.9267	1	BP
GO:0043413	macromolecule glycosylation	29	5	7.85	0.9267	1	BP
GO:0071772	response to BMP	29	5	7.85	0.9267	1	BP
GO:0071773	cellular response to BMP stimulus	29	5	7.85	0.9267	1	BP
GO:0006486	protein glycosylation	29	5	7.85	0.9267	1	BP
GO:0001756	somitogenesis	29	5	7.85	0.9267	1	BP
GO:1903047	mitotic cell cycle process	176	40	47.62	0.92745	1	BP
GO:0022603	regulation of anatomical structure morph...	208	48	56.28	0.9279	1	BP
GO:0065003	protein-containing complex assembly	303	72	81.99	0.93083	1	BP
GO:0061053	somite development	34	6	9.2	0.93086	1	BP
GO:0046578	regulation of Ras protein signal transdu...	34	6	9.2	0.93086	1	BP
GO:0006281	DNA repair	78	16	21.11	0.93089	1	BP
GO:0007369	gastrulation	78	16	21.11	0.93089	1	BP
GO:0009966	regulation of signal transduction	473	116	127.99	0.93126	1	BP
GO:0016043	cellular component organization	1012	264	273.84	0.9315	1	BP
GO:0044283	small molecule biosynthetic process	124	27	33.55	0.93202	1	BP
GO:0072089	stem cell proliferation	61	12	16.51	0.93258	1	BP
GO:0022402	cell cycle process	276	65	74.68	0.93277	1	BP
GO:2000027	regulation of animal organ morphogenesis	74	15	20.02	0.93316	1	BP
GO:0001501	skeletal system development	91	19	24.62	0.93355	1	BP
GO:0009058	biosynthetic process	846	230	228.92	0.93393	1	BP
GO:0022412	cellular process involved in reproductio...	221	51	59.8	0.93399	1	BP
GO:0048598	embryonic morphogenesis	221	51	59.8	0.93399	1	BP
GO:0008202	steroid metabolic process	48	9	12.99	0.93477	1	BP
GO:0051056	regulation of small GTPase mediated sign...	48	9	12.99	0.93477	1	BP
GO:0099003	vesicle-mediated transport in synapse	48	9	12.99	0.93477	1	BP
GO:0009952	anterior/posterior pattern specification	87	18	23.54	0.93524	1	BP
GO:1905330	regulation of morphogenesis of an epithe...	39	7	10.55	0.93536	1	BP
GO:0006302	double-strand break repair	39	7	10.55	0.93536	1	BP
GO:0018108	peptidyl-tyrosine phosphorylation	57	11	15.42	0.93609	1	BP
GO:0018212	peptidyl-tyrosine modification	57	11	15.42	0.93609	1	BP
GO:0042659	regulation of cell fate specification	25	4	6.76	0.93776	1	BP
GO:0055024	regulation of cardiac muscle tissue deve...	25	4	6.76	0.93776	1	BP
GO:2000278	regulation of DNA biosynthetic process	25	4	6.76	0.93776	1	BP
GO:0090316	positive regulation of intracellular pro...	25	4	6.76	0.93776	1	BP
GO:0009620	response to fungus	25	4	6.76	0.93776	1	BP
GO:0001676	long-chain fatty acid metabolic process	20	3	5.41	0.9381	1	BP
GO:0044786	cell cycle DNA replication	20	3	5.41	0.9381	1	BP
GO:1903510	mucopolysaccharide metabolic process	20	3	5.41	0.9381	1	BP
GO:0048730	epidermis morphogenesis	20	3	5.41	0.9381	1	BP
GO:1902600	proton transmembrane transport	20	3	5.41	0.9381	1	BP
GO:0071166	ribonucleoprotein complex localization	20	3	5.41	0.9381	1	BP
GO:0008610	lipid biosynthetic process	125	27	33.82	0.93873	1	BP
GO:0000278	mitotic cell cycle	222	51	60.07	0.93918	1	BP
GO:0034605	cellular response to heat	30	5	8.12	0.93954	1	BP
GO:0048066	developmental pigmentation	30	5	8.12	0.93954	1	BP
GO:0002244	hematopoietic progenitor cell differenti...	30	5	8.12	0.93954	1	BP
GO:0007586	digestion	30	5	8.12	0.93954	1	BP
GO:0070302	regulation of stress-activated protein k...	44	8	11.91	0.9399	1	BP
GO:0032872	regulation of stress-activated MAPK casc...	44	8	11.91	0.9399	1	BP
GO:1902850	microtubule cytoskeleton organization in...	44	8	11.91	0.9399	1	BP
GO:0008380	RNA splicing	53	10	14.34	0.93999	1	BP
GO:0043933	protein-containing complex organization	344	82	93.08	0.94002	1	BP
GO:0042398	cellular modified amino acid biosyntheti...	19	8	5.14	0.94038	1	BP
GO:0048856	anatomical structure development	1020	261	276.01	0.94062	1	BP
GO:0042221	response to chemical	713	194	192.93	0.9409	1	BP
GO:0060541	respiratory system development	92	19	24.89	0.94103	1	BP
GO:0007517	muscle organ development	113	24	30.58	0.9414	1	BP
GO:0032259	methylation	62	12	16.78	0.94149	1	BP
GO:2000241	regulation of reproductive process	62	12	16.78	0.94149	1	BP
GO:0035070	salivary gland histolysis	9	1	2.44	0.94195	1	BP
GO:0006891	intra-Golgi vesicle-mediated transport	9	1	2.44	0.94195	1	BP
GO:0051702	biological process involved in interacti...	9	1	2.44	0.94195	1	BP
GO:2001222	regulation of neuron migration	9	1	2.44	0.94195	1	BP
GO:0061036	positive regulation of cartilage develop...	9	1	2.44	0.94195	1	BP
GO:0008407	chaeta morphogenesis	9	1	2.44	0.94195	1	BP
GO:0001909	leukocyte mediated cytotoxicity	9	1	2.44	0.94195	1	BP
GO:0000018	regulation of DNA recombination	9	1	2.44	0.94195	1	BP
GO:0060911	cardiac cell fate commitment	9	1	2.44	0.94195	1	BP
GO:0033683	nucleotide-excision repair, DNA incision	9	1	2.44	0.94195	1	BP
GO:0010039	response to iron ion	9	1	2.44	0.94195	1	BP
GO:0032392	DNA geometric change	9	1	2.44	0.94195	1	BP
GO:1903649	regulation of cytoplasmic transport	9	1	2.44	0.94195	1	BP
GO:0048339	paraxial mesoderm development	9	1	2.44	0.94195	1	BP
GO:0000731	DNA synthesis involved in DNA repair	9	1	2.44	0.94195	1	BP
GO:0007443	Malpighian tubule morphogenesis	9	1	2.44	0.94195	1	BP
GO:0045451	pole plasm oskar mRNA localization	9	1	2.44	0.94195	1	BP
GO:0002238	response to molecule of fungal origin	9	1	2.44	0.94195	1	BP
GO:0031018	endocrine pancreas development	9	1	2.44	0.94195	1	BP
GO:0032508	DNA duplex unwinding	9	1	2.44	0.94195	1	BP
GO:0010830	regulation of myotube differentiation	9	1	2.44	0.94195	1	BP
GO:0050672	negative regulation of lymphocyte prolif...	9	1	2.44	0.94195	1	BP
GO:0006099	tricarboxylic acid cycle	9	1	2.44	0.94195	1	BP
GO:0045747	positive regulation of Notch signaling p...	9	1	2.44	0.94195	1	BP
GO:0009225	nucleotide-sugar metabolic process	9	1	2.44	0.94195	1	BP
GO:0048581	negative regulation of post-embryonic de...	9	1	2.44	0.94195	1	BP
GO:0014041	regulation of neuron maturation	9	1	2.44	0.94195	1	BP
GO:0010633	negative regulation of epithelial cell m...	9	1	2.44	0.94195	1	BP
GO:0048619	embryonic hindgut morphogenesis	9	1	2.44	0.94195	1	BP
GO:0032945	negative regulation of mononuclear cell ...	9	1	2.44	0.94195	1	BP
GO:0006308	DNA catabolic process	9	1	2.44	0.94195	1	BP
GO:0051307	meiotic chromosome separation	9	1	2.44	0.94195	1	BP
GO:0006101	citrate metabolic process	9	1	2.44	0.94195	1	BP
GO:0034505	tooth mineralization	9	1	2.44	0.94195	1	BP
GO:0006839	mitochondrial transport	35	6	9.47	0.94236	1	BP
GO:0045814	negative regulation of gene expression, ...	35	6	9.47	0.94236	1	BP
GO:0009954	proximal/distal pattern formation	15	2	4.06	0.94288	1	BP
GO:1901532	regulation of hematopoietic progenitor c...	15	2	4.06	0.94288	1	BP
GO:0006692	prostanoid metabolic process	15	2	4.06	0.94288	1	BP
GO:0006693	prostaglandin metabolic process	15	2	4.06	0.94288	1	BP
GO:0006636	unsaturated fatty acid biosynthetic proc...	15	2	4.06	0.94288	1	BP
GO:0061383	trabecula morphogenesis	15	2	4.06	0.94288	1	BP
GO:0050000	chromosome localization	15	2	4.06	0.94288	1	BP
GO:0002042	cell migration involved in sprouting ang...	15	2	4.06	0.94288	1	BP
GO:1903670	regulation of sprouting angiogenesis	15	2	4.06	0.94288	1	BP
GO:0000271	polysaccharide biosynthetic process	15	2	4.06	0.94288	1	BP
GO:0002440	production of molecular mediator of immu...	15	2	4.06	0.94288	1	BP
GO:0034308	primary alcohol metabolic process	15	2	4.06	0.94288	1	BP
GO:0060045	positive regulation of cardiac muscle ce...	15	2	4.06	0.94288	1	BP
GO:0060033	anatomical structure regression	15	2	4.06	0.94288	1	BP
GO:0036465	synaptic vesicle recycling	15	2	4.06	0.94288	1	BP
GO:0071715	icosanoid transport	15	2	4.06	0.94288	1	BP
GO:0008037	cell recognition	49	9	13.26	0.94433	1	BP
GO:0007051	spindle organization	49	9	13.26	0.94433	1	BP
GO:0043588	skin development	49	9	13.26	0.94433	1	BP
GO:0007167	enzyme-linked receptor protein signaling...	175	39	47.35	0.94475	1	BP
GO:0002376	immune system process	371	95	100.39	0.94496	1	BP
GO:0048863	stem cell differentiation	80	16	21.65	0.9465	1	BP
GO:0051179	localization	980	259	265.18	0.9481	1	BP
GO:0046651	lymphocyte proliferation	29	9	7.85	0.94896	1	BP
GO:0032943	mononuclear cell proliferation	29	9	7.85	0.94896	1	BP
GO:0000398	mRNA splicing, via spliceosome	45	8	12.18	0.94914	1	BP
GO:0000377	RNA splicing, via transesterification re...	45	8	12.18	0.94914	1	BP
GO:0018193	peptidyl-amino acid modification	196	50	53.04	0.94935	1	BP
GO:0007498	mesoderm development	63	12	17.05	0.94937	1	BP
GO:0046496	nicotinamide nucleotide metabolic proces...	26	4	7.04	0.9496	1	BP
GO:0019362	pyridine nucleotide metabolic process	26	4	7.04	0.9496	1	BP
GO:2000736	regulation of stem cell differentiation	26	4	7.04	0.9496	1	BP
GO:0042440	pigment metabolic process	26	4	7.04	0.9496	1	BP
GO:0006082	organic acid metabolic process	204	51	55.2	0.95014	1	BP
GO:0010033	response to organic substance	514	138	139.09	0.95032	1	BP
GO:0051236	establishment of RNA localization	31	5	8.39	0.95032	1	BP
GO:0090598	male anatomical structure morphogenesis	31	5	8.39	0.95032	1	BP
GO:0006606	protein import into nucleus	31	5	8.39	0.95032	1	BP
GO:1902275	regulation of chromatin organization	31	5	8.39	0.95032	1	BP
GO:0065004	protein-DNA complex assembly	31	5	8.39	0.95032	1	BP
GO:2000177	regulation of neural precursor cell prol...	31	5	8.39	0.95032	1	BP
GO:0098876	vesicle-mediated transport to the plasma...	31	5	8.39	0.95032	1	BP
GO:1901570	fatty acid derivative biosynthetic proce...	21	3	5.68	0.95089	1	BP
GO:0055021	regulation of cardiac muscle tissue grow...	21	3	5.68	0.95089	1	BP
GO:0072348	sulfur compound transport	21	3	5.68	0.95089	1	BP
GO:0070828	heterochromatin organization	21	3	5.68	0.95089	1	BP
GO:0045132	meiotic chromosome segregation	21	3	5.68	0.95089	1	BP
GO:2000573	positive regulation of DNA biosynthetic ...	21	3	5.68	0.95089	1	BP
GO:0008406	gonad development	72	14	19.48	0.951	1	BP
GO:0060485	mesenchyme development	72	14	19.48	0.951	1	BP
GO:0043009	chordate embryonic development	148	32	40.05	0.95235	1	BP
GO:0000280	nuclear division	98	20	26.52	0.9524	1	BP
GO:0046620	regulation of organ growth	41	7	11.09	0.95448	1	BP
GO:0015931	nucleobase-containing compound transport	41	7	11.09	0.95448	1	BP
GO:0046394	carboxylic acid biosynthetic process	77	15	20.84	0.95516	1	BP
GO:0016053	organic acid biosynthetic process	77	15	20.84	0.95516	1	BP
GO:0007169	transmembrane receptor protein tyrosine ...	128	27	34.64	0.95562	1	BP
GO:0051402	neuron apoptotic process	59	19	15.97	0.95562	1	BP
GO:0043069	negative regulation of programmed cell d...	153	43	41.4	0.95603	1	BP
GO:0007368	determination of left/right symmetry	55	10	14.88	0.95604	1	BP
GO:0031507	heterochromatin formation	16	2	4.33	0.95607	1	BP
GO:0044728	DNA methylation or demethylation	16	2	4.33	0.95607	1	BP
GO:0033559	unsaturated fatty acid metabolic process	16	2	4.33	0.95607	1	BP
GO:0046148	pigment biosynthetic process	16	2	4.33	0.95607	1	BP
GO:0070192	chromosome organization involved in meio...	16	2	4.33	0.95607	1	BP
GO:0000132	establishment of mitotic spindle orienta...	16	2	4.33	0.95607	1	BP
GO:0010454	negative regulation of cell fate commitm...	16	2	4.33	0.95607	1	BP
GO:0061525	hindgut development	16	2	4.33	0.95607	1	BP
GO:0007442	hindgut morphogenesis	16	2	4.33	0.95607	1	BP
GO:0030501	positive regulation of bone mineralizati...	16	2	4.33	0.95607	1	BP
GO:0021532	neural tube patterning	16	2	4.33	0.95607	1	BP
GO:0060043	regulation of cardiac muscle cell prolif...	16	2	4.33	0.95607	1	BP
GO:0007501	mesodermal cell fate specification	16	2	4.33	0.95607	1	BP
GO:0042274	ribosomal small subunit biogenesis	16	2	4.33	0.95607	1	BP
GO:0051961	negative regulation of nervous system de...	103	21	27.87	0.9566	1	BP
GO:0000375	RNA splicing, via transesterification re...	46	8	12.45	0.95711	1	BP
GO:0120031	plasma membrane bounded cell projection ...	117	29	31.66	0.95714	1	BP
GO:0016570	histone modification	73	14	19.75	0.9574	1	BP
GO:0045137	development of primary sexual characteri...	73	14	19.75	0.9574	1	BP
GO:0071679	commissural neuron axon guidance	10	1	2.71	0.95773	1	BP
GO:1901571	fatty acid derivative transport	10	1	2.71	0.95773	1	BP
GO:0060810	intracellular mRNA localization involved...	10	1	2.71	0.95773	1	BP
GO:0060811	intracellular mRNA localization involved...	10	1	2.71	0.95773	1	BP
GO:0016575	histone deacetylation	10	1	2.71	0.95773	1	BP
GO:0030490	maturation of SSU-rRNA	10	1	2.71	0.95773	1	BP
GO:0043001	Golgi to plasma membrane protein transpo...	10	1	2.71	0.95773	1	BP
GO:0008586	imaginal disc-derived wing vein morphoge...	10	1	2.71	0.95773	1	BP
GO:0070741	response to interleukin-6	10	1	2.71	0.95773	1	BP
GO:0045069	regulation of viral genome replication	10	1	2.71	0.95773	1	BP
GO:0045023	G0 to G1 transition	10	1	2.71	0.95773	1	BP
GO:0046579	positive regulation of Ras protein signa...	10	1	2.71	0.95773	1	BP
GO:0007316	pole plasm RNA localization	10	1	2.71	0.95773	1	BP
GO:0070664	negative regulation of leukocyte prolife...	10	1	2.71	0.95773	1	BP
GO:0035924	cellular response to vascular endothelia...	10	1	2.71	0.95773	1	BP
GO:0019094	pole plasm mRNA localization	10	1	2.71	0.95773	1	BP
GO:0072523	purine-containing compound catabolic pro...	10	1	2.71	0.95773	1	BP
GO:0040003	chitin-based cuticle development	10	1	2.71	0.95773	1	BP
GO:0045143	homologous chromosome segregation	10	1	2.71	0.95773	1	BP
GO:0019371	cyclooxygenase pathway	10	1	2.71	0.95773	1	BP
GO:0060037	pharyngeal system development	10	1	2.71	0.95773	1	BP
GO:0051057	positive regulation of small GTPase medi...	10	1	2.71	0.95773	1	BP
GO:0010664	negative regulation of striated muscle c...	10	1	2.71	0.95773	1	BP
GO:0060135	maternal process involved in female preg...	10	1	2.71	0.95773	1	BP
GO:0040029	epigenetic regulation of gene expression	60	11	16.24	0.95931	1	BP
GO:0006261	DNA-templated DNA replication	32	5	8.66	0.95933	1	BP
GO:0001818	negative regulation of cytokine producti...	32	5	8.66	0.95933	1	BP
GO:0008213	protein alkylation	32	5	8.66	0.95933	1	BP
GO:0061982	meiosis I cell cycle process	32	5	8.66	0.95933	1	BP
GO:0045861	negative regulation of proteolysis	32	5	8.66	0.95933	1	BP
GO:0006479	protein methylation	32	5	8.66	0.95933	1	BP
GO:0060795	cell fate commitment involved in formati...	27	4	7.31	0.95934	1	BP
GO:0072524	pyridine-containing compound metabolic p...	27	4	7.31	0.95934	1	BP
GO:0060419	heart growth	27	4	7.31	0.95934	1	BP
GO:0070661	leukocyte proliferation	30	9	8.12	0.95955	1	BP
GO:0035108	limb morphogenesis	37	6	10.01	0.96037	1	BP
GO:0032388	positive regulation of intracellular tra...	37	6	10.01	0.96037	1	BP
GO:0048546	digestive tract morphogenesis	37	6	10.01	0.96037	1	BP
GO:0070887	cellular response to chemical stimulus	476	124	128.8	0.96055	1	BP
GO:0009987	cellular process	1940	522	524.95	0.96065	1	BP
GO:0030162	regulation of proteolysis	107	29	28.95	0.96099	1	BP
GO:0007308	oocyte construction	22	3	5.95	0.96118	1	BP
GO:0007309	oocyte axis specification	22	3	5.95	0.96118	1	BP
GO:0050792	regulation of viral process	22	3	5.95	0.96118	1	BP
GO:0048709	oligodendrocyte differentiation	22	3	5.95	0.96118	1	BP
GO:0010941	regulation of cell death	291	76	78.74	0.96129	1	BP
GO:0071897	DNA biosynthetic process	42	7	11.36	0.96199	1	BP
GO:0071824	protein-DNA complex subunit organization	42	7	11.36	0.96199	1	BP
GO:0048705	skeletal system morphogenesis	56	10	15.15	0.96254	1	BP
GO:0071704	organic substance metabolic process	1413	381	382.35	0.96276	1	BP
GO:0001667	ameboidal-type cell migration	113	23	30.58	0.96389	1	BP
GO:0006260	DNA replication	47	8	12.72	0.96393	1	BP
GO:0035148	tube formation	61	11	16.51	0.96519	1	BP
GO:0035265	organ growth	52	9	14.07	0.96603	1	BP
GO:0072330	monocarboxylic acid biosynthetic process	52	9	14.07	0.96603	1	BP
GO:0046661	male sex differentiation	52	9	14.07	0.96603	1	BP
GO:0007264	small GTPase mediated signal transductio...	79	15	21.38	0.96606	1	BP
GO:0048285	organelle fission	105	21	28.41	0.96609	1	BP
GO:0007548	sex differentiation	105	21	28.41	0.96609	1	BP
GO:0043066	negative regulation of apoptotic process	151	42	40.86	0.96613	1	BP
GO:0001703	gastrulation with mouth forming first	17	2	4.6	0.96632	1	BP
GO:0019674	NAD metabolic process	17	2	4.6	0.96632	1	BP
GO:0009950	dorsal/ventral axis specification	17	2	4.6	0.96632	1	BP
GO:0110151	positive regulation of biomineralization	17	2	4.6	0.96632	1	BP
GO:0060976	coronary vasculature development	17	2	4.6	0.96632	1	BP
GO:0070169	positive regulation of biomineral tissue...	17	2	4.6	0.96632	1	BP
GO:0010092	specification of animal organ identity	17	2	4.6	0.96632	1	BP
GO:0010004	gastrulation involving germ band extensi...	17	2	4.6	0.96632	1	BP
GO:0072488	ammonium transmembrane transport	17	2	4.6	0.96632	1	BP
GO:0007365	periodic partitioning	17	2	4.6	0.96632	1	BP
GO:0043506	regulation of JUN kinase activity	17	2	4.6	0.96632	1	BP
GO:0060350	endochondral bone morphogenesis	17	2	4.6	0.96632	1	BP
GO:0060425	lung morphogenesis	17	2	4.6	0.96632	1	BP
GO:0007010	cytoskeleton organization	249	56	67.38	0.9666	1	BP
GO:1901861	regulation of muscle tissue development	38	6	10.28	0.9673	1	BP
GO:0016202	regulation of striated muscle tissue dev...	38	6	10.28	0.9673	1	BP
GO:0035113	embryonic appendage morphogenesis	38	6	10.28	0.9673	1	BP
GO:0071103	DNA conformation change	38	6	10.28	0.9673	1	BP
GO:0044272	sulfur compound biosynthetic process	33	10	8.93	0.96789	1	BP
GO:0001707	mesoderm formation	43	7	11.64	0.96837	1	BP
GO:0048332	mesoderm morphogenesis	43	7	11.64	0.96837	1	BP
GO:0048706	embryonic skeletal system development	43	7	11.64	0.96837	1	BP
GO:0001714	endodermal cell fate specification	11	1	2.98	0.96922	1	BP
GO:1904589	regulation of protein import	11	1	2.98	0.96922	1	BP
GO:0035017	cuticle pattern formation	11	1	2.98	0.96922	1	BP
GO:0003352	regulation of cilium movement	11	1	2.98	0.96922	1	BP
GO:0006699	bile acid biosynthetic process	11	1	2.98	0.96922	1	BP
GO:0035167	larval lymph gland hemopoiesis	11	1	2.98	0.96922	1	BP
GO:0001906	cell killing	11	1	2.98	0.96922	1	BP
GO:1900034	regulation of cellular response to heat	11	1	2.98	0.96922	1	BP
GO:0060900	embryonic camera-type eye formation	11	1	2.98	0.96922	1	BP
GO:0008298	intracellular mRNA localization	11	1	2.98	0.96922	1	BP
GO:0061430	bone trabecula morphogenesis	11	1	2.98	0.96922	1	BP
GO:1903533	regulation of protein targeting	11	1	2.98	0.96922	1	BP
GO:0043403	skeletal muscle tissue regeneration	11	1	2.98	0.96922	1	BP
GO:0015804	neutral amino acid transport	11	1	2.98	0.96922	1	BP
GO:0030903	notochord development	11	1	2.98	0.96922	1	BP
GO:0002698	negative regulation of immune effector p...	11	1	2.98	0.96922	1	BP
GO:0045815	epigenetic maintenance of chromatin in t...	11	1	2.98	0.96922	1	BP
GO:0045839	negative regulation of mitotic nuclear d...	11	1	2.98	0.96922	1	BP
GO:0006303	double-strand break repair via nonhomolo...	11	1	2.98	0.96922	1	BP
GO:0060445	branching involved in salivary gland mor...	11	1	2.98	0.96922	1	BP
GO:0090269	fibroblast growth factor production	11	1	2.98	0.96922	1	BP
GO:0090270	regulation of fibroblast growth factor p...	11	1	2.98	0.96922	1	BP
GO:0042255	ribosome assembly	11	1	2.98	0.96922	1	BP
GO:0002088	lens development in camera-type eye	23	3	6.22	0.96942	1	BP
GO:0019827	stem cell population maintenance	48	8	12.99	0.96977	1	BP
GO:0044281	small molecule metabolic process	339	83	91.73	0.97009	1	BP
GO:0001704	formation of primary germ layer	53	9	14.34	0.97136	1	BP
GO:0007350	blastoderm segmentation	53	9	14.34	0.97136	1	BP
GO:0006259	DNA metabolic process	157	33	42.48	0.97149	1	BP
GO:0008360	regulation of cell shape	34	5	9.2	0.97302	1	BP
GO:0007588	excretion	34	5	9.2	0.97302	1	BP
GO:0051170	import into nucleus	34	5	9.2	0.97302	1	BP
GO:0048634	regulation of muscle organ development	39	6	10.55	0.97311	1	BP
GO:0050789	regulation of biological process	1371	378	370.98	0.97325	1	BP
GO:0050657	nucleic acid transport	29	4	7.85	0.97381	1	BP
GO:0050658	RNA transport	29	4	7.85	0.97381	1	BP
GO:0030031	cell projection assembly	121	29	32.74	0.97394	1	BP
GO:1905477	positive regulation of protein localizat...	18	2	4.87	0.97425	1	BP
GO:0002792	negative regulation of peptide secretion	18	2	4.87	0.97425	1	BP
GO:0071219	cellular response to molecule of bacteri...	18	2	4.87	0.97425	1	BP
GO:0009798	axis specification	63	11	17.05	0.97473	1	BP
GO:0098727	maintenance of cell number	49	8	13.26	0.97473	1	BP
GO:0072175	epithelial tube formation	54	9	14.61	0.97591	1	BP
GO:0035019	somatic stem cell population maintenance	24	3	6.49	0.97599	1	BP
GO:0055017	cardiac muscle tissue growth	24	3	6.49	0.97599	1	BP
GO:0006405	RNA export from nucleus	24	3	6.49	0.97599	1	BP
GO:0001711	endodermal cell fate commitment	12	1	3.25	0.9776	1	BP
GO:0060602	branch elongation of an epithelium	12	1	3.25	0.9776	1	BP
GO:0060977	coronary vasculature morphogenesis	12	1	3.25	0.9776	1	BP
GO:0046427	positive regulation of receptor signalin...	12	1	3.25	0.9776	1	BP
GO:0061311	cell surface receptor signaling pathway ...	12	1	3.25	0.9776	1	BP
GO:0032387	negative regulation of intracellular tra...	12	1	3.25	0.9776	1	BP
GO:0030858	positive regulation of epithelial cell d...	12	1	3.25	0.9776	1	BP
GO:0043277	apoptotic cell clearance	12	1	3.25	0.9776	1	BP
GO:0072583	clathrin-dependent endocytosis	12	1	3.25	0.9776	1	BP
GO:0015697	quaternary ammonium group transport	12	1	3.25	0.9776	1	BP
GO:0031069	hair follicle morphogenesis	12	1	3.25	0.9776	1	BP
GO:0019369	arachidonic acid metabolic process	12	1	3.25	0.9776	1	BP
GO:0048808	male genitalia morphogenesis	12	1	3.25	0.9776	1	BP
GO:0006493	protein O-linked glycosylation	12	1	3.25	0.9776	1	BP
GO:0060441	epithelial tube branching involved in lu...	12	1	3.25	0.9776	1	BP
GO:0006476	protein deacetylation	12	1	3.25	0.9776	1	BP
GO:1904894	positive regulation of receptor signalin...	12	1	3.25	0.9776	1	BP
GO:0009790	embryo development	365	84	98.77	0.97777	1	BP
GO:0070848	response to growth factor	134	27	36.26	0.97779	1	BP
GO:0007435	salivary gland morphogenesis	40	6	10.82	0.97796	1	BP
GO:1905039	carboxylic acid transmembrane transport	35	5	9.47	0.97813	1	BP
GO:0006611	protein export from nucleus	35	5	9.47	0.97813	1	BP
GO:0035270	endocrine system development	35	5	9.47	0.97813	1	BP
GO:1903825	organic acid transmembrane transport	35	5	9.47	0.97813	1	BP
GO:0030326	embryonic limb morphogenesis	35	5	9.47	0.97813	1	BP
GO:0009101	glycoprotein biosynthetic process	45	7	12.18	0.97828	1	BP
GO:0001817	regulation of cytokine production	64	11	17.32	0.97855	1	BP
GO:0032386	regulation of intracellular transport	64	11	17.32	0.97855	1	BP
GO:0006694	steroid biosynthetic process	30	4	8.12	0.97908	1	BP
GO:1905475	regulation of protein localization to me...	30	4	8.12	0.97908	1	BP
GO:0008589	regulation of smoothened signaling pathw...	30	4	8.12	0.97908	1	BP
GO:0006310	DNA recombination	30	4	8.12	0.97908	1	BP
GO:0043523	regulation of neuron apoptotic process	52	17	14.07	0.97952	1	BP
GO:0060038	cardiac muscle cell proliferation	19	2	5.14	0.98037	1	BP
GO:0099024	plasma membrane invagination	19	2	5.14	0.98037	1	BP
GO:0045995	regulation of embryonic development	60	10	16.24	0.98079	1	BP
GO:1901863	positive regulation of muscle tissue dev...	25	3	6.76	0.9812	1	BP
GO:1901568	fatty acid derivative metabolic process	25	3	6.76	0.9812	1	BP
GO:0045844	positive regulation of striated muscle t...	25	3	6.76	0.9812	1	BP
GO:0035282	segmentation	92	17	24.89	0.98128	1	BP
GO:0006325	chromatin organization	144	29	38.97	0.98149	1	BP
GO:0007431	salivary gland development	46	7	12.45	0.98209	1	BP
GO:0035556	intracellular signal transduction	411	111	111.21	0.9821	1	BP
GO:0009953	dorsal/ventral pattern formation	70	12	18.94	0.98291	1	BP
GO:0071363	cellular response to growth factor stimu...	132	26	35.72	0.9832	1	BP
GO:0008078	mesodermal cell migration	13	1	3.52	0.9837	1	BP
GO:0001958	endochondral ossification	13	1	3.52	0.9837	1	BP
GO:0006911	phagocytosis, engulfment	13	1	3.52	0.9837	1	BP
GO:0036075	replacement ossification	13	1	3.52	0.9837	1	BP
GO:0048882	lateral line development	13	1	3.52	0.9837	1	BP
GO:0060465	pharynx development	13	1	3.52	0.9837	1	BP
GO:0006305	DNA alkylation	13	1	3.52	0.9837	1	BP
GO:0006306	DNA methylation	13	1	3.52	0.9837	1	BP
GO:0048925	lateral line system development	13	1	3.52	0.9837	1	BP
GO:0051150	regulation of smooth muscle cell differe...	13	1	3.52	0.9837	1	BP
GO:1903046	meiotic cell cycle process	66	11	17.86	0.98466	1	BP
GO:0016331	morphogenesis of embryonic epithelium	89	16	24.08	0.98492	1	BP
GO:0001710	mesodermal cell fate commitment	20	2	5.41	0.98506	1	BP
GO:0014855	striated muscle cell proliferation	20	2	5.41	0.98506	1	BP
GO:0006304	DNA modification	20	2	5.41	0.98506	1	BP
GO:0006403	RNA localization	42	6	11.36	0.98531	1	BP
GO:0006766	vitamin metabolic process	26	3	7.04	0.98532	1	BP
GO:0001942	hair follicle development	26	3	7.04	0.98532	1	BP
GO:0065007	biological regulation	1455	397	393.71	0.98636	1	BP
GO:0010453	regulation of cell fate commitment	32	4	8.66	0.98677	1	BP
GO:0009880	embryonic pattern specification	81	14	21.92	0.98723	1	BP
GO:0006996	organelle organization	636	152	172.1	0.98741	1	BP
GO:0006805	xenobiotic metabolic process	14	1	3.79	0.98814	1	BP
GO:0035112	genitalia morphogenesis	14	1	3.79	0.98814	1	BP
GO:1902036	regulation of hematopoietic stem cell di...	14	1	3.79	0.98814	1	BP
GO:0043122	regulation of I-kappaB kinase/NF-kappaB ...	14	1	3.79	0.98814	1	BP
GO:0007484	imaginal disc-derived genitalia developm...	14	1	3.79	0.98814	1	BP
GO:0007485	imaginal disc-derived male genitalia dev...	14	1	3.79	0.98814	1	BP
GO:0036092	phosphatidylinositol-3-phosphate biosynt...	14	1	3.79	0.98814	1	BP
GO:0048557	embryonic digestive tract morphogenesis	14	1	3.79	0.98814	1	BP
GO:0045992	negative regulation of embryonic develop...	14	1	3.79	0.98814	1	BP
GO:0030177	positive regulation of Wnt signaling pat...	38	5	10.28	0.98856	1	BP
GO:0051168	nuclear export	38	5	10.28	0.98856	1	BP
GO:0022405	hair cycle process	27	3	7.31	0.98857	1	BP
GO:0098773	skin epidermis development	27	3	7.31	0.98857	1	BP
GO:0048636	positive regulation of muscle organ deve...	27	3	7.31	0.98857	1	BP
GO:0010324	membrane invagination	21	2	5.68	0.98866	1	BP
GO:0048333	mesodermal cell differentiation	21	2	5.68	0.98866	1	BP
GO:0006029	proteoglycan metabolic process	21	2	5.68	0.98866	1	BP
GO:0060218	hematopoietic stem cell differentiation	21	2	5.68	0.98866	1	BP
GO:0009799	specification of symmetry	63	10	17.05	0.98866	1	BP
GO:0009855	determination of bilateral symmetry	63	10	17.05	0.98866	1	BP
GO:0006338	chromatin remodeling	68	11	18.4	0.98913	1	BP
GO:0090263	positive regulation of canonical Wnt sig...	33	4	8.93	0.98953	1	BP
GO:0060173	limb development	49	7	13.26	0.9901	1	BP
GO:0008219	cell death	334	85	90.38	0.99021	1	BP
GO:0051169	nuclear transport	64	10	17.32	0.99054	1	BP
GO:1903828	negative regulation of protein localizat...	39	5	10.55	0.99083	1	BP
GO:0016051	carbohydrate biosynthetic process	37	11	10.01	0.99084	1	BP
GO:0042633	hair cycle	28	3	7.58	0.99112	1	BP
GO:0060688	regulation of morphogenesis of a branchi...	15	1	4.06	0.99137	1	BP
GO:0035461	vitamin transmembrane transport	15	1	4.06	0.99137	1	BP
GO:0046834	lipid phosphorylation	15	1	4.06	0.99137	1	BP
GO:0072525	pyridine-containing compound biosyntheti...	15	1	4.06	0.99137	1	BP
GO:0072655	establishment of protein localization to...	15	1	4.06	0.99137	1	BP
GO:0019363	pyridine nucleotide biosynthetic process	15	1	4.06	0.99137	1	BP
GO:0019359	nicotinamide nucleotide biosynthetic pro...	15	1	4.06	0.99137	1	BP
GO:0060042	retina morphogenesis in camera-type eye	15	1	4.06	0.99137	1	BP
GO:0007591	molting cycle, chitin-based cuticle	15	1	4.06	0.99137	1	BP
GO:0048596	embryonic camera-type eye morphogenesis	15	1	4.06	0.99137	1	BP
GO:0051180	vitamin transport	15	1	4.06	0.99137	1	BP
GO:0007492	endoderm development	34	4	9.2	0.99173	1	BP
GO:0048645	animal organ formation	34	4	9.2	0.99173	1	BP
GO:0035272	exocrine system development	50	7	13.53	0.99192	1	BP
GO:0023052	signaling	820	222	221.89	0.99207	1	BP
GO:0022404	molting cycle process	40	5	10.82	0.99267	1	BP
GO:0033157	regulation of intracellular protein tran...	40	5	10.82	0.99267	1	BP
GO:0007224	smoothened signaling pathway	40	5	10.82	0.99267	1	BP
GO:0051276	chromosome organization	186	37	50.33	0.99301	1	BP
GO:0090287	regulation of cellular response to growt...	61	9	16.51	0.99334	1	BP
GO:0007154	cell communication	826	226	223.51	0.9934	1	BP
GO:0042303	molting cycle	51	7	13.8	0.99342	1	BP
GO:0071600	otic vesicle morphogenesis	16	1	4.33	0.99372	1	BP
GO:0060571	morphogenesis of an epithelial fold	16	1	4.33	0.99372	1	BP
GO:0008347	glial cell migration	16	1	4.33	0.99372	1	BP
GO:0072337	modified amino acid transport	16	1	4.33	0.99372	1	BP
GO:0046854	phosphatidylinositol phosphate biosynthe...	16	1	4.33	0.99372	1	BP
GO:0070585	protein localization to mitochondrion	16	1	4.33	0.99372	1	BP
GO:0007367	segment polarity determination	16	1	4.33	0.99372	1	BP
GO:0035987	endodermal cell differentiation	16	1	4.33	0.99372	1	BP
GO:0030539	male genitalia development	16	1	4.33	0.99372	1	BP
GO:0031076	embryonic camera-type eye development	16	1	4.33	0.99372	1	BP
GO:0007249	I-kappaB kinase/NF-kappaB signaling	16	1	4.33	0.99372	1	BP
GO:0048566	embryonic digestive tract development	16	1	4.33	0.99372	1	BP
GO:0042177	negative regulation of protein catabolic...	16	1	4.33	0.99372	1	BP
GO:0007165	signal transduction	762	199	206.19	0.99447	1	BP
GO:0006913	nucleocytoplasmic transport	62	9	16.78	0.99451	1	BP
GO:0072091	regulation of stem cell proliferation	30	3	8.12	0.99468	1	BP
GO:0048593	camera-type eye morphogenesis	36	4	9.74	0.99488	1	BP
GO:0044344	cellular response to fibroblast growth f...	42	5	11.36	0.99535	1	BP
GO:0035215	genital disc development	17	1	4.6	0.99543	1	BP
GO:0007140	male meiotic nuclear division	17	1	4.6	0.99543	1	BP
GO:0050709	negative regulation of protein secretion	17	1	4.6	0.99543	1	BP
GO:0006081	cellular aldehyde metabolic process	17	1	4.6	0.99543	1	BP
GO:0048542	lymph gland development	17	1	4.6	0.99543	1	BP
GO:0006334	nucleosome assembly	17	1	4.6	0.99543	1	BP
GO:0051716	cellular response to stimulus	954	251	258.15	0.99625	1	BP
GO:0034728	nucleosome organization	25	2	6.76	0.9963	1	BP
GO:0071774	response to fibroblast growth factor	43	5	11.64	0.99631	1	BP
GO:0003156	regulation of animal organ formation	18	1	4.87	0.99668	1	BP
GO:0048048	embryonic eye morphogenesis	18	1	4.87	0.99668	1	BP
GO:0000724	double-strand break repair via homologou...	18	1	4.87	0.99668	1	BP
GO:0000725	recombinational repair	18	1	4.87	0.99668	1	BP
GO:0031058	positive regulation of histone modificat...	18	1	4.87	0.99668	1	BP
GO:0048565	digestive tract development	66	9	17.86	0.99751	1	BP
GO:1905269	positive regulation of chromatin organiz...	19	1	5.14	0.99759	1	BP
GO:0042074	cell migration involved in gastrulation	19	1	5.14	0.99759	1	BP
GO:0071599	otic vesicle development	19	1	5.14	0.99759	1	BP
GO:0006855	xenobiotic transmembrane transport	27	2	7.31	0.99791	1	BP
GO:0042908	xenobiotic transport	27	2	7.31	0.99791	1	BP
GO:0042981	regulation of apoptotic process	249	59	67.38	0.99824	1	BP
GO:0055123	digestive system development	68	9	18.4	0.99835	1	BP
GO:0003002	regionalization	185	34	50.06	0.99853	1	BP
GO:0007389	pattern specification process	207	39	56.01	0.99858	1	BP
GO:0006915	apoptotic process	279	68	75.5	0.99884	1	BP
GO:0043067	regulation of programmed cell death	257	60	69.54	0.9989	1	BP
GO:0016571	histone methylation	22	1	5.95	0.99907	1	BP
GO:0120254	olefinic compound metabolic process	22	1	5.95	0.99907	1	BP
GO:0031016	pancreas development	23	1	6.22	0.99933	1	BP
GO:0042335	cuticle development	31	2	8.39	0.99934	1	BP
GO:0012501	programmed cell death	298	70	80.64	0.99972	1	BP
GO:0008543	fibroblast growth factor receptor signal...	35	2	9.47	0.9998	1	BP
GO:0051224	negative regulation of protein transport	28	1	7.58	0.99986	1	BP
GO:1904950	negative regulation of establishment of ...	28	1	7.58	0.99986	1	BP
GO:0050896	response to stimulus	1181	308	319.57	0.99991	1	BP
GO:0042246	tissue regeneration	30	1	8.12	0.99993	1	BP
GO:0006809	nitric oxide biosynthetic process	15	9	4.06	1	1	BP
GO:0051588	regulation of neurotransmitter transport	25	12	6.76	1	1	BP
GO:0022898	regulation of transmembrane transporter ...	37	17	10.01	1	1	BP
GO:0008150	biological_process	2003	542	542	1	1	BP
GO:0043057	backward locomotion	14	10	3.79	1	1	BP
GO:0046209	nitric oxide metabolic process	15	9	4.06	1	1	BP
GO:0046847	filopodium assembly	16	8	4.33	1	1	BP
GO:0032409	regulation of transporter activity	39	17	10.55	1	1	BP
GO:0070665	positive regulation of leukocyte prolife...	8	6	2.16	1	1	BP
GO:0032768	regulation of monooxygenase activity	15	8	4.06	1	1	BP
GO:0043276	anoikis	8	5	2.16	1	1	BP
GO:0072503	cellular divalent inorganic cation homeo...	80	37	21.65	1	1	BP
GO:0007271	synaptic transmission, cholinergic	9	6	2.44	1	1	BP
GO:1990000	amyloid fibril formation	4	4	1.08	1	1	BP
GO:2000209	regulation of anoikis	7	5	1.89	1	1	BP
GO:0080164	regulation of nitric oxide metabolic pro...	15	9	4.06	1	1	BP
GO:0007622	rhythmic behavior	36	17	9.74	1	1	BP
GO:0019184	nonribosomal peptide biosynthetic proces...	11	7	2.98	1	1	BP
GO:0032946	positive regulation of mononuclear cell ...	8	6	2.16	1	1	BP
GO:0051341	regulation of oxidoreductase activity	20	8	5.41	1	1	BP
GO:0033058	directional locomotion	14	10	3.79	1	1	BP
GO:1903050	regulation of proteolysis involved in pr...	41	14	11.09	1	1	BP
GO:0022839	ion gated channel activity	67	33	18	5.6e-05	0.119392	MF
GO:0046982	protein heterodimerization activity	118	47	31.7	0.001	1	MF
GO:0005245	voltage-gated calcium channel activity	11	8	2.96	0.0019	1	MF
GO:0097110	scaffold protein binding	19	11	5.1	0.004	1	MF
GO:0008503	benzodiazepine receptor activity	10	7	2.69	0.0053	1	MF
GO:0022851	GABA-gated chloride ion channel activity	10	7	2.69	0.0053	1	MF
GO:0004890	GABA-A receptor activity	10	7	2.69	0.0053	1	MF
GO:0016298	lipase activity	20	11	5.37	0.0069	1	MF
GO:0051117	ATPase binding	23	12	6.18	0.0083	1	MF
GO:0003730	mRNA 3'-UTR binding	14	8	3.76	0.0158	1	MF
GO:0050998	nitric-oxide synthase binding	7	5	1.88	0.0175	1	MF
GO:0008179	adenylate cyclase binding	7	5	1.88	0.0175	1	MF
GO:0022824	transmitter-gated ion channel activity	13	10	3.49	0.0188	1	MF
GO:0022835	transmitter-gated channel activity	13	10	3.49	0.0188	1	MF
GO:0015464	acetylcholine receptor activity	3	3	0.81	0.0193	1	MF
GO:0031402	sodium ion binding	3	3	0.81	0.0193	1	MF
GO:0017046	peptide hormone binding	3	3	0.81	0.0193	1	MF
GO:0099529	neurotransmitter receptor activity invol...	3	3	0.81	0.0193	1	MF
GO:0042166	acetylcholine binding	3	3	0.81	0.0193	1	MF
GO:1904315	transmitter-gated ion channel activity i...	3	3	0.81	0.0193	1	MF
GO:0022848	acetylcholine-gated cation-selective cha...	3	3	0.81	0.0193	1	MF
GO:0016779	nucleotidyltransferase activity	17	9	4.57	0.0195	1	MF
GO:0004620	phospholipase activity	17	9	4.57	0.0195	1	MF
GO:0016864	intramolecular oxidoreductase activity, ...	5	4	1.34	0.0203	1	MF
GO:0098960	postsynaptic neurotransmitter receptor a...	5	4	1.34	0.0203	1	MF
GO:0003756	protein disulfide isomerase activity	5	4	1.34	0.0203	1	MF
GO:0032182	ubiquitin-like protein binding	12	7	3.22	0.0209	1	MF
GO:0005249	voltage-gated potassium channel activity	12	7	3.22	0.0209	1	MF
GO:0008234	cysteine-type peptidase activity	26	12	6.98	0.0261	1	MF
GO:0019888	protein phosphatase regulator activity	10	6	2.69	0.0277	1	MF
GO:0042562	hormone binding	10	6	2.69	0.0277	1	MF
GO:0019208	phosphatase regulator activity	10	6	2.69	0.0277	1	MF
GO:0099106	ion channel regulator activity	32	14	8.6	0.0281	1	MF
GO:0022843	voltage-gated cation channel activity	24	15	6.45	0.0331	1	MF
GO:0016667	oxidoreductase activity, acting on a sul...	13	7	3.49	0.035	1	MF
GO:0015485	cholesterol binding	8	5	2.15	0.0366	1	MF
GO:0005326	neurotransmitter transmembrane transport...	8	5	2.15	0.0366	1	MF
GO:0015271	outward rectifier potassium channel acti...	8	5	2.15	0.0366	1	MF
GO:0031625	ubiquitin protein ligase binding	52	20	13.97	0.0429	1	MF
GO:0008134	transcription factor binding	117	40	31.43	0.0431	1	MF
GO:0005230	extracellular ligand-gated ion channel a...	21	13	5.64	0.0454	1	MF
GO:0051087	chaperone binding	22	10	5.91	0.046	1	MF
GO:0015036	disulfide oxidoreductase activity	11	6	2.96	0.0473	1	MF
GO:0005231	excitatory extracellular ligand-gated io...	11	6	2.96	0.0473	1	MF
GO:0016247	channel regulator activity	34	14	9.13	0.0481	1	MF
GO:0044389	ubiquitin-like protein ligase binding	56	21	15.04	0.0506	1	MF
GO:0005244	voltage-gated ion channel activity	31	17	8.33	0.0575	1	MF
GO:0022832	voltage-gated channel activity	31	17	8.33	0.0575	1	MF
GO:0004197	cysteine-type endopeptidase activity	17	8	4.57	0.0586	1	MF
GO:0031420	alkali metal ion binding	4	3	1.07	0.0617	1	MF
GO:0005158	insulin receptor binding	4	3	1.07	0.0617	1	MF
GO:0004438	phosphatidylinositol-3-phosphatase activ...	4	3	1.07	0.0617	1	MF
GO:0004198	calcium-dependent cysteine-type endopept...	4	3	1.07	0.0617	1	MF
GO:0004629	phospholipase C activity	4	3	1.07	0.0617	1	MF
GO:0005328	neurotransmitter:sodium symporter activi...	4	3	1.07	0.0617	1	MF
GO:0052744	phosphatidylinositol monophosphate phosp...	4	3	1.07	0.0617	1	MF
GO:0015269	calcium-activated potassium channel acti...	4	3	1.07	0.0617	1	MF
GO:0015643	toxic substance binding	4	3	1.07	0.0617	1	MF
GO:0030235	nitric-oxide synthase regulator activity	4	3	1.07	0.0617	1	MF
GO:0031749	D2 dopamine receptor binding	4	3	1.07	0.0617	1	MF
GO:0051400	BH domain binding	4	3	1.07	0.0617	1	MF
GO:0051427	hormone receptor binding	26	11	6.98	0.0629	1	MF
GO:0032934	sterol binding	9	5	2.42	0.0644	1	MF
GO:0050780	dopamine receptor binding	9	5	2.42	0.0644	1	MF
GO:0003700	DNA-binding transcription factor activit...	189	60	50.77	0.0665	1	MF
GO:0030594	neurotransmitter receptor activity	22	13	5.91	0.0709	1	MF
GO:0070567	cytidylyltransferase activity	2	2	0.54	0.0721	1	MF
GO:0070568	guanylyltransferase activity	2	2	0.54	0.0721	1	MF
GO:0070569	uridylyltransferase activity	2	2	0.54	0.0721	1	MF
GO:0003839	gamma-glutamylcyclotransferase activity	2	2	0.54	0.0721	1	MF
GO:1990715	mRNA CDS binding	2	2	0.54	0.0721	1	MF
GO:0015018	galactosylgalactosylxylosylprotein 3-bet...	2	2	0.54	0.0721	1	MF
GO:0008273	calcium, potassium:sodium antiporter act...	2	2	0.54	0.0721	1	MF
GO:0008242	omega peptidase activity	2	2	0.54	0.0721	1	MF
GO:0035613	RNA stem-loop binding	2	2	0.54	0.0721	1	MF
GO:0070320	inward rectifier potassium channel inhib...	2	2	0.54	0.0721	1	MF
GO:0019239	deaminase activity	2	2	0.54	0.0721	1	MF
GO:0008331	high voltage-gated calcium channel activ...	2	2	0.54	0.0721	1	MF
GO:0004370	glycerol kinase activity	2	2	0.54	0.0721	1	MF
GO:0004741	[pyruvate dehydrogenase (lipoamide)] pho...	2	2	0.54	0.0721	1	MF
GO:0051434	BH3 domain binding	2	2	0.54	0.0721	1	MF
GO:0034722	gamma-glutamyl-peptidase activity	2	2	0.54	0.0721	1	MF
GO:0140110	transcription regulator activity	229	71	61.52	0.077	1	MF
GO:0070405	ammonium ion binding	15	7	4.03	0.0789	1	MF
GO:0008081	phosphoric diester hydrolase activity	15	7	4.03	0.0789	1	MF
GO:0052689	carboxylic ester hydrolase activity	18	8	4.84	0.0815	1	MF
GO:0015079	potassium ion transmembrane transporter ...	24	10	6.45	0.0823	1	MF
GO:0003735	structural constituent of ribosome	24	10	6.45	0.0823	1	MF
GO:0019870	potassium channel inhibitor activity	7	4	1.88	0.0886	1	MF
GO:0008157	protein phosphatase 1 binding	7	4	1.88	0.0886	1	MF
GO:0017081	chloride channel regulator activity	7	4	1.88	0.0886	1	MF
GO:0004622	lysophospholipase activity	7	4	1.88	0.0886	1	MF
GO:0052866	phosphatidylinositol phosphate phosphata...	7	4	1.88	0.0886	1	MF
GO:0003677	DNA binding	246	75	66.09	0.0972	1	MF
GO:0004842	ubiquitin-protein transferase activity	60	21	16.12	0.0992	1	MF
GO:0015085	calcium ion transmembrane transporter ac...	36	18	9.67	0.0995	1	MF
GO:0001540	amyloid-beta binding	10	5	2.69	0.1012	1	MF
GO:0015035	protein-disulfide reductase activity	10	5	2.69	0.1012	1	MF
GO:0051219	phosphoprotein binding	10	5	2.69	0.1012	1	MF
GO:0005227	calcium activated cation channel activit...	10	5	2.69	0.1012	1	MF
GO:0008307	structural constituent of muscle	10	5	2.69	0.1012	1	MF
GO:0043130	ubiquitin binding	10	5	2.69	0.1012	1	MF
GO:0005509	calcium ion binding	57	20	15.31	0.1037	1	MF
GO:0042578	phosphoric ester hydrolase activity	57	20	15.31	0.1037	1	MF
GO:0140034	methylation-dependent protein binding	13	6	3.49	0.1069	1	MF
GO:0035064	methylated histone binding	13	6	3.49	0.1069	1	MF
GO:0005267	potassium channel activity	19	8	5.1	0.109	1	MF
GO:0008238	exopeptidase activity	16	7	4.3	0.109	1	MF
GO:0005102	signaling receptor binding	202	62	54.27	0.1122	1	MF
GO:0019787	ubiquitin-like protein transferase activ...	61	21	16.39	0.1149	1	MF
GO:0061733	peptide-lysine-N-acetyltransferase activ...	5	3	1.34	0.1239	1	MF
GO:0004402	histone acetyltransferase activity	5	3	1.34	0.1239	1	MF
GO:0070273	phosphatidylinositol-4-phosphate binding	5	3	1.34	0.1239	1	MF
GO:0034593	phosphatidylinositol bisphosphate phosph...	5	3	1.34	0.1239	1	MF
GO:0046875	ephrin receptor binding	5	3	1.34	0.1239	1	MF
GO:0005248	voltage-gated sodium channel activity	5	3	1.34	0.1239	1	MF
GO:0033130	acetylcholine receptor binding	5	3	1.34	0.1239	1	MF
GO:0005388	P-type calcium transporter activity	5	3	1.34	0.1239	1	MF
GO:0016504	peptidase activator activity	5	3	1.34	0.1239	1	MF
GO:0034212	peptide N-acetyltransferase activity	5	3	1.34	0.1239	1	MF
GO:0046873	metal ion transmembrane transporter acti...	80	31	21.49	0.1249	1	MF
GO:0004857	enzyme inhibitor activity	42	15	11.28	0.1297	1	MF
GO:0005516	calmodulin binding	26	10	6.98	0.1323	1	MF
GO:0002039	p53 binding	8	4	2.15	0.1407	1	MF
GO:0035250	UDP-galactosyltransferase activity	8	4	2.15	0.1407	1	MF
GO:0008378	galactosyltransferase activity	8	4	2.15	0.1407	1	MF
GO:0048531	beta-1,3-galactosyltransferase activity	8	4	2.15	0.1407	1	MF
GO:0008499	UDP-galactose:beta-N-acetylglucosamine b...	8	4	2.15	0.1407	1	MF
GO:0005178	integrin binding	20	8	5.37	0.1409	1	MF
GO:0001228	DNA-binding transcription activator acti...	83	27	22.3	0.1437	1	MF
GO:0001216	DNA-binding transcription activator acti...	83	27	22.3	0.1437	1	MF
GO:0008173	RNA methyltransferase activity	11	5	2.96	0.1461	1	MF
GO:0008200	ion channel inhibitor activity	11	5	2.96	0.1461	1	MF
GO:0015459	potassium channel regulator activity	14	6	3.76	0.1465	1	MF
GO:0003676	nucleic acid binding	336	98	90.27	0.1614	1	MF
GO:0004721	phosphoprotein phosphatase activity	27	10	7.25	0.1622	1	MF
GO:0005262	calcium channel activity	29	15	7.79	0.1768	1	MF
GO:0015276	ligand-gated ion channel activity	41	18	11.01	0.177	1	MF
GO:0022834	ligand-gated channel activity	41	18	11.01	0.177	1	MF
GO:0008429	phosphatidylethanolamine binding	3	2	0.81	0.1776	1	MF
GO:0036487	nitric-oxide synthase inhibitor activity	3	2	0.81	0.1776	1	MF
GO:0070513	death domain binding	3	2	0.81	0.1776	1	MF
GO:0005159	insulin-like growth factor receptor bind...	3	2	0.81	0.1776	1	MF
GO:0034452	dynactin binding	3	2	0.81	0.1776	1	MF
GO:0005113	patched binding	3	2	0.81	0.1776	1	MF
GO:0030899	calcium-dependent ATPase activity	3	2	0.81	0.1776	1	MF
GO:0004989	octopamine receptor activity	3	2	0.81	0.1776	1	MF
GO:0016814	hydrolase activity, acting on carbon-nit...	3	2	0.81	0.1776	1	MF
GO:0004129	cytochrome-c oxidase activity	3	2	0.81	0.1776	1	MF
GO:0010851	cyclase regulator activity	3	2	0.81	0.1776	1	MF
GO:0030955	potassium ion binding	3	2	0.81	0.1776	1	MF
GO:0000900	mRNA regulatory element binding translat...	3	2	0.81	0.1776	1	MF
GO:0030515	snoRNA binding	3	2	0.81	0.1776	1	MF
GO:0017110	nucleoside diphosphate phosphatase activ...	3	2	0.81	0.1776	1	MF
GO:0071074	eukaryotic initiation factor eIF2 bindin...	3	2	0.81	0.1776	1	MF
GO:0033612	receptor serine/threonine kinase binding	3	2	0.81	0.1776	1	MF
GO:0016675	oxidoreductase activity, acting on a hem...	3	2	0.81	0.1776	1	MF
GO:0015248	sterol transporter activity	3	2	0.81	0.1776	1	MF
GO:0043548	phosphatidylinositol 3-kinase binding	3	2	0.81	0.1776	1	MF
GO:0070034	telomerase RNA binding	3	2	0.81	0.1776	1	MF
GO:0005432	calcium:sodium antiporter activity	3	2	0.81	0.1776	1	MF
GO:0015368	calcium:cation antiporter activity	3	2	0.81	0.1776	1	MF
GO:0008233	peptidase activity	68	22	18.27	0.1826	1	MF
GO:0000981	DNA-binding transcription factor activit...	170	51	45.67	0.1891	1	MF
GO:0035591	signaling adaptor activity	15	6	4.03	0.1915	1	MF
GO:0140678	molecular function inhibitor activity	15	6	4.03	0.1915	1	MF
GO:0043178	alcohol binding	12	5	3.22	0.1978	1	MF
GO:0008175	tRNA methyltransferase activity	6	3	1.61	0.1997	1	MF
GO:0061650	ubiquitin-like protein conjugating enzym...	6	3	1.61	0.1997	1	MF
GO:0070063	RNA polymerase binding	6	3	1.61	0.1997	1	MF
GO:0061631	ubiquitin conjugating enzyme activity	6	3	1.61	0.1997	1	MF
GO:0016595	glutamate binding	9	4	2.42	0.2018	1	MF
GO:0042165	neurotransmitter binding	9	4	2.42	0.2018	1	MF
GO:0042169	SH2 domain binding	9	4	2.42	0.2018	1	MF
GO:0031369	translation initiation factor binding	9	4	2.42	0.2018	1	MF
GO:0042277	peptide binding	42	14	11.28	0.2145	1	MF
GO:0003729	mRNA binding	42	14	11.28	0.2145	1	MF
GO:0003714	transcription corepressor activity	22	8	5.91	0.2165	1	MF
GO:0140098	catalytic activity, acting on RNA	49	16	13.16	0.2197	1	MF
GO:0061659	ubiquitin-like protein ligase activity	39	13	10.48	0.2264	1	MF
GO:0061630	ubiquitin protein ligase activity	39	13	10.48	0.2264	1	MF
GO:0001882	nucleoside binding	29	10	7.79	0.2307	1	MF
GO:0001883	purine nucleoside binding	29	10	7.79	0.2307	1	MF
GO:0008022	protein C-terminus binding	46	15	12.36	0.2316	1	MF
GO:0005496	steroid binding	16	6	4.3	0.241	1	MF
GO:0019899	enzyme binding	379	112	101.82	0.2481	1	MF
GO:0019901	protein kinase binding	124	37	33.31	0.2492	1	MF
GO:0016706	2-oxoglutarate-dependent dioxygenase act...	13	5	3.49	0.2546	1	MF
GO:0016248	channel inhibitor activity	13	5	3.49	0.2546	1	MF
GO:0043565	sequence-specific DNA binding	153	45	41.1	0.2563	1	MF
GO:0099094	ligand-gated cation channel activity	23	8	6.18	0.259	1	MF
GO:0005216	ion channel activity	101	39	27.13	0.2601	1	MF
GO:0001664	G protein-coupled receptor binding	47	15	12.63	0.2613	1	MF
GO:0001067	transcription regulatory region nucleic ...	139	41	37.34	0.2621	1	MF
GO:0030165	PDZ domain binding	30	10	8.06	0.2684	1	MF
GO:0042287	MHC protein binding	1	1	0.27	0.2686	1	MF
GO:0042288	MHC class I protein binding	1	1	0.27	0.2686	1	MF
GO:0086039	P-type calcium transporter activity invo...	1	1	0.27	0.2686	1	MF
GO:0004067	asparaginase activity	1	1	0.27	0.2686	1	MF
GO:0008442	3-hydroxyisobutyrate dehydrogenase activ...	1	1	0.27	0.2686	1	MF
GO:0008048	calcium sensitive guanylate cyclase acti...	1	1	0.27	0.2686	1	MF
GO:0030372	high molecular weight B cell growth fact...	1	1	0.27	0.2686	1	MF
GO:0031894	V1A vasopressin receptor binding	1	1	0.27	0.2686	1	MF
GO:0001016	RNA polymerase III transcription regulat...	1	1	0.27	0.2686	1	MF
GO:0001018	mitochondrial promoter sequence-specific...	1	1	0.27	0.2686	1	MF
GO:0008431	vitamin E binding	1	1	0.27	0.2686	1	MF
GO:0070181	small ribosomal subunit rRNA binding	1	1	0.27	0.2686	1	MF
GO:0070182	DNA polymerase binding	1	1	0.27	0.2686	1	MF
GO:0003876	AMP deaminase activity	1	1	0.27	0.2686	1	MF
GO:0016721	oxidoreductase activity, acting on super...	1	1	0.27	0.2686	1	MF
GO:0051998	protein carboxyl O-methyltransferase act...	1	1	0.27	0.2686	1	MF
GO:0016724	oxidoreductase activity, acting on metal...	1	1	0.27	0.2686	1	MF
GO:0016314	phosphatidylinositol-3,4,5-trisphosphate...	1	1	0.27	0.2686	1	MF
GO:0038085	vascular endothelial growth factor bindi...	1	1	0.27	0.2686	1	MF
GO:0097371	MDM2/MDM4 family protein binding	1	1	0.27	0.2686	1	MF
GO:0016717	oxidoreductase activity, acting on paire...	1	1	0.27	0.2686	1	MF
GO:0030742	GTP-dependent protein binding	1	1	0.27	0.2686	1	MF
GO:0003810	protein-glutamine gamma-glutamyltransfer...	1	1	0.27	0.2686	1	MF
GO:2001069	glycogen binding	1	1	0.27	0.2686	1	MF
GO:0050811	GABA receptor binding	1	1	0.27	0.2686	1	MF
GO:0097322	7SK snRNA binding	1	1	0.27	0.2686	1	MF
GO:0004827	proline-tRNA ligase activity	1	1	0.27	0.2686	1	MF
GO:0004014	adenosylmethionine decarboxylase activit...	1	1	0.27	0.2686	1	MF
GO:0032052	bile acid binding	1	1	0.27	0.2686	1	MF
GO:0036033	mediator complex binding	1	1	0.27	0.2686	1	MF
GO:0047395	glycerophosphoinositol glycerophosphodie...	1	1	0.27	0.2686	1	MF
GO:0031883	taste receptor binding	1	1	0.27	0.2686	1	MF
GO:0003847	1-alkyl-2-acetylglycerophosphocholine es...	1	1	0.27	0.2686	1	MF
GO:0004416	hydroxyacylglutathione hydrolase activit...	1	1	0.27	0.2686	1	MF
GO:0004818	glutamate-tRNA ligase activity	1	1	0.27	0.2686	1	MF
GO:1905538	polysome binding	1	1	0.27	0.2686	1	MF
GO:0005151	interleukin-1, type II receptor binding	1	1	0.27	0.2686	1	MF
GO:0008597	calcium-dependent protein serine/threoni...	1	1	0.27	0.2686	1	MF
GO:0004839	ubiquitin activating enzyme activity	1	1	0.27	0.2686	1	MF
GO:0036402	proteasome-activating activity	1	1	0.27	0.2686	1	MF
GO:0032427	GBD domain binding	1	1	0.27	0.2686	1	MF
GO:0080084	5S rDNA binding	1	1	0.27	0.2686	1	MF
GO:0001595	angiotensin receptor activity	1	1	0.27	0.2686	1	MF
GO:0048763	calcium-induced calcium release activity	1	1	0.27	0.2686	1	MF
GO:0005523	tropomyosin binding	1	1	0.27	0.2686	1	MF
GO:0045340	mercury ion binding	1	1	0.27	0.2686	1	MF
GO:0008967	phosphoglycolate phosphatase activity	1	1	0.27	0.2686	1	MF
GO:0043398	HLH domain binding	1	1	0.27	0.2686	1	MF
GO:0019810	putrescine binding	1	1	0.27	0.2686	1	MF
GO:0005149	interleukin-1 receptor binding	1	1	0.27	0.2686	1	MF
GO:0050196	[phosphorylase] phosphatase activity	1	1	0.27	0.2686	1	MF
GO:0001565	phorbol ester receptor activity	1	1	0.27	0.2686	1	MF
GO:0000030	mannosyltransferase activity	1	1	0.27	0.2686	1	MF
GO:0034041	ABC-type sterol transporter activity	1	1	0.27	0.2686	1	MF
GO:0005138	interleukin-6 receptor binding	1	1	0.27	0.2686	1	MF
GO:0005534	galactose binding	1	1	0.27	0.2686	1	MF
GO:0002162	dystroglycan binding	1	1	0.27	0.2686	1	MF
GO:0080048	GDP-D-glucose phosphorylase activity	1	1	0.27	0.2686	1	MF
GO:0005537	mannose binding	1	1	0.27	0.2686	1	MF
GO:0008574	plus-end-directed microtubule motor acti...	1	1	0.27	0.2686	1	MF
GO:0004594	pantothenate kinase activity	1	1	0.27	0.2686	1	MF
GO:0047341	fucose-1-phosphate guanylyltransferase a...	1	1	0.27	0.2686	1	MF
GO:0047349	D-ribitol-5-phosphate cytidylyltransfera...	1	1	0.27	0.2686	1	MF
GO:0008140	cAMP response element binding protein bi...	1	1	0.27	0.2686	1	MF
GO:0008142	oxysterol binding	1	1	0.27	0.2686	1	MF
GO:0044769	ATPase activity, coupled to transmembran...	1	1	0.27	0.2686	1	MF
GO:0016880	acid-ammonia (or amide) ligase activity	1	1	0.27	0.2686	1	MF
GO:0003953	NAD+ nucleosidase activity	1	1	0.27	0.2686	1	MF
GO:0004561	alpha-N-acetylglucosaminidase activity	1	1	0.27	0.2686	1	MF
GO:0070259	tyrosyl-DNA phosphodiesterase activity	1	1	0.27	0.2686	1	MF
GO:0008940	nitrate reductase activity	1	1	0.27	0.2686	1	MF
GO:0061811	ADP-ribosyl cyclase activity	1	1	0.27	0.2686	1	MF
GO:0061812	cyclic ADP-ribose hydrolase	1	1	0.27	0.2686	1	MF
GO:0004557	alpha-galactosidase activity	1	1	0.27	0.2686	1	MF
GO:0004559	alpha-mannosidase activity	1	1	0.27	0.2686	1	MF
GO:0035514	DNA demethylase activity	1	1	0.27	0.2686	1	MF
GO:0016428	tRNA (cytosine-5-)-methyltransferase act...	1	1	0.27	0.2686	1	MF
GO:0035516	oxidative DNA demethylase activity	1	1	0.27	0.2686	1	MF
GO:0010340	carboxyl-O-methyltransferase activity	1	1	0.27	0.2686	1	MF
GO:0016812	hydrolase activity, acting on carbon-nit...	1	1	0.27	0.2686	1	MF
GO:0009678	pyrophosphate hydrolysis-driven proton t...	1	1	0.27	0.2686	1	MF
GO:0004176	ATP-dependent peptidase activity	1	1	0.27	0.2686	1	MF
GO:0004571	mannosyl-oligosaccharide 1,2-alpha-manno...	1	1	0.27	0.2686	1	MF
GO:0004579	dolichyl-diphosphooligosaccharide-protei...	1	1	0.27	0.2686	1	MF
GO:0000994	RNA polymerase III core binding	1	1	0.27	0.2686	1	MF
GO:0034190	apolipoprotein receptor binding	1	1	0.27	0.2686	1	MF
GO:0034191	apolipoprotein A-I receptor binding	1	1	0.27	0.2686	1	MF
GO:0008108	UDP-glucose:hexose-1-phosphate uridylylt...	1	1	0.27	0.2686	1	MF
GO:0003948	N4-(beta-N-acetylglucosaminyl)-L-asparag...	1	1	0.27	0.2686	1	MF
GO:0032183	SUMO binding	1	1	0.27	0.2686	1	MF
GO:0005250	A-type (transient outward) potassium cha...	1	1	0.27	0.2686	1	MF
GO:0005252	open rectifier potassium channel activit...	1	1	0.27	0.2686	1	MF
GO:0004132	dCMP deaminase activity	1	1	0.27	0.2686	1	MF
GO:0008294	calcium- and calmodulin-responsive adeny...	1	1	0.27	0.2686	1	MF
GO:0019153	protein-disulfide reductase (glutathione...	1	1	0.27	0.2686	1	MF
GO:0005283	amino acid:sodium symporter activity	1	1	0.27	0.2686	1	MF
GO:1990459	transferrin receptor binding	1	1	0.27	0.2686	1	MF
GO:0005277	acetylcholine transmembrane transporter ...	1	1	0.27	0.2686	1	MF
GO:0000171	ribonuclease MRP activity	1	1	0.27	0.2686	1	MF
GO:0017005	3'-tyrosyl-DNA phosphodiesterase activit...	1	1	0.27	0.2686	1	MF
GO:0005228	intracellular sodium activated potassium...	1	1	0.27	0.2686	1	MF
GO:0004105	choline-phosphate cytidylyltransferase a...	1	1	0.27	0.2686	1	MF
GO:0032542	sulfiredoxin activity	1	1	0.27	0.2686	1	MF
GO:1904288	BAT3 complex binding	1	1	0.27	0.2686	1	MF
GO:0016594	glycine binding	1	1	0.27	0.2686	1	MF
GO:0034513	box H/ACA snoRNA binding	1	1	0.27	0.2686	1	MF
GO:0010461	light-activated ion channel activity	1	1	0.27	0.2686	1	MF
GO:0030151	molybdenum ion binding	1	1	0.27	0.2686	1	MF
GO:0010853	cyclase activator activity	1	1	0.27	0.2686	1	MF
GO:0015183	L-aspartate transmembrane transporter ac...	1	1	0.27	0.2686	1	MF
GO:0050265	RNA uridylyltransferase activity	1	1	0.27	0.2686	1	MF
GO:0010484	H3 histone acetyltransferase activity	1	1	0.27	0.2686	1	MF
GO:0015172	acidic amino acid transmembrane transpor...	1	1	0.27	0.2686	1	MF
GO:0017168	5-oxoprolinase (ATP-hydrolyzing) activit...	1	1	0.27	0.2686	1	MF
GO:0017153	sodium:dicarboxylate symporter activity	1	1	0.27	0.2686	1	MF
GO:0017154	semaphorin receptor activity	1	1	0.27	0.2686	1	MF
GO:0016174	NAD(P)H oxidase H2O2-forming activity	1	1	0.27	0.2686	1	MF
GO:0035226	glutamate-cysteine ligase catalytic subu...	1	1	0.27	0.2686	1	MF
GO:0015923	mannosidase activity	1	1	0.27	0.2686	1	MF
GO:0015924	mannosyl-oligosaccharide mannosidase act...	1	1	0.27	0.2686	1	MF
GO:0016971	flavin-linked sulfhydryl oxidase activit...	1	1	0.27	0.2686	1	MF
GO:0016972	thiol oxidase activity	1	1	0.27	0.2686	1	MF
GO:0016520	growth hormone-releasing hormone recepto...	1	1	0.27	0.2686	1	MF
GO:0016929	deSUMOylase activity	1	1	0.27	0.2686	1	MF
GO:0001635	calcitonin gene-related peptide receptor...	1	1	0.27	0.2686	1	MF
GO:0043812	phosphatidylinositol-4-phosphate phospha...	1	1	0.27	0.2686	1	MF
GO:0070728	leucine binding	1	1	0.27	0.2686	1	MF
GO:0030548	acetylcholine receptor regulator activit...	1	1	0.27	0.2686	1	MF
GO:0030549	acetylcholine receptor activator activit...	1	1	0.27	0.2686	1	MF
GO:0030946	protein tyrosine phosphatase activity, m...	1	1	0.27	0.2686	1	MF
GO:0089720	caspase binding	1	1	0.27	0.2686	1	MF
GO:0008607	phosphorylase kinase regulator activity	1	1	0.27	0.2686	1	MF
GO:0005368	taurine transmembrane transporter activi...	1	1	0.27	0.2686	1	MF
GO:0005369	taurine:sodium symporter activity	1	1	0.27	0.2686	1	MF
GO:0001609	G protein-coupled adenosine receptor act...	1	1	0.27	0.2686	1	MF
GO:0015501	glutamate:sodium symporter activity	1	1	0.27	0.2686	1	MF
GO:0051371	muscle alpha-actinin binding	1	1	0.27	0.2686	1	MF
GO:1901375	acetate ester transmembrane transporter ...	1	1	0.27	0.2686	1	MF
GO:0046961	proton-transporting ATPase activity, rot...	1	1	0.27	0.2686	1	MF
GO:0042809	nuclear vitamin D receptor binding	1	1	0.27	0.2686	1	MF
GO:0005371	tricarboxylate secondary active transmem...	1	1	0.27	0.2686	1	MF
GO:0071424	rRNA (cytosine-N4-)-methyltransferase ac...	1	1	0.27	0.2686	1	MF
GO:0005313	L-glutamate transmembrane transporter ac...	1	1	0.27	0.2686	1	MF
GO:0005314	high-affinity L-glutamate transmembrane ...	1	1	0.27	0.2686	1	MF
GO:0097108	hedgehog family protein binding	1	1	0.27	0.2686	1	MF
GO:0047179	platelet-activating factor acetyltransfe...	1	1	0.27	0.2686	1	MF
GO:0008384	IkappaB kinase activity	1	1	0.27	0.2686	1	MF
GO:0045134	UDP phosphatase activity	1	1	0.27	0.2686	1	MF
GO:0030250	guanylate cyclase activator activity	1	1	0.27	0.2686	1	MF
GO:0042959	alkanesulfonate transmembrane transporte...	1	1	0.27	0.2686	1	MF
GO:0004363	glutathione synthase activity	1	1	0.27	0.2686	1	MF
GO:0015279	store-operated calcium channel activity	1	1	0.27	0.2686	1	MF
GO:0004366	glycerol-3-phosphate O-acyltransferase a...	1	1	0.27	0.2686	1	MF
GO:0004768	stearoyl-CoA 9-desaturase activity	1	1	0.27	0.2686	1	MF
GO:0035325	Toll-like receptor binding	1	1	0.27	0.2686	1	MF
GO:0004356	glutamate-ammonia ligase activity	1	1	0.27	0.2686	1	MF
GO:0016671	oxidoreductase activity, acting on a sul...	1	1	0.27	0.2686	1	MF
GO:0099602	neurotransmitter receptor regulator acti...	1	1	0.27	0.2686	1	MF
GO:0042910	xenobiotic transmembrane transporter act...	1	1	0.27	0.2686	1	MF
GO:0004784	superoxide dismutase activity	1	1	0.27	0.2686	1	MF
GO:0016211	ammonia ligase activity	1	1	0.27	0.2686	1	MF
GO:0004376	glycolipid mannosyltransferase activity	1	1	0.27	0.2686	1	MF
GO:0033797	selenate reductase activity	1	1	0.27	0.2686	1	MF
GO:0016215	acyl-CoA desaturase activity	1	1	0.27	0.2686	1	MF
GO:0043515	kinetochore binding	1	1	0.27	0.2686	1	MF
GO:0030247	polysaccharide binding	1	1	0.27	0.2686	1	MF
GO:0004322	ferroxidase activity	1	1	0.27	0.2686	1	MF
GO:0030249	guanylate cyclase regulator activity	1	1	0.27	0.2686	1	MF
GO:0009019	tRNA (guanine-N1-)-methyltransferase act...	1	1	0.27	0.2686	1	MF
GO:0090541	MIT domain binding	1	1	0.27	0.2686	1	MF
GO:1990699	palmitoleyl hydrolase activity	1	1	0.27	0.2686	1	MF
GO:1904091	non-ribosomal peptide synthetase activit...	1	1	0.27	0.2686	1	MF
GO:0043136	glycerol-3-phosphatase activity	1	1	0.27	0.2686	1	MF
GO:0004719	protein-L-isoaspartate (D-aspartate) O-m...	1	1	0.27	0.2686	1	MF
GO:0004740	pyruvate dehydrogenase (acetyl-transferr...	1	1	0.27	0.2686	1	MF
GO:0031775	lutropin-choriogonadotropic hormone rece...	1	1	0.27	0.2686	1	MF
GO:0051880	G-quadruplex DNA binding	1	1	0.27	0.2686	1	MF
GO:0098623	selenite reductase activity	1	1	0.27	0.2686	1	MF
GO:0042500	aspartic endopeptidase activity, intrame...	1	1	0.27	0.2686	1	MF
GO:0098625	methylselenol reductase activity	1	1	0.27	0.2686	1	MF
GO:0098626	methylseleninic acid reductase activity	1	1	0.27	0.2686	1	MF
GO:0097642	calcitonin family receptor activity	1	1	0.27	0.2686	1	MF
GO:0097644	calcitonin family binding	1	1	0.27	0.2686	1	MF
GO:0097645	amylin binding	1	1	0.27	0.2686	1	MF
GO:0051022	Rho GDP-dissociation inhibitor binding	1	1	0.27	0.2686	1	MF
GO:0051425	PTB domain binding	1	1	0.27	0.2686	1	MF
GO:0019778	Atg12 activating enzyme activity	1	1	0.27	0.2686	1	MF
GO:0019779	Atg8 activating enzyme activity	1	1	0.27	0.2686	1	MF
GO:0001069	regulatory region RNA binding	1	1	0.27	0.2686	1	MF
GO:0047220	galactosylxylosylprotein 3-beta-galactos...	1	1	0.27	0.2686	1	MF
GO:0050897	cobalt ion binding	1	1	0.27	0.2686	1	MF
GO:0047623	adenosine-phosphate deaminase activity	1	1	0.27	0.2686	1	MF
GO:0008889	glycerophosphodiester phosphodiesterase ...	1	1	0.27	0.2686	1	MF
GO:0001046	core promoter sequence-specific DNA bind...	10	4	2.69	0.2688	1	MF
GO:0019829	ATPase-coupled cation transmembrane tran...	10	4	2.69	0.2688	1	MF
GO:0003712	transcription coregulator activity	79	24	21.22	0.2733	1	MF
GO:0022890	inorganic cation transmembrane transport...	116	39	31.16	0.2742	1	MF
GO:0140096	catalytic activity, acting on a protein	321	91	86.24	0.2752	1	MF
GO:0019900	kinase binding	129	38	34.66	0.2758	1	MF
GO:0099095	ligand-gated anion channel activity	17	10	4.57	0.2777	1	MF
GO:0030374	nuclear receptor coactivator activity	7	3	1.88	0.283	1	MF
GO:0032813	tumor necrosis factor receptor superfami...	7	3	1.88	0.283	1	MF
GO:0019843	rRNA binding	7	3	1.88	0.283	1	MF
GO:0000146	microfilament motor activity	7	3	1.88	0.283	1	MF
GO:0005234	extracellularly glutamate-gated ion chan...	7	3	1.88	0.283	1	MF
GO:0030159	signaling receptor complex adaptor activ...	7	3	1.88	0.283	1	MF
GO:0051393	alpha-actinin binding	7	3	1.88	0.283	1	MF
GO:0008068	extracellularly glutamate-gated chloride...	7	3	1.88	0.283	1	MF
GO:0004707	MAP kinase activity	7	3	1.88	0.283	1	MF
GO:0005525	GTP binding	27	9	7.25	0.2852	1	MF
GO:0015081	sodium ion transmembrane transporter act...	27	9	7.25	0.2852	1	MF
GO:0005254	chloride channel activity	27	13	7.25	0.2856	1	MF
GO:0030371	translation repressor activity	4	2	1.07	0.2935	1	MF
GO:0030346	protein phosphatase 2B binding	4	2	1.07	0.2935	1	MF
GO:0004995	tachykinin receptor activity	4	2	1.07	0.2935	1	MF
GO:0008138	protein tyrosine/serine/threonine phosph...	4	2	1.07	0.2935	1	MF
GO:0016018	cyclosporin A binding	4	2	1.07	0.2935	1	MF
GO:0016840	carbon-nitrogen lyase activity	4	2	1.07	0.2935	1	MF
GO:0016842	amidine-lyase activity	4	2	1.07	0.2935	1	MF
GO:0010485	H4 histone acetyltransferase activity	4	2	1.07	0.2935	1	MF
GO:0003680	minor groove of adenine-thymine-rich DNA...	4	2	1.07	0.2935	1	MF
GO:0042043	neurexin family protein binding	4	2	1.07	0.2935	1	MF
GO:0019211	phosphatase activator activity	4	2	1.07	0.2935	1	MF
GO:0052745	inositol phosphate phosphatase activity	4	2	1.07	0.2935	1	MF
GO:0140828	metal cation:monoatomic cation antiporte...	4	2	1.07	0.2935	1	MF
GO:0001784	phosphotyrosine residue binding	4	2	1.07	0.2935	1	MF
GO:0022821	solute:potassium antiporter activity	4	2	1.07	0.2935	1	MF
GO:0031748	D1 dopamine receptor binding	4	2	1.07	0.2935	1	MF
GO:0072542	protein phosphatase activator activity	4	2	1.07	0.2935	1	MF
GO:0005261	cation channel activity	78	28	20.95	0.3113	1	MF
GO:0004860	protein kinase inhibitor activity	14	5	3.76	0.3146	1	MF
GO:0004553	hydrolase activity, hydrolyzing O-glycos...	14	5	3.76	0.3146	1	MF
GO:0019210	kinase inhibitor activity	14	5	3.76	0.3146	1	MF
GO:0004722	protein serine/threonine phosphatase act...	14	5	3.76	0.3146	1	MF
GO:0003713	transcription coactivator activity	56	17	15.04	0.3216	1	MF
GO:0051082	unfolded protein binding	21	7	5.64	0.3246	1	MF
GO:0016791	phosphatase activity	42	13	11.28	0.3266	1	MF
GO:0019904	protein domain specific binding	157	45	42.18	0.3273	1	MF
GO:0031072	heat shock protein binding	28	9	7.52	0.3278	1	MF
GO:0032550	purine ribonucleoside binding	28	9	7.52	0.3278	1	MF
GO:0032549	ribonucleoside binding	28	9	7.52	0.3278	1	MF
GO:0019903	protein phosphatase binding	28	9	7.52	0.3278	1	MF
GO:0008168	methyltransferase activity	35	11	9.4	0.328	1	MF
GO:0008324	cation transmembrane transporter activit...	119	39	31.97	0.3388	1	MF
GO:0015370	solute:sodium symporter activity	11	4	2.96	0.3389	1	MF
GO:0005246	calcium channel regulator activity	11	4	2.96	0.3389	1	MF
GO:0004725	protein tyrosine phosphatase activity	11	4	2.96	0.3389	1	MF
GO:0005253	anion channel activity	28	13	7.52	0.3395	1	MF
GO:0035639	purine ribonucleoside triphosphate bindi...	89	26	23.91	0.343	1	MF
GO:0015318	inorganic molecular entity transmembrane...	160	54	42.98	0.3476	1	MF
GO:0016597	amino acid binding	18	6	4.84	0.3484	1	MF
GO:0016798	hydrolase activity, acting on glycosyl b...	18	6	4.84	0.3484	1	MF
GO:0019887	protein kinase regulator activity	32	10	8.6	0.3487	1	MF
GO:0004175	endopeptidase activity	43	13	11.55	0.3622	1	MF
GO:0019902	phosphatase binding	43	13	11.55	0.3622	1	MF
GO:0003723	RNA binding	119	34	31.97	0.3668	1	MF
GO:0043169	cation binding	192	54	51.58	0.3669	1	MF
GO:0016741	transferase activity, transferring one-c...	36	11	9.67	0.3671	1	MF
GO:0030331	nuclear estrogen receptor binding	8	3	2.15	0.3683	1	MF
GO:0015453	oxidoreduction-driven active transmembra...	8	3	2.15	0.3683	1	MF
GO:0004177	aminopeptidase activity	8	3	2.15	0.3683	1	MF
GO:0004683	calmodulin-dependent protein kinase acti...	8	3	2.15	0.3683	1	MF
GO:0004623	phospholipase A2 activity	8	3	2.15	0.3683	1	MF
GO:0042805	actinin binding	8	3	2.15	0.3683	1	MF
GO:0031624	ubiquitin conjugating enzyme binding	8	3	2.15	0.3683	1	MF
GO:0016922	nuclear receptor binding	22	7	5.91	0.3751	1	MF
GO:0016860	intramolecular oxidoreductase activity	15	5	4.03	0.3761	1	MF
GO:0008276	protein methyltransferase activity	15	5	4.03	0.3761	1	MF
GO:0008047	enzyme activator activity	76	22	20.42	0.3808	1	MF
GO:0005198	structural molecule activity	76	22	20.42	0.3808	1	MF
GO:0019207	kinase regulator activity	33	10	8.87	0.3902	1	MF
GO:0015108	chloride transmembrane transporter activ...	29	13	7.79	0.3943	1	MF
GO:0016705	oxidoreductase activity, acting on paire...	19	6	5.1	0.4039	1	MF
GO:0086008	voltage-gated potassium channel activity...	5	2	1.34	0.4065	1	MF
GO:0005164	tumor necrosis factor receptor binding	5	2	1.34	0.4065	1	MF
GO:0034062	5'-3' RNA polymerase activity	5	2	1.34	0.4065	1	MF
GO:0097747	RNA polymerase activity	5	2	1.34	0.4065	1	MF
GO:0034450	ubiquitin-ubiquitin ligase activity	5	2	1.34	0.4065	1	MF
GO:0015026	coreceptor activity	5	2	1.34	0.4065	1	MF
GO:0004180	carboxypeptidase activity	5	2	1.34	0.4065	1	MF
GO:0016423	tRNA (guanine) methyltransferase activit...	5	2	1.34	0.4065	1	MF
GO:0005251	delayed rectifier potassium channel acti...	5	2	1.34	0.4065	1	MF
GO:0008235	metalloexopeptidase activity	5	2	1.34	0.4065	1	MF
GO:0051721	protein phosphatase 2A binding	5	2	1.34	0.4065	1	MF
GO:0015298	solute:cation antiporter activity	5	2	1.34	0.4065	1	MF
GO:0030296	protein tyrosine kinase activator activi...	5	2	1.34	0.4065	1	MF
GO:0045545	syndecan binding	5	2	1.34	0.4065	1	MF
GO:0070412	R-SMAD binding	5	2	1.34	0.4065	1	MF
GO:0004723	calcium-dependent protein serine/threoni...	5	2	1.34	0.4065	1	MF
GO:0086090	voltage-gated potassium channel activity...	5	2	1.34	0.4065	1	MF
GO:0044548	S100 protein binding	5	2	1.34	0.4065	1	MF
GO:0086087	voltage-gated potassium channel activity...	5	2	1.34	0.4065	1	MF
GO:0086089	voltage-gated potassium channel activity...	5	2	1.34	0.4065	1	MF
GO:0004709	MAP kinase kinase kinase activity	5	2	1.34	0.4065	1	MF
GO:0003899	DNA-directed 5'-3' RNA polymerase activi...	5	2	1.34	0.4065	1	MF
GO:0042625	ATPase-coupled ion transmembrane transpo...	12	4	3.22	0.4095	1	MF
GO:0005548	phospholipid transporter activity	12	4	3.22	0.4095	1	MF
GO:0016407	acetyltransferase activity	12	4	3.22	0.4095	1	MF
GO:0061629	RNA polymerase II-specific DNA-binding t...	30	9	8.06	0.4157	1	MF
GO:0000149	SNARE binding	23	7	6.18	0.4259	1	MF
GO:0140297	DNA-binding transcription factor binding	34	10	9.13	0.432	1	MF
GO:0060090	molecular adaptor activity	45	13	12.09	0.4347	1	MF
GO:0030674	protein-macromolecule adaptor activity	45	13	12.09	0.4347	1	MF
GO:0140101	catalytic activity, acting on a tRNA	16	5	4.3	0.4376	1	MF
GO:0008170	N-methyltransferase activity	16	5	4.3	0.4376	1	MF
GO:0016209	antioxidant activity	16	5	4.3	0.4376	1	MF
GO:0016758	hexosyltransferase activity	38	11	10.21	0.4464	1	MF
GO:0044390	ubiquitin-like protein conjugating enzym...	9	3	2.42	0.4516	1	MF
GO:0050997	quaternary ammonium group binding	9	3	2.42	0.4516	1	MF
GO:0016410	N-acyltransferase activity	9	3	2.42	0.4516	1	MF
GO:0005272	sodium channel activity	9	3	2.42	0.4516	1	MF
GO:0140358	P-type transmembrane transporter activit...	9	3	2.42	0.4516	1	MF
GO:1990841	promoter-specific chromatin binding	9	3	2.42	0.4516	1	MF
GO:0015662	P-type ion transporter activity	9	3	2.42	0.4516	1	MF
GO:0016279	protein-lysine N-methyltransferase activ...	9	3	2.42	0.4516	1	MF
GO:0051879	Hsp90 protein binding	9	3	2.42	0.4516	1	MF
GO:0008080	N-acetyltransferase activity	9	3	2.42	0.4516	1	MF
GO:0035091	phosphatidylinositol binding	42	12	11.28	0.4593	1	MF
GO:0019001	guanyl nucleotide binding	31	9	8.33	0.4598	1	MF
GO:0032561	guanyl ribonucleotide binding	31	9	8.33	0.4598	1	MF
GO:0008757	S-adenosylmethionine-dependent methyltra...	31	9	8.33	0.4598	1	MF
GO:0030234	enzyme regulator activity	164	45	44.06	0.4629	1	MF
GO:0005000	vasopressin receptor activity	2	1	0.54	0.4652	1	MF
GO:0016755	aminoacyltransferase activity	2	1	0.54	0.4652	1	MF
GO:0070566	adenylyltransferase activity	2	1	0.54	0.4652	1	MF
GO:0031893	vasopressin receptor binding	2	1	0.54	0.4652	1	MF
GO:0004861	cyclin-dependent protein serine/threonin...	2	1	0.54	0.4652	1	MF
GO:0004467	long-chain fatty acid-CoA ligase activit...	2	1	0.54	0.4652	1	MF
GO:0004864	protein phosphatase inhibitor activity	2	1	0.54	0.4652	1	MF
GO:0032093	SAM domain binding	2	1	0.54	0.4652	1	MF
GO:0016312	inositol bisphosphate phosphatase activi...	2	1	0.54	0.4652	1	MF
GO:0004016	adenylate cyclase activity	2	1	0.54	0.4652	1	MF
GO:0004812	aminoacyl-tRNA ligase activity	2	1	0.54	0.4652	1	MF
GO:0004445	inositol-polyphosphate 5-phosphatase act...	2	1	0.54	0.4652	1	MF
GO:0004033	aldo-keto reductase (NADP) activity	2	1	0.54	0.4652	1	MF
GO:1990760	osmolarity-sensing cation channel activi...	2	1	0.54	0.4652	1	MF
GO:0004439	phosphatidylinositol-4,5-bisphosphate 5-...	2	1	0.54	0.4652	1	MF
GO:0005123	death receptor binding	2	1	0.54	0.4652	1	MF
GO:0005522	profilin binding	2	1	0.54	0.4652	1	MF
GO:0004806	triglyceride lipase activity	2	1	0.54	0.4652	1	MF
GO:0047372	acylglycerol lipase activity	2	1	0.54	0.4652	1	MF
GO:0004809	tRNA (guanine-N2-)-methyltransferase act...	2	1	0.54	0.4652	1	MF
GO:0016496	substance P receptor activity	2	1	0.54	0.4652	1	MF
GO:0016497	substance K receptor activity	2	1	0.54	0.4652	1	MF
GO:0005549	odorant binding	2	1	0.54	0.4652	1	MF
GO:0008143	poly(A) binding	2	1	0.54	0.4652	1	MF
GO:0004566	beta-glucuronidase activity	2	1	0.54	0.4652	1	MF
GO:0019808	polyamine binding	2	1	0.54	0.4652	1	MF
GO:0016875	ligase activity, forming carbon-oxygen b...	2	1	0.54	0.4652	1	MF
GO:0010314	phosphatidylinositol-5-phosphate binding	2	1	0.54	0.4652	1	MF
GO:0016427	tRNA (cytosine) methyltransferase activi...	2	1	0.54	0.4652	1	MF
GO:0004185	serine-type carboxypeptidase activity	2	1	0.54	0.4652	1	MF
GO:0033192	calmodulin-dependent protein phosphatase...	2	1	0.54	0.4652	1	MF
GO:0004576	oligosaccharyl transferase activity	2	1	0.54	0.4652	1	MF
GO:0070628	proteasome binding	2	1	0.54	0.4652	1	MF
GO:0034594	phosphatidylinositol trisphosphate phosp...	2	1	0.54	0.4652	1	MF
GO:0031957	very long-chain fatty acid-CoA ligase ac...	2	1	0.54	0.4652	1	MF
GO:0044715	8-oxo-dGDP phosphatase activity	2	1	0.54	0.4652	1	MF
GO:0034596	phosphatidylinositol phosphate 4-phospha...	2	1	0.54	0.4652	1	MF
GO:0016434	rRNA (cytosine) methyltransferase activi...	2	1	0.54	0.4652	1	MF
GO:0047498	calcium-dependent phospholipase A2 activ...	2	1	0.54	0.4652	1	MF
GO:0042301	phosphate ion binding	2	1	0.54	0.4652	1	MF
GO:0004940	beta1-adrenergic receptor activity	2	1	0.54	0.4652	1	MF
GO:0004941	beta2-adrenergic receptor activity	2	1	0.54	0.4652	1	MF
GO:0044736	acid-sensing ion channel activity	2	1	0.54	0.4652	1	MF
GO:0004949	cannabinoid receptor activity	2	1	0.54	0.4652	1	MF
GO:0004939	beta-adrenergic receptor activity	2	1	0.54	0.4652	1	MF
GO:0034185	apolipoprotein binding	2	1	0.54	0.4652	1	MF
GO:0099583	neurotransmitter receptor activity invol...	2	1	0.54	0.4652	1	MF
GO:0052629	phosphatidylinositol-3,5-bisphosphate 3-...	2	1	0.54	0.4652	1	MF
GO:0046030	inositol trisphosphate phosphatase activ...	2	1	0.54	0.4652	1	MF
GO:0015556	C4-dicarboxylate transmembrane transport...	2	1	0.54	0.4652	1	MF
GO:0010852	cyclase inhibitor activity	2	1	0.54	0.4652	1	MF
GO:0010854	adenylate cyclase regulator activity	2	1	0.54	0.4652	1	MF
GO:0010855	adenylate cyclase inhibitor activity	2	1	0.54	0.4652	1	MF
GO:0010858	calcium-dependent protein kinase regulat...	2	1	0.54	0.4652	1	MF
GO:0099530	G protein-coupled receptor activity invo...	2	1	0.54	0.4652	1	MF
GO:0050664	oxidoreductase activity, acting on NAD(P...	2	1	0.54	0.4652	1	MF
GO:0030976	thiamine pyrophosphate binding	2	1	0.54	0.4652	1	MF
GO:0004652	polynucleotide adenylyltransferase activ...	2	1	0.54	0.4652	1	MF
GO:0015929	hexosaminidase activity	2	1	0.54	0.4652	1	MF
GO:0001640	adenylate cyclase inhibiting G protein-c...	2	1	0.54	0.4652	1	MF
GO:0043423	3-phosphoinositide-dependent protein kin...	2	1	0.54	0.4652	1	MF
GO:0001641	group II metabotropic glutamate receptor...	2	1	0.54	0.4652	1	MF
GO:0001642	group III metabotropic glutamate recepto...	2	1	0.54	0.4652	1	MF
GO:0090422	thiamine pyrophosphate transmembrane tra...	2	1	0.54	0.4652	1	MF
GO:0035240	dopamine binding	2	1	0.54	0.4652	1	MF
GO:0042030	ATPase inhibitor activity	2	1	0.54	0.4652	1	MF
GO:0004689	phosphorylase kinase activity	2	1	0.54	0.4652	1	MF
GO:0070325	lipoprotein particle receptor binding	2	1	0.54	0.4652	1	MF
GO:0001639	PLC activating G protein-coupled glutama...	2	1	0.54	0.4652	1	MF
GO:0030144	alpha-1,6-mannosylglycoprotein 6-beta-N-...	2	1	0.54	0.4652	1	MF
GO:0043035	chromatin insulator sequence binding	2	1	0.54	0.4652	1	MF
GO:0098988	G protein-coupled glutamate receptor act...	2	1	0.54	0.4652	1	MF
GO:0031687	A2A adenosine receptor binding	2	1	0.54	0.4652	1	MF
GO:1904399	heparan sulfate binding	2	1	0.54	0.4652	1	MF
GO:0004645	1,4-alpha-oligoglucan phosphorylase acti...	2	1	0.54	0.4652	1	MF
GO:0005343	organic acid:sodium symporter activity	2	1	0.54	0.4652	1	MF
GO:0019212	phosphatase inhibitor activity	2	1	0.54	0.4652	1	MF
GO:0043998	H2A histone acetyltransferase activity	2	1	0.54	0.4652	1	MF
GO:0004791	thioredoxin-disulfide reductase activity	2	1	0.54	0.4652	1	MF
GO:0031208	POZ domain binding	2	1	0.54	0.4652	1	MF
GO:0034647	histone H3-tri/di/monomethyl-lysine-4 de...	2	1	0.54	0.4652	1	MF
GO:0050750	low-density lipoprotein particle recepto...	2	1	0.54	0.4652	1	MF
GO:0015220	choline transmembrane transporter activi...	2	1	0.54	0.4652	1	MF
GO:0008332	low voltage-gated calcium channel activi...	2	1	0.54	0.4652	1	MF
GO:0004357	glutamate-cysteine ligase activity	2	1	0.54	0.4652	1	MF
GO:0016670	oxidoreductase activity, acting on a sul...	2	1	0.54	0.4652	1	MF
GO:0032795	heterotrimeric G-protein binding	2	1	0.54	0.4652	1	MF
GO:0005095	GTPase inhibitor activity	2	1	0.54	0.4652	1	MF
GO:0042134	rRNA primary transcript binding	2	1	0.54	0.4652	1	MF
GO:0015234	thiamine transmembrane transporter activ...	2	1	0.54	0.4652	1	MF
GO:0070016	armadillo repeat domain binding	2	1	0.54	0.4652	1	MF
GO:0031750	D3 dopamine receptor binding	2	1	0.54	0.4652	1	MF
GO:0031751	D4 dopamine receptor binding	2	1	0.54	0.4652	1	MF
GO:0043546	molybdopterin cofactor binding	2	1	0.54	0.4652	1	MF
GO:0005068	transmembrane receptor protein tyrosine ...	2	1	0.54	0.4652	1	MF
GO:0008097	5S rRNA binding	2	1	0.54	0.4652	1	MF
GO:0051021	GDP-dissociation inhibitor binding	2	1	0.54	0.4652	1	MF
GO:0031711	bradykinin receptor binding	2	1	0.54	0.4652	1	MF
GO:0031713	B2 bradykinin receptor binding	2	1	0.54	0.4652	1	MF
GO:0051010	microtubule plus-end binding	2	1	0.54	0.4652	1	MF
GO:0019784	deNEDDylase activity	2	1	0.54	0.4652	1	MF
GO:0070006	metalloaminopeptidase activity	2	1	0.54	0.4652	1	MF
GO:0008066	glutamate receptor activity	2	1	0.54	0.4652	1	MF
GO:0035497	cAMP response element binding	2	1	0.54	0.4652	1	MF
GO:0005416	amino acid:cation symporter activity	2	1	0.54	0.4652	1	MF
GO:0010698	acetyltransferase activator activity	2	1	0.54	0.4652	1	MF
GO:0097604	temperature-gated cation channel activit...	2	1	0.54	0.4652	1	MF
GO:0005034	osmosensor activity	2	1	0.54	0.4652	1	MF
GO:0005436	sodium:phosphate symporter activity	2	1	0.54	0.4652	1	MF
GO:0031701	angiotensin receptor binding	2	1	0.54	0.4652	1	MF
GO:0031702	type 1 angiotensin receptor binding	2	1	0.54	0.4652	1	MF
GO:0106018	phosphatidylinositol-3,5-bisphosphate ph...	2	1	0.54	0.4652	1	MF
GO:0106019	phosphatidylinositol-4,5-bisphosphate ph...	2	1	0.54	0.4652	1	MF
GO:0008427	calcium-dependent protein kinase inhibit...	2	1	0.54	0.4652	1	MF
GO:1990782	protein tyrosine kinase binding	13	4	3.49	0.4783	1	MF
GO:0005546	phosphatidylinositol-4,5-bisphosphate bi...	13	4	3.49	0.4783	1	MF
GO:0016830	carbon-carbon lyase activity	13	4	3.49	0.4783	1	MF
GO:0035254	glutamate receptor binding	13	4	3.49	0.4783	1	MF
GO:0030544	Hsp70 protein binding	13	4	3.49	0.4783	1	MF
GO:0033218	amide binding	50	14	13.43	0.4818	1	MF
GO:0003690	double-stranded DNA binding	139	38	37.34	0.4823	1	MF
GO:0046872	metal ion binding	169	46	45.4	0.4883	1	MF
GO:0140640	catalytic activity, acting on a nucleic ...	80	22	21.49	0.4919	1	MF
GO:0000978	RNA polymerase II cis-regulatory region ...	80	22	21.49	0.4919	1	MF
GO:0008528	G protein-coupled peptide receptor activ...	17	5	4.57	0.4975	1	MF
GO:0016810	hydrolase activity, acting on carbon-nit...	17	5	4.57	0.4975	1	MF
GO:0051213	dioxygenase activity	17	5	4.57	0.4975	1	MF
GO:0001653	peptide receptor activity	17	5	4.57	0.4975	1	MF
GO:0000976	transcription cis-regulatory region bind...	125	34	33.58	0.5012	1	MF
GO:1901981	phosphatidylinositol phosphate binding	32	9	8.6	0.5033	1	MF
GO:1990837	sequence-specific double-stranded DNA bi...	129	35	34.66	0.5073	1	MF
GO:0008417	fucosyltransferase activity	6	2	1.61	0.5099	1	MF
GO:0061778	intracellular chloride channel activity	6	2	1.61	0.5099	1	MF
GO:0140296	general transcription initiation factor ...	6	2	1.61	0.5099	1	MF
GO:0032451	demethylase activity	6	2	1.61	0.5099	1	MF
GO:0032036	myosin heavy chain binding	6	2	1.61	0.5099	1	MF
GO:0001965	G-protein alpha-subunit binding	6	2	1.61	0.5099	1	MF
GO:0008171	O-methyltransferase activity	6	2	1.61	0.5099	1	MF
GO:0045309	protein phosphorylated amino acid bindin...	6	2	1.61	0.5099	1	MF
GO:0017025	TBP-class protein binding	6	2	1.61	0.5099	1	MF
GO:0016831	carboxy-lyase activity	6	2	1.61	0.5099	1	MF
GO:0005221	intracellular cyclic nucleotide activate...	6	2	1.61	0.5099	1	MF
GO:0005229	intracellular calcium activated chloride...	6	2	1.61	0.5099	1	MF
GO:0043855	cyclic nucleotide-gated ion channel acti...	6	2	1.61	0.5099	1	MF
GO:0001223	transcription coactivator binding	6	2	1.61	0.5099	1	MF
GO:0032266	phosphatidylinositol-3-phosphate binding	6	2	1.61	0.5099	1	MF
GO:0051379	epinephrine binding	6	2	1.61	0.5099	1	MF
GO:0046920	alpha-(1->3)-fucosyltransferase activity	6	2	1.61	0.5099	1	MF
GO:1901338	catecholamine binding	6	2	1.61	0.5099	1	MF
GO:0016668	oxidoreductase activity, acting on a sul...	6	2	1.61	0.5099	1	MF
GO:0047134	protein-disulfide reductase (NAD(P)) act...	6	2	1.61	0.5099	1	MF
GO:0003755	peptidyl-prolyl cis-trans isomerase acti...	6	2	1.61	0.5099	1	MF
GO:0032794	GTPase activating protein binding	6	2	1.61	0.5099	1	MF
GO:0043531	ADP binding	6	2	1.61	0.5099	1	MF
GO:0004715	non-membrane spanning protein tyrosine k...	6	2	1.61	0.5099	1	MF
GO:0097603	temperature-gated ion channel activity	6	2	1.61	0.5099	1	MF
GO:0042803	protein homodimerization activity	208	56	55.88	0.5212	1	MF
GO:0015075	ion transmembrane transporter activity	165	53	44.33	0.5279	1	MF
GO:0019894	kinesin binding	10	3	2.69	0.5299	1	MF
GO:0043394	proteoglycan binding	10	3	2.69	0.5299	1	MF
GO:0008186	ATP-dependent activity, acting on RNA	10	3	2.69	0.5299	1	MF
GO:0016278	lysine N-methyltransferase activity	10	3	2.69	0.5299	1	MF
GO:0003724	RNA helicase activity	10	3	2.69	0.5299	1	MF
GO:0031406	carboxylic acid binding	29	8	7.79	0.5361	1	MF
GO:0043177	organic acid binding	29	8	7.79	0.5361	1	MF
GO:0097159	organic cyclic compound binding	485	130	130.29	0.5363	1	MF
GO:0005524	ATP binding	63	17	16.92	0.5407	1	MF
GO:0046332	SMAD binding	14	4	3.76	0.5438	1	MF
GO:0005217	intracellular ligand-gated ion channel a...	14	4	3.76	0.5438	1	MF
GO:0019905	syntaxin binding	14	4	3.76	0.5438	1	MF
GO:0061134	peptidase regulator activity	14	4	3.76	0.5438	1	MF
GO:0000987	cis-regulatory region sequence-specific ...	82	22	22.03	0.5466	1	MF
GO:0098772	molecular function regulator activity	211	56	56.68	0.574	1	MF
GO:0044877	protein-containing complex binding	170	45	45.67	0.58	1	MF
GO:0008289	lipid binding	103	27	27.67	0.6	1	MF
GO:0016787	hydrolase activity	315	88	84.62	0.6004	1	MF
GO:0140103	catalytic activity, acting on a glycopro...	7	2	1.88	0.6007	1	MF
GO:0009975	cyclase activity	7	2	1.88	0.6007	1	MF
GO:0140677	molecular function activator activity	7	2	1.88	0.6007	1	MF
GO:0005544	calcium-dependent phospholipid binding	7	2	1.88	0.6007	1	MF
GO:0015020	glucuronosyltransferase activity	7	2	1.88	0.6007	1	MF
GO:0016849	phosphorus-oxygen lyase activity	7	2	1.88	0.6007	1	MF
GO:0016405	CoA-ligase activity	7	2	1.88	0.6007	1	MF
GO:0005247	voltage-gated chloride channel activity	7	2	1.88	0.6007	1	MF
GO:0099528	G protein-coupled neurotransmitter recep...	7	2	1.88	0.6007	1	MF
GO:0001671	ATPase activator activity	7	2	1.88	0.6007	1	MF
GO:0031210	phosphatidylcholine binding	7	2	1.88	0.6007	1	MF
GO:0000217	DNA secondary structure binding	7	2	1.88	0.6007	1	MF
GO:0015278	calcium-release channel activity	7	2	1.88	0.6007	1	MF
GO:0008308	voltage-gated anion channel activity	7	2	1.88	0.6007	1	MF
GO:0004708	MAP kinase kinase activity	7	2	1.88	0.6007	1	MF
GO:0004497	monooxygenase activity	7	2	1.88	0.6007	1	MF
GO:0035035	histone acetyltransferase binding	11	3	2.96	0.6016	1	MF
GO:0005518	collagen binding	11	3	2.96	0.6016	1	MF
GO:0016879	ligase activity, forming carbon-nitrogen...	11	3	2.96	0.6016	1	MF
GO:1901682	sulfur compound transmembrane transporte...	11	3	2.96	0.6016	1	MF
GO:0008227	G protein-coupled amine receptor activit...	11	3	2.96	0.6016	1	MF
GO:0060590	ATPase regulator activity	11	3	2.96	0.6016	1	MF
GO:0004712	protein serine/threonine/tyrosine kinase...	11	3	2.96	0.6016	1	MF
GO:0090079	translation regulator activity, nucleic ...	15	4	4.03	0.6047	1	MF
GO:0004386	helicase activity	15	4	4.03	0.6047	1	MF
GO:0016887	ATP hydrolysis activity	69	18	18.54	0.6058	1	MF
GO:0044325	transmembrane transporter binding	19	5	5.1	0.6087	1	MF
GO:0008432	JUN kinase binding	3	1	0.81	0.6091	1	MF
GO:0043274	phospholipase binding	3	1	0.81	0.6091	1	MF
GO:0004457	lactate dehydrogenase activity	3	1	0.81	0.6091	1	MF
GO:0140102	catalytic activity, acting on a rRNA	3	1	0.81	0.6091	1	MF
GO:0004089	carbonate dehydratase activity	3	1	0.81	0.6091	1	MF
GO:0016722	oxidoreductase activity, acting on metal...	3	1	0.81	0.6091	1	MF
GO:0070576	vitamin D 24-hydroxylase activity	3	1	0.81	0.6091	1	MF
GO:0030342	1-alpha,25-dihydroxyvitamin D3 24-hydrox...	3	1	0.81	0.6091	1	MF
GO:0140299	small molecule sensor activity	3	1	0.81	0.6091	1	MF
GO:0004035	alkaline phosphatase activity	3	1	0.81	0.6091	1	MF
GO:0008190	eukaryotic initiation factor 4E binding	3	1	0.81	0.6091	1	MF
GO:0019869	chloride channel inhibitor activity	3	1	0.81	0.6091	1	MF
GO:0009931	calcium-dependent protein serine/threoni...	3	1	0.81	0.6091	1	MF
GO:0070905	serine binding	3	1	0.81	0.6091	1	MF
GO:0140272	exogenous protein binding	3	1	0.81	0.6091	1	MF
GO:0019825	oxygen binding	3	1	0.81	0.6091	1	MF
GO:0005545	1-phosphatidylinositol binding	3	1	0.81	0.6091	1	MF
GO:0034040	ATPase-coupled lipid transmembrane trans...	3	1	0.81	0.6091	1	MF
GO:0004190	aspartic-type endopeptidase activity	3	1	0.81	0.6091	1	MF
GO:0005502	11-cis retinal binding	3	1	0.81	0.6091	1	MF
GO:0031996	thioesterase binding	3	1	0.81	0.6091	1	MF
GO:0004181	metallocarboxypeptidase activity	3	1	0.81	0.6091	1	MF
GO:0003913	DNA photolyase activity	3	1	0.81	0.6091	1	MF
GO:0004526	ribonuclease P activity	3	1	0.81	0.6091	1	MF
GO:0034595	phosphatidylinositol phosphate 5-phospha...	3	1	0.81	0.6091	1	MF
GO:0008906	inosine kinase activity	3	1	0.81	0.6091	1	MF
GO:0016004	phospholipase activator activity	3	1	0.81	0.6091	1	MF
GO:0004935	adrenergic receptor activity	3	1	0.81	0.6091	1	MF
GO:0016805	dipeptidase activity	3	1	0.81	0.6091	1	MF
GO:0003904	deoxyribodipyrimidine photo-lyase activi...	3	1	0.81	0.6091	1	MF
GO:0050692	DNA binding domain binding	3	1	0.81	0.6091	1	MF
GO:0003696	satellite DNA binding	3	1	0.81	0.6091	1	MF
GO:0140318	protein transporter activity	3	1	0.81	0.6091	1	MF
GO:0048027	mRNA 5'-UTR binding	3	1	0.81	0.6091	1	MF
GO:0010857	calcium-dependent protein kinase activit...	3	1	0.81	0.6091	1	MF
GO:0031694	alpha-2A adrenergic receptor binding	3	1	0.81	0.6091	1	MF
GO:0008649	rRNA methyltransferase activity	3	1	0.81	0.6091	1	MF
GO:0001618	virus receptor activity	3	1	0.81	0.6091	1	MF
GO:0015925	galactosidase activity	3	1	0.81	0.6091	1	MF
GO:0008239	dipeptidyl-peptidase activity	3	1	0.81	0.6091	1	MF
GO:0015114	phosphate ion transmembrane transporter ...	3	1	0.81	0.6091	1	MF
GO:0042813	Wnt receptor activity	3	1	0.81	0.6091	1	MF
GO:0097157	pre-mRNA intronic binding	3	1	0.81	0.6091	1	MF
GO:0015142	tricarboxylic acid transmembrane transpo...	3	1	0.81	0.6091	1	MF
GO:0016918	retinal binding	3	1	0.81	0.6091	1	MF
GO:0070717	poly-purine tract binding	3	1	0.81	0.6091	1	MF
GO:0004611	phosphoenolpyruvate carboxykinase activi...	3	1	0.81	0.6091	1	MF
GO:0031685	adenosine receptor binding	3	1	0.81	0.6091	1	MF
GO:0004613	phosphoenolpyruvate carboxykinase (GTP) ...	3	1	0.81	0.6091	1	MF
GO:0051380	norepinephrine binding	3	1	0.81	0.6091	1	MF
GO:0071889	14-3-3 protein binding	3	1	0.81	0.6091	1	MF
GO:0046966	nuclear thyroid hormone receptor binding	3	1	0.81	0.6091	1	MF
GO:0005310	dicarboxylic acid transmembrane transpor...	3	1	0.81	0.6091	1	MF
GO:0019215	intermediate filament binding	3	1	0.81	0.6091	1	MF
GO:0042162	telomeric DNA binding	3	1	0.81	0.6091	1	MF
GO:0005338	nucleotide-sugar transmembrane transport...	3	1	0.81	0.6091	1	MF
GO:0008320	protein transmembrane transporter activi...	3	1	0.81	0.6091	1	MF
GO:0016661	oxidoreductase activity, acting on other...	3	1	0.81	0.6091	1	MF
GO:0140035	ubiquitination-like modification-depende...	3	1	0.81	0.6091	1	MF
GO:0140036	ubiquitin-dependent protein binding	3	1	0.81	0.6091	1	MF
GO:0022884	macromolecule transmembrane transporter ...	3	1	0.81	0.6091	1	MF
GO:0070064	proline-rich region binding	3	1	0.81	0.6091	1	MF
GO:0045505	dynein intermediate chain binding	3	1	0.81	0.6091	1	MF
GO:0030274	LIM domain binding	3	1	0.81	0.6091	1	MF
GO:0009881	photoreceptor activity	3	1	0.81	0.6091	1	MF
GO:0005092	GDP-dissociation inhibitor activity	3	1	0.81	0.6091	1	MF
GO:0015218	pyrimidine nucleotide transmembrane tran...	3	1	0.81	0.6091	1	MF
GO:0004385	guanylate kinase activity	3	1	0.81	0.6091	1	MF
GO:0051059	NF-kappaB binding	3	1	0.81	0.6091	1	MF
GO:0008093	cytoskeletal anchor activity	3	1	0.81	0.6091	1	MF
GO:1901474	azole transmembrane transporter activity	3	1	0.81	0.6091	1	MF
GO:0001091	RNA polymerase II general transcription ...	3	1	0.81	0.6091	1	MF
GO:0001094	TFIID-class transcription factor complex...	3	1	0.81	0.6091	1	MF
GO:0005078	MAP-kinase scaffold activity	3	1	0.81	0.6091	1	MF
GO:0070001	aspartic-type peptidase activity	3	1	0.81	0.6091	1	MF
GO:0005049	nuclear export signal receptor activity	3	1	0.81	0.6091	1	MF
GO:0060229	lipase activator activity	3	1	0.81	0.6091	1	MF
GO:0008020	G protein-coupled photoreceptor activity	3	1	0.81	0.6091	1	MF
GO:0140142	nucleocytoplasmic carrier activity	3	1	0.81	0.6091	1	MF
GO:0022853	active ion transmembrane transporter act...	50	13	13.43	0.61	1	MF
GO:0140030	modification-dependent protein binding	27	7	7.25	0.6173	1	MF
GO:0015399	primary active transmembrane transporter...	31	8	8.33	0.6217	1	MF
GO:0032555	purine ribonucleotide binding	104	27	27.94	0.6232	1	MF
GO:0016829	lyase activity	35	9	9.4	0.6259	1	MF
GO:0042802	identical protein binding	335	88	90	0.6314	1	MF
GO:1901363	heterocyclic compound binding	471	124	126.53	0.642	1	MF
GO:0017076	purine nucleotide binding	105	27	28.21	0.6458	1	MF
GO:0032553	ribonucleotide binding	105	27	28.21	0.6458	1	MF
GO:0038023	signaling receptor activity	116	34	31.16	0.6465	1	MF
GO:0005515	protein binding	1027	283	275.9	0.6479	1	MF
GO:0004674	protein serine/threonine kinase activity	67	17	18	0.6569	1	MF
GO:1902936	phosphatidylinositol bisphosphate bindin...	20	5	5.37	0.6587	1	MF
GO:0030246	carbohydrate binding	20	5	5.37	0.6587	1	MF
GO:0008017	microtubule binding	28	7	7.52	0.6595	1	MF
GO:0016874	ligase activity	28	7	7.52	0.6595	1	MF
GO:0002020	protease binding	16	4	4.3	0.6605	1	MF
GO:0004540	ribonuclease activity	16	4	4.3	0.6605	1	MF
GO:0045182	translation regulator activity	16	4	4.3	0.6605	1	MF
GO:0015293	symporter activity	16	4	4.3	0.6605	1	MF
GO:0015294	solute:cation symporter activity	16	4	4.3	0.6605	1	MF
GO:0003774	cytoskeletal motor activity	16	4	4.3	0.6605	1	MF
GO:0005096	GTPase activator activity	36	9	9.67	0.6631	1	MF
GO:0008135	translation factor activity, RNA binding	12	3	3.22	0.6656	1	MF
GO:0016877	ligase activity, forming carbon-sulfur b...	12	3	3.22	0.6656	1	MF
GO:0016757	glycosyltransferase activity	44	11	11.82	0.6677	1	MF
GO:0060089	molecular transducer activity	117	34	31.43	0.6683	1	MF
GO:0000977	RNA polymerase II transcription regulato...	118	30	31.7	0.6777	1	MF
GO:0008270	zinc ion binding	60	15	16.12	0.6781	1	MF
GO:0016859	cis-trans isomerase activity	8	2	2.15	0.6782	1	MF
GO:0016881	acid-amino acid ligase activity	8	2	2.15	0.6782	1	MF
GO:0016878	acid-thiol ligase activity	8	2	2.15	0.6782	1	MF
GO:1904680	peptide transmembrane transporter activi...	8	2	2.15	0.6782	1	MF
GO:0042887	amide transmembrane transporter activity	8	2	2.15	0.6782	1	MF
GO:0043022	ribosome binding	8	2	2.15	0.6782	1	MF
GO:0017134	fibroblast growth factor binding	8	2	2.15	0.6782	1	MF
GO:0099604	ligand-gated calcium channel activity	8	2	2.15	0.6782	1	MF
GO:0003743	translation initiation factor activity	8	2	2.15	0.6782	1	MF
GO:0015605	organophosphate ester transmembrane tran...	8	2	2.15	0.6782	1	MF
GO:0140657	ATP-dependent activity	76	19	20.42	0.6888	1	MF
GO:0042393	histone binding	37	9	9.94	0.698	1	MF
GO:0051015	actin filament binding	25	6	6.72	0.7007	1	MF
GO:0031491	nucleosome binding	4	1	1.07	0.7143	1	MF
GO:0004867	serine-type endopeptidase inhibitor acti...	4	1	1.07	0.7143	1	MF
GO:0004869	cysteine-type endopeptidase inhibitor ac...	4	1	1.07	0.7143	1	MF
GO:0003887	DNA-directed DNA polymerase activity	4	1	1.07	0.7143	1	MF
GO:0004879	nuclear receptor activity	4	1	1.07	0.7143	1	MF
GO:0030332	cyclin binding	4	1	1.07	0.7143	1	MF
GO:0032452	histone demethylase activity	4	1	1.07	0.7143	1	MF
GO:0032453	histone H3-methyl-lysine-4 demethylase a...	4	1	1.07	0.7143	1	MF
GO:0051959	dynein light intermediate chain binding	4	1	1.07	0.7143	1	MF
GO:0005154	epidermal growth factor receptor binding	4	1	1.07	0.7143	1	MF
GO:0034061	DNA polymerase activity	4	1	1.07	0.7143	1	MF
GO:0031434	mitogen-activated protein kinase kinase ...	4	1	1.07	0.7143	1	MF
GO:0035198	miRNA binding	4	1	1.07	0.7143	1	MF
GO:0016899	oxidoreductase activity, acting on the C...	4	1	1.07	0.7143	1	MF
GO:0001968	fibronectin binding	4	1	1.07	0.7143	1	MF
GO:0004560	alpha-L-fucosidase activity	4	1	1.07	0.7143	1	MF
GO:0043325	phosphatidylinositol-3,4-bisphosphate bi...	4	1	1.07	0.7143	1	MF
GO:0004549	tRNA-specific ribonuclease activity	4	1	1.07	0.7143	1	MF
GO:0000182	rDNA binding	4	1	1.07	0.7143	1	MF
GO:1901618	organic hydroxy compound transmembrane t...	4	1	1.07	0.7143	1	MF
GO:0000979	RNA polymerase II core promoter sequence...	4	1	1.07	0.7143	1	MF
GO:0061980	regulatory RNA binding	4	1	1.07	0.7143	1	MF
GO:0017162	aryl hydrocarbon receptor binding	4	1	1.07	0.7143	1	MF
GO:0008641	ubiquitin-like modifier activating enzym...	4	1	1.07	0.7143	1	MF
GO:0015111	iodide transmembrane transporter activit...	4	1	1.07	0.7143	1	MF
GO:0015928	fucosidase activity	4	1	1.07	0.7143	1	MF
GO:0031683	G-protein beta/gamma-subunit complex bin...	4	1	1.07	0.7143	1	MF
GO:0042806	fucose binding	4	1	1.07	0.7143	1	MF
GO:0070300	phosphatidic acid binding	4	1	1.07	0.7143	1	MF
GO:0140457	protein demethylase activity	4	1	1.07	0.7143	1	MF
GO:0098531	ligand-activated transcription factor ac...	4	1	1.07	0.7143	1	MF
GO:0008376	acetylgalactosaminyltransferase activity	4	1	1.07	0.7143	1	MF
GO:0034236	protein kinase A catalytic subunit bindi...	4	1	1.07	0.7143	1	MF
GO:0003785	actin monomer binding	4	1	1.07	0.7143	1	MF
GO:0043175	RNA polymerase core enzyme binding	4	1	1.07	0.7143	1	MF
GO:0015645	fatty acid ligase activity	4	1	1.07	0.7143	1	MF
GO:0070840	dynein complex binding	4	1	1.07	0.7143	1	MF
GO:0001098	basal transcription machinery binding	4	1	1.07	0.7143	1	MF
GO:0001099	basal RNA polymerase II transcription ma...	4	1	1.07	0.7143	1	MF
GO:0016208	AMP binding	4	1	1.07	0.7143	1	MF
GO:0005021	vascular endothelial growth factor recep...	4	1	1.07	0.7143	1	MF
GO:0070008	serine-type exopeptidase activity	4	1	1.07	0.7143	1	MF
GO:0097602	cullin family protein binding	4	1	1.07	0.7143	1	MF
GO:0016799	hydrolase activity, hydrolyzing N-glycos...	4	1	1.07	0.7143	1	MF
GO:0048029	monosaccharide binding	13	3	3.49	0.7218	1	MF
GO:0001221	transcription coregulator binding	13	3	3.49	0.7218	1	MF
GO:0030295	protein kinase activator activity	13	3	3.49	0.7218	1	MF
GO:0019209	kinase activator activity	13	3	3.49	0.7218	1	MF
GO:0070888	E-box binding	13	3	3.49	0.7218	1	MF
GO:0005543	phospholipid binding	70	17	18.81	0.733	1	MF
GO:0016740	transferase activity	332	85	89.19	0.7389	1	MF
GO:0005319	lipid transporter activity	26	6	6.98	0.7392	1	MF
GO:0008013	beta-catenin binding	9	2	2.42	0.7429	1	MF
GO:0097718	disordered domain specific binding	9	2	2.42	0.7429	1	MF
GO:0042056	chemoattractant activity	9	2	2.42	0.7429	1	MF
GO:0004222	metalloendopeptidase activity	9	2	2.42	0.7429	1	MF
GO:0016538	cyclin-dependent protein serine/threonin...	9	2	2.42	0.7429	1	MF
GO:0003725	double-stranded RNA binding	9	2	2.42	0.7429	1	MF
GO:0005484	SNAP receptor activity	9	2	2.42	0.7429	1	MF
GO:0019783	ubiquitin-like protein peptidase activit...	9	2	2.42	0.7429	1	MF
GO:0051018	protein kinase A binding	9	2	2.42	0.7429	1	MF
GO:0051019	mitogen-activated protein kinase binding	9	2	2.42	0.7429	1	MF
GO:0051020	GTPase binding	102	25	27.4	0.7449	1	MF
GO:0004930	G protein-coupled receptor activity	63	15	16.92	0.7551	1	MF
GO:0003697	single-stranded DNA binding	18	4	4.84	0.7551	1	MF
GO:0008237	metallopeptidase activity	18	4	4.84	0.7551	1	MF
GO:0005080	protein kinase C binding	18	4	4.84	0.7551	1	MF
GO:0003682	chromatin binding	87	21	23.37	0.7591	1	MF
GO:0016746	acyltransferase activity	31	7	8.33	0.768	1	MF
GO:0016853	isomerase activity	31	7	8.33	0.768	1	MF
GO:0047485	protein N-terminus binding	14	3	3.76	0.7703	1	MF
GO:0032559	adenyl ribonucleotide binding	76	18	20.42	0.7775	1	MF
GO:0046914	transition metal ion binding	88	21	23.64	0.7786	1	MF
GO:0036094	small molecule binding	182	45	48.89	0.7796	1	MF
GO:0017111	ribonucleoside triphosphate phosphatase ...	100	24	26.86	0.7808	1	MF
GO:0042626	ATPase-coupled transmembrane transporter...	23	5	6.18	0.7823	1	MF
GO:0050839	cell adhesion molecule binding	44	10	11.82	0.7851	1	MF
GO:0019706	protein-cysteine S-palmitoyltransferase ...	5	1	1.34	0.7912	1	MF
GO:0019707	protein-cysteine S-acyltransferase activ...	5	1	1.34	0.7912	1	MF
GO:0140104	molecular carrier activity	5	1	1.34	0.7912	1	MF
GO:1990381	ubiquitin-specific protease binding	5	1	1.34	0.7912	1	MF
GO:0005112	Notch binding	5	1	1.34	0.7912	1	MF
GO:0000049	tRNA binding	5	1	1.34	0.7912	1	MF
GO:0019840	isoprenoid binding	5	1	1.34	0.7912	1	MF
GO:0005536	glucose binding	5	1	1.34	0.7912	1	MF
GO:0005501	retinoid binding	5	1	1.34	0.7912	1	MF
GO:0003954	NADH dehydrogenase activity	5	1	1.34	0.7912	1	MF
GO:0003955	NAD(P)H dehydrogenase (quinone) activity	5	1	1.34	0.7912	1	MF
GO:0008137	NADH dehydrogenase (ubiquinone) activity	5	1	1.34	0.7912	1	MF
GO:0016417	S-acyltransferase activity	5	1	1.34	0.7912	1	MF
GO:0050145	nucleoside monophosphate kinase activity	5	1	1.34	0.7912	1	MF
GO:0050136	NADH dehydrogenase (quinone) activity	5	1	1.34	0.7912	1	MF
GO:0016409	palmitoyltransferase activity	5	1	1.34	0.7912	1	MF
GO:0001222	transcription corepressor binding	5	1	1.34	0.7912	1	MF
GO:0043015	gamma-tubulin binding	5	1	1.34	0.7912	1	MF
GO:0017128	phospholipid scramblase activity	5	1	1.34	0.7912	1	MF
GO:0015280	ligand-gated sodium channel activity	5	1	1.34	0.7912	1	MF
GO:1900750	oligopeptide binding	5	1	1.34	0.7912	1	MF
GO:0015215	nucleotide transmembrane transporter act...	5	1	1.34	0.7912	1	MF
GO:0004383	guanylate cyclase activity	5	1	1.34	0.7912	1	MF
GO:0003707	nuclear steroid receptor activity	5	1	1.34	0.7912	1	MF
GO:0016790	thiolester hydrolase activity	5	1	1.34	0.7912	1	MF
GO:0043295	glutathione binding	5	1	1.34	0.7912	1	MF
GO:0005048	signal sequence binding	5	1	1.34	0.7912	1	MF
GO:0016772	transferase activity, transferring phosp...	144	35	38.69	0.7929	1	MF
GO:0004866	endopeptidase inhibitor activity	10	2	2.69	0.7962	1	MF
GO:0016776	phosphotransferase activity, phosphate g...	10	2	2.69	0.7962	1	MF
GO:0008188	neuropeptide receptor activity	10	2	2.69	0.7962	1	MF
GO:0019003	GDP binding	10	2	2.69	0.7962	1	MF
GO:0030414	peptidase inhibitor activity	10	2	2.69	0.7962	1	MF
GO:0030971	receptor tyrosine kinase binding	10	2	2.69	0.7962	1	MF
GO:0061135	endopeptidase regulator activity	10	2	2.69	0.7962	1	MF
GO:0015932	nucleobase-containing compound transmemb...	10	2	2.69	0.7962	1	MF
GO:0003727	single-stranded RNA binding	10	2	2.69	0.7962	1	MF
GO:0008094	ATP-dependent activity, acting on DNA	10	2	2.69	0.7962	1	MF
GO:0030554	adenyl nucleotide binding	77	18	20.69	0.7972	1	MF
GO:0016462	pyrophosphatase activity	105	25	28.21	0.7987	1	MF
GO:0016817	hydrolase activity, acting on acid anhyd...	105	25	28.21	0.7987	1	MF
GO:0016818	hydrolase activity, acting on acid anhyd...	105	25	28.21	0.7987	1	MF
GO:0016747	acyltransferase activity, transferring g...	28	6	7.52	0.8052	1	MF
GO:0015078	proton transmembrane transporter activit...	15	3	4.03	0.8117	1	MF
GO:0016651	oxidoreductase activity, acting on NAD(P...	15	3	4.03	0.8117	1	MF
GO:0043021	ribonucleoprotein complex binding	20	4	5.37	0.8281	1	MF
GO:0008194	UDP-glycosyltransferase activity	29	6	7.79	0.833	1	MF
GO:0004888	transmembrane signaling receptor activit...	98	27	26.33	0.8342	1	MF
GO:0015267	channel activity	106	41	28.48	0.8347	1	MF
GO:0022803	passive transmembrane transporter activi...	106	41	28.48	0.8347	1	MF
GO:0015631	tubulin binding	42	9	11.28	0.8365	1	MF
GO:0016811	hydrolase activity, acting on carbon-nit...	11	2	2.96	0.8394	1	MF
GO:0004521	endoribonuclease activity	11	2	2.96	0.8394	1	MF
GO:0003684	damaged DNA binding	11	2	2.96	0.8394	1	MF
GO:0030145	manganese ion binding	11	2	2.96	0.8394	1	MF
GO:0016684	oxidoreductase activity, acting on perox...	11	2	2.96	0.8394	1	MF
GO:0015103	inorganic anion transmembrane transporte...	44	14	11.82	0.8415	1	MF
GO:0046983	protein dimerization activity	267	81	71.73	0.844	1	MF
GO:0016788	hydrolase activity, acting on ester bond...	109	31	29.28	0.8455	1	MF
GO:0031490	chromatin DNA binding	16	3	4.3	0.8466	1	MF
GO:0019838	growth factor binding	16	3	4.3	0.8466	1	MF
GO:0005109	frizzled binding	16	3	4.3	0.8466	1	MF
GO:0000099	sulfur amino acid transmembrane transpor...	6	1	1.61	0.8475	1	MF
GO:0043236	laminin binding	6	1	1.61	0.8475	1	MF
GO:0042605	peptide antigen binding	6	1	1.61	0.8475	1	MF
GO:0036002	pre-mRNA binding	6	1	1.61	0.8475	1	MF
GO:0043395	heparan sulfate proteoglycan binding	6	1	1.61	0.8475	1	MF
GO:0016891	endoribonuclease activity, producing 5'-...	6	1	1.61	0.8475	1	MF
GO:0004550	nucleoside diphosphate kinase activity	6	1	1.61	0.8475	1	MF
GO:0004112	cyclic-nucleotide phosphodiesterase acti...	6	1	1.61	0.8475	1	MF
GO:0004114	3',5'-cyclic-nucleotide phosphodiesteras...	6	1	1.61	0.8475	1	MF
GO:0048487	beta-tubulin binding	6	1	1.61	0.8475	1	MF
GO:0015184	L-cystine transmembrane transporter acti...	6	1	1.61	0.8475	1	MF
GO:0140303	intramembrane lipid transporter activity	6	1	1.61	0.8475	1	MF
GO:0047555	3',5'-cyclic-GMP phosphodiesterase activ...	6	1	1.61	0.8475	1	MF
GO:0030291	protein serine/threonine kinase inhibito...	6	1	1.61	0.8475	1	MF
GO:0004602	glutathione peroxidase activity	6	1	1.61	0.8475	1	MF
GO:0016655	oxidoreductase activity, acting on NAD(P...	6	1	1.61	0.8475	1	MF
GO:0022840	leak channel activity	6	1	1.61	0.8475	1	MF
GO:0022841	potassium ion leak channel activity	6	1	1.61	0.8475	1	MF
GO:0022842	narrow pore channel activity	6	1	1.61	0.8475	1	MF
GO:0022804	active transmembrane transporter activit...	72	16	19.34	0.8521	1	MF
GO:0016773	phosphotransferase activity, alcohol gro...	114	26	30.63	0.8695	1	MF
GO:0000287	magnesium ion binding	35	7	9.4	0.8703	1	MF
GO:0003824	catalytic activity	792	206	212.77	0.8717	1	MF
GO:0043621	protein self-association	12	2	3.22	0.8742	1	MF
GO:0005547	phosphatidylinositol-3,4,5-trisphosphate...	12	2	3.22	0.8742	1	MF
GO:0048306	calcium-dependent protein binding	12	2	3.22	0.8742	1	MF
GO:0071837	HMG box domain binding	12	2	3.22	0.8742	1	MF
GO:0019205	nucleobase-containing compound kinase ac...	12	2	3.22	0.8742	1	MF
GO:0019842	vitamin binding	17	3	4.57	0.8758	1	MF
GO:0017022	myosin binding	17	3	4.57	0.8758	1	MF
GO:0017171	serine hydrolase activity	22	4	5.91	0.882	1	MF
GO:0070851	growth factor receptor binding	22	4	5.91	0.882	1	MF
GO:0003779	actin binding	53	11	14.24	0.8824	1	MF
GO:0050840	extracellular matrix binding	7	1	1.88	0.8886	1	MF
GO:0004843	cysteine-type deubiquitinase activity	7	1	1.88	0.8886	1	MF
GO:0101005	deubiquitinase activity	7	1	1.88	0.8886	1	MF
GO:0031435	mitogen-activated protein kinase kinase ...	7	1	1.88	0.8886	1	MF
GO:0017069	snRNA binding	7	1	1.88	0.8886	1	MF
GO:0140359	ABC-type transporter activity	7	1	1.88	0.8886	1	MF
GO:0072349	modified amino acid transmembrane transp...	7	1	1.88	0.8886	1	MF
GO:0050699	WW domain binding	7	1	1.88	0.8886	1	MF
GO:0042054	histone methyltransferase activity	7	1	1.88	0.8886	1	MF
GO:0035255	ionotropic glutamate receptor binding	7	1	1.88	0.8886	1	MF
GO:0005200	structural constituent of cytoskeleton	7	1	1.88	0.8886	1	MF
GO:0031690	adrenergic receptor binding	7	1	1.88	0.8886	1	MF
GO:0003678	DNA helicase activity	7	1	1.88	0.8886	1	MF
GO:0033293	monocarboxylic acid binding	7	1	1.88	0.8886	1	MF
GO:0017147	Wnt-protein binding	7	1	1.88	0.8886	1	MF
GO:0008092	cytoskeletal protein binding	132	30	35.46	0.8895	1	MF
GO:1901265	nucleoside phosphate binding	124	28	33.31	0.8904	1	MF
GO:0000166	nucleotide binding	124	28	33.31	0.8904	1	MF
GO:0004672	protein kinase activity	96	21	25.79	0.8967	1	MF
GO:0031267	small GTPase binding	92	20	24.72	0.8982	1	MF
GO:0015291	secondary active transmembrane transport...	41	8	11.01	0.8983	1	MF
GO:0042826	histone deacetylase binding	18	3	4.84	0.8999	1	MF
GO:0015171	amino acid transmembrane transporter act...	13	2	3.49	0.9019	1	MF
GO:0015179	L-amino acid transmembrane transporter a...	13	2	3.49	0.9019	1	MF
GO:0003924	GTPase activity	28	5	7.52	0.908	1	MF
GO:0016893	endonuclease activity, active with eithe...	8	1	2.15	0.9186	1	MF
GO:1901505	carbohydrate derivative transmembrane tr...	8	1	2.15	0.9186	1	MF
GO:0090722	receptor-receptor interaction	8	1	2.15	0.9186	1	MF
GO:0036134	12-hydroxyheptadecatrienoic acid synthas...	8	1	2.15	0.9186	1	MF
GO:0016835	carbon-oxygen lyase activity	8	1	2.15	0.9186	1	MF
GO:0016836	hydro-lyase activity	8	1	2.15	0.9186	1	MF
GO:0019534	toxin transmembrane transporter activity	8	1	2.15	0.9186	1	MF
GO:0050681	nuclear androgen receptor binding	8	1	2.15	0.9186	1	MF
GO:0004796	thromboxane-A synthase activity	8	1	2.15	0.9186	1	MF
GO:0001786	phosphatidylserine binding	8	1	2.15	0.9186	1	MF
GO:0030276	clathrin binding	8	1	2.15	0.9186	1	MF
GO:0003777	microtubule motor activity	8	1	2.15	0.9186	1	MF
GO:0015245	fatty acid transmembrane transporter act...	8	1	2.15	0.9186	1	MF
GO:0016491	oxidoreductase activity	119	26	31.97	0.9193	1	MF
GO:0015101	organic cation transmembrane transporter...	14	2	3.76	0.9239	1	MF
GO:0020037	heme binding	14	2	3.76	0.9239	1	MF
GO:0097367	carbohydrate derivative binding	145	32	38.95	0.9297	1	MF
GO:0016301	kinase activity	125	27	33.58	0.9333	1	MF
GO:0004518	nuclease activity	25	4	6.72	0.9353	1	MF
GO:0009055	electron transfer activity	20	3	5.37	0.9359	1	MF
GO:0016765	transferase activity, transferring alkyl...	9	1	2.42	0.9406	1	MF
GO:0005125	cytokine activity	9	1	2.42	0.9406	1	MF
GO:0005507	copper ion binding	9	1	2.42	0.9406	1	MF
GO:0019955	cytokine binding	9	1	2.42	0.9406	1	MF
GO:0050660	flavin adenine dinucleotide binding	9	1	2.42	0.9406	1	MF
GO:0008374	O-acyltransferase activity	9	1	2.42	0.9406	1	MF
GO:0016628	oxidoreductase activity, acting on the C...	9	1	2.42	0.9406	1	MF
GO:0046906	tetrapyrrole binding	15	2	4.03	0.9411	1	MF
GO:0008509	anion transmembrane transporter activity	73	19	19.61	0.9412	1	MF
GO:0030695	GTPase regulator activity	80	16	21.49	0.9426	1	MF
GO:0043167	ion binding	383	91	102.89	0.9476	1	MF
GO:0005126	cytokine receptor binding	21	3	5.64	0.949	1	MF
GO:0008236	serine-type peptidase activity	21	3	5.64	0.949	1	MF
GO:0140097	catalytic activity, acting on DNA	36	6	9.67	0.9497	1	MF
GO:0060589	nucleoside-triphosphatase regulator acti...	90	18	24.18	0.9519	1	MF
GO:0004519	endonuclease activity	16	2	4.3	0.9546	1	MF
GO:0072341	modified amino acid binding	16	2	4.3	0.9546	1	MF
GO:0004252	serine-type endopeptidase activity	16	2	4.3	0.9546	1	MF
GO:0004601	peroxidase activity	10	1	2.69	0.9566	1	MF
GO:0004714	transmembrane receptor protein tyrosine ...	10	1	2.69	0.9566	1	MF
GO:0005215	transporter activity	219	64	58.83	0.962	1	MF
GO:0008519	ammonium transmembrane transporter activ...	17	2	4.57	0.9651	1	MF
GO:0017124	SH3 domain binding	17	2	4.57	0.9651	1	MF
GO:0016614	oxidoreductase activity, acting on CH-OH...	23	3	6.18	0.9681	1	MF
GO:0003823	antigen binding	11	1	2.96	0.9683	1	MF
GO:0031404	chloride ion binding	11	1	2.96	0.9683	1	MF
GO:0031593	polyubiquitin modification-dependent pro...	11	1	2.96	0.9683	1	MF
GO:0015175	neutral amino acid transmembrane transpo...	11	1	2.96	0.9683	1	MF
GO:0022857	transmembrane transporter activity	200	59	53.73	0.9718	1	MF
GO:0005342	organic acid transmembrane transporter a...	29	4	7.79	0.9725	1	MF
GO:0046943	carboxylic acid transmembrane transporte...	29	4	7.79	0.9725	1	MF
GO:0005488	binding	1319	345	354.35	0.9769	1	MF
GO:0019199	transmembrane receptor protein kinase ac...	12	1	3.22	0.9769	1	MF
GO:0008375	acetylglucosaminyltransferase activity	12	1	3.22	0.9769	1	MF
GO:0015651	quaternary ammonium group transmembrane ...	12	1	3.22	0.9769	1	MF
GO:0016627	oxidoreductase activity, acting on the C...	12	1	3.22	0.9769	1	MF
GO:0016616	oxidoreductase activity, acting on the C...	19	2	5.1	0.9796	1	MF
GO:0015297	antiporter activity	25	3	6.72	0.9803	1	MF
GO:0090482	vitamin transmembrane transporter activi...	13	1	3.49	0.9831	1	MF
GO:0046934	phosphatidylinositol-4,5-bisphosphate 3-...	13	1	3.49	0.9831	1	MF
GO:0052813	phosphatidylinositol bisphosphate kinase...	13	1	3.49	0.9831	1	MF
GO:0008028	monocarboxylic acid transmembrane transp...	13	1	3.49	0.9831	1	MF
GO:0004713	protein tyrosine kinase activity	26	3	6.98	0.9846	1	MF
GO:0001227	DNA-binding transcription repressor acti...	37	5	9.94	0.9849	1	MF
GO:0001217	DNA-binding transcription repressor acti...	37	5	9.94	0.9849	1	MF
GO:0043168	anion binding	252	54	67.7	0.9866	1	MF
GO:0035004	phosphatidylinositol 3-kinase activity	14	1	3.76	0.9877	1	MF
GO:0016303	1-phosphatidylinositol-3-kinase activity	14	1	3.76	0.9877	1	MF
GO:0052742	phosphatidylinositol kinase activity	14	1	3.76	0.9877	1	MF
GO:0048018	receptor ligand activity	28	3	7.52	0.9906	1	MF
GO:0030546	signaling receptor activator activity	28	3	7.52	0.9906	1	MF
GO:0008514	organic anion transmembrane transporter ...	40	5	10.75	0.9922	1	MF
GO:0030545	signaling receptor regulator activity	29	3	7.79	0.9927	1	MF
GO:0005085	guanyl-nucleotide exchange factor activi...	41	5	11.01	0.9938	1	MF
GO:0005539	glycosaminoglycan binding	24	2	6.45	0.9948	1	MF
GO:1901681	sulfur compound binding	39	4	10.48	0.9974	1	MF
GO:0008201	heparin binding	19	1	5.1	0.9975	1	MF
GO:0003674	molecular_function	1783	479	479	1	1	MF
GO:0016917	GABA receptor activity	10	7	2.69	1	1	MF
GO:0022836	gated channel activity	70	33	18.81	1	1	MF
GO:0005783	endoplasmic reticulum	256	90	68.57	0.00097	1	CC
GO:0032809	neuronal cell body membrane	23	13	6.16	0.00232	1	CC
GO:0098802	plasma membrane signaling receptor compl...	16	10	4.29	0.00278	1	CC
GO:0005844	polysome	14	9	3.75	0.0035	1	CC
GO:0034704	calcium channel complex	8	6	2.14	0.00605	1	CC
GO:0030673	axolemma	6	5	1.61	0.00635	1	CC
GO:0098793	presynapse	103	39	27.59	0.00761	1	CC
GO:0032589	neuron projection membrane	27	16	7.23	0.01022	1	CC
GO:0140534	endoplasmic reticulum protein-containing...	21	11	5.62	0.01076	1	CC
GO:0031300	intrinsic component of organelle membran...	68	27	18.21	0.0125	1	CC
GO:0030425	dendrite	139	49	37.23	0.01412	1	CC
GO:0022625	cytosolic large ribosomal subunit	14	8	3.75	0.01554	1	CC
GO:0031301	integral component of organelle membrane	66	26	17.68	0.01581	1	CC
GO:0098794	postsynapse	88	33	23.57	0.01597	1	CC
GO:0097447	dendritic tree	140	49	37.5	0.01632	1	CC
GO:0005892	acetylcholine-gated channel complex	3	3	0.8	0.01914	1	CC
GO:0032156	septin cytoskeleton	3	3	0.8	0.01914	1	CC
GO:0035976	transcription factor AP-1 complex	3	3	0.8	0.01914	1	CC
GO:0042383	sarcolemma	28	13	7.5	0.01936	1	CC
GO:0005891	voltage-gated calcium channel complex	5	4	1.34	0.02008	1	CC
GO:0070382	exocytic vesicle	58	23	15.54	0.02077	1	CC
GO:0044309	neuron spine	46	19	12.32	0.02176	1	CC
GO:0043197	dendritic spine	46	19	12.32	0.02176	1	CC
GO:0045211	postsynaptic membrane	43	18	11.52	0.02178	1	CC
GO:0005829	cytosol	704	208	188.57	0.02262	1	CC
GO:0098827	endoplasmic reticulum subcompartment	136	47	36.43	0.02351	1	CC
GO:0034702	ion channel complex	37	19	9.91	0.0252	1	CC
GO:0031256	leading edge membrane	41	20	10.98	0.02637	1	CC
GO:0005793	endoplasmic reticulum-Golgi intermediate...	10	6	2.68	0.02731	1	CC
GO:0045111	intermediate filament cytoskeleton	10	6	2.68	0.02731	1	CC
GO:0030176	integral component of endoplasmic reticu...	32	14	8.57	0.02748	1	CC
GO:0031227	intrinsic component of endoplasmic retic...	35	15	9.37	0.02792	1	CC
GO:0042175	nuclear outer membrane-endoplasmic retic...	134	46	35.89	0.02811	1	CC
GO:0098797	plasma membrane protein complex	64	29	17.14	0.03115	1	CC
GO:0005789	endoplasmic reticulum membrane	132	45	35.36	0.0335	1	CC
GO:0008287	protein serine/threonine phosphatase com...	13	7	3.48	0.03453	1	CC
GO:1903293	phosphatase complex	13	7	3.48	0.03453	1	CC
GO:0098562	cytoplasmic side of membrane	48	19	12.86	0.03473	1	CC
GO:0005788	endoplasmic reticulum lumen	42	17	11.25	0.03587	1	CC
GO:0010494	cytoplasmic stress granule	8	5	2.14	0.03614	1	CC
GO:0031984	organelle subcompartment	244	77	65.35	0.04409	1	CC
GO:0034705	potassium channel complex	11	6	2.95	0.04674	1	CC
GO:0008076	voltage-gated potassium channel complex	11	6	2.95	0.04674	1	CC
GO:0097440	apical dendrite	6	4	1.61	0.04755	1	CC
GO:0042788	polysomal ribosome	6	4	1.61	0.04755	1	CC
GO:0000407	phagophore assembly site	6	4	1.61	0.04755	1	CC
GO:0097060	synaptic membrane	59	22	15.8	0.04773	1	CC
GO:0098796	membrane protein complex	134	53	35.89	0.04801	1	CC
GO:0031226	intrinsic component of plasma membrane	221	70	59.19	0.0499	1	CC
GO:0005622	intracellular anatomical structure	1772	487	474.63	0.05262	1	CC
GO:1905368	peptidase complex	14	7	3.75	0.05351	1	CC
GO:1902495	transmembrane transporter complex	46	21	12.32	0.05541	1	CC
GO:0032279	asymmetric synapse	44	17	11.79	0.05585	1	CC
GO:0005887	integral component of plasma membrane	212	67	56.78	0.05692	1	CC
GO:0031594	neuromuscular junction	41	16	10.98	0.05734	1	CC
GO:0015934	large ribosomal subunit	17	8	4.55	0.05772	1	CC
GO:0031234	extrinsic component of cytoplasmic side ...	20	9	5.36	0.06018	1	CC
GO:0019897	extrinsic component of plasma membrane	32	13	8.57	0.06092	1	CC
GO:0030424	axon	137	48	36.7	0.06111	1	CC
GO:0000164	protein phosphatase type 1 complex	4	3	1.07	0.06123	1	CC
GO:0090665	glycoprotein complex	4	3	1.07	0.06123	1	CC
GO:0016010	dystrophin-associated glycoprotein compl...	4	3	1.07	0.06123	1	CC
GO:0098576	lumenal side of membrane	4	3	1.07	0.06123	1	CC
GO:0032591	dendritic spine membrane	4	3	1.07	0.06123	1	CC
GO:0099501	exocytic vesicle membrane	23	10	6.16	0.06142	1	CC
GO:0030658	transport vesicle membrane	29	12	7.77	0.06159	1	CC
GO:0090575	RNA polymerase II transcription regulato...	29	12	7.77	0.06159	1	CC
GO:0097517	contractile actin filament bundle	9	5	2.41	0.06374	1	CC
GO:0001725	stress fiber	9	5	2.41	0.06374	1	CC
GO:0032580	Golgi cisterna membrane	9	5	2.41	0.06374	1	CC
GO:0098984	neuron to neuron synapse	45	17	12.05	0.0683	1	CC
GO:1990351	transporter complex	47	21	12.59	0.06881	1	CC
GO:0009898	cytoplasmic side of plasma membrane	42	16	11.25	0.07056	1	CC
GO:0031224	intrinsic component of membrane	381	117	102.05	0.07113	1	CC
GO:0008328	ionotropic glutamate receptor complex	2	2	0.54	0.07164	1	CC
GO:0071458	integral component of cytoplasmic side o...	2	2	0.54	0.07164	1	CC
GO:0032437	cuticular plate	2	2	0.54	0.07164	1	CC
GO:0032994	protein-lipid complex	2	2	0.54	0.07164	1	CC
GO:1990752	microtubule end	2	2	0.54	0.07164	1	CC
GO:0098878	neurotransmitter receptor complex	2	2	0.54	0.07164	1	CC
GO:0016011	dystroglycan complex	2	2	0.54	0.07164	1	CC
GO:0016012	sarcoglycan complex	2	2	0.54	0.07164	1	CC
GO:0031673	H zone	2	2	0.54	0.07164	1	CC
GO:0030289	protein phosphatase 4 complex	2	2	0.54	0.07164	1	CC
GO:0097136	Bcl-2 family protein complex	2	2	0.54	0.07164	1	CC
GO:0035371	microtubule plus-end	2	2	0.54	0.07164	1	CC
GO:0035253	ciliary rootlet	2	2	0.54	0.07164	1	CC
GO:0014069	postsynaptic density	39	15	10.45	0.07278	1	CC
GO:0032991	protein-containing complex	708	213	189.64	0.0762	1	CC
GO:0016021	integral component of membrane	368	113	98.57	0.07829	1	CC
GO:0019867	outer membrane	30	12	8.04	0.07865	1	CC
GO:0031968	organelle outer membrane	30	12	8.04	0.07865	1	CC
GO:0031252	cell leading edge	85	32	22.77	0.07972	1	CC
GO:0043198	dendritic shaft	18	8	4.82	0.08037	1	CC
GO:0022626	cytosolic ribosome	24	10	6.43	0.08101	1	CC
GO:0008021	synaptic vesicle	46	17	12.32	0.08249	1	CC
GO:0043005	neuron projection	252	80	67.5	0.08295	1	CC
GO:0030426	growth cone	43	16	11.52	0.08567	1	CC
GO:0005840	ribosome	34	13	9.11	0.09531	1	CC
GO:0030427	site of polarized growth	47	17	12.59	0.09847	1	CC
GO:0034703	cation channel complex	33	16	8.84	0.09984	1	CC
GO:1905369	endopeptidase complex	10	5	2.68	0.10017	1	CC
GO:0005801	cis-Golgi network	10	5	2.68	0.10017	1	CC
GO:0005737	cytoplasm	1462	409	391.59	0.10149	1	CC
GO:0098588	bounding membrane of organelle	276	83	73.93	0.10525	1	CC
GO:0030672	synaptic vesicle membrane	22	9	5.89	0.10618	1	CC
GO:0030285	integral component of synaptic vesicle m...	16	7	4.29	0.1077	1	CC
GO:0098563	intrinsic component of synaptic vesicle ...	16	7	4.29	0.1077	1	CC
GO:0000776	kinetochore	16	7	4.29	0.1077	1	CC
GO:0043025	neuronal cell body	140	50	37.5	0.11526	1	CC
GO:0008023	transcription elongation factor complex	5	3	1.34	0.12296	1	CC
GO:0005882	intermediate filament	5	3	1.34	0.12296	1	CC
GO:0098839	postsynaptic density membrane	5	3	1.34	0.12296	1	CC
GO:0098554	cytoplasmic side of endoplasmic reticulu...	5	3	1.34	0.12296	1	CC
GO:0099634	postsynaptic specialization membrane	5	3	1.34	0.12296	1	CC
GO:0015030	Cajal body	5	3	1.34	0.12296	1	CC
GO:0044295	axonal growth cone	5	3	1.34	0.12296	1	CC
GO:0000139	Golgi membrane	106	34	28.39	0.12559	1	CC
GO:0005741	mitochondrial outer membrane	29	11	7.77	0.12567	1	CC
GO:0098791	Golgi apparatus subcompartment	134	42	35.89	0.12925	1	CC
GO:0030133	transport vesicle	79	26	21.16	0.13103	1	CC
GO:0000502	proteasome complex	8	4	2.14	0.13953	1	CC
GO:0032432	actin filament bundle	11	5	2.95	0.1447	1	CC
GO:0045171	intercellular bridge	14	6	3.75	0.14492	1	CC
GO:0036477	somatodendritic compartment	189	63	50.62	0.15072	1	CC
GO:0035770	ribonucleoprotein granule	30	11	8.04	0.1529	1	CC
GO:0005667	transcription regulator complex	77	25	20.62	0.15449	1	CC
GO:0019898	extrinsic component of membrane	50	17	13.39	0.15724	1	CC
GO:0043231	intracellular membrane-bounded organelle	1427	398	382.22	0.15798	1	CC
GO:0044391	ribosomal subunit	27	10	7.23	0.15999	1	CC
GO:0000775	chromosome, centromeric region	24	9	6.43	0.16732	1	CC
GO:0099572	postsynaptic specialization	44	15	11.79	0.17401	1	CC
GO:0043226	organelle	1589	438	425.61	0.17429	1	CC
GO:0005697	telomerase holoenzyme complex	3	2	0.8	0.17666	1	CC
GO:0097539	ciliary transition fiber	3	2	0.8	0.17666	1	CC
GO:0045180	basal cortex	3	2	0.8	0.17666	1	CC
GO:0008278	cohesin complex	3	2	0.8	0.17666	1	CC
GO:0031306	intrinsic component of mitochondrial out...	3	2	0.8	0.17666	1	CC
GO:0031307	integral component of mitochondrial oute...	3	2	0.8	0.17666	1	CC
GO:0036194	muscle cell projection	3	2	0.8	0.17666	1	CC
GO:0036195	muscle cell projection membrane	3	2	0.8	0.17666	1	CC
GO:0005955	calcineurin complex	3	2	0.8	0.17666	1	CC
GO:0016027	inaD signaling complex	3	2	0.8	0.17666	1	CC
GO:0009295	nucleoid	3	2	0.8	0.17666	1	CC
GO:0005839	proteasome core complex	3	2	0.8	0.17666	1	CC
GO:0098553	lumenal side of endoplasmic reticulum me...	3	2	0.8	0.17666	1	CC
GO:0031904	endosome lumen	3	2	0.8	0.17666	1	CC
GO:0031093	platelet alpha granule lumen	3	2	0.8	0.17666	1	CC
GO:0032593	insulin-responsive compartment	3	2	0.8	0.17666	1	CC
GO:0071556	integral component of lumenal side of en...	3	2	0.8	0.17666	1	CC
GO:0101003	ficolin-1-rich granule membrane	3	2	0.8	0.17666	1	CC
GO:1904115	axon cytoplasm	3	2	0.8	0.17666	1	CC
GO:0042645	mitochondrial nucleoid	3	2	0.8	0.17666	1	CC
GO:0120025	plasma membrane bounded cell projection	376	111	100.71	0.17899	1	CC
GO:0043229	intracellular organelle	1554	429	416.24	0.18372	1	CC
GO:0000123	histone acetyltransferase complex	15	6	4.02	0.1896	1	CC
GO:0036464	cytoplasmic ribonucleoprotein granule	28	10	7.5	0.19255	1	CC
GO:0042995	cell projection	378	111	101.25	0.19802	1	CC
GO:0099055	integral component of postsynaptic membr...	6	3	1.61	0.19836	1	CC
GO:0070938	contractile ring	6	3	1.61	0.19836	1	CC
GO:0031312	extrinsic component of organelle membran...	6	3	1.61	0.19836	1	CC
GO:0045169	fusome	6	3	1.61	0.19836	1	CC
GO:0031528	microvillus membrane	6	3	1.61	0.19836	1	CC
GO:0097449	astrocyte projection	6	3	1.61	0.19836	1	CC
GO:0098936	intrinsic component of postsynaptic memb...	6	3	1.61	0.19836	1	CC
GO:0090734	site of DNA damage	6	3	1.61	0.19836	1	CC
GO:0002080	acrosomal membrane	6	3	1.61	0.19836	1	CC
GO:0035861	site of double-strand break	6	3	1.61	0.19836	1	CC
GO:0097386	glial cell projection	6	3	1.61	0.19836	1	CC
GO:0036452	ESCRT complex	6	3	1.61	0.19836	1	CC
GO:0005790	smooth endoplasmic reticulum	9	4	2.41	0.20017	1	CC
GO:0016028	rhabdomere	9	4	2.41	0.20017	1	CC
GO:0005881	cytoplasmic microtubule	9	4	2.41	0.20017	1	CC
GO:0031253	cell projection membrane	86	30	23.03	0.20188	1	CC
GO:0016604	nuclear body	97	30	25.98	0.20255	1	CC
GO:0098552	side of membrane	90	28	24.11	0.20262	1	CC
GO:0031985	Golgi cisterna	25	9	6.7	0.20292	1	CC
GO:0005730	nucleolus	155	46	41.52	0.22424	1	CC
GO:0099503	secretory vesicle	155	46	41.52	0.22424	1	CC
GO:0005791	rough endoplasmic reticulum	19	7	5.09	0.22595	1	CC
GO:0043204	perikaryon	19	7	5.09	0.22595	1	CC
GO:0005902	microvillus	19	7	5.09	0.22595	1	CC
GO:0031090	organelle membrane	431	122	115.44	0.22737	1	CC
GO:0031248	protein acetyltransferase complex	16	6	4.29	0.23874	1	CC
GO:0016591	RNA polymerase II, holoenzyme	16	6	4.29	0.23874	1	CC
GO:1902493	acetyltransferase complex	16	6	4.29	0.23874	1	CC
GO:0098687	chromosomal region	43	14	11.52	0.2409	1	CC
GO:0098858	actin-based cell projection	43	14	11.52	0.2409	1	CC
GO:0045202	synapse	190	65	50.89	0.24488	1	CC
GO:0043227	membrane-bounded organelle	1485	410	397.75	0.24563	1	CC
GO:0005795	Golgi stack	33	11	8.84	0.24992	1	CC
GO:0030055	cell-substrate junction	33	11	8.84	0.24992	1	CC
GO:0005923	bicellular tight junction	13	5	3.48	0.25242	1	CC
GO:0042641	actomyosin	13	5	3.48	0.25242	1	CC
GO:0099080	supramolecular complex	146	43	39.11	0.25262	1	CC
GO:0048786	presynaptic active zone	23	8	6.16	0.25621	1	CC
GO:0150034	distal axon	75	23	20.09	0.25721	1	CC
GO:0016607	nuclear speck	47	15	12.59	0.25742	1	CC
GO:0032590	dendrite membrane	10	4	2.68	0.26684	1	CC
GO:0070939	Dsl1/NZR complex	1	1	0.27	0.26785	1	CC
GO:0032541	cortical endoplasmic reticulum	1	1	0.27	0.26785	1	CC
GO:0008385	IkappaB kinase complex	1	1	0.27	0.26785	1	CC
GO:0031592	centrosomal corona	1	1	0.27	0.26785	1	CC
GO:0019774	proteasome core complex, beta-subunit co...	1	1	0.27	0.26785	1	CC
GO:0070852	cell body fiber	1	1	0.27	0.26785	1	CC
GO:0031597	cytosolic proteasome complex	1	1	0.27	0.26785	1	CC
GO:0097208	alveolar lamellar body	1	1	0.27	0.26785	1	CC
GO:0005751	mitochondrial respiratory chain complex ...	1	1	0.27	0.26785	1	CC
GO:0030981	cortical microtubule cytoskeleton	1	1	0.27	0.26785	1	CC
GO:0017146	NMDA selective glutamate receptor comple...	1	1	0.27	0.26785	1	CC
GO:0005784	Sec61 translocon complex	1	1	0.27	0.26785	1	CC
GO:0005787	signal peptidase complex	1	1	0.27	0.26785	1	CC
GO:0097450	astrocyte end-foot	1	1	0.27	0.26785	1	CC
GO:0097451	glial limiting end-foot	1	1	0.27	0.26785	1	CC
GO:0005779	integral component of peroxisomal membra...	1	1	0.27	0.26785	1	CC
GO:0098733	hemidesmosome associated protein complex	1	1	0.27	0.26785	1	CC
GO:0090533	cation-transporting ATPase complex	1	1	0.27	0.26785	1	CC
GO:0090534	calcium ion-transporting ATPase complex	1	1	0.27	0.26785	1	CC
GO:0005726	perichromatin fibrils	1	1	0.27	0.26785	1	CC
GO:0070847	core mediator complex	1	1	0.27	0.26785	1	CC
GO:0030915	Smc5-Smc6 complex	1	1	0.27	0.26785	1	CC
GO:0030893	meiotic cohesin complex	1	1	0.27	0.26785	1	CC
GO:0044207	translation initiation ternary complex	1	1	0.27	0.26785	1	CC
GO:0031231	intrinsic component of peroxisomal membr...	1	1	0.27	0.26785	1	CC
GO:0000813	ESCRT I complex	1	1	0.27	0.26785	1	CC
GO:0097470	ribbon synapse	1	1	0.27	0.26785	1	CC
GO:0017101	aminoacyl-tRNA synthetase multienzyme co...	1	1	0.27	0.26785	1	CC
GO:0061802	anterior cell cortex	1	1	0.27	0.26785	1	CC
GO:0042824	MHC class I peptide loading complex	1	1	0.27	0.26785	1	CC
GO:0042825	TAP complex	1	1	0.27	0.26785	1	CC
GO:0014801	longitudinal sarcoplasmic reticulum	1	1	0.27	0.26785	1	CC
GO:1990452	Parkin-FBXW7-Cul1 ubiquitin ligase compl...	1	1	0.27	0.26785	1	CC
GO:1990454	L-type voltage-gated calcium channel com...	1	1	0.27	0.26785	1	CC
GO:0045095	keratin filament	1	1	0.27	0.26785	1	CC
GO:0005673	transcription factor TFIIE complex	1	1	0.27	0.26785	1	CC
GO:0005675	transcription factor TFIIH holo complex	1	1	0.27	0.26785	1	CC
GO:0005677	chromatin silencing complex	1	1	0.27	0.26785	1	CC
GO:0009941	chloroplast envelope	1	1	0.27	0.26785	1	CC
GO:0016938	kinesin I complex	1	1	0.27	0.26785	1	CC
GO:0005967	mitochondrial pyruvate dehydrogenase com...	1	1	0.27	0.26785	1	CC
GO:0043220	Schmidt-Lanterman incisure	1	1	0.27	0.26785	1	CC
GO:0070381	endosome to plasma membrane transport ve...	1	1	0.27	0.26785	1	CC
GO:0043218	compact myelin	1	1	0.27	0.26785	1	CC
GO:0008540	proteasome regulatory particle, base sub...	1	1	0.27	0.26785	1	CC
GO:0030904	retromer complex	1	1	0.27	0.26785	1	CC
GO:0030906	retromer, cargo-selective complex	1	1	0.27	0.26785	1	CC
GO:0005640	nuclear outer membrane	1	1	0.27	0.26785	1	CC
GO:0034363	intermediate-density lipoprotein particl...	1	1	0.27	0.26785	1	CC
GO:0034364	high-density lipoprotein particle	1	1	0.27	0.26785	1	CC
GO:1990780	cytoplasmic side of dendritic spine plas...	1	1	0.27	0.26785	1	CC
GO:0034358	plasma lipoprotein particle	1	1	0.27	0.26785	1	CC
GO:1990777	lipoprotein particle	1	1	0.27	0.26785	1	CC
GO:0034385	triglyceride-rich plasma lipoprotein par...	1	1	0.27	0.26785	1	CC
GO:0034388	Pwp2p-containing subcomplex of 90S preri...	1	1	0.27	0.26785	1	CC
GO:0034045	phagophore assembly site membrane	1	1	0.27	0.26785	1	CC
GO:0030061	mitochondrial crista	1	1	0.27	0.26785	1	CC
GO:0035996	rhabdomere microvillus	1	1	0.27	0.26785	1	CC
GO:0035997	rhabdomere microvillus membrane	1	1	0.27	0.26785	1	CC
GO:0090661	box H/ACA telomerase RNP complex	1	1	0.27	0.26785	1	CC
GO:0097732	9+2 non-motile cilium	1	1	0.27	0.26785	1	CC
GO:0106068	SUMO ligase complex	1	1	0.27	0.26785	1	CC
GO:0005940	septin ring	1	1	0.27	0.26785	1	CC
GO:0005899	insulin receptor complex	1	1	0.27	0.26785	1	CC
GO:0030057	desmosome	1	1	0.27	0.26785	1	CC
GO:1904511	cytoplasmic microtubule plus-end	1	1	0.27	0.26785	1	CC
GO:0002116	semaphorin receptor complex	1	1	0.27	0.26785	1	CC
GO:0031429	box H/ACA snoRNP complex	1	1	0.27	0.26785	1	CC
GO:1905862	ferroxidase complex	1	1	0.27	0.26785	1	CC
GO:0002133	polycystin complex	1	1	0.27	0.26785	1	CC
GO:0032160	septin filament array	1	1	0.27	0.26785	1	CC
GO:0019814	immunoglobulin complex	1	1	0.27	0.26785	1	CC
GO:0019815	B cell receptor complex	1	1	0.27	0.26785	1	CC
GO:0097636	intrinsic component of autophagosome mem...	1	1	0.27	0.26785	1	CC
GO:0097637	integral component of autophagosome memb...	1	1	0.27	0.26785	1	CC
GO:0055028	cortical microtubule	1	1	0.27	0.26785	1	CC
GO:0033106	cis-Golgi network membrane	1	1	0.27	0.26785	1	CC
GO:0030014	CCR4-NOT complex	1	1	0.27	0.26785	1	CC
GO:0045254	pyruvate dehydrogenase complex	1	1	0.27	0.26785	1	CC
GO:0005883	neurofilament	1	1	0.27	0.26785	1	CC
GO:0016013	syntrophin complex	1	1	0.27	0.26785	1	CC
GO:0035631	CD40 receptor complex	1	1	0.27	0.26785	1	CC
GO:0098846	podocyte foot	1	1	0.27	0.26785	1	CC
GO:0060091	kinocilium	1	1	0.27	0.26785	1	CC
GO:0001940	male pronucleus	1	1	0.27	0.26785	1	CC
GO:0045277	respiratory chain complex IV	1	1	0.27	0.26785	1	CC
GO:0033290	eukaryotic 48S preinitiation complex	1	1	0.27	0.26785	1	CC
GO:0033017	sarcoplasmic reticulum membrane	1	1	0.27	0.26785	1	CC
GO:0061474	phagolysosome membrane	1	1	0.27	0.26785	1	CC
GO:0106003	amyloid-beta complex	1	1	0.27	0.26785	1	CC
GO:0033269	internode region of axon	1	1	0.27	0.26785	1	CC
GO:0097144	BAX complex	1	1	0.27	0.26785	1	CC
GO:1990111	spermatoproteasome complex	1	1	0.27	0.26785	1	CC
GO:0070761	pre-snoRNP complex	1	1	0.27	0.26785	1	CC
GO:0070695	FHF complex	1	1	0.27	0.26785	1	CC
GO:0033553	rDNA heterochromatin	1	1	0.27	0.26785	1	CC
GO:0072588	box H/ACA RNP complex	1	1	0.27	0.26785	1	CC
GO:0072589	box H/ACA scaRNP complex	1	1	0.27	0.26785	1	CC
GO:0033588	elongator holoenzyme complex	1	1	0.27	0.26785	1	CC
GO:0070775	H3 histone acetyltransferase complex	1	1	0.27	0.26785	1	CC
GO:0070776	MOZ/MORF histone acetyltransferase compl...	1	1	0.27	0.26785	1	CC
GO:0016513	core-binding factor complex	1	1	0.27	0.26785	1	CC
GO:0009526	plastid envelope	1	1	0.27	0.26785	1	CC
GO:0033573	high-affinity iron permease complex	1	1	0.27	0.26785	1	CC
GO:0032010	phagolysosome	1	1	0.27	0.26785	1	CC
GO:0032806	carboxy-terminal domain protein kinase c...	1	1	0.27	0.26785	1	CC
GO:0031905	early endosome lumen	1	1	0.27	0.26785	1	CC
GO:0031094	platelet dense tubular network	1	1	0.27	0.26785	1	CC
GO:0031095	platelet dense tubular network membrane	1	1	0.27	0.26785	1	CC
GO:1903754	cortical microtubule plus-end	1	1	0.27	0.26785	1	CC
GO:0071256	translocon complex	1	1	0.27	0.26785	1	CC
GO:0032281	AMPA glutamate receptor complex	1	1	0.27	0.26785	1	CC
GO:0098547	lumenal side of Golgi membrane	1	1	0.27	0.26785	1	CC
GO:0120103	centriolar subdistal appendage	1	1	0.27	0.26785	1	CC
GO:0044294	dendritic growth cone	1	1	0.27	0.26785	1	CC
GO:0042406	extrinsic component of endoplasmic retic...	1	1	0.27	0.26785	1	CC
GO:0031105	septin complex	1	1	0.27	0.26785	1	CC
GO:0042622	photoreceptor outer segment membrane	1	1	0.27	0.26785	1	CC
GO:0097227	sperm annulus	1	1	0.27	0.26785	1	CC
GO:0097550	transcription preinitiation complex	1	1	0.27	0.26785	1	CC
GO:0044326	dendritic spine neck	1	1	0.27	0.26785	1	CC
GO:0044327	dendritic spine head	1	1	0.27	0.26785	1	CC
GO:0044853	plasma membrane raft	37	12	9.91	0.26988	1	CC
GO:0048471	perinuclear region of cytoplasm	122	36	32.68	0.27266	1	CC
GO:0055029	nuclear DNA-directed RNA polymerase comp...	20	7	5.36	0.27269	1	CC
GO:0000428	DNA-directed RNA polymerase complex	20	7	5.36	0.27269	1	CC
GO:0000779	condensed chromosome, centromeric region	20	7	5.36	0.27269	1	CC
GO:0009986	cell surface	108	32	28.93	0.27928	1	CC
GO:0099056	integral component of presynaptic membra...	7	3	1.87	0.28125	1	CC
GO:0005778	peroxisomal membrane	7	3	1.87	0.28125	1	CC
GO:0099240	intrinsic component of synaptic membrane	7	3	1.87	0.28125	1	CC
GO:0030134	COPII-coated ER to Golgi transport vesic...	7	3	1.87	0.28125	1	CC
GO:0098889	intrinsic component of presynaptic membr...	7	3	1.87	0.28125	1	CC
GO:0099699	integral component of synaptic membrane	7	3	1.87	0.28125	1	CC
GO:0031903	microbody membrane	7	3	1.87	0.28125	1	CC
GO:0016363	nuclear matrix	17	6	4.55	0.29114	1	CC
GO:0044232	organelle membrane contact site	4	2	1.07	0.29208	1	CC
GO:0000815	ESCRT III complex	4	2	1.07	0.29208	1	CC
GO:1990761	growth cone lamellipodium	4	2	1.07	0.29208	1	CC
GO:0005701	polytene chromosome chromocenter	4	2	1.07	0.29208	1	CC
GO:0033116	endoplasmic reticulum-Golgi intermediate...	4	2	1.07	0.29208	1	CC
GO:0031475	myosin V complex	4	2	1.07	0.29208	1	CC
GO:0005859	muscle myosin complex	4	2	1.07	0.29208	1	CC
GO:0016592	mediator complex	4	2	1.07	0.29208	1	CC
GO:0005838	proteasome regulatory particle	4	2	1.07	0.29208	1	CC
GO:0016528	sarcoplasm	4	2	1.07	0.29208	1	CC
GO:0016529	sarcoplasmic reticulum	4	2	1.07	0.29208	1	CC
GO:0098573	intrinsic component of mitochondrial mem...	4	2	1.07	0.29208	1	CC
GO:0022624	proteasome accessory complex	4	2	1.07	0.29208	1	CC
GO:0016460	myosin II complex	4	2	1.07	0.29208	1	CC
GO:0032592	integral component of mitochondrial memb...	4	2	1.07	0.29208	1	CC
GO:0034663	endoplasmic reticulum chaperone complex	4	2	1.07	0.29208	1	CC
GO:0036513	Derlin-1 retrotranslocation complex	4	2	1.07	0.29208	1	CC
GO:0016324	apical plasma membrane	98	29	26.25	0.29522	1	CC
GO:0000793	condensed chromosome	31	10	8.3	0.30439	1	CC
GO:0042734	presynaptic membrane	31	10	8.3	0.30439	1	CC
GO:0032421	stereocilium bundle	14	5	3.75	0.31214	1	CC
GO:0044297	cell body	156	51	41.78	0.31293	1	CC
GO:1990904	ribonucleoprotein complex	125	41	33.48	0.31943	1	CC
GO:0005798	Golgi-associated vesicle	21	7	5.62	0.32162	1	CC
GO:0030880	RNA polymerase complex	21	7	5.62	0.32162	1	CC
GO:0044304	main axon	17	9	4.55	0.33169	1	CC
GO:0000932	P-body	11	4	2.95	0.33663	1	CC
GO:0048475	coated membrane	11	4	2.95	0.33663	1	CC
GO:0030117	membrane coat	11	4	2.95	0.33663	1	CC
GO:0005811	lipid droplet	18	6	4.82	0.34554	1	CC
GO:0005925	focal adhesion	25	8	6.7	0.34665	1	CC
GO:0005802	trans-Golgi network	50	15	13.39	0.35249	1	CC
GO:0099023	vesicle tethering complex	8	3	2.14	0.36629	1	CC
GO:1902562	H4 histone acetyltransferase complex	8	3	2.14	0.36629	1	CC
GO:0016461	unconventional myosin complex	8	3	2.14	0.36629	1	CC
GO:0016459	myosin complex	8	3	2.14	0.36629	1	CC
GO:0097228	sperm principal piece	8	3	2.14	0.36629	1	CC
GO:1902911	protein kinase complex	15	5	4.02	0.37341	1	CC
GO:0001669	acrosomal vesicle	15	5	4.02	0.37341	1	CC
GO:0005929	cilium	124	35	33.21	0.38876	1	CC
GO:0012506	vesicle membrane	146	41	39.11	0.38878	1	CC
GO:0098590	plasma membrane region	216	63	57.86	0.3913	1	CC
GO:0032588	trans-Golgi network membrane	19	6	5.09	0.40073	1	CC
GO:0030027	lamellipodium	37	11	9.91	0.40234	1	CC
GO:0099086	synaptonemal structure	5	2	1.34	0.40483	1	CC
GO:0044224	juxtaparanode region of axon	5	2	1.34	0.40483	1	CC
GO:0061827	sperm head	5	2	1.34	0.40483	1	CC
GO:0005669	transcription factor TFIID complex	5	2	1.34	0.40483	1	CC
GO:0005732	sno(s)RNA-containing ribonucleoprotein c...	5	2	1.34	0.40483	1	CC
GO:0030120	vesicle coat	5	2	1.34	0.40483	1	CC
GO:0071683	sensory dendrite	5	2	1.34	0.40483	1	CC
GO:0010369	chromocenter	5	2	1.34	0.40483	1	CC
GO:0046581	intercellular canaliculus	5	2	1.34	0.40483	1	CC
GO:0031476	myosin VI complex	5	2	1.34	0.40483	1	CC
GO:0031477	myosin VII complex	5	2	1.34	0.40483	1	CC
GO:0070461	SAGA-type complex	5	2	1.34	0.40483	1	CC
GO:0000795	synaptonemal complex	5	2	1.34	0.40483	1	CC
GO:0000421	autophagosome membrane	5	2	1.34	0.40483	1	CC
GO:0031091	platelet alpha granule	5	2	1.34	0.40483	1	CC
GO:0044292	dendrite terminus	5	2	1.34	0.40483	1	CC
GO:0032420	stereocilium	12	4	3.21	0.40694	1	CC
GO:0060170	ciliary membrane	12	4	3.21	0.40694	1	CC
GO:0012505	endomembrane system	577	174	154.55	0.41177	1	CC
GO:0036064	ciliary basal body	30	9	8.04	0.41181	1	CC
GO:0030054	cell junction	265	83	70.98	0.41423	1	CC
GO:0099081	supramolecular polymer	107	30	28.66	0.41939	1	CC
GO:0099512	supramolecular fiber	107	30	28.66	0.41939	1	CC
GO:0101002	ficolin-1-rich granule	23	7	6.16	0.42242	1	CC
GO:0110165	cellular anatomical entity	1972	529	528.2	0.42524	1	CC
GO:0061695	transferase complex, transferring phosph...	38	11	10.18	0.44188	1	CC
GO:0051233	spindle midzone	9	3	2.41	0.44934	1	CC
GO:0140513	nuclear protein-containing complex	164	45	43.93	0.45334	1	CC
GO:0005776	autophagosome	20	6	5.36	0.45561	1	CC
GO:0005901	caveola	31	9	8.3	0.45576	1	CC
GO:0005794	Golgi apparatus	220	60	58.93	0.45929	1	CC
GO:1990221	L-cysteine desulfurase complex	2	1	0.54	0.46405	1	CC
GO:0000940	outer kinetochore	2	1	0.54	0.46405	1	CC
GO:0071541	eukaryotic translation initiation factor...	2	1	0.54	0.46405	1	CC
GO:0019773	proteasome core complex, alpha-subunit c...	2	1	0.54	0.46405	1	CC
GO:0031595	nuclear proteasome complex	2	1	0.54	0.46405	1	CC
GO:0090576	RNA polymerase III transcription regulat...	2	1	0.54	0.46405	1	CC
GO:0000124	SAGA complex	2	1	0.54	0.46405	1	CC
GO:0000127	transcription factor TFIIIC complex	2	1	0.54	0.46405	1	CC
GO:0008250	oligosaccharyltransferase complex	2	1	0.54	0.46405	1	CC
GO:0005757	mitochondrial permeability transition po...	2	1	0.54	0.46405	1	CC
GO:0090498	extrinsic component of Golgi membrane	2	1	0.54	0.46405	1	CC
GO:0097452	GAIT complex	2	1	0.54	0.46405	1	CC
GO:0034098	VCP-NPL4-UFD1 AAA ATPase complex	2	1	0.54	0.46405	1	CC
GO:0043034	costamere	2	1	0.54	0.46405	1	CC
GO:0005665	RNA polymerase II, core complex	2	1	0.54	0.46405	1	CC
GO:0005666	RNA polymerase III complex	2	1	0.54	0.46405	1	CC
GO:0032426	stereocilium tip	2	1	0.54	0.46405	1	CC
GO:0017109	glutamate-cysteine ligase complex	2	1	0.54	0.46405	1	CC
GO:0005685	U1 snRNP	2	1	0.54	0.46405	1	CC
GO:0008303	caspase complex	2	1	0.54	0.46405	1	CC
GO:0097413	Lewy body	2	1	0.54	0.46405	1	CC
GO:0038037	G protein-coupled receptor dimeric compl...	2	1	0.54	0.46405	1	CC
GO:0038038	G protein-coupled receptor homodimeric c...	2	1	0.54	0.46405	1	CC
GO:0042101	T cell receptor complex	2	1	0.54	0.46405	1	CC
GO:0005964	phosphorylase kinase complex	2	1	0.54	0.46405	1	CC
GO:0030126	COPI vesicle coat	2	1	0.54	0.46405	1	CC
GO:0030127	COPII vesicle coat	2	1	0.54	0.46405	1	CC
GO:0097443	sorting endosome	2	1	0.54	0.46405	1	CC
GO:0005614	interstitial matrix	2	1	0.54	0.46405	1	CC
GO:0033180	proton-transporting V-type ATPase, V1 do...	2	1	0.54	0.46405	1	CC
GO:0033181	plasma membrane proton-transporting V-ty...	2	1	0.54	0.46405	1	CC
GO:0043219	lateral loop	2	1	0.54	0.46405	1	CC
GO:0000800	lateral element	2	1	0.54	0.46405	1	CC
GO:0000805	X chromosome	2	1	0.54	0.46405	1	CC
GO:0033176	proton-transporting V-type ATPase comple...	2	1	0.54	0.46405	1	CC
GO:0090724	central region of growth cone	2	1	0.54	0.46405	1	CC
GO:0090651	apical cytoplasm	2	1	0.54	0.46405	1	CC
GO:0042599	lamellar body	2	1	0.54	0.46405	1	CC
GO:0097648	G protein-coupled receptor complex	2	1	0.54	0.46405	1	CC
GO:0000221	vacuolar proton-transporting V-type ATPa...	2	1	0.54	0.46405	1	CC
GO:0005850	eukaryotic translation initiation factor...	2	1	0.54	0.46405	1	CC
GO:0005851	eukaryotic translation initiation factor...	2	1	0.54	0.46405	1	CC
GO:0009360	DNA polymerase III complex	2	1	0.54	0.46405	1	CC
GO:0046536	dosage compensation complex	2	1	0.54	0.46405	1	CC
GO:0097165	nuclear stress granule	2	1	0.54	0.46405	1	CC
GO:0042587	glycogen granule	2	1	0.54	0.46405	1	CC
GO:0044194	cytolytic granule	2	1	0.54	0.46405	1	CC
GO:0044195	nucleoplasmic reticulum	2	1	0.54	0.46405	1	CC
GO:0070545	PeBoW complex	2	1	0.54	0.46405	1	CC
GO:0005828	kinetochore microtubule	2	1	0.54	0.46405	1	CC
GO:0035189	Rb-E2F complex	2	1	0.54	0.46405	1	CC
GO:0030008	TRAPP complex	2	1	0.54	0.46405	1	CC
GO:0071817	MMXD complex	2	1	0.54	0.46405	1	CC
GO:0031941	filamentous actin	2	1	0.54	0.46405	1	CC
GO:0043614	multi-eIF complex	2	1	0.54	0.46405	1	CC
GO:0033583	rhabdomere membrane	2	1	0.54	0.46405	1	CC
GO:1990812	growth cone filopodium	2	1	0.54	0.46405	1	CC
GO:0042765	GPI-anchor transamidase complex	2	1	0.54	0.46405	1	CC
GO:0008180	COP9 signalosome	2	1	0.54	0.46405	1	CC
GO:0097361	CIA complex	2	1	0.54	0.46405	1	CC
GO:0034751	aryl hydrocarbon receptor complex	2	1	0.54	0.46405	1	CC
GO:0034752	cytosolic aryl hydrocarbon receptor comp...	2	1	0.54	0.46405	1	CC
GO:0070993	translation preinitiation complex	2	1	0.54	0.46405	1	CC
GO:0034753	nuclear aryl hydrocarbon receptor comple...	2	1	0.54	0.46405	1	CC
GO:0097381	photoreceptor disc membrane	2	1	0.54	0.46405	1	CC
GO:0016456	X chromosome located dosage compensation...	2	1	0.54	0.46405	1	CC
GO:0030485	smooth muscle contractile fiber	2	1	0.54	0.46405	1	CC
GO:0071004	U2-type prespliceosome	2	1	0.54	0.46405	1	CC
GO:0032009	early phagosome	2	1	0.54	0.46405	1	CC
GO:0016471	vacuolar proton-transporting V-type ATPa...	2	1	0.54	0.46405	1	CC
GO:0035324	female germline ring canal	2	1	0.54	0.46405	1	CC
GO:0034679	integrin alpha9-beta1 complex	2	1	0.54	0.46405	1	CC
GO:0072487	MSL complex	2	1	0.54	0.46405	1	CC
GO:0035003	subapical complex	2	1	0.54	0.46405	1	CC
GO:0061176	type Ib terminal bouton	2	1	0.54	0.46405	1	CC
GO:0061177	type Is terminal bouton	2	1	0.54	0.46405	1	CC
GO:0140535	intracellular protein-containing complex	135	37	36.16	0.46734	1	CC
GO:0034399	nuclear periphery	24	7	6.43	0.47255	1	CC
GO:0032993	protein-DNA complex	24	7	6.43	0.47255	1	CC
GO:0043292	contractile fiber	61	17	16.34	0.47259	1	CC
GO:0070820	tertiary granule	13	4	3.48	0.47562	1	CC
GO:0032838	plasma membrane bounded cell projection ...	28	8	7.5	0.4868	1	CC
GO:0045121	membrane raft	73	20	19.55	0.49792	1	CC
GO:0098857	membrane microdomain	73	20	19.55	0.49792	1	CC
GO:0005700	polytene chromosome	32	9	8.57	0.49915	1	CC
GO:0030659	cytoplasmic vesicle membrane	144	39	38.57	0.50029	1	CC
GO:0099513	polymeric cytoskeletal fiber	47	13	12.59	0.50187	1	CC
GO:0097542	ciliary tip	6	2	1.61	0.50807	1	CC
GO:0031463	Cul3-RING ubiquitin ligase complex	6	2	1.61	0.50807	1	CC
GO:0030137	COPI-coated vesicle	6	2	1.61	0.50807	1	CC
GO:0000322	storage vacuole	6	2	1.61	0.50807	1	CC
GO:0046540	U4/U6 x U5 tri-snRNP complex	6	2	1.61	0.50807	1	CC
GO:0046691	intracellular canaliculus	6	2	1.61	0.50807	1	CC
GO:0046658	anchored component of plasma membrane	6	2	1.61	0.50807	1	CC
GO:0042470	melanosome	6	2	1.61	0.50807	1	CC
GO:0043228	non-membrane-bounded organelle	593	159	158.83	0.5134	1	CC
GO:0043232	intracellular non-membrane-bounded organ...	593	159	158.83	0.5134	1	CC
GO:0045177	apical part of cell	126	34	33.75	0.51501	1	CC
GO:0005797	Golgi medial cisterna	10	3	2.68	0.52756	1	CC
GO:0005771	multivesicular body	10	3	2.68	0.52756	1	CC
GO:0016234	inclusion body	10	3	2.68	0.52756	1	CC
GO:0120111	neuron projection cytoplasm	10	3	2.68	0.52756	1	CC
GO:0022627	cytosolic small ribosomal subunit	10	3	2.68	0.52756	1	CC
GO:0030660	Golgi-associated vesicle membrane	10	3	2.68	0.52756	1	CC
GO:1902554	serine/threonine protein kinase complex	14	4	3.75	0.54101	1	CC
GO:1990234	transferase complex	116	31	31.07	0.54322	1	CC
GO:0010008	endosome membrane	52	14	13.93	0.54477	1	CC
GO:0043235	receptor complex	38	16	10.18	0.54834	1	CC
GO:0031514	motile cilium	37	10	9.91	0.54999	1	CC
GO:0005930	axoneme	18	5	4.82	0.55168	1	CC
GO:0097014	ciliary plasm	18	5	4.82	0.55168	1	CC
GO:0005634	nucleus	914	244	244.81	0.553	1	CC
GO:0031983	vesicle lumen	41	11	10.98	0.55772	1	CC
GO:0034774	secretory granule lumen	41	11	10.98	0.55772	1	CC
GO:0060205	cytoplasmic vesicle lumen	41	11	10.98	0.55772	1	CC
GO:0072686	mitotic spindle	22	6	5.89	0.56072	1	CC
GO:0097730	non-motile cilium	34	9	9.11	0.58247	1	CC
GO:0030686	90S preribosome	7	2	1.87	0.59879	1	CC
GO:0097526	spliceosomal tri-snRNP complex	7	2	1.87	0.59879	1	CC
GO:0005767	secondary lysosome	7	2	1.87	0.59879	1	CC
GO:0070821	tertiary granule membrane	7	2	1.87	0.59879	1	CC
GO:0000138	Golgi trans cisterna	7	2	1.87	0.59879	1	CC
GO:0045120	pronucleus	7	2	1.87	0.59879	1	CC
GO:0031523	Myb complex	7	2	1.87	0.59879	1	CC
GO:0001772	immunological synapse	7	2	1.87	0.59879	1	CC
GO:0030056	hemidesmosome	7	2	1.87	0.59879	1	CC
GO:0098803	respiratory chain complex	7	2	1.87	0.59879	1	CC
GO:0033270	paranode region of axon	7	2	1.87	0.59879	1	CC
GO:0032040	small-subunit processome	7	2	1.87	0.59879	1	CC
GO:0005796	Golgi lumen	11	3	2.95	0.59916	1	CC
GO:0097525	spliceosomal snRNP complex	11	3	2.95	0.59916	1	CC
GO:0015935	small ribosomal subunit	11	3	2.95	0.59916	1	CC
GO:0055038	recycling endosome membrane	11	3	2.95	0.59916	1	CC
GO:0030532	small nuclear ribonucleoprotein complex	11	3	2.95	0.59916	1	CC
GO:0061174	type I terminal bouton	11	3	2.95	0.59916	1	CC
GO:0098862	cluster of actin-based cell projections	46	12	12.32	0.59974	1	CC
GO:0001750	photoreceptor outer segment	15	4	4.02	0.60195	1	CC
GO:0031672	A band	15	4	4.02	0.60195	1	CC
GO:0031901	early endosome membrane	15	4	4.02	0.60195	1	CC
GO:0070160	tight junction	19	5	5.09	0.60558	1	CC
GO:0012507	ER to Golgi transport vesicle membrane	3	1	0.8	0.60775	1	CC
GO:0031254	cell trailing edge	3	1	0.8	0.60775	1	CC
GO:0031310	intrinsic component of vacuolar membrane	3	1	0.8	0.60775	1	CC
GO:0000172	ribonuclease MRP complex	3	1	0.8	0.60775	1	CC
GO:0031313	extrinsic component of endosome membrane	3	1	0.8	0.60775	1	CC
GO:0008305	integrin complex	3	1	0.8	0.60775	1	CC
GO:0071781	endoplasmic reticulum cisternal network	3	1	0.8	0.60775	1	CC
GO:0098636	protein complex involved in cell adhesio...	3	1	0.8	0.60775	1	CC
GO:0032433	filopodium tip	3	1	0.8	0.60775	1	CC
GO:0008541	proteasome regulatory particle, lid subc...	3	1	0.8	0.60775	1	CC
GO:0099522	cytosolic region	3	1	0.8	0.60775	1	CC
GO:0099524	postsynaptic cytosol	3	1	0.8	0.60775	1	CC
GO:0033178	proton-transporting two-sector ATPase co...	3	1	0.8	0.60775	1	CC
GO:0036157	outer dynein arm	3	1	0.8	0.60775	1	CC
GO:0005914	spot adherens junction	3	1	0.8	0.60775	1	CC
GO:0005868	cytoplasmic dynein complex	3	1	0.8	0.60775	1	CC
GO:0005852	eukaryotic translation initiation factor...	3	1	0.8	0.60775	1	CC
GO:0016029	subrhabdomeral cisterna	3	1	0.8	0.60775	1	CC
GO:0042585	germinal vesicle	3	1	0.8	0.60775	1	CC
GO:1990635	proximal dendrite	3	1	0.8	0.60775	1	CC
GO:0042575	DNA polymerase complex	3	1	0.8	0.60775	1	CC
GO:0001931	uropod	3	1	0.8	0.60775	1	CC
GO:1990124	messenger ribonucleoprotein complex	3	1	0.8	0.60775	1	CC
GO:0060077	inhibitory synapse	3	1	0.8	0.60775	1	CC
GO:1990909	Wnt signalosome	3	1	0.8	0.60775	1	CC
GO:0031166	integral component of vacuolar membrane	3	1	0.8	0.60775	1	CC
GO:0035841	new growing cell tip	3	1	0.8	0.60775	1	CC
GO:0071010	prespliceosome	3	1	0.8	0.60775	1	CC
GO:0035838	growing cell tip	3	1	0.8	0.60775	1	CC
GO:0031092	platelet alpha granule membrane	3	1	0.8	0.60775	1	CC
GO:0009536	plastid	3	1	0.8	0.60775	1	CC
GO:0016469	proton-transporting two-sector ATPase co...	3	1	0.8	0.60775	1	CC
GO:0120082	smooth endoplasmic reticulum cisterna	3	1	0.8	0.60775	1	CC
GO:0098533	ATPase dependent transmembrane transport...	3	1	0.8	0.60775	1	CC
GO:0030478	actin cap	3	1	0.8	0.60775	1	CC
GO:0009507	chloroplast	3	1	0.8	0.60775	1	CC
GO:0071212	subsynaptic reticulum	3	1	0.8	0.60775	1	CC
GO:0046930	pore complex	3	1	0.8	0.60775	1	CC
GO:0032584	growth cone membrane	3	1	0.8	0.60775	1	CC
GO:0044322	endoplasmic reticulum quality control co...	3	1	0.8	0.60775	1	CC
GO:0030663	COPI-coated vesicle membrane	3	1	0.8	0.60775	1	CC
GO:0045178	basal part of cell	77	20	20.62	0.60931	1	CC
GO:0001650	fibrillar center	23	6	6.16	0.60954	1	CC
GO:0036126	sperm flagellum	27	7	7.23	0.6136	1	CC
GO:0005819	spindle	58	15	15.54	0.61447	1	CC
GO:0055037	recycling endosome	35	9	9.37	0.62168	1	CC
GO:0005635	nuclear envelope	74	19	19.82	0.63157	1	CC
GO:0070161	anchoring junction	109	28	29.2	0.64197	1	CC
GO:1904813	ficolin-1-rich granule lumen	20	5	5.36	0.65557	1	CC
GO:0030863	cortical cytoskeleton	20	5	5.36	0.65557	1	CC
GO:0097729	9+2 motile cilium	28	7	7.5	0.65586	1	CC
GO:0005874	microtubule	28	7	7.5	0.65586	1	CC
GO:0045335	phagocytic vesicle	16	4	4.29	0.65772	1	CC
GO:0099738	cell cortex region	16	4	4.29	0.65772	1	CC
GO:1902494	catalytic complex	232	60	62.14	0.65868	1	CC
GO:0043679	axon terminus	40	10	10.71	0.66087	1	CC
GO:0016020	membrane	867	239	232.22	0.66307	1	CC
GO:0030315	T-tubule	12	3	3.21	0.66324	1	CC
GO:0098800	inner mitochondrial membrane protein com...	12	3	3.21	0.66324	1	CC
GO:0005938	cell cortex	83	21	22.23	0.664	1	CC
GO:0043073	germ cell nucleus	8	2	2.14	0.6763	1	CC
GO:0031225	anchored component of membrane	8	2	2.14	0.6763	1	CC
GO:0016605	PML body	8	2	2.14	0.6763	1	CC
GO:0048770	pigment granule	8	2	2.14	0.6763	1	CC
GO:0055120	striated muscle dense body	8	2	2.14	0.6763	1	CC
GO:0005876	spindle microtubule	8	2	2.14	0.6763	1	CC
GO:0016327	apicolateral plasma membrane	8	2	2.14	0.6763	1	CC
GO:0030286	dynein complex	8	2	2.14	0.6763	1	CC
GO:0051286	cell tip	8	2	2.14	0.6763	1	CC
GO:0030139	endocytic vesicle	45	11	12.05	0.69482	1	CC
GO:0030016	myofibril	49	12	13.12	0.69579	1	CC
GO:0030496	midbody	25	6	6.7	0.69742	1	CC
GO:0005654	nucleoplasm	474	123	126.96	0.70095	1	CC
GO:0005777	peroxisome	21	5	5.62	0.70131	1	CC
GO:0042579	microbody	21	5	5.62	0.70131	1	CC
GO:0031410	cytoplasmic vesicle	304	78	81.43	0.70795	1	CC
GO:0097708	intracellular vesicle	304	78	81.43	0.70795	1	CC
GO:0035580	specific granule lumen	4	1	1.07	0.71297	1	CC
GO:0030681	multimeric ribonuclease P complex	4	1	1.07	0.71297	1	CC
GO:0030677	ribonuclease P complex	4	1	1.07	0.71297	1	CC
GO:0017119	Golgi transport complex	4	1	1.07	0.71297	1	CC
GO:0070822	Sin3-type complex	4	1	1.07	0.71297	1	CC
GO:0070069	cytochrome complex	4	1	1.07	0.71297	1	CC
GO:0000137	Golgi cis cisterna	4	1	1.07	0.71297	1	CC
GO:0045172	germline ring canal	4	1	1.07	0.71297	1	CC
GO:0005721	pericentric heterochromatin	4	1	1.07	0.71297	1	CC
GO:0005655	nucleolar ribonuclease P complex	4	1	1.07	0.71297	1	CC
GO:0071782	endoplasmic reticulum tubular network	4	1	1.07	0.71297	1	CC
GO:0030867	rough endoplasmic reticulum membrane	4	1	1.07	0.71297	1	CC
GO:0097441	basal dendrite	4	1	1.07	0.71297	1	CC
GO:0030118	clathrin coat	4	1	1.07	0.71297	1	CC
GO:0000803	sex chromosome	4	1	1.07	0.71297	1	CC
GO:0000324	fungal-type vacuole	4	1	1.07	0.71297	1	CC
GO:0000329	fungal-type vacuole membrane	4	1	1.07	0.71297	1	CC
GO:0001673	male germ cell nucleus	4	1	1.07	0.71297	1	CC
GO:0001674	female germ cell nucleus	4	1	1.07	0.71297	1	CC
GO:0005905	clathrin-coated pit	4	1	1.07	0.71297	1	CC
GO:0002081	outer acrosomal membrane	4	1	1.07	0.71297	1	CC
GO:0005834	heterotrimeric G-protein complex	4	1	1.07	0.71297	1	CC
GO:1905360	GTPase complex	4	1	1.07	0.71297	1	CC
GO:0098592	cytoplasmic side of apical plasma membra...	4	1	1.07	0.71297	1	CC
GO:1904724	tertiary granule lumen	4	1	1.07	0.71297	1	CC
GO:0033276	transcription factor TFTC complex	4	1	1.07	0.71297	1	CC
GO:0043186	P granule	4	1	1.07	0.71297	1	CC
GO:0031080	nuclear pore outer ring	4	1	1.07	0.71297	1	CC
GO:0005615	extracellular space	128	32	34.28	0.71399	1	CC
GO:0005643	nuclear pore	13	3	3.48	0.71952	1	CC
GO:0014704	intercalated disc	13	3	3.48	0.71952	1	CC
GO:0032587	ruffle membrane	13	3	3.48	0.71952	1	CC
GO:0099568	cytoplasmic region	109	27	29.2	0.72227	1	CC
GO:0005912	adherens junction	54	13	14.46	0.72465	1	CC
GO:0044306	neuron projection terminus	42	10	11.25	0.72534	1	CC
GO:0043296	apical junction complex	26	6	6.96	0.73604	1	CC
GO:0005746	mitochondrial respirasome	9	2	2.41	0.74114	1	CC
GO:0030173	integral component of Golgi membrane	9	2	2.41	0.74114	1	CC
GO:0005703	polytene chromosome puff	9	2	2.41	0.74114	1	CC
GO:0060187	cell pole	9	2	2.41	0.74114	1	CC
GO:0005884	actin filament	9	2	2.41	0.74114	1	CC
GO:0001917	photoreceptor inner segment	9	2	2.41	0.74114	1	CC
GO:0070469	respirasome	9	2	2.41	0.74114	1	CC
GO:0030141	secretory granule	110	27	29.46	0.74136	1	CC
GO:0030666	endocytic vesicle membrane	22	5	5.89	0.74266	1	CC
GO:0043202	lysosomal lumen	22	5	5.89	0.74266	1	CC
GO:0098798	mitochondrial protein-containing complex	22	5	5.89	0.74266	1	CC
GO:0031982	vesicle	326	83	87.32	0.7439	1	CC
GO:0015629	actin cytoskeleton	63	15	16.87	0.75011	1	CC
GO:0009925	basal plasma membrane	67	16	17.95	0.75022	1	CC
GO:0016323	basolateral plasma membrane	67	16	17.95	0.75022	1	CC
GO:0000151	ubiquitin ligase complex	51	12	13.66	0.75142	1	CC
GO:0030175	filopodium	18	4	4.82	0.75262	1	CC
GO:0030864	cortical actin cytoskeleton	18	4	4.82	0.75262	1	CC
GO:0030662	coated vesicle membrane	18	4	4.82	0.75262	1	CC
GO:0030017	sarcomere	43	10	11.52	0.75438	1	CC
GO:0005739	mitochondrion	212	53	56.78	0.75741	1	CC
GO:0005911	cell-cell junction	107	26	28.66	0.75843	1	CC
GO:0031965	nuclear membrane	31	7	8.3	0.76478	1	CC
GO:0005604	basement membrane	14	3	3.75	0.76821	1	CC
GO:0016328	lateral plasma membrane	14	3	3.75	0.76821	1	CC
GO:0120114	Sm-like protein family complex	14	3	3.75	0.76821	1	CC
GO:0005740	mitochondrial envelope	88	21	23.57	0.7729	1	CC
GO:0035578	azurophil granule lumen	23	5	6.16	0.77964	1	CC
GO:0030669	clathrin-coated endocytic vesicle membra...	5	1	1.34	0.79001	1	CC
GO:0030687	preribosome, large subunit precursor	5	1	1.34	0.79001	1	CC
GO:0001520	outer dense fiber	5	1	1.34	0.79001	1	CC
GO:0030670	phagocytic vesicle membrane	5	1	1.34	0.79001	1	CC
GO:0005680	anaphase-promoting complex	5	1	1.34	0.79001	1	CC
GO:0005641	nuclear envelope lumen	5	1	1.34	0.79001	1	CC
GO:0030140	trans-Golgi network transport vesicle	5	1	1.34	0.79001	1	CC
GO:0044754	autolysosome	5	1	1.34	0.79001	1	CC
GO:0005927	muscle tendon junction	5	1	1.34	0.79001	1	CC
GO:0005915	zonula adherens	5	1	1.34	0.79001	1	CC
GO:0035686	sperm fibrous sheath	5	1	1.34	0.79001	1	CC
GO:0005858	axonemal dynein complex	5	1	1.34	0.79001	1	CC
GO:0060293	germ plasm	5	1	1.34	0.79001	1	CC
GO:0071339	MLL1 complex	5	1	1.34	0.79001	1	CC
GO:0008074	guanylate cyclase complex, soluble	5	1	1.34	0.79001	1	CC
GO:0031967	organelle envelope	160	39	42.86	0.79014	1	CC
GO:0031975	envelope	160	39	42.86	0.79014	1	CC
GO:0031966	mitochondrial membrane	81	19	21.7	0.79176	1	CC
GO:0031201	SNARE complex	10	2	2.68	0.79453	1	CC
GO:0032154	cleavage furrow	10	2	2.68	0.79453	1	CC
GO:0043195	terminal bouton	28	6	7.5	0.80243	1	CC
GO:0031981	nuclear lumen	572	146	153.21	0.80584	1	CC
GO:1990204	oxidoreductase complex	15	3	4.02	0.80977	1	CC
GO:0017053	transcription repressor complex	15	3	4.02	0.80977	1	CC
GO:0032153	cell division site	15	3	4.02	0.80977	1	CC
GO:0030667	secretory granule membrane	41	9	10.98	0.81016	1	CC
GO:0005903	brush border	37	8	9.91	0.81543	1	CC
GO:0030135	coated vesicle	33	7	8.84	0.82203	1	CC
GO:0043209	myelin sheath	33	7	8.84	0.82203	1	CC
GO:0031526	brush border membrane	20	4	5.36	0.8259	1	CC
GO:0097731	9+0 non-motile cilium	20	4	5.36	0.8259	1	CC
GO:0097733	photoreceptor cell cilium	20	4	5.36	0.8259	1	CC
GO:0005758	mitochondrial intermembrane space	11	2	2.95	0.83795	1	CC
GO:0045179	apical cortex	11	2	2.95	0.83795	1	CC
GO:0000785	chromatin	96	22	25.71	0.84032	1	CC
GO:0001726	ruffle	25	5	6.7	0.84113	1	CC
GO:0031970	organelle envelope lumen	16	3	4.29	0.84486	1	CC
GO:0000792	heterochromatin	16	3	4.29	0.84486	1	CC
GO:0044291	cell-cell contact zone	16	3	4.29	0.84486	1	CC
GO:0005775	vacuolar lumen	34	7	9.11	0.84627	1	CC
GO:0097524	sperm plasma membrane	6	1	1.61	0.8464	1	CC
GO:0035577	azurophil granule membrane	6	1	1.61	0.8464	1	CC
GO:0030964	NADH dehydrogenase complex	6	1	1.61	0.8464	1	CC
GO:0005782	peroxisomal matrix	6	1	1.61	0.8464	1	CC
GO:0005652	nuclear lamina	6	1	1.61	0.8464	1	CC
GO:0005747	mitochondrial respiratory chain complex ...	6	1	1.61	0.8464	1	CC
GO:0048787	presynaptic active zone membrane	6	1	1.61	0.8464	1	CC
GO:0097431	mitotic spindle pole	6	1	1.61	0.8464	1	CC
GO:0005705	polytene chromosome interband	6	1	1.61	0.8464	1	CC
GO:0044665	MLL1/2 complex	6	1	1.61	0.8464	1	CC
GO:0045271	respiratory chain complex I	6	1	1.61	0.8464	1	CC
GO:0045495	pole plasm	6	1	1.61	0.8464	1	CC
GO:0036038	MKS complex	6	1	1.61	0.8464	1	CC
GO:0000781	chromosome, telomeric region	6	1	1.61	0.8464	1	CC
GO:0031907	microbody lumen	6	1	1.61	0.8464	1	CC
GO:0070013	intracellular organelle lumen	707	180	189.37	0.85227	1	CC
GO:0043233	organelle lumen	707	180	189.37	0.85227	1	CC
GO:0031974	membrane-enclosed lumen	707	180	189.37	0.85227	1	CC
GO:0005766	primary lysosome	30	6	8.04	0.8551	1	CC
GO:0042582	azurophil granule	30	6	8.04	0.8551	1	CC
GO:0031674	I band	30	6	8.04	0.8551	1	CC
GO:0005769	early endosome	52	11	13.93	0.86294	1	CC
GO:0005856	cytoskeleton	273	66	73.12	0.86962	1	CC
GO:0030665	clathrin-coated vesicle membrane	12	2	3.21	0.87289	1	CC
GO:0031228	intrinsic component of Golgi membrane	12	2	3.21	0.87289	1	CC
GO:0000791	euchromatin	12	2	3.21	0.87289	1	CC
GO:0000794	condensed nuclear chromosome	12	2	3.21	0.87289	1	CC
GO:0005694	chromosome	155	36	41.52	0.87305	1	CC
GO:0005768	endosome	135	31	36.16	0.87374	1	CC
GO:0009897	external side of plasma membrane	40	8	10.71	0.87928	1	CC
GO:0000152	nuclear ubiquitin ligase complex	7	1	1.87	0.88767	1	CC
GO:0005682	U5 snRNP	7	1	1.87	0.88767	1	CC
GO:0005684	U2-type spliceosomal complex	7	1	1.87	0.88767	1	CC
GO:0036062	presynaptic periactive zone	7	1	1.87	0.88767	1	CC
GO:0045334	clathrin-coated endocytic vesicle	7	1	1.87	0.88767	1	CC
GO:0032839	dendrite cytoplasm	7	1	1.87	0.88767	1	CC
GO:1902555	endoribonuclease complex	7	1	1.87	0.88767	1	CC
GO:1905348	endonuclease complex	7	1	1.87	0.88767	1	CC
GO:0097225	sperm midpiece	7	1	1.87	0.88767	1	CC
GO:0031461	cullin-RING ubiquitin ligase complex	27	5	7.23	0.88778	1	CC
GO:0030018	Z disc	27	5	7.23	0.88778	1	CC
GO:0030684	preribosome	18	3	4.82	0.89851	1	CC
GO:0044815	DNA packaging complex	18	3	4.82	0.89851	1	CC
GO:0005886	plasma membrane	588	157	157.49	0.89855	1	CC
GO:0070062	extracellular exosome	23	4	6.16	0.9014	1	CC
GO:0062023	collagen-containing extracellular matrix	23	4	6.16	0.9014	1	CC
GO:0005759	mitochondrial matrix	59	12	15.8	0.90351	1	CC
GO:0005773	vacuole	127	28	34.02	0.91359	1	CC
GO:0005576	extracellular region	224	52	60	0.91478	1	CC
GO:0000118	histone deacetylase complex	8	1	2.14	0.91786	1	CC
GO:0005871	kinesin complex	8	1	2.14	0.91786	1	CC
GO:0032391	photoreceptor connecting cilium	8	1	2.14	0.91786	1	CC
GO:0080008	Cul4-RING E3 ubiquitin ligase complex	8	1	2.14	0.91786	1	CC
GO:1903561	extracellular vesicle	24	4	6.43	0.9192	1	CC
GO:0005813	centrosome	91	19	24.37	0.9257	1	CC
GO:0015630	microtubule cytoskeleton	182	41	48.75	0.92824	1	CC
GO:0005875	microtubule associated complex	25	4	6.7	0.93407	1	CC
GO:0042581	specific granule	20	3	5.36	0.93485	1	CC
GO:0005815	microtubule organizing center	118	25	31.61	0.93894	1	CC
GO:0035579	specific granule membrane	15	2	4.02	0.94027	1	CC
GO:0065010	extracellular membrane-bounded organelle	26	4	6.96	0.94642	1	CC
GO:0043230	extracellular organelle	26	4	6.96	0.94642	1	CC
GO:0071944	cell periphery	651	170	174.37	0.9472	1	CC
GO:0000922	spindle pole	21	3	5.62	0.94813	1	CC
GO:0035869	ciliary transition zone	16	2	4.29	0.9539	1	CC
GO:0097546	ciliary base	10	1	2.68	0.95611	1	CC
GO:0031519	PcG protein complex	10	1	2.68	0.95611	1	CC
GO:0031430	M band	10	1	2.68	0.95611	1	CC
GO:0035097	histone methyltransferase complex	10	1	2.68	0.95611	1	CC
GO:0019005	SCF ubiquitin ligase complex	10	1	2.68	0.95611	1	CC
GO:0030136	clathrin-coated vesicle	22	3	5.89	0.95885	1	CC
GO:0005743	mitochondrial inner membrane	47	8	12.59	0.9606	1	CC
GO:0098852	lytic vacuole membrane	33	5	8.84	0.96426	1	CC
GO:0005774	vacuolar membrane	43	7	11.52	0.96552	1	CC
GO:0000786	nucleosome	11	1	2.95	0.96792	1	CC
GO:0031902	late endosome membrane	11	1	2.95	0.96792	1	CC
GO:0005765	lysosomal membrane	29	4	7.77	0.97186	1	CC
GO:0000323	lytic vacuole	104	20	27.86	0.97449	1	CC
GO:0005764	lysosome	100	19	26.78	0.97576	1	CC
GO:0019866	organelle inner membrane	50	8	13.39	0.97674	1	CC
GO:0031012	extracellular matrix	46	7	12.32	0.98026	1	CC
GO:0030312	external encapsulating structure	47	7	12.59	0.9837	1	CC
GO:0005814	centriole	20	2	5.36	0.98409	1	CC
GO:0000228	nuclear chromosome	81	14	21.7	0.98536	1	CC
GO:0005681	spliceosomal complex	21	2	5.62	0.98788	1	CC
GO:0005770	late endosome	33	4	8.84	0.98858	1	CC
GO:0034708	methyltransferase complex	15	1	4.02	0.99087	1	CC
GO:1904949	ATPase complex	19	1	5.09	0.99741	1	CC
GO:0005575	cellular_component	1975	529	529	1	1	CC
GO:0044298	cell body membrane	23	13	6.16	1	1	CC
