GO.ID	Term	Annotated	Significant	Expected	pval_test	pval_adj	ontology
GO:0043058	regulation of backward locomotion	14	9	2.7	0.00027	1	BP
GO:0002121	inter-male aggressive behavior	14	9	2.7	0.00027	1	BP
GO:0007214	gamma-aminobutyric acid signaling pathwa...	12	8	2.32	0.00043	1	BP
GO:0019722	calcium-mediated signaling	50	20	9.66	5e-04	1	BP
GO:0009612	response to mechanical stimulus	72	26	13.91	5e-04	1	BP
GO:2000001	regulation of DNA damage checkpoint	4	4	0.77	0.00138	1	BP
GO:1902476	chloride transmembrane transport	29	13	5.6	0.00143	1	BP
GO:0090328	regulation of olfactory learning	11	7	2.13	0.00154	1	BP
GO:0008016	regulation of heart contraction	47	18	9.08	0.00173	1	BP
GO:0046928	regulation of neurotransmitter secretion	23	11	4.44	0.00175	1	BP
GO:0048013	ephrin receptor signaling pathway	9	6	1.74	0.00248	1	BP
GO:0050805	negative regulation of synaptic transmis...	38	15	7.34	0.00295	1	BP
GO:0060996	dendritic spine development	21	10	4.06	0.00297	1	BP
GO:0031032	actomyosin structure organization	42	16	8.11	0.0033	1	BP
GO:0016322	neuron remodeling	25	11	4.83	0.00398	1	BP
GO:0048663	neuron fate commitment	47	17	9.08	0.00466	1	BP
GO:0007416	synapse assembly	63	21	12.17	0.00532	1	BP
GO:1903391	regulation of adherens junction organiza...	16	8	3.09	0.00544	1	BP
GO:0050999	regulation of nitric-oxide synthase acti...	13	7	2.51	0.00558	1	BP
GO:0016486	peptide hormone processing	5	4	0.97	0.00583	1	BP
GO:0006836	neurotransmitter transport	72	28	13.91	0.00629	1	BP
GO:0045672	positive regulation of osteoclast differ...	3	3	0.58	0.00717	1	BP
GO:0051036	regulation of endosome size	3	3	0.58	0.00717	1	BP
GO:0032525	somite rostral/caudal axis specification	3	3	0.58	0.00717	1	BP
GO:0060749	mammary gland alveolus development	3	3	0.58	0.00717	1	BP
GO:2000251	positive regulation of actin cytoskeleto...	3	3	0.58	0.00717	1	BP
GO:0042058	regulation of epidermal growth factor re...	27	11	5.22	0.00803	1	BP
GO:0010812	negative regulation of cell-substrate ad...	8	5	1.55	0.0088	1	BP
GO:0010458	exit from mitosis	8	5	1.55	0.0088	1	BP
GO:0071805	potassium ion transmembrane transport	31	12	5.99	0.00915	1	BP
GO:0070206	protein trimerization	14	7	2.7	0.00933	1	BP
GO:0010970	transport along microtubule	24	10	4.64	0.00948	1	BP
GO:0001505	regulation of neurotransmitter levels	95	33	18.35	0.01106	1	BP
GO:0071496	cellular response to external stimulus	75	23	14.49	0.01118	1	BP
GO:0050807	regulation of synapse organization	67	21	12.95	0.0116	1	BP
GO:1901888	regulation of cell junction assembly	67	21	12.95	0.0116	1	BP
GO:0019098	reproductive behavior	67	21	12.95	0.0116	1	BP
GO:0050848	regulation of calcium-mediated signaling	25	10	4.83	0.01315	1	BP
GO:0048665	neuron fate specification	25	10	4.83	0.01315	1	BP
GO:0007600	sensory perception	150	40	28.98	0.01401	1	BP
GO:0050906	detection of stimulus involved in sensor...	44	15	8.5	0.01407	1	BP
GO:0051124	synaptic assembly at neuromuscular junct...	48	16	9.27	0.01431	1	BP
GO:0043255	regulation of carbohydrate biosynthetic ...	15	7	2.9	0.01465	1	BP
GO:0051592	response to calcium ion	29	11	5.6	0.01471	1	BP
GO:0050849	negative regulation of calcium-mediated ...	6	4	1.16	0.01482	1	BP
GO:0002920	regulation of humoral immune response	6	4	1.16	0.01482	1	BP
GO:1901673	regulation of mitotic spindle assembly	6	4	1.16	0.01482	1	BP
GO:0001967	suckling behavior	6	4	1.16	0.01482	1	BP
GO:0001953	negative regulation of cell-matrix adhes...	6	4	1.16	0.01482	1	BP
GO:0016311	dephosphorylation	81	24	15.65	0.01509	1	BP
GO:0001708	cell fate specification	77	23	14.88	0.01557	1	BP
GO:0110020	regulation of actomyosin structure organ...	22	9	4.25	0.01567	1	BP
GO:0051481	negative regulation of cytosolic calcium...	12	6	2.32	0.01614	1	BP
GO:0060997	dendritic spine morphogenesis	12	6	2.32	0.01614	1	BP
GO:0070207	protein homotrimerization	12	6	2.32	0.01614	1	BP
GO:0007617	mating behavior	37	13	7.15	0.01666	1	BP
GO:0007618	mating	37	13	7.15	0.01666	1	BP
GO:0006111	regulation of gluconeogenesis	9	5	1.74	0.01669	1	BP
GO:0015918	sterol transport	9	5	1.74	0.01669	1	BP
GO:0036003	positive regulation of transcription fro...	9	5	1.74	0.01669	1	BP
GO:0097720	calcineurin-mediated signaling	9	5	1.74	0.01669	1	BP
GO:0033173	calcineurin-NFAT signaling cascade	9	5	1.74	0.01669	1	BP
GO:0007623	circadian rhythm	61	19	11.79	0.01715	1	BP
GO:0010675	regulation of cellular carbohydrate meta...	26	10	5.02	0.01778	1	BP
GO:0035637	multicellular organismal signaling	34	12	6.57	0.02035	1	BP
GO:0050954	sensory perception of mechanical stimulu...	62	19	11.98	0.02045	1	BP
GO:0031323	regulation of cellular metabolic process	797	172	153.99	0.02178	1	BP
GO:0038093	Fc receptor signaling pathway	16	7	3.09	0.02181	1	BP
GO:0071277	cellular response to calcium ion	16	7	3.09	0.02181	1	BP
GO:0050885	neuromuscular process controlling balanc...	16	7	3.09	0.02181	1	BP
GO:0007528	neuromuscular junction development	67	20	12.95	0.02351	1	BP
GO:0051606	detection of stimulus	84	24	16.23	0.02362	1	BP
GO:0021559	trigeminal nerve development	4	3	0.77	0.02454	1	BP
GO:0032488	Cdc42 protein signal transduction	4	3	0.77	0.02454	1	BP
GO:0007464	R3/R4 cell fate commitment	4	3	0.77	0.02454	1	BP
GO:0021979	hypothalamus cell differentiation	4	3	0.77	0.02454	1	BP
GO:1900120	regulation of receptor binding	4	3	0.77	0.02454	1	BP
GO:0002070	epithelial cell maturation	4	3	0.77	0.02454	1	BP
GO:0051895	negative regulation of focal adhesion as...	4	3	0.77	0.02454	1	BP
GO:0060644	mammary gland epithelial cell differenti...	4	3	0.77	0.02454	1	BP
GO:0035994	response to muscle stretch	4	3	0.77	0.02454	1	BP
GO:0035902	response to immobilization stress	4	3	0.77	0.02454	1	BP
GO:0150118	negative regulation of cell-substrate ju...	4	3	0.77	0.02454	1	BP
GO:0002759	regulation of antimicrobial humoral resp...	4	3	0.77	0.02454	1	BP
GO:0048056	R3/R4 cell differentiation	4	3	0.77	0.02454	1	BP
GO:1901224	positive regulation of NIK/NF-kappaB sig...	4	3	0.77	0.02454	1	BP
GO:0070588	calcium ion transmembrane transport	59	18	11.4	0.02485	1	BP
GO:0002768	immune response-regulating cell surface ...	31	11	5.99	0.02489	1	BP
GO:0033238	regulation of cellular amine metabolic p...	13	6	2.51	0.02519	1	BP
GO:0051489	regulation of filopodium assembly	13	6	2.51	0.02519	1	BP
GO:0051893	regulation of focal adhesion assembly	13	6	2.51	0.02519	1	BP
GO:0150116	regulation of cell-substrate junction or...	13	6	2.51	0.02519	1	BP
GO:0008088	axo-dendritic transport	13	6	2.51	0.02519	1	BP
GO:0090109	regulation of cell-substrate junction as...	13	6	2.51	0.02519	1	BP
GO:0106027	neuron projection organization	20	8	3.86	0.02588	1	BP
GO:0010906	regulation of glucose metabolic process	20	8	3.86	0.02588	1	BP
GO:0042059	negative regulation of epidermal growth ...	20	8	3.86	0.02588	1	BP
GO:0097061	dendritic spine organization	20	8	3.86	0.02588	1	BP
GO:1901185	negative regulation of ERBB signaling pa...	20	8	3.86	0.02588	1	BP
GO:0000002	mitochondrial genome maintenance	10	5	1.93	0.02818	1	BP
GO:0006658	phosphatidylserine metabolic process	10	5	1.93	0.02818	1	BP
GO:0031668	cellular response to extracellular stimu...	64	19	12.37	0.02847	1	BP
GO:0043149	stress fiber assembly	24	9	4.64	0.02867	1	BP
GO:0030038	contractile actin filament bundle assemb...	24	9	4.64	0.02867	1	BP
GO:0032222	regulation of synaptic transmission, cho...	7	4	1.35	0.02935	1	BP
GO:0051491	positive regulation of filopodium assemb...	7	4	1.35	0.02935	1	BP
GO:1903393	positive regulation of adherens junction...	7	4	1.35	0.02935	1	BP
GO:0006378	mRNA polyadenylation	7	4	1.35	0.02935	1	BP
GO:0043162	ubiquitin-dependent protein catabolic pr...	7	4	1.35	0.02935	1	BP
GO:0045022	early endosome to late endosome transpor...	7	4	1.35	0.02935	1	BP
GO:0043631	RNA polyadenylation	7	4	1.35	0.02935	1	BP
GO:0097152	mesenchymal cell apoptotic process	7	4	1.35	0.02935	1	BP
GO:1901222	regulation of NIK/NF-kappaB signaling	7	4	1.35	0.02935	1	BP
GO:0050771	negative regulation of axonogenesis	7	4	1.35	0.02935	1	BP
GO:0009582	detection of abiotic stimulus	60	18	11.59	0.02937	1	BP
GO:0006816	calcium ion transport	73	21	14.1	0.03082	1	BP
GO:0043620	regulation of DNA-templated transcriptio...	17	7	3.28	0.03108	1	BP
GO:0043618	regulation of transcription from RNA pol...	17	7	3.28	0.03108	1	BP
GO:0090307	mitotic spindle assembly	17	7	3.28	0.03108	1	BP
GO:0050851	antigen receptor-mediated signaling path...	17	7	3.28	0.03108	1	BP
GO:0007626	locomotory behavior	108	29	20.87	0.0313	1	BP
GO:0016236	macroautophagy	48	15	9.27	0.03156	1	BP
GO:0007631	feeding behavior	48	15	9.27	0.03156	1	BP
GO:0051963	regulation of synapse assembly	48	15	9.27	0.03156	1	BP
GO:0009416	response to light stimulus	82	23	15.84	0.03257	1	BP
GO:0051492	regulation of stress fiber assembly	21	8	4.06	0.03497	1	BP
GO:0042745	circadian sleep/wake cycle	21	8	4.06	0.03497	1	BP
GO:0042749	regulation of circadian sleep/wake cycle	21	8	4.06	0.03497	1	BP
GO:0071241	cellular response to inorganic substance	57	17	11.01	0.03564	1	BP
GO:0009581	detection of external stimulus	57	17	11.01	0.03564	1	BP
GO:0045944	positive regulation of transcription by ...	210	51	40.57	0.03572	1	BP
GO:0042067	establishment of ommatidial planar polar...	14	6	2.7	0.03707	1	BP
GO:0060998	regulation of dendritic spine developmen...	14	6	2.7	0.03707	1	BP
GO:0019216	regulation of lipid metabolic process	70	20	13.52	0.03712	1	BP
GO:0036490	regulation of translation in response to...	2	2	0.39	0.03725	1	BP
GO:0021767	mammillary body development	2	2	0.39	0.03725	1	BP
GO:0045662	negative regulation of myoblast differen...	2	2	0.39	0.03725	1	BP
GO:0008348	negative regulation of antimicrobial hum...	2	2	0.39	0.03725	1	BP
GO:0034608	vulval location	2	2	0.39	0.03725	1	BP
GO:0010872	regulation of cholesterol esterification	2	2	0.39	0.03725	1	BP
GO:0010874	regulation of cholesterol efflux	2	2	0.39	0.03725	1	BP
GO:0001829	trophectodermal cell differentiation	2	2	0.39	0.03725	1	BP
GO:0021855	hypothalamus cell migration	2	2	0.39	0.03725	1	BP
GO:0042994	cytoplasmic sequestering of transcriptio...	2	2	0.39	0.03725	1	BP
GO:0002921	negative regulation of humoral immune re...	2	2	0.39	0.03725	1	BP
GO:0030587	sorocarp development	2	2	0.39	0.03725	1	BP
GO:0060074	synapse maturation	2	2	0.39	0.03725	1	BP
GO:0010511	regulation of phosphatidylinositol biosy...	2	2	0.39	0.03725	1	BP
GO:0010513	positive regulation of phosphatidylinosi...	2	2	0.39	0.03725	1	BP
GO:0032371	regulation of sterol transport	2	2	0.39	0.03725	1	BP
GO:0032374	regulation of cholesterol transport	2	2	0.39	0.03725	1	BP
GO:0071073	positive regulation of phospholipid bios...	2	2	0.39	0.03725	1	BP
GO:0040021	hermaphrodite germ-line sex determinatio...	2	2	0.39	0.03725	1	BP
GO:0099120	socially cooperative development	2	2	0.39	0.03725	1	BP
GO:0051000	positive regulation of nitric-oxide synt...	2	2	0.39	0.03725	1	BP
GO:0072284	metanephric S-shaped body morphogenesis	2	2	0.39	0.03725	1	BP
GO:0035309	wing and notum subfield formation	2	2	0.39	0.03725	1	BP
GO:1904290	negative regulation of mitotic DNA damag...	2	2	0.39	0.03725	1	BP
GO:1904289	regulation of mitotic DNA damage checkpo...	2	2	0.39	0.03725	1	BP
GO:1901977	negative regulation of cell cycle checkp...	2	2	0.39	0.03725	1	BP
GO:1900454	positive regulation of long-term synapti...	2	2	0.39	0.03725	1	BP
GO:0021985	neurohypophysis development	2	2	0.39	0.03725	1	BP
GO:0099563	modification of synaptic structure	2	2	0.39	0.03725	1	BP
GO:1900122	positive regulation of receptor binding	2	2	0.39	0.03725	1	BP
GO:1903334	positive regulation of protein folding	2	2	0.39	0.03725	1	BP
GO:0032847	regulation of cellular pH reduction	2	2	0.39	0.03725	1	BP
GO:0032849	positive regulation of cellular pH reduc...	2	2	0.39	0.03725	1	BP
GO:0003334	keratinocyte development	2	2	0.39	0.03725	1	BP
GO:0007225	patched ligand maturation	2	2	0.39	0.03725	1	BP
GO:0099638	endosome to plasma membrane protein tran...	2	2	0.39	0.03725	1	BP
GO:0031152	aggregation involved in sorocarp develop...	2	2	0.39	0.03725	1	BP
GO:0060743	epithelial cell maturation involved in p...	2	2	0.39	0.03725	1	BP
GO:0031268	pseudopodium organization	2	2	0.39	0.03725	1	BP
GO:0042006	masculinization of hermaphroditic germ-l...	2	2	0.39	0.03725	1	BP
GO:0035502	metanephric part of ureteric bud develop...	2	2	0.39	0.03725	1	BP
GO:0051835	positive regulation of synapse structura...	2	2	0.39	0.03725	1	BP
GO:2000002	negative regulation of DNA damage checkp...	2	2	0.39	0.03725	1	BP
GO:0002479	antigen processing and presentation of e...	2	2	0.39	0.03725	1	BP
GO:0061030	epithelial cell differentiation involved...	2	2	0.39	0.03725	1	BP
GO:0038189	neuropilin signaling pathway	2	2	0.39	0.03725	1	BP
GO:0006751	glutathione catabolic process	2	2	0.39	0.03725	1	BP
GO:0034465	response to carbon monoxide	2	2	0.39	0.03725	1	BP
GO:0034433	steroid esterification	2	2	0.39	0.03725	1	BP
GO:0034434	sterol esterification	2	2	0.39	0.03725	1	BP
GO:0034435	cholesterol esterification	2	2	0.39	0.03725	1	BP
GO:0009726	detection of endogenous stimulus	2	2	0.39	0.03725	1	BP
GO:1902732	positive regulation of chondrocyte proli...	2	2	0.39	0.03725	1	BP
GO:0097411	hypoxia-inducible factor-1alpha signalin...	2	2	0.39	0.03725	1	BP
GO:0061441	renal artery morphogenesis	2	2	0.39	0.03725	1	BP
GO:0061438	renal system vasculature morphogenesis	2	2	0.39	0.03725	1	BP
GO:0061439	kidney vasculature morphogenesis	2	2	0.39	0.03725	1	BP
GO:0070291	N-acylethanolamine metabolic process	2	2	0.39	0.03725	1	BP
GO:0098630	aggregation of unicellular organisms	2	2	0.39	0.03725	1	BP
GO:0072050	S-shaped body morphogenesis	2	2	0.39	0.03725	1	BP
GO:0002634	regulation of germinal center formation	2	2	0.39	0.03725	1	BP
GO:0051928	positive regulation of calcium ion trans...	25	9	4.83	0.03741	1	BP
GO:0051783	regulation of nuclear division	49	15	9.47	0.03772	1	BP
GO:0051171	regulation of nitrogen compound metaboli...	737	158	142.4	0.03866	1	BP
GO:0030431	sleep	29	10	5.6	0.0388	1	BP
GO:0050803	regulation of synapse structure or activ...	79	22	15.26	0.03901	1	BP
GO:0080090	regulation of primary metabolic process	763	163	147.42	0.03987	1	BP
GO:0019219	regulation of nucleobase-containing comp...	523	115	101.05	0.04258	1	BP
GO:0035773	insulin secretion involved in cellular r...	18	7	3.48	0.04267	1	BP
GO:0030317	flagellated sperm motility	18	7	3.48	0.04267	1	BP
GO:0061178	regulation of insulin secretion involved...	18	7	3.48	0.04267	1	BP
GO:0097722	sperm motility	18	7	3.48	0.04267	1	BP
GO:0048016	inositol phosphate-mediated signaling	11	5	2.13	0.04365	1	BP
GO:0031326	regulation of cellular biosynthetic proc...	544	119	105.11	0.04515	1	BP
GO:1901889	negative regulation of cell junction ass...	22	8	4.25	0.046	1	BP
GO:0071248	cellular response to metal ion	46	14	8.89	0.04601	1	BP
GO:0008582	regulation of synaptic assembly at neuro...	42	13	8.11	0.04714	1	BP
GO:1902115	regulation of organelle assembly	42	13	8.11	0.04714	1	BP
GO:0050770	regulation of axonogenesis	42	13	8.11	0.04714	1	BP
GO:0044106	cellular amine metabolic process	26	9	5.02	0.0478	1	BP
GO:0048583	regulation of response to stimulus	598	139	115.54	0.04792	1	BP
GO:0019222	regulation of metabolic process	869	183	167.9	0.04797	1	BP
GO:0035303	regulation of dephosphorylation	38	12	7.34	0.04802	1	BP
GO:0040008	regulation of growth	209	50	40.38	0.04809	1	BP
GO:0010921	regulation of phosphatase activity	30	10	5.8	0.04854	1	BP
GO:0042752	regulation of circadian rhythm	34	11	6.57	0.04854	1	BP
GO:0098927	vesicle-mediated transport between endos...	8	4	1.55	0.04991	1	BP
GO:0106056	regulation of calcineurin-mediated signa...	8	4	1.55	0.04991	1	BP
GO:0070936	protein K48-linked ubiquitination	8	4	1.55	0.04991	1	BP
GO:0071392	cellular response to estradiol stimulus	8	4	1.55	0.04991	1	BP
GO:0051497	negative regulation of stress fiber asse...	8	4	1.55	0.04991	1	BP
GO:0051412	response to corticosterone	8	4	1.55	0.04991	1	BP
GO:1903361	protein localization to basolateral plas...	8	4	1.55	0.04991	1	BP
GO:0038061	NIK/NF-kappaB signaling	8	4	1.55	0.04991	1	BP
GO:0009065	glutamine family amino acid catabolic pr...	8	4	1.55	0.04991	1	BP
GO:0031290	retinal ganglion cell axon guidance	8	4	1.55	0.04991	1	BP
GO:0051823	regulation of synapse structural plastic...	8	4	1.55	0.04991	1	BP
GO:0030301	cholesterol transport	8	4	1.55	0.04991	1	BP
GO:0090169	regulation of spindle assembly	8	4	1.55	0.04991	1	BP
GO:0042694	muscle cell fate specification	8	4	1.55	0.04991	1	BP
GO:0070884	regulation of calcineurin-NFAT signaling...	8	4	1.55	0.04991	1	BP
GO:0001782	B cell homeostasis	8	4	1.55	0.04991	1	BP
GO:0048667	cell morphogenesis involved in neuron di...	224	53	43.28	0.05115	1	BP
GO:0019319	hexose biosynthetic process	15	6	2.9	0.05203	1	BP
GO:0006094	gluconeogenesis	15	6	2.9	0.05203	1	BP
GO:0080164	regulation of nitric oxide metabolic pro...	15	6	2.9	0.05203	1	BP
GO:0009064	glutamine family amino acid metabolic pr...	15	6	2.9	0.05203	1	BP
GO:0046209	nitric oxide metabolic process	15	6	2.9	0.05203	1	BP
GO:0006809	nitric oxide biosynthetic process	15	6	2.9	0.05203	1	BP
GO:0045428	regulation of nitric oxide biosynthetic ...	15	6	2.9	0.05203	1	BP
GO:0048041	focal adhesion assembly	15	6	2.9	0.05203	1	BP
GO:0045661	regulation of myoblast differentiation	5	3	0.97	0.05261	1	BP
GO:2000641	regulation of early endosome to late end...	5	3	0.97	0.05261	1	BP
GO:0061526	acetylcholine secretion	5	3	0.97	0.05261	1	BP
GO:0036150	phosphatidylserine acyl-chain remodeling	5	3	0.97	0.05261	1	BP
GO:0007096	regulation of exit from mitosis	5	3	0.97	0.05261	1	BP
GO:0036257	multivesicular body organization	5	3	0.97	0.05261	1	BP
GO:0036258	multivesicular body assembly	5	3	0.97	0.05261	1	BP
GO:1903392	negative regulation of adherens junction...	5	3	0.97	0.05261	1	BP
GO:0051443	positive regulation of ubiquitin-protein...	5	3	0.97	0.05261	1	BP
GO:0002076	osteoblast development	5	3	0.97	0.05261	1	BP
GO:0002031	G protein-coupled receptor internalizati...	5	3	0.97	0.05261	1	BP
GO:0043171	peptide catabolic process	5	3	0.97	0.05261	1	BP
GO:0051589	negative regulation of neurotransmitter ...	5	3	0.97	0.05261	1	BP
GO:0046755	viral budding	5	3	0.97	0.05261	1	BP
GO:0045722	positive regulation of gluconeogenesis	5	3	0.97	0.05261	1	BP
GO:0072017	distal tubule development	5	3	0.97	0.05261	1	BP
GO:0048008	platelet-derived growth factor receptor ...	5	3	0.97	0.05261	1	BP
GO:2000811	negative regulation of anoikis	5	3	0.97	0.05261	1	BP
GO:0014848	urinary tract smooth muscle contraction	5	3	0.97	0.05261	1	BP
GO:0014832	urinary bladder smooth muscle contractio...	5	3	0.97	0.05261	1	BP
GO:0032042	mitochondrial DNA metabolic process	5	3	0.97	0.05261	1	BP
GO:0046929	negative regulation of neurotransmitter ...	5	3	0.97	0.05261	1	BP
GO:1904396	regulation of neuromuscular junction dev...	43	13	8.31	0.05618	1	BP
GO:0001952	regulation of cell-matrix adhesion	19	7	3.67	0.05672	1	BP
GO:0019730	antimicrobial humoral response	19	7	3.67	0.05672	1	BP
GO:0046889	positive regulation of lipid biosyntheti...	19	7	3.67	0.05672	1	BP
GO:0030216	keratinocyte differentiation	19	7	3.67	0.05672	1	BP
GO:0009267	cellular response to starvation	39	12	7.54	0.05774	1	BP
GO:0031669	cellular response to nutrient levels	56	16	10.82	0.05876	1	BP
GO:0009308	amine metabolic process	27	9	5.22	0.05994	1	BP
GO:0002429	immune response-activating cell surface ...	27	9	5.22	0.05994	1	BP
GO:0006970	response to osmotic stress	27	9	5.22	0.05994	1	BP
GO:1901796	regulation of signal transduction by p53...	27	9	5.22	0.05994	1	BP
GO:0009889	regulation of biosynthetic process	550	119	106.27	0.06132	1	BP
GO:0007638	mechanosensory behavior	12	5	2.32	0.0633	1	BP
GO:0009415	response to water	12	5	2.32	0.0633	1	BP
GO:0046552	photoreceptor cell fate commitment	12	5	2.32	0.0633	1	BP
GO:0045823	positive regulation of heart contraction	12	5	2.32	0.0633	1	BP
GO:0050852	T cell receptor signaling pathway	12	5	2.32	0.0633	1	BP
GO:0120039	plasma membrane bounded cell projection ...	227	53	43.86	0.06358	1	BP
GO:0048812	neuron projection morphogenesis	227	53	43.86	0.06358	1	BP
GO:0051924	regulation of calcium ion transport	44	13	8.5	0.06632	1	BP
GO:0009913	epidermal cell differentiation	57	16	11.01	0.06778	1	BP
GO:0001508	action potential	40	12	7.73	0.06868	1	BP
GO:2001057	reactive nitrogen species metabolic proc...	16	6	3.09	0.07016	1	BP
GO:0043050	pharyngeal pumping	16	6	3.09	0.07016	1	BP
GO:0048844	artery morphogenesis	16	6	3.09	0.07016	1	BP
GO:0061005	cell differentiation involved in kidney ...	16	6	3.09	0.07016	1	BP
GO:0046847	filopodium assembly	16	6	3.09	0.07016	1	BP
GO:0048512	circadian behavior	36	11	6.96	0.07083	1	BP
GO:0007622	rhythmic behavior	36	11	6.96	0.07083	1	BP
GO:0006644	phospholipid metabolic process	75	20	14.49	0.07147	1	BP
GO:0001558	regulation of cell growth	84	22	16.23	0.07193	1	BP
GO:1902905	positive regulation of supramolecular fi...	32	10	6.18	0.07263	1	BP
GO:0006006	glucose metabolic process	32	10	6.18	0.07263	1	BP
GO:0007601	visual perception	32	10	6.18	0.07263	1	BP
GO:0045834	positive regulation of lipid metabolic p...	32	10	6.18	0.07263	1	BP
GO:0048858	cell projection morphogenesis	229	53	44.25	0.07302	1	BP
GO:0045669	positive regulation of osteoblast differ...	20	7	3.86	0.07332	1	BP
GO:0019226	transmission of nerve impulse	20	7	3.86	0.07332	1	BP
GO:0060294	cilium movement involved in cell motilit...	20	7	3.86	0.07332	1	BP
GO:0050982	detection of mechanical stimulus	28	9	5.41	0.07389	1	BP
GO:0061387	regulation of extent of cell growth	28	9	5.41	0.07389	1	BP
GO:0032990	cell part morphogenesis	234	54	45.21	0.07403	1	BP
GO:0120035	regulation of plasma membrane bounded ce...	158	38	30.53	0.07409	1	BP
GO:0099173	postsynapse organization	24	8	4.64	0.07429	1	BP
GO:0010771	negative regulation of cell morphogenesi...	9	4	1.74	0.07649	1	BP
GO:0061844	antimicrobial humoral immune response me...	9	4	1.74	0.07649	1	BP
GO:0040026	positive regulation of vulval developmen...	9	4	1.74	0.07649	1	BP
GO:0072210	metanephric nephron development	9	4	1.74	0.07649	1	BP
GO:0010907	positive regulation of glucose metabolic...	9	4	1.74	0.07649	1	BP
GO:0021984	adenohypophysis development	9	4	1.74	0.07649	1	BP
GO:0007271	synaptic transmission, cholinergic	9	4	1.74	0.07649	1	BP
GO:0046528	imaginal disc fusion	9	4	1.74	0.07649	1	BP
GO:0046529	imaginal disc fusion, thorax closure	9	4	1.74	0.07649	1	BP
GO:0016197	endosomal transport	45	13	8.69	0.0776	1	BP
GO:0040011	locomotion	437	100	84.43	0.08007	1	BP
GO:0031344	regulation of cell projection organizati...	159	38	30.72	0.08025	1	BP
GO:0097193	intrinsic apoptotic signaling pathway	54	15	10.43	0.08167	1	BP
GO:0006366	transcription by RNA polymerase II	372	82	71.87	0.08187	1	BP
GO:0009628	response to abiotic stimulus	286	74	55.26	0.08369	1	BP
GO:0006357	regulation of transcription by RNA polym...	358	79	69.17	0.08529	1	BP
GO:0002764	immune response-regulating signaling pat...	50	14	9.66	0.0858	1	BP
GO:0030278	regulation of ossification	50	14	9.66	0.0858	1	BP
GO:0050953	sensory perception of light stimulus	33	10	6.38	0.08707	1	BP
GO:0010927	cellular component assembly involved in ...	33	10	6.38	0.08707	1	BP
GO:0002757	immune response-activating signal transd...	33	10	6.38	0.08707	1	BP
GO:0030308	negative regulation of cell growth	33	10	6.38	0.08707	1	BP
GO:0050975	sensory perception of touch	13	5	2.51	0.08712	1	BP
GO:0140253	cell-cell fusion	13	5	2.51	0.08712	1	BP
GO:0000768	syncytium formation by plasma membrane f...	13	5	2.51	0.08712	1	BP
GO:0007520	myoblast fusion	13	5	2.51	0.08712	1	BP
GO:1903727	positive regulation of phospholipid meta...	13	5	2.51	0.08712	1	BP
GO:0043551	regulation of phosphatidylinositol 3-kin...	13	5	2.51	0.08712	1	BP
GO:0035904	aorta development	13	5	2.51	0.08712	1	BP
GO:0045744	negative regulation of G protein-coupled...	13	5	2.51	0.08712	1	BP
GO:0006949	syncytium formation	13	5	2.51	0.08712	1	BP
GO:0032007	negative regulation of TOR signaling	13	5	2.51	0.08712	1	BP
GO:0048609	multicellular organismal reproductive pr...	329	73	63.57	0.08749	1	BP
GO:0030072	peptide hormone secretion	59	16	11.4	0.0885	1	BP
GO:0018958	phenol-containing compound metabolic pro...	29	9	5.6	0.08968	1	BP
GO:0006470	protein dephosphorylation	46	13	8.89	0.09005	1	BP
GO:0021783	preganglionic parasympathetic fiber deve...	6	3	1.16	0.09041	1	BP
GO:2001053	regulation of mesenchymal cell apoptotic...	6	3	1.16	0.09041	1	BP
GO:0048486	parasympathetic nervous system developme...	6	3	1.16	0.09041	1	BP
GO:0070987	error-free translesion synthesis	6	3	1.16	0.09041	1	BP
GO:0019731	antibacterial humoral response	6	3	1.16	0.09041	1	BP
GO:0035223	leg disc pattern formation	6	3	1.16	0.09041	1	BP
GO:0048668	collateral sprouting	6	3	1.16	0.09041	1	BP
GO:0032509	endosome transport via multivesicular bo...	6	3	1.16	0.09041	1	BP
GO:0042069	regulation of catecholamine metabolic pr...	6	3	1.16	0.09041	1	BP
GO:0042053	regulation of dopamine metabolic process	6	3	1.16	0.09041	1	BP
GO:0015870	acetylcholine transport	6	3	1.16	0.09041	1	BP
GO:0051894	positive regulation of focal adhesion as...	6	3	1.16	0.09041	1	BP
GO:0051599	response to hydrostatic pressure	6	3	1.16	0.09041	1	BP
GO:0006297	nucleotide-excision repair, DNA gap fill...	6	3	1.16	0.09041	1	BP
GO:2000310	regulation of NMDA receptor activity	6	3	1.16	0.09041	1	BP
GO:0098743	cell aggregation	6	3	1.16	0.09041	1	BP
GO:0046843	dorsal appendage formation	6	3	1.16	0.09041	1	BP
GO:0042276	error-prone translesion synthesis	6	3	1.16	0.09041	1	BP
GO:0150117	positive regulation of cell-substrate ju...	6	3	1.16	0.09041	1	BP
GO:1901374	acetate ester transport	6	3	1.16	0.09041	1	BP
GO:0061298	retina vasculature development in camera...	6	3	1.16	0.09041	1	BP
GO:0019068	virion assembly	6	3	1.16	0.09041	1	BP
GO:0030225	macrophage differentiation	6	3	1.16	0.09041	1	BP
GO:0070509	calcium ion import	17	6	3.28	0.09147	1	BP
GO:0021983	pituitary gland development	17	6	3.28	0.09147	1	BP
GO:0043949	regulation of cAMP-mediated signaling	17	6	3.28	0.09147	1	BP
GO:0042693	muscle cell fate commitment	17	6	3.28	0.09147	1	BP
GO:0007589	body fluid secretion	25	8	4.83	0.09164	1	BP
GO:0008045	motor neuron axon guidance	25	8	4.83	0.09164	1	BP
GO:0006959	humoral immune response	25	8	4.83	0.09164	1	BP
GO:0048584	positive regulation of response to stimu...	325	72	62.79	0.09194	1	BP
GO:0001539	cilium or flagellum-dependent cell motil...	21	7	4.06	0.09249	1	BP
GO:0060179	male mating behavior	21	7	4.06	0.09249	1	BP
GO:0060285	cilium-dependent cell motility	21	7	4.06	0.09249	1	BP
GO:0051591	response to cAMP	21	7	4.06	0.09249	1	BP
GO:0032006	regulation of TOR signaling	21	7	4.06	0.09249	1	BP
GO:0002118	aggressive behavior	17	11	3.28	0.09448	1	BP
GO:0048523	negative regulation of cellular process	745	164	143.94	0.0945	1	BP
GO:0050776	regulation of immune response	82	21	15.84	0.09455	1	BP
GO:0009314	response to radiation	105	26	20.29	0.09525	1	BP
GO:0045935	positive regulation of nucleobase-contai...	311	69	60.09	0.09557	1	BP
GO:0007186	G protein-coupled receptor signaling pat...	133	32	25.7	0.09572	1	BP
GO:0090304	nucleic acid metabolic process	676	142	130.61	0.09667	1	BP
GO:0007409	axonogenesis	171	40	33.04	0.09716	1	BP
GO:1990806	ligand-gated ion channel signaling pathw...	3	2	0.58	0.09742	1	BP
GO:0010749	regulation of nitric oxide mediated sign...	3	2	0.58	0.09742	1	BP
GO:0001705	ectoderm formation	3	2	0.58	0.09742	1	BP
GO:0036480	neuron intrinsic apoptotic signaling pat...	3	2	0.58	0.09742	1	BP
GO:0034606	response to hermaphrodite contact	3	2	0.58	0.09742	1	BP
GO:0033241	regulation of cellular amine catabolic p...	3	2	0.58	0.09742	1	BP
GO:0033242	negative regulation of cellular amine ca...	3	2	0.58	0.09742	1	BP
GO:0033239	negative regulation of cellular amine me...	3	2	0.58	0.09742	1	BP
GO:0033209	tumor necrosis factor-mediated signaling...	3	2	0.58	0.09742	1	BP
GO:0060083	smooth muscle contraction involved in mi...	3	2	0.58	0.09742	1	BP
GO:0060073	micturition	3	2	0.58	0.09742	1	BP
GO:1900081	regulation of arginine catabolic process	3	2	0.58	0.09742	1	BP
GO:1900082	negative regulation of arginine cataboli...	3	2	0.58	0.09742	1	BP
GO:0032366	intracellular sterol transport	3	2	0.58	0.09742	1	BP
GO:0010523	negative regulation of calcium ion trans...	3	2	0.58	0.09742	1	BP
GO:0032367	intracellular cholesterol transport	3	2	0.58	0.09742	1	BP
GO:0010510	regulation of acetyl-CoA biosynthetic pr...	3	2	0.58	0.09742	1	BP
GO:0030502	negative regulation of bone mineralizati...	3	2	0.58	0.09742	1	BP
GO:0090611	ubiquitin-independent protein catabolic ...	3	2	0.58	0.09742	1	BP
GO:0021561	facial nerve development	3	2	0.58	0.09742	1	BP
GO:0021562	vestibulocochlear nerve development	3	2	0.58	0.09742	1	BP
GO:0072177	mesonephric duct development	3	2	0.58	0.09742	1	BP
GO:0048138	germ-line cyst encapsulation	3	2	0.58	0.09742	1	BP
GO:0010616	negative regulation of cardiac muscle ad...	3	2	0.58	0.09742	1	BP
GO:0021610	facial nerve morphogenesis	3	2	0.58	0.09742	1	BP
GO:0045924	regulation of female receptivity	3	2	0.58	0.09742	1	BP
GO:0106057	negative regulation of calcineurin-media...	3	2	0.58	0.09742	1	BP
GO:0050912	detection of chemical stimulus involved ...	3	2	0.58	0.09742	1	BP
GO:0060315	negative regulation of ryanodine-sensiti...	3	2	0.58	0.09742	1	BP
GO:1900376	regulation of secondary metabolite biosy...	3	2	0.58	0.09742	1	BP
GO:1900377	negative regulation of secondary metabol...	3	2	0.58	0.09742	1	BP
GO:0032224	positive regulation of synaptic transmis...	3	2	0.58	0.09742	1	BP
GO:0071386	cellular response to corticosterone stim...	3	2	0.58	0.09742	1	BP
GO:0032230	positive regulation of synaptic transmis...	3	2	0.58	0.09742	1	BP
GO:0060487	lung epithelial cell differentiation	3	2	0.58	0.09742	1	BP
GO:0007479	leg disc proximal/distal pattern formati...	3	2	0.58	0.09742	1	BP
GO:0010911	regulation of isomerase activity	3	2	0.58	0.09742	1	BP
GO:0010912	positive regulation of isomerase activit...	3	2	0.58	0.09742	1	BP
GO:0010944	negative regulation of transcription by ...	3	2	0.58	0.09742	1	BP
GO:0032770	positive regulation of monooxygenase act...	3	2	0.58	0.09742	1	BP
GO:0006086	acetyl-CoA biosynthetic process from pyr...	3	2	0.58	0.09742	1	BP
GO:0060180	female mating behavior	3	2	0.58	0.09742	1	BP
GO:0007172	signal complex assembly	3	2	0.58	0.09742	1	BP
GO:1903376	regulation of oxidative stress-induced n...	3	2	0.58	0.09742	1	BP
GO:0044785	metaphase/anaphase transition of meiotic...	3	2	0.58	0.09742	1	BP
GO:0035235	ionotropic glutamate receptor signaling ...	3	2	0.58	0.09742	1	BP
GO:0007211	octopamine or tyramine signaling pathway	3	2	0.58	0.09742	1	BP
GO:1900272	negative regulation of long-term synapti...	3	2	0.58	0.09742	1	BP
GO:0007202	activation of phospholipase C activity	3	2	0.58	0.09742	1	BP
GO:0035735	intraciliary transport involved in ciliu...	3	2	0.58	0.09742	1	BP
GO:0051280	negative regulation of release of seques...	3	2	0.58	0.09742	1	BP
GO:0051284	positive regulation of sequestering of c...	3	2	0.58	0.09742	1	BP
GO:0043455	regulation of secondary metabolic proces...	3	2	0.58	0.09742	1	BP
GO:0006359	regulation of transcription by RNA polym...	3	2	0.58	0.09742	1	BP
GO:1903243	negative regulation of cardiac muscle hy...	3	2	0.58	0.09742	1	BP
GO:1903248	regulation of citrulline biosynthetic pr...	3	2	0.58	0.09742	1	BP
GO:1903249	negative regulation of citrulline biosyn...	3	2	0.58	0.09742	1	BP
GO:0000820	regulation of glutamine family amino aci...	3	2	0.58	0.09742	1	BP
GO:0000821	regulation of arginine metabolic process	3	2	0.58	0.09742	1	BP
GO:0007567	parturition	3	2	0.58	0.09742	1	BP
GO:0014055	acetylcholine secretion, neurotransmissi...	3	2	0.58	0.09742	1	BP
GO:0014056	regulation of acetylcholine secretion, n...	3	2	0.58	0.09742	1	BP
GO:0150003	regulation of spontaneous synaptic trans...	3	2	0.58	0.09742	1	BP
GO:0060539	diaphragm development	3	2	0.58	0.09742	1	BP
GO:0097070	ductus arteriosus closure	3	2	0.58	0.09742	1	BP
GO:0060600	dichotomous subdivision of an epithelial...	3	2	0.58	0.09742	1	BP
GO:0090077	foam cell differentiation	3	2	0.58	0.09742	1	BP
GO:0061057	peptidoglycan recognition protein signal...	3	2	0.58	0.09742	1	BP
GO:0002467	germinal center formation	3	2	0.58	0.09742	1	BP
GO:0030070	insulin processing	3	2	0.58	0.09742	1	BP
GO:0042438	melanin biosynthetic process	3	2	0.58	0.09742	1	BP
GO:0042439	ethanolamine-containing compound metabol...	3	2	0.58	0.09742	1	BP
GO:1902102	regulation of metaphase/anaphase transit...	3	2	0.58	0.09742	1	BP
GO:2000371	regulation of DNA topoisomerase (ATP-hyd...	3	2	0.58	0.09742	1	BP
GO:2000373	positive regulation of DNA topoisomerase...	3	2	0.58	0.09742	1	BP
GO:0006896	Golgi to vacuole transport	3	2	0.58	0.09742	1	BP
GO:0035970	peptidyl-threonine dephosphorylation	3	2	0.58	0.09742	1	BP
GO:1902255	positive regulation of intrinsic apoptot...	3	2	0.58	0.09742	1	BP
GO:0006825	copper ion transport	3	2	0.58	0.09742	1	BP
GO:1902237	positive regulation of endoplasmic retic...	3	2	0.58	0.09742	1	BP
GO:0098736	negative regulation of the force of hear...	3	2	0.58	0.09742	1	BP
GO:0045454	cell redox homeostasis	3	2	0.58	0.09742	1	BP
GO:0006521	regulation of cellular amino acid metabo...	3	2	0.58	0.09742	1	BP
GO:0051968	positive regulation of synaptic transmis...	3	2	0.58	0.09742	1	BP
GO:0098814	spontaneous synaptic transmission	3	2	0.58	0.09742	1	BP
GO:1905132	regulation of meiotic chromosome separat...	3	2	0.58	0.09742	1	BP
GO:0070459	prolactin secretion	3	2	0.58	0.09742	1	BP
GO:0002775	antimicrobial peptide production	3	2	0.58	0.09742	1	BP
GO:2000107	negative regulation of leukocyte apoptot...	3	2	0.58	0.09742	1	BP
GO:0110150	negative regulation of biomineralization	3	2	0.58	0.09742	1	BP
GO:0070168	negative regulation of biomineral tissue...	3	2	0.58	0.09742	1	BP
GO:0090435	protein localization to nuclear envelope	3	2	0.58	0.09742	1	BP
GO:2000282	regulation of cellular amino acid biosyn...	3	2	0.58	0.09742	1	BP
GO:2000283	negative regulation of cellular amino ac...	3	2	0.58	0.09742	1	BP
GO:0045299	otolith mineralization	3	2	0.58	0.09742	1	BP
GO:0061440	kidney vasculature development	3	2	0.58	0.09742	1	BP
GO:0061437	renal system vasculature development	3	2	0.58	0.09742	1	BP
GO:0016080	synaptic vesicle targeting	3	2	0.58	0.09742	1	BP
GO:0042590	antigen processing and presentation of e...	3	2	0.58	0.09742	1	BP
GO:0070229	negative regulation of lymphocyte apopto...	3	2	0.58	0.09742	1	BP
GO:0045763	negative regulation of cellular amino ac...	3	2	0.58	0.09742	1	BP
GO:0014745	negative regulation of muscle adaptation	3	2	0.58	0.09742	1	BP
GO:0048021	regulation of melanin biosynthetic proce...	3	2	0.58	0.09742	1	BP
GO:0048022	negative regulation of melanin biosynthe...	3	2	0.58	0.09742	1	BP
GO:0061299	retina vasculature morphogenesis in came...	3	2	0.58	0.09742	1	BP
GO:1990791	dorsal root ganglion development	3	2	0.58	0.09742	1	BP
GO:0030238	male sex determination	3	2	0.58	0.09742	1	BP
GO:0006930	substrate-dependent cell migration, cell...	3	2	0.58	0.09742	1	BP
GO:0070885	negative regulation of calcineurin-NFAT ...	3	2	0.58	0.09742	1	BP
GO:2000543	positive regulation of gastrulation	3	2	0.58	0.09742	1	BP
GO:0010751	negative regulation of nitric oxide medi...	3	2	0.58	0.09742	1	BP
GO:0050812	regulation of acyl-CoA biosynthetic proc...	3	2	0.58	0.09742	1	BP
GO:0007154	cell communication	826	188	159.59	0.09818	1	BP
GO:2000377	regulation of reactive oxygen species me...	38	11	7.34	0.09878	1	BP
GO:0051128	regulation of cellular component organiz...	434	98	83.85	0.10087	1	BP
GO:0031328	positive regulation of cellular biosynth...	322	71	62.21	0.10193	1	BP
GO:0009891	positive regulation of biosynthetic proc...	327	72	63.18	0.10239	1	BP
GO:0050806	positive regulation of synaptic transmis...	34	10	6.57	0.10313	1	BP
GO:0006109	regulation of carbohydrate metabolic pro...	34	10	6.57	0.10313	1	BP
GO:0051480	regulation of cytosolic calcium ion conc...	56	15	10.82	0.10597	1	BP
GO:0009605	response to external stimulus	493	114	95.25	0.10767	1	BP
GO:2000112	regulation of cellular macromolecule bio...	502	107	96.99	0.10779	1	BP
GO:0010676	positive regulation of cellular carbohyd...	10	4	1.93	0.10869	1	BP
GO:0050961	detection of temperature stimulus involv...	10	4	1.93	0.10869	1	BP
GO:0050962	detection of light stimulus involved in ...	10	4	1.93	0.10869	1	BP
GO:0050965	detection of temperature stimulus involv...	10	4	1.93	0.10869	1	BP
GO:0050907	detection of chemical stimulus involved ...	10	4	1.93	0.10869	1	BP
GO:0050908	detection of light stimulus involved in ...	10	4	1.93	0.10869	1	BP
GO:0032232	negative regulation of actin filament bu...	10	4	1.93	0.10869	1	BP
GO:0051438	regulation of ubiquitin-protein transfer...	10	4	1.93	0.10869	1	BP
GO:0038094	Fc-gamma receptor signaling pathway	10	4	1.93	0.10869	1	BP
GO:0038096	Fc-gamma receptor signaling pathway invo...	10	4	1.93	0.10869	1	BP
GO:0035850	epithelial cell differentiation involved...	10	4	1.93	0.10869	1	BP
GO:0061063	positive regulation of nematode larval d...	10	4	1.93	0.10869	1	BP
GO:0002433	immune response-regulating cell surface ...	10	4	1.93	0.10869	1	BP
GO:0060999	positive regulation of dendritic spine d...	10	4	1.93	0.10869	1	BP
GO:0042149	cellular response to glucose starvation	10	4	1.93	0.10869	1	BP
GO:0097352	autophagosome maturation	10	4	1.93	0.10869	1	BP
GO:0045739	positive regulation of DNA repair	10	4	1.93	0.10869	1	BP
GO:0098916	anterograde trans-synaptic signaling	155	46	29.95	0.10948	1	BP
GO:0099536	synaptic signaling	155	46	29.95	0.10948	1	BP
GO:0099537	trans-synaptic signaling	155	46	29.95	0.10948	1	BP
GO:0007268	chemical synaptic transmission	155	46	29.95	0.10948	1	BP
GO:0032989	cellular component morphogenesis	289	64	55.84	0.10961	1	BP
GO:0033135	regulation of peptidyl-serine phosphoryl...	26	8	5.02	0.11112	1	BP
GO:0051225	spindle assembly	26	8	5.02	0.11112	1	BP
GO:0034250	positive regulation of cellular amide me...	26	8	5.02	0.11112	1	BP
GO:0048511	rhythmic process	79	20	15.26	0.11113	1	BP
GO:0032535	regulation of cellular component size	92	25	17.78	0.11412	1	BP
GO:0060840	artery development	22	7	4.25	0.11419	1	BP
GO:0061337	cardiac conduction	22	7	4.25	0.11419	1	BP
GO:0050877	nervous system process	255	61	49.27	0.11429	1	BP
GO:0043085	positive regulation of catalytic activit...	207	47	39.99	0.11441	1	BP
GO:0051338	regulation of transferase activity	159	37	30.72	0.11452	1	BP
GO:0006302	double-strand break repair	39	11	7.54	0.1149	1	BP
GO:0002253	activation of immune response	39	11	7.54	0.1149	1	BP
GO:0072009	nephron epithelium development	39	11	7.54	0.1149	1	BP
GO:0007032	endosome organization	14	5	2.7	0.11493	1	BP
GO:0040019	positive regulation of embryonic develop...	14	5	2.7	0.11493	1	BP
GO:0016239	positive regulation of macroautophagy	14	5	2.7	0.11493	1	BP
GO:0106030	neuron projection fasciculation	14	5	2.7	0.11493	1	BP
GO:0010923	negative regulation of phosphatase activ...	14	5	2.7	0.11493	1	BP
GO:0007413	axonal fasciculation	14	5	2.7	0.11493	1	BP
GO:2001244	positive regulation of intrinsic apoptot...	14	5	2.7	0.11493	1	BP
GO:0031124	mRNA 3'-end processing	14	5	2.7	0.11493	1	BP
GO:0007595	lactation	14	5	2.7	0.11493	1	BP
GO:0070059	intrinsic apoptotic signaling pathway in...	14	5	2.7	0.11493	1	BP
GO:2000378	negative regulation of reactive oxygen s...	14	5	2.7	0.11493	1	BP
GO:0033138	positive regulation of peptidyl-serine p...	18	6	3.48	0.11587	1	BP
GO:0046364	monosaccharide biosynthetic process	18	6	3.48	0.11587	1	BP
GO:1903725	regulation of phospholipid metabolic pro...	18	6	3.48	0.11587	1	BP
GO:0006282	regulation of DNA repair	18	6	3.48	0.11587	1	BP
GO:0030004	cellular monovalent inorganic cation hom...	18	6	3.48	0.11587	1	BP
GO:0009593	detection of chemical stimulus	18	6	3.48	0.11587	1	BP
GO:0061180	mammary gland epithelium development	18	6	3.48	0.11587	1	BP
GO:0044087	regulation of cellular component biogene...	193	44	37.29	0.11793	1	BP
GO:0072593	reactive oxygen species metabolic proces...	48	13	9.27	0.11846	1	BP
GO:0023052	signaling	820	186	158.43	0.11915	1	BP
GO:0042391	regulation of membrane potential	89	22	17.2	0.12016	1	BP
GO:0051017	actin filament bundle assembly	35	10	6.76	0.12079	1	BP
GO:0021536	diencephalon development	35	10	6.76	0.12079	1	BP
GO:0050905	neuromuscular process	35	10	6.76	0.12079	1	BP
GO:0008306	associative learning	51	18	9.85	0.12368	1	BP
GO:0120032	regulation of plasma membrane bounded ce...	44	12	8.5	0.12526	1	BP
GO:0060491	regulation of cell projection assembly	44	12	8.5	0.12526	1	BP
GO:0051258	protein polymerization	44	12	8.5	0.12526	1	BP
GO:1902531	regulation of intracellular signal trans...	293	67	56.61	0.12535	1	BP
GO:0050790	regulation of catalytic activity	308	71	59.51	0.12564	1	BP
GO:0055082	cellular chemical homeostasis	146	34	28.21	0.12572	1	BP
GO:1902903	regulation of supramolecular fiber organ...	62	16	11.98	0.12647	1	BP
GO:0055067	monovalent inorganic cation homeostasis	31	9	5.99	0.12675	1	BP
GO:0019933	cAMP-mediated signaling	31	9	5.99	0.12675	1	BP
GO:0000209	protein polyubiquitination	53	14	10.24	0.12677	1	BP
GO:0048518	positive regulation of biological proces...	848	177	163.84	0.12789	1	BP
GO:0071229	cellular response to acid chemical	40	11	7.73	0.13244	1	BP
GO:0030336	negative regulation of cell migration	40	11	7.73	0.13244	1	BP
GO:0072347	response to anesthetic	27	8	5.22	0.13267	1	BP
GO:0030516	regulation of axon extension	27	8	5.22	0.13267	1	BP
GO:0032231	regulation of actin filament bundle asse...	27	8	5.22	0.13267	1	BP
GO:1904888	cranial skeletal system development	27	8	5.22	0.13267	1	BP
GO:0043112	receptor metabolic process	27	8	5.22	0.13267	1	BP
GO:0043524	negative regulation of neuron apoptotic ...	27	8	5.22	0.13267	1	BP
GO:0046683	response to organophosphorus	27	8	5.22	0.13267	1	BP
GO:0006997	nucleus organization	27	8	5.22	0.13267	1	BP
GO:0007605	sensory perception of sound	49	13	9.47	0.13442	1	BP
GO:0009749	response to glucose	49	13	9.47	0.13442	1	BP
GO:1904062	regulation of cation transmembrane trans...	49	13	9.47	0.13442	1	BP
GO:0006355	regulation of DNA-templated transcriptio...	447	95	86.36	0.13475	1	BP
GO:0007163	establishment or maintenance of cell pol...	81	20	15.65	0.13526	1	BP
GO:0055075	potassium ion homeostasis	7	3	1.35	0.1362	1	BP
GO:0018992	germ-line sex determination	7	3	1.35	0.1362	1	BP
GO:0060088	auditory receptor cell stereocilium orga...	7	3	1.35	0.1362	1	BP
GO:1900024	regulation of substrate adhesion-depende...	7	3	1.35	0.1362	1	BP
GO:0051001	negative regulation of nitric-oxide synt...	7	3	1.35	0.1362	1	BP
GO:0072273	metanephric nephron morphogenesis	7	3	1.35	0.1362	1	BP
GO:1904406	negative regulation of nitric oxide meta...	7	3	1.35	0.1362	1	BP
GO:0051353	positive regulation of oxidoreductase ac...	7	3	1.35	0.1362	1	BP
GO:0071305	cellular response to vitamin D	7	3	1.35	0.1362	1	BP
GO:0051452	intracellular pH reduction	7	3	1.35	0.1362	1	BP
GO:0007296	vitellogenesis	7	3	1.35	0.1362	1	BP
GO:0008631	intrinsic apoptotic signaling pathway in...	7	3	1.35	0.1362	1	BP
GO:0071295	cellular response to vitamin	7	3	1.35	0.1362	1	BP
GO:1903427	negative regulation of reactive oxygen s...	7	3	1.35	0.1362	1	BP
GO:0002093	auditory receptor cell morphogenesis	7	3	1.35	0.1362	1	BP
GO:0043278	response to morphine	7	3	1.35	0.1362	1	BP
GO:0014072	response to isoquinoline alkaloid	7	3	1.35	0.1362	1	BP
GO:0014044	Schwann cell development	7	3	1.35	0.1362	1	BP
GO:0045019	negative regulation of nitric oxide bios...	7	3	1.35	0.1362	1	BP
GO:0046856	phosphatidylinositol dephosphorylation	7	3	1.35	0.1362	1	BP
GO:2000479	regulation of cAMP-dependent protein kin...	7	3	1.35	0.1362	1	BP
GO:0097320	plasma membrane tubulation	7	3	1.35	0.1362	1	BP
GO:0071985	multivesicular body sorting pathway	7	3	1.35	0.1362	1	BP
GO:0000920	septum digestion after cytokinesis	7	3	1.35	0.1362	1	BP
GO:0030488	tRNA methylation	7	3	1.35	0.1362	1	BP
GO:2000209	regulation of anoikis	7	3	1.35	0.1362	1	BP
GO:1904058	positive regulation of sensory perceptio...	7	3	1.35	0.1362	1	BP
GO:0120034	positive regulation of plasma membrane b...	23	7	4.44	0.1383	1	BP
GO:0007044	cell-substrate junction assembly	23	7	4.44	0.1383	1	BP
GO:0001658	branching involved in ureteric bud morph...	23	7	4.44	0.1383	1	BP
GO:2001257	regulation of cation channel activity	23	7	4.44	0.1383	1	BP
GO:0043433	negative regulation of DNA-binding trans...	23	7	4.44	0.1383	1	BP
GO:0031646	positive regulation of nervous system pr...	23	7	4.44	0.1383	1	BP
GO:0006576	cellular biogenic amine metabolic proces...	23	7	4.44	0.1383	1	BP
GO:0150115	cell-substrate junction organization	23	7	4.44	0.1383	1	BP
GO:0042755	eating behavior	23	7	4.44	0.1383	1	BP
GO:0032504	multicellular organism reproduction	343	74	66.27	0.13909	1	BP
GO:0060627	regulation of vesicle-mediated transport	100	24	19.32	0.13942	1	BP
GO:0061572	actin filament bundle organization	36	10	6.96	0.14	1	BP
GO:0071326	cellular response to monosaccharide stim...	36	10	6.96	0.14	1	BP
GO:0071331	cellular response to hexose stimulus	36	10	6.96	0.14	1	BP
GO:0071333	cellular response to glucose stimulus	36	10	6.96	0.14	1	BP
GO:0019935	cyclic-nucleotide-mediated signaling	36	10	6.96	0.14	1	BP
GO:0048585	negative regulation of response to stimu...	279	61	53.91	0.14091	1	BP
GO:0050878	regulation of body fluid levels	63	16	12.17	0.14096	1	BP
GO:0048167	regulation of synaptic plasticity	45	12	8.69	0.14259	1	BP
GO:0110053	regulation of actin filament organizatio...	45	12	8.69	0.14259	1	BP
GO:0030003	cellular cation homeostasis	105	25	20.29	0.14286	1	BP
GO:1903426	regulation of reactive oxygen species bi...	19	6	3.67	0.14318	1	BP
GO:1902017	regulation of cilium assembly	19	6	3.67	0.14318	1	BP
GO:0007411	axon guidance	124	29	23.96	0.14351	1	BP
GO:0061564	axon development	177	40	34.2	0.14554	1	BP
GO:0090504	epiboly	11	4	2.13	0.14586	1	BP
GO:0090659	walking behavior	11	4	2.13	0.14586	1	BP
GO:0021533	cell differentiation in hindbrain	11	4	2.13	0.14586	1	BP
GO:0099175	regulation of postsynapse organization	11	4	2.13	0.14586	1	BP
GO:0043051	regulation of pharyngeal pumping	11	4	2.13	0.14586	1	BP
GO:1990928	response to amino acid starvation	11	4	2.13	0.14586	1	BP
GO:0007450	dorsal/ventral pattern formation, imagin...	11	4	2.13	0.14586	1	BP
GO:0048582	positive regulation of post-embryonic de...	11	4	2.13	0.14586	1	BP
GO:0060236	regulation of mitotic spindle organizati...	11	4	2.13	0.14586	1	BP
GO:0046189	phenol-containing compound biosynthetic ...	11	4	2.13	0.14586	1	BP
GO:0007628	adult walking behavior	11	4	2.13	0.14586	1	BP
GO:0042417	dopamine metabolic process	11	4	2.13	0.14586	1	BP
GO:0034198	cellular response to amino acid starvati...	11	4	2.13	0.14586	1	BP
GO:2000106	regulation of leukocyte apoptotic proces...	11	4	2.13	0.14586	1	BP
GO:0045214	sarcomere organization	11	4	2.13	0.14586	1	BP
GO:0016048	detection of temperature stimulus	11	4	2.13	0.14586	1	BP
GO:0009651	response to salt stress	11	4	2.13	0.14586	1	BP
GO:0050893	sensory processing	11	4	2.13	0.14586	1	BP
GO:0072332	intrinsic apoptotic signaling pathway by...	15	5	2.9	0.14638	1	BP
GO:0043550	regulation of lipid kinase activity	15	5	2.9	0.14638	1	BP
GO:2000134	negative regulation of G1/S transition o...	15	5	2.9	0.14638	1	BP
GO:1902807	negative regulation of cell cycle G1/S p...	15	5	2.9	0.14638	1	BP
GO:0014074	response to purine-containing compound	32	9	6.18	0.14793	1	BP
GO:0006261	DNA-templated DNA replication	32	9	6.18	0.14793	1	BP
GO:0030041	actin filament polymerization	32	9	6.18	0.14793	1	BP
GO:0055074	calcium ion homeostasis	82	20	15.84	0.1484	1	BP
GO:0010556	regulation of macromolecule biosynthetic...	515	108	99.5	0.1503	1	BP
GO:0007204	positive regulation of cytosolic calcium...	50	13	9.66	0.1515	1	BP
GO:0007610	behavior	280	66	54.1	0.15211	1	BP
GO:0006351	DNA-templated transcription	470	99	90.81	0.15225	1	BP
GO:0072507	divalent inorganic cation homeostasis	87	21	16.81	0.15278	1	BP
GO:0019220	regulation of phosphate metabolic proces...	256	56	49.46	0.15311	1	BP
GO:0051174	regulation of phosphorus metabolic proce...	256	56	49.46	0.15311	1	BP
GO:0097485	neuron projection guidance	125	29	24.15	0.15447	1	BP
GO:0014902	myotube differentiation	28	8	5.41	0.15619	1	BP
GO:0006874	cellular calcium ion homeostasis	78	19	15.07	0.15762	1	BP
GO:0000904	cell morphogenesis involved in different...	242	53	46.76	0.15923	1	BP
GO:0018105	peptidyl-serine phosphorylation	55	14	10.63	0.15936	1	BP
GO:0050808	synapse organization	110	33	21.25	0.15957	1	BP
GO:0051960	regulation of nervous system development	247	54	47.72	0.15992	1	BP
GO:0140056	organelle localization by membrane tethe...	37	10	7.15	0.16071	1	BP
GO:0001678	cellular glucose homeostasis	37	10	7.15	0.16071	1	BP
GO:0016051	carbohydrate biosynthetic process	37	10	7.15	0.16071	1	BP
GO:0072080	nephron tubule development	37	10	7.15	0.16071	1	BP
GO:0006873	cellular ion homeostasis	116	27	22.41	0.16072	1	BP
GO:0072006	nephron development	46	12	8.89	0.16113	1	BP
GO:0010975	regulation of neuron projection developm...	121	28	23.38	0.16341	1	BP
GO:0051252	regulation of RNA metabolic process	482	101	93.13	0.16442	1	BP
GO:0007447	imaginal disc pattern formation	24	7	4.64	0.16466	1	BP
GO:2001141	regulation of RNA biosynthetic process	452	95	87.33	0.16575	1	BP
GO:1903506	regulation of nucleic acid-templated tra...	452	95	87.33	0.16575	1	BP
GO:0099111	microtubule-based transport	28	12	5.41	0.16622	1	BP
GO:0010038	response to metal ion	88	21	17	0.16644	1	BP
GO:0046879	hormone secretion	74	18	14.3	0.16753	1	BP
GO:0007165	signal transduction	762	168	147.23	0.16864	1	BP
GO:0009746	response to hexose	51	13	9.85	0.16967	1	BP
GO:0045542	positive regulation of cholesterol biosy...	4	2	0.77	0.1703	1	BP
GO:0030730	sequestering of triglyceride	4	2	0.77	0.1703	1	BP
GO:0034661	ncRNA catabolic process	4	2	0.77	0.1703	1	BP
GO:0018993	somatic sex determination	4	2	0.77	0.1703	1	BP
GO:2000643	positive regulation of early endosome to...	4	2	0.77	0.1703	1	BP
GO:0045616	regulation of keratinocyte differentiati...	4	2	0.77	0.1703	1	BP
GO:0061551	trigeminal ganglion development	4	2	0.77	0.1703	1	BP
GO:1902946	protein localization to early endosome	4	2	0.77	0.1703	1	BP
GO:1901660	calcium ion export	4	2	0.77	0.1703	1	BP
GO:1904355	positive regulation of telomere capping	4	2	0.77	0.1703	1	BP
GO:0071071	regulation of phospholipid biosynthetic ...	4	2	0.77	0.1703	1	BP
GO:0010692	regulation of alkaline phosphatase activ...	4	2	0.77	0.1703	1	BP
GO:0010694	positive regulation of alkaline phosphat...	4	2	0.77	0.1703	1	BP
GO:0010612	regulation of cardiac muscle adaptation	4	2	0.77	0.1703	1	BP
GO:0005981	regulation of glycogen catabolic process	4	2	0.77	0.1703	1	BP
GO:1905906	regulation of amyloid fibril formation	4	2	0.77	0.1703	1	BP
GO:0072218	metanephric ascending thin limb developm...	4	2	0.77	0.1703	1	BP
GO:0033504	floor plate development	4	2	0.77	0.1703	1	BP
GO:0072235	metanephric distal tubule development	4	2	0.77	0.1703	1	BP
GO:0106072	negative regulation of adenylate cyclase...	4	2	0.77	0.1703	1	BP
GO:0060314	regulation of ryanodine-sensitive calciu...	4	2	0.77	0.1703	1	BP
GO:0019240	citrulline biosynthetic process	4	2	0.77	0.1703	1	BP
GO:1901993	regulation of meiotic cell cycle phase t...	4	2	0.77	0.1703	1	BP
GO:1904263	positive regulation of TORC1 signaling	4	2	0.77	0.1703	1	BP
GO:0086023	adenylate cyclase-activating adrenergic ...	4	2	0.77	0.1703	1	BP
GO:0140192	regulation of adenylate cyclase-activati...	4	2	0.77	0.1703	1	BP
GO:0060479	lung cell differentiation	4	2	0.77	0.1703	1	BP
GO:0140199	negative regulation of adenylate cyclase...	4	2	0.77	0.1703	1	BP
GO:1900452	regulation of long-term synaptic depress...	4	2	0.77	0.1703	1	BP
GO:0048842	positive regulation of axon extension in...	4	2	0.77	0.1703	1	BP
GO:0039702	viral budding via host ESCRT complex	4	2	0.77	0.1703	1	BP
GO:0016545	male courtship behavior, veined wing vib...	4	2	0.77	0.1703	1	BP
GO:0001919	regulation of receptor recycling	4	2	0.77	0.1703	1	BP
GO:0007449	proximal/distal pattern formation, imagi...	4	2	0.77	0.1703	1	BP
GO:0032785	negative regulation of DNA-templated tra...	4	2	0.77	0.1703	1	BP
GO:0071462	cellular response to water stimulus	4	2	0.77	0.1703	1	BP
GO:0071468	cellular response to acidic pH	4	2	0.77	0.1703	1	BP
GO:0006085	acetyl-CoA biosynthetic process	4	2	0.77	0.1703	1	BP
GO:0051451	myoblast migration	4	2	0.77	0.1703	1	BP
GO:0072513	positive regulation of secondary heart f...	4	2	0.77	0.1703	1	BP
GO:0003351	epithelial cilium movement involved in e...	4	2	0.77	0.1703	1	BP
GO:0044771	meiotic cell cycle phase transition	4	2	0.77	0.1703	1	BP
GO:0008616	queuosine biosynthetic process	4	2	0.77	0.1703	1	BP
GO:2001240	negative regulation of extrinsic apoptot...	4	2	0.77	0.1703	1	BP
GO:0043371	negative regulation of CD4-positive, alp...	4	2	0.77	0.1703	1	BP
GO:0007221	positive regulation of transcription of ...	4	2	0.77	0.1703	1	BP
GO:0018027	peptidyl-lysine dimethylation	4	2	0.77	0.1703	1	BP
GO:0009047	dosage compensation by hyperactivation o...	4	2	0.77	0.1703	1	BP
GO:0071244	cellular response to carbon dioxide	4	2	0.77	0.1703	1	BP
GO:1902018	negative regulation of cilium assembly	4	2	0.77	0.1703	1	BP
GO:0051220	cytoplasmic sequestering of protein	4	2	0.77	0.1703	1	BP
GO:0043471	regulation of cellular carbohydrate cata...	4	2	0.77	0.1703	1	BP
GO:0035810	positive regulation of urine volume	4	2	0.77	0.1703	1	BP
GO:0035815	positive regulation of renal sodium excr...	4	2	0.77	0.1703	1	BP
GO:1904668	positive regulation of ubiquitin protein...	4	2	0.77	0.1703	1	BP
GO:0106120	positive regulation of sterol biosynthet...	4	2	0.77	0.1703	1	BP
GO:1903223	positive regulation of oxidative stress-...	4	2	0.77	0.1703	1	BP
GO:1903242	regulation of cardiac muscle hypertrophy...	4	2	0.77	0.1703	1	BP
GO:0071871	response to epinephrine	4	2	0.77	0.1703	1	BP
GO:0071872	cellular response to epinephrine stimulu...	4	2	0.77	0.1703	1	BP
GO:0071878	negative regulation of adenylate cyclase...	4	2	0.77	0.1703	1	BP
GO:1903209	positive regulation of oxidative stress-...	4	2	0.77	0.1703	1	BP
GO:0014002	astrocyte development	4	2	0.77	0.1703	1	BP
GO:0060684	epithelial-mesenchymal cell signaling	4	2	0.77	0.1703	1	BP
GO:0046116	queuosine metabolic process	4	2	0.77	0.1703	1	BP
GO:0006290	pyrimidine dimer repair	4	2	0.77	0.1703	1	BP
GO:0007615	anesthesia-resistant memory	4	2	0.77	0.1703	1	BP
GO:0006298	mismatch repair	4	2	0.77	0.1703	1	BP
GO:0006266	DNA ligation	4	2	0.77	0.1703	1	BP
GO:1990034	calcium ion export across plasma membran...	4	2	0.77	0.1703	1	BP
GO:0009414	response to water deprivation	4	2	0.77	0.1703	1	BP
GO:1990000	amyloid fibril formation	4	2	0.77	0.1703	1	BP
GO:1901099	negative regulation of signal transducti...	4	2	0.77	0.1703	1	BP
GO:1901021	positive regulation of calcium ion trans...	4	2	0.77	0.1703	1	BP
GO:1903525	regulation of membrane tubulation	4	2	0.77	0.1703	1	BP
GO:0090009	primitive streak formation	4	2	0.77	0.1703	1	BP
GO:0010037	response to carbon dioxide	4	2	0.77	0.1703	1	BP
GO:0006858	extracellular transport	4	2	0.77	0.1703	1	BP
GO:0046844	chorion micropyle formation	4	2	0.77	0.1703	1	BP
GO:0043619	regulation of transcription from RNA pol...	4	2	0.77	0.1703	1	BP
GO:2000403	positive regulation of lymphocyte migrat...	4	2	0.77	0.1703	1	BP
GO:0006525	arginine metabolic process	4	2	0.77	0.1703	1	BP
GO:0006527	arginine catabolic process	4	2	0.77	0.1703	1	BP
GO:0051969	regulation of transmission of nerve impu...	4	2	0.77	0.1703	1	BP
GO:0045433	male courtship behavior, veined wing gen...	4	2	0.77	0.1703	1	BP
GO:0051988	regulation of attachment of spindle micr...	4	2	0.77	0.1703	1	BP
GO:1902895	positive regulation of miRNA transcripti...	4	2	0.77	0.1703	1	BP
GO:0042762	regulation of sulfur metabolic process	4	2	0.77	0.1703	1	BP
GO:0042713	sperm ejaculation	4	2	0.77	0.1703	1	BP
GO:0045144	meiotic sister chromatid segregation	4	2	0.77	0.1703	1	BP
GO:0046689	response to mercury ion	4	2	0.77	0.1703	1	BP
GO:0090190	positive regulation of branching involve...	4	2	0.77	0.1703	1	BP
GO:0090189	regulation of branching involved in uret...	4	2	0.77	0.1703	1	BP
GO:0010447	response to acidic pH	4	2	0.77	0.1703	1	BP
GO:0008063	Toll signaling pathway	4	2	0.77	0.1703	1	BP
GO:0045200	establishment of neuroblast polarity	4	2	0.77	0.1703	1	BP
GO:0090148	membrane fission	4	2	0.77	0.1703	1	BP
GO:0048065	male courtship behavior, veined wing ext...	4	2	0.77	0.1703	1	BP
GO:0072021	ascending thin limb development	4	2	0.77	0.1703	1	BP
GO:0090259	regulation of retinal ganglion cell axon...	4	2	0.77	0.1703	1	BP
GO:0090205	positive regulation of cholesterol metab...	4	2	0.77	0.1703	1	BP
GO:2000515	negative regulation of CD4-positive, alp...	4	2	0.77	0.1703	1	BP
GO:0050854	regulation of antigen receptor-mediated ...	4	2	0.77	0.1703	1	BP
GO:0050884	neuromuscular process controlling postur...	4	2	0.77	0.1703	1	BP
GO:0034694	response to prostaglandin	4	2	0.77	0.1703	1	BP
GO:0034695	response to prostaglandin E	4	2	0.77	0.1703	1	BP
GO:0018991	oviposition	33	9	6.38	0.17075	1	BP
GO:0007286	spermatid development	33	9	6.38	0.17075	1	BP
GO:0045778	positive regulation of ossification	33	9	6.38	0.17075	1	BP
GO:0006468	protein phosphorylation	273	59	52.75	0.17095	1	BP
GO:0051173	positive regulation of nitrogen compound...	478	100	92.35	0.17119	1	BP
GO:0072331	signal transduction by p53 class mediato...	42	11	8.11	0.17154	1	BP
GO:0010647	positive regulation of cell communicatio...	288	62	55.64	0.17211	1	BP
GO:0023056	positive regulation of signaling	288	62	55.64	0.17211	1	BP
GO:0007635	chemosensory behavior	49	17	9.47	0.1723	1	BP
GO:0010959	regulation of metal ion transport	65	16	12.56	0.17259	1	BP
GO:0032273	positive regulation of protein polymeriz...	20	6	3.86	0.17311	1	BP
GO:0044786	cell cycle DNA replication	20	6	3.86	0.17311	1	BP
GO:0044774	mitotic DNA integrity checkpoint signali...	20	6	3.86	0.17311	1	BP
GO:0060259	regulation of feeding behavior	20	6	3.86	0.17311	1	BP
GO:1903409	reactive oxygen species biosynthetic pro...	20	6	3.86	0.17311	1	BP
GO:0015748	organophosphate ester transport	20	6	3.86	0.17311	1	BP
GO:0042491	inner ear auditory receptor cell differe...	20	6	3.86	0.17311	1	BP
GO:0009268	response to pH	20	6	3.86	0.17311	1	BP
GO:0033554	cellular response to stress	370	81	71.49	0.17407	1	BP
GO:0055080	cation homeostasis	122	28	23.57	0.17544	1	BP
GO:0065009	regulation of molecular function	416	91	80.38	0.17615	1	BP
GO:0031325	positive regulation of cellular metaboli...	494	103	95.45	0.17692	1	BP
GO:0044093	positive regulation of molecular functio...	254	55	49.08	0.17757	1	BP
GO:0010769	regulation of cell morphogenesis involve...	70	17	13.52	0.17818	1	BP
GO:0045893	positive regulation of DNA-templated tra...	264	57	51.01	0.17853	1	BP
GO:0048563	post-embryonic animal organ morphogenesi...	108	25	20.87	0.18016	1	BP
GO:0031346	positive regulation of cell projection o...	89	21	17.2	0.18073	1	BP
GO:0072659	protein localization to plasma membrane	47	12	9.08	0.18084	1	BP
GO:0006260	DNA replication	47	12	9.08	0.18084	1	BP
GO:0030808	regulation of nucleotide biosynthetic pr...	16	5	3.09	0.18102	1	BP
GO:2001022	positive regulation of response to DNA d...	16	5	3.09	0.18102	1	BP
GO:0035305	negative regulation of dephosphorylation	16	5	3.09	0.18102	1	BP
GO:0019228	neuronal action potential	16	5	3.09	0.18102	1	BP
GO:1900371	regulation of purine nucleotide biosynth...	16	5	3.09	0.18102	1	BP
GO:0044773	mitotic DNA damage checkpoint signaling	16	5	3.09	0.18102	1	BP
GO:0006885	regulation of pH	16	5	3.09	0.18102	1	BP
GO:0098722	asymmetric stem cell division	16	5	3.09	0.18102	1	BP
GO:1905515	non-motile cilium assembly	16	5	3.09	0.18102	1	BP
GO:0060079	excitatory postsynaptic potential	29	8	5.6	0.18152	1	BP
GO:0003341	cilium movement	29	8	5.6	0.18152	1	BP
GO:2001235	positive regulation of apoptotic signali...	29	8	5.6	0.18152	1	BP
GO:0042113	B cell activation	29	8	5.6	0.18152	1	BP
GO:0007088	regulation of mitotic nuclear division	38	10	7.34	0.18282	1	BP
GO:0036294	cellular response to decreased oxygen le...	38	10	7.34	0.18282	1	BP
GO:0035725	sodium ion transmembrane transport	38	10	7.34	0.18282	1	BP
GO:0022406	membrane docking	38	10	7.34	0.18282	1	BP
GO:0023051	regulation of signaling	554	129	107.04	0.1831	1	BP
GO:0045926	negative regulation of growth	75	18	14.49	0.18321	1	BP
GO:0062012	regulation of small molecule metabolic p...	75	18	14.49	0.18321	1	BP
GO:0051716	cellular response to stimulus	954	203	184.32	0.18344	1	BP
GO:0006875	cellular metal ion homeostasis	94	22	18.16	0.18439	1	BP
GO:0097659	nucleic acid-templated transcription	475	99	91.77	0.18505	1	BP
GO:0031175	neuron projection development	285	66	55.06	0.18599	1	BP
GO:0120036	plasma membrane bounded cell projection ...	371	83	71.68	0.18631	1	BP
GO:0021854	hypothalamus development	12	4	2.32	0.18714	1	BP
GO:0040020	regulation of meiotic nuclear division	12	4	2.32	0.18714	1	BP
GO:0048102	autophagic cell death	12	4	2.32	0.18714	1	BP
GO:0050951	sensory perception of temperature stimul...	12	4	2.32	0.18714	1	BP
GO:0051385	response to mineralocorticoid	12	4	2.32	0.18714	1	BP
GO:0051496	positive regulation of stress fiber asse...	12	4	2.32	0.18714	1	BP
GO:0060122	inner ear receptor cell stereocilium org...	12	4	2.32	0.18714	1	BP
GO:0032835	glomerulus development	12	4	2.32	0.18714	1	BP
GO:2001237	negative regulation of extrinsic apoptot...	12	4	2.32	0.18714	1	BP
GO:0071887	leukocyte apoptotic process	12	4	2.32	0.18714	1	BP
GO:0007530	sex determination	12	4	2.32	0.18714	1	BP
GO:0002431	Fc receptor mediated stimulatory signali...	12	4	2.32	0.18714	1	BP
GO:0043552	positive regulation of phosphatidylinosi...	12	4	2.32	0.18714	1	BP
GO:0002260	lymphocyte homeostasis	12	4	2.32	0.18714	1	BP
GO:0045445	myoblast differentiation	12	4	2.32	0.18714	1	BP
GO:0090218	positive regulation of lipid kinase acti...	12	4	2.32	0.18714	1	BP
GO:0045880	positive regulation of smoothened signal...	12	4	2.32	0.18714	1	BP
GO:0030239	myofibril assembly	12	4	2.32	0.18714	1	BP
GO:0097190	apoptotic signaling pathway	99	23	19.13	0.18774	1	BP
GO:0072503	cellular divalent inorganic cation homeo...	80	19	15.46	0.18776	1	BP
GO:0055059	asymmetric neuroblast division	8	3	1.55	0.18798	1	BP
GO:0021702	cerebellar Purkinje cell differentiation	8	3	1.55	0.18798	1	BP
GO:0070665	positive regulation of leukocyte prolife...	8	3	1.55	0.18798	1	BP
GO:0050671	positive regulation of lymphocyte prolif...	8	3	1.55	0.18798	1	BP
GO:0042987	amyloid precursor protein catabolic proc...	8	3	1.55	0.18798	1	BP
GO:0021692	cerebellar Purkinje cell layer morphogen...	8	3	1.55	0.18798	1	BP
GO:0021694	cerebellar Purkinje cell layer formation	8	3	1.55	0.18798	1	BP
GO:1904407	positive regulation of nitric oxide meta...	8	3	1.55	0.18798	1	BP
GO:0032210	regulation of telomere maintenance via t...	8	3	1.55	0.18798	1	BP
GO:0010996	response to auditory stimulus	8	3	1.55	0.18798	1	BP
GO:0086010	membrane depolarization during action po...	8	3	1.55	0.18798	1	BP
GO:0048840	otolith development	8	3	1.55	0.18798	1	BP
GO:0071498	cellular response to fluid shear stress	8	3	1.55	0.18798	1	BP
GO:1900449	regulation of glutamate receptor signali...	8	3	1.55	0.18798	1	BP
GO:0048532	anatomical structure arrangement	8	3	1.55	0.18798	1	BP
GO:0060292	long-term synaptic depression	8	3	1.55	0.18798	1	BP
GO:0003338	metanephros morphogenesis	8	3	1.55	0.18798	1	BP
GO:0038095	Fc-epsilon receptor signaling pathway	8	3	1.55	0.18798	1	BP
GO:0099601	regulation of neurotransmitter receptor ...	8	3	1.55	0.18798	1	BP
GO:0071276	cellular response to cadmium ion	8	3	1.55	0.18798	1	BP
GO:0044550	secondary metabolite biosynthetic proces...	8	3	1.55	0.18798	1	BP
GO:0042023	DNA endoreduplication	8	3	1.55	0.18798	1	BP
GO:0035809	regulation of urine volume	8	3	1.55	0.18798	1	BP
GO:0006301	postreplication repair	8	3	1.55	0.18798	1	BP
GO:0043276	anoikis	8	3	1.55	0.18798	1	BP
GO:0014037	Schwann cell differentiation	8	3	1.55	0.18798	1	BP
GO:0019985	translesion synthesis	8	3	1.55	0.18798	1	BP
GO:0006284	base-excision repair	8	3	1.55	0.18798	1	BP
GO:0032946	positive regulation of mononuclear cell ...	8	3	1.55	0.18798	1	BP
GO:0090050	positive regulation of cell migration in...	8	3	1.55	0.18798	1	BP
GO:0061001	regulation of dendritic spine morphogene...	8	3	1.55	0.18798	1	BP
GO:1902253	regulation of intrinsic apoptotic signal...	8	3	1.55	0.18798	1	BP
GO:0035909	aorta morphogenesis	8	3	1.55	0.18798	1	BP
GO:0060914	heart formation	8	3	1.55	0.18798	1	BP
GO:0046839	phospholipid dephosphorylation	8	3	1.55	0.18798	1	BP
GO:0045429	positive regulation of nitric oxide bios...	8	3	1.55	0.18798	1	BP
GO:2000401	regulation of lymphocyte migration	8	3	1.55	0.18798	1	BP
GO:0006536	glutamate metabolic process	8	3	1.55	0.18798	1	BP
GO:2000114	regulation of establishment of cell pola...	8	3	1.55	0.18798	1	BP
GO:0042706	eye photoreceptor cell fate commitment	8	3	1.55	0.18798	1	BP
GO:0043951	negative regulation of cAMP-mediated sig...	8	3	1.55	0.18798	1	BP
GO:0090136	epithelial cell-cell adhesion	8	3	1.55	0.18798	1	BP
GO:1905898	positive regulation of response to endop...	8	3	1.55	0.18798	1	BP
GO:0010165	response to X-ray	8	3	1.55	0.18798	1	BP
GO:0001752	compound eye photoreceptor fate commitme...	8	3	1.55	0.18798	1	BP
GO:0034284	response to monosaccharide	52	13	10.05	0.18888	1	BP
GO:0010557	positive regulation of macromolecule bio...	300	64	57.96	0.18922	1	BP
GO:0061138	morphogenesis of a branching epithelium	66	16	12.75	0.18966	1	BP
GO:0006629	lipid metabolic process	206	45	39.8	0.18968	1	BP
GO:0051347	positive regulation of transferase activ...	104	24	20.09	0.19082	1	BP
GO:0032774	RNA biosynthetic process	476	99	91.97	0.19208	1	BP
GO:0071453	cellular response to oxygen levels	43	11	8.31	0.19298	1	BP
GO:0007093	mitotic cell cycle checkpoint signaling	25	7	4.83	0.19306	1	BP
GO:0006367	transcription initiation at RNA polymera...	25	7	4.83	0.19306	1	BP
GO:0033132	negative regulation of glucokinase activ...	1	1	0.19	0.19321	1	BP
GO:2000690	regulation of cardiac muscle cell myobla...	1	1	0.19	0.19321	1	BP
GO:2000691	negative regulation of cardiac muscle ce...	1	1	0.19	0.19321	1	BP
GO:2000698	positive regulation of epithelial cell d...	1	1	0.19	0.19321	1	BP
GO:0001744	insect visual primordium formation	1	1	0.19	0.19321	1	BP
GO:0001748	insect visual primordium development	1	1	0.19	0.19321	1	BP
GO:0010745	negative regulation of macrophage derive...	1	1	0.19	0.19321	1	BP
GO:0098912	membrane depolarization during atrial ca...	1	1	0.19	0.19321	1	BP
GO:0030708	germarium-derived female germ-line cyst ...	1	1	0.19	0.19321	1	BP
GO:0036491	regulation of translation initiation in ...	1	1	0.19	0.19321	1	BP
GO:0036492	eiF2alpha phosphorylation in response to...	1	1	0.19	0.19321	1	BP
GO:0036493	positive regulation of translation in re...	1	1	0.19	0.19321	1	BP
GO:2000678	negative regulation of transcription reg...	1	1	0.19	0.19321	1	BP
GO:0021785	branchiomotor neuron axon guidance	1	1	0.19	0.19321	1	BP
GO:0036484	trunk neural crest cell migration	1	1	0.19	0.19321	1	BP
GO:0036486	ventral trunk neural crest cell migratio...	1	1	0.19	0.19321	1	BP
GO:1901841	regulation of high voltage-gated calcium...	1	1	0.19	0.19321	1	BP
GO:1901843	positive regulation of high voltage-gate...	1	1	0.19	0.19321	1	BP
GO:0016457	dosage compensation complex assembly inv...	1	1	0.19	0.19321	1	BP
GO:0090597	nematode male tail mating organ morphoge...	1	1	0.19	0.19321	1	BP
GO:0016480	negative regulation of transcription by ...	1	1	0.19	0.19321	1	BP
GO:0045678	positive regulation of R7 cell different...	1	1	0.19	0.19321	1	BP
GO:0036446	myofibroblast differentiation	1	1	0.19	0.19321	1	BP
GO:0001887	selenium compound metabolic process	1	1	0.19	0.19321	1	BP
GO:0010885	regulation of cholesterol storage	1	1	0.19	0.19321	1	BP
GO:0010887	negative regulation of cholesterol stora...	1	1	0.19	0.19321	1	BP
GO:0045617	negative regulation of keratinocyte diff...	1	1	0.19	0.19321	1	BP
GO:1990535	neuron projection maintenance	1	1	0.19	0.19321	1	BP
GO:0048318	axial mesoderm development	1	1	0.19	0.19321	1	BP
GO:0010875	positive regulation of cholesterol efflu...	1	1	0.19	0.19321	1	BP
GO:0070508	cholesterol import	1	1	0.19	0.19321	1	BP
GO:0048319	axial mesoderm morphogenesis	1	1	0.19	0.19321	1	BP
GO:0010878	cholesterol storage	1	1	0.19	0.19321	1	BP
GO:0010815	bradykinin catabolic process	1	1	0.19	0.19321	1	BP
GO:0001845	phagolysosome assembly	1	1	0.19	0.19321	1	BP
GO:0001830	trophectodermal cell fate commitment	1	1	0.19	0.19321	1	BP
GO:1902949	positive regulation of tau-protein kinas...	1	1	0.19	0.19321	1	BP
GO:2001055	positive regulation of mesenchymal cell ...	1	1	0.19	0.19321	1	BP
GO:0021852	pyramidal neuron migration to cerebral c...	1	1	0.19	0.19321	1	BP
GO:0021856	hypothalamic tangential migration using ...	1	1	0.19	0.19321	1	BP
GO:0097681	double-strand break repair via alternati...	1	1	0.19	0.19321	1	BP
GO:0021886	hypothalamus gonadotrophin-releasing hor...	1	1	0.19	0.19321	1	BP
GO:0021888	hypothalamus gonadotrophin-releasing hor...	1	1	0.19	0.19321	1	BP
GO:2001012	mesenchymal cell differentiation involve...	1	1	0.19	0.19321	1	BP
GO:0080058	protein deglutathionylation	1	1	0.19	0.19321	1	BP
GO:0097676	histone H3-K36 dimethylation	1	1	0.19	0.19321	1	BP
GO:0021824	cerebral cortex tangential migration usi...	1	1	0.19	0.19321	1	BP
GO:0021828	gonadotrophin-releasing hormone neuronal...	1	1	0.19	0.19321	1	BP
GO:0030576	Cajal body organization	1	1	0.19	0.19321	1	BP
GO:0060082	eye blink reflex	1	1	0.19	0.19321	1	BP
GO:0001581	detection of chemical stimulus involved ...	1	1	0.19	0.19321	1	BP
GO:0042976	activation of Janus kinase activity	1	1	0.19	0.19321	1	BP
GO:0002903	negative regulation of B cell apoptotic ...	1	1	0.19	0.19321	1	BP
GO:0080033	response to nitrite	1	1	0.19	0.19321	1	BP
GO:0007021	tubulin complex assembly	1	1	0.19	0.19321	1	BP
GO:0007023	post-chaperonin tubulin folding pathway	1	1	0.19	0.19321	1	BP
GO:0010512	negative regulation of phosphatidylinosi...	1	1	0.19	0.19321	1	BP
GO:0033700	phospholipid efflux	1	1	0.19	0.19321	1	BP
GO:0021598	abducens nerve morphogenesis	1	1	0.19	0.19321	1	BP
GO:0021599	abducens nerve formation	1	1	0.19	0.19321	1	BP
GO:0032373	positive regulation of sterol transport	1	1	0.19	0.19321	1	BP
GO:0032376	positive regulation of cholesterol trans...	1	1	0.19	0.19321	1	BP
GO:0021560	abducens nerve development	1	1	0.19	0.19321	1	BP
GO:0021551	central nervous system morphogenesis	1	1	0.19	0.19321	1	BP
GO:0021557	oculomotor nerve development	1	1	0.19	0.19321	1	BP
GO:1904370	regulation of protein localization to ac...	1	1	0.19	0.19321	1	BP
GO:1904372	positive regulation of protein localizat...	1	1	0.19	0.19321	1	BP
GO:1904373	response to kainic acid	1	1	0.19	0.19321	1	BP
GO:0072191	ureter smooth muscle development	1	1	0.19	0.19321	1	BP
GO:0072193	ureter smooth muscle cell differentiatio...	1	1	0.19	0.19321	1	BP
GO:0072194	kidney smooth muscle tissue development	1	1	0.19	0.19321	1	BP
GO:0000012	single strand break repair	1	1	0.19	0.19321	1	BP
GO:1904347	regulation of small intestine smooth mus...	1	1	0.19	0.19321	1	BP
GO:1904348	negative regulation of small intestine s...	1	1	0.19	0.19321	1	BP
GO:0016254	preassembly of GPI anchor in ER membrane	1	1	0.19	0.19321	1	BP
GO:0072161	mesenchymal cell differentiation involve...	1	1	0.19	0.19321	1	BP
GO:0016259	selenocysteine metabolic process	1	1	0.19	0.19321	1	BP
GO:1904304	regulation of gastro-intestinal system s...	1	1	0.19	0.19321	1	BP
GO:1904305	negative regulation of gastro-intestinal...	1	1	0.19	0.19321	1	BP
GO:0048139	female germ-line cyst encapsulation	1	1	0.19	0.19321	1	BP
GO:1905945	regulation of response to calcium ion	1	1	0.19	0.19321	1	BP
GO:0032429	regulation of phospholipase A2 activity	1	1	0.19	0.19321	1	BP
GO:0044379	protein localization to actin cortical p...	1	1	0.19	0.19321	1	BP
GO:2000987	positive regulation of behavioral fear r...	1	1	0.19	0.19321	1	BP
GO:1905908	positive regulation of amyloid fibril fo...	1	1	0.19	0.19321	1	BP
GO:0045990	carbon catabolite regulation of transcri...	1	1	0.19	0.19321	1	BP
GO:0045991	carbon catabolite activation of transcri...	1	1	0.19	0.19321	1	BP
GO:0032430	positive regulation of phospholipase A2 ...	1	1	0.19	0.19321	1	BP
GO:0032431	activation of phospholipase A2 activity	1	1	0.19	0.19321	1	BP
GO:2000970	regulation of detection of glucose	1	1	0.19	0.19321	1	BP
GO:2000971	negative regulation of detection of gluc...	1	1	0.19	0.19321	1	BP
GO:2000973	regulation of pro-B cell differentiation	1	1	0.19	0.19321	1	BP
GO:0021622	oculomotor nerve morphogenesis	1	1	0.19	0.19321	1	BP
GO:0021623	oculomotor nerve formation	1	1	0.19	0.19321	1	BP
GO:0021649	vestibulocochlear nerve structural organ...	1	1	0.19	0.19321	1	BP
GO:0021637	trigeminal nerve structural organization	1	1	0.19	0.19321	1	BP
GO:2000909	regulation of sterol import	1	1	0.19	0.19321	1	BP
GO:0031034	myosin filament assembly	1	1	0.19	0.19321	1	BP
GO:0072278	metanephric comma-shaped body morphogene...	1	1	0.19	0.19321	1	BP
GO:0072227	metanephric macula densa development	1	1	0.19	0.19321	1	BP
GO:0072214	metanephric cortex development	1	1	0.19	0.19321	1	BP
GO:0072219	metanephric cortical collecting duct dev...	1	1	0.19	0.19321	1	BP
GO:1903012	positive regulation of bone development	1	1	0.19	0.19321	1	BP
GO:0072240	metanephric DCT cell differentiation	1	1	0.19	0.19321	1	BP
GO:0070995	NADPH oxidation	1	1	0.19	0.19321	1	BP
GO:0035376	sterol import	1	1	0.19	0.19321	1	BP
GO:1903048	regulation of acetylcholine-gated cation...	1	1	0.19	0.19321	1	BP
GO:0019102	male somatic sex determination	1	1	0.19	0.19321	1	BP
GO:0035310	notum cell fate specification	1	1	0.19	0.19321	1	BP
GO:0035318	imaginal disc-derived wing hair outgrowt...	1	1	0.19	0.19321	1	BP
GO:0072206	metanephric juxtaglomerular apparatus de...	1	1	0.19	0.19321	1	BP
GO:0072208	metanephric smooth muscle tissue develop...	1	1	0.19	0.19321	1	BP
GO:0106064	regulation of cobalamin metabolic proces...	1	1	0.19	0.19321	1	BP
GO:1904116	response to vasopressin	1	1	0.19	0.19321	1	BP
GO:1904117	cellular response to vasopressin	1	1	0.19	0.19321	1	BP
GO:1904147	response to nonylphenol	1	1	0.19	0.19321	1	BP
GO:1904148	cellular response to nonylphenol	1	1	0.19	0.19321	1	BP
GO:0050915	sensory perception of sour taste	1	1	0.19	0.19321	1	BP
GO:0019227	neuronal action potential propagation	1	1	0.19	0.19321	1	BP
GO:0035458	cellular response to interferon-beta	1	1	0.19	0.19321	1	BP
GO:0019230	proprioception	1	1	0.19	0.19321	1	BP
GO:0032289	central nervous system myelin formation	1	1	0.19	0.19321	1	BP
GO:0055113	epiboly involved in gastrulation with mo...	1	1	0.19	0.19321	1	BP
GO:0061986	negative regulation of transcription by ...	1	1	0.19	0.19321	1	BP
GO:0061987	negative regulation of transcription fro...	1	1	0.19	0.19321	1	BP
GO:0060301	positive regulation of cytokine activity	1	1	0.19	0.19321	1	BP
GO:1904261	positive regulation of basement membrane...	1	1	0.19	0.19321	1	BP
GO:0035441	cell migration involved in vasculogenesi...	1	1	0.19	0.19321	1	BP
GO:0072702	response to methyl methanesulfonate	1	1	0.19	0.19321	1	BP
GO:0072703	cellular response to methyl methanesulfo...	1	1	0.19	0.19321	1	BP
GO:1904259	regulation of basement membrane assembly...	1	1	0.19	0.19321	1	BP
GO:0051355	proprioception involved in equilibriocep...	1	1	0.19	0.19321	1	BP
GO:0007496	anterior midgut development	1	1	0.19	0.19321	1	BP
GO:0001992	regulation of systemic arterial blood pr...	1	1	0.19	0.19321	1	BP
GO:0055107	Golgi to secretory granule transport	1	1	0.19	0.19321	1	BP
GO:1904220	regulation of serine C-palmitoyltransfer...	1	1	0.19	0.19321	1	BP
GO:1904222	positive regulation of serine C-palmitoy...	1	1	0.19	0.19321	1	BP
GO:0010992	ubiquitin recycling	1	1	0.19	0.19321	1	BP
GO:0010994	free ubiquitin chain polymerization	1	1	0.19	0.19321	1	BP
GO:1904217	regulation of CDP-diacylglycerol-serine ...	1	1	0.19	0.19321	1	BP
GO:1904219	positive regulation of CDP-diacylglycero...	1	1	0.19	0.19321	1	BP
GO:0071336	regulation of hair follicle cell prolife...	1	1	0.19	0.19321	1	BP
GO:0071338	positive regulation of hair follicle cel...	1	1	0.19	0.19321	1	BP
GO:0061901	regulation of 1-phosphatidylinositol-3-k...	1	1	0.19	0.19321	1	BP
GO:0061903	positive regulation of 1-phosphatidylino...	1	1	0.19	0.19321	1	BP
GO:0016557	peroxisome membrane biogenesis	1	1	0.19	0.19321	1	BP
GO:1904235	regulation of substrate-dependent cell m...	1	1	0.19	0.19321	1	BP
GO:1904237	positive regulation of substrate-depende...	1	1	0.19	0.19321	1	BP
GO:0032792	negative regulation of CREB transcriptio...	1	1	0.19	0.19321	1	BP
GO:0030910	olfactory placode formation	1	1	0.19	0.19321	1	BP
GO:2001197	basement membrane assembly involved in e...	1	1	0.19	0.19321	1	BP
GO:0035156	fusion cell fate specification	1	1	0.19	0.19321	1	BP
GO:0035157	negative regulation of fusion cell fate ...	1	1	0.19	0.19321	1	BP
GO:0016540	protein autoprocessing	1	1	0.19	0.19321	1	BP
GO:0019732	antifungal humoral response	1	1	0.19	0.19321	1	BP
GO:0071494	cellular response to UV-C	1	1	0.19	0.19321	1	BP
GO:0010919	regulation of inositol phosphate biosynt...	1	1	0.19	0.19321	1	BP
GO:0032727	positive regulation of interferon-alpha ...	1	1	0.19	0.19321	1	BP
GO:1904760	regulation of myofibroblast differentiat...	1	1	0.19	0.19321	1	BP
GO:1904761	negative regulation of myofibroblast dif...	1	1	0.19	0.19321	1	BP
GO:0071454	cellular response to anoxia	1	1	0.19	0.19321	1	BP
GO:2001185	regulation of CD8-positive, alpha-beta T...	1	1	0.19	0.19321	1	BP
GO:2001187	positive regulation of CD8-positive, alp...	1	1	0.19	0.19321	1	BP
GO:1904751	positive regulation of protein localizat...	1	1	0.19	0.19321	1	BP
GO:0000480	endonucleolytic cleavage in 5'-ETS of tr...	1	1	0.19	0.19321	1	BP
GO:0007191	adenylate cyclase-activating dopamine re...	1	1	0.19	0.19321	1	BP
GO:0120127	response to zinc ion starvation	1	1	0.19	0.19321	1	BP
GO:0007195	adenylate cyclase-inhibiting dopamine re...	1	1	0.19	0.19321	1	BP
GO:0051458	corticotropin secretion	1	1	0.19	0.19321	1	BP
GO:0051459	regulation of corticotropin secretion	1	1	0.19	0.19321	1	BP
GO:0000429	carbon catabolite regulation of transcri...	1	1	0.19	0.19321	1	BP
GO:0021914	negative regulation of smoothened signal...	1	1	0.19	0.19321	1	BP
GO:0021919	BMP signaling pathway involved in spinal...	1	1	0.19	0.19321	1	BP
GO:0000430	regulation of transcription from RNA pol...	1	1	0.19	0.19321	1	BP
GO:0000432	positive regulation of transcription fro...	1	1	0.19	0.19321	1	BP
GO:1904749	regulation of protein localization to nu...	1	1	0.19	0.19321	1	BP
GO:0000436	carbon catabolite activation of transcri...	1	1	0.19	0.19321	1	BP
GO:0046073	dTMP metabolic process	1	1	0.19	0.19321	1	BP
GO:0021937	cerebellar Purkinje cell-granule cell pr...	1	1	0.19	0.19321	1	BP
GO:0046078	dUMP metabolic process	1	1	0.19	0.19321	1	BP
GO:1903365	regulation of fear response	1	1	0.19	0.19321	1	BP
GO:1903367	positive regulation of fear response	1	1	0.19	0.19321	1	BP
GO:0071403	cellular response to high density lipopr...	1	1	0.19	0.19321	1	BP
GO:1900151	regulation of nuclear-transcribed mRNA c...	1	1	0.19	0.19321	1	BP
GO:0060124	positive regulation of growth hormone se...	1	1	0.19	0.19321	1	BP
GO:1900153	positive regulation of nuclear-transcrib...	1	1	0.19	0.19321	1	BP
GO:0046016	positive regulation of transcription by ...	1	1	0.19	0.19321	1	BP
GO:1903385	regulation of homophilic cell adhesion	1	1	0.19	0.19321	1	BP
GO:1903387	positive regulation of homophilic cell a...	1	1	0.19	0.19321	1	BP
GO:0035263	genital disc sexually dimorphic developm...	1	1	0.19	0.19321	1	BP
GO:0060114	vestibular receptor cell differentiation	1	1	0.19	0.19321	1	BP
GO:0060118	vestibular receptor cell development	1	1	0.19	0.19321	1	BP
GO:0048541	Peyer's patch development	1	1	0.19	0.19321	1	BP
GO:1903375	facioacoustic ganglion development	1	1	0.19	0.19321	1	BP
GO:1903377	negative regulation of oxidative stress-...	1	1	0.19	0.19321	1	BP
GO:0048537	mucosa-associated lymphoid tissue develo...	1	1	0.19	0.19321	1	BP
GO:1900121	negative regulation of receptor binding	1	1	0.19	0.19321	1	BP
GO:1904896	ESCRT complex disassembly	1	1	0.19	0.19321	1	BP
GO:0052575	carbohydrate localization	1	1	0.19	0.19321	1	BP
GO:0052576	carbohydrate storage	1	1	0.19	0.19321	1	BP
GO:0072538	T-helper 17 type immune response	1	1	0.19	0.19321	1	BP
GO:0072539	T-helper 17 cell differentiation	1	1	0.19	0.19321	1	BP
GO:1900144	positive regulation of BMP secretion	1	1	0.19	0.19321	1	BP
GO:0035211	spermathecum morphogenesis	1	1	0.19	0.19321	1	BP
GO:2001284	regulation of BMP secretion	1	1	0.19	0.19321	1	BP
GO:2001286	regulation of caveolin-mediated endocyto...	1	1	0.19	0.19321	1	BP
GO:2001287	negative regulation of caveolin-mediated...	1	1	0.19	0.19321	1	BP
GO:1903300	negative regulation of hexokinase activi...	1	1	0.19	0.19321	1	BP
GO:0032836	glomerular basement membrane development	1	1	0.19	0.19321	1	BP
GO:0060297	regulation of sarcomere organization	1	1	0.19	0.19321	1	BP
GO:0048669	collateral sprouting in absence of injur...	1	1	0.19	0.19321	1	BP
GO:0007250	activation of NF-kappaB-inducing kinase ...	1	1	0.19	0.19321	1	BP
GO:0035791	platelet-derived growth factor receptor-...	1	1	0.19	0.19321	1	BP
GO:1904835	dorsal root ganglion morphogenesis	1	1	0.19	0.19321	1	BP
GO:2001207	regulation of transcription elongation b...	1	1	0.19	0.19321	1	BP
GO:2001208	negative regulation of transcription elo...	1	1	0.19	0.19321	1	BP
GO:0043376	regulation of CD8-positive, alpha-beta T...	1	1	0.19	0.19321	1	BP
GO:0043378	positive regulation of CD8-positive, alp...	1	1	0.19	0.19321	1	BP
GO:0043321	regulation of natural killer cell degran...	1	1	0.19	0.19321	1	BP
GO:0043323	positive regulation of natural killer ce...	1	1	0.19	0.19321	1	BP
GO:0043328	protein transport to vacuole involved in...	1	1	0.19	0.19321	1	BP
GO:0060211	regulation of nuclear-transcribed mRNA p...	1	1	0.19	0.19321	1	BP
GO:0060213	positive regulation of nuclear-transcrib...	1	1	0.19	0.19321	1	BP
GO:0035754	B cell chemotaxis	1	1	0.19	0.19321	1	BP
GO:0038055	BMP secretion	1	1	0.19	0.19321	1	BP
GO:0060233	oenocyte delamination	1	1	0.19	0.19321	1	BP
GO:0099639	neurotransmitter receptor transport, end...	1	1	0.19	0.19321	1	BP
GO:0071250	cellular response to nitrite	1	1	0.19	0.19321	1	BP
GO:0032510	endosome to lysosome transport via multi...	1	1	0.19	0.19321	1	BP
GO:0032511	late endosome to vacuole transport via m...	1	1	0.19	0.19321	1	BP
GO:0018026	peptidyl-lysine monomethylation	1	1	0.19	0.19321	1	BP
GO:0003413	chondrocyte differentiation involved in ...	1	1	0.19	0.19321	1	BP
GO:1902010	negative regulation of translation in re...	1	1	0.19	0.19321	1	BP
GO:0038003	G protein-coupled opioid receptor signal...	1	1	0.19	0.19321	1	BP
GO:0071245	cellular response to carbon monoxide	1	1	0.19	0.19321	1	BP
GO:0071233	cellular response to leucine	1	1	0.19	0.19321	1	BP
GO:0002069	columnar/cuboidal epithelial cell matura...	1	1	0.19	0.19321	1	BP
GO:0003409	optic cup structural organization	1	1	0.19	0.19321	1	BP
GO:0002074	extraocular skeletal muscle development	1	1	0.19	0.19321	1	BP
GO:1903181	positive regulation of dopamine biosynth...	1	1	0.19	0.19321	1	BP
GO:0035852	horizontal cell localization	1	1	0.19	0.19321	1	BP
GO:1903179	regulation of dopamine biosynthetic proc...	1	1	0.19	0.19321	1	BP
GO:0060746	parental behavior	1	1	0.19	0.19321	1	BP
GO:1903126	negative regulation of centriole-centrio...	1	1	0.19	0.19321	1	BP
GO:1904690	positive regulation of cytoplasmic trans...	1	1	0.19	0.19321	1	BP
GO:0060738	epithelial-mesenchymal signaling involve...	1	1	0.19	0.19321	1	BP
GO:1903119	protein localization to actin cytoskelet...	1	1	0.19	0.19321	1	BP
GO:0006362	transcription elongation by RNA polymera...	1	1	0.19	0.19321	1	BP
GO:0051794	regulation of timing of catagen	1	1	0.19	0.19321	1	BP
GO:0051795	positive regulation of timing of catagen	1	1	0.19	0.19321	1	BP
GO:0031297	replication fork processing	1	1	0.19	0.19321	1	BP
GO:0035846	oviduct epithelium development	1	1	0.19	0.19321	1	BP
GO:0035847	uterine epithelium development	1	1	0.19	0.19321	1	BP
GO:0035849	nephric duct elongation	1	1	0.19	0.19321	1	BP
GO:0003185	sinoatrial valve morphogenesis	1	1	0.19	0.19321	1	BP
GO:1904653	regulation of lung alveolus development	1	1	0.19	0.19321	1	BP
GO:1904655	positive regulation of lung alveolus dev...	1	1	0.19	0.19321	1	BP
GO:0032647	regulation of interferon-alpha productio...	1	1	0.19	0.19321	1	BP
GO:0003172	sinoatrial valve development	1	1	0.19	0.19321	1	BP
GO:1904688	regulation of cytoplasmic translational ...	1	1	0.19	0.19321	1	BP
GO:0003127	detection of nodal flow	1	1	0.19	0.19321	1	BP
GO:0003128	heart field specification	1	1	0.19	0.19321	1	BP
GO:0031269	pseudopodium assembly	1	1	0.19	0.19321	1	BP
GO:0051759	sister chromosome movement towards spind...	1	1	0.19	0.19321	1	BP
GO:0031282	regulation of guanylate cyclase activity	1	1	0.19	0.19321	1	BP
GO:0031284	positive regulation of guanylate cyclase...	1	1	0.19	0.19321	1	BP
GO:0032607	interferon-alpha production	1	1	0.19	0.19321	1	BP
GO:0031270	pseudopodium retraction	1	1	0.19	0.19321	1	BP
GO:0031272	regulation of pseudopodium assembly	1	1	0.19	0.19321	1	BP
GO:0031274	positive regulation of pseudopodium asse...	1	1	0.19	0.19321	1	BP
GO:0003138	primary heart field specification	1	1	0.19	0.19321	1	BP
GO:0003139	secondary heart field specification	1	1	0.19	0.19321	1	BP
GO:0022035	rhombomere cell migration	1	1	0.19	0.19321	1	BP
GO:0071701	regulation of MAPK export from nucleus	1	1	0.19	0.19321	1	BP
GO:1903288	positive regulation of potassium ion imp...	1	1	0.19	0.19321	1	BP
GO:0046340	diacylglycerol catabolic process	1	1	0.19	0.19321	1	BP
GO:0060846	blood vessel endothelial cell fate commi...	1	1	0.19	0.19321	1	BP
GO:0060847	endothelial cell fate specification	1	1	0.19	0.19321	1	BP
GO:0060837	blood vessel endothelial cell differenti...	1	1	0.19	0.19321	1	BP
GO:0060839	endothelial cell fate commitment	1	1	0.19	0.19321	1	BP
GO:0035523	protein K29-linked deubiquitination	1	1	0.19	0.19321	1	BP
GO:0051892	negative regulation of cardioblast diffe...	1	1	0.19	0.19321	1	BP
GO:0071888	macrophage apoptotic process	1	1	0.19	0.19321	1	BP
GO:0071873	response to norepinephrine	1	1	0.19	0.19321	1	BP
GO:0071874	cellular response to norepinephrine stim...	1	1	0.19	0.19321	1	BP
GO:0060598	dichotomous subdivision of terminal unit...	1	1	0.19	0.19321	1	BP
GO:1905040	otic placode development	1	1	0.19	0.19321	1	BP
GO:0060574	intestinal epithelial cell maturation	1	1	0.19	0.19321	1	BP
GO:0060528	secretory columnal luminar epithelial ce...	1	1	0.19	0.19321	1	BP
GO:0035666	TRIF-dependent toll-like receptor signal...	1	1	0.19	0.19321	1	BP
GO:1903778	protein localization to vacuolar membran...	1	1	0.19	0.19321	1	BP
GO:0007540	sex determination, establishment of X:A ...	1	1	0.19	0.19321	1	BP
GO:0140650	radial glia-guided pyramidal neuron migr...	1	1	0.19	0.19321	1	BP
GO:0051594	detection of glucose	1	1	0.19	0.19321	1	BP
GO:0043201	response to leucine	1	1	0.19	0.19321	1	BP
GO:0014005	microglia development	1	1	0.19	0.19321	1	BP
GO:0071585	detoxification of cadmium ion	1	1	0.19	0.19321	1	BP
GO:0051563	smooth endoplasmic reticulum calcium ion...	1	1	0.19	0.19321	1	BP
GO:0045046	protein import into peroxisome membrane	1	1	0.19	0.19321	1	BP
GO:1902378	VEGF-activated neuropilin signaling path...	1	1	0.19	0.19321	1	BP
GO:1903898	negative regulation of PERK-mediated unf...	1	1	0.19	0.19321	1	BP
GO:0070099	regulation of chemokine-mediated signali...	1	1	0.19	0.19321	1	BP
GO:0097091	synaptic vesicle clustering	1	1	0.19	0.19321	1	BP
GO:0060661	submandibular salivary gland formation	1	1	0.19	0.19321	1	BP
GO:0060666	dichotomous subdivision of terminal unit...	1	1	0.19	0.19321	1	BP
GO:1902336	positive regulation of retinal ganglion ...	1	1	0.19	0.19321	1	BP
GO:0097051	establishment of protein localization to...	1	1	0.19	0.19321	1	BP
GO:0110011	regulation of basement membrane organiza...	1	1	0.19	0.19321	1	BP
GO:0060620	regulation of cholesterol import	1	1	0.19	0.19321	1	BP
GO:0007621	negative regulation of female receptivit...	1	1	0.19	0.19321	1	BP
GO:0101030	tRNA-guanine transglycosylation	1	1	0.19	0.19321	1	BP
GO:0032960	regulation of inositol trisphosphate bio...	1	1	0.19	0.19321	1	BP
GO:0002313	mature B cell differentiation involved i...	1	1	0.19	0.19321	1	BP
GO:0002315	marginal zone B cell differentiation	1	1	0.19	0.19321	1	BP
GO:0032959	inositol trisphosphate biosynthetic proc...	1	1	0.19	0.19321	1	BP
GO:0007630	jump response	1	1	0.19	0.19321	1	BP
GO:0007636	chemosensory jump behavior	1	1	0.19	0.19321	1	BP
GO:0002335	mature B cell differentiation	1	1	0.19	0.19321	1	BP
GO:0042357	thiamine diphosphate metabolic process	1	1	0.19	0.19321	1	BP
GO:0090091	positive regulation of extracellular mat...	1	1	0.19	0.19321	1	BP
GO:0043704	photoreceptor cell fate specification	1	1	0.19	0.19321	1	BP
GO:0071688	striated muscle myosin thick filament as...	1	1	0.19	0.19321	1	BP
GO:0006226	dUMP biosynthetic process	1	1	0.19	0.19321	1	BP
GO:0061060	negative regulation of peptidoglycan rec...	1	1	0.19	0.19321	1	BP
GO:1902415	regulation of mRNA binding	1	1	0.19	0.19321	1	BP
GO:0031585	regulation of inositol 1,4,5-trisphospha...	1	1	0.19	0.19321	1	BP
GO:0006231	dTMP biosynthetic process	1	1	0.19	0.19321	1	BP
GO:1902416	positive regulation of mRNA binding	1	1	0.19	0.19321	1	BP
GO:0031587	positive regulation of inositol 1,4,5-tr...	1	1	0.19	0.19321	1	BP
GO:0061058	regulation of peptidoglycan recognition ...	1	1	0.19	0.19321	1	BP
GO:0090026	positive regulation of monocyte chemotax...	1	1	0.19	0.19321	1	BP
GO:0038190	VEGF-activated neuropilin signaling path...	1	1	0.19	0.19321	1	BP
GO:0061076	negative regulation of neural retina dev...	1	1	0.19	0.19321	1	BP
GO:0061029	eyelid development in camera-type eye	1	1	0.19	0.19321	1	BP
GO:1904903	ESCRT III complex disassembly	1	1	0.19	0.19321	1	BP
GO:0051601	exocyst localization	1	1	0.19	0.19321	1	BP
GO:1903526	negative regulation of membrane tubulati...	1	1	0.19	0.19321	1	BP
GO:0009162	deoxyribonucleoside monophosphate metabo...	1	1	0.19	0.19321	1	BP
GO:0009157	deoxyribonucleoside monophosphate biosyn...	1	1	0.19	0.19321	1	BP
GO:0009176	pyrimidine deoxyribonucleoside monophosp...	1	1	0.19	0.19321	1	BP
GO:0009177	pyrimidine deoxyribonucleoside monophosp...	1	1	0.19	0.19321	1	BP
GO:0006772	thiamine metabolic process	1	1	0.19	0.19321	1	BP
GO:0002190	cap-independent translational initiation	1	1	0.19	0.19321	1	BP
GO:0002191	cap-dependent translational initiation	1	1	0.19	0.19321	1	BP
GO:1903690	negative regulation of wound healing, sp...	1	1	0.19	0.19321	1	BP
GO:0030007	cellular potassium ion homeostasis	1	1	0.19	0.19321	1	BP
GO:0034375	high-density lipoprotein particle remode...	1	1	0.19	0.19321	1	BP
GO:1902103	negative regulation of metaphase/anaphas...	1	1	0.19	0.19321	1	BP
GO:1903689	regulation of wound healing, spreading o...	1	1	0.19	0.19321	1	BP
GO:0002125	maternal aggressive behavior	1	1	0.19	0.19321	1	BP
GO:2000320	negative regulation of T-helper 17 cell ...	1	1	0.19	0.19321	1	BP
GO:1903674	regulation of cap-dependent translationa...	1	1	0.19	0.19321	1	BP
GO:1903676	positive regulation of cap-dependent tra...	1	1	0.19	0.19321	1	BP
GO:1903677	regulation of cap-independent translatio...	1	1	0.19	0.19321	1	BP
GO:1903679	positive regulation of cap-independent t...	1	1	0.19	0.19321	1	BP
GO:0002115	store-operated calcium entry	1	1	0.19	0.19321	1	BP
GO:2000316	regulation of T-helper 17 type immune re...	1	1	0.19	0.19321	1	BP
GO:2000317	negative regulation of T-helper 17 type ...	1	1	0.19	0.19321	1	BP
GO:2000319	regulation of T-helper 17 cell different...	1	1	0.19	0.19321	1	BP
GO:0043504	mitochondrial DNA repair	1	1	0.19	0.19321	1	BP
GO:1905456	regulation of lymphoid progenitor cell d...	1	1	0.19	0.19321	1	BP
GO:2000303	regulation of ceramide biosynthetic proc...	1	1	0.19	0.19321	1	BP
GO:2000304	positive regulation of ceramide biosynth...	1	1	0.19	0.19321	1	BP
GO:1902285	semaphorin-plexin signaling pathway invo...	1	1	0.19	0.19321	1	BP
GO:1902287	semaphorin-plexin signaling pathway invo...	1	1	0.19	0.19321	1	BP
GO:1903608	protein localization to cytoplasmic stre...	1	1	0.19	0.19321	1	BP
GO:0098787	mRNA cleavage involved in mRNA processin...	1	1	0.19	0.19321	1	BP
GO:0098789	pre-mRNA cleavage required for polyadeny...	1	1	0.19	0.19321	1	BP
GO:0002265	astrocyte activation involved in immune ...	1	1	0.19	0.19321	1	BP
GO:0098749	cerebellar neuron development	1	1	0.19	0.19321	1	BP
GO:0060980	cell migration involved in coronary vasc...	1	1	0.19	0.19321	1	BP
GO:2000474	regulation of opioid receptor signaling ...	1	1	0.19	0.19321	1	BP
GO:0034436	glycoprotein transport	1	1	0.19	0.19321	1	BP
GO:0002227	innate immune response in mucosa	1	1	0.19	0.19321	1	BP
GO:0070375	ERK5 cascade	1	1	0.19	0.19321	1	BP
GO:0006597	spermine biosynthetic process	1	1	0.19	0.19321	1	BP
GO:0097376	interneuron axon guidance	1	1	0.19	0.19321	1	BP
GO:0097377	spinal cord interneuron axon guidance	1	1	0.19	0.19321	1	BP
GO:0097378	dorsal spinal cord interneuron axon guid...	1	1	0.19	0.19321	1	BP
GO:0097379	dorsal spinal cord interneuron posterior...	1	1	0.19	0.19321	1	BP
GO:0002246	wound healing involved in inflammatory r...	1	1	0.19	0.19321	1	BP
GO:0002248	connective tissue replacement involved i...	1	1	0.19	0.19321	1	BP
GO:2000434	regulation of protein neddylation	1	1	0.19	0.19321	1	BP
GO:2000435	negative regulation of protein neddylati...	1	1	0.19	0.19321	1	BP
GO:0033028	myeloid cell apoptotic process	1	1	0.19	0.19321	1	BP
GO:2000402	negative regulation of lymphocyte migrat...	1	1	0.19	0.19321	1	BP
GO:0009720	detection of hormone stimulus	1	1	0.19	0.19321	1	BP
GO:0033032	regulation of myeloid cell apoptotic pro...	1	1	0.19	0.19321	1	BP
GO:0033034	positive regulation of myeloid cell apop...	1	1	0.19	0.19321	1	BP
GO:0006528	asparagine metabolic process	1	1	0.19	0.19321	1	BP
GO:0098886	modification of dendritic spine	1	1	0.19	0.19321	1	BP
GO:0098887	neurotransmitter receptor transport, end...	1	1	0.19	0.19321	1	BP
GO:0098870	action potential propagation	1	1	0.19	0.19321	1	BP
GO:0090385	phagosome-lysosome fusion	1	1	0.19	0.19321	1	BP
GO:0006542	glutamine biosynthetic process	1	1	0.19	0.19321	1	BP
GO:0009730	detection of carbohydrate stimulus	1	1	0.19	0.19321	1	BP
GO:0009732	detection of hexose stimulus	1	1	0.19	0.19321	1	BP
GO:0006530	asparagine catabolic process	1	1	0.19	0.19321	1	BP
GO:0051970	negative regulation of transmission of n...	1	1	0.19	0.19321	1	BP
GO:0071947	protein deubiquitination involved in ubi...	1	1	0.19	0.19321	1	BP
GO:0097490	sympathetic neuron projection extension	1	1	0.19	0.19321	1	BP
GO:0097491	sympathetic neuron projection guidance	1	1	0.19	0.19321	1	BP
GO:1905133	negative regulation of meiotic chromosom...	1	1	0.19	0.19321	1	BP
GO:0061381	cell migration in diencephalon	1	1	0.19	0.19321	1	BP
GO:0098849	cellular detoxification of cadmium ion	1	1	0.19	0.19321	1	BP
GO:0061373	mammillary axonal complex development	1	1	0.19	0.19321	1	BP
GO:0061374	mammillothalamic axonal tract developmen...	1	1	0.19	0.19321	1	BP
GO:0002756	MyD88-independent toll-like receptor sig...	1	1	0.19	0.19321	1	BP
GO:0061378	corpora quadrigemina development	1	1	0.19	0.19321	1	BP
GO:0061379	inferior colliculus development	1	1	0.19	0.19321	1	BP
GO:0002780	antibacterial peptide biosynthetic proce...	1	1	0.19	0.19321	1	BP
GO:0002786	regulation of antibacterial peptide prod...	1	1	0.19	0.19321	1	BP
GO:1901385	regulation of voltage-gated calcium chan...	1	1	0.19	0.19321	1	BP
GO:1901387	positive regulation of voltage-gated cal...	1	1	0.19	0.19321	1	BP
GO:0002777	antimicrobial peptide biosynthetic proce...	1	1	0.19	0.19321	1	BP
GO:0002778	antibacterial peptide production	1	1	0.19	0.19321	1	BP
GO:0097476	spinal cord motor neuron migration	1	1	0.19	0.19321	1	BP
GO:0097477	lateral motor column neuron migration	1	1	0.19	0.19321	1	BP
GO:2000111	positive regulation of macrophage apopto...	1	1	0.19	0.19321	1	BP
GO:0042758	long-chain fatty acid catabolic process	1	1	0.19	0.19321	1	BP
GO:1902867	negative regulation of retina developmen...	1	1	0.19	0.19321	1	BP
GO:1902869	regulation of amacrine cell differentiat...	1	1	0.19	0.19321	1	BP
GO:1990441	negative regulation of transcription fro...	1	1	0.19	0.19321	1	BP
GO:0042723	thiamine-containing compound metabolic p...	1	1	0.19	0.19321	1	BP
GO:0010387	COP9 signalosome assembly	1	1	0.19	0.19321	1	BP
GO:2000109	regulation of macrophage apoptotic proce...	1	1	0.19	0.19321	1	BP
GO:0070407	oxidation-dependent protein catabolic pr...	1	1	0.19	0.19321	1	BP
GO:0042711	maternal behavior	1	1	0.19	0.19321	1	BP
GO:0042714	dosage compensation complex assembly	1	1	0.19	0.19321	1	BP
GO:1902870	negative regulation of amacrine cell dif...	1	1	0.19	0.19321	1	BP
GO:0006642	triglyceride mobilization	1	1	0.19	0.19321	1	BP
GO:1905214	regulation of RNA binding	1	1	0.19	0.19321	1	BP
GO:1905216	positive regulation of RNA binding	1	1	0.19	0.19321	1	BP
GO:1905242	response to 3,3',5-triiodo-L-thyronine	1	1	0.19	0.19321	1	BP
GO:1905243	cellular response to 3,3',5-triiodo-L-th...	1	1	0.19	0.19321	1	BP
GO:0034287	detection of monosaccharide stimulus	1	1	0.19	0.19321	1	BP
GO:0090427	activation of meiosis	1	1	0.19	0.19321	1	BP
GO:0034224	cellular response to zinc ion starvation	1	1	0.19	0.19321	1	BP
GO:0061470	T follicular helper cell differentiation	1	1	0.19	0.19321	1	BP
GO:0097168	mesenchymal stem cell proliferation	1	1	0.19	0.19321	1	BP
GO:0110117	positive regulation of compound eye phot...	1	1	0.19	0.19321	1	BP
GO:2000271	positive regulation of fibroblast apopto...	1	1	0.19	0.19321	1	BP
GO:0009597	detection of virus	1	1	0.19	0.19321	1	BP
GO:1990168	protein K33-linked deubiquitination	1	1	0.19	0.19321	1	BP
GO:0061433	cellular response to caloric restriction	1	1	0.19	0.19321	1	BP
GO:1905790	regulation of mechanosensory behavior	1	1	0.19	0.19321	1	BP
GO:1905792	positive regulation of mechanosensory be...	1	1	0.19	0.19321	1	BP
GO:1903927	response to cyanide	1	1	0.19	0.19321	1	BP
GO:1903928	cellular response to cyanide	1	1	0.19	0.19321	1	BP
GO:1903912	negative regulation of endoplasmic retic...	1	1	0.19	0.19321	1	BP
GO:0097112	gamma-aminobutyric acid receptor cluster...	1	1	0.19	0.19321	1	BP
GO:1990170	stress response to cadmium ion	1	1	0.19	0.19321	1	BP
GO:1905751	positive regulation of endosome to plasm...	1	1	0.19	0.19321	1	BP
GO:0010452	histone H3-K36 methylation	1	1	0.19	0.19321	1	BP
GO:0002803	positive regulation of antibacterial pep...	1	1	0.19	0.19321	1	BP
GO:0002805	regulation of antimicrobial peptide bios...	1	1	0.19	0.19321	1	BP
GO:0002807	positive regulation of antimicrobial pep...	1	1	0.19	0.19321	1	BP
GO:0002808	regulation of antibacterial peptide bios...	1	1	0.19	0.19321	1	BP
GO:1905787	regulation of detection of mechanical st...	1	1	0.19	0.19321	1	BP
GO:1905789	positive regulation of detection of mech...	1	1	0.19	0.19321	1	BP
GO:1901401	regulation of tetrapyrrole metabolic pro...	1	1	0.19	0.19321	1	BP
GO:0090160	Golgi to lysosome transport	1	1	0.19	0.19321	1	BP
GO:0070101	positive regulation of chemokine-mediate...	1	1	0.19	0.19321	1	BP
GO:0061199	striated muscle contraction involved in ...	1	1	0.19	0.19321	1	BP
GO:0097101	blood vessel endothelial cell fate speci...	1	1	0.19	0.19321	1	BP
GO:0097102	endothelial tip cell fate specification	1	1	0.19	0.19321	1	BP
GO:0090154	positive regulation of sphingolipid bios...	1	1	0.19	0.19321	1	BP
GO:0090186	regulation of pancreatic juice secretion	1	1	0.19	0.19321	1	BP
GO:0090188	negative regulation of pancreatic juice ...	1	1	0.19	0.19321	1	BP
GO:1902513	regulation of organelle transport along ...	1	1	0.19	0.19321	1	BP
GO:1905749	regulation of endosome to plasma membran...	1	1	0.19	0.19321	1	BP
GO:0090128	regulation of synapse maturation	1	1	0.19	0.19321	1	BP
GO:0090129	positive regulation of synapse maturatio...	1	1	0.19	0.19321	1	BP
GO:0045204	MAPK export from nucleus	1	1	0.19	0.19321	1	BP
GO:2000767	positive regulation of cytoplasmic trans...	1	1	0.19	0.19321	1	BP
GO:2000768	positive regulation of nephron tubule ep...	1	1	0.19	0.19321	1	BP
GO:0043983	histone H4-K12 acetylation	1	1	0.19	0.19321	1	BP
GO:1901166	neural crest cell migration involved in ...	1	1	0.19	0.19321	1	BP
GO:0090135	actin filament branching	1	1	0.19	0.19321	1	BP
GO:0002577	regulation of antigen processing and pre...	1	1	0.19	0.19321	1	BP
GO:0070285	pigment cell development	1	1	0.19	0.19321	1	BP
GO:0048098	antennal joint development	1	1	0.19	0.19321	1	BP
GO:0070276	halogen metabolic process	1	1	0.19	0.19321	1	BP
GO:0097272	ammonium homeostasis	1	1	0.19	0.19321	1	BP
GO:0097273	creatinine homeostasis	1	1	0.19	0.19321	1	BP
GO:0097274	urea homeostasis	1	1	0.19	0.19321	1	BP
GO:0097275	cellular ammonium homeostasis	1	1	0.19	0.19321	1	BP
GO:0097276	cellular creatinine homeostasis	1	1	0.19	0.19321	1	BP
GO:0097277	cellular urea homeostasis	1	1	0.19	0.19321	1	BP
GO:0072095	regulation of branch elongation involved...	1	1	0.19	0.19321	1	BP
GO:1902691	respiratory basal cell differentiation	1	1	0.19	0.19321	1	BP
GO:2000744	positive regulation of anterior head dev...	1	1	0.19	0.19321	1	BP
GO:0045752	positive regulation of Toll signaling pa...	1	1	0.19	0.19321	1	BP
GO:0070244	negative regulation of thymocyte apoptot...	1	1	0.19	0.19321	1	BP
GO:0072069	DCT cell differentiation	1	1	0.19	0.19321	1	BP
GO:0072051	juxtaglomerular apparatus development	1	1	0.19	0.19321	1	BP
GO:1905852	positive regulation of backward locomoti...	1	1	0.19	0.19321	1	BP
GO:0072055	renal cortex development	1	1	0.19	0.19321	1	BP
GO:0072059	cortical collecting duct development	1	1	0.19	0.19321	1	BP
GO:0097206	nephrocyte filtration	1	1	0.19	0.19321	1	BP
GO:0072024	macula densa development	1	1	0.19	0.19321	1	BP
GO:0099010	modification of postsynaptic structure	1	1	0.19	0.19321	1	BP
GO:0072049	comma-shaped body morphogenesis	1	1	0.19	0.19321	1	BP
GO:1902646	regulation of 1-phosphatidyl-1D-myo-inos...	1	1	0.19	0.19321	1	BP
GO:1902647	negative regulation of 1-phosphatidyl-1D...	1	1	0.19	0.19321	1	BP
GO:1902648	positive regulation of 1-phosphatidyl-1D...	1	1	0.19	0.19321	1	BP
GO:1902630	regulation of membrane hyperpolarization	1	1	0.19	0.19321	1	BP
GO:1902632	positive regulation of membrane hyperpol...	1	1	0.19	0.19321	1	BP
GO:1902633	1-phosphatidyl-1D-myo-inositol 4,5-bisph...	1	1	0.19	0.19321	1	BP
GO:1902635	1-phosphatidyl-1D-myo-inositol 4,5-bisph...	1	1	0.19	0.19321	1	BP
GO:0042501	serine phosphorylation of STAT protein	1	1	0.19	0.19321	1	BP
GO:0090244	Wnt signaling pathway involved in somito...	1	1	0.19	0.19321	1	BP
GO:0002625	regulation of T cell antigen processing ...	1	1	0.19	0.19321	1	BP
GO:2000822	regulation of behavioral fear response	1	1	0.19	0.19321	1	BP
GO:0090204	protein localization to nuclear pore	1	1	0.19	0.19321	1	BP
GO:0039021	pronephric glomerulus development	1	1	0.19	0.19321	1	BP
GO:0050787	detoxification of mercury ion	1	1	0.19	0.19321	1	BP
GO:0002635	negative regulation of germinal center f...	1	1	0.19	0.19321	1	BP
GO:1990770	small intestine smooth muscle contractio...	1	1	0.19	0.19321	1	BP
GO:0006963	positive regulation of antibacterial pep...	1	1	0.19	0.19321	1	BP
GO:0061205	paramesonephric duct development	1	1	0.19	0.19321	1	BP
GO:1905563	negative regulation of vascular endothel...	1	1	0.19	0.19321	1	BP
GO:0042675	compound eye cone cell differentiation	1	1	0.19	0.19321	1	BP
GO:2000807	regulation of synaptic vesicle clusterin...	1	1	0.19	0.19321	1	BP
GO:0030241	skeletal muscle myosin thick filament as...	1	1	0.19	0.19321	1	BP
GO:0006925	inflammatory cell apoptotic process	1	1	0.19	0.19321	1	BP
GO:0097702	response to oscillatory fluid shear stre...	1	1	0.19	0.19321	1	BP
GO:0097704	cellular response to oscillatory fluid s...	1	1	0.19	0.19321	1	BP
GO:0032056	positive regulation of translation in re...	1	1	0.19	0.19321	1	BP
GO:0042631	cellular response to water deprivation	1	1	0.19	0.19321	1	BP
GO:1905518	regulation of presynaptic active zone as...	1	1	0.19	0.19321	1	BP
GO:1905519	negative regulation of presynaptic activ...	1	1	0.19	0.19321	1	BP
GO:0042637	catagen	1	1	0.19	0.19321	1	BP
GO:0061763	multivesicular body-lysosome fusion	1	1	0.19	0.19321	1	BP
GO:0006931	substrate-dependent cell migration, cell...	1	1	0.19	0.19321	1	BP
GO:0032014	positive regulation of ARF protein signa...	1	1	0.19	0.19321	1	BP
GO:1904071	presynaptic active zone assembly	1	1	0.19	0.19321	1	BP
GO:1904020	regulation of G protein-coupled receptor...	1	1	0.19	0.19321	1	BP
GO:1904022	positive regulation of G protein-coupled...	1	1	0.19	0.19321	1	BP
GO:0046937	phytochelatin metabolic process	1	1	0.19	0.19321	1	BP
GO:0046938	phytochelatin biosynthetic process	1	1	0.19	0.19321	1	BP
GO:0010796	regulation of multivesicular body size	1	1	0.19	0.19321	1	BP
GO:0050855	regulation of B cell receptor signaling ...	1	1	0.19	0.19321	1	BP
GO:2000537	regulation of B cell chemotaxis	1	1	0.19	0.19321	1	BP
GO:2000538	positive regulation of B cell chemotaxis	1	1	0.19	0.19321	1	BP
GO:1904049	negative regulation of spontaneous neuro...	1	1	0.19	0.19321	1	BP
GO:0070831	basement membrane assembly	1	1	0.19	0.19321	1	BP
GO:0098962	regulation of postsynaptic neurotransmit...	1	1	0.19	0.19321	1	BP
GO:0097553	calcium ion transmembrane import into cy...	34	9	6.57	0.1951	1	BP
GO:0060402	calcium ion transport into cytosol	34	9	6.57	0.1951	1	BP
GO:0008038	neuron recognition	34	9	6.57	0.1951	1	BP
GO:0030855	epithelial cell differentiation	182	40	35.16	0.19536	1	BP
GO:0043270	positive regulation of ion transport	57	14	11.01	0.1959	1	BP
GO:0018209	peptidyl-serine modification	57	14	11.01	0.1959	1	BP
GO:0034765	regulation of ion transmembrane transpor...	57	14	11.01	0.1959	1	BP
GO:0019725	cellular homeostasis	187	41	36.13	0.19639	1	BP
GO:1901987	regulation of cell cycle phase transitio...	90	24	17.39	0.19643	1	BP
GO:0042048	olfactory behavior	32	13	6.18	0.19684	1	BP
GO:0030001	metal ion transport	142	37	27.44	0.1973	1	BP
GO:0019953	sexual reproduction	321	68	62.02	0.1981	1	BP
GO:0036293	response to decreased oxygen levels	76	18	14.68	0.19962	1	BP
GO:0010632	regulation of epithelial cell migration	48	12	9.27	0.20163	1	BP
GO:0048754	branching morphogenesis of an epithelial...	62	15	11.98	0.20207	1	BP
GO:0048522	positive regulation of cellular process	784	162	151.48	0.20432	1	BP
GO:0065008	regulation of biological quality	645	140	124.62	0.20452	1	BP
GO:0007283	spermatogenesis	105	24	20.29	0.20503	1	BP
GO:0001656	metanephros development	21	6	4.06	0.20536	1	BP
GO:0050974	detection of mechanical stimulus involve...	21	6	4.06	0.20536	1	BP
GO:0071868	cellular response to monoamine stimulus	21	6	4.06	0.20536	1	BP
GO:0071869	response to catecholamine	21	6	4.06	0.20536	1	BP
GO:0071870	cellular response to catecholamine stimu...	21	6	4.06	0.20536	1	BP
GO:0014812	muscle cell migration	21	6	4.06	0.20536	1	BP
GO:0000902	cell morphogenesis	277	59	53.52	0.20593	1	BP
GO:0023061	signal release	125	34	24.15	0.20616	1	BP
GO:0001649	osteoblast differentiation	39	10	7.54	0.20625	1	BP
GO:0010634	positive regulation of epithelial cell m...	39	10	7.54	0.20625	1	BP
GO:0035315	hair cell differentiation	39	10	7.54	0.20625	1	BP
GO:0071322	cellular response to carbohydrate stimul...	39	10	7.54	0.20625	1	BP
GO:0031503	protein-containing complex localization	39	10	7.54	0.20625	1	BP
GO:0032870	cellular response to hormone stimulus	139	31	26.86	0.2066	1	BP
GO:0001763	morphogenesis of a branching structure	67	16	12.95	0.20753	1	BP
GO:0070482	response to oxygen levels	86	20	16.62	0.20768	1	BP
GO:0048638	regulation of developmental growth	144	32	27.82	0.20823	1	BP
GO:0007052	mitotic spindle organization	30	8	5.8	0.20851	1	BP
GO:0003151	outflow tract morphogenesis	30	8	5.8	0.20851	1	BP
GO:0090276	regulation of peptide hormone secretion	53	13	10.24	0.20907	1	BP
GO:0022414	reproductive process	443	92	85.59	0.20946	1	BP
GO:0006814	sodium ion transport	44	11	8.5	0.21555	1	BP
GO:2000146	negative regulation of cell motility	44	11	8.5	0.21555	1	BP
GO:0044089	positive regulation of cellular componen...	101	23	19.51	0.21714	1	BP
GO:0002064	epithelial cell development	101	23	19.51	0.21714	1	BP
GO:0007346	regulation of mitotic cell cycle	135	30	26.08	0.21788	1	BP
GO:0097581	lamellipodium organization	17	5	3.28	0.21834	1	BP
GO:0090630	activation of GTPase activity	17	5	3.28	0.21834	1	BP
GO:0007274	neuromuscular synaptic transmission	17	5	3.28	0.21834	1	BP
GO:0030032	lamellipodium assembly	17	5	3.28	0.21834	1	BP
GO:0062149	detection of stimulus involved in sensor...	17	5	3.28	0.21834	1	BP
GO:0031670	cellular response to nutrient	17	5	3.28	0.21834	1	BP
GO:0032092	positive regulation of protein binding	17	5	3.28	0.21834	1	BP
GO:0030030	cell projection organization	375	83	72.45	0.21895	1	BP
GO:0007560	imaginal disc morphogenesis	106	24	20.48	0.21975	1	BP
GO:0008344	adult locomotory behavior	35	9	6.76	0.22082	1	BP
GO:0045667	regulation of osteoblast differentiation	35	9	6.76	0.22082	1	BP
GO:0008154	actin polymerization or depolymerization	35	9	6.76	0.22082	1	BP
GO:0032271	regulation of protein polymerization	35	9	6.76	0.22082	1	BP
GO:0007160	cell-matrix adhesion	35	9	6.76	0.22082	1	BP
GO:0009583	detection of light stimulus	35	9	6.76	0.22082	1	BP
GO:0008361	regulation of cell size	63	15	12.17	0.22117	1	BP
GO:0055065	metal ion homeostasis	111	25	21.45	0.22213	1	BP
GO:1902532	negative regulation of intracellular sig...	111	25	21.45	0.22213	1	BP
GO:0007422	peripheral nervous system development	26	7	5.02	0.22324	1	BP
GO:0010977	negative regulation of neuron projection...	26	7	5.02	0.22324	1	BP
GO:0002027	regulation of heart rate	26	7	5.02	0.22324	1	BP
GO:0045185	maintenance of protein location	26	7	5.02	0.22324	1	BP
GO:0044703	multi-organism reproductive process	334	70	64.53	0.22403	1	BP
GO:0035556	intracellular signal transduction	411	96	79.41	0.22431	1	BP
GO:1903508	positive regulation of nucleic acid-temp...	269	57	51.97	0.22463	1	BP
GO:1902680	positive regulation of RNA biosynthetic ...	269	57	51.97	0.22463	1	BP
GO:0010648	negative regulation of cell communicatio...	272	64	52.55	0.22572	1	BP
GO:0023057	negative regulation of signaling	272	64	52.55	0.22572	1	BP
GO:0044255	cellular lipid metabolic process	165	36	31.88	0.22572	1	BP
GO:0006887	exocytosis	126	28	24.34	0.22811	1	BP
GO:1901615	organic hydroxy compound metabolic proce...	97	22	18.74	0.23004	1	BP
GO:0030707	ovarian follicle cell development	54	13	10.43	0.23016	1	BP
GO:0044262	cellular carbohydrate metabolic process	54	13	10.43	0.23016	1	BP
GO:0001503	ossification	73	17	14.1	0.23052	1	BP
GO:0002066	columnar/cuboidal epithelial cell develo...	73	17	14.1	0.23052	1	BP
GO:0048675	axon extension	40	10	7.73	0.23085	1	BP
GO:0006950	response to stress	597	124	115.35	0.23135	1	BP
GO:0010646	regulation of cell communication	550	127	106.27	0.23139	1	BP
GO:0001776	leukocyte homeostasis	13	4	2.51	0.23159	1	BP
GO:0030838	positive regulation of actin filament po...	13	4	2.51	0.23159	1	BP
GO:0048538	thymus development	13	4	2.51	0.23159	1	BP
GO:0035774	positive regulation of insulin secretion...	13	4	2.51	0.23159	1	BP
GO:0046467	membrane lipid biosynthetic process	13	4	2.51	0.23159	1	BP
GO:0006400	tRNA modification	13	4	2.51	0.23159	1	BP
GO:0015914	phospholipid transport	13	4	2.51	0.23159	1	BP
GO:0006584	catecholamine metabolic process	13	4	2.51	0.23159	1	BP
GO:0009712	catechol-containing compound metabolic p...	13	4	2.51	0.23159	1	BP
GO:1903998	regulation of eating behavior	13	4	2.51	0.23159	1	BP
GO:0090224	regulation of spindle organization	13	4	2.51	0.23159	1	BP
GO:0006904	vesicle docking involved in exocytosis	13	4	2.51	0.23159	1	BP
GO:0050850	positive regulation of calcium-mediated ...	13	4	2.51	0.23159	1	BP
GO:0051254	positive regulation of RNA metabolic pro...	285	60	55.06	0.23448	1	BP
GO:0097435	supramolecular fiber organization	107	24	20.67	0.23495	1	BP
GO:0051336	regulation of hydrolase activity	156	34	30.14	0.23626	1	BP
GO:0060078	regulation of postsynaptic membrane pote...	31	8	5.99	0.23694	1	BP
GO:0099565	chemical synaptic transmission, postsyna...	31	8	5.99	0.23694	1	BP
GO:0017157	regulation of exocytosis	31	8	5.99	0.23694	1	BP
GO:0120031	plasma membrane bounded cell projection ...	117	26	22.61	0.23899	1	BP
GO:0016567	protein ubiquitination	117	26	22.61	0.23899	1	BP
GO:0006796	phosphate-containing compound metabolic ...	467	96	90.23	0.23914	1	BP
GO:0090257	regulation of muscle system process	45	11	8.69	0.23916	1	BP
GO:0060047	heart contraction	52	20	10.05	0.23953	1	BP
GO:0030500	regulation of bone mineralization	22	6	4.25	0.23955	1	BP
GO:0010508	positive regulation of autophagy	22	6	4.25	0.23955	1	BP
GO:0016079	synaptic vesicle exocytosis	22	6	4.25	0.23955	1	BP
GO:0090102	cochlea development	22	6	4.25	0.23955	1	BP
GO:0097711	ciliary basal body-plasma membrane docki...	22	6	4.25	0.23955	1	BP
GO:0033043	regulation of organelle organization	215	48	41.54	0.2396	1	BP
GO:0016192	vesicle-mediated transport	316	66	61.05	0.24327	1	BP
GO:0055064	chloride ion homeostasis	9	3	1.74	0.24373	1	BP
GO:2000628	regulation of miRNA metabolic process	9	3	1.74	0.24373	1	BP
GO:0010824	regulation of centrosome duplication	9	3	1.74	0.24373	1	BP
GO:0061548	ganglion development	9	3	1.74	0.24373	1	BP
GO:0060004	reflex	9	3	1.74	0.24373	1	BP
GO:1904356	regulation of telomere maintenance via t...	9	3	1.74	0.24373	1	BP
GO:0030644	cellular chloride ion homeostasis	9	3	1.74	0.24373	1	BP
GO:0021696	cerebellar cortex morphogenesis	9	3	1.74	0.24373	1	BP
GO:0021697	cerebellar cortex formation	9	3	1.74	0.24373	1	BP
GO:0050976	detection of mechanical stimulus involve...	9	3	1.74	0.24373	1	BP
GO:0050931	pigment cell differentiation	9	3	1.74	0.24373	1	BP
GO:0023041	neuronal signal transduction	9	3	1.74	0.24373	1	BP
GO:0001954	positive regulation of cell-matrix adhes...	9	3	1.74	0.24373	1	BP
GO:0001959	regulation of cytokine-mediated signalin...	9	3	1.74	0.24373	1	BP
GO:0032769	negative regulation of monooxygenase act...	9	3	1.74	0.24373	1	BP
GO:0032784	regulation of DNA-templated transcriptio...	9	3	1.74	0.24373	1	BP
GO:0071467	cellular response to pH	9	3	1.74	0.24373	1	BP
GO:0008542	visual learning	9	3	1.74	0.24373	1	BP
GO:0032878	regulation of establishment or maintenan...	9	3	1.74	0.24373	1	BP
GO:0071230	cellular response to amino acid stimulus	9	3	1.74	0.24373	1	BP
GO:0060759	regulation of response to cytokine stimu...	9	3	1.74	0.24373	1	BP
GO:0002029	desensitization of G protein-coupled rec...	9	3	1.74	0.24373	1	BP
GO:0000731	DNA synthesis involved in DNA repair	9	3	1.74	0.24373	1	BP
GO:0003299	muscle hypertrophy in response to stress	9	3	1.74	0.24373	1	BP
GO:0051703	biological process involved in intraspec...	9	3	1.74	0.24373	1	BP
GO:0061045	negative regulation of wound healing	9	3	1.74	0.24373	1	BP
GO:0051602	response to electrical stimulus	9	3	1.74	0.24373	1	BP
GO:1901019	regulation of calcium ion transmembrane ...	9	3	1.74	0.24373	1	BP
GO:1903649	regulation of cytoplasmic transport	9	3	1.74	0.24373	1	BP
GO:0042136	neurotransmitter biosynthetic process	9	3	1.74	0.24373	1	BP
GO:0034405	response to fluid shear stress	9	3	1.74	0.24373	1	BP
GO:0098693	regulation of synaptic vesicle cycle	9	3	1.74	0.24373	1	BP
GO:0010460	positive regulation of heart rate	9	3	1.74	0.24373	1	BP
GO:0090103	cochlea morphogenesis	9	3	1.74	0.24373	1	BP
GO:0014898	cardiac muscle hypertrophy in response t...	9	3	1.74	0.24373	1	BP
GO:0090279	regulation of calcium ion import	9	3	1.74	0.24373	1	BP
GO:0014887	cardiac muscle adaptation	9	3	1.74	0.24373	1	BP
GO:0006998	nuclear envelope organization	9	3	1.74	0.24373	1	BP
GO:0006929	substrate-dependent cell migration	9	3	1.74	0.24373	1	BP
GO:0002065	columnar/cuboidal epithelial cell differ...	93	21	17.97	0.2438	1	BP
GO:0010564	regulation of cell cycle process	152	36	29.37	0.24433	1	BP
GO:0045165	cell fate commitment	147	39	28.4	0.24497	1	BP
GO:0098771	inorganic ion homeostasis	137	30	26.47	0.24512	1	BP
GO:0051052	regulation of DNA metabolic process	69	16	13.33	0.24543	1	BP
GO:1901990	regulation of mitotic cell cycle phase t...	69	16	13.33	0.24543	1	BP
GO:0001736	establishment of planar polarity	36	9	6.96	0.24776	1	BP
GO:0032355	response to estradiol	36	9	6.96	0.24776	1	BP
GO:0007164	establishment of tissue polarity	36	9	6.96	0.24776	1	BP
GO:2001020	regulation of response to DNA damage sti...	31	11	5.99	0.24782	1	BP
GO:0016348	imaginal disc-derived leg joint morphoge...	5	2	0.97	0.24876	1	BP
GO:0001746	Bolwig's organ morphogenesis	5	2	0.97	0.24876	1	BP
GO:0021799	cerebral cortex radially oriented cell m...	5	2	0.97	0.24876	1	BP
GO:0055034	Bolwig's organ development	5	2	0.97	0.24876	1	BP
GO:1902993	positive regulation of amyloid precursor...	5	2	0.97	0.24876	1	BP
GO:2000630	positive regulation of miRNA metabolic p...	5	2	0.97	0.24876	1	BP
GO:0033275	actin-myosin filament sliding	5	2	0.97	0.24876	1	BP
GO:0001881	receptor recycling	5	2	0.97	0.24876	1	BP
GO:0016476	regulation of embryonic cell shape	5	2	0.97	0.24876	1	BP
GO:0001825	blastocyst formation	5	2	0.97	0.24876	1	BP
GO:0021707	cerebellar granule cell differentiation	5	2	0.97	0.24876	1	BP
GO:0140059	dendrite arborization	5	2	0.97	0.24876	1	BP
GO:0010842	retina layer formation	5	2	0.97	0.24876	1	BP
GO:1902932	positive regulation of alcohol biosynthe...	5	2	0.97	0.24876	1	BP
GO:2001054	negative regulation of mesenchymal cell ...	5	2	0.97	0.24876	1	BP
GO:0010800	positive regulation of peptidyl-threonin...	5	2	0.97	0.24876	1	BP
GO:0016198	axon choice point recognition	5	2	0.97	0.24876	1	BP
GO:2001014	regulation of skeletal muscle cell diffe...	5	2	0.97	0.24876	1	BP
GO:0016199	axon midline choice point recognition	5	2	0.97	0.24876	1	BP
GO:0036152	phosphatidylethanolamine acyl-chain remo...	5	2	0.97	0.24876	1	BP
GO:1901522	positive regulation of transcription fro...	5	2	0.97	0.24876	1	BP
GO:0030517	negative regulation of axon extension	5	2	0.97	0.24876	1	BP
GO:0032365	intracellular lipid transport	5	2	0.97	0.24876	1	BP
GO:0000052	citrulline metabolic process	5	2	0.97	0.24876	1	BP
GO:1904353	regulation of telomere capping	5	2	0.97	0.24876	1	BP
GO:0072160	nephron tubule epithelial cell different...	5	2	0.97	0.24876	1	BP
GO:0008291	acetylcholine metabolic process	5	2	0.97	0.24876	1	BP
GO:0008292	acetylcholine biosynthetic process	5	2	0.97	0.24876	1	BP
GO:0048132	female germ-line stem cell asymmetric di...	5	2	0.97	0.24876	1	BP
GO:0034975	protein folding in endoplasmic reticulum	5	2	0.97	0.24876	1	BP
GO:0021683	cerebellar granular layer morphogenesis	5	2	0.97	0.24876	1	BP
GO:0021684	cerebellar granular layer formation	5	2	0.97	0.24876	1	BP
GO:0072283	metanephric renal vesicle morphogenesis	5	2	0.97	0.24876	1	BP
GO:0072236	metanephric loop of Henle development	5	2	0.97	0.24876	1	BP
GO:0032292	peripheral nervous system axon ensheathm...	5	2	0.97	0.24876	1	BP
GO:0048745	smooth muscle tissue development	5	2	0.97	0.24876	1	BP
GO:0023019	signal transduction involved in regulati...	5	2	0.97	0.24876	1	BP
GO:0071389	cellular response to mineralocorticoid s...	5	2	0.97	0.24876	1	BP
GO:0032201	telomere maintenance via semi-conservati...	5	2	0.97	0.24876	1	BP
GO:0001956	positive regulation of neurotransmitter ...	5	2	0.97	0.24876	1	BP
GO:0051349	positive regulation of lyase activity	5	2	0.97	0.24876	1	BP
GO:0010922	positive regulation of phosphatase activ...	5	2	0.97	0.24876	1	BP
GO:0060444	branching involved in mammary gland duct...	5	2	0.97	0.24876	1	BP
GO:0007439	ectodermal digestive tract development	5	2	0.97	0.24876	1	BP
GO:0035115	embryonic forelimb morphogenesis	5	2	0.97	0.24876	1	BP
GO:0035136	forelimb morphogenesis	5	2	0.97	0.24876	1	BP
GO:1900409	positive regulation of cellular response...	5	2	0.97	0.24876	1	BP
GO:0071402	cellular response to lipoprotein particl...	5	2	0.97	0.24876	1	BP
GO:0046015	regulation of transcription by glucose	5	2	0.97	0.24876	1	BP
GO:1903332	regulation of protein folding	5	2	0.97	0.24876	1	BP
GO:0043370	regulation of CD4-positive, alpha-beta T...	5	2	0.97	0.24876	1	BP
GO:0007217	tachykinin receptor signaling pathway	5	2	0.97	0.24876	1	BP
GO:1902083	negative regulation of peptidyl-cysteine...	5	2	0.97	0.24876	1	BP
GO:1902041	regulation of extrinsic apoptotic signal...	5	2	0.97	0.24876	1	BP
GO:1902004	positive regulation of amyloid-beta form...	5	2	0.97	0.24876	1	BP
GO:1903170	negative regulation of calcium ion trans...	5	2	0.97	0.24876	1	BP
GO:0006353	DNA-templated transcription termination	5	2	0.97	0.24876	1	BP
GO:0035812	renal sodium excretion	5	2	0.97	0.24876	1	BP
GO:0035813	regulation of renal sodium excretion	5	2	0.97	0.24876	1	BP
GO:0042073	intraciliary transport	5	2	0.97	0.24876	1	BP
GO:0071786	endoplasmic reticulum tubular network or...	5	2	0.97	0.24876	1	BP
GO:0015812	gamma-aminobutyric acid transport	5	2	0.97	0.24876	1	BP
GO:0022011	myelination in peripheral nervous system	5	2	0.97	0.24876	1	BP
GO:0035510	DNA dealkylation	5	2	0.97	0.24876	1	BP
GO:0051890	regulation of cardioblast differentiatio...	5	2	0.97	0.24876	1	BP
GO:0014051	gamma-aminobutyric acid secretion	5	2	0.97	0.24876	1	BP
GO:0048934	peripheral nervous system neuron differe...	5	2	0.97	0.24876	1	BP
GO:0048935	peripheral nervous system neuron develop...	5	2	0.97	0.24876	1	BP
GO:1903729	regulation of plasma membrane organizati...	5	2	0.97	0.24876	1	BP
GO:0070098	chemokine-mediated signaling pathway	5	2	0.97	0.24876	1	BP
GO:0002385	mucosal immune response	5	2	0.97	0.24876	1	BP
GO:0042395	ecdysis, collagen and cuticulin-based cu...	5	2	0.97	0.24876	1	BP
GO:0002312	B cell activation involved in immune res...	5	2	0.97	0.24876	1	BP
GO:1900620	acetate ester biosynthetic process	5	2	0.97	0.24876	1	BP
GO:1900619	acetate ester metabolic process	5	2	0.97	0.24876	1	BP
GO:0071677	positive regulation of mononuclear cell ...	5	2	0.97	0.24876	1	BP
GO:1901020	negative regulation of calcium ion trans...	5	2	0.97	0.24876	1	BP
GO:0030011	maintenance of cell polarity	5	2	0.97	0.24876	1	BP
GO:0030049	muscle filament sliding	5	2	0.97	0.24876	1	BP
GO:0042416	dopamine biosynthetic process	5	2	0.97	0.24876	1	BP
GO:0043555	regulation of translation in response to...	5	2	0.97	0.24876	1	BP
GO:1902101	positive regulation of metaphase/anaphas...	5	2	0.97	0.24876	1	BP
GO:0002251	organ or tissue specific immune response	5	2	0.97	0.24876	1	BP
GO:2000481	positive regulation of cAMP-dependent pr...	5	2	0.97	0.24876	1	BP
GO:0000915	actomyosin contractile ring assembly	5	2	0.97	0.24876	1	BP
GO:0070498	interleukin-1-mediated signaling pathway	5	2	0.97	0.24876	1	BP
GO:2000169	regulation of peptidyl-cysteine S-nitros...	5	2	0.97	0.24876	1	BP
GO:0045196	establishment or maintenance of neurobla...	5	2	0.97	0.24876	1	BP
GO:0046541	saliva secretion	5	2	0.97	0.24876	1	BP
GO:1902893	regulation of miRNA transcription	5	2	0.97	0.24876	1	BP
GO:0046500	S-adenosylmethionine metabolic process	5	2	0.97	0.24876	1	BP
GO:1902857	positive regulation of non-motile cilium...	5	2	0.97	0.24876	1	BP
GO:2000104	negative regulation of DNA-templated DNA...	5	2	0.97	0.24876	1	BP
GO:1902884	positive regulation of response to oxida...	5	2	0.97	0.24876	1	BP
GO:0061418	regulation of transcription from RNA pol...	5	2	0.97	0.24876	1	BP
GO:0046639	negative regulation of alpha-beta T cell...	5	2	0.97	0.24876	1	BP
GO:1901142	insulin metabolic process	5	2	0.97	0.24876	1	BP
GO:1902656	calcium ion import into cytosol	5	2	0.97	0.24876	1	BP
GO:0033344	cholesterol efflux	5	2	0.97	0.24876	1	BP
GO:0072087	renal vesicle development	5	2	0.97	0.24876	1	BP
GO:0072070	loop of Henle development	5	2	0.97	0.24876	1	BP
GO:0072074	kidney mesenchyme development	5	2	0.97	0.24876	1	BP
GO:0072075	metanephric mesenchyme development	5	2	0.97	0.24876	1	BP
GO:0072077	renal vesicle morphogenesis	5	2	0.97	0.24876	1	BP
GO:0097205	renal filtration	5	2	0.97	0.24876	1	BP
GO:1905820	positive regulation of chromosome separa...	5	2	0.97	0.24876	1	BP
GO:0061213	positive regulation of mesonephros devel...	5	2	0.97	0.24876	1	BP
GO:0061217	regulation of mesonephros development	5	2	0.97	0.24876	1	BP
GO:0014827	intestine smooth muscle contraction	5	2	0.97	0.24876	1	BP
GO:0014831	gastro-intestinal system smooth muscle c...	5	2	0.97	0.24876	1	BP
GO:1990868	response to chemokine	5	2	0.97	0.24876	1	BP
GO:1990869	cellular response to chemokine	5	2	0.97	0.24876	1	BP
GO:2000514	regulation of CD4-positive, alpha-beta T...	5	2	0.97	0.24876	1	BP
GO:0001666	response to hypoxia	74	17	14.3	0.24931	1	BP
GO:0048545	response to steroid hormone	74	17	14.3	0.24931	1	BP
GO:0033993	response to lipid	157	34	30.33	0.24932	1	BP
GO:0006259	DNA metabolic process	157	34	30.33	0.24932	1	BP
GO:0009617	response to bacterium	108	24	20.87	0.2506	1	BP
GO:0048666	neuron development	331	79	63.95	0.25152	1	BP
GO:0051050	positive regulation of transport	177	38	34.2	0.25214	1	BP
GO:0046486	glycerolipid metabolic process	79	18	15.26	0.25274	1	BP
GO:1903532	positive regulation of secretion by cell	79	18	15.26	0.25274	1	BP
GO:0007612	learning	62	19	11.98	0.25459	1	BP
GO:0030833	regulation of actin filament polymerizat...	27	7	5.22	0.25494	1	BP
GO:0072171	mesonephric tubule morphogenesis	27	7	5.22	0.25494	1	BP
GO:0060675	ureteric bud morphogenesis	27	7	5.22	0.25494	1	BP
GO:1903524	positive regulation of blood circulation	27	7	5.22	0.25494	1	BP
GO:0070374	positive regulation of ERK1 and ERK2 cas...	27	7	5.22	0.25494	1	BP
GO:0031929	TOR signaling	27	7	5.22	0.25494	1	BP
GO:0090277	positive regulation of peptide hormone s...	27	7	5.22	0.25494	1	BP
GO:0009968	negative regulation of signal transducti...	237	50	45.79	0.25536	1	BP
GO:0031214	biomineral tissue development	41	10	7.92	0.2565	1	BP
GO:0000819	sister chromatid segregation	41	10	7.92	0.2565	1	BP
GO:0110148	biomineralization	41	10	7.92	0.2565	1	BP
GO:1901215	negative regulation of neuron death	41	10	7.92	0.2565	1	BP
GO:0051962	positive regulation of nervous system de...	128	28	24.73	0.25696	1	BP
GO:1990778	protein localization to cell periphery	60	14	11.59	0.25715	1	BP
GO:0034599	cellular response to oxidative stress	60	14	11.59	0.25715	1	BP
GO:0000003	reproduction	454	93	87.72	0.25758	1	BP
GO:0070542	response to fatty acid	18	5	3.48	0.25775	1	BP
GO:0010522	regulation of calcium ion transport into...	18	5	3.48	0.25775	1	BP
GO:0021954	central nervous system neuron developmen...	18	5	3.48	0.25775	1	BP
GO:0051298	centrosome duplication	18	5	3.48	0.25775	1	BP
GO:0031123	RNA 3'-end processing	18	5	3.48	0.25775	1	BP
GO:0046456	icosanoid biosynthetic process	18	5	3.48	0.25775	1	BP
GO:0009409	response to cold	18	5	3.48	0.25775	1	BP
GO:1902117	positive regulation of organelle assembl...	18	5	3.48	0.25775	1	BP
GO:0035914	skeletal muscle cell differentiation	18	5	3.48	0.25775	1	BP
GO:0051964	negative regulation of synapse assembly	18	5	3.48	0.25775	1	BP
GO:0048010	vascular endothelial growth factor recep...	18	5	3.48	0.25775	1	BP
GO:0043549	regulation of kinase activity	138	30	26.66	0.25928	1	BP
GO:0050801	ion homeostasis	148	32	28.6	0.26118	1	BP
GO:0000165	MAPK cascade	148	32	28.6	0.26118	1	BP
GO:0007269	neurotransmitter secretion	46	17	8.89	0.26129	1	BP
GO:0099643	signal release from synapse	46	17	8.89	0.26129	1	BP
GO:0048839	inner ear development	65	15	12.56	0.26154	1	BP
GO:0006650	glycerophospholipid metabolic process	65	15	12.56	0.26154	1	BP
GO:0097305	response to alcohol	99	22	19.13	0.26304	1	BP
GO:0046777	protein autophosphorylation	46	11	8.89	0.26368	1	BP
GO:0043269	regulation of ion transport	104	23	20.09	0.26496	1	BP
GO:0006979	response to oxidative stress	104	23	20.09	0.26496	1	BP
GO:0043583	ear development	70	16	13.52	0.26536	1	BP
GO:0030900	forebrain development	109	24	21.06	0.26668	1	BP
GO:0030073	insulin secretion	51	12	9.85	0.26967	1	BP
GO:0060255	regulation of macromolecule metabolic pr...	788	158	152.25	0.271	1	BP
GO:0010631	epithelial cell migration	80	18	15.46	0.27161	1	BP
GO:0006793	phosphorus metabolic process	471	96	91	0.27266	1	BP
GO:0021543	pallium development	56	13	10.82	0.27472	1	BP
GO:0045930	negative regulation of mitotic cell cycl...	56	13	10.82	0.27472	1	BP
GO:0042593	glucose homeostasis	56	13	10.82	0.27472	1	BP
GO:0050778	positive regulation of immune response	56	13	10.82	0.27472	1	BP
GO:0048701	embryonic cranial skeleton morphogenesis	23	6	4.44	0.27529	1	BP
GO:0051283	negative regulation of sequestering of c...	23	6	4.44	0.27529	1	BP
GO:0071867	response to monoamine	23	6	4.44	0.27529	1	BP
GO:0042133	neurotransmitter metabolic process	23	6	4.44	0.27529	1	BP
GO:0009584	detection of visible light	23	6	4.44	0.27529	1	BP
GO:0055002	striated muscle cell development	37	9	7.15	0.27574	1	BP
GO:0032412	regulation of ion transmembrane transpor...	37	9	7.15	0.27574	1	BP
GO:0071456	cellular response to hypoxia	37	9	7.15	0.27574	1	BP
GO:0031345	negative regulation of cell projection o...	37	9	7.15	0.27574	1	BP
GO:0007606	sensory perception of chemical stimulus	37	9	7.15	0.27574	1	BP
GO:0022898	regulation of transmembrane transporter ...	37	9	7.15	0.27574	1	BP
GO:0001101	response to acid chemical	90	20	17.39	0.27644	1	BP
GO:0045664	regulation of neuron differentiation	169	36	32.65	0.27722	1	BP
GO:0044042	glucan metabolic process	14	4	2.7	0.27826	1	BP
GO:0021884	forebrain neuron development	14	4	2.7	0.27826	1	BP
GO:0007040	lysosome organization	14	4	2.7	0.27826	1	BP
GO:0010611	regulation of cardiac muscle hypertrophy	14	4	2.7	0.27826	1	BP
GO:0032456	endocytic recycling	14	4	2.7	0.27826	1	BP
GO:0005977	glycogen metabolic process	14	4	2.7	0.27826	1	BP
GO:1904427	positive regulation of calcium ion trans...	14	4	2.7	0.27826	1	BP
GO:1903035	negative regulation of response to wound...	14	4	2.7	0.27826	1	BP
GO:0032233	positive regulation of actin filament bu...	14	4	2.7	0.27826	1	BP
GO:0006073	cellular glucan metabolic process	14	4	2.7	0.27826	1	BP
GO:0080171	lytic vacuole organization	14	4	2.7	0.27826	1	BP
GO:0009069	serine family amino acid metabolic proce...	14	4	2.7	0.27826	1	BP
GO:0071674	mononuclear cell migration	14	4	2.7	0.27826	1	BP
GO:0009187	cyclic nucleotide metabolic process	14	4	2.7	0.27826	1	BP
GO:0043666	regulation of phosphoprotein phosphatase...	14	4	2.7	0.27826	1	BP
GO:0014743	regulation of muscle hypertrophy	14	4	2.7	0.27826	1	BP
GO:0046883	regulation of hormone secretion	66	15	12.75	0.28268	1	BP
GO:0034248	regulation of cellular amide metabolic p...	66	15	12.75	0.28268	1	BP
GO:0009966	regulation of signal transduction	473	103	91.39	0.28297	1	BP
GO:0001738	morphogenesis of a polarized epithelium	42	10	8.11	0.28304	1	BP
GO:0032496	response to lipopolysaccharide	42	10	8.11	0.28304	1	BP
GO:0031334	positive regulation of protein-containin...	42	10	8.11	0.28304	1	BP
GO:0021537	telencephalon development	71	16	13.72	0.28585	1	BP
GO:0007267	cell-cell signaling	304	73	58.74	0.28744	1	BP
GO:0030832	regulation of actin filament length	28	7	5.41	0.28786	1	BP
GO:1901991	negative regulation of mitotic cell cycl...	28	7	5.41	0.28786	1	BP
GO:0008064	regulation of actin polymerization or de...	28	7	5.41	0.28786	1	BP
GO:0003015	heart process	57	21	11.01	0.28798	1	BP
GO:0019318	hexose metabolic process	47	11	9.08	0.28899	1	BP
GO:0007254	JNK cascade	47	11	9.08	0.28899	1	BP
GO:0042471	ear morphogenesis	47	11	9.08	0.28899	1	BP
GO:0002237	response to molecule of bacterial origin	47	11	9.08	0.28899	1	BP
GO:0072073	kidney epithelium development	47	11	9.08	0.28899	1	BP
GO:0061919	process utilizing autophagic mechanism	81	18	15.65	0.29096	1	BP
GO:0006914	autophagy	81	18	15.65	0.29096	1	BP
GO:0007519	skeletal muscle tissue development	52	12	10.05	0.2939	1	BP
GO:0043523	regulation of neuron apoptotic process	52	12	10.05	0.2939	1	BP
GO:0043086	negative regulation of catalytic activit...	96	21	18.55	0.2964	1	BP
GO:0035218	leg disc development	33	8	6.38	0.29729	1	BP
GO:0042490	mechanoreceptor differentiation	33	8	6.38	0.29729	1	BP
GO:0022604	regulation of cell morphogenesis	101	22	19.51	0.29777	1	BP
GO:0019438	aromatic compound biosynthetic process	576	116	111.29	0.29793	1	BP
GO:0034976	response to endoplasmic reticulum stress	57	13	11.01	0.298	1	BP
GO:0009743	response to carbohydrate	57	13	11.01	0.298	1	BP
GO:0042594	response to starvation	57	13	11.01	0.298	1	BP
GO:0010811	positive regulation of cell-substrate ad...	19	5	3.67	0.29867	1	BP
GO:0001578	microtubule bundle formation	19	5	3.67	0.29867	1	BP
GO:0035304	regulation of protein dephosphorylation	19	5	3.67	0.29867	1	BP
GO:0061062	regulation of nematode larval developmen...	19	5	3.67	0.29867	1	BP
GO:0098657	import into cell	106	23	20.48	0.29896	1	BP
GO:1903530	regulation of secretion by cell	141	36	27.24	0.30067	1	BP
GO:0034654	nucleobase-containing compound biosynthe...	561	113	108.39	0.30085	1	BP
GO:0048707	instar larval or pupal morphogenesis	116	25	22.41	0.30088	1	BP
GO:0016049	cell growth	116	25	22.41	0.30088	1	BP
GO:0016070	RNA metabolic process	602	121	116.31	0.30136	1	BP
GO:0055078	sodium ion homeostasis	10	3	1.93	0.3016	1	BP
GO:0001702	gastrulation with mouth forming second	10	3	1.93	0.3016	1	BP
GO:0018996	molting cycle, collagen and cuticulin-ba...	10	3	1.93	0.3016	1	BP
GO:0036475	neuron death in response to oxidative st...	10	3	1.93	0.3016	1	BP
GO:1902930	regulation of alcohol biosynthetic proce...	10	3	1.93	0.3016	1	BP
GO:0090505	epiboly involved in wound healing	10	3	1.93	0.3016	1	BP
GO:0070613	regulation of protein processing	10	3	1.93	0.3016	1	BP
GO:0042982	amyloid precursor protein metabolic proc...	10	3	1.93	0.3016	1	BP
GO:0030520	intracellular estrogen receptor signalin...	10	3	1.93	0.3016	1	BP
GO:0010524	positive regulation of calcium ion trans...	10	3	1.93	0.3016	1	BP
GO:0010517	regulation of phospholipase activity	10	3	1.93	0.3016	1	BP
GO:0010518	positive regulation of phospholipase act...	10	3	1.93	0.3016	1	BP
GO:0007004	telomere maintenance via telomerase	10	3	1.93	0.3016	1	BP
GO:0048190	wing disc dorsal/ventral pattern formati...	10	3	1.93	0.3016	1	BP
GO:0021680	cerebellar Purkinje cell layer developme...	10	3	1.93	0.3016	1	BP
GO:0044319	wound healing, spreading of cells	10	3	1.93	0.3016	1	BP
GO:1903078	positive regulation of protein localizat...	10	3	1.93	0.3016	1	BP
GO:0035306	positive regulation of dephosphorylation	10	3	1.93	0.3016	1	BP
GO:0032228	regulation of synaptic transmission, GAB...	10	3	1.93	0.3016	1	BP
GO:0051354	negative regulation of oxidoreductase ac...	10	3	1.93	0.3016	1	BP
GO:0048867	stem cell fate determination	10	3	1.93	0.3016	1	BP
GO:0060193	positive regulation of lipase activity	10	3	1.93	0.3016	1	BP
GO:0032801	receptor catabolic process	10	3	1.93	0.3016	1	BP
GO:0072676	lymphocyte migration	10	3	1.93	0.3016	1	BP
GO:1900271	regulation of long-term synaptic potenti...	10	3	1.93	0.3016	1	BP
GO:1903432	regulation of TORC1 signaling	10	3	1.93	0.3016	1	BP
GO:0051279	regulation of release of sequestered cal...	10	3	1.93	0.3016	1	BP
GO:0002052	positive regulation of neuroblast prolif...	10	3	1.93	0.3016	1	BP
GO:1904645	response to amyloid-beta	10	3	1.93	0.3016	1	BP
GO:1903203	regulation of oxidative stress-induced n...	10	3	1.93	0.3016	1	BP
GO:0032941	secretion by tissue	10	3	1.93	0.3016	1	BP
GO:0006278	RNA-templated DNA biosynthetic process	10	3	1.93	0.3016	1	BP
GO:0071675	regulation of mononuclear cell migration	10	3	1.93	0.3016	1	BP
GO:0006750	glutathione biosynthetic process	10	3	1.93	0.3016	1	BP
GO:1903672	positive regulation of sprouting angioge...	10	3	1.93	0.3016	1	BP
GO:2000463	positive regulation of excitatory postsy...	10	3	1.93	0.3016	1	BP
GO:0006582	melanin metabolic process	10	3	1.93	0.3016	1	BP
GO:0070228	regulation of lymphocyte apoptotic proce...	10	3	1.93	0.3016	1	BP
GO:1902669	positive regulation of axon guidance	10	3	1.93	0.3016	1	BP
GO:0045724	positive regulation of cilium assembly	10	3	1.93	0.3016	1	BP
GO:0009629	response to gravity	10	3	1.93	0.3016	1	BP
GO:0030148	sphingolipid biosynthetic process	10	3	1.93	0.3016	1	BP
GO:0014888	striated muscle adaptation	10	3	1.93	0.3016	1	BP
GO:0002687	positive regulation of leukocyte migrati...	10	3	1.93	0.3016	1	BP
GO:0050891	multicellular organismal water homeostas...	10	3	1.93	0.3016	1	BP
GO:0030031	cell projection assembly	121	26	23.38	0.30165	1	BP
GO:0009886	post-embryonic animal morphogenesis	126	27	24.34	0.3023	1	BP
GO:0048515	spermatid differentiation	38	9	7.34	0.30457	1	BP
GO:0003012	muscle system process	72	16	13.91	0.30684	1	BP
GO:0044839	cell cycle G2/M phase transition	43	10	8.31	0.31034	1	BP
GO:0042472	inner ear morphogenesis	43	10	8.31	0.31034	1	BP
GO:0009914	hormone transport	82	18	15.84	0.31076	1	BP
GO:0051047	positive regulation of secretion	82	18	15.84	0.31076	1	BP
GO:0048749	compound eye development	82	18	15.84	0.31076	1	BP
GO:0060271	cilium assembly	82	18	15.84	0.31076	1	BP
GO:0090132	epithelium migration	82	18	15.84	0.31076	1	BP
GO:1901890	positive regulation of cell junction ass...	24	6	4.64	0.31216	1	BP
GO:1902904	negative regulation of supramolecular fi...	24	6	4.64	0.31216	1	BP
GO:2001236	regulation of extrinsic apoptotic signal...	24	6	4.64	0.31216	1	BP
GO:0051282	regulation of sequestering of calcium io...	24	6	4.64	0.31216	1	BP
GO:1903169	regulation of calcium ion transmembrane ...	24	6	4.64	0.31216	1	BP
GO:0006275	regulation of DNA replication	24	6	4.64	0.31216	1	BP
GO:0022408	negative regulation of cell-cell adhesio...	24	6	4.64	0.31216	1	BP
GO:0070167	regulation of biomineral tissue developm...	24	6	4.64	0.31216	1	BP
GO:0110149	regulation of biomineralization	24	6	4.64	0.31216	1	BP
GO:0032024	positive regulation of insulin secretion	24	6	4.64	0.31216	1	BP
GO:0009967	positive regulation of signal transducti...	252	52	48.69	0.3122	1	BP
GO:0042770	signal transduction in response to DNA d...	33	11	6.38	0.31352	1	BP
GO:0051056	regulation of small GTPase mediated sign...	48	11	9.27	0.31497	1	BP
GO:0050796	regulation of insulin secretion	48	11	9.27	0.31497	1	BP
GO:0048232	male gamete generation	117	25	22.61	0.3177	1	BP
GO:0040007	growth	298	61	57.58	0.31784	1	BP
GO:0032446	protein modification by small protein co...	127	27	24.54	0.31849	1	BP
GO:0043547	positive regulation of GTPase activity	53	12	10.24	0.31873	1	BP
GO:0048519	negative regulation of biological proces...	809	169	156.31	0.31926	1	BP
GO:0031327	negative regulation of cellular biosynth...	273	56	52.75	0.32139	1	BP
GO:0009890	negative regulation of biosynthetic proc...	273	56	52.75	0.32139	1	BP
GO:0051493	regulation of cytoskeleton organization	96	23	18.55	0.32163	1	BP
GO:0008356	asymmetric cell division	29	7	5.6	0.3217	1	BP
GO:0051494	negative regulation of cytoskeleton orga...	29	7	5.6	0.3217	1	BP
GO:0000281	mitotic cytokinesis	29	7	5.6	0.3217	1	BP
GO:0062013	positive regulation of small molecule me...	29	7	5.6	0.3217	1	BP
GO:0006633	fatty acid biosynthetic process	29	7	5.6	0.3217	1	BP
GO:0045766	positive regulation of angiogenesis	29	7	5.6	0.3217	1	BP
GO:0072088	nephron epithelium morphogenesis	29	7	5.6	0.3217	1	BP
GO:0072078	nephron tubule morphogenesis	29	7	5.6	0.3217	1	BP
GO:0030282	bone mineralization	29	7	5.6	0.3217	1	BP
GO:0016310	phosphorylation	329	67	63.57	0.32404	1	BP
GO:0051240	positive regulation of multicellular org...	324	68	62.6	0.32559	1	BP
GO:0050830	defense response to Gram-positive bacter...	15	4	2.9	0.32621	1	BP
GO:0021885	forebrain cell migration	15	4	2.9	0.32621	1	BP
GO:0030641	regulation of cellular pH	15	4	2.9	0.32621	1	BP
GO:0040028	regulation of vulval development	15	4	2.9	0.32621	1	BP
GO:0048278	vesicle docking	15	4	2.9	0.32621	1	BP
GO:0045921	positive regulation of exocytosis	15	4	2.9	0.32621	1	BP
GO:0045913	positive regulation of carbohydrate meta...	15	4	2.9	0.32621	1	BP
GO:0051453	regulation of intracellular pH	15	4	2.9	0.32621	1	BP
GO:0007189	adenylate cyclase-activating G protein-c...	15	4	2.9	0.32621	1	BP
GO:0060291	long-term synaptic potentiation	15	4	2.9	0.32621	1	BP
GO:0022029	telencephalon cell migration	15	4	2.9	0.32621	1	BP
GO:0007632	visual behavior	15	4	2.9	0.32621	1	BP
GO:0006283	transcription-coupled nucleotide-excisio...	15	4	2.9	0.32621	1	BP
GO:0034308	primary alcohol metabolic process	15	4	2.9	0.32621	1	BP
GO:0002285	lymphocyte activation involved in immune...	15	4	2.9	0.32621	1	BP
GO:0045197	establishment or maintenance of epitheli...	15	4	2.9	0.32621	1	BP
GO:2000179	positive regulation of neural precursor ...	15	4	2.9	0.32621	1	BP
GO:0006692	prostanoid metabolic process	15	4	2.9	0.32621	1	BP
GO:0006693	prostaglandin metabolic process	15	4	2.9	0.32621	1	BP
GO:0006636	unsaturated fatty acid biosynthetic proc...	15	4	2.9	0.32621	1	BP
GO:0045886	negative regulation of synaptic assembly...	15	4	2.9	0.32621	1	BP
GO:0048813	dendrite morphogenesis	68	15	13.14	0.3265	1	BP
GO:0045540	regulation of cholesterol biosynthetic p...	6	2	1.16	0.32794	1	BP
GO:0055070	copper ion homeostasis	6	2	1.16	0.32794	1	BP
GO:0016333	morphogenesis of follicular epithelium	6	2	1.16	0.32794	1	BP
GO:0021794	thalamus development	6	2	1.16	0.32794	1	BP
GO:0010893	positive regulation of steroid biosynthe...	6	2	1.16	0.32794	1	BP
GO:0030851	granulocyte differentiation	6	2	1.16	0.32794	1	BP
GO:1902991	regulation of amyloid precursor protein ...	6	2	1.16	0.32794	1	BP
GO:0045620	negative regulation of lymphocyte differ...	6	2	1.16	0.32794	1	BP
GO:0033240	positive regulation of cellular amine me...	6	2	1.16	0.32794	1	BP
GO:0010888	negative regulation of lipid storage	6	2	1.16	0.32794	1	BP
GO:0061550	cranial ganglion development	6	2	1.16	0.32794	1	BP
GO:0007064	mitotic sister chromatid cohesion	6	2	1.16	0.32794	1	BP
GO:0048485	sympathetic nervous system development	6	2	1.16	0.32794	1	BP
GO:0060081	membrane hyperpolarization	6	2	1.16	0.32794	1	BP
GO:0007080	mitotic metaphase plate congression	6	2	1.16	0.32794	1	BP
GO:0002902	regulation of B cell apoptotic process	6	2	1.16	0.32794	1	BP
GO:1900073	regulation of neuromuscular synaptic tra...	6	2	1.16	0.32794	1	BP
GO:1900026	positive regulation of substrate adhesio...	6	2	1.16	0.32794	1	BP
GO:0036297	interstrand cross-link repair	6	2	1.16	0.32794	1	BP
GO:0061614	miRNA transcription	6	2	1.16	0.32794	1	BP
GO:0021546	rhombomere development	6	2	1.16	0.32794	1	BP
GO:0021535	cell migration in hindbrain	6	2	1.16	0.32794	1	BP
GO:0051044	positive regulation of membrane protein ...	6	2	1.16	0.32794	1	BP
GO:0072176	nephric duct development	6	2	1.16	0.32794	1	BP
GO:0099174	regulation of presynapse organization	6	2	1.16	0.32794	1	BP
GO:0048147	negative regulation of fibroblast prolif...	6	2	1.16	0.32794	1	BP
GO:0016233	telomere capping	6	2	1.16	0.32794	1	BP
GO:0033598	mammary gland epithelial cell proliferat...	6	2	1.16	0.32794	1	BP
GO:0021681	cerebellar granular layer development	6	2	1.16	0.32794	1	BP
GO:0045987	positive regulation of smooth muscle con...	6	2	1.16	0.32794	1	BP
GO:0045940	positive regulation of steroid metabolic...	6	2	1.16	0.32794	1	BP
GO:0003091	renal water homeostasis	6	2	1.16	0.32794	1	BP
GO:0072202	cell differentiation involved in metanep...	6	2	1.16	0.32794	1	BP
GO:0106070	regulation of adenylate cyclase-activati...	6	2	1.16	0.32794	1	BP
GO:0060325	face morphogenesis	6	2	1.16	0.32794	1	BP
GO:0007320	insemination	6	2	1.16	0.32794	1	BP
GO:0061912	selective autophagy	6	2	1.16	0.32794	1	BP
GO:0071377	cellular response to glucagon stimulus	6	2	1.16	0.32794	1	BP
GO:0001976	nervous system process involved in regul...	6	2	1.16	0.32794	1	BP
GO:0030947	regulation of vascular endothelial growt...	6	2	1.16	0.32794	1	BP
GO:0007400	neuroblast fate determination	6	2	1.16	0.32794	1	BP
GO:0006084	acetyl-CoA metabolic process	6	2	1.16	0.32794	1	BP
GO:0140115	export across plasma membrane	6	2	1.16	0.32794	1	BP
GO:0000413	protein peptidyl-prolyl isomerization	6	2	1.16	0.32794	1	BP
GO:0046058	cAMP metabolic process	6	2	1.16	0.32794	1	BP
GO:0007135	meiosis II	6	2	1.16	0.32794	1	BP
GO:0072531	pyrimidine-containing compound transmemb...	6	2	1.16	0.32794	1	BP
GO:2001258	negative regulation of cation channel ac...	6	2	1.16	0.32794	1	BP
GO:0043392	negative regulation of DNA binding	6	2	1.16	0.32794	1	BP
GO:0007291	sperm individualization	6	2	1.16	0.32794	1	BP
GO:0051123	RNA polymerase II preinitiation complex ...	6	2	1.16	0.32794	1	BP
GO:0008608	attachment of spindle microtubules to ki...	6	2	1.16	0.32794	1	BP
GO:0000288	nuclear-transcribed mRNA catabolic proce...	6	2	1.16	0.32794	1	BP
GO:0044837	actomyosin contractile ring organization	6	2	1.16	0.32794	1	BP
GO:0000245	spliceosomal complex assembly	6	2	1.16	0.32794	1	BP
GO:1902003	regulation of amyloid-beta formation	6	2	1.16	0.32794	1	BP
GO:0042045	epithelial fluid transport	6	2	1.16	0.32794	1	BP
GO:0031281	positive regulation of cyclase activity	6	2	1.16	0.32794	1	BP
GO:0106118	regulation of sterol biosynthetic proces...	6	2	1.16	0.32794	1	BP
GO:0003263	cardioblast proliferation	6	2	1.16	0.32794	1	BP
GO:0003264	regulation of cardioblast proliferation	6	2	1.16	0.32794	1	BP
GO:0003266	regulation of secondary heart field card...	6	2	1.16	0.32794	1	BP
GO:0009395	phospholipid catabolic process	6	2	1.16	0.32794	1	BP
GO:0086103	G protein-coupled receptor signaling pat...	6	2	1.16	0.32794	1	BP
GO:0009310	amine catabolic process	6	2	1.16	0.32794	1	BP
GO:0007620	copulation	6	2	1.16	0.32794	1	BP
GO:0042304	regulation of fatty acid biosynthetic pr...	6	2	1.16	0.32794	1	BP
GO:0002474	antigen processing and presentation of p...	6	2	1.16	0.32794	1	BP
GO:1902175	regulation of oxidative stress-induced i...	6	2	1.16	0.32794	1	BP
GO:0018119	peptidyl-cysteine S-nitrosylation	6	2	1.16	0.32794	1	BP
GO:2000369	regulation of clathrin-dependent endocyt...	6	2	1.16	0.32794	1	BP
GO:0043516	regulation of DNA damage response, signa...	6	2	1.16	0.32794	1	BP
GO:1902254	negative regulation of intrinsic apoptot...	6	2	1.16	0.32794	1	BP
GO:1902235	regulation of endoplasmic reticulum stre...	6	2	1.16	0.32794	1	BP
GO:0006541	glutamine metabolic process	6	2	1.16	0.32794	1	BP
GO:0000912	assembly of actomyosin apparatus involve...	6	2	1.16	0.32794	1	BP
GO:0046513	ceramide biosynthetic process	6	2	1.16	0.32794	1	BP
GO:0097475	motor neuron migration	6	2	1.16	0.32794	1	BP
GO:1902855	regulation of non-motile cilium assembly	6	2	1.16	0.32794	1	BP
GO:0030318	melanocyte differentiation	6	2	1.16	0.32794	1	BP
GO:0034243	regulation of transcription elongation b...	6	2	1.16	0.32794	1	BP
GO:0034205	amyloid-beta formation	6	2	1.16	0.32794	1	BP
GO:0008053	mitochondrial fusion	6	2	1.16	0.32794	1	BP
GO:2000781	positive regulation of double-strand bre...	6	2	1.16	0.32794	1	BP
GO:0002690	positive regulation of leukocyte chemota...	6	2	1.16	0.32794	1	BP
GO:0014821	phasic smooth muscle contraction	6	2	1.16	0.32794	1	BP
GO:0070897	transcription preinitiation complex asse...	6	2	1.16	0.32794	1	BP
GO:0070873	regulation of glycogen metabolic process	6	2	1.16	0.32794	1	BP
GO:0050853	B cell receptor signaling pathway	6	2	1.16	0.32794	1	BP
GO:0045581	negative regulation of T cell differenti...	6	2	1.16	0.32794	1	BP
GO:0001783	B cell apoptotic process	6	2	1.16	0.32794	1	BP
GO:0051099	positive regulation of binding	34	8	6.57	0.32873	1	BP
GO:0031023	microtubule organizing center organizati...	34	8	6.57	0.32873	1	BP
GO:0046890	regulation of lipid biosynthetic process	34	8	6.57	0.32873	1	BP
GO:1902806	regulation of cell cycle G1/S phase tran...	34	8	6.57	0.32873	1	BP
GO:0006281	DNA repair	78	17	15.07	0.32973	1	BP
GO:0044782	cilium organization	83	18	16.04	0.33094	1	BP
GO:0090130	tissue migration	83	18	16.04	0.33094	1	BP
GO:0009893	positive regulation of metabolic process	544	109	105.11	0.33121	1	BP
GO:0070925	organelle assembly	163	34	31.49	0.33365	1	BP
GO:0032409	regulation of transporter activity	39	9	7.54	0.33407	1	BP
GO:0098655	cation transmembrane transport	161	39	31.11	0.33419	1	BP
GO:0044092	negative regulation of molecular functio...	143	30	27.63	0.33467	1	BP
GO:0007552	metamorphosis	118	25	22.8	0.33479	1	BP
GO:0045859	regulation of protein kinase activity	128	27	24.73	0.33494	1	BP
GO:0008015	blood circulation	107	31	20.67	0.33615	1	BP
GO:0021761	limbic system development	44	10	8.5	0.33821	1	BP
GO:0000910	cytokinesis	44	10	8.5	0.33821	1	BP
GO:0030258	lipid modification	44	10	8.5	0.33821	1	BP
GO:0033273	response to vitamin	20	5	3.86	0.34052	1	BP
GO:0072329	monocarboxylic acid catabolic process	20	5	3.86	0.34052	1	BP
GO:0035088	establishment or maintenance of apical/b...	20	5	3.86	0.34052	1	BP
GO:0140029	exocytic process	20	5	3.86	0.34052	1	BP
GO:0048149	behavioral response to ethanol	20	5	3.86	0.34052	1	BP
GO:0021602	cranial nerve morphogenesis	20	5	3.86	0.34052	1	BP
GO:0051209	release of sequestered calcium ion into ...	20	5	3.86	0.34052	1	BP
GO:0006304	DNA modification	20	5	3.86	0.34052	1	BP
GO:1900542	regulation of purine nucleotide metaboli...	20	5	3.86	0.34052	1	BP
GO:0007602	phototransduction	20	5	3.86	0.34052	1	BP
GO:0006690	icosanoid metabolic process	20	5	3.86	0.34052	1	BP
GO:0045138	nematode male tail tip morphogenesis	20	5	3.86	0.34052	1	BP
GO:0008033	tRNA processing	20	5	3.86	0.34052	1	BP
GO:0061245	establishment or maintenance of bipolar ...	20	5	3.86	0.34052	1	BP
GO:0007051	spindle organization	49	11	9.47	0.34146	1	BP
GO:1990138	neuron projection extension	49	11	9.47	0.34146	1	BP
GO:0051726	regulation of cell cycle	230	50	44.44	0.34214	1	BP
GO:0040013	negative regulation of locomotion	54	12	10.43	0.34404	1	BP
GO:0033500	carbohydrate homeostasis	59	13	11.4	0.34609	1	BP
GO:0051402	neuron apoptotic process	59	13	11.4	0.34609	1	BP
GO:2000249	regulation of actin cytoskeleton reorgan...	5	4	0.97	0.34721	1	BP
GO:0007015	actin filament organization	69	15	13.33	0.34903	1	BP
GO:0098969	neurotransmitter receptor transport to p...	2	1	0.39	0.34917	1	BP
GO:0061890	positive regulation of astrocyte activat...	2	1	0.39	0.34917	1	BP
GO:0033148	positive regulation of intracellular est...	2	1	0.39	0.34917	1	BP
GO:0033131	regulation of glucokinase activity	2	1	0.39	0.34917	1	BP
GO:0044090	positive regulation of vacuole organizat...	2	1	0.39	0.34917	1	BP
GO:0016344	meiotic chromosome movement towards spin...	2	1	0.39	0.34917	1	BP
GO:0010742	macrophage derived foam cell differentia...	2	1	0.39	0.34917	1	BP
GO:0010743	regulation of macrophage derived foam ce...	2	1	0.39	0.34917	1	BP
GO:0061883	clathrin-dependent endocytosis involved ...	2	1	0.39	0.34917	1	BP
GO:0061888	regulation of astrocyte activation	2	1	0.39	0.34917	1	BP
GO:2000651	positive regulation of sodium ion transm...	2	1	0.39	0.34917	1	BP
GO:1901858	regulation of mitochondrial DNA metaboli...	2	1	0.39	0.34917	1	BP
GO:1901859	negative regulation of mitochondrial DNA...	2	1	0.39	0.34917	1	BP
GO:1905607	negative regulation of presynapse assemb...	2	1	0.39	0.34917	1	BP
GO:0055005	ventricular cardiac myofibril assembly	2	1	0.39	0.34917	1	BP
GO:0010891	negative regulation of sequestering of t...	2	1	0.39	0.34917	1	BP
GO:0072396	response to cell cycle checkpoint signal...	2	1	0.39	0.34917	1	BP
GO:0045683	negative regulation of epidermis develop...	2	1	0.39	0.34917	1	BP
GO:0090594	inflammatory response to wounding	2	1	0.39	0.34917	1	BP
GO:0070535	histone H2A K63-linked ubiquitination	2	1	0.39	0.34917	1	BP
GO:0070536	protein K63-linked deubiquitination	2	1	0.39	0.34917	1	BP
GO:0045671	negative regulation of osteoclast differ...	2	1	0.39	0.34917	1	BP
GO:0001886	endothelial cell morphogenesis	2	1	0.39	0.34917	1	BP
GO:0016479	negative regulation of transcription by ...	2	1	0.39	0.34917	1	BP
GO:0036438	maintenance of lens transparency	2	1	0.39	0.34917	1	BP
GO:0072376	protein activation cascade	2	1	0.39	0.34917	1	BP
GO:0045631	regulation of mechanoreceptor differenti...	2	1	0.39	0.34917	1	BP
GO:0072310	glomerular epithelial cell development	2	1	0.39	0.34917	1	BP
GO:0061552	ganglion morphogenesis	2	1	0.39	0.34917	1	BP
GO:1902947	regulation of tau-protein kinase activit...	2	1	0.39	0.34917	1	BP
GO:0010839	negative regulation of keratinocyte prol...	2	1	0.39	0.34917	1	BP
GO:0045605	negative regulation of epidermal cell di...	2	1	0.39	0.34917	1	BP
GO:0061577	calcium ion transmembrane transport via ...	2	1	0.39	0.34917	1	BP
GO:0050691	regulation of defense response to virus ...	2	1	0.39	0.34917	1	BP
GO:0010803	regulation of tumor necrosis factor-medi...	2	1	0.39	0.34917	1	BP
GO:0048496	maintenance of animal organ identity	2	1	0.39	0.34917	1	BP
GO:0061549	sympathetic ganglion development	2	1	0.39	0.34917	1	BP
GO:2001046	positive regulation of integrin-mediated...	2	1	0.39	0.34917	1	BP
GO:0060067	cervix development	2	1	0.39	0.34917	1	BP
GO:0042953	lipoprotein transport	2	1	0.39	0.34917	1	BP
GO:0001560	regulation of cell growth by extracellul...	2	1	0.39	0.34917	1	BP
GO:0001561	fatty acid alpha-oxidation	2	1	0.39	0.34917	1	BP
GO:0060055	angiogenesis involved in wound healing	2	1	0.39	0.34917	1	BP
GO:0060059	embryonic retina morphogenesis in camera...	2	1	0.39	0.34917	1	BP
GO:0030575	nuclear body organization	2	1	0.39	0.34917	1	BP
GO:0060087	relaxation of vascular associated smooth...	2	1	0.39	0.34917	1	BP
GO:0001580	detection of chemical stimulus involved ...	2	1	0.39	0.34917	1	BP
GO:0007077	mitotic nuclear membrane disassembly	2	1	0.39	0.34917	1	BP
GO:0072423	response to DNA damage checkpoint signal...	2	1	0.39	0.34917	1	BP
GO:0061669	spontaneous neurotransmitter secretion	2	1	0.39	0.34917	1	BP
GO:0021594	rhombomere formation	2	1	0.39	0.34917	1	BP
GO:0061687	detoxification of inorganic compound	2	1	0.39	0.34917	1	BP
GO:0032329	serine transport	2	1	0.39	0.34917	1	BP
GO:0032344	regulation of aldosterone metabolic proc...	2	1	0.39	0.34917	1	BP
GO:0072402	response to DNA integrity checkpoint sig...	2	1	0.39	0.34917	1	BP
GO:0021572	rhombomere 6 development	2	1	0.39	0.34917	1	BP
GO:1901623	regulation of lymphocyte chemotaxis	2	1	0.39	0.34917	1	BP
GO:0051081	nuclear membrane disassembly	2	1	0.39	0.34917	1	BP
GO:0072198	mesenchymal cell proliferation involved ...	2	1	0.39	0.34917	1	BP
GO:0072199	regulation of mesenchymal cell prolifera...	2	1	0.39	0.34917	1	BP
GO:0021534	cell proliferation in hindbrain	2	1	0.39	0.34917	1	BP
GO:0001675	acrosome assembly	2	1	0.39	0.34917	1	BP
GO:0021502	neural fold elevation formation	2	1	0.39	0.34917	1	BP
GO:0072179	nephric duct formation	2	1	0.39	0.34917	1	BP
GO:0021506	anterior neuropore closure	2	1	0.39	0.34917	1	BP
GO:0048140	male germ-line cyst encapsulation	2	1	0.39	0.34917	1	BP
GO:0032461	positive regulation of protein oligomeri...	2	1	0.39	0.34917	1	BP
GO:0048143	astrocyte activation	2	1	0.39	0.34917	1	BP
GO:0032466	negative regulation of cytokinesis	2	1	0.39	0.34917	1	BP
GO:0008295	spermidine biosynthetic process	2	1	0.39	0.34917	1	BP
GO:0032489	regulation of Cdc42 protein signal trans...	2	1	0.39	0.34917	1	BP
GO:0032475	otolith formation	2	1	0.39	0.34917	1	BP
GO:0072137	condensed mesenchymal cell proliferation	2	1	0.39	0.34917	1	BP
GO:0052129	negative energy taxis	2	1	0.39	0.34917	1	BP
GO:0044387	negative regulation of protein kinase ac...	2	1	0.39	0.34917	1	BP
GO:0033594	response to hydroxyisoflavone	2	1	0.39	0.34917	1	BP
GO:0033595	response to genistein	2	1	0.39	0.34917	1	BP
GO:2000980	regulation of inner ear receptor cell di...	2	1	0.39	0.34917	1	BP
GO:0072106	regulation of ureteric bud formation	2	1	0.39	0.34917	1	BP
GO:0072107	positive regulation of ureteric bud form...	2	1	0.39	0.34917	1	BP
GO:0021654	rhombomere boundary formation	2	1	0.39	0.34917	1	BP
GO:0008215	spermine metabolic process	2	1	0.39	0.34917	1	BP
GO:0014912	negative regulation of smooth muscle cel...	2	1	0.39	0.34917	1	BP
GO:0008216	spermidine metabolic process	2	1	0.39	0.34917	1	BP
GO:0021678	third ventricle development	2	1	0.39	0.34917	1	BP
GO:0044333	Wnt signaling pathway involved in digest...	2	1	0.39	0.34917	1	BP
GO:0045964	positive regulation of dopamine metaboli...	2	1	0.39	0.34917	1	BP
GO:0021612	facial nerve structural organization	2	1	0.39	0.34917	1	BP
GO:0045954	positive regulation of natural killer ce...	2	1	0.39	0.34917	1	BP
GO:0021648	vestibulocochlear nerve morphogenesis	2	1	0.39	0.34917	1	BP
GO:0021636	trigeminal nerve morphogenesis	2	1	0.39	0.34917	1	BP
GO:0045915	positive regulation of catecholamine met...	2	1	0.39	0.34917	1	BP
GO:0045945	positive regulation of transcription by ...	2	1	0.39	0.34917	1	BP
GO:0048246	macrophage chemotaxis	2	1	0.39	0.34917	1	BP
GO:0048247	lymphocyte chemotaxis	2	1	0.39	0.34917	1	BP
GO:0035357	peroxisome proliferator activated recept...	2	1	0.39	0.34917	1	BP
GO:0019100	male germ-line sex determination	2	1	0.39	0.34917	1	BP
GO:0003051	angiotensin-mediated drinking behavior	2	1	0.39	0.34917	1	BP
GO:1904152	regulation of retrograde protein transpo...	2	1	0.39	0.34917	1	BP
GO:0070989	oxidative demethylation	2	1	0.39	0.34917	1	BP
GO:0060396	growth hormone receptor signaling pathwa...	2	1	0.39	0.34917	1	BP
GO:0050960	detection of temperature stimulus involv...	2	1	0.39	0.34917	1	BP
GO:0050968	detection of chemical stimulus involved ...	2	1	0.39	0.34917	1	BP
GO:0120316	sperm flagellum assembly	2	1	0.39	0.34917	1	BP
GO:0050957	equilibrioception	2	1	0.39	0.34917	1	BP
GO:0033684	regulation of luteinizing hormone secret...	2	1	0.39	0.34917	1	BP
GO:0033685	negative regulation of luteinizing hormo...	2	1	0.39	0.34917	1	BP
GO:0060364	frontal suture morphogenesis	2	1	0.39	0.34917	1	BP
GO:0106074	aminoacyl-tRNA metabolism involved in tr...	2	1	0.39	0.34917	1	BP
GO:0043084	penile erection	2	1	0.39	0.34917	1	BP
GO:2001300	lipoxin metabolic process	2	1	0.39	0.34917	1	BP
GO:2001301	lipoxin biosynthetic process	2	1	0.39	0.34917	1	BP
GO:0060379	cardiac muscle cell myoblast differentia...	2	1	0.39	0.34917	1	BP
GO:0048728	proboscis development	2	1	0.39	0.34917	1	BP
GO:0048711	positive regulation of astrocyte differe...	2	1	0.39	0.34917	1	BP
GO:0048733	sebaceous gland development	2	1	0.39	0.34917	1	BP
GO:0007347	regulation of preblastoderm mitotic cell...	2	1	0.39	0.34917	1	BP
GO:1901994	negative regulation of meiotic cell cycl...	2	1	0.39	0.34917	1	BP
GO:1901995	positive regulation of meiotic cell cycl...	2	1	0.39	0.34917	1	BP
GO:0032275	luteinizing hormone secretion	2	1	0.39	0.34917	1	BP
GO:0032277	negative regulation of gonadotropin secr...	2	1	0.39	0.34917	1	BP
GO:0060300	regulation of cytokine activity	2	1	0.39	0.34917	1	BP
GO:0071380	cellular response to prostaglandin E sti...	2	1	0.39	0.34917	1	BP
GO:0030997	regulation of centriole-centriole cohesi...	2	1	0.39	0.34917	1	BP
GO:0071379	cellular response to prostaglandin stimu...	2	1	0.39	0.34917	1	BP
GO:0071313	cellular response to caffeine	2	1	0.39	0.34917	1	BP
GO:0071315	cellular response to morphine	2	1	0.39	0.34917	1	BP
GO:0071317	cellular response to isoquinoline alkalo...	2	1	0.39	0.34917	1	BP
GO:0010998	regulation of translational initiation b...	2	1	0.39	0.34917	1	BP
GO:0071335	hair follicle cell proliferation	2	1	0.39	0.34917	1	BP
GO:0086045	membrane depolarization during AV node c...	2	1	0.39	0.34917	1	BP
GO:0030974	thiamine pyrophosphate transmembrane tra...	2	1	0.39	0.34917	1	BP
GO:0035190	syncytial nuclear migration	2	1	0.39	0.34917	1	BP
GO:0035154	terminal cell fate specification, open t...	2	1	0.39	0.34917	1	BP
GO:0035155	negative regulation of terminal cell fat...	2	1	0.39	0.34917	1	BP
GO:0008592	regulation of Toll signaling pathway	2	1	0.39	0.34917	1	BP
GO:0035185	preblastoderm mitotic cell cycle	2	1	0.39	0.34917	1	BP
GO:1900426	positive regulation of defense response ...	2	1	0.39	0.34917	1	BP
GO:0035177	larval foraging behavior	2	1	0.39	0.34917	1	BP
GO:0021995	neuropore closure	2	1	0.39	0.34917	1	BP
GO:1904753	negative regulation of vascular associat...	2	1	0.39	0.34917	1	BP
GO:0140131	positive regulation of lymphocyte chemot...	2	1	0.39	0.34917	1	BP
GO:0080184	response to phenylpropanoid	2	1	0.39	0.34917	1	BP
GO:0035106	operant conditioning	2	1	0.39	0.34917	1	BP
GO:0021924	cell proliferation in external granule l...	2	1	0.39	0.34917	1	BP
GO:0021910	smoothened signaling pathway involved in...	2	1	0.39	0.34917	1	BP
GO:0021940	positive regulation of cerebellar granul...	2	1	0.39	0.34917	1	BP
GO:0021930	cerebellar granule cell precursor prolif...	2	1	0.39	0.34917	1	BP
GO:0021936	regulation of cerebellar granule cell pr...	2	1	0.39	0.34917	1	BP
GO:0048526	imaginal disc-derived wing expansion	2	1	0.39	0.34917	1	BP
GO:0060123	regulation of growth hormone secretion	2	1	0.39	0.34917	1	BP
GO:1904706	negative regulation of vascular associat...	2	1	0.39	0.34917	1	BP
GO:1903378	positive regulation of oxidative stress-...	2	1	0.39	0.34917	1	BP
GO:0048535	lymph node development	2	1	0.39	0.34917	1	BP
GO:0032876	negative regulation of DNA endoreduplica...	2	1	0.39	0.34917	1	BP
GO:0046007	negative regulation of activated T cell ...	2	1	0.39	0.34917	1	BP
GO:0035213	clypeo-labral disc development	2	1	0.39	0.34917	1	BP
GO:0032814	regulation of natural killer cell activa...	2	1	0.39	0.34917	1	BP
GO:0032816	positive regulation of natural killer ce...	2	1	0.39	0.34917	1	BP
GO:0060290	transdifferentiation	2	1	0.39	0.34917	1	BP
GO:0008626	granzyme-mediated apoptotic signaling pa...	2	1	0.39	0.34917	1	BP
GO:0007295	growth of a germarium-derived egg chambe...	2	1	0.39	0.34917	1	BP
GO:1904879	positive regulation of calcium ion trans...	2	1	0.39	0.34917	1	BP
GO:0007299	ovarian follicle cell-cell adhesion	2	1	0.39	0.34917	1	BP
GO:0032803	regulation of low-density lipoprotein pa...	2	1	0.39	0.34917	1	BP
GO:0072660	maintenance of protein location in plasm...	2	1	0.39	0.34917	1	BP
GO:0007252	I-kappaB phosphorylation	2	1	0.39	0.34917	1	BP
GO:0048670	regulation of collateral sprouting	2	1	0.39	0.34917	1	BP
GO:0048671	negative regulation of collateral sprout...	2	1	0.39	0.34917	1	BP
GO:0072658	maintenance of protein location in membr...	2	1	0.39	0.34917	1	BP
GO:0043374	CD8-positive, alpha-beta T cell differen...	2	1	0.39	0.34917	1	BP
GO:0007288	sperm axoneme assembly	2	1	0.39	0.34917	1	BP
GO:1900262	regulation of DNA-directed DNA polymeras...	2	1	0.39	0.34917	1	BP
GO:1900264	positive regulation of DNA-directed DNA ...	2	1	0.39	0.34917	1	BP
GO:0007270	neuron-neuron synaptic transmission	2	1	0.39	0.34917	1	BP
GO:0048625	myoblast fate commitment	2	1	0.39	0.34917	1	BP
GO:0043320	natural killer cell degranulation	2	1	0.39	0.34917	1	BP
GO:0048611	embryonic ectodermal digestive tract dev...	2	1	0.39	0.34917	1	BP
GO:0048613	embryonic ectodermal digestive tract mor...	2	1	0.39	0.34917	1	BP
GO:0051103	DNA ligation involved in DNA repair	2	1	0.39	0.34917	1	BP
GO:0060235	lens induction in camera-type eye	2	1	0.39	0.34917	1	BP
GO:0035721	intraciliary retrograde transport	2	1	0.39	0.34917	1	BP
GO:0099632	protein transport within plasma membrane	2	1	0.39	0.34917	1	BP
GO:0099637	neurotransmitter receptor transport	2	1	0.39	0.34917	1	BP
GO:0051292	nuclear pore complex assembly	2	1	0.39	0.34917	1	BP
GO:0051296	establishment of meiotic spindle orienta...	2	1	0.39	0.34917	1	BP
GO:0044872	lipoprotein localization	2	1	0.39	0.34917	1	BP
GO:0044878	mitotic cytokinesis checkpoint signaling	2	1	0.39	0.34917	1	BP
GO:0051255	spindle midzone assembly	2	1	0.39	0.34917	1	BP
GO:0051256	mitotic spindle midzone assembly	2	1	0.39	0.34917	1	BP
GO:0038007	netrin-activated signaling pathway	2	1	0.39	0.34917	1	BP
GO:0060750	epithelial cell proliferation involved i...	2	1	0.39	0.34917	1	BP
GO:0060751	branch elongation involved in mammary gl...	2	1	0.39	0.34917	1	BP
GO:0060756	foraging behavior	2	1	0.39	0.34917	1	BP
GO:0060789	hair follicle placode formation	2	1	0.39	0.34917	1	BP
GO:0003404	optic vesicle morphogenesis	2	1	0.39	0.34917	1	BP
GO:0051232	meiotic spindle elongation	2	1	0.39	0.34917	1	BP
GO:0060741	prostate gland stromal morphogenesis	2	1	0.39	0.34917	1	BP
GO:0035880	embryonic nail plate morphogenesis	2	1	0.39	0.34917	1	BP
GO:0003198	epithelial to mesenchymal transition inv...	2	1	0.39	0.34917	1	BP
GO:0002035	brain renin-angiotensin system	2	1	0.39	0.34917	1	BP
GO:0006361	transcription initiation at RNA polymera...	2	1	0.39	0.34917	1	BP
GO:0006363	termination of RNA polymerase I transcri...	2	1	0.39	0.34917	1	BP
GO:0006369	termination of RNA polymerase II transcr...	2	1	0.39	0.34917	1	BP
GO:0044557	relaxation of smooth muscle	2	1	0.39	0.34917	1	BP
GO:0015888	thiamine transport	2	1	0.39	0.34917	1	BP
GO:0015871	choline transport	2	1	0.39	0.34917	1	BP
GO:0006376	mRNA splice site selection	2	1	0.39	0.34917	1	BP
GO:0006379	mRNA cleavage	2	1	0.39	0.34917	1	BP
GO:0015825	L-serine transport	2	1	0.39	0.34917	1	BP
GO:0000719	photoreactive repair	2	1	0.39	0.34917	1	BP
GO:1903299	regulation of hexokinase activity	2	1	0.39	0.34917	1	BP
GO:0046385	deoxyribose phosphate biosynthetic proce...	2	1	0.39	0.34917	1	BP
GO:0016926	protein desumoylation	2	1	0.39	0.34917	1	BP
GO:1903286	regulation of potassium ion import	2	1	0.39	0.34917	1	BP
GO:0006450	regulation of translational fidelity	2	1	0.39	0.34917	1	BP
GO:0035511	oxidative DNA demethylation	2	1	0.39	0.34917	1	BP
GO:0150020	basal dendrite arborization	2	1	0.39	0.34917	1	BP
GO:0034059	response to anoxia	2	1	0.39	0.34917	1	BP
GO:0140507	granzyme-mediated programmed cell death ...	2	1	0.39	0.34917	1	BP
GO:0150018	basal dendrite development	2	1	0.39	0.34917	1	BP
GO:0150019	basal dendrite morphogenesis	2	1	0.39	0.34917	1	BP
GO:1905038	regulation of membrane lipid metabolic p...	2	1	0.39	0.34917	1	BP
GO:0014067	negative regulation of phosphatidylinosi...	2	1	0.39	0.34917	1	BP
GO:0014057	positive regulation of acetylcholine sec...	2	1	0.39	0.34917	1	BP
GO:2000051	negative regulation of non-canonical Wnt...	2	1	0.39	0.34917	1	BP
GO:0014049	positive regulation of glutamate secreti...	2	1	0.39	0.34917	1	BP
GO:0035675	neuromast hair cell development	2	1	0.39	0.34917	1	BP
GO:0007539	primary sex determination, soma	2	1	0.39	0.34917	1	BP
GO:0051593	response to folic acid	2	1	0.39	0.34917	1	BP
GO:0015680	protein maturation by copper ion transfe...	2	1	0.39	0.34917	1	BP
GO:0014004	microglia differentiation	2	1	0.39	0.34917	1	BP
GO:0006171	cAMP biosynthetic process	2	1	0.39	0.34917	1	BP
GO:1903897	regulation of PERK-mediated unfolded pro...	2	1	0.39	0.34917	1	BP
GO:0045007	depurination	2	1	0.39	0.34917	1	BP
GO:0060625	regulation of protein deneddylation	2	1	0.39	0.34917	1	BP
GO:0007625	grooming behavior	2	1	0.39	0.34917	1	BP
GO:0002323	natural killer cell activation involved ...	2	1	0.39	0.34917	1	BP
GO:0002328	pro-B cell differentiation	2	1	0.39	0.34917	1	BP
GO:0032965	regulation of collagen biosynthetic proc...	2	1	0.39	0.34917	1	BP
GO:0032968	positive regulation of transcription elo...	2	1	0.39	0.34917	1	BP
GO:0032957	inositol trisphosphate metabolic process	2	1	0.39	0.34917	1	BP
GO:0006265	DNA topological change	2	1	0.39	0.34917	1	BP
GO:0006288	base-excision repair, DNA ligation	2	1	0.39	0.34917	1	BP
GO:0006272	leading strand elongation	2	1	0.39	0.34917	1	BP
GO:0051683	establishment of Golgi localization	2	1	0.39	0.34917	1	BP
GO:0061055	myotome development	2	1	0.39	0.34917	1	BP
GO:0090025	regulation of monocyte chemotaxis	2	1	0.39	0.34917	1	BP
GO:0061072	iris morphogenesis	2	1	0.39	0.34917	1	BP
GO:0002457	T cell antigen processing and presentati...	2	1	0.39	0.34917	1	BP
GO:1903551	regulation of extracellular exosome asse...	2	1	0.39	0.34917	1	BP
GO:1903553	positive regulation of extracellular exo...	2	1	0.39	0.34917	1	BP
GO:0031536	positive regulation of exit from mitosis	2	1	0.39	0.34917	1	BP
GO:0038171	cannabinoid signaling pathway	2	1	0.39	0.34917	1	BP
GO:1903540	establishment of protein localization to...	2	1	0.39	0.34917	1	BP
GO:1903541	regulation of exosomal secretion	2	1	0.39	0.34917	1	BP
GO:1903543	positive regulation of exosomal secretio...	2	1	0.39	0.34917	1	BP
GO:0042482	positive regulation of odontogenesis	2	1	0.39	0.34917	1	BP
GO:0038110	interleukin-2-mediated signaling pathway	2	1	0.39	0.34917	1	BP
GO:1902177	positive regulation of oxidative stress-...	2	1	0.39	0.34917	1	BP
GO:0034367	protein-containing complex remodeling	2	1	0.39	0.34917	1	BP
GO:0034368	protein-lipid complex remodeling	2	1	0.39	0.34917	1	BP
GO:0034369	plasma lipoprotein particle remodeling	2	1	0.39	0.34917	1	BP
GO:0010044	response to aluminum ion	2	1	0.39	0.34917	1	BP
GO:1905349	ciliary transition zone assembly	2	1	0.39	0.34917	1	BP
GO:0022417	protein maturation by protein folding	2	1	0.39	0.34917	1	BP
GO:0034374	low-density lipoprotein particle remodel...	2	1	0.39	0.34917	1	BP
GO:0031648	protein destabilization	2	1	0.39	0.34917	1	BP
GO:1902104	positive regulation of metaphase/anaphas...	2	1	0.39	0.34917	1	BP
GO:0043517	positive regulation of DNA damage respon...	2	1	0.39	0.34917	1	BP
GO:0035983	response to trichostatin A	2	1	0.39	0.34917	1	BP
GO:0035984	cellular response to trichostatin A	2	1	0.39	0.34917	1	BP
GO:0035973	aggrephagy	2	1	0.39	0.34917	1	BP
GO:0009265	2'-deoxyribonucleotide biosynthetic proc...	2	1	0.39	0.34917	1	BP
GO:2000301	negative regulation of synaptic vesicle ...	2	1	0.39	0.34917	1	BP
GO:0009221	pyrimidine deoxyribonucleotide biosynthe...	2	1	0.39	0.34917	1	BP
GO:0045317	equator specification	2	1	0.39	0.34917	1	BP
GO:0043691	reverse cholesterol transport	2	1	0.39	0.34917	1	BP
GO:0015919	peroxisomal membrane transport	2	1	0.39	0.34917	1	BP
GO:0060978	angiogenesis involved in coronary vascul...	2	1	0.39	0.34917	1	BP
GO:0043615	astrocyte cell migration	2	1	0.39	0.34917	1	BP
GO:0002225	positive regulation of antimicrobial pep...	2	1	0.39	0.34917	1	BP
GO:0006595	polyamine metabolic process	2	1	0.39	0.34917	1	BP
GO:0006596	polyamine biosynthetic process	2	1	0.39	0.34917	1	BP
GO:0045467	R7 cell development	2	1	0.39	0.34917	1	BP
GO:0002230	positive regulation of defense response ...	2	1	0.39	0.34917	1	BP
GO:0071971	extracellular exosome assembly	2	1	0.39	0.34917	1	BP
GO:0098877	neurotransmitter receptor transport to p...	2	1	0.39	0.34917	1	BP
GO:0070493	thrombin-activated receptor signaling pa...	2	1	0.39	0.34917	1	BP
GO:0033004	negative regulation of mast cell activat...	2	1	0.39	0.34917	1	BP
GO:0006538	glutamate catabolic process	2	1	0.39	0.34917	1	BP
GO:0071934	thiamine transmembrane transport	2	1	0.39	0.34917	1	BP
GO:1905134	positive regulation of meiotic chromosom...	2	1	0.39	0.34917	1	BP
GO:0002760	positive regulation of antimicrobial hum...	2	1	0.39	0.34917	1	BP
GO:0002784	regulation of antimicrobial peptide prod...	2	1	0.39	0.34917	1	BP
GO:0030397	membrane disassembly	2	1	0.39	0.34917	1	BP
GO:0045199	maintenance of epithelial cell apical/ba...	2	1	0.39	0.34917	1	BP
GO:0042790	nucleolar large rRNA transcription by RN...	2	1	0.39	0.34917	1	BP
GO:0070474	positive regulation of uterine smooth mu...	2	1	0.39	0.34917	1	BP
GO:0002717	positive regulation of natural killer ce...	2	1	0.39	0.34917	1	BP
GO:0030382	sperm mitochondrion organization	2	1	0.39	0.34917	1	BP
GO:0042756	drinking behavior	2	1	0.39	0.34917	1	BP
GO:0006657	CDP-choline pathway	2	1	0.39	0.34917	1	BP
GO:0042789	mRNA transcription by RNA polymerase II	2	1	0.39	0.34917	1	BP
GO:0042772	DNA damage response, signal transduction...	2	1	0.39	0.34917	1	BP
GO:1990440	positive regulation of transcription fro...	2	1	0.39	0.34917	1	BP
GO:1905278	positive regulation of epithelial tube f...	2	1	0.39	0.34917	1	BP
GO:0010378	temperature compensation of the circadia...	2	1	0.39	0.34917	1	BP
GO:0009838	abscission	2	1	0.39	0.34917	1	BP
GO:0097195	pilomotor reflex	2	1	0.39	0.34917	1	BP
GO:0036091	positive regulation of transcription fro...	2	1	0.39	0.34917	1	BP
GO:2000257	regulation of protein activation cascade	2	1	0.39	0.34917	1	BP
GO:1902804	negative regulation of synaptic vesicle ...	2	1	0.39	0.34917	1	BP
GO:0061419	positive regulation of transcription fro...	2	1	0.39	0.34917	1	BP
GO:2000279	negative regulation of DNA biosynthetic ...	2	1	0.39	0.34917	1	BP
GO:0070172	positive regulation of tooth mineralizat...	2	1	0.39	0.34917	1	BP
GO:1901423	response to benzene	2	1	0.39	0.34917	1	BP
GO:0090400	stress-induced premature senescence	2	1	0.39	0.34917	1	BP
GO:0090191	negative regulation of branching involve...	2	1	0.39	0.34917	1	BP
GO:0016075	rRNA catabolic process	2	1	0.39	0.34917	1	BP
GO:0016078	tRNA catabolic process	2	1	0.39	0.34917	1	BP
GO:0045213	neurotransmitter receptor metabolic proc...	2	1	0.39	0.34917	1	BP
GO:0036037	CD8-positive, alpha-beta T cell activati...	2	1	0.39	0.34917	1	BP
GO:0061197	fungiform papilla morphogenesis	2	1	0.39	0.34917	1	BP
GO:0030449	regulation of complement activation	2	1	0.39	0.34917	1	BP
GO:1902570	protein localization to nucleolus	2	1	0.39	0.34917	1	BP
GO:0090153	regulation of sphingolipid biosynthetic ...	2	1	0.39	0.34917	1	BP
GO:1902514	regulation of calcium ion transmembrane ...	2	1	0.39	0.34917	1	BP
GO:0090176	microtubule cytoskeleton organization in...	2	1	0.39	0.34917	1	BP
GO:0097264	self proteolysis	2	1	0.39	0.34917	1	BP
GO:2000786	positive regulation of autophagosome ass...	2	1	0.39	0.34917	1	BP
GO:2000721	positive regulation of transcription fro...	2	1	0.39	0.34917	1	BP
GO:2000729	positive regulation of mesenchymal cell ...	2	1	0.39	0.34917	1	BP
GO:1990253	cellular response to leucine starvation	2	1	0.39	0.34917	1	BP
GO:0033353	S-adenosylmethionine cycle	2	1	0.39	0.34917	1	BP
GO:0010193	response to ozone	2	1	0.39	0.34917	1	BP
GO:1990255	subsynaptic reticulum organization	2	1	0.39	0.34917	1	BP
GO:0002548	monocyte chemotaxis	2	1	0.39	0.34917	1	BP
GO:0030157	pancreatic juice secretion	2	1	0.39	0.34917	1	BP
GO:0097212	lysosomal membrane organization	2	1	0.39	0.34917	1	BP
GO:0070243	regulation of thymocyte apoptotic proces...	2	1	0.39	0.34917	1	BP
GO:0045759	negative regulation of action potential	2	1	0.39	0.34917	1	BP
GO:0070233	negative regulation of T cell apoptotic ...	2	1	0.39	0.34917	1	BP
GO:0090296	regulation of mitochondrial DNA replicat...	2	1	0.39	0.34917	1	BP
GO:0090298	negative regulation of mitochondrial DNA...	2	1	0.39	0.34917	1	BP
GO:0048025	negative regulation of mRNA splicing, vi...	2	1	0.39	0.34917	1	BP
GO:0090261	positive regulation of inclusion body as...	2	1	0.39	0.34917	1	BP
GO:0099072	regulation of postsynaptic membrane neur...	2	1	0.39	0.34917	1	BP
GO:0072015	podocyte development	2	1	0.39	0.34917	1	BP
GO:0072019	proximal convoluted tubule development	2	1	0.39	0.34917	1	BP
GO:0072044	collecting duct development	2	1	0.39	0.34917	1	BP
GO:0072038	mesenchymal stem cell maintenance involv...	2	1	0.39	0.34917	1	BP
GO:0014850	response to muscle activity	2	1	0.39	0.34917	1	BP
GO:0014856	skeletal muscle cell proliferation	2	1	0.39	0.34917	1	BP
GO:0014857	regulation of skeletal muscle cell proli...	2	1	0.39	0.34917	1	BP
GO:0090245	axis elongation involved in somitogenesi...	2	1	0.39	0.34917	1	BP
GO:0090248	cell migration involved in somitogenic a...	2	1	0.39	0.34917	1	BP
GO:0090249	regulation of cell migration involved in...	2	1	0.39	0.34917	1	BP
GO:0014841	skeletal muscle satellite cell prolifera...	2	1	0.39	0.34917	1	BP
GO:0014842	regulation of skeletal muscle satellite ...	2	1	0.39	0.34917	1	BP
GO:0006956	complement activation	2	1	0.39	0.34917	1	BP
GO:0030214	hyaluronan catabolic process	2	1	0.39	0.34917	1	BP
GO:0010286	heat acclimation	2	1	0.39	0.34917	1	BP
GO:0006978	DNA damage response, signal transduction...	2	1	0.39	0.34917	1	BP
GO:1901203	positive regulation of extracellular mat...	2	1	0.39	0.34917	1	BP
GO:0045819	positive regulation of glycogen cataboli...	2	1	0.39	0.34917	1	BP
GO:0010273	detoxification of copper ion	2	1	0.39	0.34917	1	BP
GO:0097709	connective tissue replacement	2	1	0.39	0.34917	1	BP
GO:0010225	response to UV-C	2	1	0.39	0.34917	1	BP
GO:0045835	negative regulation of meiotic nuclear d...	2	1	0.39	0.34917	1	BP
GO:0032055	negative regulation of translation in re...	2	1	0.39	0.34917	1	BP
GO:1990709	presynaptic active zone organization	2	1	0.39	0.34917	1	BP
GO:0046957	negative phototaxis	2	1	0.39	0.34917	1	BP
GO:0061771	response to caloric restriction	2	1	0.39	0.34917	1	BP
GO:0032012	regulation of ARF protein signal transdu...	2	1	0.39	0.34917	1	BP
GO:0036369	transcription factor catabolic process	2	1	0.39	0.34917	1	BP
GO:0036372	opsin transport	2	1	0.39	0.34917	1	BP
GO:1904048	regulation of spontaneous neurotransmitt...	2	1	0.39	0.34917	1	BP
GO:0055091	phospholipid homeostasis	2	1	0.39	0.34917	1	BP
GO:0033119	negative regulation of RNA splicing	2	1	0.39	0.34917	1	BP
GO:0010758	regulation of macrophage chemotaxis	2	1	0.39	0.34917	1	BP
GO:0048569	post-embryonic animal organ development	154	32	29.75	0.34956	1	BP
GO:0051208	sequestering of calcium ion	25	6	4.83	0.34977	1	BP
GO:2000278	regulation of DNA biosynthetic process	25	6	4.83	0.34977	1	BP
GO:0080134	regulation of response to stress	200	44	38.64	0.3499	1	BP
GO:0043065	positive regulation of apoptotic process	124	26	23.96	0.3519	1	BP
GO:0045666	positive regulation of neuron differenti...	94	20	18.16	0.35217	1	BP
GO:1901988	negative regulation of cell cycle phase ...	44	13	8.5	0.35404	1	BP
GO:0016482	cytosolic transport	30	7	5.8	0.35615	1	BP
GO:0007033	vacuole organization	30	7	5.8	0.35615	1	BP
GO:0016241	regulation of macroautophagy	30	7	5.8	0.35615	1	BP
GO:0031398	positive regulation of protein ubiquitin...	30	7	5.8	0.35615	1	BP
GO:0008589	regulation of smoothened signaling pathw...	30	7	5.8	0.35615	1	BP
GO:0060563	neuroepithelial cell differentiation	30	7	5.8	0.35615	1	BP
GO:0072028	nephron morphogenesis	30	7	5.8	0.35615	1	BP
GO:0050821	protein stabilization	30	7	5.8	0.35615	1	BP
GO:0050832	defense response to fungus	11	3	2.13	0.36	1	BP
GO:0033280	response to vitamin D	11	3	2.13	0.36	1	BP
GO:0045652	regulation of megakaryocyte differentiat...	11	3	2.13	0.36	1	BP
GO:0072384	organelle transport along microtubule	11	3	2.13	0.36	1	BP
GO:0001824	blastocyst development	11	3	2.13	0.36	1	BP
GO:0010833	telomere maintenance via telomere length...	11	3	2.13	0.36	1	BP
GO:0072499	photoreceptor cell axon guidance	11	3	2.13	0.36	1	BP
GO:0051092	positive regulation of NF-kappaB transcr...	11	3	2.13	0.36	1	BP
GO:0021587	cerebellum morphogenesis	11	3	2.13	0.36	1	BP
GO:0032465	regulation of cytokinesis	11	3	2.13	0.36	1	BP
GO:0019184	nonribosomal peptide biosynthetic proces...	11	3	2.13	0.36	1	BP
GO:0035335	peptidyl-tyrosine dephosphorylation	11	3	2.13	0.36	1	BP
GO:0032204	regulation of telomere maintenance	11	3	2.13	0.36	1	BP
GO:0060428	lung epithelium development	11	3	2.13	0.36	1	BP
GO:0044275	cellular carbohydrate catabolic process	11	3	2.13	0.36	1	BP
GO:0060191	regulation of lipase activity	11	3	2.13	0.36	1	BP
GO:1903317	regulation of protein maturation	11	3	2.13	0.36	1	BP
GO:0007218	neuropeptide signaling pathway	11	3	2.13	0.36	1	BP
GO:0006303	double-strand break repair via nonhomolo...	11	3	2.13	0.36	1	BP
GO:1903779	regulation of cardiac conduction	11	3	2.13	0.36	1	BP
GO:0071542	dopaminergic neuron differentiation	11	3	2.13	0.36	1	BP
GO:1902305	regulation of sodium ion transmembrane t...	11	3	2.13	0.36	1	BP
GO:0061098	positive regulation of protein tyrosine ...	11	3	2.13	0.36	1	BP
GO:1902116	negative regulation of organelle assembl...	11	3	2.13	0.36	1	BP
GO:0030002	cellular anion homeostasis	11	3	2.13	0.36	1	BP
GO:0022401	negative adaptation of signaling pathway	11	3	2.13	0.36	1	BP
GO:0051966	regulation of synaptic transmission, glu...	11	3	2.13	0.36	1	BP
GO:0030320	cellular monovalent inorganic anion home...	11	3	2.13	0.36	1	BP
GO:0016073	snRNA metabolic process	11	3	2.13	0.36	1	BP
GO:0070227	lymphocyte apoptotic process	11	3	2.13	0.36	1	BP
GO:0050777	negative regulation of immune response	11	3	2.13	0.36	1	BP
GO:0006352	DNA-templated transcription initiation	35	8	6.76	0.36071	1	BP
GO:1902749	regulation of cell cycle G2/M phase tran...	35	8	6.76	0.36071	1	BP
GO:0032956	regulation of actin cytoskeleton organiz...	58	15	11.21	0.36088	1	BP
GO:0042330	taxis	180	37	34.78	0.36117	1	BP
GO:0000086	G2/M transition of mitotic cell cycle	40	9	7.73	0.36404	1	BP
GO:0007224	smoothened signaling pathway	40	9	7.73	0.36404	1	BP
GO:0071560	cellular response to transforming growth...	40	9	7.73	0.36404	1	BP
GO:0071559	response to transforming growth factor b...	40	9	7.73	0.36404	1	BP
GO:0051054	positive regulation of DNA metabolic pro...	45	10	8.69	0.36651	1	BP
GO:0031647	regulation of protein stability	45	10	8.69	0.36651	1	BP
GO:0090596	sensory organ morphogenesis	135	28	26.08	0.36786	1	BP
GO:0061326	renal tubule development	50	11	9.66	0.36835	1	BP
GO:0008285	negative regulation of cell population p...	125	26	24.15	0.3691	1	BP
GO:0045665	negative regulation of neuron differenti...	55	12	10.63	0.36971	1	BP
GO:0007178	transmembrane receptor protein serine/th...	60	13	11.59	0.37069	1	BP
GO:0045017	glycerolipid biosynthetic process	60	13	11.59	0.37069	1	BP
GO:0051345	positive regulation of hydrolase activit...	105	22	20.29	0.37114	1	BP
GO:0140694	non-membrane-bounded organelle assembly	65	14	12.56	0.37139	1	BP
GO:0030534	adult behavior	70	15	13.52	0.37184	1	BP
GO:0034762	regulation of transmembrane transport	70	15	13.52	0.37184	1	BP
GO:1901214	regulation of neuron death	75	16	14.49	0.37211	1	BP
GO:0060560	developmental growth involved in morphog...	85	18	16.42	0.37219	1	BP
GO:0035114	imaginal disc-derived appendage morphoge...	80	17	15.46	0.37222	1	BP
GO:0008104	protein localization	405	81	78.25	0.37271	1	BP
GO:0010717	regulation of epithelial to mesenchymal ...	16	4	3.09	0.37461	1	BP
GO:0036473	cell death in response to oxidative stre...	16	4	3.09	0.37461	1	BP
GO:0030595	leukocyte chemotaxis	16	4	3.09	0.37461	1	BP
GO:1904397	negative regulation of neuromuscular jun...	16	4	3.09	0.37461	1	BP
GO:0032414	positive regulation of ion transmembrane...	16	4	3.09	0.37461	1	BP
GO:0014910	regulation of smooth muscle cell migrati...	16	4	3.09	0.37461	1	BP
GO:0033559	unsaturated fatty acid metabolic process	16	4	3.09	0.37461	1	BP
GO:0014909	smooth muscle cell migration	16	4	3.09	0.37461	1	BP
GO:0007349	cellularization	16	4	3.09	0.37461	1	BP
GO:0035222	wing disc pattern formation	16	4	3.09	0.37461	1	BP
GO:0044728	DNA methylation or demethylation	16	4	3.09	0.37461	1	BP
GO:0007229	integrin-mediated signaling pathway	16	4	3.09	0.37461	1	BP
GO:0043470	regulation of carbohydrate catabolic pro...	16	4	3.09	0.37461	1	BP
GO:0006112	energy reserve metabolic process	16	4	3.09	0.37461	1	BP
GO:0038202	TORC1 signaling	16	4	3.09	0.37461	1	BP
GO:0090329	regulation of DNA-templated DNA replicat...	16	4	3.09	0.37461	1	BP
GO:1902882	regulation of response to oxidative stre...	16	4	3.09	0.37461	1	BP
GO:0030330	DNA damage response, signal transduction...	16	4	3.09	0.37461	1	BP
GO:0046605	regulation of centrosome cycle	16	4	3.09	0.37461	1	BP
GO:1905897	regulation of response to endoplasmic re...	16	4	3.09	0.37461	1	BP
GO:0008049	male courtship behavior	16	4	3.09	0.37461	1	BP
GO:0030279	negative regulation of ossification	16	4	3.09	0.37461	1	BP
GO:0007018	microtubule-based movement	65	19	12.56	0.37693	1	BP
GO:0050794	regulation of cellular process	1290	265	249.24	0.37749	1	BP
GO:0031644	regulation of nervous system process	52	16	10.05	0.37861	1	BP
GO:0016319	mushroom body development	21	5	4.06	0.38275	1	BP
GO:0090501	RNA phosphodiester bond hydrolysis	21	5	4.06	0.38275	1	BP
GO:0050684	regulation of mRNA processing	21	5	4.06	0.38275	1	BP
GO:1900006	positive regulation of dendrite developm...	21	5	4.06	0.38275	1	BP
GO:0032200	telomere organization	21	5	4.06	0.38275	1	BP
GO:0008652	cellular amino acid biosynthetic process	21	5	4.06	0.38275	1	BP
GO:0002040	sprouting angiogenesis	21	5	4.06	0.38275	1	BP
GO:0000723	telomere maintenance	21	5	4.06	0.38275	1	BP
GO:0035567	non-canonical Wnt signaling pathway	21	5	4.06	0.38275	1	BP
GO:0043200	response to amino acid	21	5	4.06	0.38275	1	BP
GO:0006140	regulation of nucleotide metabolic proce...	21	5	4.06	0.38275	1	BP
GO:1905809	negative regulation of synapse organizat...	21	5	4.06	0.38275	1	BP
GO:1990748	cellular detoxification	21	5	4.06	0.38275	1	BP
GO:0003013	circulatory system process	109	31	21.06	0.3841	1	BP
GO:0009991	response to extracellular stimulus	131	27	25.31	0.38554	1	BP
GO:0021766	hippocampus development	26	6	5.02	0.38773	1	BP
GO:0021879	forebrain neuron differentiation	26	6	5.02	0.38773	1	BP
GO:0010595	positive regulation of endothelial cell ...	26	6	5.02	0.38773	1	BP
GO:0051251	positive regulation of lymphocyte activa...	26	6	5.02	0.38773	1	BP
GO:0045444	fat cell differentiation	26	6	5.02	0.38773	1	BP
GO:0002790	peptide secretion	116	24	22.41	0.3883	1	BP
GO:0048562	embryonic organ morphogenesis	101	21	19.51	0.39088	1	BP
GO:0000070	mitotic sister chromatid segregation	31	7	5.99	0.39092	1	BP
GO:0007391	dorsal closure	31	7	5.99	0.39092	1	BP
GO:0060113	inner ear receptor cell differentiation	31	7	5.99	0.39092	1	BP
GO:0098876	vesicle-mediated transport to the plasma...	31	7	5.99	0.39092	1	BP
GO:0017156	calcium-ion regulated exocytosis	31	7	5.99	0.39092	1	BP
GO:1901216	positive regulation of neuron death	31	7	5.99	0.39092	1	BP
GO:1904018	positive regulation of vasculature devel...	31	7	5.99	0.39092	1	BP
GO:0051384	response to glucocorticoid	36	8	6.96	0.39298	1	BP
GO:0021987	cerebral cortex development	36	8	6.96	0.39298	1	BP
GO:0048737	imaginal disc-derived appendage developm...	81	17	15.65	0.3938	1	BP
GO:0006935	chemotaxis	167	34	32.27	0.39403	1	BP
GO:0001700	embryonic development via the syncytial ...	41	9	7.92	0.39429	1	BP
GO:1901617	organic hydroxy compound biosynthetic pr...	41	9	7.92	0.39429	1	BP
GO:0071383	cellular response to steroid hormone sti...	41	9	7.92	0.39429	1	BP
GO:0051346	negative regulation of hydrolase activit...	41	9	7.92	0.39429	1	BP
GO:0061333	renal tubule morphogenesis	41	9	7.92	0.39429	1	BP
GO:0031960	response to corticosteroid	41	9	7.92	0.39429	1	BP
GO:0042325	regulation of phosphorylation	223	45	43.09	0.39446	1	BP
GO:0010976	positive regulation of neuron projection...	71	15	13.72	0.39488	1	BP
GO:0062197	cellular response to chemical stress	71	15	13.72	0.39488	1	BP
GO:1902533	positive regulation of intracellular sig...	162	33	31.3	0.39525	1	BP
GO:0045471	response to ethanol	66	14	12.75	0.39527	1	BP
GO:0019233	sensory perception of pain	51	11	9.85	0.39549	1	BP
GO:0140352	export from cell	250	56	48.3	0.39595	1	BP
GO:0048878	chemical homeostasis	208	42	40.19	0.3984	1	BP
GO:0034330	cell junction organization	156	44	30.14	0.39927	1	BP
GO:0050767	regulation of neurogenesis	203	41	39.22	0.39973	1	BP
GO:0051046	regulation of secretion	152	37	29.37	0.40033	1	BP
GO:0036303	lymph vessel morphogenesis	7	2	1.35	0.40463	1	BP
GO:2000677	regulation of transcription regulatory r...	7	2	1.35	0.40463	1	BP
GO:0008333	endosome to lysosome transport	7	2	1.35	0.40463	1	BP
GO:0010882	regulation of cardiac muscle contraction...	7	2	1.35	0.40463	1	BP
GO:0140058	neuron projection arborization	7	2	1.35	0.40463	1	BP
GO:0035020	regulation of Rac protein signal transdu...	7	2	1.35	0.40463	1	BP
GO:0045604	regulation of epidermal cell differentia...	7	2	1.35	0.40463	1	BP
GO:0036151	phosphatidylcholine acyl-chain remodelin...	7	2	1.35	0.40463	1	BP
GO:0007026	negative regulation of microtubule depol...	7	2	1.35	0.40463	1	BP
GO:0007031	peroxisome organization	7	2	1.35	0.40463	1	BP
GO:0008156	negative regulation of DNA replication	7	2	1.35	0.40463	1	BP
GO:1904358	positive regulation of telomere maintena...	7	2	1.35	0.40463	1	BP
GO:0051043	regulation of membrane protein ectodomai...	7	2	1.35	0.40463	1	BP
GO:0072170	metanephric tubule development	7	2	1.35	0.40463	1	BP
GO:0040010	positive regulation of growth rate	7	2	1.35	0.40463	1	BP
GO:0010613	positive regulation of cardiac muscle hy...	7	2	1.35	0.40463	1	BP
GO:0010614	negative regulation of cardiac muscle hy...	7	2	1.35	0.40463	1	BP
GO:0005980	glycogen catabolic process	7	2	1.35	0.40463	1	BP
GO:0005978	glycogen biosynthetic process	7	2	1.35	0.40463	1	BP
GO:0048265	response to pain	7	2	1.35	0.40463	1	BP
GO:0021604	cranial nerve structural organization	7	2	1.35	0.40463	1	BP
GO:0045933	positive regulation of muscle contractio...	7	2	1.35	0.40463	1	BP
GO:0035384	thioester biosynthetic process	7	2	1.35	0.40463	1	BP
GO:0072234	metanephric nephron tubule development	7	2	1.35	0.40463	1	BP
GO:0070979	protein K11-linked ubiquitination	7	2	1.35	0.40463	1	BP
GO:0050911	detection of chemical stimulus involved ...	7	2	1.35	0.40463	1	BP
GO:0071398	cellular response to fatty acid	7	2	1.35	0.40463	1	BP
GO:0061983	meiosis II cell cycle process	7	2	1.35	0.40463	1	BP
GO:0032212	positive regulation of telomere maintena...	7	2	1.35	0.40463	1	BP
GO:0086066	atrial cardiac muscle cell to AV node ce...	7	2	1.35	0.40463	1	BP
GO:0086026	atrial cardiac muscle cell to AV node ce...	7	2	1.35	0.40463	1	BP
GO:0086014	atrial cardiac muscle cell action potent...	7	2	1.35	0.40463	1	BP
GO:0001975	response to amphetamine	7	2	1.35	0.40463	1	BP
GO:1900424	regulation of defense response to bacter...	7	2	1.35	0.40463	1	BP
GO:0001946	lymphangiogenesis	7	2	1.35	0.40463	1	BP
GO:0006089	lactate metabolic process	7	2	1.35	0.40463	1	BP
GO:0044247	cellular polysaccharide catabolic proces...	7	2	1.35	0.40463	1	BP
GO:0032881	regulation of polysaccharide metabolic p...	7	2	1.35	0.40463	1	BP
GO:0008625	extrinsic apoptotic signaling pathway vi...	7	2	1.35	0.40463	1	BP
GO:0072662	protein localization to peroxisome	7	2	1.35	0.40463	1	BP
GO:0072663	establishment of protein localization to...	7	2	1.35	0.40463	1	BP
GO:1900273	positive regulation of long-term synapti...	7	2	1.35	0.40463	1	BP
GO:0000272	polysaccharide catabolic process	7	2	1.35	0.40463	1	BP
GO:0031114	regulation of microtubule depolymerizati...	7	2	1.35	0.40463	1	BP
GO:0031145	anaphase-promoting complex-dependent cat...	7	2	1.35	0.40463	1	BP
GO:0071763	nuclear membrane organization	7	2	1.35	0.40463	1	BP
GO:0006383	transcription by RNA polymerase III	7	2	1.35	0.40463	1	BP
GO:1904666	regulation of ubiquitin protein ligase a...	7	2	1.35	0.40463	1	BP
GO:0003171	atrioventricular valve development	7	2	1.35	0.40463	1	BP
GO:1904646	cellular response to amyloid-beta	7	2	1.35	0.40463	1	BP
GO:0043154	negative regulation of cysteine-type end...	7	2	1.35	0.40463	1	BP
GO:0071863	regulation of cell proliferation in bone...	7	2	1.35	0.40463	1	BP
GO:0071864	positive regulation of cell proliferatio...	7	2	1.35	0.40463	1	BP
GO:0071880	adenylate cyclase-activating adrenergic ...	7	2	1.35	0.40463	1	BP
GO:0003272	endocardial cushion formation	7	2	1.35	0.40463	1	BP
GO:0071875	adrenergic receptor signaling pathway	7	2	1.35	0.40463	1	BP
GO:0071838	cell proliferation in bone marrow	7	2	1.35	0.40463	1	BP
GO:0003203	endocardial cushion morphogenesis	7	2	1.35	0.40463	1	BP
GO:0003207	cardiac chamber formation	7	2	1.35	0.40463	1	BP
GO:0060536	cartilage morphogenesis	7	2	1.35	0.40463	1	BP
GO:0007538	primary sex determination	7	2	1.35	0.40463	1	BP
GO:0051590	positive regulation of neurotransmitter ...	7	2	1.35	0.40463	1	BP
GO:0046174	polyol catabolic process	7	2	1.35	0.40463	1	BP
GO:0071616	acyl-CoA biosynthetic process	7	2	1.35	0.40463	1	BP
GO:0042332	gravitaxis	7	2	1.35	0.40463	1	BP
GO:0017014	protein nitrosylation	7	2	1.35	0.40463	1	BP
GO:0042481	regulation of odontogenesis	7	2	1.35	0.40463	1	BP
GO:0042428	serotonin metabolic process	7	2	1.35	0.40463	1	BP
GO:1905332	positive regulation of morphogenesis of ...	7	2	1.35	0.40463	1	BP
GO:0043574	peroxisomal transport	7	2	1.35	0.40463	1	BP
GO:1903651	positive regulation of cytoplasmic trans...	7	2	1.35	0.40463	1	BP
GO:0009250	glucan biosynthetic process	7	2	1.35	0.40463	1	BP
GO:0009251	glucan catabolic process	7	2	1.35	0.40463	1	BP
GO:0060992	response to fungicide	7	2	1.35	0.40463	1	BP
GO:0009247	glycolipid biosynthetic process	7	2	1.35	0.40463	1	BP
GO:0015949	nucleobase-containing small molecule int...	7	2	1.35	0.40463	1	BP
GO:0098728	germline stem cell asymmetric division	7	2	1.35	0.40463	1	BP
GO:0060973	cell migration involved in heart develop...	7	2	1.35	0.40463	1	BP
GO:0098703	calcium ion import across plasma membran...	7	2	1.35	0.40463	1	BP
GO:0042219	cellular modified amino acid catabolic p...	7	2	1.35	0.40463	1	BP
GO:1901381	positive regulation of potassium ion tra...	7	2	1.35	0.40463	1	BP
GO:0046534	positive regulation of photoreceptor cel...	7	2	1.35	0.40463	1	BP
GO:2000117	negative regulation of cysteine-type end...	7	2	1.35	0.40463	1	BP
GO:2000108	positive regulation of leukocyte apoptot...	7	2	1.35	0.40463	1	BP
GO:0006625	protein targeting to peroxisome	7	2	1.35	0.40463	1	BP
GO:0050435	amyloid-beta metabolic process	7	2	1.35	0.40463	1	BP
GO:0046636	negative regulation of alpha-beta T cell...	7	2	1.35	0.40463	1	BP
GO:0097120	receptor localization to synapse	7	2	1.35	0.40463	1	BP
GO:0016081	synaptic vesicle docking	7	2	1.35	0.40463	1	BP
GO:0090181	regulation of cholesterol metabolic proc...	7	2	1.35	0.40463	1	BP
GO:0090184	positive regulation of kidney developmen...	7	2	1.35	0.40463	1	BP
GO:1901160	primary amino compound metabolic process	7	2	1.35	0.40463	1	BP
GO:1901186	positive regulation of ERBB signaling pa...	7	2	1.35	0.40463	1	BP
GO:0014741	negative regulation of muscle hypertroph...	7	2	1.35	0.40463	1	BP
GO:0014742	positive regulation of muscle hypertroph...	7	2	1.35	0.40463	1	BP
GO:0045742	positive regulation of epidermal growth ...	7	2	1.35	0.40463	1	BP
GO:0042538	hyperosmotic salinity response	7	2	1.35	0.40463	1	BP
GO:0045836	positive regulation of meiotic nuclear d...	7	2	1.35	0.40463	1	BP
GO:1901798	positive regulation of signal transducti...	7	2	1.35	0.40463	1	BP
GO:0001757	somite specification	7	2	1.35	0.40463	1	BP
GO:0030728	ovulation	7	2	1.35	0.40463	1	BP
GO:0015031	protein transport	260	52	50.23	0.41092	1	BP
GO:0009896	positive regulation of catabolic process	97	20	18.74	0.41166	1	BP
GO:0010256	endomembrane system organization	97	20	18.74	0.41166	1	BP
GO:0031331	positive regulation of cellular cataboli...	82	17	15.84	0.41552	1	BP
GO:0090066	regulation of anatomical structure size	152	33	29.37	0.41646	1	BP
GO:0033260	nuclear DNA replication	12	3	2.32	0.41762	1	BP
GO:2000648	positive regulation of stem cell prolife...	12	3	2.32	0.41762	1	BP
GO:0035094	response to nicotine	12	3	2.32	0.41762	1	BP
GO:0010591	regulation of lamellipodium assembly	12	3	2.32	0.41762	1	BP
GO:1904377	positive regulation of protein localizat...	12	3	2.32	0.41762	1	BP
GO:0035317	imaginal disc-derived wing hair organiza...	12	3	2.32	0.41762	1	BP
GO:0023058	adaptation of signaling pathway	12	3	2.32	0.41762	1	BP
GO:0050909	sensory perception of taste	12	3	2.32	0.41762	1	BP
GO:0071385	cellular response to glucocorticoid stim...	12	3	2.32	0.41762	1	BP
GO:0010960	magnesium ion homeostasis	12	3	2.32	0.41762	1	BP
GO:0046068	cGMP metabolic process	12	3	2.32	0.41762	1	BP
GO:0072583	clathrin-dependent endocytosis	12	3	2.32	0.41762	1	BP
GO:0099587	inorganic ion import across plasma membr...	12	3	2.32	0.41762	1	BP
GO:0060117	auditory receptor cell development	12	3	2.32	0.41762	1	BP
GO:1903428	positive regulation of reactive oxygen s...	12	3	2.32	0.41762	1	BP
GO:1902099	regulation of metaphase/anaphase transit...	12	3	2.32	0.41762	1	BP
GO:0003170	heart valve development	12	3	2.32	0.41762	1	BP
GO:0014017	neuroblast fate commitment	12	3	2.32	0.41762	1	BP
GO:0098781	ncRNA transcription	12	3	2.32	0.41762	1	BP
GO:1902743	regulation of lamellipodium organization	12	3	2.32	0.41762	1	BP
GO:0046580	negative regulation of Ras protein signa...	12	3	2.32	0.41762	1	BP
GO:1901379	regulation of potassium ion transmembran...	12	3	2.32	0.41762	1	BP
GO:0002832	negative regulation of response to bioti...	12	3	2.32	0.41762	1	BP
GO:0098659	inorganic cation import across plasma me...	12	3	2.32	0.41762	1	BP
GO:0030104	water homeostasis	12	3	2.32	0.41762	1	BP
GO:0030219	megakaryocyte differentiation	12	3	2.32	0.41762	1	BP
GO:0006903	vesicle targeting	12	3	2.32	0.41762	1	BP
GO:0043254	regulation of protein-containing complex...	72	15	13.91	0.41805	1	BP
GO:0031098	stress-activated protein kinase signalin...	67	14	12.95	0.41928	1	BP
GO:0007444	imaginal disc development	133	27	25.7	0.41998	1	BP
GO:0007276	gamete generation	271	54	52.36	0.42055	1	BP
GO:0042742	defense response to bacterium	57	12	11.01	0.42165	1	BP
GO:0055083	monovalent inorganic anion homeostasis	17	4	3.28	0.42269	1	BP
GO:1901607	alpha-amino acid biosynthetic process	17	4	3.28	0.42269	1	BP
GO:0032411	positive regulation of transporter activ...	17	4	3.28	0.42269	1	BP
GO:0007304	chorion-containing eggshell formation	17	4	3.28	0.42269	1	BP
GO:0035215	genital disc development	17	4	3.28	0.42269	1	BP
GO:0035249	synaptic transmission, glutamatergic	17	4	3.28	0.42269	1	BP
GO:0043266	regulation of potassium ion transport	17	4	3.28	0.42269	1	BP
GO:0043502	regulation of muscle adaptation	17	4	3.28	0.42269	1	BP
GO:0002526	acute inflammatory response	17	4	3.28	0.42269	1	BP
GO:0055093	response to hyperoxia	17	4	3.28	0.42269	1	BP
GO:0051090	regulation of DNA-binding transcription ...	52	11	10.05	0.42274	1	BP
GO:0046474	glycerophospholipid biosynthetic process	52	11	10.05	0.42274	1	BP
GO:0006575	cellular modified amino acid metabolic p...	52	11	10.05	0.42274	1	BP
GO:0045732	positive regulation of protein catabolic...	52	11	10.05	0.42274	1	BP
GO:0034504	protein localization to nucleus	52	11	10.05	0.42274	1	BP
GO:0032102	negative regulation of response to exter...	47	10	9.08	0.42375	1	BP
GO:0097746	blood vessel diameter maintenance	42	9	8.11	0.42463	1	BP
GO:0055081	anion homeostasis	22	5	4.25	0.42487	1	BP
GO:0030518	intracellular steroid hormone receptor s...	22	5	4.25	0.42487	1	BP
GO:0016125	sterol metabolic process	22	5	4.25	0.42487	1	BP
GO:0019218	regulation of steroid metabolic process	22	5	4.25	0.42487	1	BP
GO:0060349	bone morphogenesis	22	5	4.25	0.42487	1	BP
GO:0071347	cellular response to interleukin-1	22	5	4.25	0.42487	1	BP
GO:0019882	antigen processing and presentation	22	5	4.25	0.42487	1	BP
GO:0002011	morphogenesis of an epithelial sheet	22	5	4.25	0.42487	1	BP
GO:0061041	regulation of wound healing	22	5	4.25	0.42487	1	BP
GO:0050866	negative regulation of cell activation	22	5	4.25	0.42487	1	BP
GO:0046887	positive regulation of hormone secretion	37	8	7.15	0.42532	1	BP
GO:0021872	forebrain generation of neurons	27	6	5.22	0.42567	1	BP
GO:0007034	vacuolar transport	27	6	5.22	0.42567	1	BP
GO:0021545	cranial nerve development	27	6	5.22	0.42567	1	BP
GO:0051262	protein tetramerization	27	6	5.22	0.42567	1	BP
GO:0006399	tRNA metabolic process	27	6	5.22	0.42567	1	BP
GO:0043534	blood vessel endothelial cell migration	27	6	5.22	0.42567	1	BP
GO:0034249	negative regulation of cellular amide me...	27	6	5.22	0.42567	1	BP
GO:1904064	positive regulation of cation transmembr...	27	6	5.22	0.42567	1	BP
GO:0010594	regulation of endothelial cell migration	32	7	6.18	0.42572	1	BP
GO:0060348	bone development	32	7	6.18	0.42572	1	BP
GO:0048704	embryonic skeletal system morphogenesis	32	7	6.18	0.42572	1	BP
GO:0007179	transforming growth factor beta receptor...	32	7	6.18	0.42572	1	BP
GO:2001242	regulation of intrinsic apoptotic signal...	32	7	6.18	0.42572	1	BP
GO:0043279	response to alkaloid	32	7	6.18	0.42572	1	BP
GO:0010389	regulation of G2/M transition of mitotic...	32	7	6.18	0.42572	1	BP
GO:0002696	positive regulation of leukocyte activat...	32	7	6.18	0.42572	1	BP
GO:0050769	positive regulation of neurogenesis	113	23	21.83	0.42651	1	BP
GO:0035592	establishment of protein localization to...	108	22	20.87	0.42821	1	BP
GO:0009306	protein secretion	108	22	20.87	0.42821	1	BP
GO:0018130	heterocycle biosynthetic process	575	113	111.1	0.42822	1	BP
GO:0032940	secretion by cell	242	54	46.76	0.42823	1	BP
GO:0010035	response to inorganic substance	149	30	28.79	0.43181	1	BP
GO:0045184	establishment of protein localization	272	54	52.55	0.43314	1	BP
GO:0031399	regulation of protein modification proce...	262	52	50.62	0.43649	1	BP
GO:1901362	organic cyclic compound biosynthetic pro...	597	117	115.35	0.44129	1	BP
GO:0043412	macromolecule modification	592	116	114.38	0.44278	1	BP
GO:0009792	embryo development ending in birth or eg...	231	48	44.63	0.44306	1	BP
GO:0048588	developmental cell growth	68	14	13.14	0.44333	1	BP
GO:0007265	Ras protein signal transduction	68	14	13.14	0.44333	1	BP
GO:0051403	stress-activated MAPK cascade	63	13	12.17	0.44547	1	BP
GO:0070727	cellular macromolecule localization	412	81	79.6	0.44673	1	BP
GO:0071692	protein localization to extracellular re...	109	22	21.06	0.44738	1	BP
GO:0042692	muscle cell differentiation	109	22	21.06	0.44738	1	BP
GO:0009952	anterior/posterior pattern specification	87	20	16.81	0.44763	1	BP
GO:0001701	in utero embryonic development	58	12	11.21	0.44769	1	BP
GO:0006936	muscle contraction	58	12	11.21	0.44769	1	BP
GO:0021953	central nervous system neuron differenti...	53	11	10.24	0.44998	1	BP
GO:0008654	phospholipid biosynthetic process	53	11	10.24	0.44998	1	BP
GO:0030334	regulation of cell migration	140	28	27.05	0.4525	1	BP
GO:0002573	myeloid leukocyte differentiation	36	10	6.96	0.45315	1	BP
GO:0031396	regulation of protein ubiquitination	43	9	8.31	0.45488	1	BP
GO:0007405	neuroblast proliferation	43	9	8.31	0.45488	1	BP
GO:0044260	cellular macromolecule metabolic process	981	191	189.54	0.4566	1	BP
GO:0010720	positive regulation of cell development	130	26	25.12	0.45691	1	BP
GO:0043068	positive regulation of programmed cell d...	130	26	25.12	0.45691	1	BP
GO:0061640	cytoskeleton-dependent cytokinesis	38	8	7.34	0.45752	1	BP
GO:1903311	regulation of mRNA metabolic process	38	8	7.34	0.45752	1	BP
GO:0061025	membrane fusion	38	8	7.34	0.45752	1	BP
GO:0070371	ERK1 and ERK2 cascade	38	8	7.34	0.45752	1	BP
GO:0097164	ammonium ion metabolic process	38	8	7.34	0.45752	1	BP
GO:0034764	positive regulation of transmembrane tra...	38	8	7.34	0.45752	1	BP
GO:0017145	stem cell division	33	7	6.38	0.4603	1	BP
GO:0050867	positive regulation of cell activation	33	7	6.38	0.4603	1	BP
GO:0009791	post-embryonic development	233	46	45.02	0.46063	1	BP
GO:0006897	endocytosis	120	24	23.19	0.46158	1	BP
GO:0035120	post-embryonic appendage morphogenesis	79	16	15.26	0.46171	1	BP
GO:0007264	small GTPase mediated signal transductio...	79	16	15.26	0.46171	1	BP
GO:0051146	striated muscle cell differentiation	79	16	15.26	0.46171	1	BP
GO:1901989	positive regulation of cell cycle phase ...	28	6	5.41	0.46326	1	BP
GO:0043281	regulation of cysteine-type endopeptidas...	28	6	5.41	0.46326	1	BP
GO:0061061	muscle structure development	187	37	36.13	0.46493	1	BP
GO:0030703	eggshell formation	23	5	4.44	0.46642	1	BP
GO:1901606	alpha-amino acid catabolic process	23	5	4.44	0.46642	1	BP
GO:0048580	regulation of post-embryonic development	23	5	4.44	0.46642	1	BP
GO:0007619	courtship behavior	23	5	4.44	0.46642	1	BP
GO:0043525	positive regulation of neuron apoptotic ...	23	5	4.44	0.46642	1	BP
GO:0017148	negative regulation of translation	23	5	4.44	0.46642	1	BP
GO:0010604	positive regulation of macromolecule met...	512	100	98.92	0.46763	1	BP
GO:0006821	chloride transport	32	14	6.18	0.46769	1	BP
GO:0036296	response to increased oxygen levels	18	4	3.48	0.46982	1	BP
GO:0010507	negative regulation of autophagy	18	4	3.48	0.46982	1	BP
GO:0008203	cholesterol metabolic process	18	4	3.48	0.46982	1	BP
GO:0045907	positive regulation of vasoconstriction	18	4	3.48	0.46982	1	BP
GO:0003300	cardiac muscle hypertrophy	18	4	3.48	0.46982	1	BP
GO:0009062	fatty acid catabolic process	18	4	3.48	0.46982	1	BP
GO:0071260	cellular response to mechanical stimulus	18	4	3.48	0.46982	1	BP
GO:0043487	regulation of RNA stability	18	4	3.48	0.46982	1	BP
GO:0000724	double-strand break repair via homologou...	18	4	3.48	0.46982	1	BP
GO:0000725	recombinational repair	18	4	3.48	0.46982	1	BP
GO:0046323	glucose import	18	4	3.48	0.46982	1	BP
GO:0006749	glutathione metabolic process	18	4	3.48	0.46982	1	BP
GO:0043536	positive regulation of blood vessel endo...	18	4	3.48	0.46982	1	BP
GO:1905477	positive regulation of protein localizat...	18	4	3.48	0.46982	1	BP
GO:0045773	positive regulation of axon extension	18	4	3.48	0.46982	1	BP
GO:0045727	positive regulation of translation	18	4	3.48	0.46982	1	BP
GO:0014897	striated muscle hypertrophy	18	4	3.48	0.46982	1	BP
GO:0060538	skeletal muscle organ development	64	13	12.37	0.47039	1	BP
GO:0006631	fatty acid metabolic process	64	13	12.37	0.47039	1	BP
GO:0055057	neuroblast division	13	3	2.51	0.47342	1	BP
GO:0021795	cerebral cortex cell migration	13	3	2.51	0.47342	1	BP
GO:0008343	adult feeding behavior	13	3	2.51	0.47342	1	BP
GO:0036445	neuronal stem cell division	13	3	2.51	0.47342	1	BP
GO:0045646	regulation of erythrocyte differentiatio...	13	3	2.51	0.47342	1	BP
GO:2001021	negative regulation of response to DNA d...	13	3	2.51	0.47342	1	BP
GO:0007097	nuclear migration	13	3	2.51	0.47342	1	BP
GO:0007062	sister chromatid cohesion	13	3	2.51	0.47342	1	BP
GO:0001569	branching involved in blood vessel morph...	13	3	2.51	0.47342	1	BP
GO:0048483	autonomic nervous system development	13	3	2.51	0.47342	1	BP
GO:0010586	miRNA metabolic process	13	3	2.51	0.47342	1	BP
GO:0030537	larval behavior	13	3	2.51	0.47342	1	BP
GO:0001516	prostaglandin biosynthetic process	13	3	2.51	0.47342	1	BP
GO:0032350	regulation of hormone metabolic process	13	3	2.51	0.47342	1	BP
GO:1904398	positive regulation of neuromuscular jun...	13	3	2.51	0.47342	1	BP
GO:0021575	hindbrain morphogenesis	13	3	2.51	0.47342	1	BP
GO:0051028	mRNA transport	13	3	2.51	0.47342	1	BP
GO:0045912	negative regulation of carbohydrate meta...	13	3	2.51	0.47342	1	BP
GO:1903038	negative regulation of leukocyte cell-ce...	13	3	2.51	0.47342	1	BP
GO:0048793	pronephros development	13	3	2.51	0.47342	1	BP
GO:0061951	establishment of protein localization to...	13	3	2.51	0.47342	1	BP
GO:0000380	alternative mRNA splicing, via spliceoso...	13	3	2.51	0.47342	1	BP
GO:0000381	regulation of alternative mRNA splicing,...	13	3	2.51	0.47342	1	BP
GO:0051303	establishment of chromosome localization	13	3	2.51	0.47342	1	BP
GO:0035214	eye-antennal disc development	13	3	2.51	0.47342	1	BP
GO:2001259	positive regulation of cation channel ac...	13	3	2.51	0.47342	1	BP
GO:0044784	metaphase/anaphase transition of cell cy...	13	3	2.51	0.47342	1	BP
GO:0007215	glutamate receptor signaling pathway	13	3	2.51	0.47342	1	BP
GO:0032506	cytokinetic process	13	3	2.51	0.47342	1	BP
GO:0006354	DNA-templated transcription elongation	13	3	2.51	0.47342	1	BP
GO:0042078	germ-line stem cell division	13	3	2.51	0.47342	1	BP
GO:0006305	DNA alkylation	13	3	2.51	0.47342	1	BP
GO:0006306	DNA methylation	13	3	2.51	0.47342	1	BP
GO:0046457	prostanoid biosynthetic process	13	3	2.51	0.47342	1	BP
GO:0006406	mRNA export from nucleus	13	3	2.51	0.47342	1	BP
GO:0014016	neuroblast differentiation	13	3	2.51	0.47342	1	BP
GO:0090049	regulation of cell migration involved in...	13	3	2.51	0.47342	1	BP
GO:0042474	middle ear morphogenesis	13	3	2.51	0.47342	1	BP
GO:1902106	negative regulation of leukocyte differe...	13	3	2.51	0.47342	1	BP
GO:2000779	regulation of double-strand break repair	13	3	2.51	0.47342	1	BP
GO:0045777	positive regulation of blood pressure	13	3	2.51	0.47342	1	BP
GO:1905818	regulation of chromosome separation	13	3	2.51	0.47342	1	BP
GO:0045887	positive regulation of synaptic assembly...	13	3	2.51	0.47342	1	BP
GO:0006972	hyperosmotic response	13	3	2.51	0.47342	1	BP
GO:0050868	negative regulation of T cell activation	13	3	2.51	0.47342	1	BP
GO:0043170	macromolecule metabolic process	1194	233	230.69	0.4742	1	BP
GO:0051094	positive regulation of developmental pro...	280	57	54.1	0.47444	1	BP
GO:0045786	negative regulation of cell cycle	105	24	20.29	0.47501	1	BP
GO:0033145	positive regulation of intracellular ste...	3	1	0.58	0.47504	1	BP
GO:0036336	dendritic cell migration	3	1	0.58	0.47504	1	BP
GO:2000696	regulation of epithelial cell differenti...	3	1	0.58	0.47504	1	BP
GO:0036306	embryonic heart tube elongation	3	1	0.58	0.47504	1	BP
GO:0055015	ventricular cardiac muscle cell developm...	3	1	0.58	0.47504	1	BP
GO:0030890	positive regulation of B cell proliferat...	3	1	0.58	0.47504	1	BP
GO:0034643	establishment of mitochondrion localizat...	3	1	0.58	0.47504	1	BP
GO:1905606	regulation of presynapse assembly	3	1	0.58	0.47504	1	BP
GO:0008377	light-induced release of internally sequ...	3	1	0.58	0.47504	1	BP
GO:0098908	regulation of neuronal action potential	3	1	0.58	0.47504	1	BP
GO:0055003	cardiac myofibril assembly	3	1	0.58	0.47504	1	BP
GO:0021779	oligodendrocyte cell fate commitment	3	1	0.58	0.47504	1	BP
GO:0045663	positive regulation of myoblast differen...	3	1	0.58	0.47504	1	BP
GO:1990573	potassium ion import across plasma membr...	3	1	0.58	0.47504	1	BP
GO:0035090	maintenance of apical/basal cell polarit...	3	1	0.58	0.47504	1	BP
GO:0035092	sperm DNA condensation	3	1	0.58	0.47504	1	BP
GO:1990519	pyrimidine nucleotide import into mitoch...	3	1	0.58	0.47504	1	BP
GO:0045622	regulation of T-helper cell differentiat...	3	1	0.58	0.47504	1	BP
GO:0045623	negative regulation of T-helper cell dif...	3	1	0.58	0.47504	1	BP
GO:0010889	regulation of sequestering of triglyceri...	3	1	0.58	0.47504	1	BP
GO:0072375	medium-term memory	3	1	0.58	0.47504	1	BP
GO:0097502	mannosylation	3	1	0.58	0.47504	1	BP
GO:0045647	negative regulation of erythrocyte diffe...	3	1	0.58	0.47504	1	BP
GO:0072311	glomerular epithelial cell differentiati...	3	1	0.58	0.47504	1	BP
GO:0035076	ecdysone receptor-mediated signaling pat...	3	1	0.58	0.47504	1	BP
GO:0035021	negative regulation of Rac protein signa...	3	1	0.58	0.47504	1	BP
GO:0010837	regulation of keratinocyte proliferation	3	1	0.58	0.47504	1	BP
GO:0035041	sperm DNA decondensation	3	1	0.58	0.47504	1	BP
GO:0070669	response to interleukin-2	3	1	0.58	0.47504	1	BP
GO:0035039	male pronucleus assembly	3	1	0.58	0.47504	1	BP
GO:0061541	rhabdomere morphogenesis	3	1	0.58	0.47504	1	BP
GO:0002922	positive regulation of humoral immune re...	3	1	0.58	0.47504	1	BP
GO:2001013	epithelial cell proliferation involved i...	3	1	0.58	0.47504	1	BP
GO:2001016	positive regulation of skeletal muscle c...	3	1	0.58	0.47504	1	BP
GO:2001034	positive regulation of double-strand bre...	3	1	0.58	0.47504	1	BP
GO:0060066	oviduct development	3	1	0.58	0.47504	1	BP
GO:0060068	vagina development	3	1	0.58	0.47504	1	BP
GO:0019370	leukotriene biosynthetic process	3	1	0.58	0.47504	1	BP
GO:0019372	lipoxygenase pathway	3	1	0.58	0.47504	1	BP
GO:0019375	galactolipid biosynthetic process	3	1	0.58	0.47504	1	BP
GO:0036149	phosphatidylinositol acyl-chain remodeli...	3	1	0.58	0.47504	1	BP
GO:0021801	cerebral cortex radial glia-guided migra...	3	1	0.58	0.47504	1	BP
GO:0032364	oxygen homeostasis	3	1	0.58	0.47504	1	BP
GO:0010544	negative regulation of platelet activati...	3	1	0.58	0.47504	1	BP
GO:1900037	regulation of cellular response to hypox...	3	1	0.58	0.47504	1	BP
GO:0032341	aldosterone metabolic process	3	1	0.58	0.47504	1	BP
GO:0071072	negative regulation of phospholipid bios...	3	1	0.58	0.47504	1	BP
GO:0021571	rhombomere 5 development	3	1	0.58	0.47504	1	BP
GO:1901620	regulation of smoothened signaling pathw...	3	1	0.58	0.47504	1	BP
GO:1901621	negative regulation of smoothened signal...	3	1	0.58	0.47504	1	BP
GO:0061635	regulation of protein complex stability	3	1	0.58	0.47504	1	BP
GO:0021524	visceral motor neuron differentiation	3	1	0.58	0.47504	1	BP
GO:0021542	dentate gyrus development	3	1	0.58	0.47504	1	BP
GO:0001661	conditioned taste aversion	3	1	0.58	0.47504	1	BP
GO:0072182	regulation of nephron tubule epithelial ...	3	1	0.58	0.47504	1	BP
GO:0072189	ureter development	3	1	0.58	0.47504	1	BP
GO:0072178	nephric duct morphogenesis	3	1	0.58	0.47504	1	BP
GO:1905920	positive regulation of CoA-transferase a...	3	1	0.58	0.47504	1	BP
GO:1905921	regulation of acetylcholine biosynthetic...	3	1	0.58	0.47504	1	BP
GO:1905923	positive regulation of acetylcholine bio...	3	1	0.58	0.47504	1	BP
GO:0048133	male germ-line stem cell asymmetric divi...	3	1	0.58	0.47504	1	BP
GO:0072112	podocyte differentiation	3	1	0.58	0.47504	1	BP
GO:0072114	pronephros morphogenesis	3	1	0.58	0.47504	1	BP
GO:1905918	regulation of CoA-transferase activity	3	1	0.58	0.47504	1	BP
GO:0020027	hemoglobin metabolic process	3	1	0.58	0.47504	1	BP
GO:0032474	otolith morphogenesis	3	1	0.58	0.47504	1	BP
GO:0010635	regulation of mitochondrial fusion	3	1	0.58	0.47504	1	BP
GO:0019405	alditol catabolic process	3	1	0.58	0.47504	1	BP
GO:0044321	response to leptin	3	1	0.58	0.47504	1	BP
GO:0008212	mineralocorticoid metabolic process	3	1	0.58	0.47504	1	BP
GO:0033523	histone H2B ubiquitination	3	1	0.58	0.47504	1	BP
GO:0008207	C21-steroid hormone metabolic process	3	1	0.58	0.47504	1	BP
GO:1903055	positive regulation of extracellular mat...	3	1	0.58	0.47504	1	BP
GO:0031033	myosin filament organization	3	1	0.58	0.47504	1	BP
GO:1903083	protein localization to condensed chromo...	3	1	0.58	0.47504	1	BP
GO:0072221	metanephric distal convoluted tubule dev...	3	1	0.58	0.47504	1	BP
GO:0072224	metanephric glomerulus development	3	1	0.58	0.47504	1	BP
GO:0003094	glomerular filtration	3	1	0.58	0.47504	1	BP
GO:1903010	regulation of bone development	3	1	0.58	0.47504	1	BP
GO:0072233	metanephric thick ascending limb develop...	3	1	0.58	0.47504	1	BP
GO:0003025	regulation of systemic arterial blood pr...	3	1	0.58	0.47504	1	BP
GO:0043056	forward locomotion	3	1	0.58	0.47504	1	BP
GO:0043059	regulation of forward locomotion	3	1	0.58	0.47504	1	BP
GO:0007355	anterior region determination	3	1	0.58	0.47504	1	BP
GO:0033617	mitochondrial cytochrome c oxidase assem...	3	1	0.58	0.47504	1	BP
GO:0007377	germ-band extension	3	1	0.58	0.47504	1	BP
GO:0019249	lactate biosynthetic process	3	1	0.58	0.47504	1	BP
GO:0035456	response to interferon-beta	3	1	0.58	0.47504	1	BP
GO:0071391	cellular response to estrogen stimulus	3	1	0.58	0.47504	1	BP
GO:0032288	myelin assembly	3	1	0.58	0.47504	1	BP
GO:0032274	gonadotropin secretion	3	1	0.58	0.47504	1	BP
GO:0032276	regulation of gonadotropin secretion	3	1	0.58	0.47504	1	BP
GO:0032229	negative regulation of synaptic transmis...	3	1	0.58	0.47504	1	BP
GO:0071352	cellular response to interleukin-2	3	1	0.58	0.47504	1	BP
GO:0086067	AV node cell to bundle of His cell commu...	3	1	0.58	0.47504	1	BP
GO:0051365	cellular response to potassium ion starv...	3	1	0.58	0.47504	1	BP
GO:1901970	positive regulation of mitotic sister ch...	3	1	0.58	0.47504	1	BP
GO:0010990	regulation of SMAD protein complex assem...	3	1	0.58	0.47504	1	BP
GO:0010991	negative regulation of SMAD protein comp...	3	1	0.58	0.47504	1	BP
GO:0051388	positive regulation of neurotrophin TRK ...	3	1	0.58	0.47504	1	BP
GO:0086027	AV node cell to bundle of His cell signa...	3	1	0.58	0.47504	1	BP
GO:0071332	cellular response to fructose stimulus	3	1	0.58	0.47504	1	BP
GO:0086016	AV node cell action potential	3	1	0.58	0.47504	1	BP
GO:0001961	positive regulation of cytokine-mediated...	3	1	0.58	0.47504	1	BP
GO:0000338	protein deneddylation	3	1	0.58	0.47504	1	BP
GO:0060457	negative regulation of digestive system ...	3	1	0.58	0.47504	1	BP
GO:0048886	neuromast hair cell differentiation	3	1	0.58	0.47504	1	BP
GO:0051340	regulation of ligase activity	3	1	0.58	0.47504	1	BP
GO:0010955	negative regulation of protein processin...	3	1	0.58	0.47504	1	BP
GO:0032799	low-density lipoprotein receptor particl...	3	1	0.58	0.47504	1	BP
GO:0001982	baroreceptor response to decreased syste...	3	1	0.58	0.47504	1	BP
GO:0001988	positive regulation of heart rate involv...	3	1	0.58	0.47504	1	BP
GO:0010985	negative regulation of lipoprotein parti...	3	1	0.58	0.47504	1	BP
GO:0000301	retrograde transport, vesicle recycling ...	3	1	0.58	0.47504	1	BP
GO:0010988	regulation of low-density lipoprotein pa...	3	1	0.58	0.47504	1	BP
GO:0001973	G protein-coupled adenosine receptor sig...	3	1	0.58	0.47504	1	BP
GO:0010989	negative regulation of low-density lipop...	3	1	0.58	0.47504	1	BP
GO:0001978	regulation of systemic arterial blood pr...	3	1	0.58	0.47504	1	BP
GO:0047497	mitochondrion transport along microtubul...	3	1	0.58	0.47504	1	BP
GO:0048816	ocellus morphogenesis	3	1	0.58	0.47504	1	BP
GO:0048818	positive regulation of hair follicle mat...	3	1	0.58	0.47504	1	BP
GO:0001922	B-1 B cell homeostasis	3	1	0.58	0.47504	1	BP
GO:0048843	negative regulation of axon extension in...	3	1	0.58	0.47504	1	BP
GO:0048845	venous blood vessel morphogenesis	3	1	0.58	0.47504	1	BP
GO:0007412	axon target recognition	3	1	0.58	0.47504	1	BP
GO:0035153	epithelial cell type specification, open...	3	1	0.58	0.47504	1	BP
GO:0001912	positive regulation of leukocyte mediate...	3	1	0.58	0.47504	1	BP
GO:0007418	ventral midline development	3	1	0.58	0.47504	1	BP
GO:1900425	negative regulation of defense response ...	3	1	0.58	0.47504	1	BP
GO:0032786	positive regulation of DNA-templated tra...	3	1	0.58	0.47504	1	BP
GO:0071464	cellular response to hydrostatic pressur...	3	1	0.58	0.47504	1	BP
GO:0060408	regulation of acetylcholine metabolic pr...	3	1	0.58	0.47504	1	BP
GO:0060409	positive regulation of acetylcholine met...	3	1	0.58	0.47504	1	BP
GO:0007402	ganglion mother cell fate determination	3	1	0.58	0.47504	1	BP
GO:0071459	protein localization to chromosome, cent...	3	1	0.58	0.47504	1	BP
GO:0140112	extracellular vesicle biogenesis	3	1	0.58	0.47504	1	BP
GO:0021955	central nervous system neuron axonogenes...	3	1	0.58	0.47504	1	BP
GO:0071472	cellular response to salt stress	3	1	0.58	0.47504	1	BP
GO:0071475	cellular hyperosmotic salinity response	3	1	0.58	0.47504	1	BP
GO:0019896	axonal transport of mitochondrion	3	1	0.58	0.47504	1	BP
GO:0000478	endonucleolytic cleavage involved in rRN...	3	1	0.58	0.47504	1	BP
GO:0000479	endonucleolytic cleavage of tricistronic...	3	1	0.58	0.47504	1	BP
GO:1904778	positive regulation of protein localizat...	3	1	0.58	0.47504	1	BP
GO:0071415	cellular response to purine-containing c...	3	1	0.58	0.47504	1	BP
GO:0048567	ectodermal digestive tract morphogenesis	3	1	0.58	0.47504	1	BP
GO:2001137	positive regulation of endocytic recycli...	3	1	0.58	0.47504	1	BP
GO:0035290	trunk segmentation	3	1	0.58	0.47504	1	BP
GO:0080111	DNA demethylation	3	1	0.58	0.47504	1	BP
GO:0072578	neurotransmitter-gated ion channel clust...	3	1	0.58	0.47504	1	BP
GO:0060112	generation of ovulation cycle rhythm	3	1	0.58	0.47504	1	BP
GO:1900186	negative regulation of clathrin-dependen...	3	1	0.58	0.47504	1	BP
GO:1903318	negative regulation of protein maturatio...	3	1	0.58	0.47504	1	BP
GO:0032875	regulation of DNA endoreduplication	3	1	0.58	0.47504	1	BP
GO:0046006	regulation of activated T cell prolifera...	3	1	0.58	0.47504	1	BP
GO:0035212	cell competition in a multicellular orga...	3	1	0.58	0.47504	1	BP
GO:2001225	regulation of chloride transport	3	1	0.58	0.47504	1	BP
GO:1900102	negative regulation of endoplasmic retic...	3	1	0.58	0.47504	1	BP
GO:0033962	P-body assembly	3	1	0.58	0.47504	1	BP
GO:0003313	heart rudiment development	3	1	0.58	0.47504	1	BP
GO:0032802	low-density lipoprotein particle recepto...	3	1	0.58	0.47504	1	BP
GO:0019563	glycerol catabolic process	3	1	0.58	0.47504	1	BP
GO:0048664	neuron fate determination	3	1	0.58	0.47504	1	BP
GO:0051177	meiotic sister chromatid cohesion	3	1	0.58	0.47504	1	BP
GO:0003337	mesenchymal to epithelial transition inv...	3	1	0.58	0.47504	1	BP
GO:0060250	germ-line stem-cell niche homeostasis	3	1	0.58	0.47504	1	BP
GO:0048620	post-embryonic hindgut morphogenesis	3	1	0.58	0.47504	1	BP
GO:0019516	lactate oxidation	3	1	0.58	0.47504	1	BP
GO:0019541	propionate metabolic process	3	1	0.58	0.47504	1	BP
GO:0019543	propionate catabolic process	3	1	0.58	0.47504	1	BP
GO:0007210	serotonin receptor signaling pathway	3	1	0.58	0.47504	1	BP
GO:0035751	regulation of lysosomal lumen pH	3	1	0.58	0.47504	1	BP
GO:1903423	positive regulation of synaptic vesicle ...	3	1	0.58	0.47504	1	BP
GO:0071294	cellular response to zinc ion	3	1	0.58	0.47504	1	BP
GO:0035720	intraciliary anterograde transport	3	1	0.58	0.47504	1	BP
GO:1900244	positive regulation of synaptic vesicle ...	3	1	0.58	0.47504	1	BP
GO:0009084	glutamine family amino acid biosynthetic...	3	1	0.58	0.47504	1	BP
GO:0071280	cellular response to copper ion	3	1	0.58	0.47504	1	BP
GO:0000289	nuclear-transcribed mRNA poly(A) tail sh...	3	1	0.58	0.47504	1	BP
GO:0071279	cellular response to cobalt ion	3	1	0.58	0.47504	1	BP
GO:0043497	regulation of protein heterodimerization...	3	1	0.58	0.47504	1	BP
GO:1902075	cellular response to salt	3	1	0.58	0.47504	1	BP
GO:0015743	malate transport	3	1	0.58	0.47504	1	BP
GO:0051281	positive regulation of release of seques...	3	1	0.58	0.47504	1	BP
GO:0019660	glycolytic fermentation	3	1	0.58	0.47504	1	BP
GO:0019661	glucose catabolic process to lactate via...	3	1	0.58	0.47504	1	BP
GO:0019666	nitrogenous compound fermentation	3	1	0.58	0.47504	1	BP
GO:0060760	positive regulation of response to cytok...	3	1	0.58	0.47504	1	BP
GO:0019659	glucose catabolic process to lactate	3	1	0.58	0.47504	1	BP
GO:0003406	retinal pigment epithelium development	3	1	0.58	0.47504	1	BP
GO:1904502	regulation of lipophagy	3	1	0.58	0.47504	1	BP
GO:1904504	positive regulation of lipophagy	3	1	0.58	0.47504	1	BP
GO:0006390	mitochondrial transcription	3	1	0.58	0.47504	1	BP
GO:0003193	pulmonary valve formation	3	1	0.58	0.47504	1	BP
GO:0035881	amacrine cell differentiation	3	1	0.58	0.47504	1	BP
GO:0035878	nail development	3	1	0.58	0.47504	1	BP
GO:0003161	cardiac conduction system development	3	1	0.58	0.47504	1	BP
GO:1900745	positive regulation of p38MAPK cascade	3	1	0.58	0.47504	1	BP
GO:0035811	negative regulation of urine volume	3	1	0.58	0.47504	1	BP
GO:0003184	pulmonary valve morphogenesis	3	1	0.58	0.47504	1	BP
GO:0003177	pulmonary valve development	3	1	0.58	0.47504	1	BP
GO:1904640	response to methionine	3	1	0.58	0.47504	1	BP
GO:0022030	telencephalon glial cell migration	3	1	0.58	0.47504	1	BP
GO:0006307	DNA dealkylation involved in DNA repair	3	1	0.58	0.47504	1	BP
GO:0046327	glycerol biosynthetic process from pyruv...	3	1	0.58	0.47504	1	BP
GO:0043117	positive regulation of vascular permeabi...	3	1	0.58	0.47504	1	BP
GO:0046339	diacylglycerol metabolic process	3	1	0.58	0.47504	1	BP
GO:0035588	G protein-coupled purinergic receptor si...	3	1	0.58	0.47504	1	BP
GO:0046498	S-adenosylhomocysteine metabolic process	3	1	0.58	0.47504	1	BP
GO:0003223	ventricular compact myocardium morphogen...	3	1	0.58	0.47504	1	BP
GO:0150078	positive regulation of neuroinflammatory...	3	1	0.58	0.47504	1	BP
GO:0046476	glycosylceramide biosynthetic process	3	1	0.58	0.47504	1	BP
GO:0060575	intestinal epithelial cell differentiati...	3	1	0.58	0.47504	1	BP
GO:0060576	intestinal epithelial cell development	3	1	0.58	0.47504	1	BP
GO:0060577	pulmonary vein morphogenesis	3	1	0.58	0.47504	1	BP
GO:0007521	muscle cell fate determination	3	1	0.58	0.47504	1	BP
GO:0046439	L-cysteine metabolic process	3	1	0.58	0.47504	1	BP
GO:1903726	negative regulation of phospholipid meta...	3	1	0.58	0.47504	1	BP
GO:2000049	positive regulation of cell-cell adhesio...	3	1	0.58	0.47504	1	BP
GO:0009312	oligosaccharide biosynthetic process	3	1	0.58	0.47504	1	BP
GO:0006113	fermentation	3	1	0.58	0.47504	1	BP
GO:0045005	DNA-templated DNA replication maintenanc...	3	1	0.58	0.47504	1	BP
GO:0060681	branch elongation involved in ureteric b...	3	1	0.58	0.47504	1	BP
GO:0051541	elastin metabolic process	3	1	0.58	0.47504	1	BP
GO:0060674	placenta blood vessel development	3	1	0.58	0.47504	1	BP
GO:0002320	lymphoid progenitor cell differentiation	3	1	0.58	0.47504	1	BP
GO:0002327	immature B cell differentiation	3	1	0.58	0.47504	1	BP
GO:0032964	collagen biosynthetic process	3	1	0.58	0.47504	1	BP
GO:0032958	inositol phosphate biosynthetic process	3	1	0.58	0.47504	1	BP
GO:0006264	mitochondrial DNA replication	3	1	0.58	0.47504	1	BP
GO:0006285	base-excision repair, AP site formation	3	1	0.58	0.47504	1	BP
GO:0006271	DNA strand elongation involved in DNA re...	3	1	0.58	0.47504	1	BP
GO:0032930	positive regulation of superoxide anion ...	3	1	0.58	0.47504	1	BP
GO:0071676	negative regulation of mononuclear cell ...	3	1	0.58	0.47504	1	BP
GO:1901096	regulation of autophagosome maturation	3	1	0.58	0.47504	1	BP
GO:0090073	positive regulation of protein homodimer...	3	1	0.58	0.47504	1	BP
GO:0032906	transforming growth factor beta2 product...	3	1	0.58	0.47504	1	BP
GO:1903599	positive regulation of autophagy of mito...	3	1	0.58	0.47504	1	BP
GO:0032909	regulation of transforming growth factor...	3	1	0.58	0.47504	1	BP
GO:0051645	Golgi localization	3	1	0.58	0.47504	1	BP
GO:0002412	antigen transcytosis by M cells in mucos...	3	1	0.58	0.47504	1	BP
GO:1903527	positive regulation of membrane tubulati...	3	1	0.58	0.47504	1	BP
GO:0030050	vesicle transport along actin filament	3	1	0.58	0.47504	1	BP
GO:0042463	ocellus photoreceptor cell development	3	1	0.58	0.47504	1	BP
GO:1901048	transforming growth factor beta receptor...	3	1	0.58	0.47504	1	BP
GO:0061003	positive regulation of dendritic spine m...	3	1	0.58	0.47504	1	BP
GO:1903539	protein localization to postsynaptic mem...	3	1	0.58	0.47504	1	BP
GO:0002404	antigen sampling in mucosal-associated l...	3	1	0.58	0.47504	1	BP
GO:0002406	antigen sampling by M cells in mucosal-a...	3	1	0.58	0.47504	1	BP
GO:0018149	peptide cross-linking	3	1	0.58	0.47504	1	BP
GO:0043584	nose development	3	1	0.58	0.47504	1	BP
GO:0046710	GDP metabolic process	3	1	0.58	0.47504	1	BP
GO:2000370	positive regulation of clathrin-dependen...	3	1	0.58	0.47504	1	BP
GO:0009299	mRNA transcription	3	1	0.58	0.47504	1	BP
GO:2000311	regulation of AMPA receptor activity	3	1	0.58	0.47504	1	BP
GO:0009263	deoxyribonucleotide biosynthetic process	3	1	0.58	0.47504	1	BP
GO:2000331	regulation of terminal button organizati...	3	1	0.58	0.47504	1	BP
GO:0006864	pyrimidine nucleotide transport	3	1	0.58	0.47504	1	BP
GO:0035922	foramen ovale closure	3	1	0.58	0.47504	1	BP
GO:0006878	cellular copper ion homeostasis	3	1	0.58	0.47504	1	BP
GO:0006828	manganese ion transport	3	1	0.58	0.47504	1	BP
GO:0009219	pyrimidine deoxyribonucleotide metabolic...	3	1	0.58	0.47504	1	BP
GO:0062237	protein localization to postsynapse	3	1	0.58	0.47504	1	BP
GO:0034453	microtubule anchoring	3	1	0.58	0.47504	1	BP
GO:0038203	TORC2 signaling	3	1	0.58	0.47504	1	BP
GO:0042102	positive regulation of T cell proliferat...	3	1	0.58	0.47504	1	BP
GO:0043649	dicarboxylic acid catabolic process	3	1	0.58	0.47504	1	BP
GO:0042269	regulation of natural killer cell mediat...	3	1	0.58	0.47504	1	BP
GO:0006564	L-serine biosynthetic process	3	1	0.58	0.47504	1	BP
GO:0097332	response to antipsychotic drug	3	1	0.58	0.47504	1	BP
GO:0097338	response to clozapine	3	1	0.58	0.47504	1	BP
GO:0006572	tyrosine catabolic process	3	1	0.58	0.47504	1	BP
GO:2000406	positive regulation of T cell migration	3	1	0.58	0.47504	1	BP
GO:0051957	positive regulation of amino acid transp...	3	1	0.58	0.47504	1	BP
GO:0090382	phagosome maturation	3	1	0.58	0.47504	1	BP
GO:0061355	Wnt protein secretion	3	1	0.58	0.47504	1	BP
GO:0061356	regulation of Wnt protein secretion	3	1	0.58	0.47504	1	BP
GO:0061357	positive regulation of Wnt protein secre...	3	1	0.58	0.47504	1	BP
GO:0006506	GPI anchor biosynthetic process	3	1	0.58	0.47504	1	BP
GO:0090331	negative regulation of platelet aggregat...	3	1	0.58	0.47504	1	BP
GO:0061312	BMP signaling pathway involved in heart ...	3	1	0.58	0.47504	1	BP
GO:0070471	uterine smooth muscle contraction	3	1	0.58	0.47504	1	BP
GO:0070472	regulation of uterine smooth muscle cont...	3	1	0.58	0.47504	1	BP
GO:0002715	regulation of natural killer cell mediat...	3	1	0.58	0.47504	1	BP
GO:0070417	cellular response to cold	3	1	0.58	0.47504	1	BP
GO:0045175	basal protein localization	3	1	0.58	0.47504	1	BP
GO:0006682	galactosylceramide biosynthetic process	3	1	0.58	0.47504	1	BP
GO:0006620	post-translational protein targeting to ...	3	1	0.58	0.47504	1	BP
GO:0042744	hydrogen peroxide catabolic process	3	1	0.58	0.47504	1	BP
GO:0031953	negative regulation of protein autophosp...	3	1	0.58	0.47504	1	BP
GO:0046664	dorsal closure, amnioserosa morphology c...	3	1	0.58	0.47504	1	BP
GO:0030302	deoxynucleotide transport	3	1	0.58	0.47504	1	BP
GO:0042705	ocellus photoreceptor cell differentiati...	3	1	0.58	0.47504	1	BP
GO:0030497	fatty acid elongation	3	1	0.58	0.47504	1	BP
GO:0046628	positive regulation of insulin receptor ...	3	1	0.58	0.47504	1	BP
GO:0034244	negative regulation of transcription elo...	3	1	0.58	0.47504	1	BP
GO:0097156	fasciculation of motor neuron axon	3	1	0.58	0.47504	1	BP
GO:1903980	positive regulation of microglial cell a...	3	1	0.58	0.47504	1	BP
GO:0002820	negative regulation of adaptive immune r...	3	1	0.58	0.47504	1	BP
GO:0002823	negative regulation of adaptive immune r...	3	1	0.58	0.47504	1	BP
GO:0070170	regulation of tooth mineralization	3	1	0.58	0.47504	1	BP
GO:1990169	stress response to copper ion	3	1	0.58	0.47504	1	BP
GO:1990182	exosomal secretion	3	1	0.58	0.47504	1	BP
GO:0061402	positive regulation of transcription fro...	3	1	0.58	0.47504	1	BP
GO:0016057	regulation of membrane potential in phot...	3	1	0.58	0.47504	1	BP
GO:0061196	fungiform papilla development	3	1	0.58	0.47504	1	BP
GO:0061158	3'-UTR-mediated mRNA destabilization	3	1	0.58	0.47504	1	BP
GO:0043981	histone H4-K5 acetylation	3	1	0.58	0.47504	1	BP
GO:0043982	histone H4-K8 acetylation	3	1	0.58	0.47504	1	BP
GO:0070262	peptidyl-serine dephosphorylation	3	1	0.58	0.47504	1	BP
GO:0045794	negative regulation of cell volume	3	1	0.58	0.47504	1	BP
GO:2000773	negative regulation of cellular senescen...	3	1	0.58	0.47504	1	BP
GO:0048060	negative gravitaxis	3	1	0.58	0.47504	1	BP
GO:1902668	negative regulation of axon guidance	3	1	0.58	0.47504	1	BP
GO:0048012	hepatocyte growth factor receptor signal...	3	1	0.58	0.47504	1	BP
GO:0072071	kidney interstitial fibroblast different...	3	1	0.58	0.47504	1	BP
GO:0072023	thick ascending limb development	3	1	0.58	0.47504	1	BP
GO:0072025	distal convoluted tubule development	3	1	0.58	0.47504	1	BP
GO:0042541	hemoglobin biosynthetic process	3	1	0.58	0.47504	1	BP
GO:0045737	positive regulation of cyclin-dependent ...	3	1	0.58	0.47504	1	BP
GO:0072010	glomerular epithelium development	3	1	0.58	0.47504	1	BP
GO:0072014	proximal tubule development	3	1	0.58	0.47504	1	BP
GO:0014866	skeletal myofibril assembly	3	1	0.58	0.47504	1	BP
GO:0050798	activated T cell proliferation	3	1	0.58	0.47504	1	BP
GO:0061218	negative regulation of mesonephros devel...	3	1	0.58	0.47504	1	BP
GO:0006999	nuclear pore organization	3	1	0.58	0.47504	1	BP
GO:1901223	negative regulation of NIK/NF-kappaB sig...	3	1	0.58	0.47504	1	BP
GO:0030252	growth hormone secretion	3	1	0.58	0.47504	1	BP
GO:0030259	lipid glycosylation	3	1	0.58	0.47504	1	BP
GO:0039019	pronephric nephron development	3	1	0.58	0.47504	1	BP
GO:0042684	cardioblast cell fate commitment	3	1	0.58	0.47504	1	BP
GO:0010269	response to selenium ion	3	1	0.58	0.47504	1	BP
GO:0097734	extracellular exosome biogenesis	3	1	0.58	0.47504	1	BP
GO:0030220	platelet formation	3	1	0.58	0.47504	1	BP
GO:0030212	hyaluronan metabolic process	3	1	0.58	0.47504	1	BP
GO:1901201	regulation of extracellular matrix assem...	3	1	0.58	0.47504	1	BP
GO:0045842	positive regulation of mitotic metaphase...	3	1	0.58	0.47504	1	BP
GO:1905521	regulation of macrophage migration	3	1	0.58	0.47504	1	BP
GO:0022616	DNA strand elongation	3	1	0.58	0.47504	1	BP
GO:0032011	ARF protein signal transduction	3	1	0.58	0.47504	1	BP
GO:0070861	regulation of protein exit from endoplas...	3	1	0.58	0.47504	1	BP
GO:0033197	response to vitamin E	3	1	0.58	0.47504	1	BP
GO:0061724	lipophagy	3	1	0.58	0.47504	1	BP
GO:1904081	positive regulation of transcription fro...	3	1	0.58	0.47504	1	BP
GO:0070875	positive regulation of glycogen metaboli...	3	1	0.58	0.47504	1	BP
GO:0046931	pore complex assembly	3	1	0.58	0.47504	1	BP
GO:0050856	regulation of T cell receptor signaling ...	3	1	0.58	0.47504	1	BP
GO:0034501	protein localization to kinetochore	3	1	0.58	0.47504	1	BP
GO:0045589	regulation of regulatory T cell differen...	3	1	0.58	0.47504	1	BP
GO:0036344	platelet morphogenesis	3	1	0.58	0.47504	1	BP
GO:0010562	positive regulation of phosphorus metabo...	162	32	31.3	0.47635	1	BP
GO:0045937	positive regulation of phosphate metabol...	162	32	31.3	0.47635	1	BP
GO:0033146	regulation of intracellular estrogen rec...	8	2	1.55	0.47685	1	BP
GO:0044062	regulation of excretion	8	2	1.55	0.47685	1	BP
GO:0098930	axonal transport	8	2	1.55	0.47685	1	BP
GO:0030859	polarized epithelial cell differentiatio...	8	2	1.55	0.47685	1	BP
GO:0030810	positive regulation of nucleotide biosyn...	8	2	1.55	0.47685	1	BP
GO:0061515	myeloid cell development	8	2	1.55	0.47685	1	BP
GO:0033762	response to glucagon	8	2	1.55	0.47685	1	BP
GO:0051084	'de novo' post-translational protein fol...	8	2	1.55	0.47685	1	BP
GO:0048168	regulation of neuronal synaptic plastici...	8	2	1.55	0.47685	1	BP
GO:1905953	negative regulation of lipid localizatio...	8	2	1.55	0.47685	1	BP
GO:0021603	cranial nerve formation	8	2	1.55	0.47685	1	BP
GO:0072243	metanephric nephron epithelium developme...	8	2	1.55	0.47685	1	BP
GO:0035313	wound healing, spreading of epidermal ce...	8	2	1.55	0.47685	1	BP
GO:0072207	metanephric epithelium development	8	2	1.55	0.47685	1	BP
GO:0050910	detection of mechanical stimulus involve...	8	2	1.55	0.47685	1	BP
GO:1900373	positive regulation of purine nucleotide...	8	2	1.55	0.47685	1	BP
GO:0071361	cellular response to ethanol	8	2	1.55	0.47685	1	BP
GO:0032225	regulation of synaptic transmission, dop...	8	2	1.55	0.47685	1	BP
GO:0071374	cellular response to parathyroid hormone...	8	2	1.55	0.47685	1	BP
GO:0071312	cellular response to alkaloid	8	2	1.55	0.47685	1	BP
GO:0032206	positive regulation of telomere maintena...	8	2	1.55	0.47685	1	BP
GO:0001963	synaptic transmission, dopaminergic	8	2	1.55	0.47685	1	BP
GO:0051339	regulation of lyase activity	8	2	1.55	0.47685	1	BP
GO:0071470	cellular response to osmotic stress	8	2	1.55	0.47685	1	BP
GO:0007156	homophilic cell adhesion via plasma memb...	8	2	1.55	0.47685	1	BP
GO:0031338	regulation of vesicle fusion	8	2	1.55	0.47685	1	BP
GO:1904705	regulation of vascular associated smooth...	8	2	1.55	0.47685	1	BP
GO:0021904	dorsal/ventral neural tube patterning	8	2	1.55	0.47685	1	BP
GO:0035283	central nervous system segmentation	8	2	1.55	0.47685	1	BP
GO:0035284	brain segmentation	8	2	1.55	0.47685	1	BP
GO:0007263	nitric oxide mediated signal transductio...	8	2	1.55	0.47685	1	BP
GO:0072665	protein localization to vacuole	8	2	1.55	0.47685	1	BP
GO:0060282	positive regulation of oocyte developmen...	8	2	1.55	0.47685	1	BP
GO:0031440	regulation of mRNA 3'-end processing	8	2	1.55	0.47685	1	BP
GO:0051231	spindle elongation	8	2	1.55	0.47685	1	BP
GO:0060742	epithelial cell differentiation involved...	8	2	1.55	0.47685	1	BP
GO:0003197	endocardial cushion development	8	2	1.55	0.47685	1	BP
GO:0006360	transcription by RNA polymerase I	8	2	1.55	0.47685	1	BP
GO:0071711	basement membrane organization	8	2	1.55	0.47685	1	BP
GO:0046326	positive regulation of glucose import	8	2	1.55	0.47685	1	BP
GO:0043123	positive regulation of I-kappaB kinase/N...	8	2	1.55	0.47685	1	BP
GO:1903715	regulation of aerobic respiration	8	2	1.55	0.47685	1	BP
GO:0071526	semaphorin-plexin signaling pathway	8	2	1.55	0.47685	1	BP
GO:0009301	snRNA transcription	8	2	1.55	0.47685	1	BP
GO:0006296	nucleotide-excision repair, DNA incision...	8	2	1.55	0.47685	1	BP
GO:0097035	regulation of membrane lipid distributio...	8	2	1.55	0.47685	1	BP
GO:0042423	catecholamine biosynthetic process	8	2	1.55	0.47685	1	BP
GO:1905331	negative regulation of morphogenesis of ...	8	2	1.55	0.47685	1	BP
GO:0035988	chondrocyte proliferation	8	2	1.55	0.47685	1	BP
GO:0045332	phospholipid translocation	8	2	1.55	0.47685	1	BP
GO:0046886	positive regulation of hormone biosynthe...	8	2	1.55	0.47685	1	BP
GO:0043647	inositol phosphate metabolic process	8	2	1.55	0.47685	1	BP
GO:0090398	cellular senescence	8	2	1.55	0.47685	1	BP
GO:0009713	catechol-containing compound biosyntheti...	8	2	1.55	0.47685	1	BP
GO:0051972	regulation of telomerase activity	8	2	1.55	0.47685	1	BP
GO:0051973	positive regulation of telomerase activi...	8	2	1.55	0.47685	1	BP
GO:0051926	negative regulation of calcium ion trans...	8	2	1.55	0.47685	1	BP
GO:0061323	cell proliferation involved in heart mor...	8	2	1.55	0.47685	1	BP
GO:0042795	snRNA transcription by RNA polymerase II	8	2	1.55	0.47685	1	BP
GO:0006695	cholesterol biosynthetic process	8	2	1.55	0.47685	1	BP
GO:2000136	regulation of cell proliferation involve...	8	2	1.55	0.47685	1	BP
GO:0046637	regulation of alpha-beta T cell differen...	8	2	1.55	0.47685	1	BP
GO:0034204	lipid translocation	8	2	1.55	0.47685	1	BP
GO:0036010	protein localization to endosome	8	2	1.55	0.47685	1	BP
GO:0002673	regulation of acute inflammatory respons...	8	2	1.55	0.47685	1	BP
GO:1901797	negative regulation of signal transducti...	8	2	1.55	0.47685	1	BP
GO:0032008	positive regulation of TOR signaling	8	2	1.55	0.47685	1	BP
GO:1901654	response to ketone	54	11	10.43	0.47709	1	BP
GO:0006952	defense response	193	38	37.29	0.47759	1	BP
GO:0034660	ncRNA metabolic process	90	18	17.39	0.47771	1	BP
GO:0033674	positive regulation of kinase activity	90	18	17.39	0.47771	1	BP
GO:0071396	cellular response to lipid	90	18	17.39	0.47771	1	BP
GO:0071407	cellular response to organic cyclic comp...	121	24	23.38	0.47993	1	BP
GO:1901605	alpha-amino acid metabolic process	49	10	9.47	0.48082	1	BP
GO:0035296	regulation of tube diameter	49	10	9.47	0.48082	1	BP
GO:0008037	cell recognition	49	10	9.47	0.48082	1	BP
GO:0030307	positive regulation of cell growth	44	9	8.5	0.48489	1	BP
GO:0010942	positive regulation of cell death	142	28	27.44	0.4866	1	BP
GO:0098542	defense response to other organism	137	27	26.47	0.48936	1	BP
GO:1903034	regulation of response to wounding	39	8	7.54	0.48937	1	BP
GO:0099504	synaptic vesicle cycle	39	8	7.54	0.48937	1	BP
GO:0048678	response to axon injury	39	8	7.54	0.48937	1	BP
GO:0090305	nucleic acid phosphodiester bond hydroly...	39	8	7.54	0.48937	1	BP
GO:0007162	negative regulation of cell adhesion	37	11	7.15	0.49058	1	BP
GO:2001233	regulation of apoptotic signaling pathwa...	70	14	13.52	0.49122	1	BP
GO:0042176	regulation of protein catabolic process	70	14	13.52	0.49122	1	BP
GO:2000113	negative regulation of cellular macromol...	256	50	49.46	0.49226	1	BP
GO:0040012	regulation of locomotion	206	46	39.8	0.49266	1	BP
GO:0001823	mesonephros development	34	7	6.57	0.49441	1	BP
GO:0048489	synaptic vesicle transport	34	7	6.57	0.49441	1	BP
GO:0072163	mesonephric epithelium development	34	7	6.57	0.49441	1	BP
GO:0072164	mesonephric tubule development	34	7	6.57	0.49441	1	BP
GO:0001657	ureteric bud development	34	7	6.57	0.49441	1	BP
GO:1903322	positive regulation of protein modificat...	34	7	6.57	0.49441	1	BP
GO:0070372	regulation of ERK1 and ERK2 cascade	34	7	6.57	0.49441	1	BP
GO:0046578	regulation of Ras protein signal transdu...	34	7	6.57	0.49441	1	BP
GO:0097479	synaptic vesicle localization	34	7	6.57	0.49441	1	BP
GO:0010171	body morphogenesis	34	7	6.57	0.49441	1	BP
GO:0002684	positive regulation of immune system pro...	84	19	16.23	0.49502	1	BP
GO:0070647	protein modification by small protein co...	158	31	30.53	0.49503	1	BP
GO:0007292	female gamete generation	158	31	30.53	0.49503	1	BP
GO:0007472	wing disc morphogenesis	65	13	12.56	0.49514	1	BP
GO:0002791	regulation of peptide secretion	96	19	18.55	0.49524	1	BP
GO:0048870	cell motility	303	59	58.54	0.49818	1	BP
GO:0015833	peptide transport	272	53	52.55	0.49858	1	BP
GO:0048762	mesenchymal cell differentiation	60	12	11.59	0.49936	1	BP
GO:0043087	regulation of GTPase activity	60	12	11.59	0.49936	1	BP
GO:0031401	positive regulation of protein modificat...	179	35	34.58	0.50002	1	BP
GO:0021782	glial cell development	29	6	5.6	0.50019	1	BP
GO:0008277	regulation of G protein-coupled receptor...	29	6	5.6	0.50019	1	BP
GO:0007480	imaginal disc-derived leg morphogenesis	29	6	5.6	0.50019	1	BP
GO:0007478	leg disc morphogenesis	29	6	5.6	0.50019	1	BP
GO:0043401	steroid hormone mediated signaling pathw...	29	6	5.6	0.50019	1	BP
GO:2000045	regulation of G1/S transition of mitotic...	29	6	5.6	0.50019	1	BP
GO:2000116	regulation of cysteine-type endopeptidas...	29	6	5.6	0.50019	1	BP
GO:0097191	extrinsic apoptotic signaling pathway	29	6	5.6	0.50019	1	BP
GO:0034767	positive regulation of ion transmembrane...	29	6	5.6	0.50019	1	BP
GO:0045860	positive regulation of protein kinase ac...	86	17	16.62	0.50241	1	BP
GO:0002793	positive regulation of peptide secretion	55	11	10.63	0.50393	1	BP
GO:0098813	nuclear chromosome segregation	55	11	10.63	0.50393	1	BP
GO:0040017	positive regulation of locomotion	112	22	21.64	0.50472	1	BP
GO:0002009	morphogenesis of an epithelium	257	50	49.66	0.50531	1	BP
GO:0009266	response to temperature stimulus	81	16	15.65	0.50631	1	BP
GO:1901655	cellular response to ketone	24	5	4.64	0.50702	1	BP
GO:0002062	chondrocyte differentiation	24	5	4.64	0.50702	1	BP
GO:0031102	neuron projection regeneration	24	5	4.64	0.50702	1	BP
GO:0031103	axon regeneration	24	5	4.64	0.50702	1	BP
GO:0043535	regulation of blood vessel endothelial c...	24	5	4.64	0.50702	1	BP
GO:0098754	detoxification	24	5	4.64	0.50702	1	BP
GO:0051983	regulation of chromosome segregation	24	5	4.64	0.50702	1	BP
GO:0051931	regulation of sensory perception	24	5	4.64	0.50702	1	BP
GO:0009888	tissue development	465	92	89.84	0.50799	1	BP
GO:0050714	positive regulation of protein secretion	50	10	9.66	0.50894	1	BP
GO:0051222	positive regulation of protein transport	76	15	14.68	0.51045	1	BP
GO:0002165	instar larval or pupal development	128	25	24.73	0.51303	1	BP
GO:0050896	response to stimulus	1181	241	228.18	0.51511	1	BP
GO:0030866	cortical actin cytoskeleton organization	19	4	3.67	0.51546	1	BP
GO:0007041	lysosomal transport	19	4	3.67	0.51546	1	BP
GO:0000041	transition metal ion transport	19	4	3.67	0.51546	1	BP
GO:0051445	regulation of meiotic cell cycle	19	4	3.67	0.51546	1	BP
GO:2001243	negative regulation of intrinsic apoptot...	19	4	3.67	0.51546	1	BP
GO:0051101	regulation of DNA binding	19	4	3.67	0.51546	1	BP
GO:0043484	regulation of RNA splicing	19	4	3.67	0.51546	1	BP
GO:0046470	phosphatidylcholine metabolic process	19	4	3.67	0.51546	1	BP
GO:0042398	cellular modified amino acid biosyntheti...	19	4	3.67	0.51546	1	BP
GO:0006892	post-Golgi vesicle-mediated transport	19	4	3.67	0.51546	1	BP
GO:0098869	cellular oxidant detoxification	19	4	3.67	0.51546	1	BP
GO:0045446	endothelial cell differentiation	19	4	3.67	0.51546	1	BP
GO:1902692	regulation of neuroblast proliferation	19	4	3.67	0.51546	1	BP
GO:0014896	muscle hypertrophy	19	4	3.67	0.51546	1	BP
GO:0002695	negative regulation of leukocyte activat...	19	4	3.67	0.51546	1	BP
GO:0002685	regulation of leukocyte migration	19	4	3.67	0.51546	1	BP
GO:0007568	aging	123	24	23.76	0.51642	1	BP
GO:0051098	regulation of binding	66	13	12.75	0.51963	1	BP
GO:0045637	regulation of myeloid cell differentiati...	38	10	7.34	0.5205	1	BP
GO:0051495	positive regulation of cytoskeleton orga...	38	10	7.34	0.5205	1	BP
GO:0033002	muscle cell proliferation	40	8	7.73	0.52071	1	BP
GO:0036211	protein modification process	564	109	108.97	0.52137	1	BP
GO:0042886	amide transport	274	53	52.94	0.52398	1	BP
GO:0001745	compound eye morphogenesis	61	12	11.79	0.52478	1	BP
GO:0050673	epithelial cell proliferation	61	12	11.79	0.52478	1	BP
GO:0007423	sensory organ development	217	42	41.93	0.52515	1	BP
GO:0006812	cation transport	204	45	39.41	0.52529	1	BP
GO:0045682	regulation of epidermis development	14	3	2.7	0.52665	1	BP
GO:0019395	fatty acid oxidation	14	3	2.7	0.52665	1	BP
GO:0051058	negative regulation of small GTPase medi...	14	3	2.7	0.52665	1	BP
GO:0000045	autophagosome assembly	14	3	2.7	0.52665	1	BP
GO:0048145	regulation of fibroblast proliferation	14	3	2.7	0.52665	1	BP
GO:0021695	cerebellar cortex development	14	3	2.7	0.52665	1	BP
GO:0048286	lung alveolus development	14	3	2.7	0.52665	1	BP
GO:0035316	non-sensory hair organization	14	3	2.7	0.52665	1	BP
GO:0007306	eggshell chorion assembly	14	3	2.7	0.52665	1	BP
GO:0071384	cellular response to corticosteroid stim...	14	3	2.7	0.52665	1	BP
GO:0071320	cellular response to cAMP	14	3	2.7	0.52665	1	BP
GO:0071346	cellular response to interferon-gamma	14	3	2.7	0.52665	1	BP
GO:0007484	imaginal disc-derived genitalia developm...	14	3	2.7	0.52665	1	BP
GO:0007485	imaginal disc-derived male genitalia dev...	14	3	2.7	0.52665	1	BP
GO:0060788	ectodermal placode formation	14	3	2.7	0.52665	1	BP
GO:0046324	regulation of glucose import	14	3	2.7	0.52665	1	BP
GO:1903201	regulation of oxidative stress-induced c...	14	3	2.7	0.52665	1	BP
GO:1905037	autophagosome organization	14	3	2.7	0.52665	1	BP
GO:0009309	amine biosynthetic process	14	3	2.7	0.52665	1	BP
GO:0042401	cellular biogenic amine biosynthetic pro...	14	3	2.7	0.52665	1	BP
GO:0098739	import across plasma membrane	14	3	2.7	0.52665	1	BP
GO:0034440	lipid oxidation	14	3	2.7	0.52665	1	BP
GO:0045475	locomotor rhythm	14	3	2.7	0.52665	1	BP
GO:0051965	positive regulation of synapse assembly	14	3	2.7	0.52665	1	BP
GO:0098815	modulation of excitatory postsynaptic po...	14	3	2.7	0.52665	1	BP
GO:0051932	synaptic transmission, GABAergic	14	3	2.7	0.52665	1	BP
GO:0031987	locomotion involved in locomotory behavi...	14	3	2.7	0.52665	1	BP
GO:0007420	brain development	186	36	35.94	0.5275	1	BP
GO:0035270	endocrine system development	35	7	6.76	0.52784	1	BP
GO:0006937	regulation of muscle contraction	35	7	6.76	0.52784	1	BP
GO:0006139	nucleobase-containing compound metabolic...	777	150	150.12	0.52784	1	BP
GO:0005996	monosaccharide metabolic process	56	11	10.82	0.53041	1	BP
GO:0010558	negative regulation of macromolecule bio...	259	50	50.04	0.53131	1	BP
GO:0051235	maintenance of location	77	15	14.88	0.53311	1	BP
GO:1904951	positive regulation of establishment of ...	77	15	14.88	0.53311	1	BP
GO:0001932	regulation of protein phosphorylation	202	39	39.03	0.53347	1	BP
GO:0051130	positive regulation of cellular componen...	222	45	42.89	0.5339	1	BP
GO:0031667	response to nutrient levels	124	24	23.96	0.53447	1	BP
GO:0010565	regulation of cellular ketone metabolic ...	30	6	5.8	0.5362	1	BP
GO:0021675	nerve development	30	6	5.8	0.5362	1	BP
GO:0050921	positive regulation of chemotaxis	30	6	5.8	0.5362	1	BP
GO:0006310	DNA recombination	30	6	5.8	0.5362	1	BP
GO:0009411	response to UV	30	6	5.8	0.5362	1	BP
GO:0046395	carboxylic acid catabolic process	51	10	9.85	0.53661	1	BP
GO:0016054	organic acid catabolic process	51	10	9.85	0.53661	1	BP
GO:0042127	regulation of cell population proliferat...	275	53	53.13	0.53661	1	BP
GO:0022402	cell cycle process	276	59	53.33	0.53664	1	BP
GO:0009607	response to biotic stimulus	192	37	37.1	0.53936	1	BP
GO:0009894	regulation of catabolic process	166	32	32.07	0.53989	1	BP
GO:0051129	negative regulation of cellular componen...	140	27	27.05	0.54081	1	BP
GO:0019932	second-messenger-mediated signaling	81	26	15.65	0.54112	1	BP
GO:0003006	developmental process involved in reprod...	317	61	61.25	0.54187	1	BP
GO:0006725	cellular aromatic compound metabolic pro...	820	158	158.43	0.54188	1	BP
GO:0008345	larval locomotory behavior	9	2	1.74	0.54345	1	BP
GO:0030888	regulation of B cell proliferation	9	2	1.74	0.54345	1	BP
GO:0010863	positive regulation of phospholipase C a...	9	2	1.74	0.54345	1	BP
GO:0010828	positive regulation of glucose transmemb...	9	2	1.74	0.54345	1	BP
GO:0035075	response to ecdysone	9	2	1.74	0.54345	1	BP
GO:0001556	oocyte maturation	9	2	1.74	0.54345	1	BP
GO:0016126	sterol biosynthetic process	9	2	1.74	0.54345	1	BP
GO:0007019	microtubule depolymerization	9	2	1.74	0.54345	1	BP
GO:0032352	positive regulation of hormone metabolic...	9	2	1.74	0.54345	1	BP
GO:0000018	regulation of DNA recombination	9	2	1.74	0.54345	1	BP
GO:0001662	behavioral fear response	9	2	1.74	0.54345	1	BP
GO:0010677	negative regulation of cellular carbohyd...	9	2	1.74	0.54345	1	BP
GO:0010633	negative regulation of epithelial cell m...	9	2	1.74	0.54345	1	BP
GO:0040009	regulation of growth rate	9	2	1.74	0.54345	1	BP
GO:0003084	positive regulation of systemic arterial...	9	2	1.74	0.54345	1	BP
GO:0050966	detection of mechanical stimulus involve...	9	2	1.74	0.54345	1	BP
GO:0033683	nucleotide-excision repair, DNA incision	9	2	1.74	0.54345	1	BP
GO:0060384	innervation	9	2	1.74	0.54345	1	BP
GO:0060323	head morphogenesis	9	2	1.74	0.54345	1	BP
GO:0048703	embryonic viscerocranium morphogenesis	9	2	1.74	0.54345	1	BP
GO:0035418	protein localization to synapse	9	2	1.74	0.54345	1	BP
GO:0086019	cell-cell signaling involved in cardiac ...	9	2	1.74	0.54345	1	BP
GO:0051310	metaphase plate congression	9	2	1.74	0.54345	1	BP
GO:0051307	meiotic chromosome separation	9	2	1.74	0.54345	1	BP
GO:0060438	trachea development	9	2	1.74	0.54345	1	BP
GO:1900182	positive regulation of protein localizat...	9	2	1.74	0.54345	1	BP
GO:0071107	response to parathyroid hormone	9	2	1.74	0.54345	1	BP
GO:0007223	Wnt signaling pathway, calcium modulatin...	9	2	1.74	0.54345	1	BP
GO:1900274	regulation of phospholipase C activity	9	2	1.74	0.54345	1	BP
GO:0038083	peptidyl-tyrosine autophosphorylation	9	2	1.74	0.54345	1	BP
GO:0044819	mitotic G1/S transition checkpoint signa...	9	2	1.74	0.54345	1	BP
GO:0003179	heart valve morphogenesis	9	2	1.74	0.54345	1	BP
GO:0031279	regulation of cyclase activity	9	2	1.74	0.54345	1	BP
GO:0015800	acidic amino acid transport	9	2	1.74	0.54345	1	BP
GO:1903793	positive regulation of anion transport	9	2	1.74	0.54345	1	BP
GO:0043267	negative regulation of potassium ion tra...	9	2	1.74	0.54345	1	BP
GO:0014075	response to amine	9	2	1.74	0.54345	1	BP
GO:0014047	glutamate secretion	9	2	1.74	0.54345	1	BP
GO:0046173	polyol biosynthetic process	9	2	1.74	0.54345	1	BP
GO:0031571	mitotic G1 DNA damage checkpoint signali...	9	2	1.74	0.54345	1	BP
GO:0018198	peptidyl-cysteine modification	9	2	1.74	0.54345	1	BP
GO:0010039	response to iron ion	9	2	1.74	0.54345	1	BP
GO:0034333	adherens junction assembly	9	2	1.74	0.54345	1	BP
GO:0006891	intra-Golgi vesicle-mediated transport	9	2	1.74	0.54345	1	BP
GO:0018208	peptidyl-proline modification	9	2	1.74	0.54345	1	BP
GO:0002209	behavioral defense response	9	2	1.74	0.54345	1	BP
GO:0051954	positive regulation of amine transport	9	2	1.74	0.54345	1	BP
GO:0006509	membrane protein ectodomain proteolysis	9	2	1.74	0.54345	1	BP
GO:0098801	regulation of renal system process	9	2	1.74	0.54345	1	BP
GO:0046688	response to copper ion	9	2	1.74	0.54345	1	BP
GO:0090183	regulation of kidney development	9	2	1.74	0.54345	1	BP
GO:1902653	secondary alcohol biosynthetic process	9	2	1.74	0.54345	1	BP
GO:0045747	positive regulation of Notch signaling p...	9	2	1.74	0.54345	1	BP
GO:0002688	regulation of leukocyte chemotaxis	9	2	1.74	0.54345	1	BP
GO:1904063	negative regulation of cation transmembr...	9	2	1.74	0.54345	1	BP
GO:0045599	negative regulation of fat cell differen...	9	2	1.74	0.54345	1	BP
GO:0034505	tooth mineralization	9	2	1.74	0.54345	1	BP
GO:1990874	vascular associated smooth muscle cell p...	9	2	1.74	0.54345	1	BP
GO:0001709	cell fate determination	46	9	8.89	0.54352	1	BP
GO:0050708	regulation of protein secretion	88	17	17	0.545	1	BP
GO:0050795	regulation of behavior	63	17	12.17	0.54578	1	BP
GO:0070555	response to interleukin-1	25	5	4.83	0.54633	1	BP
GO:0021549	cerebellum development	25	5	4.83	0.54633	1	BP
GO:0030968	endoplasmic reticulum unfolded protein r...	25	5	4.83	0.54633	1	BP
GO:0006090	pyruvate metabolic process	25	5	4.83	0.54633	1	BP
GO:0042051	compound eye photoreceptor development	25	5	4.83	0.54633	1	BP
GO:0050829	defense response to Gram-negative bacter...	25	5	4.83	0.54633	1	BP
GO:0034645	cellular macromolecule biosynthetic proc...	634	122	122.5	0.5464	1	BP
GO:0034641	cellular nitrogen compound metabolic pro...	879	171	169.83	0.54677	1	BP
GO:0048729	tissue morphogenesis	271	52	52.36	0.55175	1	BP
GO:0008610	lipid biosynthetic process	125	24	24.15	0.55236	1	BP
GO:0031329	regulation of cellular catabolic process	146	28	28.21	0.55388	1	BP
GO:0051049	regulation of transport	299	63	57.77	0.55517	1	BP
GO:0044843	cell cycle G1/S phase transition	57	11	11.01	0.55641	1	BP
GO:0006397	mRNA processing	57	11	11.01	0.55641	1	BP
GO:0007417	central nervous system development	235	45	45.4	0.55784	1	BP
GO:0045597	positive regulation of cell differentiat...	187	38	36.13	0.55821	1	BP
GO:0030865	cortical cytoskeleton organization	20	4	3.86	0.55919	1	BP
GO:0007028	cytoplasm organization	20	4	3.86	0.55919	1	BP
GO:0001676	long-chain fatty acid metabolic process	20	4	3.86	0.55919	1	BP
GO:0071356	cellular response to tumor necrosis fact...	20	4	3.86	0.55919	1	BP
GO:0043462	regulation of ATP-dependent activity	20	4	3.86	0.55919	1	BP
GO:0002028	regulation of sodium ion transport	20	4	3.86	0.55919	1	BP
GO:1904659	glucose transmembrane transport	20	4	3.86	0.55919	1	BP
GO:0014031	mesenchymal cell development	20	4	3.86	0.55919	1	BP
GO:0071696	ectodermal placode development	20	4	3.86	0.55919	1	BP
GO:0006289	nucleotide-excision repair	20	4	3.86	0.55919	1	BP
GO:0014855	striated muscle cell proliferation	20	4	3.86	0.55919	1	BP
GO:0010770	positive regulation of cell morphogenesi...	36	7	6.96	0.56039	1	BP
GO:0048284	organelle fusion	36	7	6.96	0.56039	1	BP
GO:0046488	phosphatidylinositol metabolic process	36	7	6.96	0.56039	1	BP
GO:0030178	negative regulation of Wnt signaling pat...	36	7	6.96	0.56039	1	BP
GO:0022407	regulation of cell-cell adhesion	52	10	10.05	0.56372	1	BP
GO:0045927	positive regulation of growth	110	21	21.25	0.56548	1	BP
GO:0044271	cellular nitrogen compound biosynthetic ...	662	127	127.91	0.56551	1	BP
GO:0010563	negative regulation of phosphorus metabo...	89	17	17.2	0.56588	1	BP
GO:0045936	negative regulation of phosphate metabol...	89	17	17.2	0.56588	1	BP
GO:0048514	blood vessel morphogenesis	89	17	17.2	0.56588	1	BP
GO:0034332	adherens junction organization	31	11	5.99	0.56711	1	BP
GO:0008355	olfactory learning	26	10	5.02	0.5672	1	BP
GO:0051260	protein homooligomerization	68	13	13.14	0.56754	1	BP
GO:1901360	organic cyclic compound metabolic proces...	849	163	164.04	0.5691	1	BP
GO:0098662	inorganic cation transmembrane transport	143	33	27.63	0.56973	1	BP
GO:0090598	male anatomical structure morphogenesis	31	6	5.99	0.57106	1	BP
GO:0007098	centrosome cycle	31	6	5.99	0.57106	1	BP
GO:0040025	vulval development	31	6	5.99	0.57106	1	BP
GO:0019229	regulation of vasoconstriction	31	6	5.99	0.57106	1	BP
GO:0097480	establishment of synaptic vesicle locali...	31	6	5.99	0.57106	1	BP
GO:0006661	phosphatidylinositol biosynthetic proces...	31	6	5.99	0.57106	1	BP
GO:0016052	carbohydrate catabolic process	31	6	5.99	0.57106	1	BP
GO:0043410	positive regulation of MAPK cascade	84	16	16.23	0.57146	1	BP
GO:0003018	vascular process in circulatory system	47	9	9.08	0.57189	1	BP
GO:0007584	response to nutrient	47	9	9.08	0.57189	1	BP
GO:0001934	positive regulation of protein phosphory...	142	27	27.44	0.57438	1	BP
GO:0007281	germ cell development	184	35	35.55	0.57534	1	BP
GO:0001655	urogenital system development	100	19	19.32	0.57536	1	BP
GO:1903829	positive regulation of protein localizat...	100	19	19.32	0.57536	1	BP
GO:0001774	microglial cell activation	4	1	0.77	0.57662	1	BP
GO:0016338	calcium-independent cell-cell adhesion v...	4	1	0.77	0.57662	1	BP
GO:0021796	cerebral cortex regionalization	4	1	0.77	0.57662	1	BP
GO:0055012	ventricular cardiac muscle cell differen...	4	1	0.77	0.57662	1	BP
GO:0010739	positive regulation of protein kinase A ...	4	1	0.77	0.57662	1	BP
GO:0036499	PERK-mediated unfolded protein response	4	1	0.77	0.57662	1	BP
GO:0021781	glial cell fate commitment	4	1	0.77	0.57662	1	BP
GO:0070571	negative regulation of neuron projection...	4	1	0.77	0.57662	1	BP
GO:1902992	negative regulation of amyloid precursor...	4	1	0.77	0.57662	1	BP
GO:2000649	regulation of sodium ion transmembrane t...	4	1	0.77	0.57662	1	BP
GO:0030889	negative regulation of B cell proliferat...	4	1	0.77	0.57662	1	BP
GO:0035099	hemocyte migration	4	1	0.77	0.57662	1	BP
GO:1902950	regulation of dendritic spine maintenanc...	4	1	0.77	0.57662	1	BP
GO:0030812	negative regulation of nucleotide catabo...	4	1	0.77	0.57662	1	BP
GO:0010881	regulation of cardiac muscle contraction...	4	1	0.77	0.57662	1	BP
GO:0061590	calcium activated phosphatidylcholine sc...	4	1	0.77	0.57662	1	BP
GO:0061591	calcium activated galactosylceramide scr...	4	1	0.77	0.57662	1	BP
GO:0097501	stress response to metal ion	4	1	0.77	0.57662	1	BP
GO:0030809	negative regulation of nucleotide biosyn...	4	1	0.77	0.57662	1	BP
GO:0061588	calcium activated phospholipid scramblin...	4	1	0.77	0.57662	1	BP
GO:0035011	melanotic encapsulation of foreign targe...	4	1	0.77	0.57662	1	BP
GO:0015074	DNA integration	4	1	0.77	0.57662	1	BP
GO:0007095	mitotic G2 DNA damage checkpoint signali...	4	1	0.77	0.57662	1	BP
GO:2001044	regulation of integrin-mediated signalin...	4	1	0.77	0.57662	1	BP
GO:0050686	negative regulation of mRNA processing	4	1	0.77	0.57662	1	BP
GO:0016180	snRNA processing	4	1	0.77	0.57662	1	BP
GO:0019374	galactolipid metabolic process	4	1	0.77	0.57662	1	BP
GO:0036148	phosphatidylglycerol acyl-chain remodeli...	4	1	0.77	0.57662	1	BP
GO:0002904	positive regulation of B cell apoptotic ...	4	1	0.77	0.57662	1	BP
GO:0030540	female genitalia development	4	1	0.77	0.57662	1	BP
GO:0007020	microtubule nucleation	4	1	0.77	0.57662	1	BP
GO:0019317	fucose catabolic process	4	1	0.77	0.57662	1	BP
GO:1900074	negative regulation of neuromuscular syn...	4	1	0.77	0.57662	1	BP
GO:0007035	vacuolar acidification	4	1	0.77	0.57662	1	BP
GO:0021593	rhombomere morphogenesis	4	1	0.77	0.57662	1	BP
GO:1904386	response to L-phenylalanine derivative	4	1	0.77	0.57662	1	BP
GO:0000076	DNA replication checkpoint signaling	4	1	0.77	0.57662	1	BP
GO:1904321	response to forskolin	4	1	0.77	0.57662	1	BP
GO:1904322	cellular response to forskolin	4	1	0.77	0.57662	1	BP
GO:0036270	response to diuretic	4	1	0.77	0.57662	1	BP
GO:0048169	regulation of long-term neuronal synapti...	4	1	0.77	0.57662	1	BP
GO:0021538	epithalamus development	4	1	0.77	0.57662	1	BP
GO:0001682	tRNA 5'-leader removal	4	1	0.77	0.57662	1	BP
GO:0072172	mesonephric tubule formation	4	1	0.77	0.57662	1	BP
GO:0032467	positive regulation of cytokinesis	4	1	0.77	0.57662	1	BP
GO:0032459	regulation of protein oligomerization	4	1	0.77	0.57662	1	BP
GO:0099116	tRNA 5'-end processing	4	1	0.77	0.57662	1	BP
GO:0044351	macropinocytosis	4	1	0.77	0.57662	1	BP
GO:0019401	alditol biosynthetic process	4	1	0.77	0.57662	1	BP
GO:0072102	glomerulus morphogenesis	4	1	0.77	0.57662	1	BP
GO:0005979	regulation of glycogen biosynthetic proc...	4	1	0.77	0.57662	1	BP
GO:0033564	anterior/posterior axon guidance	4	1	0.77	0.57662	1	BP
GO:0021670	lateral ventricle development	4	1	0.77	0.57662	1	BP
GO:1904424	regulation of GTP binding	4	1	0.77	0.57662	1	BP
GO:0031000	response to caffeine	4	1	0.77	0.57662	1	BP
GO:0050955	thermoception	4	1	0.77	0.57662	1	BP
GO:0106058	positive regulation of calcineurin-media...	4	1	0.77	0.57662	1	BP
GO:0048752	semicircular canal morphogenesis	4	1	0.77	0.57662	1	BP
GO:0007366	periodic partitioning by pair rule gene	4	1	0.77	0.57662	1	BP
GO:0043053	dauer entry	4	1	0.77	0.57662	1	BP
GO:0060351	cartilage development involved in endoch...	4	1	0.77	0.57662	1	BP
GO:0106020	regulation of vesicle docking	4	1	0.77	0.57662	1	BP
GO:0060317	cardiac epithelial to mesenchymal transi...	4	1	0.77	0.57662	1	BP
GO:1900372	negative regulation of purine nucleotide...	4	1	0.77	0.57662	1	BP
GO:0071390	cellular response to ecdysone	4	1	0.77	0.57662	1	BP
GO:0140467	integrated stress response signaling	4	1	0.77	0.57662	1	BP
GO:0060333	interferon-gamma-mediated signaling path...	4	1	0.77	0.57662	1	BP
GO:0071378	cellular response to growth hormone stim...	4	1	0.77	0.57662	1	BP
GO:0051386	regulation of neurotrophin TRK receptor ...	4	1	0.77	0.57662	1	BP
GO:0086012	membrane depolarization during cardiac m...	4	1	0.77	0.57662	1	BP
GO:0061900	glial cell activation	4	1	0.77	0.57662	1	BP
GO:0030970	retrograde protein transport, ER to cyto...	4	1	0.77	0.57662	1	BP
GO:0060456	positive regulation of digestive system ...	4	1	0.77	0.57662	1	BP
GO:0010962	regulation of glucan biosynthetic proces...	4	1	0.77	0.57662	1	BP
GO:0048875	chemical homeostasis within a tissue	4	1	0.77	0.57662	1	BP
GO:0048820	hair follicle maturation	4	1	0.77	0.57662	1	BP
GO:0048821	erythrocyte development	4	1	0.77	0.57662	1	BP
GO:0010984	regulation of lipoprotein particle clear...	4	1	0.77	0.57662	1	BP
GO:0030949	positive regulation of vascular endothel...	4	1	0.77	0.57662	1	BP
GO:0048819	regulation of hair follicle maturation	4	1	0.77	0.57662	1	BP
GO:0007426	tracheal outgrowth, open tracheal system	4	1	0.77	0.57662	1	BP
GO:0001927	exocyst assembly	4	1	0.77	0.57662	1	BP
GO:0001928	regulation of exocyst assembly	4	1	0.77	0.57662	1	BP
GO:0051305	chromosome movement towards spindle pole	4	1	0.77	0.57662	1	BP
GO:0001941	postsynaptic membrane organization	4	1	0.77	0.57662	1	BP
GO:0001937	negative regulation of endothelial cell ...	4	1	0.77	0.57662	1	BP
GO:0031392	regulation of prostaglandin biosynthetic...	4	1	0.77	0.57662	1	BP
GO:0031394	positive regulation of prostaglandin bio...	4	1	0.77	0.57662	1	BP
GO:0071455	cellular response to hyperoxia	4	1	0.77	0.57662	1	BP
GO:2001170	negative regulation of ATP biosynthetic ...	4	1	0.77	0.57662	1	BP
GO:0021986	habenula development	4	1	0.77	0.57662	1	BP
GO:0007190	activation of adenylate cyclase activity	4	1	0.77	0.57662	1	BP
GO:1904776	regulation of protein localization to ce...	4	1	0.77	0.57662	1	BP
GO:0071447	cellular response to hydroperoxide	4	1	0.77	0.57662	1	BP
GO:2001135	regulation of endocytic recycling	4	1	0.77	0.57662	1	BP
GO:0008535	respiratory chain complex IV assembly	4	1	0.77	0.57662	1	BP
GO:1900193	regulation of oocyte maturation	4	1	0.77	0.57662	1	BP
GO:1900195	positive regulation of oocyte maturation	4	1	0.77	0.57662	1	BP
GO:0007158	neuron cell-cell adhesion	4	1	0.77	0.57662	1	BP
GO:0007183	SMAD protein complex assembly	4	1	0.77	0.57662	1	BP
GO:0051447	negative regulation of meiotic cell cycl...	4	1	0.77	0.57662	1	BP
GO:0031343	positive regulation of cell killing	4	1	0.77	0.57662	1	BP
GO:0071404	cellular response to low-density lipopro...	4	1	0.77	0.57662	1	BP
GO:0072584	caveolin-mediated endocytosis	4	1	0.77	0.57662	1	BP
GO:1900181	negative regulation of protein localizat...	4	1	0.77	0.57662	1	BP
GO:0035288	anterior head segmentation	4	1	0.77	0.57662	1	BP
GO:0099515	actin filament-based transport	4	1	0.77	0.57662	1	BP
GO:2001280	positive regulation of unsaturated fatty...	4	1	0.77	0.57662	1	BP
GO:2001279	regulation of unsaturated fatty acid bio...	4	1	0.77	0.57662	1	BP
GO:0031468	nuclear membrane reassembly	4	1	0.77	0.57662	1	BP
GO:0051125	regulation of actin nucleation	4	1	0.77	0.57662	1	BP
GO:0031424	keratinization	4	1	0.77	0.57662	1	BP
GO:0048681	negative regulation of axon regeneration	4	1	0.77	0.57662	1	BP
GO:0032594	protein transport within lipid bilayer	4	1	0.77	0.57662	1	BP
GO:1904800	negative regulation of neuron remodeling	4	1	0.77	0.57662	1	BP
GO:0060242	contact inhibition	4	1	0.77	0.57662	1	BP
GO:0060244	negative regulation of cell proliferatio...	4	1	0.77	0.57662	1	BP
GO:0060245	detection of cell density	4	1	0.77	0.57662	1	BP
GO:0060232	delamination	4	1	0.77	0.57662	1	BP
GO:0044851	hair cycle phase	4	1	0.77	0.57662	1	BP
GO:0035729	cellular response to hepatocyte growth f...	4	1	0.77	0.57662	1	BP
GO:0051295	establishment of meiotic spindle localiz...	4	1	0.77	0.57662	1	BP
GO:0043302	positive regulation of leukocyte degranu...	4	1	0.77	0.57662	1	BP
GO:0032515	negative regulation of phosphoprotein ph...	4	1	0.77	0.57662	1	BP
GO:0009074	aromatic amino acid family catabolic pro...	4	1	0.77	0.57662	1	BP
GO:0009078	pyruvate family amino acid metabolic pro...	4	1	0.77	0.57662	1	BP
GO:0019692	deoxyribose phosphate metabolic process	4	1	0.77	0.57662	1	BP
GO:0044848	biological phase	4	1	0.77	0.57662	1	BP
GO:1902042	negative regulation of extrinsic apoptot...	4	1	0.77	0.57662	1	BP
GO:0002063	chondrocyte development	4	1	0.77	0.57662	1	BP
GO:0015705	iodide transport	4	1	0.77	0.57662	1	BP
GO:0019626	short-chain fatty acid catabolic process	4	1	0.77	0.57662	1	BP
GO:0002024	diet induced thermogenesis	4	1	0.77	0.57662	1	BP
GO:0002016	regulation of blood volume by renin-angi...	4	1	0.77	0.57662	1	BP
GO:1900740	positive regulation of protein insertion...	4	1	0.77	0.57662	1	BP
GO:0051798	positive regulation of hair follicle dev...	4	1	0.77	0.57662	1	BP
GO:1900739	regulation of protein insertion into mit...	4	1	0.77	0.57662	1	BP
GO:0003180	aortic valve morphogenesis	4	1	0.77	0.57662	1	BP
GO:0003188	heart valve formation	4	1	0.77	0.57662	1	BP
GO:0003175	tricuspid valve development	4	1	0.77	0.57662	1	BP
GO:0003176	aortic valve development	4	1	0.77	0.57662	1	BP
GO:0003146	heart jogging	4	1	0.77	0.57662	1	BP
GO:0035590	purinergic nucleotide receptor signaling...	4	1	0.77	0.57662	1	BP
GO:0046329	negative regulation of JNK cascade	4	1	0.77	0.57662	1	BP
GO:0043129	surfactant homeostasis	4	1	0.77	0.57662	1	BP
GO:0060831	smoothened signaling pathway involved in...	4	1	0.77	0.57662	1	BP
GO:0085029	extracellular matrix assembly	4	1	0.77	0.57662	1	BP
GO:0003211	cardiac ventricle formation	4	1	0.77	0.57662	1	BP
GO:0150076	neuroinflammatory response	4	1	0.77	0.57662	1	BP
GO:0150077	regulation of neuroinflammatory response	4	1	0.77	0.57662	1	BP
GO:0046475	glycerophospholipid catabolic process	4	1	0.77	0.57662	1	BP
GO:0009394	2'-deoxyribonucleotide metabolic process	4	1	0.77	0.57662	1	BP
GO:0007512	adult heart development	4	1	0.77	0.57662	1	BP
GO:0043249	erythrocyte maturation	4	1	0.77	0.57662	1	BP
GO:0014043	negative regulation of neuron maturation	4	1	0.77	0.57662	1	BP
GO:0045066	regulatory T cell differentiation	4	1	0.77	0.57662	1	BP
GO:2000047	regulation of cell-cell adhesion mediate...	4	1	0.77	0.57662	1	BP
GO:0045056	transcytosis	4	1	0.77	0.57662	1	BP
GO:0006114	glycerol biosynthetic process	4	1	0.77	0.57662	1	BP
GO:0006116	NADH oxidation	4	1	0.77	0.57662	1	BP
GO:0071545	inositol phosphate catabolic process	4	1	0.77	0.57662	1	BP
GO:0071549	cellular response to dexamethasone stimu...	4	1	0.77	0.57662	1	BP
GO:0009303	rRNA transcription	4	1	0.77	0.57662	1	BP
GO:1903861	positive regulation of dendrite extensio...	4	1	0.77	0.57662	1	BP
GO:0006103	2-oxoglutarate metabolic process	4	1	0.77	0.57662	1	BP
GO:0060676	ureteric bud formation	4	1	0.77	0.57662	1	BP
GO:0060677	ureteric bud elongation	4	1	0.77	0.57662	1	BP
GO:1903859	regulation of dendrite extension	4	1	0.77	0.57662	1	BP
GO:1902307	positive regulation of sodium ion transm...	4	1	0.77	0.57662	1	BP
GO:0006293	nucleotide-excision repair, preincision ...	4	1	0.77	0.57662	1	BP
GO:0009453	energy taxis	4	1	0.77	0.57662	1	BP
GO:0042354	L-fucose metabolic process	4	1	0.77	0.57662	1	BP
GO:0042355	L-fucose catabolic process	4	1	0.77	0.57662	1	BP
GO:0032928	regulation of superoxide anion generatio...	4	1	0.77	0.57662	1	BP
GO:0006270	DNA replication initiation	4	1	0.77	0.57662	1	BP
GO:0051654	establishment of mitochondrion localizat...	4	1	0.77	0.57662	1	BP
GO:0042331	phototaxis	4	1	0.77	0.57662	1	BP
GO:0061065	regulation of dauer larval development	4	1	0.77	0.57662	1	BP
GO:1902430	negative regulation of amyloid-beta form...	4	1	0.77	0.57662	1	BP
GO:0090038	negative regulation of protein kinase C ...	4	1	0.77	0.57662	1	BP
GO:0038166	angiotensin-activated signaling pathway	4	1	0.77	0.57662	1	BP
GO:1903513	endoplasmic reticulum to cytosol transpo...	4	1	0.77	0.57662	1	BP
GO:0042421	norepinephrine biosynthetic process	4	1	0.77	0.57662	1	BP
GO:0009129	pyrimidine nucleoside monophosphate meta...	4	1	0.77	0.57662	1	BP
GO:0042415	norepinephrine metabolic process	4	1	0.77	0.57662	1	BP
GO:1902170	cellular response to reactive nitrogen s...	4	1	0.77	0.57662	1	BP
GO:1902176	negative regulation of oxidative stress-...	4	1	0.77	0.57662	1	BP
GO:0009130	pyrimidine nucleoside monophosphate bios...	4	1	0.77	0.57662	1	BP
GO:0043558	regulation of translational initiation i...	4	1	0.77	0.57662	1	BP
GO:2000352	negative regulation of endothelial cell ...	4	1	0.77	0.57662	1	BP
GO:0034314	Arp2/3 complex-mediated actin nucleation	4	1	0.77	0.57662	1	BP
GO:0034315	regulation of Arp2/3 complex-mediated ac...	4	1	0.77	0.57662	1	BP
GO:0002183	cytoplasmic translational initiation	4	1	0.77	0.57662	1	BP
GO:0043518	negative regulation of DNA damage respon...	4	1	0.77	0.57662	1	BP
GO:0045324	late endosome to vacuole transport	4	1	0.77	0.57662	1	BP
GO:0045315	positive regulation of compound eye phot...	4	1	0.77	0.57662	1	BP
GO:1902221	erythrose 4-phosphate/phosphoenolpyruvat...	4	1	0.77	0.57662	1	BP
GO:1902222	erythrose 4-phosphate/phosphoenolpyruvat...	4	1	0.77	0.57662	1	BP
GO:0046855	inositol phosphate dephosphorylation	4	1	0.77	0.57662	1	BP
GO:0034471	ncRNA 5'-end processing	4	1	0.77	0.57662	1	BP
GO:0002269	leukocyte activation involved in inflamm...	4	1	0.77	0.57662	1	BP
GO:0046877	regulation of saliva secretion	4	1	0.77	0.57662	1	BP
GO:0046878	positive regulation of saliva secretion	4	1	0.77	0.57662	1	BP
GO:0070365	hepatocyte differentiation	4	1	0.77	0.57662	1	BP
GO:0002220	innate immune response activating cell s...	4	1	0.77	0.57662	1	BP
GO:0002223	stimulatory C-type lectin receptor signa...	4	1	0.77	0.57662	1	BP
GO:0097374	sensory neuron axon guidance	4	1	0.77	0.57662	1	BP
GO:0046838	phosphorylated carbohydrate dephosphoryl...	4	1	0.77	0.57662	1	BP
GO:0006560	proline metabolic process	4	1	0.77	0.57662	1	BP
GO:0006563	L-serine metabolic process	4	1	0.77	0.57662	1	BP
GO:0006558	L-phenylalanine metabolic process	4	1	0.77	0.57662	1	BP
GO:0006559	L-phenylalanine catabolic process	4	1	0.77	0.57662	1	BP
GO:0000966	RNA 5'-end processing	4	1	0.77	0.57662	1	BP
GO:1990314	cellular response to insulin-like growth...	4	1	0.77	0.57662	1	BP
GO:0002204	somatic recombination of immunoglobulin ...	4	1	0.77	0.57662	1	BP
GO:0002208	somatic diversification of immunoglobuli...	4	1	0.77	0.57662	1	BP
GO:2000404	regulation of T cell migration	4	1	0.77	0.57662	1	BP
GO:0006522	alanine metabolic process	4	1	0.77	0.57662	1	BP
GO:0006544	glycine metabolic process	4	1	0.77	0.57662	1	BP
GO:0006531	aspartate metabolic process	4	1	0.77	0.57662	1	BP
GO:0034111	negative regulation of homotypic cell-ce...	4	1	0.77	0.57662	1	BP
GO:0090330	regulation of platelet aggregation	4	1	0.77	0.57662	1	BP
GO:0045190	isotype switching	4	1	0.77	0.57662	1	BP
GO:0006691	leukotriene metabolic process	4	1	0.77	0.57662	1	BP
GO:0046533	negative regulation of photoreceptor cel...	4	1	0.77	0.57662	1	BP
GO:0030381	chorion-containing eggshell pattern form...	4	1	0.77	0.57662	1	BP
GO:0061303	cornea development in camera-type eye	4	1	0.77	0.57662	1	BP
GO:0006659	phosphatidylserine biosynthetic process	4	1	0.77	0.57662	1	BP
GO:0006681	galactosylceramide metabolic process	4	1	0.77	0.57662	1	BP
GO:0006688	glycosphingolipid biosynthetic process	4	1	0.77	0.57662	1	BP
GO:0045124	regulation of bone resorption	4	1	0.77	0.57662	1	BP
GO:0045116	protein neddylation	4	1	0.77	0.57662	1	BP
GO:0036098	male germ-line stem cell population main...	4	1	0.77	0.57662	1	BP
GO:0061478	response to platelet aggregation inhibit...	4	1	0.77	0.57662	1	BP
GO:1903978	regulation of microglial cell activation	4	1	0.77	0.57662	1	BP
GO:0046602	regulation of mitotic centrosome separat...	4	1	0.77	0.57662	1	BP
GO:0016082	synaptic vesicle priming	4	1	0.77	0.57662	1	BP
GO:0010457	centriole-centriole cohesion	4	1	0.77	0.57662	1	BP
GO:2000793	cell proliferation involved in heart val...	4	1	0.77	0.57662	1	BP
GO:0010446	response to alkaline pH	4	1	0.77	0.57662	1	BP
GO:2000765	regulation of cytoplasmic translation	4	1	0.77	0.57662	1	BP
GO:0008056	ocellus development	4	1	0.77	0.57662	1	BP
GO:2000772	regulation of cellular senescence	4	1	0.77	0.57662	1	BP
GO:0045762	positive regulation of adenylate cyclase...	4	1	0.77	0.57662	1	BP
GO:0070242	thymocyte apoptotic process	4	1	0.77	0.57662	1	BP
GO:0009650	UV protection	4	1	0.77	0.57662	1	BP
GO:2000737	negative regulation of stem cell differe...	4	1	0.77	0.57662	1	BP
GO:0070232	regulation of T cell apoptotic process	4	1	0.77	0.57662	1	BP
GO:0045723	positive regulation of fatty acid biosyn...	4	1	0.77	0.57662	1	BP
GO:2000810	regulation of bicellular tight junction ...	4	1	0.77	0.57662	1	BP
GO:0045820	negative regulation of glycolytic proces...	4	1	0.77	0.57662	1	BP
GO:0042635	positive regulation of hair cycle	4	1	0.77	0.57662	1	BP
GO:0032025	response to cobalt ion	4	1	0.77	0.57662	1	BP
GO:0070886	positive regulation of calcineurin-NFAT ...	4	1	0.77	0.57662	1	BP
GO:0055094	response to lipoprotein particle	4	1	0.77	0.57662	1	BP
GO:0033120	positive regulation of RNA splicing	4	1	0.77	0.57662	1	BP
GO:1904031	positive regulation of cyclin-dependent ...	4	1	0.77	0.57662	1	BP
GO:1904037	positive regulation of epithelial cell a...	4	1	0.77	0.57662	1	BP
GO:0010752	regulation of cGMP-mediated signaling	4	1	0.77	0.57662	1	BP
GO:0044091	membrane biogenesis	15	3	2.9	0.57676	1	BP
GO:0098900	regulation of action potential	15	3	2.9	0.57676	1	BP
GO:0070570	regulation of neuron projection regenera...	15	3	2.9	0.57676	1	BP
GO:0009954	proximal/distal pattern formation	15	3	2.9	0.57676	1	BP
GO:0001510	RNA methylation	15	3	2.9	0.57676	1	BP
GO:0060045	positive regulation of cardiac muscle ce...	15	3	2.9	0.57676	1	BP
GO:0048144	fibroblast proliferation	15	3	2.9	0.57676	1	BP
GO:0007398	ectoderm development	15	3	2.9	0.57676	1	BP
GO:1900407	regulation of cellular response to oxida...	15	3	2.9	0.57676	1	BP
GO:1900180	regulation of protein localization to nu...	15	3	2.9	0.57676	1	BP
GO:0048679	regulation of axon regeneration	15	3	2.9	0.57676	1	BP
GO:0051250	negative regulation of lymphocyte activa...	15	3	2.9	0.57676	1	BP
GO:0002042	cell migration involved in sprouting ang...	15	3	2.9	0.57676	1	BP
GO:0007614	short-term memory	15	3	2.9	0.57676	1	BP
GO:0050000	chromosome localization	15	3	2.9	0.57676	1	BP
GO:0051646	mitochondrion localization	15	3	2.9	0.57676	1	BP
GO:0051647	nucleus localization	15	3	2.9	0.57676	1	BP
GO:0002440	production of molecular mediator of immu...	15	3	2.9	0.57676	1	BP
GO:2000379	positive regulation of reactive oxygen s...	15	3	2.9	0.57676	1	BP
GO:1903670	regulation of sprouting angiogenesis	15	3	2.9	0.57676	1	BP
GO:0002224	toll-like receptor signaling pathway	15	3	2.9	0.57676	1	BP
GO:1902750	negative regulation of cell cycle G2/M p...	15	3	2.9	0.57676	1	BP
GO:1905207	regulation of cardiocyte differentiation	15	3	2.9	0.57676	1	BP
GO:0002822	regulation of adaptive immune response b...	15	3	2.9	0.57676	1	BP
GO:0002819	regulation of adaptive immune response	15	3	2.9	0.57676	1	BP
GO:0046916	cellular transition metal ion homeostasi...	15	3	2.9	0.57676	1	BP
GO:0001822	kidney development	79	15	15.26	0.57743	1	BP
GO:0065007	biological regulation	1455	293	281.12	0.57854	1	BP
GO:0043408	regulation of MAPK cascade	116	22	22.41	0.57919	1	BP
GO:0034329	cell junction assembly	106	29	20.48	0.58044	1	BP
GO:0070507	regulation of microtubule cytoskeleton o...	42	8	8.11	0.58117	1	BP
GO:0071897	DNA biosynthetic process	42	8	8.11	0.58117	1	BP
GO:0010506	regulation of autophagy	58	11	11.21	0.58186	1	BP
GO:0019221	cytokine-mediated signaling pathway	58	11	11.21	0.58186	1	BP
GO:0007219	Notch signaling pathway	58	11	11.21	0.58186	1	BP
GO:0042327	positive regulation of phosphorylation	153	29	29.56	0.5825	1	BP
GO:0007166	cell surface receptor signaling pathway	392	81	75.74	0.58317	1	BP
GO:0048468	cell development	554	115	107.04	0.58357	1	BP
GO:0010639	negative regulation of organelle organiz...	74	14	14.3	0.58385	1	BP
GO:0010821	regulation of mitochondrion organization	26	5	5.02	0.58409	1	BP
GO:0048806	genitalia development	26	5	5.02	0.58409	1	BP
GO:0031348	negative regulation of defense response	26	5	5.02	0.58409	1	BP
GO:0007297	ovarian follicle cell migration	26	5	5.02	0.58409	1	BP
GO:0007298	border follicle cell migration	26	5	5.02	0.58409	1	BP
GO:0003407	neural retina development	26	5	5.02	0.58409	1	BP
GO:0022037	metencephalon development	26	5	5.02	0.58409	1	BP
GO:0046330	positive regulation of JNK cascade	26	5	5.02	0.58409	1	BP
GO:2000060	positive regulation of ubiquitin-depende...	26	5	5.02	0.58409	1	BP
GO:0051301	cell division	111	21	21.45	0.58409	1	BP
GO:0050789	regulation of biological process	1371	277	264.89	0.58438	1	BP
GO:0031324	negative regulation of cellular metaboli...	399	76	77.09	0.58592	1	BP
GO:0098660	inorganic ion transmembrane transport	168	45	32.46	0.58821	1	BP
GO:0032970	regulation of actin filament-based proce...	67	15	12.95	0.58872	1	BP
GO:0050678	regulation of epithelial cell proliferat...	53	10	10.24	0.59016	1	BP
GO:0000302	response to reactive oxygen species	53	10	10.24	0.59016	1	BP
GO:1903320	regulation of protein modification by sm...	53	10	10.24	0.59016	1	BP
GO:0003014	renal system process	37	7	7.15	0.5919	1	BP
GO:0043542	endothelial cell migration	37	7	7.15	0.5919	1	BP
GO:0060993	kidney morphogenesis	37	7	7.15	0.5919	1	BP
GO:0050773	regulation of dendrite development	37	7	7.15	0.5919	1	BP
GO:0070997	neuron death	85	16	16.42	0.59248	1	BP
GO:0046649	lymphocyte activation	85	16	16.42	0.59248	1	BP
GO:0009057	macromolecule catabolic process	217	41	41.93	0.59714	1	BP
GO:1901652	response to peptide	117	22	22.61	0.5972	1	BP
GO:0051640	organelle localization	154	29	29.75	0.59835	1	BP
GO:0007476	imaginal disc-derived wing morphogenesis	64	12	12.37	0.59836	1	BP
GO:0008202	steroid metabolic process	48	9	9.27	0.59947	1	BP
GO:0030902	hindbrain development	48	9	9.27	0.59947	1	BP
GO:0002831	regulation of response to biotic stimulu...	48	9	9.27	0.59947	1	BP
GO:0005975	carbohydrate metabolic process	96	18	18.55	0.60045	1	BP
GO:0055076	transition metal ion homeostasis	21	4	4.06	0.60071	1	BP
GO:0008354	germ cell migration	21	4	4.06	0.60071	1	BP
GO:1901570	fatty acid derivative biosynthetic proce...	21	4	4.06	0.60071	1	BP
GO:0050670	regulation of lymphocyte proliferation	21	4	4.06	0.60071	1	BP
GO:0030510	regulation of BMP signaling pathway	21	4	4.06	0.60071	1	BP
GO:0001570	vasculogenesis	21	4	4.06	0.60071	1	BP
GO:0019748	secondary metabolic process	21	4	4.06	0.60071	1	BP
GO:0007419	ventral cord development	21	4	4.06	0.60071	1	BP
GO:0048520	positive regulation of behavior	21	4	4.06	0.60071	1	BP
GO:0060119	inner ear receptor cell development	21	4	4.06	0.60071	1	BP
GO:0014032	neural crest cell development	21	4	4.06	0.60071	1	BP
GO:1903707	negative regulation of hemopoiesis	21	4	4.06	0.60071	1	BP
GO:0046165	alcohol biosynthetic process	21	4	4.06	0.60071	1	BP
GO:0032944	regulation of mononuclear cell prolifera...	21	4	4.06	0.60071	1	BP
GO:0043500	muscle adaptation	21	4	4.06	0.60071	1	BP
GO:1902667	regulation of axon guidance	21	4	4.06	0.60071	1	BP
GO:0050772	positive regulation of axonogenesis	21	4	4.06	0.60071	1	BP
GO:2000573	positive regulation of DNA biosynthetic ...	21	4	4.06	0.60071	1	BP
GO:2000145	regulation of cell motility	149	28	28.79	0.60264	1	BP
GO:0033137	negative regulation of peptidyl-serine p...	10	2	1.93	0.60392	1	BP
GO:0044088	regulation of vacuole organization	10	2	1.93	0.60392	1	BP
GO:0120033	negative regulation of plasma membrane b...	10	2	1.93	0.60392	1	BP
GO:0070633	transepithelial transport	10	2	1.93	0.60392	1	BP
GO:0019371	cyclooxygenase pathway	10	2	1.93	0.60392	1	BP
GO:0060025	regulation of synaptic activity	10	2	1.93	0.60392	1	BP
GO:0060037	pharyngeal system development	10	2	1.93	0.60392	1	BP
GO:0033866	nucleoside bisphosphate biosynthetic pro...	10	2	1.93	0.60392	1	BP
GO:0051057	positive regulation of small GTPase medi...	10	2	1.93	0.60392	1	BP
GO:0045981	positive regulation of nucleotide metabo...	10	2	1.93	0.60392	1	BP
GO:0014904	myotube cell development	10	2	1.93	0.60392	1	BP
GO:0044458	motile cilium assembly	10	2	1.93	0.60392	1	BP
GO:0060324	face development	10	2	1.93	0.60392	1	BP
GO:0048741	skeletal muscle fiber development	10	2	1.93	0.60392	1	BP
GO:0001990	regulation of systemic arterial blood pr...	10	2	1.93	0.60392	1	BP
GO:0001964	startle response	10	2	1.93	0.60392	1	BP
GO:0007474	imaginal disc-derived wing vein specific...	10	2	1.93	0.60392	1	BP
GO:0048841	regulation of axon extension involved in...	10	2	1.93	0.60392	1	BP
GO:0072553	terminal button organization	10	2	1.93	0.60392	1	BP
GO:0043367	CD4-positive, alpha-beta T cell differen...	10	2	1.93	0.60392	1	BP
GO:0035710	CD4-positive, alpha-beta T cell activati...	10	2	1.93	0.60392	1	BP
GO:0043457	regulation of cellular respiration	10	2	1.93	0.60392	1	BP
GO:0031111	negative regulation of microtubule polym...	10	2	1.93	0.60392	1	BP
GO:0002026	regulation of the force of heart contrac...	10	2	1.93	0.60392	1	BP
GO:0006368	transcription elongation by RNA polymera...	10	2	1.93	0.60392	1	BP
GO:0042044	fluid transport	10	2	1.93	0.60392	1	BP
GO:0006458	'de novo' protein folding	10	2	1.93	0.60392	1	BP
GO:0034030	ribonucleoside bisphosphate biosynthetic...	10	2	1.93	0.60392	1	BP
GO:0034033	purine nucleoside bisphosphate biosynthe...	10	2	1.93	0.60392	1	BP
GO:0007549	dosage compensation	10	2	1.93	0.60392	1	BP
GO:1900544	positive regulation of purine nucleotide...	10	2	1.93	0.60392	1	BP
GO:0046164	alcohol catabolic process	10	2	1.93	0.60392	1	BP
GO:0060603	mammary gland duct morphogenesis	10	2	1.93	0.60392	1	BP
GO:0071679	commissural neuron axon guidance	10	2	1.93	0.60392	1	BP
GO:0061014	positive regulation of mRNA catabolic pr...	10	2	1.93	0.60392	1	BP
GO:0042430	indole-containing compound metabolic pro...	10	2	1.93	0.60392	1	BP
GO:0097366	response to bronchodilator	10	2	1.93	0.60392	1	BP
GO:0051984	positive regulation of chromosome segreg...	10	2	1.93	0.60392	1	BP
GO:0046579	positive regulation of Ras protein signa...	10	2	1.93	0.60392	1	BP
GO:0046503	glycerolipid catabolic process	10	2	1.93	0.60392	1	BP
GO:0006656	phosphatidylcholine biosynthetic process	10	2	1.93	0.60392	1	BP
GO:2000273	positive regulation of signaling recepto...	10	2	1.93	0.60392	1	BP
GO:0046634	regulation of alpha-beta T cell activati...	10	2	1.93	0.60392	1	BP
GO:0061157	mRNA destabilization	10	2	1.93	0.60392	1	BP
GO:2000785	regulation of autophagosome assembly	10	2	1.93	0.60392	1	BP
GO:1905881	positive regulation of oogenesis	10	2	1.93	0.60392	1	BP
GO:0070741	response to interleukin-6	10	2	1.93	0.60392	1	BP
GO:0050779	RNA destabilization	10	2	1.93	0.60392	1	BP
GO:0032088	negative regulation of NF-kappaB transcr...	10	2	1.93	0.60392	1	BP
GO:0045598	regulation of fat cell differentiation	10	2	1.93	0.60392	1	BP
GO:0034502	protein localization to chromosome	10	2	1.93	0.60392	1	BP
GO:0010765	positive regulation of sodium ion transp...	10	2	1.93	0.60392	1	BP
GO:0006955	immune response	207	39	39.99	0.604	1	BP
GO:0051707	response to other organism	186	35	35.94	0.6045	1	BP
GO:0043207	response to external biotic stimulus	186	35	35.94	0.6045	1	BP
GO:0035050	embryonic heart tube development	32	6	6.18	0.6046	1	BP
GO:0010212	response to ionizing radiation	32	6	6.18	0.6046	1	BP
GO:0006066	alcohol metabolic process	59	11	11.4	0.60667	1	BP
GO:0050865	regulation of cell activation	59	11	11.4	0.60667	1	BP
GO:0010468	regulation of gene expression	599	114	115.73	0.6069	1	BP
GO:0009059	macromolecule biosynthetic process	651	124	125.78	0.60696	1	BP
GO:0010638	positive regulation of organelle organiz...	100	21	19.32	0.608	1	BP
GO:0006974	cellular response to DNA damage stimulus	128	27	24.73	0.60895	1	BP
GO:0050900	leukocyte migration	43	8	8.31	0.61004	1	BP
GO:0048706	embryonic skeletal system development	43	8	8.31	0.61004	1	BP
GO:0051249	regulation of lymphocyte activation	43	8	8.31	0.61004	1	BP
GO:0010817	regulation of hormone levels	113	24	21.83	0.61058	1	BP
GO:0007005	mitochondrion organization	86	16	16.62	0.61307	1	BP
GO:0009953	dorsal/ventral pattern formation	70	13	13.52	0.61351	1	BP
GO:0060537	muscle tissue development	102	19	19.71	0.61367	1	BP
GO:0051650	establishment of vesicle localization	54	10	10.43	0.61586	1	BP
GO:0051648	vesicle localization	54	10	10.43	0.61586	1	BP
GO:0060284	regulation of cell development	229	43	44.25	0.61695	1	BP
GO:0045892	negative regulation of DNA-templated tra...	229	43	44.25	0.61695	1	BP
GO:0022603	regulation of anatomical structure morph...	208	39	40.19	0.61765	1	BP
GO:0014706	striated muscle tissue development	97	18	18.74	0.61978	1	BP
GO:0035220	wing disc development	81	15	15.65	0.62003	1	BP
GO:0030509	BMP signaling pathway	27	5	5.22	0.62009	1	BP
GO:0007009	plasma membrane organization	27	5	5.22	0.62009	1	BP
GO:0033555	multicellular organismal response to str...	27	5	5.22	0.62009	1	BP
GO:0001947	heart looping	27	5	5.22	0.62009	1	BP
GO:0032874	positive regulation of stress-activated ...	27	5	5.22	0.62009	1	BP
GO:0048660	regulation of smooth muscle cell prolife...	27	5	5.22	0.62009	1	BP
GO:0009063	cellular amino acid catabolic process	27	5	5.22	0.62009	1	BP
GO:0070304	positive regulation of stress-activated ...	27	5	5.22	0.62009	1	BP
GO:0051952	regulation of amine transport	27	5	5.22	0.62009	1	BP
GO:0008593	regulation of Notch signaling pathway	38	7	7.34	0.62225	1	BP
GO:0090092	regulation of transmembrane receptor pro...	38	7	7.34	0.62225	1	BP
GO:0017038	protein import	38	7	7.34	0.62225	1	BP
GO:0001751	compound eye photoreceptor cell differen...	38	7	7.34	0.62225	1	BP
GO:0060429	epithelium development	387	75	74.77	0.6228	1	BP
GO:0008283	cell population proliferation	345	65	66.66	0.62333	1	BP
GO:0051239	regulation of multicellular organismal p...	569	120	109.94	0.62339	1	BP
GO:0001895	retina homeostasis	16	3	3.09	0.62341	1	BP
GO:0010827	regulation of glucose transmembrane tran...	16	3	3.09	0.62341	1	BP
GO:0060043	regulation of cardiac muscle cell prolif...	16	3	3.09	0.62341	1	BP
GO:0021532	neural tube patterning	16	3	3.09	0.62341	1	BP
GO:0099172	presynapse organization	16	3	3.09	0.62341	1	BP
GO:1901998	toxin transport	16	3	3.09	0.62341	1	BP
GO:0010951	negative regulation of endopeptidase act...	16	3	3.09	0.62341	1	BP
GO:0032781	positive regulation of ATP-dependent act...	16	3	3.09	0.62341	1	BP
GO:0006027	glycosaminoglycan catabolic process	16	3	3.09	0.62341	1	BP
GO:1903350	response to dopamine	16	3	3.09	0.62341	1	BP
GO:1903351	cellular response to dopamine	16	3	3.09	0.62341	1	BP
GO:0007280	pole cell migration	16	3	3.09	0.62341	1	BP
GO:0048641	regulation of skeletal muscle tissue dev...	16	3	3.09	0.62341	1	BP
GO:0062014	negative regulation of small molecule me...	16	3	3.09	0.62341	1	BP
GO:0051785	positive regulation of nuclear division	16	3	3.09	0.62341	1	BP
GO:0003148	outflow tract septum morphogenesis	16	3	3.09	0.62341	1	BP
GO:0051865	protein autoubiquitination	16	3	3.09	0.62341	1	BP
GO:0007501	mesodermal cell fate specification	16	3	3.09	0.62341	1	BP
GO:0034341	response to interferon-gamma	16	3	3.09	0.62341	1	BP
GO:0042147	retrograde transport, endosome to Golgi	16	3	3.09	0.62341	1	BP
GO:0034446	substrate adhesion-dependent cell spread...	16	3	3.09	0.62341	1	BP
GO:0010466	negative regulation of peptidase activit...	16	3	3.09	0.62341	1	BP
GO:0048024	regulation of mRNA splicing, via spliceo...	16	3	3.09	0.62341	1	BP
GO:0006940	regulation of smooth muscle contraction	16	3	3.09	0.62341	1	BP
GO:0060041	retina development in camera-type eye	49	9	9.47	0.62616	1	BP
GO:0044706	multi-multicellular organism process	49	9	9.47	0.62616	1	BP
GO:0002683	negative regulation of immune system pro...	49	9	9.47	0.62616	1	BP
GO:0016071	mRNA metabolic process	92	17	17.78	0.62627	1	BP
GO:0060341	regulation of cellular localization	235	44	45.4	0.62645	1	BP
GO:0044283	small molecule biosynthetic process	124	23	23.96	0.62679	1	BP
GO:0051674	localization of cell	214	40	41.35	0.62744	1	BP
GO:0048699	generation of neurons	415	94	80.18	0.62756	1	BP
GO:1903047	mitotic cell cycle process	176	36	34	0.62781	1	BP
GO:0010810	regulation of cell-substrate adhesion	30	9	5.8	0.63205	1	BP
GO:0051961	negative regulation of nervous system de...	103	19	19.9	0.63225	1	BP
GO:0046903	secretion	284	59	54.87	0.63232	1	BP
GO:0008544	epidermis development	87	16	16.81	0.63318	1	BP
GO:0050890	cognition	110	25	21.25	0.63375	1	BP
GO:0006886	intracellular protein transport	151	28	29.17	0.63398	1	BP
GO:1901701	cellular response to oxygen-containing c...	204	38	39.41	0.63487	1	BP
GO:0044770	cell cycle phase transition	117	28	22.61	0.63523	1	BP
GO:0007399	nervous system development	563	121	108.78	0.63661	1	BP
GO:0044242	cellular lipid catabolic process	33	6	6.38	0.63667	1	BP
GO:0007266	Rho protein signal transduction	33	6	6.38	0.63667	1	BP
GO:0042310	vasoconstriction	33	6	6.38	0.63667	1	BP
GO:0009755	hormone-mediated signaling pathway	33	6	6.38	0.63667	1	BP
GO:0048640	negative regulation of developmental gro...	44	8	8.5	0.63785	1	BP
GO:0051216	cartilage development	44	8	8.5	0.63785	1	BP
GO:0051651	maintenance of location in cell	44	8	8.5	0.63785	1	BP
GO:1902850	microtubule cytoskeleton organization in...	44	8	8.5	0.63785	1	BP
GO:0006909	phagocytosis	44	8	8.5	0.63785	1	BP
GO:0051603	proteolysis involved in protein cataboli...	114	21	22.03	0.63801	1	BP
GO:0097696	receptor signaling pathway via STAT	22	4	4.25	0.63979	1	BP
GO:0070663	regulation of leukocyte proliferation	22	4	4.25	0.63979	1	BP
GO:0003073	regulation of systemic arterial blood pr...	22	4	4.25	0.63979	1	BP
GO:0008645	hexose transmembrane transport	22	4	4.25	0.63979	1	BP
GO:0007259	receptor signaling pathway via JAK-STAT	22	4	4.25	0.63979	1	BP
GO:0002460	adaptive immune response based on somati...	22	4	4.25	0.63979	1	BP
GO:0051930	regulation of sensory perception of pain	22	4	4.25	0.63979	1	BP
GO:0021915	neural tube development	55	10	10.63	0.64074	1	BP
GO:0032886	regulation of microtubule-based process	55	10	10.63	0.64074	1	BP
GO:0043414	macromolecule methylation	55	10	10.63	0.64074	1	BP
GO:0006417	regulation of translation	55	10	10.63	0.64074	1	BP
GO:0002694	regulation of leukocyte activation	55	10	10.63	0.64074	1	BP
GO:1903507	negative regulation of nucleic acid-temp...	231	43	44.63	0.64262	1	BP
GO:1902679	negative regulation of RNA biosynthetic ...	231	43	44.63	0.64262	1	BP
GO:0045055	regulated exocytosis	109	20	21.06	0.64405	1	BP
GO:0051259	protein complex oligomerization	108	24	20.87	0.64438	1	BP
GO:0007059	chromosome segregation	66	12	12.75	0.64442	1	BP
GO:0003007	heart morphogenesis	66	12	12.75	0.64442	1	BP
GO:0016477	cell migration	284	53	54.87	0.64597	1	BP
GO:0000075	cell cycle checkpoint signaling	32	9	6.18	0.64617	1	BP
GO:0050804	modulation of chemical synaptic transmis...	107	31	20.67	0.64716	1	BP
GO:0099177	regulation of trans-synaptic signaling	107	31	20.67	0.64716	1	BP
GO:0031347	regulation of defense response	77	14	14.88	0.6485	1	BP
GO:0046394	carboxylic acid biosynthetic process	77	14	14.88	0.6485	1	BP
GO:0016053	organic acid biosynthetic process	77	14	14.88	0.6485	1	BP
GO:0045595	regulation of cell differentiation	342	66	66.08	0.64905	1	BP
GO:0006915	apoptotic process	279	52	53.91	0.64907	1	BP
GO:2001234	negative regulation of apoptotic signali...	39	7	7.54	0.65132	1	BP
GO:0055001	muscle cell development	50	9	9.66	0.6519	1	BP
GO:0045785	positive regulation of cell adhesion	50	9	9.66	0.6519	1	BP
GO:0030705	cytoskeleton-dependent intracellular tra...	29	11	5.6	0.65281	1	BP
GO:0035150	regulation of tube size	61	11	11.79	0.65407	1	BP
GO:0072089	stem cell proliferation	61	11	11.79	0.65407	1	BP
GO:0034620	cellular response to unfolded protein	28	5	5.41	0.65418	1	BP
GO:1903052	positive regulation of proteolysis invol...	28	5	5.41	0.65418	1	BP
GO:1903037	regulation of leukocyte cell-cell adhesi...	28	5	5.41	0.65418	1	BP
GO:0048864	stem cell development	28	5	5.41	0.65418	1	BP
GO:0048659	smooth muscle cell proliferation	28	5	5.41	0.65418	1	BP
GO:0003143	embryonic heart tube morphogenesis	28	5	5.41	0.65418	1	BP
GO:0014033	neural crest cell differentiation	28	5	5.41	0.65418	1	BP
GO:0071495	cellular response to endogenous stimulus	269	50	51.97	0.65543	1	BP
GO:0048469	cell maturation	76	20	14.68	0.65601	1	BP
GO:0045639	positive regulation of myeloid cell diff...	8	4	1.55	0.65601	1	BP
GO:0044772	mitotic cell cycle phase transition	97	21	18.74	0.65652	1	BP
GO:0032103	positive regulation of response to exter...	72	13	13.91	0.65707	1	BP
GO:0060485	mesenchyme development	72	13	13.91	0.65707	1	BP
GO:0071214	cellular response to abiotic stimulus	72	13	13.91	0.65707	1	BP
GO:0104004	cellular response to environmental stimu...	72	13	13.91	0.65707	1	BP
GO:0033143	regulation of intracellular steroid horm...	11	2	2.13	0.65812	1	BP
GO:0009996	negative regulation of cell fate specifi...	11	2	2.13	0.65812	1	BP
GO:0070572	positive regulation of neuron projection...	11	2	2.13	0.65812	1	BP
GO:0048311	mitochondrion distribution	11	2	2.13	0.65812	1	BP
GO:0010822	positive regulation of mitochondrion org...	11	2	2.13	0.65812	1	BP
GO:0010823	negative regulation of mitochondrion org...	11	2	2.13	0.65812	1	BP
GO:0021871	forebrain regionalization	11	2	2.13	0.65812	1	BP
GO:1901659	glycosyl compound biosynthetic process	11	2	2.13	0.65812	1	BP
GO:0032330	regulation of chondrocyte differentiatio...	11	2	2.13	0.65812	1	BP
GO:0019432	triglyceride biosynthetic process	11	2	2.13	0.65812	1	BP
GO:0032413	negative regulation of ion transmembrane...	11	2	2.13	0.65812	1	BP
GO:0014911	positive regulation of smooth muscle cel...	11	2	2.13	0.65812	1	BP
GO:0048260	positive regulation of receptor-mediated...	11	2	2.13	0.65812	1	BP
GO:0003044	regulation of systemic arterial blood pr...	11	2	2.13	0.65812	1	BP
GO:0033619	membrane protein proteolysis	11	2	2.13	0.65812	1	BP
GO:0050918	positive chemotaxis	11	2	2.13	0.65812	1	BP
GO:0007455	eye-antennal disc morphogenesis	11	2	2.13	0.65812	1	BP
GO:0001945	lymph vessel development	11	2	2.13	0.65812	1	BP
GO:0072527	pyrimidine-containing compound metabolic...	11	2	2.13	0.65812	1	BP
GO:0048536	spleen development	11	2	2.13	0.65812	1	BP
GO:0035285	appendage segmentation	11	2	2.13	0.65812	1	BP
GO:0016601	Rac protein signal transduction	11	2	2.13	0.65812	1	BP
GO:2001239	regulation of extrinsic apoptotic signal...	11	2	2.13	0.65812	1	BP
GO:0048680	positive regulation of axon regeneration	11	2	2.13	0.65812	1	BP
GO:0032570	response to progesterone	11	2	2.13	0.65812	1	BP
GO:0031122	cytoplasmic microtubule organization	11	2	2.13	0.65812	1	BP
GO:0043486	histone exchange	11	2	2.13	0.65812	1	BP
GO:0060740	prostate gland epithelium morphogenesis	11	2	2.13	0.65812	1	BP
GO:0046460	neutral lipid biosynthetic process	11	2	2.13	0.65812	1	BP
GO:0046463	acylglycerol biosynthetic process	11	2	2.13	0.65812	1	BP
GO:0060512	prostate gland morphogenesis	11	2	2.13	0.65812	1	BP
GO:0014015	positive regulation of gliogenesis	11	2	2.13	0.65812	1	BP
GO:0009163	nucleoside biosynthetic process	11	2	2.13	0.65812	1	BP
GO:0042455	ribonucleoside biosynthetic process	11	2	2.13	0.65812	1	BP
GO:0017001	antibiotic catabolic process	11	2	2.13	0.65812	1	BP
GO:0006879	cellular iron ion homeostasis	11	2	2.13	0.65812	1	BP
GO:0046885	regulation of hormone biosynthetic proce...	11	2	2.13	0.65812	1	BP
GO:0042100	B cell proliferation	11	2	2.13	0.65812	1	BP
GO:0045494	photoreceptor cell maintenance	11	2	2.13	0.65812	1	BP
GO:0002758	innate immune response-activating signal...	11	2	2.13	0.65812	1	BP
GO:0034109	homotypic cell-cell adhesion	11	2	2.13	0.65812	1	BP
GO:0006654	phosphatidic acid biosynthetic process	11	2	2.13	0.65812	1	BP
GO:1902883	negative regulation of response to oxida...	11	2	2.13	0.65812	1	BP
GO:0036011	imaginal disc-derived leg segmentation	11	2	2.13	0.65812	1	BP
GO:0090162	establishment of epithelial cell polarit...	11	2	2.13	0.65812	1	BP
GO:0045740	positive regulation of DNA replication	11	2	2.13	0.65812	1	BP
GO:0050775	positive regulation of dendrite morphoge...	11	2	2.13	0.65812	1	BP
GO:0010799	regulation of peptidyl-threonine phospho...	11	2	2.13	0.65812	1	BP
GO:1904035	regulation of epithelial cell apoptotic ...	11	2	2.13	0.65812	1	BP
GO:0036314	response to sterol	11	2	2.13	0.65812	1	BP
GO:1990845	adaptive thermogenesis	5	1	0.97	0.65859	1	BP
GO:0010719	negative regulation of epithelial to mes...	5	1	0.97	0.65859	1	BP
GO:0098926	postsynaptic signal transduction	5	1	0.97	0.65859	1	BP
GO:0098914	membrane repolarization during atrial ca...	5	1	0.97	0.65859	1	BP
GO:0010738	regulation of protein kinase A signaling	5	1	0.97	0.65859	1	BP
GO:0070584	mitochondrion morphogenesis	5	1	0.97	0.65859	1	BP
GO:0070527	platelet aggregation	5	1	0.97	0.65859	1	BP
GO:0030857	negative regulation of epithelial cell d...	5	1	0.97	0.65859	1	BP
GO:2000644	regulation of receptor catabolic process	5	1	0.97	0.65859	1	BP
GO:0045687	positive regulation of glial cell differ...	5	1	0.97	0.65859	1	BP
GO:0010867	positive regulation of triglyceride bios...	5	1	0.97	0.65859	1	BP
GO:0045676	regulation of R7 cell differentiation	5	1	0.97	0.65859	1	BP
GO:0010880	regulation of release of sequestered cal...	5	1	0.97	0.65859	1	BP
GO:0001878	response to yeast	5	1	0.97	0.65859	1	BP
GO:0045648	positive regulation of erythrocyte diffe...	5	1	0.97	0.65859	1	BP
GO:0016447	somatic recombination of immunoglobulin ...	5	1	0.97	0.65859	1	BP
GO:0035081	induction of programmed cell death by ho...	5	1	0.97	0.65859	1	BP
GO:0001844	protein insertion into mitochondrial mem...	5	1	0.97	0.65859	1	BP
GO:0035072	ecdysone-mediated induction of salivary ...	5	1	0.97	0.65859	1	BP
GO:0035078	induction of programmed cell death by ec...	5	1	0.97	0.65859	1	BP
GO:0035010	encapsulation of foreign target	5	1	0.97	0.65859	1	BP
GO:1902902	negative regulation of autophagosome ass...	5	1	0.97	0.65859	1	BP
GO:2001025	positive regulation of response to drug	5	1	0.97	0.65859	1	BP
GO:0021877	forebrain neuron fate commitment	5	1	0.97	0.65859	1	BP
GO:2001032	regulation of double-strand break repair...	5	1	0.97	0.65859	1	BP
GO:0060065	uterus development	5	1	0.97	0.65859	1	BP
GO:0010575	positive regulation of vascular endothel...	5	1	0.97	0.65859	1	BP
GO:1900078	positive regulation of cellular response...	5	1	0.97	0.65859	1	BP
GO:0010543	regulation of platelet activation	5	1	0.97	0.65859	1	BP
GO:0036295	cellular response to increased oxygen le...	5	1	0.97	0.65859	1	BP
GO:0000083	regulation of transcription involved in ...	5	1	0.97	0.65859	1	BP
GO:1901679	nucleotide transmembrane transport	5	1	0.97	0.65859	1	BP
GO:0000022	mitotic spindle elongation	5	1	0.97	0.65859	1	BP
GO:0000027	ribosomal large subunit assembly	5	1	0.97	0.65859	1	BP
GO:0048150	behavioral response to ether	5	1	0.97	0.65859	1	BP
GO:0019433	triglyceride catabolic process	5	1	0.97	0.65859	1	BP
GO:0032481	positive regulation of type I interferon...	5	1	0.97	0.65859	1	BP
GO:0032482	Rab protein signal transduction	5	1	0.97	0.65859	1	BP
GO:0040002	collagen and cuticulin-based cuticle dev...	5	1	0.97	0.65859	1	BP
GO:0008214	protein dealkylation	5	1	0.97	0.65859	1	BP
GO:0048266	behavioral response to pain	5	1	0.97	0.65859	1	BP
GO:0045955	negative regulation of calcium ion-depen...	5	1	0.97	0.65859	1	BP
GO:0045980	negative regulation of nucleotide metabo...	5	1	0.97	0.65859	1	BP
GO:0021633	optic nerve structural organization	5	1	0.97	0.65859	1	BP
GO:0045910	negative regulation of DNA recombination	5	1	0.97	0.65859	1	BP
GO:0032148	activation of protein kinase B activity	5	1	0.97	0.65859	1	BP
GO:0070983	dendrite guidance	5	1	0.97	0.65859	1	BP
GO:0007395	dorsal closure, spreading of leading edg...	5	1	0.97	0.65859	1	BP
GO:0035308	negative regulation of protein dephospho...	5	1	0.97	0.65859	1	BP
GO:0070935	3'-UTR-mediated mRNA stabilization	5	1	0.97	0.65859	1	BP
GO:0050922	negative regulation of chemotaxis	5	1	0.97	0.65859	1	BP
GO:0050913	sensory perception of bitter taste	5	1	0.97	0.65859	1	BP
GO:0060372	regulation of atrial cardiac muscle cell...	5	1	0.97	0.65859	1	BP
GO:0043032	positive regulation of macrophage activa...	5	1	0.97	0.65859	1	BP
GO:1904292	regulation of ERAD pathway	5	1	0.97	0.65859	1	BP
GO:0055115	entry into diapause	5	1	0.97	0.65859	1	BP
GO:0086069	bundle of His cell to Purkinje myocyte c...	5	1	0.97	0.65859	1	BP
GO:0086050	membrane repolarization during bundle of...	5	1	0.97	0.65859	1	BP
GO:0086052	membrane repolarization during SA node c...	5	1	0.97	0.65859	1	BP
GO:0030953	astral microtubule organization	5	1	0.97	0.65859	1	BP
GO:0086028	bundle of His cell to Purkinje myocyte s...	5	1	0.97	0.65859	1	BP
GO:0086043	bundle of His cell action potential	5	1	0.97	0.65859	1	BP
GO:0060446	branching involved in open tracheal syst...	5	1	0.97	0.65859	1	BP
GO:0000460	maturation of 5.8S rRNA	5	1	0.97	0.65859	1	BP
GO:0000462	maturation of SSU-rRNA from tricistronic...	5	1	0.97	0.65859	1	BP
GO:0000469	cleavage involved in rRNA processing	5	1	0.97	0.65859	1	BP
GO:0071474	cellular hyperosmotic response	5	1	0.97	0.65859	1	BP
GO:0071425	hematopoietic stem cell proliferation	5	1	0.97	0.65859	1	BP
GO:0032892	positive regulation of organic acid tran...	5	1	0.97	0.65859	1	BP
GO:0060128	corticotropin hormone secreting cell dif...	5	1	0.97	0.65859	1	BP
GO:0046037	GMP metabolic process	5	1	0.97	0.65859	1	BP
GO:0032885	regulation of polysaccharide biosyntheti...	5	1	0.97	0.65859	1	BP
GO:0007100	mitotic centrosome separation	5	1	0.97	0.65859	1	BP
GO:0048662	negative regulation of smooth muscle cel...	5	1	0.97	0.65859	1	BP
GO:0060252	positive regulation of glial cell prolif...	5	1	0.97	0.65859	1	BP
GO:0007289	spermatid nucleus differentiation	5	1	0.97	0.65859	1	BP
GO:0099624	atrial cardiac muscle cell membrane repo...	5	1	0.97	0.65859	1	BP
GO:1902093	positive regulation of flagellated sperm...	5	1	0.97	0.65859	1	BP
GO:0035728	response to hepatocyte growth factor	5	1	0.97	0.65859	1	BP
GO:1900242	regulation of synaptic vesicle endocytos...	5	1	0.97	0.65859	1	BP
GO:0039694	viral RNA genome replication	5	1	0.97	0.65859	1	BP
GO:1903430	negative regulation of cell maturation	5	1	0.97	0.65859	1	BP
GO:0032527	protein exit from endoplasmic reticulum	5	1	0.97	0.65859	1	BP
GO:0071257	cellular response to electrical stimulus	5	1	0.97	0.65859	1	BP
GO:0071281	cellular response to iron ion	5	1	0.97	0.65859	1	BP
GO:1902074	response to salt	5	1	0.97	0.65859	1	BP
GO:0015740	C4-dicarboxylate transport	5	1	0.97	0.65859	1	BP
GO:0062033	positive regulation of mitotic sister ch...	5	1	0.97	0.65859	1	BP
GO:0015701	bicarbonate transport	5	1	0.97	0.65859	1	BP
GO:0031112	positive regulation of microtubule polym...	5	1	0.97	0.65859	1	BP
GO:0032691	negative regulation of interleukin-1 bet...	5	1	0.97	0.65859	1	BP
GO:0032692	negative regulation of interleukin-1 pro...	5	1	0.97	0.65859	1	BP
GO:0031116	positive regulation of microtubule polym...	5	1	0.97	0.65859	1	BP
GO:0012502	induction of programmed cell death	5	1	0.97	0.65859	1	BP
GO:0002021	response to dietary excess	5	1	0.97	0.65859	1	BP
GO:1900744	regulation of p38MAPK cascade	5	1	0.97	0.65859	1	BP
GO:0006356	regulation of transcription by RNA polym...	5	1	0.97	0.65859	1	BP
GO:0051797	regulation of hair follicle development	5	1	0.97	0.65859	1	BP
GO:0000729	DNA double-strand break processing	5	1	0.97	0.65859	1	BP
GO:0046320	regulation of fatty acid oxidation	5	1	0.97	0.65859	1	BP
GO:0043124	negative regulation of I-kappaB kinase/N...	5	1	0.97	0.65859	1	BP
GO:0095500	acetylcholine receptor signaling pathway	5	1	0.97	0.65859	1	BP
GO:0043114	regulation of vascular permeability	5	1	0.97	0.65859	1	BP
GO:0046331	lateral inhibition	5	1	0.97	0.65859	1	BP
GO:0006482	protein demethylation	5	1	0.97	0.65859	1	BP
GO:0046459	short-chain fatty acid metabolic process	5	1	0.97	0.65859	1	BP
GO:0046471	phosphatidylglycerol metabolic process	5	1	0.97	0.65859	1	BP
GO:2000050	regulation of non-canonical Wnt signalin...	5	1	0.97	0.65859	1	BP
GO:0014012	peripheral nervous system axon regenerat...	5	1	0.97	0.65859	1	BP
GO:0014019	neuroblast development	5	1	0.97	0.65859	1	BP
GO:0007542	primary sex determination, germ-line	5	1	0.97	0.65859	1	BP
GO:1903749	positive regulation of establishment of ...	5	1	0.97	0.65859	1	BP
GO:1900543	negative regulation of purine nucleotide...	5	1	0.97	0.65859	1	BP
GO:0006182	cGMP biosynthetic process	5	1	0.97	0.65859	1	BP
GO:0007508	larval heart development	5	1	0.97	0.65859	1	BP
GO:0009311	oligosaccharide metabolic process	5	1	0.97	0.65859	1	BP
GO:0006107	oxaloacetate metabolic process	5	1	0.97	0.65859	1	BP
GO:0002381	immunoglobulin production involved in im...	5	1	0.97	0.65859	1	BP
GO:0097067	cellular response to thyroid hormone sti...	5	1	0.97	0.65859	1	BP
GO:0006294	nucleotide-excision repair, preincision ...	5	1	0.97	0.65859	1	BP
GO:1903818	positive regulation of voltage-gated pot...	5	1	0.97	0.65859	1	BP
GO:1903831	signal transduction involved in cellular...	5	1	0.97	0.65859	1	BP
GO:0090075	relaxation of muscle	5	1	0.97	0.65859	1	BP
GO:1903573	negative regulation of response to endop...	5	1	0.97	0.65859	1	BP
GO:1903579	negative regulation of ATP metabolic pro...	5	1	0.97	0.65859	1	BP
GO:1903514	release of sequestered calcium ion into ...	5	1	0.97	0.65859	1	BP
GO:1901046	positive regulation of oviposition	5	1	0.97	0.65859	1	BP
GO:1901030	positive regulation of mitochondrial out...	5	1	0.97	0.65859	1	BP
GO:0042479	positive regulation of eye photoreceptor...	5	1	0.97	0.65859	1	BP
GO:1905314	semi-lunar valve development	5	1	0.97	0.65859	1	BP
GO:0010043	response to zinc ion	5	1	0.97	0.65859	1	BP
GO:0006735	NADH regeneration	5	1	0.97	0.65859	1	BP
GO:0034383	low-density lipoprotein particle clearan...	5	1	0.97	0.65859	1	BP
GO:0034389	lipid droplet organization	5	1	0.97	0.65859	1	BP
GO:2000351	regulation of endothelial cell apoptotic...	5	1	0.97	0.65859	1	BP
GO:0031645	negative regulation of nervous system pr...	5	1	0.97	0.65859	1	BP
GO:1902100	negative regulation of metaphase/anaphas...	5	1	0.97	0.65859	1	BP
GO:0034334	adherens junction maintenance	5	1	0.97	0.65859	1	BP
GO:0009262	deoxyribonucleotide metabolic process	5	1	0.97	0.65859	1	BP
GO:0006862	nucleotide transport	5	1	0.97	0.65859	1	BP
GO:0006884	cell volume homeostasis	5	1	0.97	0.65859	1	BP
GO:2000300	regulation of synaptic vesicle exocytosi...	5	1	0.97	0.65859	1	BP
GO:0045314	regulation of compound eye photoreceptor...	5	1	0.97	0.65859	1	BP
GO:0009235	cobalamin metabolic process	5	1	0.97	0.65859	1	BP
GO:0060982	coronary artery morphogenesis	5	1	0.97	0.65859	1	BP
GO:0043616	keratinocyte proliferation	5	1	0.97	0.65859	1	BP
GO:0002228	natural killer cell mediated immunity	5	1	0.97	0.65859	1	BP
GO:0042267	natural killer cell mediated cytotoxicit...	5	1	0.97	0.65859	1	BP
GO:0006570	tyrosine metabolic process	5	1	0.97	0.65859	1	BP
GO:0006515	protein quality control for misfolded or...	5	1	0.97	0.65859	1	BP
GO:1905144	response to acetylcholine	5	1	0.97	0.65859	1	BP
GO:1905145	cellular response to acetylcholine	5	1	0.97	0.65859	1	BP
GO:2000155	positive regulation of cilium-dependent ...	5	1	0.97	0.65859	1	BP
GO:0006505	GPI anchor metabolic process	5	1	0.97	0.65859	1	BP
GO:0045198	establishment of epithelial cell apical/...	5	1	0.97	0.65859	1	BP
GO:0045168	cell-cell signaling involved in cell fat...	5	1	0.97	0.65859	1	BP
GO:1901317	regulation of flagellated sperm motility	5	1	0.97	0.65859	1	BP
GO:0050482	arachidonic acid secretion	5	1	0.97	0.65859	1	BP
GO:0042759	long-chain fatty acid biosynthetic proce...	5	1	0.97	0.65859	1	BP
GO:1905276	regulation of epithelial tube formation	5	1	0.97	0.65859	1	BP
GO:0098586	cellular response to virus	5	1	0.97	0.65859	1	BP
GO:0042743	hydrogen peroxide metabolic process	5	1	0.97	0.65859	1	BP
GO:0036090	cleavage furrow ingression	5	1	0.97	0.65859	1	BP
GO:2000269	regulation of fibroblast apoptotic proce...	5	1	0.97	0.65859	1	BP
GO:1903963	arachidonate transport	5	1	0.97	0.65859	1	BP
GO:0070166	enamel mineralization	5	1	0.97	0.65859	1	BP
GO:1905208	negative regulation of cardiocyte differ...	5	1	0.97	0.65859	1	BP
GO:0110116	regulation of compound eye photoreceptor...	5	1	0.97	0.65859	1	BP
GO:1902803	regulation of synaptic vesicle transport	5	1	0.97	0.65859	1	BP
GO:0046606	negative regulation of centrosome cycle	5	1	0.97	0.65859	1	BP
GO:0045217	cell-cell junction maintenance	5	1	0.97	0.65859	1	BP
GO:0090185	negative regulation of kidney developmen...	5	1	0.97	0.65859	1	BP
GO:0017121	plasma membrane phospholipid scrambling	5	1	0.97	0.65859	1	BP
GO:2000727	positive regulation of cardiac muscle ce...	5	1	0.97	0.65859	1	BP
GO:0045760	positive regulation of action potential	5	1	0.97	0.65859	1	BP
GO:2000742	regulation of anterior head development	5	1	0.97	0.65859	1	BP
GO:0042554	superoxide anion generation	5	1	0.97	0.65859	1	BP
GO:0048047	mating behavior, sex discrimination	5	1	0.97	0.65859	1	BP
GO:1905819	negative regulation of chromosome separa...	5	1	0.97	0.65859	1	BP
GO:0002675	positive regulation of acute inflammator...	5	1	0.97	0.65859	1	BP
GO:0033483	gas homeostasis	5	1	0.97	0.65859	1	BP
GO:0045851	pH reduction	5	1	0.97	0.65859	1	BP
GO:0006968	cellular defense response	5	1	0.97	0.65859	1	BP
GO:0014808	release of sequestered calcium ion into ...	5	1	0.97	0.65859	1	BP
GO:0010226	response to lithium ion	5	1	0.97	0.65859	1	BP
GO:1905517	macrophage migration	5	1	0.97	0.65859	1	BP
GO:0042634	regulation of hair cycle	5	1	0.97	0.65859	1	BP
GO:0046940	nucleoside monophosphate phosphorylation	5	1	0.97	0.65859	1	BP
GO:0050869	negative regulation of B cell activation	5	1	0.97	0.65859	1	BP
GO:0048880	sensory system development	174	32	33.62	0.65964	1	BP
GO:0051253	negative regulation of RNA metabolic pro...	243	45	46.95	0.66036	1	BP
GO:0060562	epithelial tube morphogenesis	206	38	39.8	0.66134	1	BP
GO:0007017	microtubule-based process	179	38	34.58	0.66148	1	BP
GO:0007049	cell cycle	340	69	65.69	0.66209	1	BP
GO:0032147	activation of protein kinase activity	56	10	10.82	0.66472	1	BP
GO:0048705	skeletal system morphogenesis	56	10	10.82	0.66472	1	BP
GO:0055023	positive regulation of cardiac muscle ti...	17	3	3.28	0.66642	1	BP
GO:0097529	myeloid leukocyte migration	17	3	3.28	0.66642	1	BP
GO:2001023	regulation of response to drug	17	3	3.28	0.66642	1	BP
GO:0048103	somatic stem cell division	17	3	3.28	0.66642	1	BP
GO:1903076	regulation of protein localization to pl...	17	3	3.28	0.66642	1	BP
GO:0007379	segment specification	17	3	3.28	0.66642	1	BP
GO:0060421	positive regulation of heart growth	17	3	3.28	0.66642	1	BP
GO:0006026	aminoglycan catabolic process	17	3	3.28	0.66642	1	BP
GO:0009066	aspartate family amino acid metabolic pr...	17	3	3.28	0.66642	1	BP
GO:0051261	protein depolymerization	17	3	3.28	0.66642	1	BP
GO:0043488	regulation of mRNA stability	17	3	3.28	0.66642	1	BP
GO:0043244	regulation of protein-containing complex...	17	3	3.28	0.66642	1	BP
GO:0061035	regulation of cartilage development	17	3	3.28	0.66642	1	BP
GO:0043648	dicarboxylic acid metabolic process	17	3	3.28	0.66642	1	BP
GO:0042220	response to cocaine	17	3	3.28	0.66642	1	BP
GO:0046626	regulation of insulin receptor signaling...	17	3	3.28	0.66642	1	BP
GO:0045746	negative regulation of Notch signaling p...	17	3	3.28	0.66642	1	BP
GO:0042632	cholesterol homeostasis	17	3	3.28	0.66642	1	BP
GO:0055092	sterol homeostasis	17	3	3.28	0.66642	1	BP
GO:0008360	regulation of cell shape	34	6	6.57	0.66715	1	BP
GO:2000243	positive regulation of reproductive proc...	34	6	6.57	0.66715	1	BP
GO:0030099	myeloid cell differentiation	65	14	12.56	0.66779	1	BP
GO:0030335	positive regulation of cell migration	78	14	15.07	0.66885	1	BP
GO:0032101	regulation of response to external stimu...	148	27	28.6	0.66926	1	BP
GO:0030163	protein catabolic process	148	27	28.6	0.66926	1	BP
GO:0002252	immune effector process	132	24	25.5	0.67023	1	BP
GO:0044419	biological process involved in interspec...	223	41	43.09	0.67501	1	BP
GO:0019941	modification-dependent protein catabolic...	100	18	19.32	0.67508	1	BP
GO:0001706	endoderm formation	23	4	4.44	0.67628	1	BP
GO:0044264	cellular polysaccharide metabolic proces...	23	4	4.44	0.67628	1	BP
GO:0015749	monosaccharide transmembrane transport	23	4	4.44	0.67628	1	BP
GO:0071216	cellular response to biotic stimulus	23	4	4.44	0.67628	1	BP
GO:0003158	endothelium development	23	4	4.44	0.67628	1	BP
GO:0003208	cardiac ventricle morphogenesis	23	4	4.44	0.67628	1	BP
GO:0009451	RNA modification	23	4	4.44	0.67628	1	BP
GO:0009179	purine ribonucleoside diphosphate metabo...	23	4	4.44	0.67628	1	BP
GO:0009135	purine nucleoside diphosphate metabolic ...	23	4	4.44	0.67628	1	BP
GO:0042552	myelination	23	4	4.44	0.67628	1	BP
GO:0061351	neural precursor cell proliferation	62	11	11.98	0.67656	1	BP
GO:0045229	external encapsulating structure organiz...	62	11	11.98	0.67656	1	BP
GO:0000082	G1/S transition of mitotic cell cycle	51	9	9.85	0.6766	1	BP
GO:0030010	establishment of cell polarity	51	9	9.85	0.6766	1	BP
GO:0001654	eye development	170	31	32.85	0.6782	1	BP
GO:0150063	visual system development	170	31	32.85	0.6782	1	BP
GO:0033673	negative regulation of kinase activity	40	7	7.73	0.67902	1	BP
GO:0009725	response to hormone	213	39	41.15	0.68284	1	BP
GO:0042592	homeostatic process	319	59	61.63	0.68307	1	BP
GO:0048646	anatomical structure formation involved ...	271	52	52.36	0.68543	1	BP
GO:0000226	microtubule cytoskeleton organization	133	24	25.7	0.68573	1	BP
GO:0071772	response to BMP	29	5	5.6	0.68627	1	BP
GO:0071773	cellular response to BMP stimulus	29	5	5.6	0.68627	1	BP
GO:0070252	actin-mediated cell contraction	29	5	5.6	0.68627	1	BP
GO:0046483	heterocycle metabolic process	806	152	155.73	0.68654	1	BP
GO:0045321	leukocyte activation	160	29	30.91	0.68796	1	BP
GO:0044249	cellular biosynthetic process	827	156	159.78	0.68825	1	BP
GO:0048639	positive regulation of developmental gro...	79	14	15.26	0.68854	1	BP
GO:1903522	regulation of blood circulation	65	21	12.56	0.68879	1	BP
GO:1901653	cellular response to peptide	90	16	17.39	0.69028	1	BP
GO:0002263	cell activation involved in immune respo...	90	16	17.39	0.69028	1	BP
GO:0019637	organophosphate metabolic process	187	34	36.13	0.69125	1	BP
GO:0043632	modification-dependent macromolecule cat...	101	18	19.51	0.69251	1	BP
GO:0045596	negative regulation of cell differentiat...	139	25	26.86	0.695	1	BP
GO:0031349	positive regulation of defense response	35	6	6.76	0.69598	1	BP
GO:0003206	cardiac chamber morphogenesis	35	6	6.76	0.69598	1	BP
GO:0003008	system process	374	81	72.26	0.69673	1	BP
GO:0002446	neutrophil mediated immunity	74	13	14.3	0.69786	1	BP
GO:0007498	mesoderm development	63	11	12.17	0.69817	1	BP
GO:0071902	positive regulation of protein serine/th...	63	11	12.17	0.69817	1	BP
GO:0045934	negative regulation of nucleobase-contai...	257	47	49.66	0.70003	1	BP
GO:0072330	monocarboxylic acid biosynthetic process	52	9	10.05	0.70023	1	BP
GO:0009408	response to heat	52	9	10.05	0.70023	1	BP
GO:0001568	blood vessel development	107	19	20.67	0.70205	1	BP
GO:0031570	DNA integrity checkpoint signaling	28	8	5.41	0.70332	1	BP
GO:0009987	cellular process	1940	376	374.83	0.7048	1	BP
GO:0006401	RNA catabolic process	41	7	7.92	0.7053	1	BP
GO:0016072	rRNA metabolic process	41	7	7.92	0.7053	1	BP
GO:0045765	regulation of angiogenesis	41	7	7.92	0.7053	1	BP
GO:0034637	cellular carbohydrate biosynthetic proce...	18	3	3.48	0.70575	1	BP
GO:0051053	negative regulation of DNA metabolic pro...	18	3	3.48	0.70575	1	BP
GO:0040024	dauer larval development	18	3	3.48	0.70575	1	BP
GO:0019217	regulation of fatty acid metabolic proce...	18	3	3.48	0.70575	1	BP
GO:0019751	polyol metabolic process	18	3	3.48	0.70575	1	BP
GO:0035162	embryonic hemopoiesis	18	3	3.48	0.70575	1	BP
GO:0019884	antigen processing and presentation of e...	18	3	3.48	0.70575	1	BP
GO:0048661	positive regulation of smooth muscle cel...	18	3	3.48	0.70575	1	BP
GO:0018022	peptidyl-lysine methylation	18	3	3.48	0.70575	1	BP
GO:0071219	cellular response to molecule of bacteri...	18	3	3.48	0.70575	1	BP
GO:0032507	maintenance of protein location in cell	18	3	3.48	0.70575	1	BP
GO:0003401	axis elongation	18	3	3.48	0.70575	1	BP
GO:0051899	membrane depolarization	18	3	3.48	0.70575	1	BP
GO:0140546	defense response to symbiont	18	3	3.48	0.70575	1	BP
GO:0007608	sensory perception of smell	18	3	3.48	0.70575	1	BP
GO:0002478	antigen processing and presentation of e...	18	3	3.48	0.70575	1	BP
GO:0051607	defense response to virus	18	3	3.48	0.70575	1	BP
GO:0046686	response to cadmium ion	18	3	3.48	0.70575	1	BP
GO:0010470	regulation of gastrulation	18	3	3.48	0.70575	1	BP
GO:0090175	regulation of establishment of planar po...	18	3	3.48	0.70575	1	BP
GO:0090100	positive regulation of transmembrane rec...	18	3	3.48	0.70575	1	BP
GO:0050870	positive regulation of T cell activation	18	3	3.48	0.70575	1	BP
GO:0044058	regulation of digestive system process	12	2	2.32	0.70622	1	BP
GO:1901880	negative regulation of protein depolymer...	12	2	2.32	0.70622	1	BP
GO:1901879	regulation of protein depolymerization	12	2	2.32	0.70622	1	BP
GO:0001885	endothelial cell development	12	2	2.32	0.70622	1	BP
GO:0030811	regulation of nucleotide catabolic proce...	12	2	2.32	0.70622	1	BP
GO:0045638	negative regulation of myeloid cell diff...	12	2	2.32	0.70622	1	BP
GO:0019369	arachidonic acid metabolic process	12	2	2.32	0.70622	1	BP
GO:0048488	synaptic vesicle endocytosis	12	2	2.32	0.70622	1	BP
GO:0032368	regulation of lipid transport	12	2	2.32	0.70622	1	BP
GO:0032410	negative regulation of transporter activ...	12	2	2.32	0.70622	1	BP
GO:0086091	regulation of heart rate by cardiac cond...	12	2	2.32	0.70622	1	BP
GO:0086065	cell communication involved in cardiac c...	12	2	2.32	0.70622	1	BP
GO:2001169	regulation of ATP biosynthetic process	12	2	2.32	0.70622	1	BP
GO:0048808	male genitalia morphogenesis	12	2	2.32	0.70622	1	BP
GO:0007193	adenylate cyclase-inhibiting G protein-c...	12	2	2.32	0.70622	1	BP
GO:0000422	autophagy of mitochondrion	12	2	2.32	0.70622	1	BP
GO:0051446	positive regulation of meiotic cell cycl...	12	2	2.32	0.70622	1	BP
GO:1903312	negative regulation of mRNA metabolic pr...	12	2	2.32	0.70622	1	BP
GO:0140238	presynaptic endocytosis	12	2	2.32	0.70622	1	BP
GO:0060281	regulation of oocyte development	12	2	2.32	0.70622	1	BP
GO:0043268	positive regulation of potassium ion tra...	12	2	2.32	0.70622	1	BP
GO:0046473	phosphatidic acid metabolic process	12	2	2.32	0.70622	1	BP
GO:0043242	negative regulation of protein-containin...	12	2	2.32	0.70622	1	BP
GO:0006110	regulation of glycolytic process	12	2	2.32	0.70622	1	BP
GO:0097065	anterior head development	12	2	2.32	0.70622	1	BP
GO:0060632	regulation of microtubule-based movement	12	2	2.32	0.70622	1	BP
GO:0060602	branch elongation of an epithelium	12	2	2.32	0.70622	1	BP
GO:0046785	microtubule polymerization	12	2	2.32	0.70622	1	BP
GO:0042129	regulation of T cell proliferation	12	2	2.32	0.70622	1	BP
GO:0006672	ceramide metabolic process	12	2	2.32	0.70622	1	BP
GO:0046662	regulation of oviposition	12	2	2.32	0.70622	1	BP
GO:0042596	fear response	12	2	2.32	0.70622	1	BP
GO:0010288	response to lead ion	12	2	2.32	0.70622	1	BP
GO:0061726	mitochondrion disassembly	12	2	2.32	0.70622	1	BP
GO:0050864	regulation of B cell activation	12	2	2.32	0.70622	1	BP
GO:0033036	macromolecule localization	469	87	90.62	0.70707	1	BP
GO:0010948	negative regulation of cell cycle proces...	68	15	13.14	0.70773	1	BP
GO:0016050	vesicle organization	58	10	11.21	0.70983	1	BP
GO:0050680	negative regulation of epithelial cell p...	24	4	4.64	0.71014	1	BP
GO:0005976	polysaccharide metabolic process	24	4	4.64	0.71014	1	BP
GO:0043467	regulation of generation of precursor me...	24	4	4.64	0.71014	1	BP
GO:0002250	adaptive immune response	24	4	4.64	0.71014	1	BP
GO:0034219	carbohydrate transmembrane transport	24	4	4.64	0.71014	1	BP
GO:0030218	erythrocyte differentiation	24	4	4.64	0.71014	1	BP
GO:0001775	cell activation	167	30	32.27	0.71024	1	BP
GO:0007517	muscle organ development	113	20	21.83	0.71113	1	BP
GO:0009653	anatomical structure morphogenesis	597	113	115.35	0.71276	1	BP
GO:0048589	developmental growth	237	43	45.79	0.71473	1	BP
GO:0030182	neuron differentiation	390	88	75.35	0.71489	1	BP
GO:0022412	cellular process involved in reproductio...	221	40	42.7	0.71502	1	BP
GO:0090087	regulation of peptide transport	135	24	26.08	0.71551	1	BP
GO:0008286	insulin receptor signaling pathway	30	5	5.8	0.71628	1	BP
GO:0007188	adenylate cyclase-modulating G protein-c...	30	5	5.8	0.71628	1	BP
GO:0015837	amine transport	30	5	5.8	0.71628	1	BP
GO:0022409	positive regulation of cell-cell adhesio...	30	5	5.8	0.71628	1	BP
GO:0097306	cellular response to alcohol	30	5	5.8	0.71628	1	BP
GO:0006813	potassium ion transport	37	13	7.15	0.71841	1	BP
GO:0080135	regulation of cellular response to stres...	124	25	23.96	0.7196	1	BP
GO:0008380	RNA splicing	53	9	10.24	0.72274	1	BP
GO:0061448	connective tissue development	53	9	10.24	0.72274	1	BP
GO:0007030	Golgi organization	36	6	6.96	0.7231	1	BP
GO:0007565	female pregnancy	36	6	6.96	0.7231	1	BP
GO:0045088	regulation of innate immune response	36	6	6.96	0.7231	1	BP
GO:0030048	actin filament-based movement	36	6	6.96	0.7231	1	BP
GO:0042180	cellular ketone metabolic process	36	6	6.96	0.7231	1	BP
GO:0070593	dendrite self-avoidance	6	1	1.16	0.72472	1	BP
GO:2000679	positive regulation of transcription reg...	6	1	1.16	0.72472	1	BP
GO:0033262	regulation of nuclear cell cycle DNA rep...	6	1	1.16	0.72472	1	BP
GO:0045684	positive regulation of epidermis develop...	6	1	1.16	0.72472	1	BP
GO:0035095	behavioral response to nicotine	6	1	1.16	0.72472	1	BP
GO:0010866	regulation of triglyceride biosynthetic ...	6	1	1.16	0.72472	1	BP
GO:0016444	somatic cell DNA recombination	6	1	1.16	0.72472	1	BP
GO:0016445	somatic diversification of immunoglobuli...	6	1	1.16	0.72472	1	BP
GO:0001842	neural fold formation	6	1	1.16	0.72472	1	BP
GO:0021825	substrate-dependent cerebral cortex tang...	6	1	1.16	0.72472	1	BP
GO:0010569	regulation of double-strand break repair...	6	1	1.16	0.72472	1	BP
GO:0030511	positive regulation of transforming grow...	6	1	1.16	0.72472	1	BP
GO:0010574	regulation of vascular endothelial growt...	6	1	1.16	0.72472	1	BP
GO:0021800	cerebral cortex tangential migration	6	1	1.16	0.72472	1	BP
GO:0032370	positive regulation of lipid transport	6	1	1.16	0.72472	1	BP
GO:1900047	negative regulation of hemostasis	6	1	1.16	0.72472	1	BP
GO:0030656	regulation of vitamin metabolic process	6	1	1.16	0.72472	1	BP
GO:0021513	spinal cord dorsal/ventral patterning	6	1	1.16	0.72472	1	BP
GO:0019471	4-hydroxyproline metabolic process	6	1	1.16	0.72472	1	BP
GO:0032469	endoplasmic reticulum calcium ion homeos...	6	1	1.16	0.72472	1	BP
GO:0008293	torso signaling pathway	6	1	1.16	0.72472	1	BP
GO:1904491	protein localization to ciliary transiti...	6	1	1.16	0.72472	1	BP
GO:0040039	inductive cell migration	6	1	1.16	0.72472	1	BP
GO:0019400	alditol metabolic process	6	1	1.16	0.72472	1	BP
GO:0044331	cell-cell adhesion mediated by cadherin	6	1	1.16	0.72472	1	BP
GO:0048261	negative regulation of receptor-mediated...	6	1	1.16	0.72472	1	BP
GO:0021631	optic nerve morphogenesis	6	1	1.16	0.72472	1	BP
GO:0045920	negative regulation of exocytosis	6	1	1.16	0.72472	1	BP
GO:0045948	positive regulation of translational ini...	6	1	1.16	0.72472	1	BP
GO:0045906	negative regulation of vasoconstriction	6	1	1.16	0.72472	1	BP
GO:0035307	positive regulation of protein dephospho...	6	1	1.16	0.72472	1	BP
GO:0007354	zygotic determination of anterior/poster...	6	1	1.16	0.72472	1	BP
GO:0033628	regulation of cell adhesion mediated by ...	6	1	1.16	0.72472	1	BP
GO:0033631	cell-cell adhesion mediated by integrin	6	1	1.16	0.72472	1	BP
GO:0060346	bone trabecula formation	6	1	1.16	0.72472	1	BP
GO:1904262	negative regulation of TORC1 signaling	6	1	1.16	0.72472	1	BP
GO:0048884	neuromast development	6	1	1.16	0.72472	1	BP
GO:0019724	B cell mediated immunity	6	1	1.16	0.72472	1	BP
GO:0030917	midbrain-hindbrain boundary development	6	1	1.16	0.72472	1	BP
GO:0060413	atrial septum morphogenesis	6	1	1.16	0.72472	1	BP
GO:0060416	response to growth hormone	6	1	1.16	0.72472	1	BP
GO:0001910	regulation of leukocyte mediated cytotox...	6	1	1.16	0.72472	1	BP
GO:0007406	negative regulation of neuroblast prolif...	6	1	1.16	0.72472	1	BP
GO:0006071	glycerol metabolic process	6	1	1.16	0.72472	1	BP
GO:0021978	telencephalon regionalization	6	1	1.16	0.72472	1	BP
GO:0007176	regulation of epidermal growth factor-ac...	6	1	1.16	0.72472	1	BP
GO:1904707	positive regulation of vascular associat...	6	1	1.16	0.72472	1	BP
GO:0072577	endothelial cell apoptotic process	6	1	1.16	0.72472	1	BP
GO:0072528	pyrimidine-containing compound biosynthe...	6	1	1.16	0.72472	1	BP
GO:0007130	synaptonemal complex assembly	6	1	1.16	0.72472	1	BP
GO:2001260	regulation of semaphorin-plexin signalin...	6	1	1.16	0.72472	1	BP
GO:0003353	positive regulation of cilium movement	6	1	1.16	0.72472	1	BP
GO:1903306	negative regulation of regulated secreto...	6	1	1.16	0.72472	1	BP
GO:0072697	protein localization to cell cortex	6	1	1.16	0.72472	1	BP
GO:0072666	establishment of protein localization to...	6	1	1.16	0.72472	1	BP
GO:0072678	T cell migration	6	1	1.16	0.72472	1	BP
GO:0060216	definitive hemopoiesis	6	1	1.16	0.72472	1	BP
GO:0052652	cyclic purine nucleotide metabolic proce...	6	1	1.16	0.72472	1	BP
GO:1903421	regulation of synaptic vesicle recycling	6	1	1.16	0.72472	1	BP
GO:0009068	aspartate family amino acid catabolic pr...	6	1	1.16	0.72472	1	BP
GO:0043300	regulation of leukocyte degranulation	6	1	1.16	0.72472	1	BP
GO:0009070	serine family amino acid biosynthetic pr...	6	1	1.16	0.72472	1	BP
GO:0009072	aromatic amino acid family metabolic pro...	6	1	1.16	0.72472	1	BP
GO:0071286	cellular response to magnesium ion	6	1	1.16	0.72472	1	BP
GO:0018023	peptidyl-lysine trimethylation	6	1	1.16	0.72472	1	BP
GO:0043496	regulation of protein homodimerization a...	6	1	1.16	0.72472	1	BP
GO:0002072	optic cup morphogenesis involved in came...	6	1	1.16	0.72472	1	BP
GO:0042093	T-helper cell differentiation	6	1	1.16	0.72472	1	BP
GO:0032651	regulation of interleukin-1 beta product...	6	1	1.16	0.72472	1	BP
GO:0032652	regulation of interleukin-1 production	6	1	1.16	0.72472	1	BP
GO:0051204	protein insertion into mitochondrial mem...	6	1	1.16	0.72472	1	BP
GO:1903146	regulation of autophagy of mitochondrion	6	1	1.16	0.72472	1	BP
GO:0032611	interleukin-1 beta production	6	1	1.16	0.72472	1	BP
GO:0032612	interleukin-1 production	6	1	1.16	0.72472	1	BP
GO:0035844	cloaca development	6	1	1.16	0.72472	1	BP
GO:0051780	behavioral response to nutrient	6	1	1.16	0.72472	1	BP
GO:0000715	nucleotide-excision repair, DNA damage r...	6	1	1.16	0.72472	1	BP
GO:0060872	semicircular canal development	6	1	1.16	0.72472	1	BP
GO:0016925	protein sumoylation	6	1	1.16	0.72472	1	BP
GO:1903204	negative regulation of oxidative stress-...	6	1	1.16	0.72472	1	BP
GO:0046461	neutral lipid catabolic process	6	1	1.16	0.72472	1	BP
GO:0046464	acylglycerol catabolic process	6	1	1.16	0.72472	1	BP
GO:0043282	pharyngeal muscle development	6	1	1.16	0.72472	1	BP
GO:0060573	cell fate specification involved in patt...	6	1	1.16	0.72472	1	BP
GO:0060525	prostate glandular acinus development	6	1	1.16	0.72472	1	BP
GO:0014018	neuroblast fate specification	6	1	1.16	0.72472	1	BP
GO:0014048	regulation of glutamate secretion	6	1	1.16	0.72472	1	BP
GO:0045010	actin nucleation	6	1	1.16	0.72472	1	BP
GO:0071548	response to dexamethasone	6	1	1.16	0.72472	1	BP
GO:0019934	cGMP-mediated signaling	6	1	1.16	0.72472	1	BP
GO:0071698	olfactory placode development	6	1	1.16	0.72472	1	BP
GO:0071699	olfactory placode morphogenesis	6	1	1.16	0.72472	1	BP
GO:0007637	proboscis extension reflex	6	1	1.16	0.72472	1	BP
GO:1903846	positive regulation of cellular response...	6	1	1.16	0.72472	1	BP
GO:0006221	pyrimidine nucleotide biosynthetic proce...	6	1	1.16	0.72472	1	BP
GO:0071634	regulation of transforming growth factor...	6	1	1.16	0.72472	1	BP
GO:0061074	regulation of neural retina development	6	1	1.16	0.72472	1	BP
GO:0090036	regulation of protein kinase C signaling	6	1	1.16	0.72472	1	BP
GO:0071604	transforming growth factor beta producti...	6	1	1.16	0.72472	1	BP
GO:0009190	cyclic nucleotide biosynthetic process	6	1	1.16	0.72472	1	BP
GO:1901028	regulation of mitochondrial outer membra...	6	1	1.16	0.72472	1	BP
GO:1901018	positive regulation of potassium ion tra...	6	1	1.16	0.72472	1	BP
GO:0038179	neurotrophin signaling pathway	6	1	1.16	0.72472	1	BP
GO:0017004	cytochrome complex assembly	6	1	1.16	0.72472	1	BP
GO:0010085	polarity specification of proximal/dista...	6	1	1.16	0.72472	1	BP
GO:0006739	NADP metabolic process	6	1	1.16	0.72472	1	BP
GO:0043587	tongue morphogenesis	6	1	1.16	0.72472	1	BP
GO:0034331	cell junction maintenance	6	1	1.16	0.72472	1	BP
GO:0046898	response to cycloheximide	6	1	1.16	0.72472	1	BP
GO:0002293	alpha-beta T cell differentiation involv...	6	1	1.16	0.72472	1	BP
GO:0002294	CD4-positive, alpha-beta T cell differen...	6	1	1.16	0.72472	1	BP
GO:0002287	alpha-beta T cell activation involved in...	6	1	1.16	0.72472	1	BP
GO:0070328	triglyceride homeostasis	6	1	1.16	0.72472	1	BP
GO:0009750	response to fructose	6	1	1.16	0.72472	1	BP
GO:0006555	methionine metabolic process	6	1	1.16	0.72472	1	BP
GO:0000959	mitochondrial RNA metabolic process	6	1	1.16	0.72472	1	BP
GO:0071910	determination of liver left/right asymme...	6	1	1.16	0.72472	1	BP
GO:0006534	cysteine metabolic process	6	1	1.16	0.72472	1	BP
GO:0034110	regulation of homotypic cell-cell adhesi...	6	1	1.16	0.72472	1	BP
GO:0097484	dendrite extension	6	1	1.16	0.72472	1	BP
GO:0030322	stabilization of membrane potential	6	1	1.16	0.72472	1	BP
GO:1902866	regulation of retina development in came...	6	1	1.16	0.72472	1	BP
GO:0002702	positive regulation of production of mol...	6	1	1.16	0.72472	1	BP
GO:0006677	glycosylceramide metabolic process	6	1	1.16	0.72472	1	BP
GO:0045117	azole transmembrane transport	6	1	1.16	0.72472	1	BP
GO:0009595	detection of biotic stimulus	6	1	1.16	0.72472	1	BP
GO:0046635	positive regulation of alpha-beta T cell...	6	1	1.16	0.72472	1	BP
GO:0046638	positive regulation of alpha-beta T cell...	6	1	1.16	0.72472	1	BP
GO:0016064	immunoglobulin mediated immune response	6	1	1.16	0.72472	1	BP
GO:0070296	sarcoplasmic reticulum calcium ion trans...	6	1	1.16	0.72472	1	BP
GO:0002562	somatic diversification of immune recept...	6	1	1.16	0.72472	1	BP
GO:0043984	histone H4-K16 acetylation	6	1	1.16	0.72472	1	BP
GO:0030195	negative regulation of blood coagulation	6	1	1.16	0.72472	1	BP
GO:0061144	alveolar secondary septum development	6	1	1.16	0.72472	1	BP
GO:0061101	neuroendocrine cell differentiation	6	1	1.16	0.72472	1	BP
GO:0070230	positive regulation of lymphocyte apopto...	6	1	1.16	0.72472	1	BP
GO:0070231	T cell apoptotic process	6	1	1.16	0.72472	1	BP
GO:0048011	neurotrophin TRK receptor signaling path...	6	1	1.16	0.72472	1	BP
GO:0072079	nephron tubule formation	6	1	1.16	0.72472	1	BP
GO:0097201	negative regulation of transcription fro...	6	1	1.16	0.72472	1	BP
GO:0090280	positive regulation of calcium ion impor...	6	1	1.16	0.72472	1	BP
GO:0030101	natural killer cell activation	6	1	1.16	0.72472	1	BP
GO:0002686	negative regulation of leukocyte migrati...	6	1	1.16	0.72472	1	BP
GO:0090208	positive regulation of triglyceride meta...	6	1	1.16	0.72472	1	BP
GO:0030224	monocyte differentiation	6	1	1.16	0.72472	1	BP
GO:0014807	regulation of somitogenesis	6	1	1.16	0.72472	1	BP
GO:0033194	response to hydroperoxide	6	1	1.16	0.72472	1	BP
GO:1990858	cellular response to lectin	6	1	1.16	0.72472	1	BP
GO:0050871	positive regulation of B cell activation	6	1	1.16	0.72472	1	BP
GO:0055090	acylglycerol homeostasis	6	1	1.16	0.72472	1	BP
GO:1904036	negative regulation of epithelial cell a...	6	1	1.16	0.72472	1	BP
GO:0036315	cellular response to sterol	6	1	1.16	0.72472	1	BP
GO:0050819	negative regulation of coagulation	6	1	1.16	0.72472	1	BP
GO:1990840	response to lectin	6	1	1.16	0.72472	1	BP
GO:0072001	renal system development	92	16	17.78	0.72538	1	BP
GO:0001944	vasculature development	114	20	22.03	0.72669	1	BP
GO:0046677	response to antibiotic	114	20	22.03	0.72669	1	BP
GO:0010259	multicellular organism aging	70	12	13.52	0.72746	1	BP
GO:0001837	epithelial to mesenchymal transition	42	7	8.11	0.73013	1	BP
GO:0043393	regulation of protein binding	42	7	8.11	0.73013	1	BP
GO:0043687	post-translational protein modification	59	10	11.4	0.73089	1	BP
GO:0060322	head development	201	36	38.84	0.73192	1	BP
GO:0000278	mitotic cell cycle	222	43	42.89	0.73573	1	BP
GO:0051223	regulation of protein transport	131	23	25.31	0.73599	1	BP
GO:0032984	protein-containing complex disassembly	48	8	9.27	0.73717	1	BP
GO:0099003	vesicle-mediated transport in synapse	48	8	9.27	0.73717	1	BP
GO:0001754	eye photoreceptor cell differentiation	48	8	9.27	0.73717	1	BP
GO:0043405	regulation of MAP kinase activity	65	11	12.56	0.73868	1	BP
GO:0030879	mammary gland development	34	8	6.57	0.73876	1	BP
GO:0061053	somite development	34	8	6.57	0.73876	1	BP
GO:1901576	organic substance biosynthetic process	839	157	162.1	0.73942	1	BP
GO:0042221	response to chemical	713	136	137.76	0.74031	1	BP
GO:0010467	gene expression	730	138	141.04	0.74064	1	BP
GO:0044265	cellular macromolecule catabolic process	164	29	31.69	0.74132	1	BP
GO:0000122	negative regulation of transcription by ...	164	29	31.69	0.74132	1	BP
GO:0034612	response to tumor necrosis factor	25	4	4.83	0.74134	1	BP
GO:1901568	fatty acid derivative metabolic process	25	4	4.83	0.74134	1	BP
GO:0032436	positive regulation of proteasomal ubiqu...	25	4	4.83	0.74134	1	BP
GO:0008643	carbohydrate transport	25	4	4.83	0.74134	1	BP
GO:0009185	ribonucleoside diphosphate metabolic pro...	25	4	4.83	0.74134	1	BP
GO:0090316	positive regulation of intracellular pro...	25	4	4.83	0.74134	1	BP
GO:0034101	erythrocyte homeostasis	25	4	4.83	0.74134	1	BP
GO:0042659	regulation of cell fate specification	25	4	4.83	0.74134	1	BP
GO:0050731	positive regulation of peptidyl-tyrosine...	25	4	4.83	0.74134	1	BP
GO:0006939	smooth muscle contraction	25	4	4.83	0.74134	1	BP
GO:0055025	positive regulation of cardiac muscle ti...	19	3	3.67	0.74143	1	BP
GO:0060038	cardiac muscle cell proliferation	19	3	3.67	0.74143	1	BP
GO:1903036	positive regulation of response to wound...	19	3	3.67	0.74143	1	BP
GO:1903039	positive regulation of leukocyte cell-ce...	19	3	3.67	0.74143	1	BP
GO:0051289	protein homotetramerization	19	3	3.67	0.74143	1	BP
GO:0071697	ectodermal placode morphogenesis	19	3	3.67	0.74143	1	BP
GO:0061077	chaperone-mediated protein folding	19	3	3.67	0.74143	1	BP
GO:0061013	regulation of mRNA catabolic process	19	3	3.67	0.74143	1	BP
GO:0002221	pattern recognition receptor signaling p...	19	3	3.67	0.74143	1	BP
GO:0010172	embryonic body morphogenesis	19	3	3.67	0.74143	1	BP
GO:0048002	antigen processing and presentation of p...	19	3	3.67	0.74143	1	BP
GO:0022008	neurogenesis	449	98	86.75	0.74388	1	BP
GO:0021510	spinal cord development	31	5	5.99	0.74421	1	BP
GO:0060326	cell chemotaxis	31	5	5.99	0.74421	1	BP
GO:0065004	protein-DNA complex assembly	31	5	5.99	0.74421	1	BP
GO:0090090	negative regulation of canonical Wnt sig...	31	5	5.99	0.74421	1	BP
GO:2000177	regulation of neural precursor cell prol...	31	5	5.99	0.74421	1	BP
GO:0006606	protein import into nucleus	31	5	5.99	0.74421	1	BP
GO:0033365	protein localization to organelle	148	26	28.6	0.74502	1	BP
GO:0009056	catabolic process	384	70	74.19	0.74845	1	BP
GO:0032388	positive regulation of intracellular tra...	37	6	7.15	0.74849	1	BP
GO:0045931	positive regulation of mitotic cell cycl...	37	6	7.15	0.74849	1	BP
GO:0048546	digestive tract morphogenesis	37	6	7.15	0.74849	1	BP
GO:0046328	regulation of JNK cascade	37	6	7.15	0.74849	1	BP
GO:0006469	negative regulation of protein kinase ac...	37	6	7.15	0.74849	1	BP
GO:0044060	regulation of endocrine process	13	2	2.51	0.74855	1	BP
GO:0090559	regulation of membrane permeability	13	2	2.51	0.74855	1	BP
GO:0060071	Wnt signaling pathway, planar cell polar...	13	2	2.51	0.74855	1	BP
GO:1900046	regulation of hemostasis	13	2	2.51	0.74855	1	BP
GO:0021522	spinal cord motor neuron differentiation	13	2	2.51	0.74855	1	BP
GO:0048708	astrocyte differentiation	13	2	2.51	0.74855	1	BP
GO:0060465	pharynx development	13	2	2.51	0.74855	1	BP
GO:0007483	genital disc morphogenesis	13	2	2.51	0.74855	1	BP
GO:0010972	negative regulation of G2/M transition o...	13	2	2.51	0.74855	1	BP
GO:0086002	cardiac muscle cell action potential inv...	13	2	2.51	0.74855	1	BP
GO:0048846	axon extension involved in axon guidance	13	2	2.51	0.74855	1	BP
GO:0035137	hindlimb morphogenesis	13	2	2.51	0.74855	1	BP
GO:0007293	germarium-derived egg chamber formation	13	2	2.51	0.74855	1	BP
GO:0000212	meiotic spindle organization	13	2	2.51	0.74855	1	BP
GO:0032640	tumor necrosis factor production	13	2	2.51	0.74855	1	BP
GO:0071706	tumor necrosis factor superfamily cytoki...	13	2	2.51	0.74855	1	BP
GO:0014066	regulation of phosphatidylinositol 3-kin...	13	2	2.51	0.74855	1	BP
GO:0032963	collagen metabolic process	13	2	2.51	0.74855	1	BP
GO:1902414	protein localization to cell junction	13	2	2.51	0.74855	1	BP
GO:0010002	cardioblast differentiation	13	2	2.51	0.74855	1	BP
GO:0006893	Golgi to plasma membrane transport	13	2	2.51	0.74855	1	BP
GO:1902284	neuron projection extension involved in ...	13	2	2.51	0.74855	1	BP
GO:0060986	endocrine hormone secretion	13	2	2.51	0.74855	1	BP
GO:0006801	superoxide metabolic process	13	2	2.51	0.74855	1	BP
GO:0110110	positive regulation of animal organ morp...	13	2	2.51	0.74855	1	BP
GO:0046632	alpha-beta T cell differentiation	13	2	2.51	0.74855	1	BP
GO:0034766	negative regulation of ion transmembrane...	13	2	2.51	0.74855	1	BP
GO:0030193	regulation of blood coagulation	13	2	2.51	0.74855	1	BP
GO:2000826	regulation of heart morphogenesis	13	2	2.51	0.74855	1	BP
GO:0050729	positive regulation of inflammatory resp...	13	2	2.51	0.74855	1	BP
GO:0070830	bicellular tight junction assembly	13	2	2.51	0.74855	1	BP
GO:0050818	regulation of coagulation	13	2	2.51	0.74855	1	BP
GO:0003002	regionalization	185	35	35.74	0.74878	1	BP
GO:0006511	ubiquitin-dependent protein catabolic pr...	99	17	19.13	0.74949	1	BP
GO:0048568	embryonic organ development	132	23	25.5	0.74987	1	BP
GO:0070201	regulation of establishment of protein l...	132	23	25.5	0.74987	1	BP
GO:0071900	regulation of protein serine/threonine k...	88	15	17	0.75081	1	BP
GO:0048477	oogenesis	143	25	27.63	0.75089	1	BP
GO:0045995	regulation of embryonic development	60	10	11.59	0.75091	1	BP
GO:0009058	biosynthetic process	846	158	163.46	0.75218	1	BP
GO:0001707	mesoderm formation	43	7	8.31	0.75348	1	BP
GO:0048332	mesoderm morphogenesis	43	7	8.31	0.75348	1	BP
GO:0015850	organic hydroxy compound transport	43	7	8.31	0.75348	1	BP
GO:0010628	positive regulation of gene expression	348	63	67.24	0.75881	1	BP
GO:0032268	regulation of cellular protein metabolic...	348	63	67.24	0.75881	1	BP
GO:0030198	extracellular matrix organization	49	8	9.47	0.75883	1	BP
GO:2000147	positive regulation of cell motility	83	14	16.04	0.7602	1	BP
GO:1905114	cell surface receptor signaling pathway ...	122	21	23.57	0.76317	1	BP
GO:0043312	neutrophil degranulation	72	12	13.91	0.76396	1	BP
GO:0007368	determination of left/right symmetry	55	9	10.63	0.76434	1	BP
GO:0015980	energy derivation by oxidation of organi...	55	9	10.63	0.76434	1	BP
GO:0046530	photoreceptor cell differentiation	55	9	10.63	0.76434	1	BP
GO:0007611	learning or memory	101	22	19.51	0.76435	1	BP
GO:0001756	somitogenesis	29	7	5.6	0.76526	1	BP
GO:0070887	cellular response to chemical stimulus	476	87	91.97	0.76534	1	BP
GO:0050793	regulation of developmental process	498	93	96.22	0.76593	1	BP
GO:0071310	cellular response to organic substance	402	73	77.67	0.76622	1	BP
GO:0002366	leukocyte activation involved in immune ...	89	15	17.2	0.76682	1	BP
GO:0035239	tube morphogenesis	258	46	49.85	0.76687	1	BP
GO:0009887	animal organ morphogenesis	333	60	64.34	0.76752	1	BP
GO:0000077	DNA damage checkpoint signaling	24	7	4.64	0.76818	1	BP
GO:0071695	anatomical structure maturation	87	21	16.81	0.7695	1	BP
GO:0006520	cellular amino acid metabolic process	61	10	11.79	0.7699	1	BP
GO:0008366	axon ensheathment	26	4	5.02	0.76993	1	BP
GO:0044070	regulation of anion transport	26	4	5.02	0.76993	1	BP
GO:0001890	placenta development	26	4	5.02	0.76993	1	BP
GO:0048814	regulation of dendrite morphogenesis	26	4	5.02	0.76993	1	BP
GO:0007272	ensheathment of neurons	26	4	5.02	0.76993	1	BP
GO:0032526	response to retinoic acid	26	4	5.02	0.76993	1	BP
GO:0009116	nucleoside metabolic process	26	4	5.02	0.76993	1	BP
GO:0009119	ribonucleoside metabolic process	26	4	5.02	0.76993	1	BP
GO:1902652	secondary alcohol metabolic process	26	4	5.02	0.76993	1	BP
GO:0007596	blood coagulation	32	5	6.18	0.77006	1	BP
GO:0007599	hemostasis	32	5	6.18	0.77006	1	BP
GO:0042462	eye photoreceptor cell development	32	5	6.18	0.77006	1	BP
GO:0035967	cellular response to topologically incor...	32	5	6.18	0.77006	1	BP
GO:0050863	regulation of T cell activation	32	5	6.18	0.77006	1	BP
GO:0050817	coagulation	32	5	6.18	0.77006	1	BP
GO:2000026	regulation of multicellular organismal d...	408	76	78.83	0.77009	1	BP
GO:0007369	gastrulation	78	13	15.07	0.7702	1	BP
GO:0002444	myeloid leukocyte mediated immunity	78	13	15.07	0.7702	1	BP
GO:0050768	negative regulation of neurogenesis	78	13	15.07	0.7702	1	BP
GO:0051668	localization within membrane	117	20	22.61	0.77023	1	BP
GO:0048592	eye morphogenesis	106	18	20.48	0.77129	1	BP
GO:0006457	protein folding	38	6	7.34	0.77216	1	BP
GO:0046434	organophosphate catabolic process	38	6	7.34	0.77216	1	BP
GO:0045807	positive regulation of endocytosis	38	6	7.34	0.77216	1	BP
GO:0006807	nitrogen compound metabolic process	1313	249	253.68	0.77236	1	BP
GO:0001710	mesodermal cell fate commitment	20	3	3.86	0.77358	1	BP
GO:1900076	regulation of cellular response to insul...	20	3	3.86	0.77358	1	BP
GO:0048259	regulation of receptor-mediated endocyto...	20	3	3.86	0.77358	1	BP
GO:0051304	chromosome separation	20	3	3.86	0.77358	1	BP
GO:0031333	negative regulation of protein-containin...	20	3	3.86	0.77358	1	BP
GO:0046031	ADP metabolic process	20	3	3.86	0.77358	1	BP
GO:0071166	ribonucleoprotein complex localization	20	3	3.86	0.77358	1	BP
GO:0031109	microtubule polymerization or depolymeri...	20	3	3.86	0.77358	1	BP
GO:0043280	positive regulation of cysteine-type end...	20	3	3.86	0.77358	1	BP
GO:0061097	regulation of protein tyrosine kinase ac...	20	3	3.86	0.77358	1	BP
GO:0046717	acid secretion	20	3	3.86	0.77358	1	BP
GO:0033045	regulation of sister chromatid segregati...	20	3	3.86	0.77358	1	BP
GO:0014823	response to activity	20	3	3.86	0.77358	1	BP
GO:0051341	regulation of oxidoreductase activity	20	8	3.86	0.77368	1	BP
GO:0048598	embryonic morphogenesis	221	39	42.7	0.77407	1	BP
GO:0030155	regulation of cell adhesion	87	18	16.81	0.77478	1	BP
GO:0016043	cellular component organization	1012	202	195.53	0.7752	1	BP
GO:0032872	regulation of stress-activated MAPK casc...	44	7	8.5	0.77536	1	BP
GO:0006898	receptor-mediated endocytosis	44	7	8.5	0.77536	1	BP
GO:0070302	regulation of stress-activated protein k...	44	7	8.5	0.77536	1	BP
GO:1901342	regulation of vasculature development	44	7	8.5	0.77536	1	BP
GO:0006954	inflammatory response	67	11	12.95	0.77543	1	BP
GO:0045087	innate immune response	84	14	16.23	0.77626	1	BP
GO:0008219	cell death	334	60	64.53	0.77626	1	BP
GO:0071840	cellular component organization or bioge...	1040	207	200.94	0.77723	1	BP
GO:0051656	establishment of organelle localization	112	19	21.64	0.7776	1	BP
GO:0016318	ommatidial rotation	7	1	1.35	0.77806	1	BP
GO:0010718	positive regulation of epithelial to mes...	7	1	1.35	0.77806	1	BP
GO:0001737	establishment of imaginal disc-derived w...	7	1	1.35	0.77806	1	BP
GO:0010737	protein kinase A signaling	7	1	1.35	0.77806	1	BP
GO:0070534	protein K63-linked ubiquitination	7	1	1.35	0.77806	1	BP
GO:0030813	positive regulation of nucleotide catabo...	7	1	1.35	0.77806	1	BP
GO:0009946	proximal/distal axis specification	7	1	1.35	0.77806	1	BP
GO:0035089	establishment of apical/basal cell polar...	7	1	1.35	0.77806	1	BP
GO:0035071	salivary gland cell autophagic cell deat...	7	1	1.35	0.77806	1	BP
GO:0021869	forebrain ventricular zone progenitor ce...	7	1	1.35	0.77806	1	BP
GO:0030593	neutrophil chemotaxis	7	1	1.35	0.77806	1	BP
GO:0035006	melanization defense response	7	1	1.35	0.77806	1	BP
GO:0030513	positive regulation of BMP signaling pat...	7	1	1.35	0.77806	1	BP
GO:0060027	convergent extension involved in gastrul...	7	1	1.35	0.77806	1	BP
GO:0010573	vascular endothelial growth factor produ...	7	1	1.35	0.77806	1	BP
GO:0036260	RNA capping	7	1	1.35	0.77806	1	BP
GO:0051055	negative regulation of lipid biosyntheti...	7	1	1.35	0.77806	1	BP
GO:0051085	chaperone cofactor-dependent protein ref...	7	1	1.35	0.77806	1	BP
GO:0040015	negative regulation of multicellular org...	7	1	1.35	0.77806	1	BP
GO:0040038	polar body extrusion after meiotic divis...	7	1	1.35	0.77806	1	BP
GO:0044346	fibroblast apoptotic process	7	1	1.35	0.77806	1	BP
GO:0048255	mRNA stabilization	7	1	1.35	0.77806	1	BP
GO:0045923	positive regulation of fatty acid metabo...	7	1	1.35	0.77806	1	BP
GO:0048243	norepinephrine secretion	7	1	1.35	0.77806	1	BP
GO:0070988	demethylation	7	1	1.35	0.77806	1	BP
GO:0060363	cranial suture morphogenesis	7	1	1.35	0.77806	1	BP
GO:0060385	axonogenesis involved in innervation	7	1	1.35	0.77806	1	BP
GO:0060343	trabecula formation	7	1	1.35	0.77806	1	BP
GO:0043030	regulation of macrophage activation	7	1	1.35	0.77806	1	BP
GO:0007339	binding of sperm to zona pellucida	7	1	1.35	0.77806	1	BP
GO:0048866	stem cell fate specification	7	1	1.35	0.77806	1	BP
GO:0086013	membrane repolarization during cardiac m...	7	1	1.35	0.77806	1	BP
GO:0007469	antennal development	7	1	1.35	0.77806	1	BP
GO:0010971	positive regulation of G2/M transition o...	7	1	1.35	0.77806	1	BP
GO:0008594	photoreceptor cell morphogenesis	7	1	1.35	0.77806	1	BP
GO:0060442	branching involved in prostate gland mor...	7	1	1.35	0.77806	1	BP
GO:0035158	regulation of tube diameter, open trache...	7	1	1.35	0.77806	1	BP
GO:0060430	lung saccule development	7	1	1.35	0.77806	1	BP
GO:0035176	social behavior	7	1	1.35	0.77806	1	BP
GO:0032720	negative regulation of tumor necrosis fa...	7	1	1.35	0.77806	1	BP
GO:0032722	positive regulation of chemokine product...	7	1	1.35	0.77806	1	BP
GO:2001171	positive regulation of ATP biosynthetic ...	7	1	1.35	0.77806	1	BP
GO:1904752	regulation of vascular associated smooth...	7	1	1.35	0.77806	1	BP
GO:1904738	vascular associated smooth muscle cell m...	7	1	1.35	0.77806	1	BP
GO:0006007	glucose catabolic process	7	1	1.35	0.77806	1	BP
GO:0031341	regulation of cell killing	7	1	1.35	0.77806	1	BP
GO:0021903	rostrocaudal neural tube patterning	7	1	1.35	0.77806	1	BP
GO:1904893	negative regulation of receptor signalin...	7	1	1.35	0.77806	1	BP
GO:0003383	apical constriction	7	1	1.35	0.77806	1	BP
GO:1900101	regulation of endoplasmic reticulum unfo...	7	1	1.35	0.77806	1	BP
GO:0060295	regulation of cilium movement involved i...	7	1	1.35	0.77806	1	BP
GO:0035206	regulation of hemocyte proliferation	7	1	1.35	0.77806	1	BP
GO:0003344	pericardium morphogenesis	7	1	1.35	0.77806	1	BP
GO:2001238	positive regulation of extrinsic apoptot...	7	1	1.35	0.77806	1	BP
GO:0007212	dopamine receptor signaling pathway	7	1	1.35	0.77806	1	BP
GO:0060231	mesenchymal to epithelial transition	7	1	1.35	0.77806	1	BP
GO:0044818	mitotic G2/M transition checkpoint	7	1	1.35	0.77806	1	BP
GO:0002092	positive regulation of receptor internal...	7	1	1.35	0.77806	1	BP
GO:1902019	regulation of cilium-dependent cell moti...	7	1	1.35	0.77806	1	BP
GO:0043489	RNA stabilization	7	1	1.35	0.77806	1	BP
GO:0031295	T cell costimulation	7	1	1.35	0.77806	1	BP
GO:0015874	norepinephrine transport	7	1	1.35	0.77806	1	BP
GO:0032637	interleukin-8 production	7	1	1.35	0.77806	1	BP
GO:0003283	atrial septum development	7	1	1.35	0.77806	1	BP
GO:0071827	plasma lipoprotein particle organization	7	1	1.35	0.77806	1	BP
GO:0014061	regulation of norepinephrine secretion	7	1	1.35	0.77806	1	BP
GO:0046426	negative regulation of receptor signalin...	7	1	1.35	0.77806	1	BP
GO:0003209	cardiac atrium morphogenesis	7	1	1.35	0.77806	1	BP
GO:0060501	positive regulation of epithelial cell p...	7	1	1.35	0.77806	1	BP
GO:0060502	epithelial cell proliferation involved i...	7	1	1.35	0.77806	1	BP
GO:0097094	craniofacial suture morphogenesis	7	1	1.35	0.77806	1	BP
GO:0097062	dendritic spine maintenance	7	1	1.35	0.77806	1	BP
GO:0070050	neuron cellular homeostasis	7	1	1.35	0.77806	1	BP
GO:0071621	granulocyte chemotaxis	7	1	1.35	0.77806	1	BP
GO:0090083	regulation of inclusion body assembly	7	1	1.35	0.77806	1	BP
GO:1903556	negative regulation of tumor necrosis fa...	7	1	1.35	0.77806	1	BP
GO:0030042	actin filament depolymerization	7	1	1.35	0.77806	1	BP
GO:0034381	plasma lipoprotein particle clearance	7	1	1.35	0.77806	1	BP
GO:0002292	T cell differentiation involved in immun...	7	1	1.35	0.77806	1	BP
GO:0042130	negative regulation of T cell proliferat...	7	1	1.35	0.77806	1	BP
GO:0009794	regulation of mitotic cell cycle, embryo...	7	1	1.35	0.77806	1	BP
GO:0002200	somatic diversification of immune recept...	7	1	1.35	0.77806	1	BP
GO:0051985	negative regulation of chromosome segreg...	7	1	1.35	0.77806	1	BP
GO:0033003	regulation of mast cell activation	7	1	1.35	0.77806	1	BP
GO:0090322	regulation of superoxide metabolic proce...	7	1	1.35	0.77806	1	BP
GO:0002762	negative regulation of myeloid leukocyte...	7	1	1.35	0.77806	1	BP
GO:0090303	positive regulation of wound healing	7	1	1.35	0.77806	1	BP
GO:0061339	establishment or maintenance of monopola...	7	1	1.35	0.77806	1	BP
GO:0045167	asymmetric protein localization involved...	7	1	1.35	0.77806	1	BP
GO:0045188	regulation of circadian sleep/wake cycle...	7	1	1.35	0.77806	1	BP
GO:0002709	regulation of T cell mediated immunity	7	1	1.35	0.77806	1	BP
GO:0042748	circadian sleep/wake cycle, non-REM slee...	7	1	1.35	0.77806	1	BP
GO:0031952	regulation of protein autophosphorylatio...	7	1	1.35	0.77806	1	BP
GO:0070193	synaptonemal complex organization	7	1	1.35	0.77806	1	BP
GO:1905209	positive regulation of cardiocyte differ...	7	1	1.35	0.77806	1	BP
GO:0036065	fucosylation	7	1	1.35	0.77806	1	BP
GO:0097186	amelogenesis	7	1	1.35	0.77806	1	BP
GO:1903902	positive regulation of viral life cycle	7	1	1.35	0.77806	1	BP
GO:0090151	establishment of protein localization to...	7	1	1.35	0.77806	1	BP
GO:2000794	regulation of epithelial cell proliferat...	7	1	1.35	0.77806	1	BP
GO:0061162	establishment of monopolar cell polarity	7	1	1.35	0.77806	1	BP
GO:0043950	positive regulation of cAMP-mediated sig...	7	1	1.35	0.77806	1	BP
GO:0045761	regulation of adenylate cyclase activity	7	1	1.35	0.77806	1	BP
GO:0099054	presynapse assembly	7	1	1.35	0.77806	1	BP
GO:0042537	benzene-containing compound metabolic pr...	7	1	1.35	0.77806	1	BP
GO:0033301	cell cycle comprising mitosis without cy...	7	1	1.35	0.77806	1	BP
GO:0006953	acute-phase response	7	1	1.35	0.77806	1	BP
GO:0045821	positive regulation of glycolytic proces...	7	1	1.35	0.77806	1	BP
GO:0022611	dormancy process	7	1	1.35	0.77806	1	BP
GO:0050892	intestinal absorption	7	1	1.35	0.77806	1	BP
GO:0006907	pinocytosis	7	1	1.35	0.77806	1	BP
GO:0031330	negative regulation of cellular cataboli...	50	8	9.66	0.7792	1	BP
GO:0043406	positive regulation of MAP kinase activi...	50	8	9.66	0.7792	1	BP
GO:0097237	cellular response to toxic substance	50	8	9.66	0.7792	1	BP
GO:0072657	protein localization to membrane	101	17	19.51	0.77935	1	BP
GO:0036230	granulocyte activation	73	12	14.1	0.78091	1	BP
GO:0042119	neutrophil activation	73	12	14.1	0.78091	1	BP
GO:0002283	neutrophil activation involved in immune...	73	12	14.1	0.78091	1	BP
GO:1903708	positive regulation of hemopoiesis	17	5	3.28	0.78228	1	BP
GO:0071417	cellular response to organonitrogen comp...	140	24	27.05	0.78239	1	BP
GO:0002682	regulation of immune system process	166	31	32.07	0.78253	1	BP
GO:0043062	extracellular structure organization	56	9	10.82	0.78342	1	BP
GO:0034220	ion transmembrane transport	215	51	41.54	0.78487	1	BP
GO:0055072	iron ion homeostasis	14	2	2.7	0.78553	1	BP
GO:0055008	cardiac muscle tissue morphogenesis	14	2	2.7	0.78553	1	BP
GO:0030850	prostate gland development	14	2	2.7	0.78553	1	BP
GO:0061512	protein localization to cilium	14	2	2.7	0.78553	1	BP
GO:0090502	RNA phosphodiester bond hydrolysis, endo...	14	2	2.7	0.78553	1	BP
GO:1901616	organic hydroxy compound catabolic proce...	14	2	2.7	0.78553	1	BP
GO:0021517	ventral spinal cord development	14	2	2.7	0.78553	1	BP
GO:0033692	cellular polysaccharide biosynthetic pro...	14	2	2.7	0.78553	1	BP
GO:1903008	organelle disassembly	14	2	2.7	0.78553	1	BP
GO:0033627	cell adhesion mediated by integrin	14	2	2.7	0.78553	1	BP
GO:0048859	formation of anatomical boundary	14	2	2.7	0.78553	1	BP
GO:0035166	post-embryonic hemopoiesis	14	2	2.7	0.78553	1	BP
GO:0035112	genitalia morphogenesis	14	2	2.7	0.78553	1	BP
GO:0044273	sulfur compound catabolic process	14	2	2.7	0.78553	1	BP
GO:0048557	embryonic digestive tract morphogenesis	14	2	2.7	0.78553	1	BP
GO:1903313	positive regulation of mRNA metabolic pr...	14	2	2.7	0.78553	1	BP
GO:0003382	epithelial cell morphogenesis	14	2	2.7	0.78553	1	BP
GO:0007200	phospholipase C-activating G protein-cou...	14	2	2.7	0.78553	1	BP
GO:0038034	signal transduction in absence of ligand	14	2	2.7	0.78553	1	BP
GO:0071222	cellular response to lipopolysaccharide	14	2	2.7	0.78553	1	BP
GO:0043122	regulation of I-kappaB kinase/NF-kappaB ...	14	2	2.7	0.78553	1	BP
GO:0097006	regulation of plasma lipoprotein particl...	14	2	2.7	0.78553	1	BP
GO:0042157	lipoprotein metabolic process	14	2	2.7	0.78553	1	BP
GO:0043507	positive regulation of JUN kinase activi...	14	2	2.7	0.78553	1	BP
GO:0002218	activation of innate immune response	14	2	2.7	0.78553	1	BP
GO:0045453	bone resorption	14	2	2.7	0.78553	1	BP
GO:0046532	regulation of photoreceptor cell differe...	14	2	2.7	0.78553	1	BP
GO:0002706	regulation of lymphocyte mediated immuni...	14	2	2.7	0.78553	1	BP
GO:0097192	extrinsic apoptotic signaling pathway in...	14	2	2.7	0.78553	1	BP
GO:0030183	B cell differentiation	14	2	2.7	0.78553	1	BP
GO:0045879	negative regulation of smoothened signal...	14	2	2.7	0.78553	1	BP
GO:0045580	regulation of T cell differentiation	14	2	2.7	0.78553	1	BP
GO:0032259	methylation	62	10	11.98	0.78785	1	BP
GO:0016358	dendrite development	84	20	16.23	0.78787	1	BP
GO:0009948	anterior/posterior axis specification	42	9	8.11	0.78874	1	BP
GO:0051246	regulation of protein metabolic process	373	67	72.07	0.78991	1	BP
GO:0035107	appendage morphogenesis	113	19	21.83	0.79103	1	BP
GO:0034614	cellular response to reactive oxygen spe...	33	5	6.38	0.79388	1	BP
GO:0044272	sulfur compound biosynthetic process	33	5	6.38	0.79388	1	BP
GO:0006986	response to unfolded protein	33	5	6.38	0.79388	1	BP
GO:0030522	intracellular receptor signaling pathway	39	6	7.54	0.79413	1	BP
GO:0052548	regulation of endopeptidase activity	39	6	7.54	0.79413	1	BP
GO:0071236	cellular response to antibiotic	39	6	7.54	0.79413	1	BP
GO:1905330	regulation of morphogenesis of an epithe...	39	6	7.54	0.79413	1	BP
GO:1903706	regulation of hemopoiesis	60	12	11.59	0.79492	1	BP
GO:0051172	negative regulation of nitrogen compound...	363	65	70.14	0.79528	1	BP
GO:0050920	regulation of chemotaxis	45	7	8.69	0.79578	1	BP
GO:0000398	mRNA splicing, via spliceosome	45	7	8.69	0.79578	1	BP
GO:0000377	RNA splicing, via transesterification re...	45	7	8.69	0.79578	1	BP
GO:0001764	neuron migration	45	7	8.69	0.79578	1	BP
GO:1901800	positive regulation of proteasomal prote...	27	4	5.22	0.79599	1	BP
GO:0007351	tripartite regional subdivision	27	4	5.22	0.79599	1	BP
GO:0008595	anterior/posterior axis specification, e...	27	4	5.22	0.79599	1	BP
GO:0030901	midbrain development	27	4	5.22	0.79599	1	BP
GO:0071482	cellular response to light stimulus	27	4	5.22	0.79599	1	BP
GO:0060795	cell fate commitment involved in formati...	27	4	5.22	0.79599	1	BP
GO:0009132	nucleoside diphosphate metabolic process	27	4	5.22	0.79599	1	BP
GO:0002262	myeloid cell homeostasis	27	4	5.22	0.79599	1	BP
GO:0000956	nuclear-transcribed mRNA catabolic proce...	27	4	5.22	0.79599	1	BP
GO:0006906	vesicle fusion	27	4	5.22	0.79599	1	BP
GO:0090407	organophosphate biosynthetic process	119	20	22.99	0.79658	1	BP
GO:0001501	skeletal system development	91	15	17.58	0.79673	1	BP
GO:0010608	post-transcriptional regulation of gene ...	74	12	14.3	0.79698	1	BP
GO:0010243	response to organonitrogen compound	218	38	42.12	0.7982	1	BP
GO:0140013	meiotic nuclear division	51	8	9.85	0.79829	1	BP
GO:0044248	cellular catabolic process	353	63	68.2	0.80075	1	BP
GO:0055021	regulation of cardiac muscle tissue grow...	21	3	4.06	0.8024	1	BP
GO:0030856	regulation of epithelial cell differenti...	21	3	4.06	0.8024	1	BP
GO:0048333	mesodermal cell differentiation	21	3	4.06	0.8024	1	BP
GO:2001056	positive regulation of cysteine-type end...	21	3	4.06	0.8024	1	BP
GO:0048865	stem cell fate commitment	21	3	4.06	0.8024	1	BP
GO:0071300	cellular response to retinoic acid	21	3	4.06	0.8024	1	BP
GO:0001936	regulation of endothelial cell prolifera...	21	3	4.06	0.8024	1	BP
GO:1904892	regulation of receptor signaling pathway...	21	3	4.06	0.8024	1	BP
GO:0051897	positive regulation of protein kinase B ...	21	3	4.06	0.8024	1	BP
GO:0046425	regulation of receptor signaling pathway...	21	3	4.06	0.8024	1	BP
GO:0006165	nucleoside diphosphate phosphorylation	21	3	4.06	0.8024	1	BP
GO:0002449	lymphocyte mediated immunity	21	3	4.06	0.8024	1	BP
GO:0042446	hormone biosynthetic process	21	3	4.06	0.8024	1	BP
GO:0046716	muscle cell cellular homeostasis	21	3	4.06	0.8024	1	BP
GO:0006665	sphingolipid metabolic process	21	3	4.06	0.8024	1	BP
GO:0010324	membrane invagination	21	3	4.06	0.8024	1	BP
GO:0045132	meiotic chromosome segregation	21	3	4.06	0.8024	1	BP
GO:0006641	triglyceride metabolic process	21	3	4.06	0.8024	1	BP
GO:0046939	nucleotide phosphorylation	21	3	4.06	0.8024	1	BP
GO:0051247	positive regulation of protein metabolic...	251	44	48.5	0.80245	1	BP
GO:0002119	nematode larval development	86	14	16.62	0.80612	1	BP
GO:0098609	cell-cell adhesion	86	14	16.62	0.80612	1	BP
GO:0006396	RNA processing	131	22	25.31	0.80716	1	BP
GO:0006811	ion transport	286	63	55.26	0.81351	1	BP
GO:0033157	regulation of intracellular protein tran...	40	6	7.73	0.81444	1	BP
GO:0030316	osteoclast differentiation	18	5	3.48	0.81462	1	BP
GO:0060359	response to ammonium ion	46	7	8.89	0.81476	1	BP
GO:0000375	RNA splicing, via transesterification re...	46	7	8.89	0.81476	1	BP
GO:1901575	organic substance catabolic process	328	58	63.37	0.81492	1	BP
GO:0001841	neural tube formation	34	5	6.57	0.81573	1	BP
GO:0007159	leukocyte cell-cell adhesion	34	5	6.57	0.81573	1	BP
GO:0051170	import into nucleus	34	5	6.57	0.81573	1	BP
GO:0007588	excretion	34	5	6.57	0.81573	1	BP
GO:0061371	determination of heart left/right asymme...	34	5	6.57	0.81573	1	BP
GO:0046661	male sex differentiation	52	8	10.05	0.81612	1	BP
GO:1901565	organonitrogen compound catabolic proces...	220	38	42.51	0.81689	1	BP
GO:0036465	synaptic vesicle recycling	15	2	2.9	0.81765	1	BP
GO:0035082	axoneme assembly	15	2	2.9	0.81765	1	BP
GO:0002931	response to ischemia	15	2	2.9	0.81765	1	BP
GO:1901532	regulation of hematopoietic progenitor c...	15	2	2.9	0.81765	1	BP
GO:0019320	hexose catabolic process	15	2	2.9	0.81765	1	BP
GO:0060042	retina morphogenesis in camera-type eye	15	2	2.9	0.81765	1	BP
GO:0001974	blood vessel remodeling	15	2	2.9	0.81765	1	BP
GO:0006096	glycolytic process	15	2	2.9	0.81765	1	BP
GO:0051291	protein heterooligomerization	15	2	2.9	0.81765	1	BP
GO:0000271	polysaccharide biosynthetic process	15	2	2.9	0.81765	1	BP
GO:0031110	regulation of microtubule polymerization...	15	2	2.9	0.81765	1	BP
GO:0042052	rhabdomere development	15	2	2.9	0.81765	1	BP
GO:0046365	monosaccharide catabolic process	15	2	2.9	0.81765	1	BP
GO:0006487	protein N-linked glycosylation	15	2	2.9	0.81765	1	BP
GO:0014065	phosphatidylinositol 3-kinase signaling	15	2	2.9	0.81765	1	BP
GO:0007585	respiratory gaseous exchange by respirat...	15	2	2.9	0.81765	1	BP
GO:0060688	regulation of morphogenesis of a branchi...	15	2	2.9	0.81765	1	BP
GO:0006767	water-soluble vitamin metabolic process	15	2	2.9	0.81765	1	BP
GO:0006757	ATP generation from ADP	15	2	2.9	0.81765	1	BP
GO:0098742	cell-cell adhesion via plasma-membrane a...	15	2	2.9	0.81765	1	BP
GO:0043954	cellular component maintenance	15	2	2.9	0.81765	1	BP
GO:0045793	positive regulation of cell size	15	2	2.9	0.81765	1	BP
GO:0097254	renal tubular secretion	15	2	2.9	0.81765	1	BP
GO:1905879	regulation of oogenesis	15	2	2.9	0.81765	1	BP
GO:0050728	negative regulation of inflammatory resp...	15	2	2.9	0.81765	1	BP
GO:0022617	extracellular matrix disassembly	15	2	2.9	0.81765	1	BP
GO:0045806	negative regulation of endocytosis	15	2	2.9	0.81765	1	BP
GO:1904019	epithelial cell apoptotic process	15	2	2.9	0.81765	1	BP
GO:0050810	regulation of steroid biosynthetic proce...	15	2	2.9	0.81765	1	BP
GO:0009611	response to wounding	132	22	25.5	0.81861	1	BP
GO:0008217	regulation of blood pressure	28	4	5.41	0.81962	1	BP
GO:0014020	primary neural tube formation	28	4	5.41	0.81962	1	BP
GO:0015695	organic cation transport	28	4	5.41	0.81962	1	BP
GO:0022600	digestive system process	28	4	5.41	0.81962	1	BP
GO:0055085	transmembrane transport	264	59	51.01	0.81965	1	BP
GO:0002274	myeloid leukocyte activation	87	14	16.81	0.81994	1	BP
GO:0010941	regulation of cell death	291	51	56.22	0.82058	1	BP
GO:0032386	regulation of intracellular transport	64	10	12.37	0.82068	1	BP
GO:1990849	vacuolar localization	8	1	1.55	0.82109	1	BP
GO:0055062	phosphate ion homeostasis	8	1	1.55	0.82109	1	BP
GO:0010715	regulation of extracellular matrix disas...	8	1	1.55	0.82109	1	BP
GO:0070528	protein kinase C signaling	8	1	1.55	0.82109	1	BP
GO:0048368	lateral mesoderm development	8	1	1.55	0.82109	1	BP
GO:2000647	negative regulation of stem cell prolife...	8	1	1.55	0.82109	1	BP
GO:0048369	lateral mesoderm morphogenesis	8	1	1.55	0.82109	1	BP
GO:0048370	lateral mesoderm formation	8	1	1.55	0.82109	1	BP
GO:0030837	negative regulation of actin filament po...	8	1	1.55	0.82109	1	BP
GO:0035036	sperm-egg recognition	8	1	1.55	0.82109	1	BP
GO:0010592	positive regulation of lamellipodium ass...	8	1	1.55	0.82109	1	BP
GO:0010596	negative regulation of endothelial cell ...	8	1	1.55	0.82109	1	BP
GO:0050688	regulation of defense response to virus	8	1	1.55	0.82109	1	BP
GO:0060026	convergent extension	8	1	1.55	0.82109	1	BP
GO:0060039	pericardium development	8	1	1.55	0.82109	1	BP
GO:0021591	ventricular system development	8	1	1.55	0.82109	1	BP
GO:0021554	optic nerve development	8	1	1.55	0.82109	1	BP
GO:0021527	spinal cord association neuron different...	8	1	1.55	0.82109	1	BP
GO:0032309	icosanoid secretion	8	1	1.55	0.82109	1	BP
GO:0016242	negative regulation of macroautophagy	8	1	1.55	0.82109	1	BP
GO:0040040	thermosensory behavior	8	1	1.55	0.82109	1	BP
GO:0072148	epithelial cell fate commitment	8	1	1.55	0.82109	1	BP
GO:0032418	lysosome localization	8	1	1.55	0.82109	1	BP
GO:0045986	negative regulation of smooth muscle con...	8	1	1.55	0.82109	1	BP
GO:0033522	histone H2A ubiquitination	8	1	1.55	0.82109	1	BP
GO:0035332	positive regulation of hippo signaling	8	1	1.55	0.82109	1	BP
GO:0043052	thermotaxis	8	1	1.55	0.82109	1	BP
GO:0032291	axon ensheathment in central nervous sys...	8	1	1.55	0.82109	1	BP
GO:0071364	cellular response to epidermal growth fa...	8	1	1.55	0.82109	1	BP
GO:0086070	SA node cell to atrial cardiac muscle ce...	8	1	1.55	0.82109	1	BP
GO:0086015	SA node cell action potential	8	1	1.55	0.82109	1	BP
GO:0086018	SA node cell to atrial cardiac muscle ce...	8	1	1.55	0.82109	1	BP
GO:0000305	response to oxygen radical	8	1	1.55	0.82109	1	BP
GO:1904799	regulation of neuron remodeling	8	1	1.55	0.82109	1	BP
GO:0007129	homologous chromosome pairing at meiosis	8	1	1.55	0.82109	1	BP
GO:0035287	head segmentation	8	1	1.55	0.82109	1	BP
GO:0099518	vesicle cytoskeletal trafficking	8	1	1.55	0.82109	1	BP
GO:0072505	divalent inorganic anion homeostasis	8	1	1.55	0.82109	1	BP
GO:0072506	trivalent inorganic anion homeostasis	8	1	1.55	0.82109	1	BP
GO:0051154	negative regulation of striated muscle c...	8	1	1.55	0.82109	1	BP
GO:0060261	positive regulation of transcription ini...	8	1	1.55	0.82109	1	BP
GO:0060251	regulation of glial cell proliferation	8	1	1.55	0.82109	1	BP
GO:0099623	regulation of cardiac muscle cell membra...	8	1	1.55	0.82109	1	BP
GO:0038084	vascular endothelial growth factor signa...	8	1	1.55	0.82109	1	BP
GO:1904591	positive regulation of protein import	8	1	1.55	0.82109	1	BP
GO:1903431	positive regulation of cell maturation	8	1	1.55	0.82109	1	BP
GO:0051299	centrosome separation	8	1	1.55	0.82109	1	BP
GO:0003416	endochondral bone growth	8	1	1.55	0.82109	1	BP
GO:0031113	regulation of microtubule polymerization	8	1	1.55	0.82109	1	BP
GO:0051205	protein insertion into membrane	8	1	1.55	0.82109	1	BP
GO:0031294	lymphocyte costimulation	8	1	1.55	0.82109	1	BP
GO:0032642	regulation of chemokine production	8	1	1.55	0.82109	1	BP
GO:0051782	negative regulation of cell division	8	1	1.55	0.82109	1	BP
GO:0032602	chemokine production	8	1	1.55	0.82109	1	BP
GO:0022010	central nervous system myelination	8	1	1.55	0.82109	1	BP
GO:0000737	DNA catabolic process, endonucleolytic	8	1	1.55	0.82109	1	BP
GO:0043113	receptor clustering	8	1	1.55	0.82109	1	BP
GO:0060841	venous blood vessel development	8	1	1.55	0.82109	1	BP
GO:0071825	protein-lipid complex subunit organizati...	8	1	1.55	0.82109	1	BP
GO:0003215	cardiac right ventricle morphogenesis	8	1	1.55	0.82109	1	BP
GO:0003230	cardiac atrium development	8	1	1.55	0.82109	1	BP
GO:0007566	embryo implantation	8	1	1.55	0.82109	1	BP
GO:0071806	protein transmembrane transport	8	1	1.55	0.82109	1	BP
GO:1903747	regulation of establishment of protein l...	8	1	1.55	0.82109	1	BP
GO:0101023	vascular endothelial cell proliferation	8	1	1.55	0.82109	1	BP
GO:0002377	immunoglobulin production	8	1	1.55	0.82109	1	BP
GO:0007603	phototransduction, visible light	8	1	1.55	0.82109	1	BP
GO:0006220	pyrimidine nucleotide metabolic process	8	1	1.55	0.82109	1	BP
GO:0031529	ruffle organization	8	1	1.55	0.82109	1	BP
GO:0042473	outer ear morphogenesis	8	1	1.55	0.82109	1	BP
GO:0042478	regulation of eye photoreceptor cell dev...	8	1	1.55	0.82109	1	BP
GO:0006734	NADH metabolic process	8	1	1.55	0.82109	1	BP
GO:0043537	negative regulation of blood vessel endo...	8	1	1.55	0.82109	1	BP
GO:0042116	macrophage activation	8	1	1.55	0.82109	1	BP
GO:0002286	T cell activation involved in immune res...	8	1	1.55	0.82109	1	BP
GO:0060979	vasculogenesis involved in coronary vasc...	8	1	1.55	0.82109	1	BP
GO:0097345	mitochondrial outer membrane permeabiliz...	8	1	1.55	0.82109	1	BP
GO:1902751	positive regulation of cell cycle G2/M p...	8	1	1.55	0.82109	1	BP
GO:0098868	bone growth	8	1	1.55	0.82109	1	BP
GO:1902745	positive regulation of lamellipodium org...	8	1	1.55	0.82109	1	BP
GO:0061318	renal filtration cell differentiation	8	1	1.55	0.82109	1	BP
GO:0002700	regulation of production of molecular me...	8	1	1.55	0.82109	1	BP
GO:0002708	positive regulation of lymphocyte mediat...	8	1	1.55	0.82109	1	BP
GO:2000291	regulation of myoblast proliferation	8	1	1.55	0.82109	1	BP
GO:0006635	fatty acid beta-oxidation	8	1	1.55	0.82109	1	BP
GO:0046621	negative regulation of organ growth	8	1	1.55	0.82109	1	BP
GO:2000288	positive regulation of myoblast prolifer...	8	1	1.55	0.82109	1	BP
GO:0070121	Kupffer's vesicle development	8	1	1.55	0.82109	1	BP
GO:0097178	ruffle assembly	8	1	1.55	0.82109	1	BP
GO:0016056	rhodopsin mediated signaling pathway	8	1	1.55	0.82109	1	BP
GO:0034755	iron ion transmembrane transport	8	1	1.55	0.82109	1	BP
GO:0033363	secretory granule organization	8	1	1.55	0.82109	1	BP
GO:0008039	synaptic target recognition	8	1	1.55	0.82109	1	BP
GO:1905562	regulation of vascular endothelial cell ...	8	1	1.55	0.82109	1	BP
GO:0032094	response to food	8	1	1.55	0.82109	1	BP
GO:0006984	ER-nucleus signaling pathway	8	1	1.55	0.82109	1	BP
GO:0070841	inclusion body assembly	8	1	1.55	0.82109	1	BP
GO:0002443	leukocyte mediated immunity	93	15	17.97	0.82384	1	BP
GO:0044282	small molecule catabolic process	76	12	14.68	0.82655	1	BP
GO:0043299	leukocyte degranulation	76	12	14.68	0.82655	1	BP
GO:1904375	regulation of protein localization to ce...	22	3	4.25	0.82807	1	BP
GO:1901992	positive regulation of mitotic cell cycl...	22	3	4.25	0.82807	1	BP
GO:0001935	endothelial cell proliferation	22	3	4.25	0.82807	1	BP
GO:0120254	olefinic compound metabolic process	22	3	4.25	0.82807	1	BP
GO:0051145	smooth muscle cell differentiation	22	3	4.25	0.82807	1	BP
GO:0007616	long-term memory	22	3	4.25	0.82807	1	BP
GO:0031623	receptor internalization	22	3	4.25	0.82807	1	BP
GO:0006638	neutral lipid metabolic process	22	3	4.25	0.82807	1	BP
GO:0006639	acylglycerol metabolic process	22	3	4.25	0.82807	1	BP
GO:0046622	positive regulation of organ growth	22	3	4.25	0.82807	1	BP
GO:0043009	chordate embryonic development	148	27	28.6	0.82859	1	BP
GO:0032787	monocarboxylic acid metabolic process	105	17	20.29	0.83157	1	BP
GO:0042981	regulation of apoptotic process	249	43	48.11	0.83181	1	BP
GO:0051348	negative regulation of transferase activ...	47	7	9.08	0.83236	1	BP
GO:0010469	regulation of signaling receptor activit...	47	7	9.08	0.83236	1	BP
GO:0001704	formation of primary germ layer	53	8	10.24	0.83272	1	BP
GO:0032879	regulation of localization	441	84	85.21	0.83276	1	BP
GO:0012501	programmed cell death	298	52	57.58	0.83291	1	BP
GO:1903050	regulation of proteolysis involved in pr...	41	6	7.92	0.83315	1	BP
GO:0042461	photoreceptor cell development	41	6	7.92	0.83315	1	BP
GO:0035264	multicellular organism growth	65	10	12.56	0.83558	1	BP
GO:0090068	positive regulation of cell cycle proces...	65	10	12.56	0.83558	1	BP
GO:0034470	ncRNA processing	65	10	12.56	0.83558	1	BP
GO:0006611	protein export from nucleus	35	5	6.76	0.83569	1	BP
GO:0002697	regulation of immune effector process	35	5	6.76	0.83569	1	BP
GO:1901700	response to oxygen-containing compound	320	56	61.83	0.83571	1	BP
GO:0043604	amide biosynthetic process	128	21	24.73	0.83611	1	BP
GO:0000578	embryonic axis specification	32	7	6.18	0.83707	1	BP
GO:0009719	response to endogenous stimulus	326	57	62.99	0.84	1	BP
GO:0070848	response to growth factor	134	22	25.89	0.84006	1	BP
GO:0071375	cellular response to peptide hormone sti...	77	12	14.88	0.84007	1	BP
GO:0002275	myeloid cell activation involved in immu...	77	12	14.88	0.84007	1	BP
GO:0045787	positive regulation of cell cycle	77	12	14.88	0.84007	1	BP
GO:0044057	regulation of system process	132	36	25.5	0.84076	1	BP
GO:0060048	cardiac muscle contraction	29	4	5.6	0.84096	1	BP
GO:0051091	positive regulation of DNA-binding trans...	29	4	5.6	0.84096	1	BP
GO:0043491	protein kinase B signaling	29	4	5.6	0.84096	1	BP
GO:0051896	regulation of protein kinase B signaling	29	4	5.6	0.84096	1	BP
GO:0032943	mononuclear cell proliferation	29	4	5.6	0.84096	1	BP
GO:0046651	lymphocyte proliferation	29	4	5.6	0.84096	1	BP
GO:0090174	organelle membrane fusion	29	4	5.6	0.84096	1	BP
GO:0031532	actin cytoskeleton reorganization	19	5	3.67	0.84261	1	BP
GO:0051241	negative regulation of multicellular org...	223	38	43.09	0.84266	1	BP
GO:0048736	appendage development	123	20	23.76	0.84284	1	BP
GO:0016331	morphogenesis of embryonic epithelium	89	14	17.2	0.84537	1	BP
GO:0001892	embryonic placenta development	16	2	3.09	0.8454	1	BP
GO:0008347	glial cell migration	16	2	3.09	0.8454	1	BP
GO:0010883	regulation of lipid storage	16	2	3.09	0.8454	1	BP
GO:0045619	regulation of lymphocyte differentiation	16	2	3.09	0.8454	1	BP
GO:0061525	hindgut development	16	2	3.09	0.8454	1	BP
GO:0030539	male genitalia development	16	2	3.09	0.8454	1	BP
GO:0030501	positive regulation of bone mineralizati...	16	2	3.09	0.8454	1	BP
GO:0035383	thioester metabolic process	16	2	3.09	0.8454	1	BP
GO:0086001	cardiac muscle cell action potential	16	2	3.09	0.8454	1	BP
GO:0007442	hindgut morphogenesis	16	2	3.09	0.8454	1	BP
GO:0036503	ERAD pathway	16	2	3.09	0.8454	1	BP
GO:0048566	embryonic digestive tract development	16	2	3.09	0.8454	1	BP
GO:0035262	gonad morphogenesis	16	2	3.09	0.8454	1	BP
GO:0007143	female meiotic nuclear division	16	2	3.09	0.8454	1	BP
GO:0051149	positive regulation of muscle cell diffe...	16	2	3.09	0.8454	1	BP
GO:0007249	I-kappaB kinase/NF-kappaB signaling	16	2	3.09	0.8454	1	BP
GO:0051881	regulation of mitochondrial membrane pot...	16	2	3.09	0.8454	1	BP
GO:0046148	pigment biosynthetic process	16	2	3.09	0.8454	1	BP
GO:1903578	regulation of ATP metabolic process	16	2	3.09	0.8454	1	BP
GO:0050432	catecholamine secretion	16	2	3.09	0.8454	1	BP
GO:0050433	regulation of catecholamine secretion	16	2	3.09	0.8454	1	BP
GO:0042733	embryonic digit morphogenesis	16	2	3.09	0.8454	1	BP
GO:0070192	chromosome organization involved in meio...	16	2	3.09	0.8454	1	BP
GO:0006637	acyl-CoA metabolic process	16	2	3.09	0.8454	1	BP
GO:0046631	alpha-beta T cell activation	16	2	3.09	0.8454	1	BP
GO:0010454	negative regulation of cell fate commitm...	16	2	3.09	0.8454	1	BP
GO:0043967	histone H4 acetylation	16	2	3.09	0.8454	1	BP
GO:0009892	negative regulation of metabolic process	461	82	89.07	0.84569	1	BP
GO:0009636	response to toxic substance	146	24	28.21	0.84771	1	BP
GO:0006869	lipid transport	54	8	10.43	0.84813	1	BP
GO:0009895	negative regulation of catabolic process	54	8	10.43	0.84813	1	BP
GO:0071705	nitrogen compound transport	338	59	65.31	0.84827	1	BP
GO:0060548	negative regulation of cell death	174	29	33.62	0.84849	1	BP
GO:0021700	developmental maturation	104	23	20.09	0.84901	1	BP
GO:0009790	embryo development	365	66	70.52	0.84933	1	BP
GO:0034097	response to cytokine	135	22	26.08	0.85007	1	BP
GO:0001838	embryonic epithelial tube formation	42	6	8.11	0.85032	1	BP
GO:0072522	purine-containing compound biosynthetic ...	42	6	8.11	0.85032	1	BP
GO:0071824	protein-DNA complex subunit organization	42	6	8.11	0.85032	1	BP
GO:0003205	cardiac chamber development	42	6	8.11	0.85032	1	BP
GO:0006164	purine nucleotide biosynthetic process	42	6	8.11	0.85032	1	BP
GO:0010950	positive regulation of endopeptidase act...	23	3	4.44	0.85084	1	BP
GO:0018107	peptidyl-threonine phosphorylation	23	3	4.44	0.85084	1	BP
GO:0006835	dicarboxylic acid transport	23	3	4.44	0.85084	1	BP
GO:0048015	phosphatidylinositol-mediated signaling	23	3	4.44	0.85084	1	BP
GO:0048017	inositol lipid-mediated signaling	23	3	4.44	0.85084	1	BP
GO:0042326	negative regulation of phosphorylation	72	11	13.91	0.85098	1	BP
GO:0051093	negative regulation of developmental pro...	202	34	39.03	0.85098	1	BP
GO:0010629	negative regulation of gene expression	328	57	63.37	0.8537	1	BP
GO:0045670	regulation of osteoclast differentiation	12	4	2.32	0.85384	1	BP
GO:0050679	positive regulation of epithelial cell p...	36	5	6.96	0.85385	1	BP
GO:0051048	negative regulation of secretion	36	5	6.96	0.85385	1	BP
GO:0006364	rRNA processing	36	5	6.96	0.85385	1	BP
GO:0050727	regulation of inflammatory response	36	5	6.96	0.85385	1	BP
GO:0030162	regulation of proteolysis	107	17	20.67	0.854	1	BP
GO:0010721	negative regulation of cell development	84	13	16.23	0.85481	1	BP
GO:0030716	oocyte fate determination	9	1	1.74	0.8558	1	BP
GO:0010712	regulation of collagen metabolic process	9	1	1.74	0.8558	1	BP
GO:0030878	thyroid gland development	9	1	1.74	0.8558	1	BP
GO:0035070	salivary gland histolysis	9	1	1.74	0.8558	1	BP
GO:0021860	pyramidal neuron development	9	1	1.74	0.8558	1	BP
GO:0021859	pyramidal neuron differentiation	9	1	1.74	0.8558	1	BP
GO:0070671	response to interleukin-12	9	1	1.74	0.8558	1	BP
GO:0050672	negative regulation of lymphocyte prolif...	9	1	1.74	0.8558	1	BP
GO:0030521	androgen receptor signaling pathway	9	1	1.74	0.8558	1	BP
GO:0008407	chaeta morphogenesis	9	1	1.74	0.8558	1	BP
GO:0030514	negative regulation of BMP signaling pat...	9	1	1.74	0.8558	1	BP
GO:0021516	dorsal spinal cord development	9	1	1.74	0.8558	1	BP
GO:0048146	positive regulation of fibroblast prolif...	9	1	1.74	0.8558	1	BP
GO:0010644	cell communication by electrical couplin...	9	1	1.74	0.8558	1	BP
GO:0032479	regulation of type I interferon producti...	9	1	1.74	0.8558	1	BP
GO:0031018	endocrine pancreas development	9	1	1.74	0.8558	1	BP
GO:0045938	positive regulation of circadian sleep/w...	9	1	1.74	0.8558	1	BP
GO:0003081	regulation of systemic arterial blood pr...	9	1	1.74	0.8558	1	BP
GO:0043029	T cell homeostasis	9	1	1.74	0.8558	1	BP
GO:0048710	regulation of astrocyte differentiation	9	1	1.74	0.8558	1	BP
GO:0007494	midgut development	9	1	1.74	0.8558	1	BP
GO:0030951	establishment or maintenance of microtub...	9	1	1.74	0.8558	1	BP
GO:0071349	cellular response to interleukin-12	9	1	1.74	0.8558	1	BP
GO:0086011	membrane repolarization during action po...	9	1	1.74	0.8558	1	BP
GO:0006099	tricarboxylic acid cycle	9	1	1.74	0.8558	1	BP
GO:0007443	Malpighian tubule morphogenesis	9	1	1.74	0.8558	1	BP
GO:0032715	negative regulation of interleukin-6 pro...	9	1	1.74	0.8558	1	BP
GO:0001909	leukocyte mediated cytotoxicity	9	1	1.74	0.8558	1	BP
GO:0006004	fucose metabolic process	9	1	1.74	0.8558	1	BP
GO:0032873	negative regulation of stress-activated ...	9	1	1.74	0.8558	1	BP
GO:2001222	regulation of neuron migration	9	1	1.74	0.8558	1	BP
GO:0060260	regulation of transcription initiation b...	9	1	1.74	0.8558	1	BP
GO:0048619	embryonic hindgut morphogenesis	9	1	1.74	0.8558	1	BP
GO:0048643	positive regulation of skeletal muscle t...	9	1	1.74	0.8558	1	BP
GO:0099622	cardiac muscle cell membrane repolarizat...	9	1	1.74	0.8558	1	BP
GO:0035722	interleukin-12-mediated signaling pathwa...	9	1	1.74	0.8558	1	BP
GO:0032528	microvillus organization	9	1	1.74	0.8558	1	BP
GO:0002089	lens morphogenesis in camera-type eye	9	1	1.74	0.8558	1	BP
GO:0032606	type I interferon production	9	1	1.74	0.8558	1	BP
GO:0006308	DNA catabolic process	9	1	1.74	0.8558	1	BP
GO:0065001	specification of axis polarity	9	1	1.74	0.8558	1	BP
GO:0014068	positive regulation of phosphatidylinosi...	9	1	1.74	0.8558	1	BP
GO:0014059	regulation of dopamine secretion	9	1	1.74	0.8558	1	BP
GO:0007526	larval somatic muscle development	9	1	1.74	0.8558	1	BP
GO:0014041	regulation of neuron maturation	9	1	1.74	0.8558	1	BP
GO:0014046	dopamine secretion	9	1	1.74	0.8558	1	BP
GO:1902369	negative regulation of RNA catabolic pro...	9	1	1.74	0.8558	1	BP
GO:0051568	histone H3-K4 methylation	9	1	1.74	0.8558	1	BP
GO:1902373	negative regulation of mRNA catabolic pr...	9	1	1.74	0.8558	1	BP
GO:0006101	citrate metabolic process	9	1	1.74	0.8558	1	BP
GO:0097066	response to thyroid hormone	9	1	1.74	0.8558	1	BP
GO:0032945	negative regulation of mononuclear cell ...	9	1	1.74	0.8558	1	BP
GO:0042311	vasodilation	9	1	1.74	0.8558	1	BP
GO:0031581	hemidesmosome assembly	9	1	1.74	0.8558	1	BP
GO:1903580	positive regulation of ATP metabolic pro...	9	1	1.74	0.8558	1	BP
GO:0061036	positive regulation of cartilage develop...	9	1	1.74	0.8558	1	BP
GO:0030071	regulation of mitotic metaphase/anaphase...	9	1	1.74	0.8558	1	BP
GO:1902110	positive regulation of mitochondrial mem...	9	1	1.74	0.8558	1	BP
GO:0031641	regulation of myelination	9	1	1.74	0.8558	1	BP
GO:0060911	cardiac cell fate commitment	9	1	1.74	0.8558	1	BP
GO:0045466	R7 cell differentiation	9	1	1.74	0.8558	1	BP
GO:0045472	response to ether	9	1	1.74	0.8558	1	BP
GO:0070303	negative regulation of stress-activated ...	9	1	1.74	0.8558	1	BP
GO:0051955	regulation of amino acid transport	9	1	1.74	0.8558	1	BP
GO:2000242	negative regulation of reproductive proc...	9	1	1.74	0.8558	1	BP
GO:0002576	platelet degranulation	9	1	1.74	0.8558	1	BP
GO:2000725	regulation of cardiac muscle cell differ...	9	1	1.74	0.8558	1	BP
GO:0045838	positive regulation of membrane potentia...	9	1	1.74	0.8558	1	BP
GO:0006900	vesicle budding from membrane	9	1	1.74	0.8558	1	BP
GO:0050873	brown fat cell differentiation	9	1	1.74	0.8558	1	BP
GO:0070849	response to epidermal growth factor	9	1	1.74	0.8558	1	BP
GO:0045582	positive regulation of T cell differenti...	9	1	1.74	0.8558	1	BP
GO:0045576	mast cell activation	9	1	1.74	0.8558	1	BP
GO:0007389	pattern specification process	207	37	39.99	0.85672	1	BP
GO:0001667	ameboidal-type cell migration	113	18	21.83	0.85694	1	BP
GO:0061024	membrane organization	136	22	26.28	0.8596	1	BP
GO:0055088	lipid homeostasis	30	4	5.8	0.86014	1	BP
GO:0034605	cellular response to heat	30	4	5.8	0.86014	1	BP
GO:0070661	leukocyte proliferation	30	4	5.8	0.86014	1	BP
GO:0043271	negative regulation of ion transport	30	4	5.8	0.86014	1	BP
GO:0007586	digestion	30	4	5.8	0.86014	1	BP
GO:1903531	negative regulation of secretion by cell	30	4	5.8	0.86014	1	BP
GO:0006865	amino acid transport	30	4	5.8	0.86014	1	BP
GO:1905475	regulation of protein localization to me...	30	4	5.8	0.86014	1	BP
GO:0009566	fertilization	30	4	5.8	0.86014	1	BP
GO:0072091	regulation of stem cell proliferation	30	4	5.8	0.86014	1	BP
GO:0009615	response to virus	30	4	5.8	0.86014	1	BP
GO:0090287	regulation of cellular response to growt...	61	9	11.79	0.86212	1	BP
GO:0042110	T cell activation	55	8	10.63	0.86239	1	BP
GO:0022612	gland morphogenesis	55	8	10.63	0.86239	1	BP
GO:0014070	response to organic cyclic compound	209	35	40.38	0.86259	1	BP
GO:0001525	angiogenesis	73	11	14.1	0.86341	1	BP
GO:0051321	meiotic cell cycle	73	11	14.1	0.86341	1	BP
GO:0030111	regulation of Wnt signaling pathway	73	11	14.1	0.86341	1	BP
GO:0043588	skin development	49	7	9.47	0.86357	1	BP
GO:0010001	glial cell differentiation	49	7	9.47	0.86357	1	BP
GO:0042445	hormone metabolic process	42	9	8.11	0.86548	1	BP
GO:0052547	regulation of peptidase activity	43	6	8.31	0.86603	1	BP
GO:0030324	lung development	43	6	8.31	0.86603	1	BP
GO:0071702	organic substance transport	384	67	74.19	0.86612	1	BP
GO:0022411	cellular component disassembly	85	13	16.42	0.86622	1	BP
GO:0008152	metabolic process	1482	279	286.34	0.86769	1	BP
GO:1901699	cellular response to nitrogen compound	154	25	29.75	0.869	1	BP
GO:0030718	germ-line stem cell population maintenan...	17	2	3.28	0.86926	1	BP
GO:0021846	cell proliferation in forebrain	17	2	3.28	0.86926	1	BP
GO:0007029	endoplasmic reticulum organization	17	2	3.28	0.86926	1	BP
GO:0060350	endochondral bone morphogenesis	17	2	3.28	0.86926	1	BP
GO:0055117	regulation of cardiac muscle contraction	17	2	3.28	0.86926	1	BP
GO:0060425	lung morphogenesis	17	2	3.28	0.86926	1	BP
GO:0086003	cardiac muscle cell contraction	17	2	3.28	0.86926	1	BP
GO:0060443	mammary gland morphogenesis	17	2	3.28	0.86926	1	BP
GO:0008630	intrinsic apoptotic signaling pathway in...	17	2	3.28	0.86926	1	BP
GO:1903429	regulation of cell maturation	17	2	3.28	0.86926	1	BP
GO:0042098	T cell proliferation	17	2	3.28	0.86926	1	BP
GO:0051781	positive regulation of cell division	17	2	3.28	0.86926	1	BP
GO:0046128	purine ribonucleoside metabolic process	17	2	3.28	0.86926	1	BP
GO:0010092	specification of animal organ identity	17	2	3.28	0.86926	1	BP
GO:0043506	regulation of JUN kinase activity	17	2	3.28	0.86926	1	BP
GO:0060976	coronary vasculature development	17	2	3.28	0.86926	1	BP
GO:0042278	purine nucleoside metabolic process	17	2	3.28	0.86926	1	BP
GO:0110151	positive regulation of biomineralization	17	2	3.28	0.86926	1	BP
GO:0070169	positive regulation of biomineral tissue...	17	2	3.28	0.86926	1	BP
GO:0090101	negative regulation of transmembrane rec...	17	2	3.28	0.86926	1	BP
GO:0198738	cell-cell signaling by wnt	97	15	18.74	0.86991	1	BP
GO:0006402	mRNA catabolic process	37	5	7.15	0.87031	1	BP
GO:2000058	regulation of ubiquitin-dependent protei...	37	5	7.15	0.87031	1	BP
GO:0061136	regulation of proteasomal protein catabo...	37	5	7.15	0.87031	1	BP
GO:0055017	cardiac muscle tissue growth	24	3	4.64	0.87094	1	BP
GO:0001843	neural tube closure	24	3	4.64	0.87094	1	BP
GO:0035019	somatic stem cell population maintenance	24	3	4.64	0.87094	1	BP
GO:0060420	regulation of heart growth	24	3	4.64	0.87094	1	BP
GO:0060411	cardiac septum morphogenesis	24	3	4.64	0.87094	1	BP
GO:0006405	RNA export from nucleus	24	3	4.64	0.87094	1	BP
GO:0045089	positive regulation of innate immune res...	24	3	4.64	0.87094	1	BP
GO:0060606	tube closure	24	3	4.64	0.87094	1	BP
GO:0051653	spindle localization	24	3	4.64	0.87094	1	BP
GO:0018210	peptidyl-threonine modification	24	3	4.64	0.87094	1	BP
GO:0043627	response to estrogen	24	3	4.64	0.87094	1	BP
GO:0044237	cellular metabolic process	1407	264	271.85	0.87447	1	BP
GO:0071363	cellular response to growth factor stimu...	132	21	25.5	0.87468	1	BP
GO:2000241	regulation of reproductive process	62	9	11.98	0.87474	1	BP
GO:0006913	nucleocytoplasmic transport	62	9	11.98	0.87474	1	BP
GO:0006508	proteolysis	240	43	46.37	0.87706	1	BP
GO:0007043	cell-cell junction assembly	31	4	5.99	0.87732	1	BP
GO:0051236	establishment of RNA localization	31	4	5.99	0.87732	1	BP
GO:0006643	membrane lipid metabolic process	31	4	5.99	0.87732	1	BP
GO:0042542	response to hydrogen peroxide	31	4	5.99	0.87732	1	BP
GO:0019058	viral life cycle	31	4	5.99	0.87732	1	BP
GO:0006941	striated muscle contraction	31	4	5.99	0.87732	1	BP
GO:0030203	glycosaminoglycan metabolic process	31	4	5.99	0.87732	1	BP
GO:0045216	cell-cell junction organization	54	13	10.43	0.87783	1	BP
GO:0060249	anatomical structure homeostasis	92	14	17.78	0.87828	1	BP
GO:0060541	respiratory system development	92	14	17.78	0.87828	1	BP
GO:0071345	cellular response to cytokine stimulus	121	19	23.38	0.87855	1	BP
GO:0071704	organic substance metabolic process	1413	265	273.01	0.87891	1	BP
GO:0051641	cellular localization	617	119	119.21	0.87908	1	BP
GO:0016042	lipid catabolic process	44	6	8.5	0.88034	1	BP
GO:0002521	leukocyte differentiation	78	14	15.07	0.88069	1	BP
GO:0051179	localization	980	194	189.35	0.88134	1	BP
GO:1902107	positive regulation of leukocyte differe...	13	4	2.51	0.88203	1	BP
GO:0055010	ventricular cardiac muscle tissue morpho...	10	1	1.93	0.88379	1	BP
GO:0072350	tricarboxylic acid metabolic process	10	1	1.93	0.88379	1	BP
GO:0045621	positive regulation of lymphocyte differ...	10	1	1.93	0.88379	1	BP
GO:0070664	negative regulation of leukocyte prolife...	10	1	1.93	0.88379	1	BP
GO:1901571	fatty acid derivative transport	10	1	1.93	0.88379	1	BP
GO:0007091	metaphase/anaphase transition of mitotic...	10	1	1.93	0.88379	1	BP
GO:1904385	cellular response to angiotensin	10	1	1.93	0.88379	1	BP
GO:0021511	spinal cord patterning	10	1	1.93	0.88379	1	BP
GO:0044380	protein localization to cytoskeleton	10	1	1.93	0.88379	1	BP
GO:0016203	muscle attachment	10	1	1.93	0.88379	1	BP
GO:0060395	SMAD protein signal transduction	10	1	1.93	0.88379	1	BP
GO:0043001	Golgi to plasma membrane protein transpo...	10	1	1.93	0.88379	1	BP
GO:0030952	establishment or maintenance of cytoskel...	10	1	1.93	0.88379	1	BP
GO:0010965	regulation of mitotic sister chromatid s...	10	1	1.93	0.88379	1	BP
GO:0035172	hemocyte proliferation	10	1	1.93	0.88379	1	BP
GO:0000470	maturation of LSU-rRNA	10	1	1.93	0.88379	1	BP
GO:1900408	negative regulation of cellular response...	10	1	1.93	0.88379	1	BP
GO:0051450	myoblast proliferation	10	1	1.93	0.88379	1	BP
GO:0060135	maternal process involved in female preg...	10	1	1.93	0.88379	1	BP
GO:0007131	reciprocal meiotic recombination	10	1	1.93	0.88379	1	BP
GO:1903307	positive regulation of regulated secreto...	10	1	1.93	0.88379	1	BP
GO:0051155	positive regulation of striated muscle c...	10	1	1.93	0.88379	1	BP
GO:0035794	positive regulation of mitochondrial mem...	10	1	1.93	0.88379	1	BP
GO:0043388	positive regulation of DNA binding	10	1	1.93	0.88379	1	BP
GO:0035825	homologous recombination	10	1	1.93	0.88379	1	BP
GO:0140527	reciprocal homologous recombination	10	1	1.93	0.88379	1	BP
GO:1903202	negative regulation of oxidative stress-...	10	1	1.93	0.88379	1	BP
GO:0003229	ventricular cardiac muscle tissue develo...	10	1	1.93	0.88379	1	BP
GO:0002456	T cell mediated immunity	10	1	1.93	0.88379	1	BP
GO:1903523	negative regulation of blood circulation	10	1	1.93	0.88379	1	BP
GO:1901016	regulation of potassium ion transmembran...	10	1	1.93	0.88379	1	BP
GO:0043586	tongue development	10	1	1.93	0.88379	1	BP
GO:1902108	regulation of mitochondrial membrane per...	10	1	1.93	0.88379	1	BP
GO:0035924	cellular response to vascular endothelia...	10	1	1.93	0.88379	1	BP
GO:0015909	long-chain fatty acid transport	10	1	1.93	0.88379	1	BP
GO:0034121	regulation of toll-like receptor signali...	10	1	1.93	0.88379	1	BP
GO:2000144	positive regulation of DNA-templated tra...	10	1	1.93	0.88379	1	BP
GO:0002705	positive regulation of leukocyte mediate...	10	1	1.93	0.88379	1	BP
GO:0045143	homologous chromosome segregation	10	1	1.93	0.88379	1	BP
GO:0034260	negative regulation of GTPase activity	10	1	1.93	0.88379	1	BP
GO:0030490	maturation of SSU-rRNA	10	1	1.93	0.88379	1	BP
GO:1905710	positive regulation of membrane permeabi...	10	1	1.93	0.88379	1	BP
GO:0043966	histone H3 acetylation	10	1	1.93	0.88379	1	BP
GO:0030168	platelet activation	10	1	1.93	0.88379	1	BP
GO:1902686	mitochondrial outer membrane permeabiliz...	10	1	1.93	0.88379	1	BP
GO:0050766	positive regulation of phagocytosis	10	1	1.93	0.88379	1	BP
GO:0090207	regulation of triglyceride metabolic pro...	10	1	1.93	0.88379	1	BP
GO:0045840	positive regulation of mitotic nuclear d...	10	1	1.93	0.88379	1	BP
GO:0032026	response to magnesium ion	10	1	1.93	0.88379	1	BP
GO:0001759	organ induction	10	1	1.93	0.88379	1	BP
GO:0061458	reproductive system development	116	18	22.41	0.88517	1	BP
GO:1901861	regulation of muscle tissue development	38	5	7.34	0.88518	1	BP
GO:0016202	regulation of striated muscle tissue dev...	38	5	7.34	0.88518	1	BP
GO:0051168	nuclear export	38	5	7.34	0.88518	1	BP
GO:0035966	response to topologically incorrect prot...	38	5	7.34	0.88518	1	BP
GO:0034655	nucleobase-containing compound catabolic...	75	11	14.49	0.88581	1	BP
GO:0072594	establishment of protein localization to...	81	12	15.65	0.88621	1	BP
GO:0009799	specification of symmetry	63	9	12.17	0.8864	1	BP
GO:0009855	determination of bilateral symmetry	63	9	12.17	0.8864	1	BP
GO:0043067	regulation of programmed cell death	257	43	49.66	0.8883	1	BP
GO:0055024	regulation of cardiac muscle tissue deve...	25	3	4.83	0.88861	1	BP
GO:1901863	positive regulation of muscle tissue dev...	25	3	4.83	0.88861	1	BP
GO:0040018	positive regulation of multicellular org...	25	3	4.83	0.88861	1	BP
GO:0071466	cellular response to xenobiotic stimulus	25	3	4.83	0.88861	1	BP
GO:0007525	somatic muscle development	25	3	4.83	0.88861	1	BP
GO:0009620	response to fungus	25	3	4.83	0.88861	1	BP
GO:0045844	positive regulation of striated muscle t...	25	3	4.83	0.88861	1	BP
GO:0043434	response to peptide hormone	99	15	19.13	0.88912	1	BP
GO:0034644	cellular response to UV	18	2	3.48	0.8897	1	BP
GO:0072132	mesenchyme morphogenesis	18	2	3.48	0.8897	1	BP
GO:0008584	male gonad development	18	2	3.48	0.8897	1	BP
GO:0031128	developmental induction	18	2	3.48	0.8897	1	BP
GO:0003156	regulation of animal organ formation	18	2	3.48	0.8897	1	BP
GO:0042273	ribosomal large subunit biogenesis	18	2	3.48	0.8897	1	BP
GO:0051937	catecholamine transport	18	2	3.48	0.8897	1	BP
GO:0046546	development of primary male sexual chara...	18	2	3.48	0.8897	1	BP
GO:0090497	mesenchymal cell migration	18	2	3.48	0.8897	1	BP
GO:0002699	positive regulation of immune effector p...	18	2	3.48	0.8897	1	BP
GO:1901264	carbohydrate derivative transport	18	2	3.48	0.8897	1	BP
GO:0006942	regulation of striated muscle contractio...	18	2	3.48	0.8897	1	BP
GO:0001755	neural crest cell migration	18	2	3.48	0.8897	1	BP
GO:0043066	negative regulation of apoptotic process	151	24	29.17	0.89007	1	BP
GO:0030154	cell differentiation	729	145	140.85	0.89206	1	BP
GO:0008213	protein alkylation	32	4	6.18	0.89264	1	BP
GO:0007187	G protein-coupled receptor signaling pat...	32	4	6.18	0.89264	1	BP
GO:0006479	protein methylation	32	4	6.18	0.89264	1	BP
GO:0019915	lipid storage	32	4	6.18	0.89264	1	BP
GO:0010453	regulation of cell fate commitment	32	4	6.18	0.89264	1	BP
GO:0045861	negative regulation of proteolysis	32	4	6.18	0.89264	1	BP
GO:0030323	respiratory tube development	45	6	8.69	0.89335	1	BP
GO:0031589	cell-substrate adhesion	47	10	9.08	0.89384	1	BP
GO:0048732	gland development	150	26	28.98	0.89573	1	BP
GO:0048871	multicellular organismal homeostasis	70	10	13.52	0.89622	1	BP
GO:0051169	nuclear transport	64	9	12.37	0.89715	1	BP
GO:0051234	establishment of localization	758	154	146.45	0.89732	1	BP
GO:0071478	cellular response to radiation	39	5	7.54	0.89857	1	BP
GO:0048634	regulation of muscle organ development	39	5	7.54	0.89857	1	BP
GO:0009152	purine ribonucleotide biosynthetic proce...	39	5	7.54	0.89857	1	BP
GO:0048872	homeostasis of number of cells	58	8	11.21	0.89879	1	BP
GO:0033044	regulation of chromosome organization	58	8	11.21	0.89879	1	BP
GO:0030100	regulation of endocytosis	58	8	11.21	0.89879	1	BP
GO:0010033	response to organic substance	514	90	99.31	0.89892	1	BP
GO:0035282	segmentation	92	16	17.78	0.90009	1	BP
GO:0006810	transport	736	150	142.2	0.9006	1	BP
GO:0035295	tube development	320	54	61.83	0.90217	1	BP
GO:0044238	primary metabolic process	1352	252	261.22	0.90248	1	BP
GO:1905952	regulation of lipid localization	26	3	5.02	0.90409	1	BP
GO:0001942	hair follicle development	26	3	5.02	0.90409	1	BP
GO:0071242	cellular response to ammonium ion	26	3	5.02	0.90409	1	BP
GO:0016999	antibiotic metabolic process	26	3	5.02	0.90409	1	BP
GO:0042440	pigment metabolic process	26	3	5.02	0.90409	1	BP
GO:0002833	positive regulation of response to bioti...	26	3	5.02	0.90409	1	BP
GO:2000736	regulation of stem cell differentiation	26	3	5.02	0.90409	1	BP
GO:0043069	negative regulation of programmed cell d...	153	24	29.56	0.90419	1	BP
GO:1901698	response to nitrogen compound	232	38	44.82	0.90422	1	BP
GO:0040014	regulation of multicellular organism gro...	46	6	8.89	0.90514	1	BP
GO:0048869	cellular developmental process	738	146	142.59	0.90569	1	BP
GO:0009410	response to xenobiotic stimulus	71	10	13.72	0.90582	1	BP
GO:1901657	glycosyl compound metabolic process	33	4	6.38	0.90626	1	BP
GO:0032434	regulation of proteasomal ubiquitin-depe...	33	4	6.38	0.90626	1	BP
GO:0006022	aminoglycan metabolic process	33	4	6.38	0.90626	1	BP
GO:0070085	glycosylation	33	4	6.38	0.90626	1	BP
GO:0001714	endodermal cell fate specification	11	1	2.13	0.90635	1	BP
GO:0050802	circadian sleep/wake cycle, sleep	11	1	2.13	0.90635	1	BP
GO:0033108	mitochondrial respiratory chain complex ...	11	1	2.13	0.90635	1	BP
GO:0045668	negative regulation of osteoblast differ...	11	1	2.13	0.90635	1	BP
GO:0001836	release of cytochrome c from mitochondri...	11	1	2.13	0.90635	1	BP
GO:0035017	cuticle pattern formation	11	1	2.13	0.90635	1	BP
GO:1900077	negative regulation of cellular response...	11	1	2.13	0.90635	1	BP
GO:0000096	sulfur amino acid metabolic process	11	1	2.13	0.90635	1	BP
GO:1900034	regulation of cellular response to heat	11	1	2.13	0.90635	1	BP
GO:1903053	regulation of extracellular matrix organ...	11	1	2.13	0.90635	1	BP
GO:0045932	negative regulation of muscle contractio...	11	1	2.13	0.90635	1	BP
GO:0035330	regulation of hippo signaling	11	1	2.13	0.90635	1	BP
GO:0032272	negative regulation of protein polymeriz...	11	1	2.13	0.90635	1	BP
GO:0060306	regulation of membrane repolarization	11	1	2.13	0.90635	1	BP
GO:0035167	larval lymph gland hemopoiesis	11	1	2.13	0.90635	1	BP
GO:0086009	membrane repolarization	11	1	2.13	0.90635	1	BP
GO:0060445	branching involved in salivary gland mor...	11	1	2.13	0.90635	1	BP
GO:0035126	post-embryonic genitalia morphogenesis	11	1	2.13	0.90635	1	BP
GO:0048803	imaginal disc-derived male genitalia mor...	11	1	2.13	0.90635	1	BP
GO:0048805	imaginal disc-derived genitalia morphoge...	11	1	2.13	0.90635	1	BP
GO:0001906	cell killing	11	1	2.13	0.90635	1	BP
GO:0003352	regulation of cilium movement	11	1	2.13	0.90635	1	BP
GO:1904589	regulation of protein import	11	1	2.13	0.90635	1	BP
GO:0015872	dopamine transport	11	1	2.13	0.90635	1	BP
GO:0015804	neutral amino acid transport	11	1	2.13	0.90635	1	BP
GO:0071709	membrane assembly	11	1	2.13	0.90635	1	BP
GO:0006497	protein lipidation	11	1	2.13	0.90635	1	BP
GO:0014003	oligodendrocyte development	11	1	2.13	0.90635	1	BP
GO:0022410	circadian sleep/wake cycle process	11	1	2.13	0.90635	1	BP
GO:0042158	lipoprotein biosynthetic process	11	1	2.13	0.90635	1	BP
GO:0046850	regulation of bone remodeling	11	1	2.13	0.90635	1	BP
GO:0070373	negative regulation of ERK1 and ERK2 cas...	11	1	2.13	0.90635	1	BP
GO:0042255	ribosome assembly	11	1	2.13	0.90635	1	BP
GO:0060900	embryonic camera-type eye formation	11	1	2.13	0.90635	1	BP
GO:2000178	negative regulation of neural precursor ...	11	1	2.13	0.90635	1	BP
GO:0006699	bile acid biosynthetic process	11	1	2.13	0.90635	1	BP
GO:2000142	regulation of DNA-templated transcriptio...	11	1	2.13	0.90635	1	BP
GO:0042753	positive regulation of circadian rhythm	11	1	2.13	0.90635	1	BP
GO:0045187	regulation of circadian sleep/wake cycle...	11	1	2.13	0.90635	1	BP
GO:0046627	negative regulation of insulin receptor ...	11	1	2.13	0.90635	1	BP
GO:0061430	bone trabecula morphogenesis	11	1	2.13	0.90635	1	BP
GO:1990266	neutrophil migration	11	1	2.13	0.90635	1	BP
GO:0045745	positive regulation of G protein-coupled...	11	1	2.13	0.90635	1	BP
GO:0002698	negative regulation of immune effector p...	11	1	2.13	0.90635	1	BP
GO:1990776	response to angiotensin	11	1	2.13	0.90635	1	BP
GO:0046902	regulation of mitochondrial membrane per...	11	1	2.13	0.90635	1	BP
GO:0043933	protein-containing complex organization	344	62	66.46	0.90637	1	BP
GO:0000280	nuclear division	98	18	18.93	0.90644	1	BP
GO:0008340	determination of adult lifespan	65	9	12.56	0.90705	1	BP
GO:0021515	cell differentiation in spinal cord	19	2	3.67	0.90715	1	BP
GO:0001938	positive regulation of endothelial cell ...	19	2	3.67	0.90715	1	BP
GO:1903321	negative regulation of protein modificat...	19	2	3.67	0.90715	1	BP
GO:1903305	regulation of regulated secretory pathwa...	19	2	3.67	0.90715	1	BP
GO:0008637	apoptotic mitochondrial changes	19	2	3.67	0.90715	1	BP
GO:0071599	otic vesicle development	19	2	3.67	0.90715	1	BP
GO:0006754	ATP biosynthetic process	19	2	3.67	0.90715	1	BP
GO:0002703	regulation of leukocyte mediated immunit...	19	2	3.67	0.90715	1	BP
GO:0034763	negative regulation of transmembrane tra...	19	2	3.67	0.90715	1	BP
GO:0099024	plasma membrane invagination	19	2	3.67	0.90715	1	BP
GO:0051248	negative regulation of protein metabolic...	142	22	27.44	0.90743	1	BP
GO:0043043	peptide biosynthetic process	113	17	21.83	0.90775	1	BP
GO:0032869	cellular response to insulin stimulus	59	8	11.4	0.90897	1	BP
GO:0009880	embryonic pattern specification	81	14	15.65	0.90949	1	BP
GO:0051302	regulation of cell division	40	5	7.73	0.91059	1	BP
GO:0007435	salivary gland morphogenesis	40	5	7.73	0.91059	1	BP
GO:0022404	molting cycle process	40	5	7.73	0.91059	1	BP
GO:0008284	positive regulation of cell population p...	154	24	29.75	0.91068	1	BP
GO:0007507	heart development	137	21	26.47	0.91258	1	BP
GO:0016055	Wnt signaling pathway	96	14	18.55	0.91323	1	BP
GO:0032880	regulation of protein localization	183	29	35.36	0.91344	1	BP
GO:0032868	response to insulin	66	9	12.75	0.91613	1	BP
GO:0060021	roof of mouth development	27	3	5.22	0.91761	1	BP
GO:0010952	positive regulation of peptidase activit...	27	3	5.22	0.91761	1	BP
GO:0060419	heart growth	27	3	5.22	0.91761	1	BP
GO:0048636	positive regulation of muscle organ deve...	27	3	5.22	0.91761	1	BP
GO:0022405	hair cycle process	27	3	5.22	0.91761	1	BP
GO:0098773	skin epidermis development	27	3	5.22	0.91761	1	BP
GO:0007492	endoderm development	34	4	6.57	0.91833	1	BP
GO:0003231	cardiac ventricle development	34	4	6.57	0.91833	1	BP
GO:0022607	cellular component assembly	518	100	100.08	0.92053	1	BP
GO:0015711	organic anion transport	91	13	17.58	0.92061	1	BP
GO:0001894	tissue homeostasis	54	7	10.43	0.92128	1	BP
GO:0072175	epithelial tube formation	54	7	10.43	0.92128	1	BP
GO:0018205	peptidyl-lysine modification	54	7	10.43	0.92128	1	BP
GO:0090150	establishment of protein localization to...	54	7	10.43	0.92128	1	BP
GO:0046620	regulation of organ growth	41	5	7.92	0.92134	1	BP
GO:0033865	nucleoside bisphosphate metabolic proces...	20	2	3.86	0.92199	1	BP
GO:0033875	ribonucleoside bisphosphate metabolic pr...	20	2	3.86	0.92199	1	BP
GO:0048730	epidermis morphogenesis	20	2	3.86	0.92199	1	BP
GO:0007338	single fertilization	20	2	3.86	0.92199	1	BP
GO:0060415	muscle tissue morphogenesis	20	2	3.86	0.92199	1	BP
GO:0051294	establishment of spindle orientation	20	2	3.86	0.92199	1	BP
GO:0015844	monoamine transport	20	2	3.86	0.92199	1	BP
GO:0034032	purine nucleoside bisphosphate metabolic...	20	2	3.86	0.92199	1	BP
GO:0050886	endocrine process	20	2	3.86	0.92199	1	BP
GO:0065003	protein-containing complex assembly	303	54	58.54	0.92268	1	BP
GO:0042063	gliogenesis	67	9	12.95	0.92445	1	BP
GO:0001711	endodermal cell fate commitment	12	1	2.32	0.92455	1	BP
GO:0030858	positive regulation of epithelial cell d...	12	1	2.32	0.92455	1	BP
GO:0097530	granulocyte migration	12	1	2.32	0.92455	1	BP
GO:0009988	cell-cell recognition	12	1	2.32	0.92455	1	BP
GO:1990542	mitochondrial transmembrane transport	12	1	2.32	0.92455	1	BP
GO:0140053	mitochondrial gene expression	12	1	2.32	0.92455	1	BP
GO:1900087	positive regulation of G1/S transition o...	12	1	2.32	0.92455	1	BP
GO:0032387	negative regulation of intracellular tra...	12	1	2.32	0.92455	1	BP
GO:0000079	regulation of cyclin-dependent protein s...	12	1	2.32	0.92455	1	BP
GO:1905954	positive regulation of lipid localizatio...	12	1	2.32	0.92455	1	BP
GO:0031069	hair follicle morphogenesis	12	1	2.32	0.92455	1	BP
GO:0060441	epithelial tube branching involved in lu...	12	1	2.32	0.92455	1	BP
GO:0035159	regulation of tube length, open tracheal...	12	1	2.32	0.92455	1	BP
GO:0051306	mitotic sister chromatid separation	12	1	2.32	0.92455	1	BP
GO:0035116	embryonic hindlimb morphogenesis	12	1	2.32	0.92455	1	BP
GO:0071479	cellular response to ionizing radiation	12	1	2.32	0.92455	1	BP
GO:0048524	positive regulation of viral process	12	1	2.32	0.92455	1	BP
GO:1904894	positive regulation of receptor signalin...	12	1	2.32	0.92455	1	BP
GO:0035767	endothelial cell chemotaxis	12	1	2.32	0.92455	1	BP
GO:0032680	regulation of tumor necrosis factor prod...	12	1	2.32	0.92455	1	BP
GO:0043277	apoptotic cell clearance	12	1	2.32	0.92455	1	BP
GO:0046427	positive regulation of receptor signalin...	12	1	2.32	0.92455	1	BP
GO:0015697	quaternary ammonium group transport	12	1	2.32	0.92455	1	BP
GO:1903555	regulation of tumor necrosis factor supe...	12	1	2.32	0.92455	1	BP
GO:0022416	chaeta development	12	1	2.32	0.92455	1	BP
GO:0062207	regulation of pattern recognition recept...	12	1	2.32	0.92455	1	BP
GO:0060972	left/right pattern formation	12	1	2.32	0.92455	1	BP
GO:0046825	regulation of protein export from nucleu...	12	1	2.32	0.92455	1	BP
GO:0060977	coronary vasculature morphogenesis	12	1	2.32	0.92455	1	BP
GO:0033013	tetrapyrrole metabolic process	12	1	2.32	0.92455	1	BP
GO:0033047	regulation of mitotic sister chromatid s...	12	1	2.32	0.92455	1	BP
GO:0070306	lens fiber cell differentiation	12	1	2.32	0.92455	1	BP
GO:0061311	cell surface receptor signaling pathway ...	12	1	2.32	0.92455	1	BP
GO:0072002	Malpighian tubule development	12	1	2.32	0.92455	1	BP
GO:0006919	activation of cysteine-type endopeptidas...	12	1	2.32	0.92455	1	BP
GO:0022602	ovulation cycle process	12	1	2.32	0.92455	1	BP
GO:0035148	tube formation	61	8	11.79	0.92675	1	BP
GO:0009165	nucleotide biosynthetic process	61	8	11.79	0.92675	1	BP
GO:1901293	nucleoside phosphate biosynthetic proces...	61	8	11.79	0.92675	1	BP
GO:1902105	regulation of leukocyte differentiation	31	6	5.99	0.92729	1	BP
GO:0048863	stem cell differentiation	80	11	15.46	0.92898	1	BP
GO:0030326	embryonic limb morphogenesis	35	4	6.76	0.929	1	BP
GO:0009166	nucleotide catabolic process	28	3	5.41	0.92936	1	BP
GO:0034404	nucleobase-containing small molecule bio...	28	3	5.41	0.92936	1	BP
GO:1901292	nucleoside phosphate catabolic process	28	3	5.41	0.92936	1	BP
GO:0042633	hair cycle	28	3	5.41	0.92936	1	BP
GO:0016032	viral process	55	7	10.63	0.92987	1	BP
GO:0120192	tight junction assembly	21	2	4.06	0.93457	1	BP
GO:0120193	tight junction organization	21	2	4.06	0.93457	1	BP
GO:0072599	establishment of protein localization to...	21	2	4.06	0.93457	1	BP
GO:0051153	regulation of striated muscle cell diffe...	21	2	4.06	0.93457	1	BP
GO:0048644	muscle organ morphogenesis	21	2	4.06	0.93457	1	BP
GO:0042475	odontogenesis of dentin-containing tooth	21	2	4.06	0.93457	1	BP
GO:0009145	purine nucleoside triphosphate biosynthe...	21	2	4.06	0.93457	1	BP
GO:0009206	purine ribonucleoside triphosphate biosy...	21	2	4.06	0.93457	1	BP
GO:0010463	mesenchymal cell proliferation	21	2	4.06	0.93457	1	BP
GO:0044270	cellular nitrogen compound catabolic pro...	81	11	15.65	0.9357	1	BP
GO:0016485	protein processing	34	7	6.57	0.93722	1	BP
GO:0140014	mitotic nuclear division	58	11	11.21	0.93823	1	BP
GO:0022618	ribonucleoprotein complex assembly	36	4	6.96	0.93839	1	BP
GO:0045862	positive regulation of proteolysis	69	9	13.33	0.93898	1	BP
GO:0055013	cardiac muscle cell development	13	1	2.51	0.93921	1	BP
GO:0055006	cardiac cell development	13	1	2.51	0.93921	1	BP
GO:0045610	regulation of hemocyte differentiation	13	1	2.51	0.93921	1	BP
GO:0034968	histone lysine methylation	13	1	2.51	0.93921	1	BP
GO:0008206	bile acid metabolic process	13	1	2.51	0.93921	1	BP
GO:0035329	hippo signaling	13	1	2.51	0.93921	1	BP
GO:0007315	pole plasm assembly	13	1	2.51	0.93921	1	BP
GO:0048882	lateral line development	13	1	2.51	0.93921	1	BP
GO:0001958	endochondral ossification	13	1	2.51	0.93921	1	BP
GO:0016574	histone ubiquitination	13	1	2.51	0.93921	1	BP
GO:0035151	regulation of tube size, open tracheal s...	13	1	2.51	0.93921	1	BP
GO:0003333	amino acid transmembrane transport	13	1	2.51	0.93921	1	BP
GO:0038066	p38MAPK cascade	13	1	2.51	0.93921	1	BP
GO:0043407	negative regulation of MAP kinase activi...	13	1	2.51	0.93921	1	BP
GO:0051784	negative regulation of nuclear division	13	1	2.51	0.93921	1	BP
GO:0015807	L-amino acid transport	13	1	2.51	0.93921	1	BP
GO:0006446	regulation of translational initiation	13	1	2.51	0.93921	1	BP
GO:0048925	lateral line system development	13	1	2.51	0.93921	1	BP
GO:0042386	hemocyte differentiation	13	1	2.51	0.93921	1	BP
GO:1902475	L-alpha-amino acid transmembrane transpo...	13	1	2.51	0.93921	1	BP
GO:1901068	guanosine-containing compound metabolic ...	13	1	2.51	0.93921	1	BP
GO:0046888	negative regulation of hormone secretion	13	1	2.51	0.93921	1	BP
GO:0006513	protein monoubiquitination	13	1	2.51	0.93921	1	BP
GO:0006687	glycosphingolipid metabolic process	13	1	2.51	0.93921	1	BP
GO:0046685	response to arsenic-containing substance	13	1	2.51	0.93921	1	BP
GO:0036075	replacement ossification	13	1	2.51	0.93921	1	BP
GO:1903900	regulation of viral life cycle	13	1	2.51	0.93921	1	BP
GO:0030433	ubiquitin-dependent ERAD pathway	13	1	2.51	0.93921	1	BP
GO:0006911	phagocytosis, engulfment	13	1	2.51	0.93921	1	BP
GO:1904029	regulation of cyclin-dependent protein k...	13	1	2.51	0.93921	1	BP
GO:0009260	ribonucleotide biosynthetic process	43	5	8.31	0.93948	1	BP
GO:0050657	nucleic acid transport	29	3	5.6	0.93957	1	BP
GO:0050658	RNA transport	29	3	5.6	0.93957	1	BP
GO:0051100	negative regulation of binding	29	3	5.6	0.93957	1	BP
GO:0009060	aerobic respiration	29	3	5.6	0.93957	1	BP
GO:0043413	macromolecule glycosylation	29	3	5.6	0.93957	1	BP
GO:0043409	negative regulation of MAPK cascade	29	3	5.6	0.93957	1	BP
GO:0006486	protein glycosylation	29	3	5.6	0.93957	1	BP
GO:0019439	aromatic compound catabolic process	88	12	17	0.94076	1	BP
GO:0046700	heterocycle catabolic process	82	11	15.84	0.94186	1	BP
GO:0007155	cell adhesion	140	24	27.05	0.94352	1	BP
GO:0006518	peptide metabolic process	137	23	26.47	0.94421	1	BP
GO:0044085	cellular component biogenesis	559	106	108	0.94452	1	BP
GO:0048193	Golgi vesicle transport	57	7	11.01	0.94462	1	BP
GO:0048709	oligodendrocyte differentiation	22	2	4.25	0.94522	1	BP
GO:0016571	histone methylation	22	2	4.25	0.94522	1	BP
GO:0009201	ribonucleoside triphosphate biosynthetic...	22	2	4.25	0.94522	1	BP
GO:0050792	regulation of viral process	22	2	4.25	0.94522	1	BP
GO:0031400	negative regulation of protein modificat...	95	13	18.35	0.94545	1	BP
GO:0035108	limb morphogenesis	37	4	7.15	0.94664	1	BP
GO:0071826	ribonucleoprotein complex subunit organi...	37	4	7.15	0.94664	1	BP
GO:0072359	circulatory system development	190	29	36.71	0.94669	1	BP
GO:0006996	organelle organization	636	118	122.88	0.94739	1	BP
GO:0006163	purine nucleotide metabolic process	83	11	16.04	0.94751	1	BP
GO:0003279	cardiac septum development	30	3	5.8	0.94839	1	BP
GO:0002244	hematopoietic progenitor cell differenti...	30	3	5.8	0.94839	1	BP
GO:0006694	steroid biosynthetic process	30	3	5.8	0.94839	1	BP
GO:0048066	developmental pigmentation	30	3	5.8	0.94839	1	BP
GO:0042303	molting cycle	51	6	9.85	0.94866	1	BP
GO:0002164	larval development	120	17	23.19	0.94887	1	BP
GO:0019752	carboxylic acid metabolic process	179	27	34.58	0.94889	1	BP
GO:0048608	reproductive structure development	114	16	22.03	0.94901	1	BP
GO:0010876	lipid localization	77	10	14.88	0.94905	1	BP
GO:0006820	anion transport	133	27	25.7	0.9495	1	BP
GO:0048285	organelle fission	105	18	20.29	0.95101	1	BP
GO:0036335	intestinal stem cell homeostasis	14	1	2.7	0.95103	1	BP
GO:0045685	regulation of glial cell differentiation	14	1	2.7	0.95103	1	BP
GO:0035023	regulation of Rho protein signal transdu...	14	1	2.7	0.95103	1	BP
GO:0045992	negative regulation of embryonic develop...	14	1	2.7	0.95103	1	BP
GO:0031397	negative regulation of protein ubiquitin...	14	1	2.7	0.95103	1	BP
GO:0032890	regulation of organic acid transport	14	1	2.7	0.95103	1	BP
GO:0051148	negative regulation of muscle cell diffe...	14	1	2.7	0.95103	1	BP
GO:0002090	regulation of receptor internalization	14	1	2.7	0.95103	1	BP
GO:1902036	regulation of hematopoietic stem cell di...	14	1	2.7	0.95103	1	BP
GO:0032675	regulation of interleukin-6 production	14	1	2.7	0.95103	1	BP
GO:0032635	interleukin-6 production	14	1	2.7	0.95103	1	BP
GO:0014009	glial cell proliferation	14	1	2.7	0.95103	1	BP
GO:1990090	cellular response to nerve growth factor...	14	1	2.7	0.95103	1	BP
GO:1903844	regulation of cellular response to trans...	14	1	2.7	0.95103	1	BP
GO:0017015	regulation of transforming growth factor...	14	1	2.7	0.95103	1	BP
GO:0006826	iron ion transport	14	1	2.7	0.95103	1	BP
GO:0033077	T cell differentiation in thymus	14	1	2.7	0.95103	1	BP
GO:1902808	positive regulation of cell cycle G1/S p...	14	1	2.7	0.95103	1	BP
GO:0017158	regulation of calcium ion-dependent exoc...	14	1	2.7	0.95103	1	BP
GO:0001933	negative regulation of protein phosphory...	65	8	12.56	0.95349	1	BP
GO:0007167	enzyme-linked receptor protein signaling...	175	34	33.81	0.95373	1	BP
GO:0046390	ribose phosphate biosynthetic process	45	5	8.69	0.95377	1	BP
GO:0035113	embryonic appendage morphogenesis	38	4	7.34	0.95388	1	BP
GO:0045333	cellular respiration	38	4	7.34	0.95388	1	BP
GO:0030177	positive regulation of Wnt signaling pat...	38	4	7.34	0.95388	1	BP
GO:0050730	regulation of peptidyl-tyrosine phosphor...	38	4	7.34	0.95388	1	BP
GO:0070972	protein localization to endoplasmic reti...	23	2	4.44	0.95421	1	BP
GO:0007127	meiosis I	23	2	4.44	0.95421	1	BP
GO:0051293	establishment of spindle localization	23	2	4.44	0.95421	1	BP
GO:0002088	lens development in camera-type eye	23	2	4.44	0.95421	1	BP
GO:0043297	apical junction assembly	23	2	4.44	0.95421	1	BP
GO:1903509	liposaccharide metabolic process	23	2	4.44	0.95421	1	BP
GO:0009142	nucleoside triphosphate biosynthetic pro...	23	2	4.44	0.95421	1	BP
GO:0006664	glycolipid metabolic process	23	2	4.44	0.95421	1	BP
GO:0046660	female sex differentiation	23	2	4.44	0.95421	1	BP
GO:0090288	negative regulation of cellular response...	23	2	4.44	0.95421	1	BP
GO:0048738	cardiac muscle tissue development	52	6	10.05	0.95483	1	BP
GO:0035265	organ growth	52	6	10.05	0.95483	1	BP
GO:0032501	multicellular organismal process	1195	232	230.89	0.95542	1	BP
GO:0019538	protein metabolic process	756	134	146.07	0.95572	1	BP
GO:0042335	cuticle development	31	3	5.99	0.95601	1	BP
GO:0030217	T cell differentiation	31	3	5.99	0.95601	1	BP
GO:0042060	wound healing	91	12	17.58	0.95613	1	BP
GO:0060828	regulation of canonical Wnt signaling pa...	59	7	11.4	0.95655	1	BP
GO:1903046	meiotic cell cycle process	66	8	12.75	0.95864	1	BP
GO:0048565	digestive tract development	66	8	12.75	0.95864	1	BP
GO:0002761	regulation of myeloid leukocyte differen...	18	4	3.48	0.95966	1	BP
GO:0009798	axis specification	63	10	12.17	0.95969	1	BP
GO:0007431	salivary gland development	46	5	8.89	0.95971	1	BP
GO:0015718	monocarboxylic acid transport	39	4	7.54	0.9602	1	BP
GO:0007350	blastoderm segmentation	53	6	10.24	0.96033	1	BP
GO:0007613	memory	53	6	10.24	0.96033	1	BP
GO:0060033	anatomical structure regression	15	1	2.9	0.96056	1	BP
GO:0010656	negative regulation of muscle cell apopt...	15	1	2.9	0.96056	1	BP
GO:0035461	vitamin transmembrane transport	15	1	2.9	0.96056	1	BP
GO:0006024	glycosaminoglycan biosynthetic process	15	1	2.9	0.96056	1	BP
GO:0048596	embryonic camera-type eye morphogenesis	15	1	2.9	0.96056	1	BP
GO:0019886	antigen processing and presentation of e...	15	1	2.9	0.96056	1	BP
GO:0051180	vitamin transport	15	1	2.9	0.96056	1	BP
GO:0072655	establishment of protein localization to...	15	1	2.9	0.96056	1	BP
GO:0002067	glandular epithelial cell differentiatio...	15	1	2.9	0.96056	1	BP
GO:0002053	positive regulation of mesenchymal cell ...	15	1	2.9	0.96056	1	BP
GO:0071715	icosanoid transport	15	1	2.9	0.96056	1	BP
GO:0060581	cell fate commitment involved in pattern...	15	1	2.9	0.96056	1	BP
GO:1990089	response to nerve growth factor	15	1	2.9	0.96056	1	BP
GO:0002495	antigen processing and presentation of p...	15	1	2.9	0.96056	1	BP
GO:0045448	mitotic cell cycle, embryonic	15	1	2.9	0.96056	1	BP
GO:0061383	trabecula morphogenesis	15	1	2.9	0.96056	1	BP
GO:0002504	antigen processing and presentation of p...	15	1	2.9	0.96056	1	BP
GO:0019079	viral genome replication	15	1	2.9	0.96056	1	BP
GO:0010605	negative regulation of macromolecule met...	414	68	79.99	0.96117	1	BP
GO:0040029	epigenetic regulation of gene expression	60	7	11.59	0.96161	1	BP
GO:0014013	regulation of gliogenesis	24	2	4.64	0.96178	1	BP
GO:0007548	sex differentiation	105	14	20.29	0.96245	1	BP
GO:0046907	intracellular transport	303	53	58.54	0.96248	1	BP
GO:0051649	establishment of localization in cell	435	82	84.05	0.96251	1	BP
GO:2001252	positive regulation of chromosome organi...	32	3	6.18	0.96256	1	BP
GO:0006612	protein targeting to membrane	32	3	6.18	0.96256	1	BP
GO:0009150	purine ribonucleotide metabolic process	80	10	15.46	0.96326	1	BP
GO:0051604	protein maturation	45	8	8.69	0.96395	1	BP
GO:0007010	cytoskeleton organization	249	47	48.11	0.96444	1	BP
GO:0007424	open tracheal system development	47	5	9.08	0.96493	1	BP
GO:2000027	regulation of animal organ morphogenesis	74	9	14.3	0.96516	1	BP
GO:1903131	mononuclear cell differentiation	54	6	10.43	0.96521	1	BP
GO:0043010	camera-type eye development	87	11	16.81	0.9656	1	BP
GO:0070646	protein modification by small protein re...	40	4	7.73	0.96571	1	BP
GO:0055123	digestive system development	68	8	13.14	0.96744	1	BP
GO:0046849	bone remodeling	25	2	4.83	0.96815	1	BP
GO:0034728	nucleosome organization	25	2	4.83	0.96815	1	BP
GO:0006475	internal protein amino acid acetylation	33	3	6.38	0.96819	1	BP
GO:0042476	odontogenesis	33	3	6.38	0.96819	1	BP
GO:0090263	positive regulation of canonical Wnt sig...	33	3	6.38	0.96819	1	BP
GO:0008358	maternal determination of anterior/poste...	16	1	3.09	0.96824	1	BP
GO:0070585	protein localization to mitochondrion	16	1	3.09	0.96824	1	BP
GO:0033206	meiotic cytokinesis	16	1	3.09	0.96824	1	BP
GO:0031076	embryonic camera-type eye development	16	1	3.09	0.96824	1	BP
GO:0007314	oocyte anterior/posterior axis specifica...	16	1	3.09	0.96824	1	BP
GO:0006023	aminoglycan biosynthetic process	16	1	3.09	0.96824	1	BP
GO:0060571	morphogenesis of an epithelial fold	16	1	3.09	0.96824	1	BP
GO:0071600	otic vesicle morphogenesis	16	1	3.09	0.96824	1	BP
GO:0035987	endodermal cell differentiation	16	1	3.09	0.96824	1	BP
GO:0046854	phosphatidylinositol phosphate biosynthe...	16	1	3.09	0.96824	1	BP
GO:0042274	ribosomal small subunit biogenesis	16	1	3.09	0.96824	1	BP
GO:0070301	cellular response to hydrogen peroxide	16	1	3.09	0.96824	1	BP
GO:0034103	regulation of tissue remodeling	16	1	3.09	0.96824	1	BP
GO:0010464	regulation of mesenchymal cell prolifera...	16	1	3.09	0.96824	1	BP
GO:0042698	ovulation cycle	16	1	3.09	0.96824	1	BP
GO:0045833	negative regulation of lipid metabolic p...	16	1	3.09	0.96824	1	BP
GO:0051051	negative regulation of transport	88	11	17	0.96914	1	BP
GO:0019827	stem cell population maintenance	48	5	9.27	0.96953	1	BP
GO:0030098	lymphocyte differentiation	48	5	9.27	0.96953	1	BP
GO:0042254	ribosome biogenesis	48	5	9.27	0.96953	1	BP
GO:0051276	chromosome organization	186	27	35.94	0.97032	1	BP
GO:0015931	nucleobase-containing compound transport	41	4	7.92	0.9705	1	BP
GO:1901361	organic cyclic compound catabolic proces...	95	12	18.35	0.97113	1	BP
GO:0048645	animal organ formation	34	3	6.57	0.97301	1	BP
GO:0019362	pyridine nucleotide metabolic process	26	2	5.02	0.97348	1	BP
GO:0046496	nicotinamide nucleotide metabolic proces...	26	2	5.02	0.97348	1	BP
GO:0006766	vitamin metabolic process	26	2	5.02	0.97348	1	BP
GO:0060173	limb development	49	5	9.47	0.97357	1	BP
GO:0098727	maintenance of cell number	49	5	9.47	0.97357	1	BP
GO:0006091	generation of precursor metabolites and ...	83	10	16.04	0.97382	1	BP
GO:0072521	purine-containing compound metabolic pro...	96	12	18.55	0.97407	1	BP
GO:0001703	gastrulation with mouth forming first	17	1	3.28	0.97442	1	BP
GO:0072488	ammonium transmembrane transport	17	1	3.28	0.97442	1	BP
GO:0007365	periodic partitioning	17	1	3.28	0.97442	1	BP
GO:0006081	cellular aldehyde metabolic process	17	1	3.28	0.97442	1	BP
GO:0048542	lymph gland development	17	1	3.28	0.97442	1	BP
GO:2001251	negative regulation of chromosome organi...	17	1	3.28	0.97442	1	BP
GO:0019674	NAD metabolic process	17	1	3.28	0.97442	1	BP
GO:0006334	nucleosome assembly	17	1	3.28	0.97442	1	BP
GO:0009124	nucleoside monophosphate biosynthetic pr...	17	1	3.28	0.97442	1	BP
GO:0010004	gastrulation involving germ band extensi...	17	1	3.28	0.97442	1	BP
GO:0050764	regulation of phagocytosis	17	1	3.28	0.97442	1	BP
GO:0060070	canonical Wnt signaling pathway	70	8	13.52	0.97452	1	BP
GO:0044403	biological process involved in symbiotic...	70	8	13.52	0.97452	1	BP
GO:0006403	RNA localization	42	4	8.11	0.97467	1	BP
GO:0002376	immune system process	371	61	71.68	0.97479	1	BP
GO:0006790	sulfur compound metabolic process	77	9	14.88	0.97552	1	BP
GO:0009994	oocyte differentiation	50	5	9.66	0.9771	1	BP
GO:0035272	exocrine system development	50	5	9.66	0.9771	1	BP
GO:0045814	negative regulation of gene expression, ...	35	3	6.76	0.97714	1	BP
GO:0072524	pyridine-containing compound metabolic p...	27	2	5.22	0.97795	1	BP
GO:0018193	peptidyl-amino acid modification	196	28	37.87	0.97875	1	BP
GO:0006412	translation	98	12	18.93	0.97917	1	BP
GO:0009259	ribonucleotide metabolic process	85	10	16.42	0.97925	1	BP
GO:0040001	establishment of mitotic spindle localiz...	18	1	3.48	0.97941	1	BP
GO:0000184	nuclear-transcribed mRNA catabolic proce...	18	1	3.48	0.97941	1	BP
GO:0034754	cellular hormone metabolic process	18	1	3.48	0.97941	1	BP
GO:0048048	embryonic eye morphogenesis	18	1	3.48	0.97941	1	BP
GO:0043603	cellular amide metabolic process	179	28	34.58	0.97964	1	BP
GO:0030029	actin filament-based process	157	31	30.33	0.98032	1	BP
GO:0048593	camera-type eye morphogenesis	36	3	6.96	0.98066	1	BP
GO:0046034	ATP metabolic process	36	3	6.96	0.98066	1	BP
GO:0006473	protein acetylation	36	3	6.96	0.98066	1	BP
GO:0009123	nucleoside monophosphate metabolic proce...	36	3	6.96	0.98066	1	BP
GO:0043903	regulation of biological process involve...	36	3	6.96	0.98066	1	BP
GO:0010498	proteasomal protein catabolic process	79	9	15.26	0.98078	1	BP
GO:0030036	actin cytoskeleton organization	131	27	25.31	0.98137	1	BP
GO:0048599	oocyte development	44	4	8.5	0.9814	1	BP
GO:0001819	positive regulation of cytokine producti...	28	2	5.41	0.98169	1	BP
GO:0016573	histone acetylation	28	2	5.41	0.98169	1	BP
GO:0002520	immune system development	166	25	32.07	0.98213	1	BP
GO:0048534	hematopoietic or lymphoid organ developm...	160	24	30.91	0.98236	1	BP
GO:0022613	ribonucleoprotein complex biogenesis	73	8	14.1	0.98253	1	BP
GO:0007006	mitochondrial membrane organization	19	1	3.67	0.98342	1	BP
GO:0035152	regulation of tube architecture, open tr...	19	1	3.67	0.98342	1	BP
GO:0031100	animal organ regeneration	19	1	3.67	0.98342	1	BP
GO:1901136	carbohydrate derivative catabolic proces...	37	3	7.15	0.98367	1	BP
GO:0048771	tissue remodeling	45	4	8.69	0.9841	1	BP
GO:1901564	organonitrogen compound metabolic proces...	930	163	179.69	0.98418	1	BP
GO:0018393	internal peptidyl-lysine acetylation	29	2	5.6	0.98481	1	BP
GO:0002181	cytoplasmic translation	29	2	5.6	0.98481	1	BP
GO:0019693	ribose phosphate metabolic process	88	10	17	0.98549	1	BP
GO:0055086	nucleobase-containing small molecule met...	127	16	24.54	0.98563	1	BP
GO:0051147	regulation of muscle cell differentiatio...	38	3	7.34	0.98622	1	BP
GO:0071103	DNA conformation change	38	3	7.34	0.98622	1	BP
GO:0001816	cytokine production	75	8	14.49	0.9865	1	BP
GO:0048731	system development	854	160	165	0.98651	1	BP
GO:0031047	gene silencing by RNA	20	1	3.86	0.98666	1	BP
GO:0045047	protein targeting to ER	20	1	3.86	0.98666	1	BP
GO:1903510	mucopolysaccharide metabolic process	20	1	3.86	0.98666	1	BP
GO:0046545	development of primary female sexual cha...	20	1	3.86	0.98666	1	BP
GO:0043436	oxoacid metabolic process	196	27	37.87	0.98727	1	BP
GO:0018394	peptidyl-lysine acetylation	30	2	5.8	0.98741	1	BP
GO:0006753	nucleoside phosphate metabolic process	109	13	21.06	0.98743	1	BP
GO:0009117	nucleotide metabolic process	109	13	21.06	0.98743	1	BP
GO:1901137	carbohydrate derivative biosynthetic pro...	109	13	21.06	0.98743	1	BP
GO:0046942	carboxylic acid transport	69	7	13.33	0.98818	1	BP
GO:0072348	sulfur compound transport	21	1	4.06	0.98926	1	BP
GO:0060218	hematopoietic stem cell differentiation	21	1	4.06	0.98926	1	BP
GO:0046822	regulation of nucleocytoplasmic transpor...	21	1	4.06	0.98926	1	BP
GO:0071901	negative regulation of protein serine/th...	21	1	4.06	0.98926	1	BP
GO:0032091	negative regulation of protein binding	21	1	4.06	0.98926	1	BP
GO:0009167	purine ribonucleoside monophosphate meta...	31	2	5.99	0.98958	1	BP
GO:0097327	response to antineoplastic agent	31	2	5.99	0.98958	1	BP
GO:0001889	liver development	40	3	7.73	0.99023	1	BP
GO:0061008	hepaticobiliary system development	40	3	7.73	0.99023	1	BP
GO:0015849	organic acid transport	71	7	13.72	0.99103	1	BP
GO:1901566	organonitrogen compound biosynthetic pro...	289	42	55.84	0.99106	1	BP
GO:0010660	regulation of muscle cell apoptotic proc...	22	1	4.25	0.99136	1	BP
GO:0010657	muscle cell apoptotic process	22	1	4.25	0.99136	1	BP
GO:0007308	oocyte construction	22	1	4.25	0.99136	1	BP
GO:0007309	oocyte axis specification	22	1	4.25	0.99136	1	BP
GO:0015908	fatty acid transport	22	1	4.25	0.99136	1	BP
GO:0001818	negative regulation of cytokine producti...	32	2	6.18	0.99138	1	BP
GO:0061982	meiosis I cell cycle process	32	2	6.18	0.99138	1	BP
GO:0009126	purine nucleoside monophosphate metaboli...	32	2	6.18	0.99138	1	BP
GO:0035051	cardiocyte differentiation	41	3	7.92	0.99178	1	BP
GO:0043473	pigmentation	41	3	7.92	0.99178	1	BP
GO:0018108	peptidyl-tyrosine phosphorylation	57	5	11.01	0.99193	1	BP
GO:0018212	peptidyl-tyrosine modification	57	5	11.01	0.99193	1	BP
GO:0007169	transmembrane receptor protein tyrosine ...	128	24	24.73	0.99222	1	BP
GO:1990830	cellular response to leukemia inhibitory...	23	1	4.44	0.99305	1	BP
GO:0010623	programmed cell death involved in cell d...	23	1	4.44	0.99305	1	BP
GO:0031016	pancreas development	23	1	4.44	0.99305	1	BP
GO:1990823	response to leukemia inhibitory factor	23	1	4.44	0.99305	1	BP
GO:0043543	protein acylation	42	3	8.11	0.9931	1	BP
GO:0016570	histone modification	73	7	14.1	0.99322	1	BP
GO:0045137	development of primary sexual characteri...	73	7	14.1	0.99322	1	BP
GO:0044281	small molecule metabolic process	339	50	65.5	0.99327	1	BP
GO:0030097	hemopoiesis	151	21	29.17	0.99338	1	BP
GO:0015698	inorganic anion transport	53	14	10.24	0.99375	1	BP
GO:0006082	organic acid metabolic process	204	27	39.41	0.99389	1	BP
GO:0006605	protein targeting	59	5	11.4	0.99408	1	BP
GO:0009161	ribonucleoside monophosphate metabolic p...	34	2	6.57	0.99412	1	BP
GO:0048513	animal organ development	678	114	131	0.99414	1	BP
GO:0007275	multicellular organism development	958	177	185.1	0.99414	1	BP
GO:0009144	purine nucleoside triphosphate metabolic...	43	3	8.31	0.99421	1	BP
GO:0009205	purine ribonucleoside triphosphate metab...	43	3	8.31	0.99421	1	BP
GO:0043161	proteasome-mediated ubiquitin-dependent ...	75	7	14.49	0.9949	1	BP
GO:1905039	carboxylic acid transmembrane transport	35	2	6.76	0.99515	1	BP
GO:1903825	organic acid transmembrane transport	35	2	6.76	0.99515	1	BP
GO:0006839	mitochondrial transport	35	2	6.76	0.99515	1	BP
GO:0009199	ribonucleoside triphosphate metabolic pr...	44	3	8.5	0.99515	1	BP
GO:0006888	endoplasmic reticulum to Golgi vesicle-m...	25	1	4.83	0.9955	1	BP
GO:0009101	glycoprotein biosynthetic process	45	3	8.69	0.99594	1	BP
GO:0032502	developmental process	1086	200	209.83	0.99629	1	BP
GO:0009141	nucleoside triphosphate metabolic proces...	46	3	8.89	0.9966	1	BP
GO:0016579	protein deubiquitination	37	2	7.15	0.99671	1	BP
GO:0008406	gonad development	72	6	13.91	0.99739	1	BP
GO:0048856	anatomical structure development	1020	187	197.07	0.99761	1	BP
GO:0055007	cardiac muscle cell differentiation	28	1	5.41	0.99766	1	BP
GO:0006325	chromatin organization	144	16	27.82	0.99786	1	BP
GO:0098656	anion transmembrane transport	81	16	15.65	0.99861	1	BP
GO:0044344	cellular response to fibroblast growth f...	42	2	8.11	0.99876	1	BP
GO:1902275	regulation of chromatin organization	31	1	5.99	0.99878	1	BP
GO:0071774	response to fibroblast growth factor	43	2	8.31	0.99898	1	BP
GO:0031099	regeneration	70	5	13.52	0.999	1	BP
GO:0009100	glycoprotein metabolic process	62	4	11.98	0.99907	1	BP
GO:0006413	translational initiation	33	1	6.38	0.99921	1	BP
GO:0001817	regulation of cytokine production	64	4	12.37	0.99934	1	BP
GO:0008543	fibroblast growth factor receptor signal...	35	1	6.76	0.99949	1	BP
GO:1901135	carbohydrate derivative metabolic proces...	198	22	38.26	0.99961	1	BP
GO:1903828	negative regulation of protein localizat...	39	1	7.54	0.99979	1	BP
GO:0006338	chromatin remodeling	68	3	13.14	0.99994	1	BP
GO:0008150	biological_process	2003	387	387	1	1	BP
GO:0043057	backward locomotion	14	9	2.7	1	1	BP
GO:0140448	signaling receptor ligand precursor proc...	5	4	0.97	1	1	BP
GO:1901976	regulation of cell cycle checkpoint	6	4	1.16	1	1	BP
GO:0032768	regulation of monooxygenase activity	15	7	2.9	1	1	BP
GO:0007173	epidermal growth factor receptor signali...	31	11	5.99	1	1	BP
GO:0051588	regulation of neurotransmitter transport	25	11	4.83	1	1	BP
GO:0038127	ERBB signaling pathway	32	11	6.18	1	1	BP
GO:0033058	directional locomotion	14	9	2.7	1	1	BP
GO:0097494	regulation of vesicle size	3	3	0.58	1	1	BP
GO:0002763	positive regulation of myeloid leukocyte...	3	3	0.58	1	1	BP
GO:0061377	mammary gland lobule development	3	3	0.58	1	1	BP
GO:0098661	inorganic anion transmembrane transport	34	13	6.57	1	1	BP
GO:1901184	regulation of ERBB signaling pathway	27	11	5.22	1	1	BP
GO:0042551	neuron maturation	26	11	5.02	1	1	BP
GO:0022839	ion gated channel activity	67	28	13.08	1.6e-05	0.034112	MF
GO:0008503	benzodiazepine receptor activity	10	7	1.95	0.00071	0.37843	MF
GO:0022851	GABA-gated chloride ion channel activity	10	7	1.95	0.00071	0.37843	MF
GO:0004890	GABA-A receptor activity	10	7	1.95	0.00071	0.37843	MF
GO:0005249	voltage-gated potassium channel activity	12	7	2.34	0.00326	1	MF
GO:0005262	calcium channel activity	29	12	5.66	0.00529	1	MF
GO:0016667	oxidoreductase activity, acting on a sul...	13	7	2.54	0.0059	1	MF
GO:0015036	disulfide oxidoreductase activity	11	6	2.15	0.01009	1	MF
GO:0005245	voltage-gated calcium channel activity	11	6	2.15	0.01009	1	MF
GO:0022843	voltage-gated cation channel activity	24	13	4.68	0.01583	1	MF
GO:0022832	voltage-gated channel activity	31	15	6.05	0.01814	1	MF
GO:0005244	voltage-gated ion channel activity	31	15	6.05	0.01814	1	MF
GO:0001228	DNA-binding transcription activator acti...	83	24	16.2	0.02268	1	MF
GO:0001216	DNA-binding transcription activator acti...	83	24	16.2	0.02268	1	MF
GO:0015269	calcium-activated potassium channel acti...	4	3	0.78	0.02524	1	MF
GO:0031749	D2 dopamine receptor binding	4	3	0.78	0.02524	1	MF
GO:0030235	nitric-oxide synthase regulator activity	4	3	0.78	0.02524	1	MF
GO:0016298	lipase activity	20	8	3.9	0.02733	1	MF
GO:0140110	transcription regulator activity	229	56	44.7	0.02889	1	MF
GO:0015035	protein-disulfide reductase activity	10	5	1.95	0.02932	1	MF
GO:0005227	calcium activated cation channel activit...	10	5	1.95	0.02932	1	MF
GO:0030374	nuclear receptor coactivator activity	7	4	1.37	0.03037	1	MF
GO:0003700	DNA-binding transcription factor activit...	189	47	36.89	0.03347	1	MF
GO:0051021	GDP-dissociation inhibitor binding	2	2	0.39	0.03801	1	MF
GO:0008273	calcium, potassium:sodium antiporter act...	2	2	0.39	0.03801	1	MF
GO:0003839	gamma-glutamylcyclotransferase activity	2	2	0.39	0.03801	1	MF
GO:0008331	high voltage-gated calcium channel activ...	2	2	0.39	0.03801	1	MF
GO:0016755	aminoacyltransferase activity	2	2	0.39	0.03801	1	MF
GO:0004652	polynucleotide adenylyltransferase activ...	2	2	0.39	0.03801	1	MF
GO:0070566	adenylyltransferase activity	2	2	0.39	0.03801	1	MF
GO:0005509	calcium ion binding	57	17	11.13	0.03866	1	MF
GO:0004722	protein serine/threonine phosphatase act...	14	6	2.73	0.03873	1	MF
GO:0003730	mRNA 3'-UTR binding	14	6	2.73	0.03873	1	MF
GO:0052689	carboxylic ester hydrolase activity	18	7	3.51	0.04474	1	MF
GO:0004674	protein serine/threonine kinase activity	67	19	13.08	0.04858	1	MF
GO:0015271	outward rectifier potassium channel acti...	8	4	1.56	0.05156	1	MF
GO:0002039	p53 binding	8	4	1.56	0.05156	1	MF
GO:0003677	DNA binding	246	58	48.01	0.05216	1	MF
GO:0046875	ephrin receptor binding	5	3	0.98	0.05403	1	MF
GO:0033130	acetylcholine receptor binding	5	3	0.98	0.05403	1	MF
GO:0016423	tRNA (guanine) methyltransferase activit...	5	3	0.98	0.05403	1	MF
GO:0016864	intramolecular oxidoreductase activity, ...	5	3	0.98	0.05403	1	MF
GO:0005248	voltage-gated sodium channel activity	5	3	0.98	0.05403	1	MF
GO:0004723	calcium-dependent protein serine/threoni...	5	3	0.98	0.05403	1	MF
GO:0003756	protein disulfide isomerase activity	5	3	0.98	0.05403	1	MF
GO:0097110	scaffold protein binding	19	7	3.71	0.05938	1	MF
GO:0046982	protein heterodimerization activity	118	30	23.03	0.06309	1	MF
GO:0004721	phosphoprotein phosphatase activity	27	9	5.27	0.06319	1	MF
GO:0003713	transcription coactivator activity	56	16	10.93	0.06324	1	MF
GO:0032182	ubiquitin-like protein binding	12	5	2.34	0.06566	1	MF
GO:0000981	DNA-binding transcription factor activit...	170	41	33.18	0.07058	1	MF
GO:0042578	phosphoric ester hydrolase activity	57	16	11.13	0.07283	1	MF
GO:0005254	chloride channel activity	27	13	5.27	0.08971	1	MF
GO:0016830	carbon-carbon lyase activity	13	5	2.54	0.09023	1	MF
GO:0022836	gated channel activity	70	30	13.66	0.09119	1	MF
GO:0061650	ubiquitin-like protein conjugating enzym...	6	3	1.17	0.0927	1	MF
GO:0061631	ubiquitin conjugating enzyme activity	6	3	1.17	0.0927	1	MF
GO:0008175	tRNA methyltransferase activity	6	3	1.17	0.0927	1	MF
GO:0004620	phospholipase activity	17	6	3.32	0.0951	1	MF
GO:0005432	calcium:sodium antiporter activity	3	2	0.59	0.09925	1	MF
GO:0008381	mechanosensitive ion channel activity	3	2	0.59	0.09925	1	MF
GO:0017046	peptide hormone binding	3	2	0.59	0.09925	1	MF
GO:0030899	calcium-dependent ATPase activity	3	2	0.59	0.09925	1	MF
GO:0015368	calcium:cation antiporter activity	3	2	0.59	0.09925	1	MF
GO:0015248	sterol transporter activity	3	2	0.59	0.09925	1	MF
GO:0031402	sodium ion binding	3	2	0.59	0.09925	1	MF
GO:0004989	octopamine receptor activity	3	2	0.59	0.09925	1	MF
GO:0008429	phosphatidylethanolamine binding	3	2	0.59	0.09925	1	MF
GO:0042162	telomeric DNA binding	3	2	0.59	0.09925	1	MF
GO:0043274	phospholipase binding	3	2	0.59	0.09925	1	MF
GO:0030955	potassium ion binding	3	2	0.59	0.09925	1	MF
GO:0036487	nitric-oxide synthase inhibitor activity	3	2	0.59	0.09925	1	MF
GO:0016791	phosphatase activity	42	12	8.2	0.10002	1	MF
GO:0004857	enzyme inhibitor activity	42	12	8.2	0.10002	1	MF
GO:0019208	phosphatase regulator activity	10	4	1.95	0.11194	1	MF
GO:0019888	protein phosphatase regulator activity	10	4	1.95	0.11194	1	MF
GO:0005253	anion channel activity	28	13	5.46	0.11375	1	MF
GO:0003712	transcription coregulator activity	79	20	15.42	0.11968	1	MF
GO:0061659	ubiquitin-like protein ligase activity	39	11	7.61	0.12117	1	MF
GO:0061630	ubiquitin protein ligase activity	39	11	7.61	0.12117	1	MF
GO:0099095	ligand-gated anion channel activity	17	10	3.32	0.1347	1	MF
GO:0008068	extracellularly glutamate-gated chloride...	7	3	1.37	0.13944	1	MF
GO:0052866	phosphatidylinositol phosphate phosphata...	7	3	1.37	0.13944	1	MF
GO:0000146	microfilament motor activity	7	3	1.37	0.13944	1	MF
GO:0004622	lysophospholipase activity	7	3	1.37	0.13944	1	MF
GO:0005234	extracellularly glutamate-gated ion chan...	7	3	1.37	0.13944	1	MF
GO:0015108	chloride transmembrane transporter activ...	29	13	5.66	0.14068	1	MF
GO:0005230	extracellular ligand-gated ion channel a...	21	11	4.1	0.14392	1	MF
GO:0016788	hydrolase activity, acting on ester bond...	109	26	21.27	0.14629	1	MF
GO:0005231	excitatory extracellular ligand-gated io...	11	4	2.15	0.14999	1	MF
GO:0003684	damaged DNA binding	11	4	2.15	0.14999	1	MF
GO:0016860	intramolecular oxidoreductase activity	15	5	2.93	0.15113	1	MF
GO:0019901	protein kinase binding	124	29	24.2	0.15627	1	MF
GO:0019900	kinase binding	129	30	25.18	0.15923	1	MF
GO:0004672	protein kinase activity	96	23	18.74	0.15932	1	MF
GO:0043565	sequence-specific DNA binding	153	35	29.86	0.16101	1	MF
GO:0043169	cation binding	192	43	37.47	0.166	1	MF
GO:0022821	solute:potassium antiporter activity	4	2	0.78	0.17326	1	MF
GO:0042043	neurexin family protein binding	4	2	0.78	0.17326	1	MF
GO:0005158	insulin receptor binding	4	2	0.78	0.17326	1	MF
GO:0031420	alkali metal ion binding	4	2	0.78	0.17326	1	MF
GO:0004995	tachykinin receptor activity	4	2	0.78	0.17326	1	MF
GO:0140828	metal cation:monoatomic cation antiporte...	4	2	0.78	0.17326	1	MF
GO:0005328	neurotransmitter:sodium symporter activi...	4	2	0.78	0.17326	1	MF
GO:0003680	minor groove of adenine-thymine-rich DNA...	4	2	0.78	0.17326	1	MF
GO:0016840	carbon-nitrogen lyase activity	4	2	0.78	0.17326	1	MF
GO:0016842	amidine-lyase activity	4	2	0.78	0.17326	1	MF
GO:0000979	RNA polymerase II core promoter sequence...	4	2	0.78	0.17326	1	MF
GO:0004438	phosphatidylinositol-3-phosphatase activ...	4	2	0.78	0.17326	1	MF
GO:0030346	protein phosphatase 2B binding	4	2	0.78	0.17326	1	MF
GO:0004198	calcium-dependent cysteine-type endopept...	4	2	0.78	0.17326	1	MF
GO:0070530	K63-linked polyubiquitin modification-de...	4	2	0.78	0.17326	1	MF
GO:0052744	phosphatidylinositol monophosphate phosp...	4	2	0.78	0.17326	1	MF
GO:0046872	metal ion binding	169	38	32.98	0.17778	1	MF
GO:0140101	catalytic activity, acting on a tRNA	16	5	3.12	0.18662	1	MF
GO:0031406	carboxylic acid binding	29	8	5.66	0.18891	1	MF
GO:0043177	organic acid binding	29	8	5.66	0.18891	1	MF
GO:0005548	phospholipid transporter activity	12	4	2.34	0.19215	1	MF
GO:1904680	peptide transmembrane transporter activi...	8	3	1.56	0.19217	1	MF
GO:0042887	amide transmembrane transporter activity	8	3	1.56	0.19217	1	MF
GO:0004683	calmodulin-dependent protein kinase acti...	8	3	1.56	0.19217	1	MF
GO:0005326	neurotransmitter transmembrane transport...	8	3	1.56	0.19217	1	MF
GO:0004838	L-tyrosine:2-oxoglutarate aminotransfera...	1	1	0.2	0.19518	1	MF
GO:0051022	Rho GDP-dissociation inhibitor binding	1	1	0.2	0.19518	1	MF
GO:0030742	GTP-dependent protein binding	1	1	0.2	0.19518	1	MF
GO:0004176	ATP-dependent peptidase activity	1	1	0.2	0.19518	1	MF
GO:0000700	mismatch base pair DNA N-glycosylase act...	1	1	0.2	0.19518	1	MF
GO:0000701	purine-specific mismatch base pair DNA N...	1	1	0.2	0.19518	1	MF
GO:0016211	ammonia ligase activity	1	1	0.2	0.19518	1	MF
GO:0050897	cobalt ion binding	1	1	0.2	0.19518	1	MF
GO:0001016	RNA polymerase III transcription regulat...	1	1	0.2	0.19518	1	MF
GO:0001018	mitochondrial promoter sequence-specific...	1	1	0.2	0.19518	1	MF
GO:0004132	dCMP deaminase activity	1	1	0.2	0.19518	1	MF
GO:0051499	D-aminoacyl-tRNA deacylase activity	1	1	0.2	0.19518	1	MF
GO:0008384	IkappaB kinase activity	1	1	0.2	0.19518	1	MF
GO:0089720	caspase binding	1	1	0.2	0.19518	1	MF
GO:0032427	GBD domain binding	1	1	0.2	0.19518	1	MF
GO:0003810	protein-glutamine gamma-glutamyltransfer...	1	1	0.2	0.19518	1	MF
GO:0047179	platelet-activating factor acetyltransfe...	1	1	0.2	0.19518	1	MF
GO:0004105	choline-phosphate cytidylyltransferase a...	1	1	0.2	0.19518	1	MF
GO:0003847	1-alkyl-2-acetylglycerophosphocholine es...	1	1	0.2	0.19518	1	MF
GO:0016314	phosphatidylinositol-3,4,5-trisphosphate...	1	1	0.2	0.19518	1	MF
GO:0004561	alpha-N-acetylglucosaminidase activity	1	1	0.2	0.19518	1	MF
GO:0016929	deSUMOylase activity	1	1	0.2	0.19518	1	MF
GO:0050196	[phosphorylase] phosphatase activity	1	1	0.2	0.19518	1	MF
GO:0017005	3'-tyrosyl-DNA phosphodiesterase activit...	1	1	0.2	0.19518	1	MF
GO:0046870	cadmium ion binding	1	1	0.2	0.19518	1	MF
GO:0015279	store-operated calcium channel activity	1	1	0.2	0.19518	1	MF
GO:0050811	GABA receptor binding	1	1	0.2	0.19518	1	MF
GO:0051425	PTB domain binding	1	1	0.2	0.19518	1	MF
GO:0097108	hedgehog family protein binding	1	1	0.2	0.19518	1	MF
GO:0016671	oxidoreductase activity, acting on a sul...	1	1	0.2	0.19518	1	MF
GO:0038085	vascular endothelial growth factor bindi...	1	1	0.2	0.19518	1	MF
GO:0098505	G-rich strand telomeric DNA binding	1	1	0.2	0.19518	1	MF
GO:0008048	calcium sensitive guanylate cyclase acti...	1	1	0.2	0.19518	1	MF
GO:2001069	glycogen binding	1	1	0.2	0.19518	1	MF
GO:0070728	leucine binding	1	1	0.2	0.19518	1	MF
GO:0016756	glutathione gamma-glutamylcysteinyltrans...	1	1	0.2	0.19518	1	MF
GO:0002162	dystroglycan binding	1	1	0.2	0.19518	1	MF
GO:0000171	ribonuclease MRP activity	1	1	0.2	0.19518	1	MF
GO:0080084	5S rDNA binding	1	1	0.2	0.19518	1	MF
GO:0043812	phosphatidylinositol-4-phosphate phospha...	1	1	0.2	0.19518	1	MF
GO:0031894	V1A vasopressin receptor binding	1	1	0.2	0.19518	1	MF
GO:0004356	glutamate-ammonia ligase activity	1	1	0.2	0.19518	1	MF
GO:0051880	G-quadruplex DNA binding	1	1	0.2	0.19518	1	MF
GO:0032183	SUMO binding	1	1	0.2	0.19518	1	MF
GO:0047395	glycerophosphoinositol glycerophosphodie...	1	1	0.2	0.19518	1	MF
GO:0004376	glycolipid mannosyltransferase activity	1	1	0.2	0.19518	1	MF
GO:0098623	selenite reductase activity	1	1	0.2	0.19518	1	MF
GO:0015019	heparan-alpha-glucosaminide N-acetyltran...	1	1	0.2	0.19518	1	MF
GO:0098625	methylselenol reductase activity	1	1	0.2	0.19518	1	MF
GO:0098626	methylseleninic acid reductase activity	1	1	0.2	0.19518	1	MF
GO:0047220	galactosylxylosylprotein 3-beta-galactos...	1	1	0.2	0.19518	1	MF
GO:0004067	asparaginase activity	1	1	0.2	0.19518	1	MF
GO:0009019	tRNA (guanine-N1-)-methyltransferase act...	1	1	0.2	0.19518	1	MF
GO:0031871	proteinase activated receptor binding	1	1	0.2	0.19518	1	MF
GO:0008431	vitamin E binding	1	1	0.2	0.19518	1	MF
GO:0005519	cytoskeletal regulatory protein binding	1	1	0.2	0.19518	1	MF
GO:0048763	calcium-induced calcium release activity	1	1	0.2	0.19518	1	MF
GO:0005250	A-type (transient outward) potassium cha...	1	1	0.2	0.19518	1	MF
GO:0005252	open rectifier potassium channel activit...	1	1	0.2	0.19518	1	MF
GO:0017154	semaphorin receptor activity	1	1	0.2	0.19518	1	MF
GO:0044547	DNA topoisomerase binding	1	1	0.2	0.19518	1	MF
GO:0050265	RNA uridylyltransferase activity	1	1	0.2	0.19518	1	MF
GO:0035514	DNA demethylase activity	1	1	0.2	0.19518	1	MF
GO:0035516	oxidative DNA demethylase activity	1	1	0.2	0.19518	1	MF
GO:0019810	putrescine binding	1	1	0.2	0.19518	1	MF
GO:0004014	adenosylmethionine decarboxylase activit...	1	1	0.2	0.19518	1	MF
GO:0019153	protein-disulfide reductase (glutathione...	1	1	0.2	0.19518	1	MF
GO:0005228	intracellular sodium activated potassium...	1	1	0.2	0.19518	1	MF
GO:0034041	ABC-type sterol transporter activity	1	1	0.2	0.19518	1	MF
GO:0016880	acid-ammonia (or amide) ligase activity	1	1	0.2	0.19518	1	MF
GO:0010461	light-activated ion channel activity	1	1	0.2	0.19518	1	MF
GO:0008889	glycerophosphodiester phosphodiesterase ...	1	1	0.2	0.19518	1	MF
GO:0000994	RNA polymerase III core binding	1	1	0.2	0.19518	1	MF
GO:0030250	guanylate cyclase activator activity	1	1	0.2	0.19518	1	MF
GO:0016886	ligase activity, forming phosphoric este...	1	1	0.2	0.19518	1	MF
GO:0030548	acetylcholine receptor regulator activit...	1	1	0.2	0.19518	1	MF
GO:0030549	acetylcholine receptor activator activit...	1	1	0.2	0.19518	1	MF
GO:0070181	small ribosomal subunit rRNA binding	1	1	0.2	0.19518	1	MF
GO:0003910	DNA ligase (ATP) activity	1	1	0.2	0.19518	1	MF
GO:0070182	DNA polymerase binding	1	1	0.2	0.19518	1	MF
GO:0042809	nuclear vitamin D receptor binding	1	1	0.2	0.19518	1	MF
GO:0097644	calcitonin family binding	1	1	0.2	0.19518	1	MF
GO:0097645	amylin binding	1	1	0.2	0.19518	1	MF
GO:0106026	Gly-tRNA(Ala) hydrolase activity	1	1	0.2	0.19518	1	MF
GO:0032542	sulfiredoxin activity	1	1	0.2	0.19518	1	MF
GO:0043515	kinetochore binding	1	1	0.2	0.19518	1	MF
GO:0004740	pyruvate dehydrogenase (acetyl-transferr...	1	1	0.2	0.19518	1	MF
GO:0036033	mediator complex binding	1	1	0.2	0.19518	1	MF
GO:0003689	DNA clamp loader activity	1	1	0.2	0.19518	1	MF
GO:0001565	phorbol ester receptor activity	1	1	0.2	0.19518	1	MF
GO:0043398	HLH domain binding	1	1	0.2	0.19518	1	MF
GO:0046975	histone methyltransferase activity (H3-K...	1	1	0.2	0.19518	1	MF
GO:0004474	malate synthase activity	1	1	0.2	0.19518	1	MF
GO:0030247	polysaccharide binding	1	1	0.2	0.19518	1	MF
GO:0030249	guanylate cyclase regulator activity	1	1	0.2	0.19518	1	MF
GO:0033797	selenate reductase activity	1	1	0.2	0.19518	1	MF
GO:0016174	NAD(P)H oxidase H2O2-forming activity	1	1	0.2	0.19518	1	MF
GO:0047777	(S)-citramalyl-CoA lyase activity	1	1	0.2	0.19518	1	MF
GO:0003908	methylated-DNA-[protein]-cysteine S-meth...	1	1	0.2	0.19518	1	MF
GO:0003909	DNA ligase activity	1	1	0.2	0.19518	1	MF
GO:0050333	thiamine triphosphate phosphatase activi...	1	1	0.2	0.19518	1	MF
GO:0046912	acyltransferase activity, acyl groups co...	1	1	0.2	0.19518	1	MF
GO:0030372	high molecular weight B cell growth fact...	1	1	0.2	0.19518	1	MF
GO:0008142	oxysterol binding	1	1	0.2	0.19518	1	MF
GO:0099602	neurotransmitter receptor regulator acti...	1	1	0.2	0.19518	1	MF
GO:0035014	phosphatidylinositol 3-kinase regulator ...	1	1	0.2	0.19518	1	MF
GO:0008597	calcium-dependent protein serine/threoni...	1	1	0.2	0.19518	1	MF
GO:0030946	protein tyrosine phosphatase activity, m...	1	1	0.2	0.19518	1	MF
GO:0010853	cyclase activator activity	1	1	0.2	0.19518	1	MF
GO:0051500	D-tyrosyl-tRNA(Tyr) deacylase activity	1	1	0.2	0.19518	1	MF
GO:0000014	single-stranded DNA endodeoxyribonucleas...	1	1	0.2	0.19518	1	MF
GO:0032052	bile acid binding	1	1	0.2	0.19518	1	MF
GO:0000030	mannosyltransferase activity	1	1	0.2	0.19518	1	MF
GO:0042287	MHC protein binding	1	1	0.2	0.19518	1	MF
GO:0042288	MHC class I protein binding	1	1	0.2	0.19518	1	MF
GO:0051371	muscle alpha-actinin binding	1	1	0.2	0.19518	1	MF
GO:0008294	calcium- and calmodulin-responsive adeny...	1	1	0.2	0.19518	1	MF
GO:0005483	soluble NSF attachment protein activity	1	1	0.2	0.19518	1	MF
GO:0070547	L-tyrosine aminotransferase activity	1	1	0.2	0.19518	1	MF
GO:0045340	mercury ion binding	1	1	0.2	0.19518	1	MF
GO:0070259	tyrosyl-DNA phosphodiesterase activity	1	1	0.2	0.19518	1	MF
GO:0034190	apolipoprotein receptor binding	1	1	0.2	0.19518	1	MF
GO:0034191	apolipoprotein A-I receptor binding	1	1	0.2	0.19518	1	MF
GO:0016520	growth hormone-releasing hormone recepto...	1	1	0.2	0.19518	1	MF
GO:0060072	large conductance calcium-activated pota...	1	1	0.2	0.19518	1	MF
GO:1990459	transferrin receptor binding	1	1	0.2	0.19518	1	MF
GO:0043047	single-stranded telomeric DNA binding	1	1	0.2	0.19518	1	MF
GO:0001069	regulatory region RNA binding	1	1	0.2	0.19518	1	MF
GO:0016829	lyase activity	35	9	6.83	0.22988	1	MF
GO:0051427	hormone receptor binding	26	7	5.07	0.23116	1	MF
GO:0005516	calmodulin binding	26	7	5.07	0.23116	1	MF
GO:0022834	ligand-gated channel activity	41	15	8	0.23275	1	MF
GO:0015276	ligand-gated ion channel activity	41	15	8	0.23275	1	MF
GO:0003714	transcription corepressor activity	22	6	4.29	0.24715	1	MF
GO:0016279	protein-lysine N-methyltransferase activ...	9	3	1.76	0.24881	1	MF
GO:0051019	mitogen-activated protein kinase binding	9	3	1.76	0.24881	1	MF
GO:0005272	sodium channel activity	9	3	1.76	0.24881	1	MF
GO:0050997	quaternary ammonium group binding	9	3	1.76	0.24881	1	MF
GO:0005507	copper ion binding	9	3	1.76	0.24881	1	MF
GO:0016595	glutamate binding	9	3	1.76	0.24881	1	MF
GO:0050780	dopamine receptor binding	9	3	1.76	0.24881	1	MF
GO:0031369	translation initiation factor binding	9	3	1.76	0.24881	1	MF
GO:0004180	carboxypeptidase activity	5	2	0.98	0.25275	1	MF
GO:0015298	solute:cation antiporter activity	5	2	0.98	0.25275	1	MF
GO:0034593	phosphatidylinositol bisphosphate phosph...	5	2	0.98	0.25275	1	MF
GO:0005112	Notch binding	5	2	0.98	0.25275	1	MF
GO:0015026	coreceptor activity	5	2	0.98	0.25275	1	MF
GO:0005388	P-type calcium transporter activity	5	2	0.98	0.25275	1	MF
GO:0034450	ubiquitin-ubiquitin ligase activity	5	2	0.98	0.25275	1	MF
GO:0004709	MAP kinase kinase kinase activity	5	2	0.98	0.25275	1	MF
GO:0043015	gamma-tubulin binding	5	2	0.98	0.25275	1	MF
GO:0070273	phosphatidylinositol-4-phosphate binding	5	2	0.98	0.25275	1	MF
GO:0140097	catalytic activity, acting on DNA	36	9	7.03	0.25754	1	MF
GO:0005096	GTPase activator activity	36	9	7.03	0.25754	1	MF
GO:0015081	sodium ion transmembrane transporter act...	27	7	5.27	0.26359	1	MF
GO:0003697	single-stranded DNA binding	18	5	3.51	0.26493	1	MF
GO:0016597	amino acid binding	18	5	3.51	0.26493	1	MF
GO:0004842	ubiquitin-protein transferase activity	60	14	11.71	0.26994	1	MF
GO:0140096	catalytic activity, acting on a protein	321	67	62.65	0.27263	1	MF
GO:0008022	protein C-terminus binding	46	11	8.98	0.27505	1	MF
GO:0046332	SMAD binding	14	4	2.73	0.28488	1	MF
GO:0004860	protein kinase inhibitor activity	14	4	2.73	0.28488	1	MF
GO:0019210	kinase inhibitor activity	14	4	2.73	0.28488	1	MF
GO:0000978	RNA polymerase II cis-regulatory region ...	80	18	15.61	0.28677	1	MF
GO:0019787	ubiquitin-like protein transferase activ...	61	14	11.91	0.29244	1	MF
GO:0019903	protein phosphatase binding	28	7	5.46	0.29719	1	MF
GO:0030234	enzyme regulator activity	164	35	32.01	0.29893	1	MF
GO:0016278	lysine N-methyltransferase activity	10	3	1.95	0.30748	1	MF
GO:0001046	core promoter sequence-specific DNA bind...	10	3	1.95	0.30748	1	MF
GO:0008307	structural constituent of muscle	10	3	1.95	0.30748	1	MF
GO:0043130	ubiquitin binding	10	3	1.95	0.30748	1	MF
GO:0008188	neuropeptide receptor activity	10	3	1.95	0.30748	1	MF
GO:0042562	hormone binding	10	3	1.95	0.30748	1	MF
GO:0051219	phosphoprotein binding	10	3	1.95	0.30748	1	MF
GO:0019902	phosphatase binding	43	10	8.39	0.32221	1	MF
GO:0000987	cis-regulatory region sequence-specific ...	82	18	16	0.32713	1	MF
GO:0098772	molecular function regulator activity	211	44	41.18	0.32985	1	MF
GO:0022840	leak channel activity	6	2	1.17	0.33277	1	MF
GO:0022841	potassium ion leak channel activity	6	2	1.17	0.33277	1	MF
GO:0022842	narrow pore channel activity	6	2	1.17	0.33277	1	MF
GO:0016668	oxidoreductase activity, acting on a sul...	6	2	1.17	0.33277	1	MF
GO:0047134	protein-disulfide reductase (NAD(P)) act...	6	2	1.17	0.33277	1	MF
GO:0061778	intracellular chloride channel activity	6	2	1.17	0.33277	1	MF
GO:0005229	intracellular calcium activated chloride...	6	2	1.17	0.33277	1	MF
GO:0032266	phosphatidylinositol-3-phosphate binding	6	2	1.17	0.33277	1	MF
GO:0004715	non-membrane spanning protein tyrosine k...	6	2	1.17	0.33277	1	MF
GO:0016831	carboxy-lyase activity	6	2	1.17	0.33277	1	MF
GO:0043531	ADP binding	6	2	1.17	0.33277	1	MF
GO:0097603	temperature-gated ion channel activity	6	2	1.17	0.33277	1	MF
GO:0003755	peptidyl-prolyl cis-trans isomerase acti...	6	2	1.17	0.33277	1	MF
GO:0032794	GTPase activating protein binding	6	2	1.17	0.33277	1	MF
GO:0032036	myosin heavy chain binding	6	2	1.17	0.33277	1	MF
GO:0008276	protein methyltransferase activity	15	4	2.93	0.33352	1	MF
GO:0008081	phosphoric diester hydrolase activity	15	4	2.93	0.33352	1	MF
GO:0035591	signaling adaptor activity	15	4	2.93	0.33352	1	MF
GO:0070405	ammonium ion binding	15	4	2.93	0.33352	1	MF
GO:0005524	ATP binding	63	14	12.3	0.33899	1	MF
GO:0008092	cytoskeletal protein binding	132	28	25.76	0.33988	1	MF
GO:0019904	protein domain specific binding	157	33	30.64	0.34222	1	MF
GO:0005216	ion channel activity	101	36	19.71	0.34686	1	MF
GO:0005178	integrin binding	20	5	3.9	0.34902	1	MF
GO:0043035	chromatin insulator sequence binding	2	1	0.39	0.35235	1	MF
GO:0004185	serine-type carboxypeptidase activity	2	1	0.39	0.35235	1	MF
GO:0016530	metallochaperone activity	2	1	0.39	0.35235	1	MF
GO:0016531	copper chaperone activity	2	1	0.39	0.35235	1	MF
GO:0016532	superoxide dismutase copper chaperone ac...	2	1	0.39	0.35235	1	MF
GO:0031208	POZ domain binding	2	1	0.39	0.35235	1	MF
GO:0051010	microtubule plus-end binding	2	1	0.39	0.35235	1	MF
GO:0034185	apolipoprotein binding	2	1	0.39	0.35235	1	MF
GO:0004806	triglyceride lipase activity	2	1	0.39	0.35235	1	MF
GO:0004809	tRNA (guanine-N2-)-methyltransferase act...	2	1	0.39	0.35235	1	MF
GO:0070325	lipoprotein particle receptor binding	2	1	0.39	0.35235	1	MF
GO:1904399	heparan sulfate binding	2	1	0.39	0.35235	1	MF
GO:0022889	serine transmembrane transporter activit...	2	1	0.39	0.35235	1	MF
GO:0033192	calmodulin-dependent protein phosphatase...	2	1	0.39	0.35235	1	MF
GO:0043423	3-phosphoinositide-dependent protein kin...	2	1	0.39	0.35235	1	MF
GO:0031750	D3 dopamine receptor binding	2	1	0.39	0.35235	1	MF
GO:0031751	D4 dopamine receptor binding	2	1	0.39	0.35235	1	MF
GO:0034594	phosphatidylinositol trisphosphate phosp...	2	1	0.39	0.35235	1	MF
GO:0034596	phosphatidylinositol phosphate 4-phospha...	2	1	0.39	0.35235	1	MF
GO:0042030	ATPase inhibitor activity	2	1	0.39	0.35235	1	MF
GO:0004566	beta-glucuronidase activity	2	1	0.39	0.35235	1	MF
GO:0008332	low voltage-gated calcium channel activi...	2	1	0.39	0.35235	1	MF
GO:0015220	choline transmembrane transporter activi...	2	1	0.39	0.35235	1	MF
GO:0090422	thiamine pyrophosphate transmembrane tra...	2	1	0.39	0.35235	1	MF
GO:0032404	mismatch repair complex binding	2	1	0.39	0.35235	1	MF
GO:0032407	MutSalpha complex binding	2	1	0.39	0.35235	1	MF
GO:0005123	death receptor binding	2	1	0.39	0.35235	1	MF
GO:0031489	myosin V binding	2	1	0.39	0.35235	1	MF
GO:0051434	BH3 domain binding	2	1	0.39	0.35235	1	MF
GO:0015234	thiamine transmembrane transporter activ...	2	1	0.39	0.35235	1	MF
GO:0002161	aminoacyl-tRNA editing activity	2	1	0.39	0.35235	1	MF
GO:0016496	substance P receptor activity	2	1	0.39	0.35235	1	MF
GO:0016497	substance K receptor activity	2	1	0.39	0.35235	1	MF
GO:0015929	hexosaminidase activity	2	1	0.39	0.35235	1	MF
GO:0008466	glycogenin glucosyltransferase activity	2	1	0.39	0.35235	1	MF
GO:0010698	acetyltransferase activator activity	2	1	0.39	0.35235	1	MF
GO:0031893	vasopressin receptor binding	2	1	0.39	0.35235	1	MF
GO:0004957	prostaglandin E receptor activity	2	1	0.39	0.35235	1	MF
GO:0010314	phosphatidylinositol-5-phosphate binding	2	1	0.39	0.35235	1	MF
GO:0008427	calcium-dependent protein kinase inhibit...	2	1	0.39	0.35235	1	MF
GO:0004949	cannabinoid receptor activity	2	1	0.39	0.35235	1	MF
GO:0004791	thioredoxin-disulfide reductase activity	2	1	0.39	0.35235	1	MF
GO:0004689	phosphorylase kinase activity	2	1	0.39	0.35235	1	MF
GO:0047372	acylglycerol lipase activity	2	1	0.39	0.35235	1	MF
GO:0004016	adenylate cyclase activity	2	1	0.39	0.35235	1	MF
GO:0009008	DNA-methyltransferase activity	2	1	0.39	0.35235	1	MF
GO:0042800	histone methyltransferase activity (H3-K...	2	1	0.39	0.35235	1	MF
GO:0019808	polyamine binding	2	1	0.39	0.35235	1	MF
GO:0004741	[pyruvate dehydrogenase (lipoamide)] pho...	2	1	0.39	0.35235	1	MF
GO:0042134	rRNA primary transcript binding	2	1	0.39	0.35235	1	MF
GO:0106019	phosphatidylinositol-4,5-bisphosphate ph...	2	1	0.39	0.35235	1	MF
GO:0016833	oxo-acid-lyase activity	2	1	0.39	0.35235	1	MF
GO:0047498	calcium-dependent phospholipase A2 activ...	2	1	0.39	0.35235	1	MF
GO:0050664	oxidoreductase activity, acting on NAD(P...	2	1	0.39	0.35235	1	MF
GO:0097604	temperature-gated cation channel activit...	2	1	0.39	0.35235	1	MF
GO:0030976	thiamine pyrophosphate binding	2	1	0.39	0.35235	1	MF
GO:0004445	inositol-polyphosphate 5-phosphatase act...	2	1	0.39	0.35235	1	MF
GO:0008143	poly(A) binding	2	1	0.39	0.35235	1	MF
GO:0032093	SAM domain binding	2	1	0.39	0.35235	1	MF
GO:0015194	L-serine transmembrane transporter activ...	2	1	0.39	0.35235	1	MF
GO:0004439	phosphatidylinositol-4,5-bisphosphate 5-...	2	1	0.39	0.35235	1	MF
GO:0070567	cytidylyltransferase activity	2	1	0.39	0.35235	1	MF
GO:0005034	osmosensor activity	2	1	0.39	0.35235	1	MF
GO:0070569	uridylyltransferase activity	2	1	0.39	0.35235	1	MF
GO:0035613	RNA stem-loop binding	2	1	0.39	0.35235	1	MF
GO:0050750	low-density lipoprotein particle recepto...	2	1	0.39	0.35235	1	MF
GO:0010858	calcium-dependent protein kinase regulat...	2	1	0.39	0.35235	1	MF
GO:1990760	osmolarity-sensing cation channel activi...	2	1	0.39	0.35235	1	MF
GO:0004864	protein phosphatase inhibitor activity	2	1	0.39	0.35235	1	MF
GO:0005000	vasopressin receptor activity	2	1	0.39	0.35235	1	MF
GO:0046030	inositol trisphosphate phosphatase activ...	2	1	0.39	0.35235	1	MF
GO:0098847	sequence-specific single stranded DNA bi...	2	1	0.39	0.35235	1	MF
GO:0044715	8-oxo-dGDP phosphatase activity	2	1	0.39	0.35235	1	MF
GO:0044736	acid-sensing ion channel activity	2	1	0.39	0.35235	1	MF
GO:0043027	cysteine-type endopeptidase inhibitor ac...	2	1	0.39	0.35235	1	MF
GO:0019212	phosphatase inhibitor activity	2	1	0.39	0.35235	1	MF
GO:1990715	mRNA CDS binding	2	1	0.39	0.35235	1	MF
GO:0070287	ferritin receptor activity	2	1	0.39	0.35235	1	MF
GO:0019239	deaminase activity	2	1	0.39	0.35235	1	MF
GO:0019899	enzyme binding	379	77	73.97	0.35327	1	MF
GO:0005515	protein binding	1027	204	200.45	0.35661	1	MF
GO:0004725	protein tyrosine phosphatase activity	11	3	2.15	0.36653	1	MF
GO:0008173	RNA methyltransferase activity	11	3	2.15	0.36653	1	MF
GO:0035035	histone acetyltransferase binding	11	3	2.15	0.36653	1	MF
GO:0035639	purine ribonucleoside triphosphate bindi...	89	19	17.37	0.36982	1	MF
GO:0000287	magnesium ion binding	35	8	6.83	0.37207	1	MF
GO:0008168	methyltransferase activity	35	8	6.83	0.37207	1	MF
GO:0016773	phosphotransferase activity, alcohol gro...	114	24	22.25	0.3727	1	MF
GO:0003690	double-stranded DNA binding	139	29	27.13	0.3735	1	MF
GO:0001067	transcription regulatory region nucleic ...	139	29	27.13	0.3735	1	MF
GO:0016209	antioxidant activity	16	4	3.12	0.38249	1	MF
GO:0008170	N-methyltransferase activity	16	4	3.12	0.38249	1	MF
GO:0140640	catalytic activity, acting on a nucleic ...	80	17	15.61	0.38955	1	MF
GO:0000976	transcription cis-regulatory region bind...	125	26	24.4	0.39087	1	MF
GO:0008234	cysteine-type peptidase activity	26	6	5.07	0.39777	1	MF
GO:0015085	calcium ion transmembrane transporter ac...	36	14	7.03	0.40006	1	MF
GO:0016746	acyltransferase activity	31	7	6.05	0.40188	1	MF
GO:0016853	isomerase activity	31	7	6.05	0.40188	1	MF
GO:0016741	transferase activity, transferring one-c...	36	8	7.03	0.40479	1	MF
GO:0017081	chloride channel regulator activity	7	2	1.37	0.4101	1	MF
GO:0042054	histone methyltransferase activity	7	2	1.37	0.4101	1	MF
GO:0015278	calcium-release channel activity	7	2	1.37	0.4101	1	MF
GO:0008308	voltage-gated anion channel activity	7	2	1.37	0.4101	1	MF
GO:0099528	G protein-coupled neurotransmitter recep...	7	2	1.37	0.4101	1	MF
GO:0033293	monocarboxylic acid binding	7	2	1.37	0.4101	1	MF
GO:0071617	lysophospholipid acyltransferase activit...	7	2	1.37	0.4101	1	MF
GO:0005544	calcium-dependent phospholipid binding	7	2	1.37	0.4101	1	MF
GO:0019843	rRNA binding	7	2	1.37	0.4101	1	MF
GO:0050998	nitric-oxide synthase binding	7	2	1.37	0.4101	1	MF
GO:0042171	lysophosphatidic acid acyltransferase ac...	7	2	1.37	0.4101	1	MF
GO:0005247	voltage-gated chloride channel activity	7	2	1.37	0.4101	1	MF
GO:0000217	DNA secondary structure binding	7	2	1.37	0.4101	1	MF
GO:0008157	protein phosphatase 1 binding	7	2	1.37	0.4101	1	MF
GO:0008179	adenylate cyclase binding	7	2	1.37	0.4101	1	MF
GO:0004707	MAP kinase activity	7	2	1.37	0.4101	1	MF
GO:0051393	alpha-actinin binding	7	2	1.37	0.4101	1	MF
GO:0031210	phosphatidylcholine binding	7	2	1.37	0.4101	1	MF
GO:0030594	neurotransmitter receptor activity	22	10	4.29	0.41448	1	MF
GO:0015079	potassium ion transmembrane transporter ...	24	10	4.68	0.41526	1	MF
GO:0008134	transcription factor binding	117	24	22.84	0.42818	1	MF
GO:0001653	peptide receptor activity	17	4	3.32	0.43102	1	MF
GO:0017022	myosin binding	17	4	3.32	0.43102	1	MF
GO:0016779	nucleotidyltransferase activity	17	4	3.32	0.43102	1	MF
GO:0004197	cysteine-type endopeptidase activity	17	4	3.32	0.43102	1	MF
GO:0008528	G protein-coupled peptide receptor activ...	17	4	3.32	0.43102	1	MF
GO:0051087	chaperone binding	22	5	4.29	0.43431	1	MF
GO:0031625	ubiquitin protein ligase binding	52	11	10.15	0.43717	1	MF
GO:0003676	nucleic acid binding	336	67	65.58	0.44033	1	MF
GO:0005488	binding	1319	259	257.44	0.44509	1	MF
GO:1990837	sequence-specific double-stranded DNA bi...	129	26	25.18	0.46244	1	MF
GO:0003779	actin binding	53	11	10.34	0.4647	1	MF
GO:0022824	transmitter-gated ion channel activity	13	8	2.54	0.47334	1	MF
GO:0022835	transmitter-gated channel activity	13	8	2.54	0.47334	1	MF
GO:0099094	ligand-gated cation channel activity	23	5	4.49	0.47617	1	MF
GO:0004181	metallocarboxypeptidase activity	3	1	0.59	0.4789	1	MF
GO:1901474	azole transmembrane transporter activity	3	1	0.59	0.4789	1	MF
GO:0097157	pre-mRNA intronic binding	3	1	0.59	0.4789	1	MF
GO:0140318	protein transporter activity	3	1	0.59	0.4789	1	MF
GO:0008093	cytoskeletal anchor activity	3	1	0.59	0.4789	1	MF
GO:0022884	macromolecule transmembrane transporter ...	3	1	0.59	0.4789	1	MF
GO:0008320	protein transmembrane transporter activi...	3	1	0.59	0.4789	1	MF
GO:0034595	phosphatidylinositol phosphate 5-phospha...	3	1	0.59	0.4789	1	MF
GO:0022848	acetylcholine-gated cation-selective cha...	3	1	0.59	0.4789	1	MF
GO:0005159	insulin-like growth factor receptor bind...	3	1	0.59	0.4789	1	MF
GO:0008020	G protein-coupled photoreceptor activity	3	1	0.59	0.4789	1	MF
GO:0070034	telomerase RNA binding	3	1	0.59	0.4789	1	MF
GO:0004526	ribonuclease P activity	3	1	0.59	0.4789	1	MF
GO:0015218	pyrimidine nucleotide transmembrane tran...	3	1	0.59	0.4789	1	MF
GO:1904315	transmitter-gated ion channel activity i...	3	1	0.59	0.4789	1	MF
GO:0008906	inosine kinase activity	3	1	0.59	0.4789	1	MF
GO:0070717	poly-purine tract binding	3	1	0.59	0.4789	1	MF
GO:0016004	phospholipase activator activity	3	1	0.59	0.4789	1	MF
GO:0099529	neurotransmitter receptor activity invol...	3	1	0.59	0.4789	1	MF
GO:0071074	eukaryotic initiation factor eIF2 bindin...	3	1	0.59	0.4789	1	MF
GO:0004385	guanylate kinase activity	3	1	0.59	0.4789	1	MF
GO:0009931	calcium-dependent protein serine/threoni...	3	1	0.59	0.4789	1	MF
GO:0019869	chloride channel inhibitor activity	3	1	0.59	0.4789	1	MF
GO:0048027	mRNA 5'-UTR binding	3	1	0.59	0.4789	1	MF
GO:0070403	NAD+ binding	3	1	0.59	0.4789	1	MF
GO:0008432	JUN kinase binding	3	1	0.59	0.4789	1	MF
GO:0004089	carbonate dehydratase activity	3	1	0.59	0.4789	1	MF
GO:0015464	acetylcholine receptor activity	3	1	0.59	0.4789	1	MF
GO:0042166	acetylcholine binding	3	1	0.59	0.4789	1	MF
GO:0016404	15-hydroxyprostaglandin dehydrogenase (N...	3	1	0.59	0.4789	1	MF
GO:0004611	phosphoenolpyruvate carboxykinase activi...	3	1	0.59	0.4789	1	MF
GO:0004613	phosphoenolpyruvate carboxykinase (GTP) ...	3	1	0.59	0.4789	1	MF
GO:0017110	nucleoside diphosphate phosphatase activ...	3	1	0.59	0.4789	1	MF
GO:0008190	eukaryotic initiation factor 4E binding	3	1	0.59	0.4789	1	MF
GO:0034040	ATPase-coupled lipid transmembrane trans...	3	1	0.59	0.4789	1	MF
GO:0005092	GDP-dissociation inhibitor activity	3	1	0.59	0.4789	1	MF
GO:0003913	DNA photolyase activity	3	1	0.59	0.4789	1	MF
GO:0046966	nuclear thyroid hormone receptor binding	3	1	0.59	0.4789	1	MF
GO:0050692	DNA binding domain binding	3	1	0.59	0.4789	1	MF
GO:0016814	hydrolase activity, acting on carbon-nit...	3	1	0.59	0.4789	1	MF
GO:0004457	lactate dehydrogenase activity	3	1	0.59	0.4789	1	MF
GO:0050321	tau-protein kinase activity	3	1	0.59	0.4789	1	MF
GO:0043548	phosphatidylinositol 3-kinase binding	3	1	0.59	0.4789	1	MF
GO:0034452	dynactin binding	3	1	0.59	0.4789	1	MF
GO:0019104	DNA N-glycosylase activity	3	1	0.59	0.4789	1	MF
GO:0003904	deoxyribodipyrimidine photo-lyase activi...	3	1	0.59	0.4789	1	MF
GO:0005078	MAP-kinase scaffold activity	3	1	0.59	0.4789	1	MF
GO:0016805	dipeptidase activity	3	1	0.59	0.4789	1	MF
GO:0071889	14-3-3 protein binding	3	1	0.59	0.4789	1	MF
GO:0060229	lipase activator activity	3	1	0.59	0.4789	1	MF
GO:0140299	small molecule sensor activity	3	1	0.59	0.4789	1	MF
GO:0045505	dynein intermediate chain binding	3	1	0.59	0.4789	1	MF
GO:0009881	photoreceptor activity	3	1	0.59	0.4789	1	MF
GO:0010851	cyclase regulator activity	3	1	0.59	0.4789	1	MF
GO:0010857	calcium-dependent protein kinase activit...	3	1	0.59	0.4789	1	MF
GO:0000900	mRNA regulatory element binding translat...	3	1	0.59	0.4789	1	MF
GO:0031996	thioesterase binding	3	1	0.59	0.4789	1	MF
GO:0070513	death domain binding	3	1	0.59	0.4789	1	MF
GO:0019215	intermediate filament binding	3	1	0.59	0.4789	1	MF
GO:0005546	phosphatidylinositol-4,5-bisphosphate bi...	13	3	2.54	0.48083	1	MF
GO:0016301	kinase activity	125	25	24.4	0.48221	1	MF
GO:0031624	ubiquitin conjugating enzyme binding	8	2	1.56	0.48274	1	MF
GO:0008378	galactosyltransferase activity	8	2	1.56	0.48274	1	MF
GO:0036134	12-hydroxyheptadecatrienoic acid synthas...	8	2	1.56	0.48274	1	MF
GO:0048531	beta-1,3-galactosyltransferase activity	8	2	1.56	0.48274	1	MF
GO:0008499	UDP-galactose:beta-N-acetylglucosamine b...	8	2	1.56	0.48274	1	MF
GO:0004796	thromboxane-A synthase activity	8	2	1.56	0.48274	1	MF
GO:0004623	phospholipase A2 activity	8	2	1.56	0.48274	1	MF
GO:0015605	organophosphate ester transmembrane tran...	8	2	1.56	0.48274	1	MF
GO:0035250	UDP-galactosyltransferase activity	8	2	1.56	0.48274	1	MF
GO:0015485	cholesterol binding	8	2	1.56	0.48274	1	MF
GO:0016859	cis-trans isomerase activity	8	2	1.56	0.48274	1	MF
GO:0042805	actinin binding	8	2	1.56	0.48274	1	MF
GO:0099604	ligand-gated calcium channel activity	8	2	1.56	0.48274	1	MF
GO:0005102	signaling receptor binding	202	40	39.43	0.48848	1	MF
GO:0032559	adenyl ribonucleotide binding	76	15	14.83	0.52828	1	MF
GO:0051020	GTPase binding	102	20	19.91	0.53258	1	MF
GO:0005217	intracellular ligand-gated ion channel a...	14	3	2.73	0.53427	1	MF
GO:0000977	RNA polymerase II transcription regulato...	118	23	23.03	0.54239	1	MF
GO:0003682	chromatin binding	87	17	16.98	0.54293	1	MF
GO:0016772	transferase activity, transferring phosp...	144	28	28.11	0.54546	1	MF
GO:0044389	ubiquitin-like protein ligase binding	56	11	10.93	0.54559	1	MF
GO:0019783	ubiquitin-like protein peptidase activit...	9	2	1.76	0.54958	1	MF
GO:0016628	oxidoreductase activity, acting on the C...	9	2	1.76	0.54958	1	MF
GO:0005125	cytokine activity	9	2	1.76	0.54958	1	MF
GO:0016765	transferase activity, transferring alkyl...	9	2	1.76	0.54958	1	MF
GO:0015662	P-type ion transporter activity	9	2	1.76	0.54958	1	MF
GO:0051879	Hsp90 protein binding	9	2	1.76	0.54958	1	MF
GO:0044390	ubiquitin-like protein conjugating enzym...	9	2	1.76	0.54958	1	MF
GO:0042169	SH2 domain binding	9	2	1.76	0.54958	1	MF
GO:0003725	double-stranded RNA binding	9	2	1.76	0.54958	1	MF
GO:0032934	sterol binding	9	2	1.76	0.54958	1	MF
GO:0140358	P-type transmembrane transporter activit...	9	2	1.76	0.54958	1	MF
GO:0030554	adenyl nucleotide binding	77	15	15.03	0.551	1	MF
GO:0051015	actin filament binding	25	5	4.88	0.55638	1	MF
GO:0032555	purine ribonucleotide binding	104	20	20.3	0.57189	1	MF
GO:0016740	transferase activity	332	64	64.8	0.57529	1	MF
GO:0038023	signaling receptor activity	116	27	22.64	0.5805	1	MF
GO:0003887	DNA-directed DNA polymerase activity	4	1	0.78	0.58077	1	MF
GO:0061980	regulatory RNA binding	4	1	0.78	0.58077	1	MF
GO:0016208	AMP binding	4	1	0.78	0.58077	1	MF
GO:0031491	nucleosome binding	4	1	0.78	0.58077	1	MF
GO:0035198	miRNA binding	4	1	0.78	0.58077	1	MF
GO:0047144	2-acylglycerol-3-phosphate O-acyltransfe...	4	1	0.78	0.58077	1	MF
GO:0016799	hydrolase activity, hydrolyzing N-glycos...	4	1	0.78	0.58077	1	MF
GO:0016018	cyclosporin A binding	4	1	0.78	0.58077	1	MF
GO:0004549	tRNA-specific ribonuclease activity	4	1	0.78	0.58077	1	MF
GO:0070008	serine-type exopeptidase activity	4	1	0.78	0.58077	1	MF
GO:0000182	rDNA binding	4	1	0.78	0.58077	1	MF
GO:0051400	BH domain binding	4	1	0.78	0.58077	1	MF
GO:0031434	mitogen-activated protein kinase kinase ...	4	1	0.78	0.58077	1	MF
GO:0008483	transaminase activity	4	1	0.78	0.58077	1	MF
GO:0043175	RNA polymerase core enzyme binding	4	1	0.78	0.58077	1	MF
GO:0015643	toxic substance binding	4	1	0.78	0.58077	1	MF
GO:0034061	DNA polymerase activity	4	1	0.78	0.58077	1	MF
GO:0016899	oxidoreductase activity, acting on the C...	4	1	0.78	0.58077	1	MF
GO:0046527	glucosyltransferase activity	4	1	0.78	0.58077	1	MF
GO:0035251	UDP-glucosyltransferase activity	4	1	0.78	0.58077	1	MF
GO:0004629	phospholipase C activity	4	1	0.78	0.58077	1	MF
GO:0030275	LRR domain binding	4	1	0.78	0.58077	1	MF
GO:0030506	ankyrin binding	4	1	0.78	0.58077	1	MF
GO:0097602	cullin family protein binding	4	1	0.78	0.58077	1	MF
GO:0030371	translation repressor activity	4	1	0.78	0.58077	1	MF
GO:0005021	vascular endothelial growth factor recep...	4	1	0.78	0.58077	1	MF
GO:0008138	protein tyrosine/serine/threonine phosph...	4	1	0.78	0.58077	1	MF
GO:0004867	serine-type endopeptidase inhibitor acti...	4	1	0.78	0.58077	1	MF
GO:0004869	cysteine-type endopeptidase inhibitor ac...	4	1	0.78	0.58077	1	MF
GO:0051959	dynein light intermediate chain binding	4	1	0.78	0.58077	1	MF
GO:0018024	histone-lysine N-methyltransferase activ...	4	1	0.78	0.58077	1	MF
GO:1901618	organic hydroxy compound transmembrane t...	4	1	0.78	0.58077	1	MF
GO:0015111	iodide transmembrane transporter activit...	4	1	0.78	0.58077	1	MF
GO:0043028	cysteine-type endopeptidase regulator ac...	4	1	0.78	0.58077	1	MF
GO:0052745	inositol phosphate phosphatase activity	4	1	0.78	0.58077	1	MF
GO:0008757	S-adenosylmethionine-dependent methyltra...	31	6	6.05	0.58214	1	MF
GO:0140678	molecular function inhibitor activity	15	3	2.93	0.58446	1	MF
GO:0017076	purine nucleotide binding	105	20	20.49	0.59111	1	MF
GO:0032553	ribonucleotide binding	105	20	20.49	0.59111	1	MF
GO:0035091	phosphatidylinositol binding	42	8	8.2	0.59402	1	MF
GO:0003729	mRNA binding	42	8	8.2	0.59402	1	MF
GO:0005319	lipid transporter activity	26	5	5.07	0.59415	1	MF
GO:0005261	cation channel activity	78	25	15.22	0.59903	1	MF
GO:0060089	molecular transducer activity	117	27	22.84	0.59927	1	MF
GO:0001227	DNA-binding transcription repressor acti...	37	7	7.22	0.60387	1	MF
GO:0001217	DNA-binding transcription repressor acti...	37	7	7.22	0.60387	1	MF
GO:0030414	peptidase inhibitor activity	10	2	1.95	0.61011	1	MF
GO:0019003	GDP binding	10	2	1.95	0.61011	1	MF
GO:0016776	phosphotransferase activity, phosphate g...	10	2	1.95	0.61011	1	MF
GO:0019829	ATPase-coupled cation transmembrane tran...	10	2	1.95	0.61011	1	MF
GO:0061135	endopeptidase regulator activity	10	2	1.95	0.61011	1	MF
GO:0001540	amyloid-beta binding	10	2	1.95	0.61011	1	MF
GO:0003727	single-stranded RNA binding	10	2	1.95	0.61011	1	MF
GO:0004866	endopeptidase inhibitor activity	10	2	1.95	0.61011	1	MF
GO:0099106	ion channel regulator activity	32	6	6.25	0.61562	1	MF
GO:0030695	GTPase regulator activity	80	15	15.61	0.61672	1	MF
GO:0005543	phospholipid binding	70	13	13.66	0.62989	1	MF
GO:0005525	GTP binding	27	5	5.27	0.63007	1	MF
GO:0008238	exopeptidase activity	16	3	3.12	0.63107	1	MF
GO:0004540	ribonuclease activity	16	3	3.12	0.63107	1	MF
GO:0003774	cytoskeletal motor activity	16	3	3.12	0.63107	1	MF
GO:0005496	steroid binding	16	3	3.12	0.63107	1	MF
GO:0008047	enzyme activator activity	76	14	14.83	0.64443	1	MF
GO:0019207	kinase regulator activity	33	6	6.44	0.64755	1	MF
GO:0016922	nuclear receptor binding	22	4	4.29	0.64861	1	MF
GO:0050839	cell adhesion molecule binding	44	8	8.59	0.65044	1	MF
GO:0046873	metal ion transmembrane transporter acti...	80	25	15.61	0.6567	1	MF
GO:0015103	inorganic anion transmembrane transporte...	44	13	8.59	0.66266	1	MF
GO:0017056	structural constituent of nuclear pore	5	1	0.98	0.66278	1	MF
GO:0016504	peptidase activator activity	5	1	0.98	0.66278	1	MF
GO:0086087	voltage-gated potassium channel activity...	5	1	0.98	0.66278	1	MF
GO:0086089	voltage-gated potassium channel activity...	5	1	0.98	0.66278	1	MF
GO:0008235	metalloexopeptidase activity	5	1	0.98	0.66278	1	MF
GO:0051721	protein phosphatase 2A binding	5	1	0.98	0.66278	1	MF
GO:0003841	1-acylglycerol-3-phosphate O-acyltransfe...	5	1	0.98	0.66278	1	MF
GO:0015280	ligand-gated sodium channel activity	5	1	0.98	0.66278	1	MF
GO:0086008	voltage-gated potassium channel activity...	5	1	0.98	0.66278	1	MF
GO:0015215	nucleotide transmembrane transporter act...	5	1	0.98	0.66278	1	MF
GO:0098960	postsynaptic neurotransmitter receptor a...	5	1	0.98	0.66278	1	MF
GO:0038024	cargo receptor activity	5	1	0.98	0.66278	1	MF
GO:0050145	nucleoside monophosphate kinase activity	5	1	0.98	0.66278	1	MF
GO:0070412	R-SMAD binding	5	1	0.98	0.66278	1	MF
GO:0004383	guanylate cyclase activity	5	1	0.98	0.66278	1	MF
GO:0005251	delayed rectifier potassium channel acti...	5	1	0.98	0.66278	1	MF
GO:0044548	S100 protein binding	5	1	0.98	0.66278	1	MF
GO:0005536	glucose binding	5	1	0.98	0.66278	1	MF
GO:0017128	phospholipid scramblase activity	5	1	0.98	0.66278	1	MF
GO:0005504	fatty acid binding	5	1	0.98	0.66278	1	MF
GO:0008172	S-methyltransferase activity	5	1	0.98	0.66278	1	MF
GO:0140104	molecular carrier activity	5	1	0.98	0.66278	1	MF
GO:0001222	transcription corepressor binding	5	1	0.98	0.66278	1	MF
GO:0000049	tRNA binding	5	1	0.98	0.66278	1	MF
GO:0003707	nuclear steroid receptor activity	5	1	0.98	0.66278	1	MF
GO:0086090	voltage-gated potassium channel activity...	5	1	0.98	0.66278	1	MF
GO:0032550	purine ribonucleoside binding	28	5	5.46	0.664	1	MF
GO:0003924	GTPase activity	28	5	5.46	0.664	1	MF
GO:0032549	ribonucleoside binding	28	5	5.46	0.664	1	MF
GO:0008227	G protein-coupled amine receptor activit...	11	2	2.15	0.66423	1	MF
GO:0008200	ion channel inhibitor activity	11	2	2.15	0.66423	1	MF
GO:0016684	oxidoreductase activity, acting on perox...	11	2	2.15	0.66423	1	MF
GO:0015370	solute:sodium symporter activity	11	2	2.15	0.66423	1	MF
GO:0030145	manganese ion binding	11	2	2.15	0.66423	1	MF
GO:0060590	ATPase regulator activity	11	2	2.15	0.66423	1	MF
GO:0005246	calcium channel regulator activity	11	2	2.15	0.66423	1	MF
GO:0004712	protein serine/threonine/tyrosine kinase...	11	2	2.15	0.66423	1	MF
GO:0031593	polyubiquitin modification-dependent pro...	11	2	2.15	0.66423	1	MF
GO:0046983	protein dimerization activity	267	50	52.11	0.66553	1	MF
GO:0046914	transition metal ion binding	88	16	17.18	0.67061	1	MF
GO:0017124	SH3 domain binding	17	3	3.32	0.67393	1	MF
GO:0060090	molecular adaptor activity	45	8	8.78	0.67689	1	MF
GO:0030674	protein-macromolecule adaptor activity	45	8	8.78	0.67689	1	MF
GO:0016247	channel regulator activity	34	6	6.64	0.67782	1	MF
GO:0043167	ion binding	383	72	74.75	0.6796	1	MF
GO:0001882	nucleoside binding	29	5	5.66	0.69584	1	MF
GO:0001883	purine nucleoside binding	29	5	5.66	0.69584	1	MF
GO:0008233	peptidase activity	68	12	13.27	0.70246	1	MF
GO:0060589	nucleoside-triphosphatase regulator acti...	90	16	17.57	0.70752	1	MF
GO:0019205	nucleobase-containing compound kinase ac...	12	2	2.34	0.71215	1	MF
GO:0042625	ATPase-coupled ion transmembrane transpo...	12	2	2.34	0.71215	1	MF
GO:0016627	oxidoreductase activity, acting on the C...	12	2	2.34	0.71215	1	MF
GO:0043178	alcohol binding	12	2	2.34	0.71215	1	MF
GO:0016407	acetyltransferase activity	12	2	2.34	0.71215	1	MF
GO:0071837	HMG box domain binding	12	2	2.34	0.71215	1	MF
GO:0004930	G protein-coupled receptor activity	63	11	12.3	0.71227	1	MF
GO:0016798	hydrolase activity, acting on glycosyl b...	18	3	3.51	0.71302	1	MF
GO:0042826	histone deacetylase binding	18	3	3.51	0.71302	1	MF
GO:0036094	small molecule binding	182	33	35.52	0.72103	1	MF
GO:1901363	heterocyclic compound binding	471	88	91.93	0.72438	1	MF
GO:0032451	demethylase activity	6	1	1.17	0.72878	1	MF
GO:0070063	RNA polymerase binding	6	1	1.17	0.72878	1	MF
GO:0140303	intramembrane lipid transporter activity	6	1	1.17	0.72878	1	MF
GO:0004550	nucleoside diphosphate kinase activity	6	1	1.17	0.72878	1	MF
GO:0016769	transferase activity, transferring nitro...	6	1	1.17	0.72878	1	MF
GO:0043855	cyclic nucleotide-gated ion channel acti...	6	1	1.17	0.72878	1	MF
GO:0016411	acylglycerol O-acyltransferase activity	6	1	1.17	0.72878	1	MF
GO:0008417	fucosyltransferase activity	6	1	1.17	0.72878	1	MF
GO:0016891	endoribonuclease activity, producing 5'-...	6	1	1.17	0.72878	1	MF
GO:0005221	intracellular cyclic nucleotide activate...	6	1	1.17	0.72878	1	MF
GO:0048487	beta-tubulin binding	6	1	1.17	0.72878	1	MF
GO:0004602	glutathione peroxidase activity	6	1	1.17	0.72878	1	MF
GO:0043395	heparan sulfate proteoglycan binding	6	1	1.17	0.72878	1	MF
GO:0046920	alpha-(1->3)-fucosyltransferase activity	6	1	1.17	0.72878	1	MF
GO:0036002	pre-mRNA binding	6	1	1.17	0.72878	1	MF
GO:1901338	catecholamine binding	6	1	1.17	0.72878	1	MF
GO:0001223	transcription coactivator binding	6	1	1.17	0.72878	1	MF
GO:0051379	epinephrine binding	6	1	1.17	0.72878	1	MF
GO:0016787	hydrolase activity	315	58	61.48	0.73146	1	MF
GO:0000166	nucleotide binding	124	22	24.2	0.73302	1	MF
GO:1901265	nucleoside phosphate binding	124	22	24.2	0.73302	1	MF
GO:0015631	tubulin binding	42	7	8.2	0.74091	1	MF
GO:0031267	small GTPase binding	92	16	17.96	0.74187	1	MF
GO:0004888	transmembrane signaling receptor activit...	98	22	19.13	0.74479	1	MF
GO:0004518	nuclease activity	25	4	4.88	0.74938	1	MF
GO:0019001	guanyl nucleotide binding	31	5	6.05	0.75314	1	MF
GO:0032561	guanyl ribonucleotide binding	31	5	6.05	0.75314	1	MF
GO:0016248	channel inhibitor activity	13	2	2.54	0.75421	1	MF
GO:0140034	methylation-dependent protein binding	13	2	2.54	0.75421	1	MF
GO:0016706	2-oxoglutarate-dependent dioxygenase act...	13	2	2.54	0.75421	1	MF
GO:0035254	glutamate receptor binding	13	2	2.54	0.75421	1	MF
GO:0035064	methylated histone binding	13	2	2.54	0.75421	1	MF
GO:0001221	transcription coregulator binding	13	2	2.54	0.75421	1	MF
GO:1990782	protein tyrosine kinase binding	13	2	2.54	0.75421	1	MF
GO:0097159	organic cyclic compound binding	485	90	94.66	0.75479	1	MF
GO:0140098	catalytic activity, acting on RNA	49	8	9.56	0.76984	1	MF
GO:0015318	inorganic molecular entity transmembrane...	160	43	31.23	0.77322	1	MF
GO:0042803	protein homodimerization activity	208	37	40.6	0.77529	1	MF
GO:0005267	potassium channel activity	19	8	3.71	0.77685	1	MF
GO:0019887	protein kinase regulator activity	32	5	6.25	0.77861	1	MF
GO:1901981	phosphatidylinositol phosphate binding	32	5	6.25	0.77861	1	MF
GO:1902936	phosphatidylinositol bisphosphate bindin...	20	3	3.9	0.78022	1	MF
GO:0030246	carbohydrate binding	20	3	3.9	0.78022	1	MF
GO:0004520	endodeoxyribonuclease activity	7	1	1.37	0.7819	1	MF
GO:0101005	deubiquitinase activity	7	1	1.37	0.7819	1	MF
GO:0030159	signaling receptor complex adaptor activ...	7	1	1.37	0.7819	1	MF
GO:0032813	tumor necrosis factor receptor superfami...	7	1	1.37	0.7819	1	MF
GO:0031435	mitogen-activated protein kinase kinase ...	7	1	1.37	0.7819	1	MF
GO:0009975	cyclase activity	7	1	1.37	0.7819	1	MF
GO:0019870	potassium channel inhibitor activity	7	1	1.37	0.7819	1	MF
GO:0004497	monooxygenase activity	7	1	1.37	0.7819	1	MF
GO:0016849	phosphorus-oxygen lyase activity	7	1	1.37	0.7819	1	MF
GO:0140103	catalytic activity, acting on a glycopro...	7	1	1.37	0.7819	1	MF
GO:0004708	MAP kinase kinase activity	7	1	1.37	0.7819	1	MF
GO:0004843	cysteine-type deubiquitinase activity	7	1	1.37	0.7819	1	MF
GO:0140359	ABC-type transporter activity	7	1	1.37	0.7819	1	MF
GO:0004553	hydrolase activity, hydrolyzing O-glycos...	14	2	2.73	0.79086	1	MF
GO:0015459	potassium channel regulator activity	14	2	2.73	0.79086	1	MF
GO:0061134	peptidase regulator activity	14	2	2.73	0.79086	1	MF
GO:0047485	protein N-terminus binding	14	2	2.73	0.79086	1	MF
GO:0140030	modification-dependent protein binding	27	4	5.27	0.80326	1	MF
GO:0042802	identical protein binding	335	60	65.38	0.81548	1	MF
GO:0008289	lipid binding	103	17	20.1	0.82114	1	MF
GO:0016651	oxidoreductase activity, acting on NAD(P...	15	2	2.93	0.82262	1	MF
GO:0004177	aminopeptidase activity	8	1	1.56	0.82463	1	MF
GO:0001786	phosphatidylserine binding	8	1	1.56	0.82463	1	MF
GO:0016893	endonuclease activity, active with eithe...	8	1	1.56	0.82463	1	MF
GO:0016835	carbon-oxygen lyase activity	8	1	1.56	0.82463	1	MF
GO:0016836	hydro-lyase activity	8	1	1.56	0.82463	1	MF
GO:0051287	NAD binding	8	1	1.56	0.82463	1	MF
GO:0030331	nuclear estrogen receptor binding	8	1	1.56	0.82463	1	MF
GO:0019534	toxin transmembrane transporter activity	8	1	1.56	0.82463	1	MF
GO:0008017	microtubule binding	28	4	5.46	0.82647	1	MF
GO:0016747	acyltransferase activity, transferring g...	28	4	5.46	0.82647	1	MF
GO:0048018	receptor ligand activity	28	4	5.46	0.82647	1	MF
GO:0030546	signaling receptor activator activity	28	4	5.46	0.82647	1	MF
GO:0070851	growth factor receptor binding	22	3	4.29	0.83391	1	MF
GO:0017171	serine hydrolase activity	22	3	4.29	0.83391	1	MF
GO:0016462	pyrophosphatase activity	105	17	20.49	0.84495	1	MF
GO:0016817	hydrolase activity, acting on acid anhyd...	105	17	20.49	0.84495	1	MF
GO:0016818	hydrolase activity, acting on acid anhyd...	105	17	20.49	0.84495	1	MF
GO:0008324	cation transmembrane transporter activit...	119	30	23.23	0.84569	1	MF
GO:0030545	signaling receptor regulator activity	29	4	5.66	0.84738	1	MF
GO:0015293	symporter activity	16	2	3.12	0.84998	1	MF
GO:0015294	solute:cation symporter activity	16	2	3.12	0.84998	1	MF
GO:0004519	endonuclease activity	16	2	3.12	0.84998	1	MF
GO:0002020	protease binding	16	2	3.12	0.84998	1	MF
GO:0015267	channel activity	106	37	20.69	0.85159	1	MF
GO:0022803	passive transmembrane transporter activi...	106	37	20.69	0.85159	1	MF
GO:0017111	ribonucleoside triphosphate phosphatase ...	100	16	19.52	0.85233	1	MF
GO:0042626	ATPase-coupled transmembrane transporter...	23	3	4.49	0.85626	1	MF
GO:0051117	ATPase binding	23	3	4.49	0.85626	1	MF
GO:0008270	zinc ion binding	60	9	11.71	0.8577	1	MF
GO:0016538	cyclin-dependent protein serine/threonin...	9	1	1.76	0.85902	1	MF
GO:0051018	protein kinase A binding	9	1	1.76	0.85902	1	MF
GO:0042056	chemoattractant activity	9	1	1.76	0.85902	1	MF
GO:0008374	O-acyltransferase activity	9	1	1.76	0.85902	1	MF
GO:0008080	N-acetyltransferase activity	9	1	1.76	0.85902	1	MF
GO:0008013	beta-catenin binding	9	1	1.76	0.85902	1	MF
GO:1990841	promoter-specific chromatin binding	9	1	1.76	0.85902	1	MF
GO:0004953	icosanoid receptor activity	9	1	1.76	0.85902	1	MF
GO:0004954	prostanoid receptor activity	9	1	1.76	0.85902	1	MF
GO:0004955	prostaglandin receptor activity	9	1	1.76	0.85902	1	MF
GO:0016410	N-acyltransferase activity	9	1	1.76	0.85902	1	MF
GO:0042165	neurotransmitter binding	9	1	1.76	0.85902	1	MF
GO:0050660	flavin adenine dinucleotide binding	9	1	1.76	0.85902	1	MF
GO:0097718	disordered domain specific binding	9	1	1.76	0.85902	1	MF
GO:0019955	cytokine binding	9	1	1.76	0.85902	1	MF
GO:0061629	RNA polymerase II-specific DNA-binding t...	30	4	5.86	0.86612	1	MF
GO:0030165	PDZ domain binding	30	4	5.86	0.86612	1	MF
GO:0004175	endopeptidase activity	43	6	8.39	0.87306	1	MF
GO:0019842	vitamin binding	17	2	3.32	0.87346	1	MF
GO:0016810	hydrolase activity, acting on carbon-nit...	17	2	3.32	0.87346	1	MF
GO:0051213	dioxygenase activity	17	2	3.32	0.87346	1	MF
GO:0022890	inorganic cation transmembrane transport...	116	29	22.64	0.88045	1	MF
GO:0008509	anion transmembrane transporter activity	73	16	14.25	0.88354	1	MF
GO:0008094	ATP-dependent activity, acting on DNA	10	1	1.95	0.88667	1	MF
GO:0008083	growth factor activity	10	1	1.95	0.88667	1	MF
GO:0004536	deoxyribonuclease activity	10	1	1.95	0.88667	1	MF
GO:0015932	nucleobase-containing compound transmemb...	10	1	1.95	0.88667	1	MF
GO:0019894	kinesin binding	10	1	1.95	0.88667	1	MF
GO:0004601	peroxidase activity	10	1	1.95	0.88667	1	MF
GO:0004714	transmembrane receptor protein tyrosine ...	10	1	1.95	0.88667	1	MF
GO:0043394	proteoglycan binding	10	1	1.95	0.88667	1	MF
GO:0030971	receptor tyrosine kinase binding	10	1	1.95	0.88667	1	MF
GO:0016758	hexosyltransferase activity	38	5	7.42	0.89107	1	MF
GO:0015075	ion transmembrane transporter activity	165	42	32.2	0.89181	1	MF
GO:0005080	protein kinase C binding	18	2	3.51	0.89351	1	MF
GO:0016887	ATP hydrolysis activity	69	10	13.47	0.89396	1	MF
GO:0043168	anion binding	252	42	49.18	0.90798	1	MF
GO:0004713	protein tyrosine kinase activity	26	3	5.07	0.90828	1	MF
GO:0003823	antigen binding	11	1	2.15	0.90892	1	MF
GO:0004521	endoribonuclease activity	11	1	2.15	0.90892	1	MF
GO:0005104	fibroblast growth factor receptor bindin...	11	1	2.15	0.90892	1	MF
GO:0005518	collagen binding	11	1	2.15	0.90892	1	MF
GO:0016879	ligase activity, forming carbon-nitrogen...	11	1	2.15	0.90892	1	MF
GO:0016811	hydrolase activity, acting on carbon-nit...	11	1	2.15	0.90892	1	MF
GO:1901682	sulfur compound transmembrane transporte...	11	1	2.15	0.90892	1	MF
GO:0015175	neutral amino acid transmembrane transpo...	11	1	2.15	0.90892	1	MF
GO:0016705	oxidoreductase activity, acting on paire...	19	2	3.71	0.91058	1	MF
GO:0044325	transmembrane transporter binding	19	2	3.71	0.91058	1	MF
GO:0001664	G protein-coupled receptor binding	47	6	9.17	0.92104	1	MF
GO:0140297	DNA-binding transcription factor binding	34	4	6.64	0.92262	1	MF
GO:0005085	guanyl-nucleotide exchange factor activi...	41	5	8	0.92596	1	MF
GO:0015651	quaternary ammonium group transmembrane ...	12	1	2.34	0.9268	1	MF
GO:0048306	calcium-dependent protein binding	12	1	2.34	0.9268	1	MF
GO:0019199	transmembrane receptor protein kinase ac...	12	1	2.34	0.9268	1	MF
GO:0045296	cadherin binding	12	1	2.34	0.9268	1	MF
GO:0097367	carbohydrate derivative binding	145	22	28.3	0.93487	1	MF
GO:0042277	peptide binding	42	5	8.2	0.93516	1	MF
GO:0008236	serine-type peptidase activity	21	2	4.1	0.93732	1	MF
GO:0090482	vitamin transmembrane transporter activi...	13	1	2.54	0.94119	1	MF
GO:0008028	monocarboxylic acid transmembrane transp...	13	1	2.54	0.94119	1	MF
GO:0048029	monosaccharide binding	13	1	2.54	0.94119	1	MF
GO:0070888	E-box binding	13	1	2.54	0.94119	1	MF
GO:0015171	amino acid transmembrane transporter act...	13	1	2.54	0.94119	1	MF
GO:0015179	L-amino acid transmembrane transporter a...	13	1	2.54	0.94119	1	MF
GO:0008194	UDP-glycosyltransferase activity	29	3	5.66	0.94265	1	MF
GO:0022853	active ion transmembrane transporter act...	50	6	9.76	0.94581	1	MF
GO:0140657	ATP-dependent activity	76	10	14.83	0.94838	1	MF
GO:0005198	structural molecule activity	76	10	14.83	0.94838	1	MF
GO:0042393	histone binding	37	4	7.22	0.94984	1	MF
GO:0016757	glycosyltransferase activity	44	5	8.59	0.95056	1	MF
GO:0015101	organic cation transmembrane transporter...	14	1	2.73	0.95275	1	MF
GO:0019905	syntaxin binding	14	1	2.73	0.95275	1	MF
GO:0020037	heme binding	14	1	2.73	0.95275	1	MF
GO:0016614	oxidoreductase activity, acting on CH-OH...	23	2	4.49	0.95637	1	MF
GO:0000149	SNARE binding	23	2	4.49	0.95637	1	MF
GO:0015399	primary active transmembrane transporter...	31	3	6.05	0.95848	1	MF
GO:0090079	translation regulator activity, nucleic ...	15	1	2.93	0.96205	1	MF
GO:0046906	tetrapyrrole binding	15	1	2.93	0.96205	1	MF
GO:0005539	glycosaminoglycan binding	24	2	4.68	0.96368	1	MF
GO:0072341	modified amino acid binding	16	1	3.12	0.96952	1	MF
GO:0031490	chromatin DNA binding	16	1	3.12	0.96952	1	MF
GO:0004252	serine-type endopeptidase activity	16	1	3.12	0.96952	1	MF
GO:0005109	frizzled binding	16	1	3.12	0.96952	1	MF
GO:0045182	translation regulator activity	16	1	3.12	0.96952	1	MF
GO:0019838	growth factor binding	16	1	3.12	0.96952	1	MF
GO:0015297	antiporter activity	25	2	4.88	0.96981	1	MF
GO:0015291	secondary active transmembrane transport...	41	4	8	0.97257	1	MF
GO:0008519	ammonium transmembrane transporter activ...	17	1	3.32	0.97552	1	MF
GO:0044877	protein-containing complex binding	170	24	33.18	0.97866	1	MF
GO:0033218	amide binding	50	5	9.76	0.97897	1	MF
GO:0008237	metallopeptidase activity	18	1	3.51	0.98034	1	MF
GO:0031072	heat shock protein binding	28	2	5.46	0.98279	1	MF
GO:0016874	ligase activity	28	2	5.46	0.98279	1	MF
GO:0008201	heparin binding	19	1	3.71	0.98422	1	MF
GO:0016616	oxidoreductase activity, acting on the C...	19	1	3.71	0.98422	1	MF
GO:0003723	RNA binding	119	15	23.23	0.9853	1	MF
GO:0005342	organic acid transmembrane transporter a...	29	2	5.66	0.98576	1	MF
GO:0046943	carboxylic acid transmembrane transporte...	29	2	5.66	0.98576	1	MF
GO:0043021	ribonucleoprotein complex binding	20	1	3.9	0.98733	1	MF
GO:0003824	catalytic activity	792	139	154.58	0.98819	1	MF
GO:1901681	sulfur compound binding	39	3	7.61	0.98928	1	MF
GO:0005126	cytokine receptor binding	21	1	4.1	0.98983	1	MF
GO:0051082	unfolded protein binding	21	1	4.1	0.98983	1	MF
GO:0005215	transporter activity	219	50	42.74	0.99084	1	MF
GO:0008514	organic anion transmembrane transporter ...	40	3	7.81	0.99101	1	MF
GO:0022857	transmembrane transporter activity	200	47	39.04	0.99192	1	MF
GO:0022804	active transmembrane transporter activit...	72	7	14.05	0.9931	1	MF
GO:0003735	structural constituent of ribosome	24	1	4.68	0.99475	1	MF
GO:0016491	oxidoreductase activity	119	15	23.23	0.99985	1	MF
GO:0016917	GABA receptor activity	10	7	1.95	1	1	MF
GO:0003674	molecular_function	1783	348	348	1	1	MF
GO:0032809	neuronal cell body membrane	23	11	4.48	0.0019	0.7314	CC
GO:0016604	nuclear body	97	31	18.91	0.0019	0.7314	CC
GO:0032589	neuron projection membrane	27	12	5.26	0.0026	0.7314	CC
GO:0031594	neuromuscular junction	41	16	7.99	0.0027	0.7314	CC
GO:0034703	cation channel complex	33	16	6.43	0.0035	0.7314	CC
GO:0008021	synaptic vesicle	46	17	8.97	0.004	0.7314	CC
GO:0045111	intermediate filament cytoskeleton	10	6	1.95	0.0055	0.7314	CC
GO:0000776	kinetochore	16	8	3.12	0.0058	0.7314	CC
GO:0008287	protein serine/threonine phosphatase com...	13	7	2.53	0.0059	0.7314	CC
GO:0005891	voltage-gated calcium channel complex	5	4	0.97	0.006	0.7314	CC
GO:0032156	septin cytoskeleton	3	3	0.58	0.0074	0.751716666666667	CC
GO:0035976	transcription factor AP-1 complex	3	3	0.58	0.0074	0.751716666666667	CC
GO:0099512	supramolecular fiber	107	31	20.86	0.0099	0.812666666666667	CC
GO:0034705	potassium channel complex	11	6	2.14	0.01	0.812666666666667	CC
GO:0008076	voltage-gated potassium channel complex	11	6	2.14	0.01	0.812666666666667	CC
GO:0030496	midbody	25	10	4.87	0.014	1	CC
GO:0070938	contractile ring	6	4	1.17	0.0153	1	CC
GO:0043025	neuronal cell body	140	43	27.29	0.0165	1	CC
GO:0005881	cytoplasmic microtubule	9	5	1.75	0.0173	1	CC
GO:0099501	exocytic vesicle membrane	23	9	4.48	0.0227	1	CC
GO:0030285	integral component of synaptic vesicle m...	16	7	3.12	0.0229	1	CC
GO:0098563	intrinsic component of synaptic vesicle ...	16	7	3.12	0.0229	1	CC
GO:0000164	protein phosphatase type 1 complex	4	3	0.78	0.0252	1	CC
GO:0032591	dendritic spine membrane	4	3	0.78	0.0252	1	CC
GO:0097060	synaptic membrane	59	18	11.5	0.027	1	CC
GO:0005776	autophagosome	20	8	3.9	0.0272	1	CC
GO:0099513	polymeric cytoskeletal fiber	47	15	9.16	0.0282	1	CC
GO:0030425	dendrite	139	36	27.1	0.034	1	CC
GO:0097447	dendritic tree	140	36	27.29	0.0376	1	CC
GO:0032994	protein-lipid complex	2	2	0.39	0.0379	1	CC
GO:0008328	ionotropic glutamate receptor complex	2	2	0.39	0.0379	1	CC
GO:0098878	neurotransmitter receptor complex	2	2	0.39	0.0379	1	CC
GO:0030424	axon	137	35	26.71	0.0438	1	CC
GO:0098794	postsynapse	88	24	17.15	0.0442	1	CC
GO:0030672	synaptic vesicle membrane	22	8	4.29	0.0482	1	CC
GO:0009898	cytoplasmic side of plasma membrane	42	13	8.19	0.0502	1	CC
GO:0005882	intermediate filament	5	3	0.97	0.0539	1	CC
GO:0044297	cell body	156	44	30.41	0.0577	1	CC
GO:0005829	cytosol	704	151	137.24	0.0584	1	CC
GO:0045211	postsynaptic membrane	43	13	8.38	0.0597	1	CC
GO:0098793	presynapse	103	33	20.08	0.0614	1	CC
GO:0048786	presynaptic active zone	23	8	4.48	0.0618	1	CC
GO:0000794	condensed nuclear chromosome	12	5	2.34	0.0654	1	CC
GO:0098562	cytoplasmic side of membrane	48	14	9.36	0.068	1	CC
GO:0001725	stress fiber	9	4	1.75	0.0786	1	CC
GO:0051233	spindle midzone	9	4	1.75	0.0786	1	CC
GO:0097517	contractile actin filament bundle	9	4	1.75	0.0786	1	CC
GO:0016028	rhabdomere	9	4	1.75	0.0786	1	CC
GO:0036477	somatodendritic compartment	189	50	36.84	0.0859	1	CC
GO:0042641	actomyosin	13	5	2.53	0.0899	1	CC
GO:0031226	intrinsic component of plasma membrane	221	51	43.08	0.0923	1	CC
GO:0000322	storage vacuole	6	3	1.17	0.0924	1	CC
GO:0036452	ESCRT complex	6	3	1.17	0.0924	1	CC
GO:0030658	transport vesicle membrane	29	9	5.65	0.0938	1	CC
GO:0012506	vesicle membrane	146	35	28.46	0.0969	1	CC
GO:0008278	cohesin complex	3	2	0.58	0.099	1	CC
GO:0036194	muscle cell projection	3	2	0.58	0.099	1	CC
GO:0036195	muscle cell projection membrane	3	2	0.58	0.099	1	CC
GO:0045180	basal cortex	3	2	0.58	0.099	1	CC
GO:0101003	ficolin-1-rich granule membrane	3	2	0.58	0.099	1	CC
GO:0005929	cilium	124	30	24.17	0.1079	1	CC
GO:0016607	nuclear speck	47	13	9.16	0.1095	1	CC
GO:0032590	dendrite membrane	10	4	1.95	0.1116	1	CC
GO:0072686	mitotic spindle	22	7	4.29	0.1185	1	CC
GO:0030659	cytoplasmic vesicle membrane	144	34	28.07	0.1191	1	CC
GO:0043292	contractile fiber	61	16	11.89	0.1199	1	CC
GO:0005887	integral component of plasma membrane	212	48	41.33	0.1294	1	CC
GO:0036062	presynaptic periactive zone	7	3	1.36	0.1391	1	CC
GO:0030056	hemidesmosome	7	3	1.36	0.1391	1	CC
GO:0070821	tertiary granule membrane	7	3	1.36	0.1391	1	CC
GO:0098552	side of membrane	90	22	17.54	0.1412	1	CC
GO:0032432	actin filament bundle	11	4	2.14	0.1495	1	CC
GO:0005874	microtubule	28	8	5.46	0.1621	1	CC
GO:0043005	neuron projection	252	61	49.12	0.1643	1	CC
GO:0031514	motile cilium	37	10	7.21	0.1676	1	CC
GO:0043227	membrane-bounded organelle	1485	303	289.48	0.1702	1	CC
GO:1990761	growth cone lamellipodium	4	2	0.78	0.1729	1	CC
GO:0000815	ESCRT III complex	4	2	0.78	0.1729	1	CC
GO:0044232	organelle membrane contact site	4	2	0.78	0.1729	1	CC
GO:0016460	myosin II complex	4	2	0.78	0.1729	1	CC
GO:0001674	female germ cell nucleus	4	2	0.78	0.1729	1	CC
GO:0031475	myosin V complex	4	2	0.78	0.1729	1	CC
GO:0071782	endoplasmic reticulum tubular network	4	2	0.78	0.1729	1	CC
GO:0031080	nuclear pore outer ring	4	2	0.78	0.1729	1	CC
GO:0005859	muscle myosin complex	4	2	0.78	0.1729	1	CC
GO:0031234	extrinsic component of cytoplasmic side ...	20	6	3.9	0.1785	1	CC
GO:0005730	nucleolus	155	35	30.22	0.1818	1	CC
GO:0031970	organelle envelope lumen	16	5	3.12	0.186	1	CC
GO:0032391	photoreceptor connecting cilium	8	3	1.56	0.1917	1	CC
GO:0055120	striated muscle dense body	8	3	1.56	0.1917	1	CC
GO:0097228	sperm principal piece	8	3	1.56	0.1917	1	CC
GO:0016605	PML body	8	3	1.56	0.1917	1	CC
GO:0016461	unconventional myosin complex	8	3	1.56	0.1917	1	CC
GO:0016459	myosin complex	8	3	1.56	0.1917	1	CC
GO:0010494	cytoplasmic stress granule	8	3	1.56	0.1917	1	CC
GO:0043231	intracellular membrane-bounded organelle	1427	292	278.17	0.193	1	CC
GO:0005883	neurofilament	1	1	0.19	0.1949	1	CC
GO:0061700	GATOR2 complex	1	1	0.19	0.1949	1	CC
GO:0098846	podocyte foot	1	1	0.19	0.1949	1	CC
GO:0034358	plasma lipoprotein particle	1	1	0.19	0.1949	1	CC
GO:0070847	core mediator complex	1	1	0.19	0.1949	1	CC
GO:0034385	triglyceride-rich plasma lipoprotein par...	1	1	0.19	0.1949	1	CC
GO:0001940	male pronucleus	1	1	0.19	0.1949	1	CC
GO:0034388	Pwp2p-containing subcomplex of 90S preri...	1	1	0.19	0.1949	1	CC
GO:0045095	keratin filament	1	1	0.19	0.1949	1	CC
GO:0005818	aster	1	1	0.19	0.1949	1	CC
GO:0005967	mitochondrial pyruvate dehydrogenase com...	1	1	0.19	0.1949	1	CC
GO:0030981	cortical microtubule cytoskeleton	1	1	0.19	0.1949	1	CC
GO:0005956	protein kinase CK2 complex	1	1	0.19	0.1949	1	CC
GO:0017146	NMDA selective glutamate receptor comple...	1	1	0.19	0.1949	1	CC
GO:0097227	sperm annulus	1	1	0.19	0.1949	1	CC
GO:0044326	dendritic spine neck	1	1	0.19	0.1949	1	CC
GO:0044327	dendritic spine head	1	1	0.19	0.1949	1	CC
GO:1990780	cytoplasmic side of dendritic spine plas...	1	1	0.19	0.1949	1	CC
GO:0060091	kinocilium	1	1	0.19	0.1949	1	CC
GO:0070421	DNA ligase III-XRCC1 complex	1	1	0.19	0.1949	1	CC
GO:1990777	lipoprotein particle	1	1	0.19	0.1949	1	CC
GO:0005940	septin ring	1	1	0.19	0.1949	1	CC
GO:1904511	cytoplasmic microtubule plus-end	1	1	0.19	0.1949	1	CC
GO:0031105	septin complex	1	1	0.19	0.1949	1	CC
GO:0097208	alveolar lamellar body	1	1	0.19	0.1949	1	CC
GO:0031617	NMS complex	1	1	0.19	0.1949	1	CC
GO:0030904	retromer complex	1	1	0.19	0.1949	1	CC
GO:0097550	transcription preinitiation complex	1	1	0.19	0.1949	1	CC
GO:0030906	retromer, cargo-selective complex	1	1	0.19	0.1949	1	CC
GO:1903754	cortical microtubule plus-end	1	1	0.19	0.1949	1	CC
GO:0030061	mitochondrial crista	1	1	0.19	0.1949	1	CC
GO:0000813	ESCRT I complex	1	1	0.19	0.1949	1	CC
GO:0032281	AMPA glutamate receptor complex	1	1	0.19	0.1949	1	CC
GO:0031262	Ndc80 complex	1	1	0.19	0.1949	1	CC
GO:0042824	MHC class I peptide loading complex	1	1	0.19	0.1949	1	CC
GO:0042825	TAP complex	1	1	0.19	0.1949	1	CC
GO:0030057	desmosome	1	1	0.19	0.1949	1	CC
GO:0071986	Ragulator complex	1	1	0.19	0.1949	1	CC
GO:0002116	semaphorin receptor complex	1	1	0.19	0.1949	1	CC
GO:0009941	chloroplast envelope	1	1	0.19	0.1949	1	CC
GO:0070775	H3 histone acetyltransferase complex	1	1	0.19	0.1949	1	CC
GO:0070776	MOZ/MORF histone acetyltransferase compl...	1	1	0.19	0.1949	1	CC
GO:0031499	TRAMP complex	1	1	0.19	0.1949	1	CC
GO:0061474	phagolysosome membrane	1	1	0.19	0.1949	1	CC
GO:0002133	polycystin complex	1	1	0.19	0.1949	1	CC
GO:0035859	Seh1-associated complex	1	1	0.19	0.1949	1	CC
GO:0005779	integral component of peroxisomal membra...	1	1	0.19	0.1949	1	CC
GO:0098733	hemidesmosome associated protein complex	1	1	0.19	0.1949	1	CC
GO:0035631	CD40 receptor complex	1	1	0.19	0.1949	1	CC
GO:0071595	Nem1-Spo7 phosphatase complex	1	1	0.19	0.1949	1	CC
GO:0000235	astral microtubule	1	1	0.19	0.1949	1	CC
GO:0031231	intrinsic component of peroxisomal membr...	1	1	0.19	0.1949	1	CC
GO:0070695	FHF complex	1	1	0.19	0.1949	1	CC
GO:0035996	rhabdomere microvillus	1	1	0.19	0.1949	1	CC
GO:0035997	rhabdomere microvillus membrane	1	1	0.19	0.1949	1	CC
GO:0008385	IkappaB kinase complex	1	1	0.19	0.1949	1	CC
GO:0097732	9+2 non-motile cilium	1	1	0.19	0.1949	1	CC
GO:0031592	centrosomal corona	1	1	0.19	0.1949	1	CC
GO:0099569	presynaptic cytoskeleton	1	1	0.19	0.1949	1	CC
GO:0009526	plastid envelope	1	1	0.19	0.1949	1	CC
GO:0070381	endosome to plasma membrane transport ve...	1	1	0.19	0.1949	1	CC
GO:0045254	pyruvate dehydrogenase complex	1	1	0.19	0.1949	1	CC
GO:0005662	DNA replication factor A complex	1	1	0.19	0.1949	1	CC
GO:0030892	mitotic cohesin complex	1	1	0.19	0.1949	1	CC
GO:0030893	meiotic cohesin complex	1	1	0.19	0.1949	1	CC
GO:0032541	cortical endoplasmic reticulum	1	1	0.19	0.1949	1	CC
GO:1990454	L-type voltage-gated calcium channel com...	1	1	0.19	0.1949	1	CC
GO:0070852	cell body fiber	1	1	0.19	0.1949	1	CC
GO:0005673	transcription factor TFIIE complex	1	1	0.19	0.1949	1	CC
GO:0016513	core-binding factor complex	1	1	0.19	0.1949	1	CC
GO:0032010	phagolysosome	1	1	0.19	0.1949	1	CC
GO:0106003	amyloid-beta complex	1	1	0.19	0.1949	1	CC
GO:0032160	septin filament array	1	1	0.19	0.1949	1	CC
GO:0055028	cortical microtubule	1	1	0.19	0.1949	1	CC
GO:0034363	intermediate-density lipoprotein particl...	1	1	0.19	0.1949	1	CC
GO:0034364	high-density lipoprotein particle	1	1	0.19	0.1949	1	CC
GO:0010008	endosome membrane	52	13	10.14	0.1979	1	CC
GO:0031301	integral component of organelle membrane	66	16	12.87	0.1999	1	CC
GO:0043226	organelle	1589	323	309.75	0.2011	1	CC
GO:0097730	non-motile cilium	34	9	6.63	0.2026	1	CC
GO:0005886	plasma membrane	588	128	114.62	0.2091	1	CC
GO:0016363	nuclear matrix	17	5	3.31	0.224	1	CC
GO:0099572	postsynaptic specialization	44	11	8.58	0.2245	1	CC
GO:0090575	RNA polymerase II transcription regulato...	29	10	5.65	0.2253	1	CC
GO:0055037	recycling endosome	35	9	6.82	0.2289	1	CC
GO:0015629	actin cytoskeleton	63	15	12.28	0.232	1	CC
GO:0005768	endosome	135	30	26.32	0.2339	1	CC
GO:0070820	tertiary granule	13	4	2.53	0.2368	1	CC
GO:0031300	intrinsic component of organelle membran...	68	16	13.26	0.2376	1	CC
GO:0042734	presynaptic membrane	31	8	6.04	0.2449	1	CC
GO:0043229	intracellular organelle	1554	316	302.93	0.2452	1	CC
GO:0005884	actin filament	9	3	1.75	0.2482	1	CC
GO:0012505	endomembrane system	577	124	112.48	0.2489	1	CC
GO:0098839	postsynaptic density membrane	5	2	0.97	0.2523	1	CC
GO:0015030	Cajal body	5	2	0.97	0.2523	1	CC
GO:0071683	sensory dendrite	5	2	0.97	0.2523	1	CC
GO:0044292	dendrite terminus	5	2	0.97	0.2523	1	CC
GO:0044295	axonal growth cone	5	2	0.97	0.2523	1	CC
GO:0099634	postsynaptic specialization membrane	5	2	0.97	0.2523	1	CC
GO:0031476	myosin VI complex	5	2	0.97	0.2523	1	CC
GO:0031477	myosin VII complex	5	2	0.97	0.2523	1	CC
GO:0000421	autophagosome membrane	5	2	0.97	0.2523	1	CC
GO:0000795	synaptonemal complex	5	2	0.97	0.2523	1	CC
GO:0005669	transcription factor TFIID complex	5	2	0.97	0.2523	1	CC
GO:0044754	autolysosome	5	2	0.97	0.2523	1	CC
GO:0099086	synaptonemal structure	5	2	0.97	0.2523	1	CC
GO:0005657	replication fork	5	2	0.97	0.2523	1	CC
GO:0005680	anaphase-promoting complex	5	2	0.97	0.2523	1	CC
GO:0005641	nuclear envelope lumen	5	2	0.97	0.2523	1	CC
GO:0031256	leading edge membrane	41	16	7.99	0.2724	1	CC
GO:0044309	neuron spine	46	11	8.97	0.2738	1	CC
GO:0043197	dendritic spine	46	11	8.97	0.2738	1	CC
GO:0019897	extrinsic component of plasma membrane	32	8	6.24	0.2751	1	CC
GO:0030176	integral component of endoplasmic reticu...	32	8	6.24	0.2751	1	CC
GO:1902554	serine/threonine protein kinase complex	14	4	2.73	0.2841	1	CC
GO:0045171	intercellular bridge	14	4	2.73	0.2841	1	CC
GO:0042383	sarcolemma	28	7	5.46	0.2961	1	CC
GO:0005902	microvillus	19	5	3.7	0.3056	1	CC
GO:0005771	multivesicular body	10	3	1.95	0.3068	1	CC
GO:0031252	cell leading edge	85	25	16.57	0.3094	1	CC
GO:0005813	centrosome	91	20	17.74	0.3099	1	CC
GO:0032993	protein-DNA complex	24	6	4.68	0.3201	1	CC
GO:0034399	nuclear periphery	24	6	4.68	0.3201	1	CC
GO:0030426	growth cone	43	10	8.38	0.3209	1	CC
GO:0000793	condensed chromosome	31	12	6.04	0.3234	1	CC
GO:0098975	postsynapse of neuromuscular junction	6	2	1.17	0.3322	1	CC
GO:0090734	site of DNA damage	6	2	1.17	0.3322	1	CC
GO:0097482	muscle cell postsynaptic specialization	6	2	1.17	0.3322	1	CC
GO:0097440	apical dendrite	6	2	1.17	0.3322	1	CC
GO:0097431	mitotic spindle pole	6	2	1.17	0.3322	1	CC
GO:0046658	anchored component of plasma membrane	6	2	1.17	0.3322	1	CC
GO:0097542	ciliary tip	6	2	1.17	0.3322	1	CC
GO:0035861	site of double-strand break	6	2	1.17	0.3322	1	CC
GO:0031463	Cul3-RING ubiquitin ligase complex	6	2	1.17	0.3322	1	CC
GO:0000407	phagophore assembly site	6	2	1.17	0.3322	1	CC
GO:0031528	microvillus membrane	6	2	1.17	0.3322	1	CC
GO:1902911	protein kinase complex	15	4	2.92	0.3326	1	CC
GO:0120025	plasma membrane bounded cell projection	376	82	73.3	0.341	1	CC
GO:0014069	postsynaptic density	39	9	7.6	0.3444	1	CC
GO:0098797	plasma membrane protein complex	64	17	12.48	0.3475	1	CC
GO:0032279	asymmetric synapse	44	10	8.58	0.3492	1	CC
GO:0016011	dystroglycan complex	2	1	0.39	0.352	1	CC
GO:0016012	sarcoglycan complex	2	1	0.39	0.352	1	CC
GO:0043034	costamere	2	1	0.39	0.352	1	CC
GO:0005828	kinetochore microtubule	2	1	0.39	0.352	1	CC
GO:0071004	U2-type prespliceosome	2	1	0.39	0.352	1	CC
GO:0031390	Ctf18 RFC-like complex	2	1	0.39	0.352	1	CC
GO:0031391	Elg1 RFC-like complex	2	1	0.39	0.352	1	CC
GO:0005964	phosphorylase kinase complex	2	1	0.39	0.352	1	CC
GO:0030289	protein phosphatase 4 complex	2	1	0.39	0.352	1	CC
GO:1990752	microtubule end	2	1	0.39	0.352	1	CC
GO:0046536	dosage compensation complex	2	1	0.39	0.352	1	CC
GO:0030485	smooth muscle contractile fiber	2	1	0.39	0.352	1	CC
GO:0031673	H zone	2	1	0.39	0.352	1	CC
GO:0097443	sorting endosome	2	1	0.39	0.352	1	CC
GO:0043601	nuclear replisome	2	1	0.39	0.352	1	CC
GO:0035371	microtubule plus-end	2	1	0.39	0.352	1	CC
GO:0008180	COP9 signalosome	2	1	0.39	0.352	1	CC
GO:0072487	MSL complex	2	1	0.39	0.352	1	CC
GO:0071458	integral component of cytoplasmic side o...	2	1	0.39	0.352	1	CC
GO:0000800	lateral element	2	1	0.39	0.352	1	CC
GO:0000805	X chromosome	2	1	0.39	0.352	1	CC
GO:0031462	Cul2-RING ubiquitin ligase complex	2	1	0.39	0.352	1	CC
GO:0097165	nuclear stress granule	2	1	0.39	0.352	1	CC
GO:0016456	X chromosome located dosage compensation...	2	1	0.39	0.352	1	CC
GO:0043596	nuclear replication fork	2	1	0.39	0.352	1	CC
GO:0031941	filamentous actin	2	1	0.39	0.352	1	CC
GO:0033583	rhabdomere membrane	2	1	0.39	0.352	1	CC
GO:0042599	lamellar body	2	1	0.39	0.352	1	CC
GO:1990812	growth cone filopodium	2	1	0.39	0.352	1	CC
GO:0035253	ciliary rootlet	2	1	0.39	0.352	1	CC
GO:0032437	cuticular plate	2	1	0.39	0.352	1	CC
GO:0097136	Bcl-2 family protein complex	2	1	0.39	0.352	1	CC
GO:0030891	VCB complex	2	1	0.39	0.352	1	CC
GO:0042587	glycogen granule	2	1	0.39	0.352	1	CC
GO:0030894	replisome	2	1	0.39	0.352	1	CC
GO:0044194	cytolytic granule	2	1	0.39	0.352	1	CC
GO:0005685	U1 snRNP	2	1	0.39	0.352	1	CC
GO:0061176	type Ib terminal bouton	2	1	0.39	0.352	1	CC
GO:0061177	type Is terminal bouton	2	1	0.39	0.352	1	CC
GO:0090543	Flemming body	2	1	0.39	0.352	1	CC
GO:0030016	myofibril	49	11	9.55	0.3531	1	CC
GO:0042995	cell projection	378	82	73.69	0.3625	1	CC
GO:0036064	ciliary basal body	30	7	5.85	0.3654	1	CC
GO:0005758	mitochondrial intermembrane space	11	3	2.14	0.3657	1	CC
GO:0031902	late endosome membrane	11	3	2.14	0.3657	1	CC
GO:0061174	type I terminal bouton	11	3	2.14	0.3657	1	CC
GO:0031227	intrinsic component of endoplasmic retic...	35	8	6.82	0.3707	1	CC
GO:0098984	neuron to neuron synapse	45	10	8.77	0.3779	1	CC
GO:0098802	plasma membrane signaling receptor compl...	16	4	3.12	0.3815	1	CC
GO:0035869	ciliary transition zone	16	4	3.12	0.3815	1	CC
GO:0045335	phagocytic vesicle	16	4	3.12	0.3815	1	CC
GO:0016591	RNA polymerase II, holoenzyme	16	4	3.12	0.3815	1	CC
GO:0071944	cell periphery	651	136	126.9	0.3856	1	CC
GO:0098588	bounding membrane of organelle	276	56	53.8	0.3863	1	CC
GO:0000922	spindle pole	21	5	4.09	0.3907	1	CC
GO:0031981	nuclear lumen	572	123	111.5	0.3925	1	CC
GO:0070382	exocytic vesicle	58	20	11.31	0.4089	1	CC
GO:0000152	nuclear ubiquitin ligase complex	7	2	1.36	0.4094	1	CC
GO:0000138	Golgi trans cisterna	7	2	1.36	0.4094	1	CC
GO:0001772	immunological synapse	7	2	1.36	0.4094	1	CC
GO:0045120	pronucleus	7	2	1.36	0.4094	1	CC
GO:0005767	secondary lysosome	7	2	1.36	0.4094	1	CC
GO:0032040	small-subunit processome	7	2	1.36	0.4094	1	CC
GO:0060170	ciliary membrane	12	3	2.34	0.4238	1	CC
GO:0030315	T-tubule	12	3	2.34	0.4238	1	CC
GO:0030666	endocytic vesicle membrane	22	5	4.29	0.4331	1	CC
GO:0036126	sperm flagellum	27	6	5.26	0.4348	1	CC
GO:0030427	site of polarized growth	47	10	9.16	0.4358	1	CC
GO:0030027	lamellipodium	37	8	7.21	0.436	1	CC
GO:0005815	microtubule organizing center	118	24	23	0.4442	1	CC
GO:0005634	nucleus	914	188	178.17	0.4462	1	CC
GO:0005856	cytoskeleton	273	60	53.22	0.4497	1	CC
GO:0043228	non-membrane-bounded organelle	593	125	115.6	0.4549	1	CC
GO:0043232	intracellular non-membrane-bounded organ...	593	125	115.6	0.4549	1	CC
GO:0005819	spindle	58	12	11.31	0.4612	1	CC
GO:0030017	sarcomere	43	9	8.38	0.4665	1	CC
GO:0005774	vacuolar membrane	43	9	8.38	0.4665	1	CC
GO:0098858	actin-based cell projection	43	9	8.38	0.4665	1	CC
GO:0043235	receptor complex	38	8	7.41	0.4684	1	CC
GO:0061695	transferase complex, transferring phosph...	38	8	7.41	0.4684	1	CC
GO:0005667	transcription regulator complex	77	18	15.01	0.4689	1	CC
GO:0005770	late endosome	33	7	6.43	0.4705	1	CC
GO:0043209	myelin sheath	33	7	6.43	0.4705	1	CC
GO:0097729	9+2 motile cilium	28	6	5.46	0.4727	1	CC
GO:0000775	chromosome, centromeric region	24	10	4.68	0.4746	1	CC
GO:0070062	extracellular exosome	23	5	4.48	0.475	1	CC
GO:0001650	fibrillar center	23	5	4.48	0.475	1	CC
GO:0101002	ficolin-1-rich granule	23	5	4.48	0.475	1	CC
GO:0034704	calcium channel complex	8	5	1.56	0.4754	1	CC
GO:0030990	intraciliary transport particle	3	1	0.58	0.4784	1	CC
GO:0030992	intraciliary transport particle B	3	1	0.58	0.4784	1	CC
GO:0000153	cytoplasmic ubiquitin ligase complex	3	1	0.58	0.4784	1	CC
GO:0000159	protein phosphatase type 2A complex	3	1	0.58	0.4784	1	CC
GO:0000172	ribonuclease MRP complex	3	1	0.58	0.4784	1	CC
GO:0070971	endoplasmic reticulum exit site	3	1	0.58	0.4784	1	CC
GO:0005955	calcineurin complex	3	1	0.58	0.4784	1	CC
GO:1990023	mitotic spindle midzone	3	1	0.58	0.4784	1	CC
GO:0009295	nucleoid	3	1	0.58	0.4784	1	CC
GO:0030478	actin cap	3	1	0.58	0.4784	1	CC
GO:0031313	extrinsic component of endosome membrane	3	1	0.58	0.4784	1	CC
GO:0098553	lumenal side of endoplasmic reticulum me...	3	1	0.58	0.4784	1	CC
GO:0042645	mitochondrial nucleoid	3	1	0.58	0.4784	1	CC
GO:0060077	inhibitory synapse	3	1	0.58	0.4784	1	CC
GO:0097539	ciliary transition fiber	3	1	0.58	0.4784	1	CC
GO:1904115	axon cytoplasm	3	1	0.58	0.4784	1	CC
GO:0032593	insulin-responsive compartment	3	1	0.58	0.4784	1	CC
GO:1990635	proximal dendrite	3	1	0.58	0.4784	1	CC
GO:0071556	integral component of lumenal side of en...	3	1	0.58	0.4784	1	CC
GO:0005697	telomerase holoenzyme complex	3	1	0.58	0.4784	1	CC
GO:0032584	growth cone membrane	3	1	0.58	0.4784	1	CC
GO:0031904	endosome lumen	3	1	0.58	0.4784	1	CC
GO:0031092	platelet alpha granule membrane	3	1	0.58	0.4784	1	CC
GO:0031093	platelet alpha granule lumen	3	1	0.58	0.4784	1	CC
GO:0030663	COPI-coated vesicle membrane	3	1	0.58	0.4784	1	CC
GO:0009536	plastid	3	1	0.58	0.4784	1	CC
GO:0005663	DNA replication factor C complex	3	1	0.58	0.4784	1	CC
GO:0042585	germinal vesicle	3	1	0.58	0.4784	1	CC
GO:0005892	acetylcholine-gated channel complex	3	1	0.58	0.4784	1	CC
GO:0009507	chloroplast	3	1	0.58	0.4784	1	CC
GO:0071010	prespliceosome	3	1	0.58	0.4784	1	CC
GO:0005868	cytoplasmic dynein complex	3	1	0.58	0.4784	1	CC
GO:0016027	inaD signaling complex	3	1	0.58	0.4784	1	CC
GO:0005923	bicellular tight junction	13	3	2.53	0.4799	1	CC
GO:0032587	ruffle membrane	13	3	2.53	0.4799	1	CC
GO:0005876	spindle microtubule	8	2	1.56	0.482	1	CC
GO:0031225	anchored component of membrane	8	2	1.56	0.482	1	CC
GO:0043073	germ cell nucleus	8	2	1.56	0.482	1	CC
GO:0150034	distal axon	75	15	14.62	0.503	1	CC
GO:1903561	extracellular vesicle	24	5	4.68	0.5157	1	CC
GO:0030139	endocytic vesicle	45	9	8.77	0.5263	1	CC
GO:0005654	nucleoplasm	474	102	92.4	0.5295	1	CC
GO:0009897	external side of plasma membrane	40	8	7.8	0.5319	1	CC
GO:0043679	axon terminus	40	8	7.8	0.5319	1	CC
GO:0032421	stereocilium bundle	14	3	2.73	0.5333	1	CC
GO:0035770	ribonucleoprotein granule	30	6	5.85	0.5458	1	CC
GO:0005790	smooth endoplasmic reticulum	9	2	1.75	0.5488	1	CC
GO:0032580	Golgi cisterna membrane	9	2	1.75	0.5488	1	CC
GO:0000151	ubiquitin ligase complex	51	10	9.94	0.5492	1	CC
GO:0099080	supramolecular complex	146	43	28.46	0.5525	1	CC
GO:0001726	ruffle	25	5	4.87	0.5551	1	CC
GO:0031985	Golgi cisterna	25	5	4.87	0.5551	1	CC
GO:0031982	vesicle	326	70	63.55	0.5552	1	CC
GO:0097731	9+0 non-motile cilium	20	4	3.9	0.567	1	CC
GO:0097733	photoreceptor cell cilium	20	4	3.9	0.567	1	CC
GO:0000428	DNA-directed RNA polymerase complex	20	4	3.9	0.567	1	CC
GO:0030863	cortical cytoskeleton	20	4	3.9	0.567	1	CC
GO:0055029	nuclear DNA-directed RNA polymerase comp...	20	4	3.9	0.567	1	CC
GO:0034702	ion channel complex	37	17	7.21	0.5699	1	CC
GO:0000779	condensed chromosome, centromeric region	20	9	3.9	0.575	1	CC
GO:0016010	dystrophin-associated glycoprotein compl...	4	1	0.78	0.5802	1	CC
GO:0034663	endoplasmic reticulum chaperone complex	4	1	0.78	0.5802	1	CC
GO:0017119	Golgi transport complex	4	1	0.78	0.5802	1	CC
GO:0072687	meiotic spindle	4	1	0.78	0.5802	1	CC
GO:0005834	heterotrimeric G-protein complex	4	1	0.78	0.5802	1	CC
GO:0098592	cytoplasmic side of apical plasma membra...	4	1	0.78	0.5802	1	CC
GO:0000137	Golgi cis cisterna	4	1	0.78	0.5802	1	CC
GO:0000324	fungal-type vacuole	4	1	0.78	0.5802	1	CC
GO:0090665	glycoprotein complex	4	1	0.78	0.5802	1	CC
GO:0000329	fungal-type vacuole membrane	4	1	0.78	0.5802	1	CC
GO:0098576	lumenal side of membrane	4	1	0.78	0.5802	1	CC
GO:0005905	clathrin-coated pit	4	1	0.78	0.5802	1	CC
GO:0033276	transcription factor TFTC complex	4	1	0.78	0.5802	1	CC
GO:0000803	sex chromosome	4	1	0.78	0.5802	1	CC
GO:0005721	pericentric heterochromatin	4	1	0.78	0.5802	1	CC
GO:0016592	mediator complex	4	1	0.78	0.5802	1	CC
GO:0030681	multimeric ribonuclease P complex	4	1	0.78	0.5802	1	CC
GO:0005655	nucleolar ribonuclease P complex	4	1	0.78	0.5802	1	CC
GO:0030677	ribonuclease P complex	4	1	0.78	0.5802	1	CC
GO:0016528	sarcoplasm	4	1	0.78	0.5802	1	CC
GO:0016529	sarcoplasmic reticulum	4	1	0.78	0.5802	1	CC
GO:1905360	GTPase complex	4	1	0.78	0.5802	1	CC
GO:0032045	guanyl-nucleotide exchange factor comple...	4	1	0.78	0.5802	1	CC
GO:0031965	nuclear membrane	31	6	6.04	0.5807	1	CC
GO:0110165	cellular anatomical entity	1972	385	384.42	0.5808	1	CC
GO:0000123	histone acetyltransferase complex	15	3	2.92	0.5835	1	CC
GO:0031672	A band	15	3	2.92	0.5835	1	CC
GO:0031901	early endosome membrane	15	3	2.92	0.5835	1	CC
GO:0044306	neuron projection terminus	42	8	8.19	0.5923	1	CC
GO:0005788	endoplasmic reticulum lumen	42	8	8.19	0.5923	1	CC
GO:0065010	extracellular membrane-bounded organelle	26	5	5.07	0.5928	1	CC
GO:0043230	extracellular organelle	26	5	5.07	0.5928	1	CC
GO:0005777	peroxisome	21	4	4.09	0.6085	1	CC
GO:0042579	microbody	21	4	4.09	0.6085	1	CC
GO:0030880	RNA polymerase complex	21	4	4.09	0.6085	1	CC
GO:0005801	cis-Golgi network	10	2	1.95	0.6093	1	CC
GO:0005797	Golgi medial cisterna	10	2	1.95	0.6093	1	CC
GO:0097546	ciliary base	10	2	1.95	0.6093	1	CC
GO:0031430	M band	10	2	1.95	0.6093	1	CC
GO:0030133	transport vesicle	79	23	15.4	0.6233	1	CC
GO:0031461	cullin-RING ubiquitin ligase complex	27	5	5.26	0.6287	1	CC
GO:0030018	Z disc	27	5	5.26	0.6287	1	CC
GO:0099738	cell cortex region	16	3	3.12	0.6301	1	CC
GO:1902493	acetyltransferase complex	16	3	3.12	0.6301	1	CC
GO:0031248	protein acetyltransferase complex	16	3	3.12	0.6301	1	CC
GO:0005622	intracellular anatomical structure	1772	348	345.43	0.6353	1	CC
GO:0009986	cell surface	108	20	21.05	0.6436	1	CC
GO:0015630	microtubule cytoskeleton	182	34	35.48	0.6459	1	CC
GO:0030055	cell-substrate junction	33	6	6.43	0.6461	1	CC
GO:0098852	lytic vacuole membrane	33	6	6.43	0.6461	1	CC
GO:0043202	lysosomal lumen	22	4	4.29	0.6474	1	CC
GO:0005783	endoplasmic reticulum	256	48	49.9	0.6538	1	CC
GO:0016324	apical plasma membrane	98	18	19.1	0.6551	1	CC
GO:0070161	anchoring junction	109	20	21.25	0.6613	1	CC
GO:0070461	SAGA-type complex	5	1	0.97	0.6622	1	CC
GO:0001520	outer dense fiber	5	1	0.97	0.6622	1	CC
GO:0061827	sperm head	5	1	0.97	0.6622	1	CC
GO:0098554	cytoplasmic side of endoplasmic reticulu...	5	1	0.97	0.6622	1	CC
GO:0008074	guanylate cyclase complex, soluble	5	1	0.97	0.6622	1	CC
GO:0044224	juxtaparanode region of axon	5	1	0.97	0.6622	1	CC
GO:0035686	sperm fibrous sheath	5	1	0.97	0.6622	1	CC
GO:0044214	spanning component of plasma membrane	5	1	0.97	0.6622	1	CC
GO:0089717	spanning component of membrane	5	1	0.97	0.6622	1	CC
GO:0005732	sno(s)RNA-containing ribonucleoprotein c...	5	1	0.97	0.6622	1	CC
GO:0031091	platelet alpha granule	5	1	0.97	0.6622	1	CC
GO:0030140	trans-Golgi network transport vesicle	5	1	0.97	0.6622	1	CC
GO:0030687	preribosome, large subunit precursor	5	1	0.97	0.6622	1	CC
GO:0030670	phagocytic vesicle membrane	5	1	0.97	0.6622	1	CC
GO:0036464	cytoplasmic ribonucleoprotein granule	28	5	5.46	0.6627	1	CC
GO:0043195	terminal bouton	28	5	5.46	0.6627	1	CC
GO:0019898	extrinsic component of membrane	50	9	9.75	0.6633	1	CC
GO:0055038	recycling endosome membrane	11	2	2.14	0.6634	1	CC
GO:0005796	Golgi lumen	11	2	2.14	0.6634	1	CC
GO:0097525	spliceosomal snRNP complex	11	2	2.14	0.6634	1	CC
GO:0030532	small nuclear ribonucleoprotein complex	11	2	2.14	0.6634	1	CC
GO:0000932	P-body	11	2	2.14	0.6634	1	CC
GO:0016020	membrane	867	175	169.01	0.6705	1	CC
GO:0044304	main axon	17	3	3.31	0.6729	1	CC
GO:0031410	cytoplasmic vesicle	304	64	59.26	0.6746	1	CC
GO:0097708	intracellular vesicle	304	64	59.26	0.6746	1	CC
GO:0005938	cell cortex	83	15	16.18	0.6752	1	CC
GO:0016323	basolateral plasma membrane	67	12	13.06	0.6794	1	CC
GO:0009925	basal plasma membrane	67	12	13.06	0.6794	1	CC
GO:0005773	vacuole	127	23	24.76	0.694	1	CC
GO:0005765	lysosomal membrane	29	5	5.65	0.6945	1	CC
GO:0048471	perinuclear region of cytoplasm	122	22	23.78	0.6995	1	CC
GO:0031224	intrinsic component of membrane	381	79	74.27	0.7052	1	CC
GO:0032420	stereocilium	12	2	2.34	0.7114	1	CC
GO:0005811	lipid droplet	18	3	3.51	0.712	1	CC
GO:0005930	axoneme	18	3	3.51	0.712	1	CC
GO:0044815	DNA packaging complex	18	3	3.51	0.712	1	CC
GO:0097014	ciliary plasm	18	3	3.51	0.712	1	CC
GO:0030175	filopodium	18	3	3.51	0.712	1	CC
GO:0030684	preribosome	18	3	3.51	0.712	1	CC
GO:0043198	dendritic shaft	18	3	3.51	0.712	1	CC
GO:0030864	cortical actin cytoskeleton	18	3	3.51	0.712	1	CC
GO:0030667	secretory granule membrane	41	7	7.99	0.7148	1	CC
GO:0031674	I band	30	5	5.85	0.7243	1	CC
GO:0035577	azurophil granule membrane	6	1	1.17	0.7282	1	CC
GO:0048787	presynaptic active zone membrane	6	1	1.17	0.7282	1	CC
GO:0046540	U4/U6 x U5 tri-snRNP complex	6	1	1.17	0.7282	1	CC
GO:0098936	intrinsic component of postsynaptic memb...	6	1	1.17	0.7282	1	CC
GO:0036038	MKS complex	6	1	1.17	0.7282	1	CC
GO:0031312	extrinsic component of organelle membran...	6	1	1.17	0.7282	1	CC
GO:0045169	fusome	6	1	1.17	0.7282	1	CC
GO:0097449	astrocyte projection	6	1	1.17	0.7282	1	CC
GO:0046691	intracellular canaliculus	6	1	1.17	0.7282	1	CC
GO:0005782	peroxisomal matrix	6	1	1.17	0.7282	1	CC
GO:0042470	melanosome	6	1	1.17	0.7282	1	CC
GO:0031907	microbody lumen	6	1	1.17	0.7282	1	CC
GO:0097386	glial cell projection	6	1	1.17	0.7282	1	CC
GO:0099055	integral component of postsynaptic membr...	6	1	1.17	0.7282	1	CC
GO:0030137	COPI-coated vesicle	6	1	1.17	0.7282	1	CC
GO:0005652	nuclear lamina	6	1	1.17	0.7282	1	CC
GO:0030673	axolemma	6	1	1.17	0.7282	1	CC
GO:0000781	chromosome, telomeric region	6	1	1.17	0.7282	1	CC
GO:0031090	organelle membrane	431	80	84.02	0.7312	1	CC
GO:0016021	integral component of membrane	368	76	71.74	0.7355	1	CC
GO:0070160	tight junction	19	3	3.7	0.7474	1	CC
GO:0032588	trans-Golgi network membrane	19	3	3.7	0.7474	1	CC
GO:0005925	focal adhesion	25	4	4.87	0.7483	1	CC
GO:0005901	caveola	31	5	6.04	0.7519	1	CC
GO:0014704	intercalated disc	13	2	2.53	0.7534	1	CC
GO:0005643	nuclear pore	13	2	2.53	0.7534	1	CC
GO:0044853	plasma membrane raft	37	6	7.21	0.7568	1	CC
GO:0045177	apical part of cell	126	22	24.56	0.7584	1	CC
GO:0098590	plasma membrane region	216	45	42.11	0.7611	1	CC
GO:0045178	basal part of cell	77	13	15.01	0.7653	1	CC
GO:1990234	transferase complex	116	20	22.61	0.771	1	CC
GO:0043296	apical junction complex	26	4	5.07	0.7765	1	CC
GO:1904813	ficolin-1-rich granule lumen	20	3	3.9	0.7793	1	CC
GO:0099699	integral component of synaptic membrane	7	1	1.36	0.7814	1	CC
GO:1905348	endonuclease complex	7	1	1.36	0.7814	1	CC
GO:0097225	sperm midpiece	7	1	1.36	0.7814	1	CC
GO:1902555	endoribonuclease complex	7	1	1.36	0.7814	1	CC
GO:0033270	paranode region of axon	7	1	1.36	0.7814	1	CC
GO:0097526	spliceosomal tri-snRNP complex	7	1	1.36	0.7814	1	CC
GO:0099240	intrinsic component of synaptic membrane	7	1	1.36	0.7814	1	CC
GO:0005778	peroxisomal membrane	7	1	1.36	0.7814	1	CC
GO:0031903	microbody membrane	7	1	1.36	0.7814	1	CC
GO:0030134	COPII-coated ER to Golgi transport vesic...	7	1	1.36	0.7814	1	CC
GO:0099056	integral component of presynaptic membra...	7	1	1.36	0.7814	1	CC
GO:0030686	90S preribosome	7	1	1.36	0.7814	1	CC
GO:0005682	U5 snRNP	7	1	1.36	0.7814	1	CC
GO:0031523	Myb complex	7	1	1.36	0.7814	1	CC
GO:0005684	U2-type spliceosomal complex	7	1	1.36	0.7814	1	CC
GO:0098889	intrinsic component of presynaptic membr...	7	1	1.36	0.7814	1	CC
GO:0005604	basement membrane	14	2	2.73	0.7901	1	CC
GO:0016328	lateral plasma membrane	14	2	2.73	0.7901	1	CC
GO:0120114	Sm-like protein family complex	14	2	2.73	0.7901	1	CC
GO:0042175	nuclear outer membrane-endoplasmic retic...	134	23	26.12	0.7914	1	CC
GO:0045121	membrane raft	73	12	14.23	0.7918	1	CC
GO:0098857	membrane microdomain	73	12	14.23	0.7918	1	CC
GO:0070013	intracellular organelle lumen	707	140	137.82	0.7926	1	CC
GO:0031974	membrane-enclosed lumen	707	140	137.82	0.7926	1	CC
GO:0043233	organelle lumen	707	140	137.82	0.7926	1	CC
GO:0098687	chromosomal region	43	12	8.38	0.7932	1	CC
GO:0045202	synapse	190	45	37.04	0.7959	1	CC
GO:0005911	cell-cell junction	107	18	20.86	0.7984	1	CC
GO:0005795	Golgi stack	33	5	6.43	0.8008	1	CC
GO:0005635	nuclear envelope	74	12	14.43	0.8074	1	CC
GO:0005798	Golgi-associated vesicle	21	3	4.09	0.8078	1	CC
GO:0098827	endoplasmic reticulum subcompartment	136	23	26.51	0.8149	1	CC
GO:0035579	specific granule membrane	15	2	2.92	0.8219	1	CC
GO:0001750	photoreceptor outer segment	15	2	2.92	0.8219	1	CC
GO:0005775	vacuolar lumen	34	5	6.63	0.8223	1	CC
GO:0099568	cytoplasmic region	109	18	21.25	0.8237	1	CC
GO:0005871	kinesin complex	8	1	1.56	0.8241	1	CC
GO:0048770	pigment granule	8	1	1.56	0.8241	1	CC
GO:0030286	dynein complex	8	1	1.56	0.8241	1	CC
GO:1902562	H4 histone acetyltransferase complex	8	1	1.56	0.8241	1	CC
GO:0016327	apicolateral plasma membrane	8	1	1.56	0.8241	1	CC
GO:0099023	vesicle tethering complex	8	1	1.56	0.8241	1	CC
GO:0005769	early endosome	52	8	10.14	0.8243	1	CC
GO:0032838	plasma membrane bounded cell projection ...	28	4	5.46	0.8255	1	CC
GO:0031253	cell projection membrane	86	21	16.76	0.8256	1	CC
GO:0000228	nuclear chromosome	81	13	15.79	0.8263	1	CC
GO:0005789	endoplasmic reticulum membrane	132	22	25.73	0.8318	1	CC
GO:0140513	nuclear protein-containing complex	164	30	31.97	0.8352	1	CC
GO:0060205	cytoplasmic vesicle lumen	41	6	7.99	0.8399	1	CC
GO:0031983	vesicle lumen	41	6	7.99	0.8399	1	CC
GO:0034774	secretory granule lumen	41	6	7.99	0.8399	1	CC
GO:0044291	cell-cell contact zone	16	2	3.12	0.8493	1	CC
GO:0098791	Golgi apparatus subcompartment	134	22	26.12	0.8523	1	CC
GO:0000139	Golgi membrane	106	17	20.66	0.8537	1	CC
GO:0005912	adherens junction	54	8	10.53	0.8554	1	CC
GO:0035578	azurophil granule lumen	23	3	4.48	0.8555	1	CC
GO:0005703	polytene chromosome puff	9	1	1.75	0.8586	1	CC
GO:0099503	secretory vesicle	155	34	30.22	0.8605	1	CC
GO:0030054	cell junction	265	57	51.66	0.862	1	CC
GO:0005766	primary lysosome	30	4	5.85	0.8652	1	CC
GO:0042582	azurophil granule	30	4	5.85	0.8652	1	CC
GO:0005737	cytoplasm	1462	279	285	0.8709	1	CC
GO:0005802	trans-Golgi network	50	7	9.75	0.8833	1	CC
GO:0032154	cleavage furrow	10	1	1.95	0.8863	1	CC
GO:0005793	endoplasmic reticulum-Golgi intermediate...	10	1	1.95	0.8863	1	CC
GO:0031201	SNARE complex	10	1	1.95	0.8863	1	CC
GO:0030660	Golgi-associated vesicle membrane	10	1	1.95	0.8863	1	CC
GO:0031519	PcG protein complex	10	1	1.95	0.8863	1	CC
GO:0120111	neuron projection cytoplasm	10	1	1.95	0.8863	1	CC
GO:0071013	catalytic step 2 spliceosome	10	1	1.95	0.8863	1	CC
GO:0031984	organelle subcompartment	244	41	47.56	0.89	1	CC
GO:0030141	secretory granule	110	17	21.44	0.8921	1	CC
GO:0005700	polytene chromosome	32	4	6.24	0.897	1	CC
GO:0140535	intracellular protein-containing complex	135	21	26.32	0.9075	1	CC
GO:0045179	apical cortex	11	1	2.14	0.9085	1	CC
GO:0030117	membrane coat	11	1	2.14	0.9085	1	CC
GO:0048475	coated membrane	11	1	2.14	0.9085	1	CC
GO:0098862	cluster of actin-based cell projections	46	6	8.97	0.9099	1	CC
GO:0043204	perikaryon	19	2	3.7	0.9101	1	CC
GO:0005794	Golgi apparatus	220	36	42.89	0.9109	1	CC
GO:1990904	ribonucleoprotein complex	125	19	24.37	0.9178	1	CC
GO:0042581	specific granule	20	2	3.9	0.9246	1	CC
GO:0000323	lytic vacuole	104	15	20.27	0.9333	1	CC
GO:0005615	extracellular space	128	19	24.95	0.9355	1	CC
GO:1902495	transmembrane transporter complex	46	17	8.97	0.936	1	CC
GO:0005681	spliceosomal complex	21	2	4.09	0.9369	1	CC
GO:0140534	endoplasmic reticulum protein-containing...	21	2	4.09	0.9369	1	CC
GO:0005764	lysosome	100	14	19.49	0.9445	1	CC
GO:1990351	transporter complex	47	17	9.16	0.9482	1	CC
GO:0005903	brush border	37	4	7.21	0.9493	1	CC
GO:0032991	protein-containing complex	708	136	138.02	0.9508	1	CC
GO:0005694	chromosome	155	28	30.22	0.9511	1	CC
GO:0022625	cytosolic large ribosomal subunit	14	1	2.73	0.9525	1	CC
GO:0000785	chromatin	96	13	18.71	0.9547	1	CC
GO:0062023	collagen-containing extracellular matrix	23	2	4.48	0.956	1	CC
GO:0032153	cell division site	15	1	2.92	0.9618	1	CC
GO:0001669	acrosomal vesicle	15	1	2.92	0.9618	1	CC
GO:0017053	transcription repressor complex	15	1	2.92	0.9618	1	CC
GO:1990204	oxidoreductase complex	15	1	2.92	0.9618	1	CC
GO:0000792	heterochromatin	16	1	3.12	0.9693	1	CC
GO:0005875	microtubule associated complex	25	2	4.87	0.9695	1	CC
GO:0030135	coated vesicle	33	3	6.43	0.9698	1	CC
GO:0005840	ribosome	34	3	6.63	0.9744	1	CC
GO:0015934	large ribosomal subunit	17	1	3.31	0.9753	1	CC
GO:0005739	mitochondrion	212	31	41.33	0.9792	1	CC
GO:0005576	extracellular region	224	33	43.67	0.9798	1	CC
GO:0030662	coated vesicle membrane	18	1	3.51	0.9802	1	CC
GO:0098796	membrane protein complex	134	28	26.12	0.982	1	CC
GO:1904949	ATPase complex	19	1	3.7	0.9841	1	CC
GO:0005791	rough endoplasmic reticulum	19	1	3.7	0.9841	1	CC
GO:0005741	mitochondrial outer membrane	29	2	5.65	0.9856	1	CC
GO:0005814	centriole	20	1	3.9	0.9872	1	CC
GO:0031012	extracellular matrix	46	4	8.97	0.9873	1	CC
GO:0031968	organelle outer membrane	30	2	5.85	0.9881	1	CC
GO:0019867	outer membrane	30	2	5.85	0.9881	1	CC
GO:0030312	external encapsulating structure	47	4	9.16	0.9892	1	CC
GO:0031967	organelle envelope	160	21	31.19	0.9896	1	CC
GO:0031975	envelope	160	21	31.19	0.9896	1	CC
GO:0098798	mitochondrial protein-containing complex	22	1	4.29	0.9918	1	CC
GO:0030136	clathrin-coated vesicle	22	1	4.29	0.9918	1	CC
GO:0005759	mitochondrial matrix	59	5	11.5	0.9946	1	CC
GO:0022626	cytosolic ribosome	24	1	4.68	0.9947	1	CC
GO:1902494	catalytic complex	232	36	45.23	0.9951	1	CC
GO:0044391	ribosomal subunit	27	1	5.26	0.9973	1	CC
GO:0005740	mitochondrial envelope	88	8	17.15	0.998	1	CC
GO:0005743	mitochondrial inner membrane	47	2	9.16	0.9996	1	CC
GO:0019866	organelle inner membrane	50	2	9.75	0.9998	1	CC
GO:0031966	mitochondrial membrane	81	4	15.79	1	1	CC
GO:0044298	cell body membrane	23	11	4.48	1	1	CC
GO:0005575	cellular_component	1975	385	385	1	1	CC
GO:0099081	supramolecular polymer	107	31	20.86	1	1	CC
GO:1903293	phosphatase complex	13	7	2.53	1	1	CC
