cnidocyte_pos_pattern_0
0.207471	0.028319	0.049330	0.013804	0.043443	0.281669	0.206659	0.281973	0.004466	0.006496	0.014413	0.004771	0.009947	0.017154	0.067194	0.193463
0.152152	0.362363	0.009744	0.007308	0.009338	0.307349	0.077040	0.258729	0.975741	0.991068	0.031060	0.003959	0.023143	0.014007	0.102619	0.172858
0.219549	0.026391	0.911693	0.970463	0.808059	0.073894	0.079172	0.159359	0.013094	0.000711	0.007308	0.976553	0.014819	0.925091	0.561916	0.084247
0.420828	0.582927	0.029233	0.008425	0.139160	0.337089	0.637130	0.299939	0.006699	0.001726	0.947219	0.014718	0.952091	0.043747	0.268270	0.549432

cnidocyte_pos_pattern_1
0.355060	0.603090	0.001126	0.419523	0.004195	0.000716	0.052901
0.186944	0.063133	0.991712	0.343702	0.007777	0.001637	0.051468
0.246291	0.218459	0.003888	0.118387	0.964494	0.996316	0.021795
0.211706	0.115318	0.003274	0.118387	0.023534	0.001330	0.873836

cnidocyte_pos_pattern_10
0.122031	0.153972	0.245700	0.041769	0.067977	0.257166	0.126945	0.108108	0.056511	0.122850	0.113022	0.099918	0.144144	0.217854	0.158886
0.409500	0.552007	0.575758	0.909910	0.880426	0.506143	0.437346	0.488124	0.825553	0.706798	0.737920	0.708436	0.565930	0.438165	0.530713
0.097461	0.095823	0.054873	0.023751	0.018018	0.063882	0.296478	0.078624	0.042588	0.063063	0.036036	0.050778	0.070434	0.117936	0.134316
0.371007	0.198198	0.123669	0.024570	0.033579	0.172809	0.139230	0.325143	0.075348	0.107289	0.113022	0.140868	0.219492	0.226044	0.176085

cnidocyte_pos_pattern_11
0.155973	0.186947	0.305310	0.148230	0.023230	0.049779	0.801991	0.129425	0.216814	0.306416	0.084071	0.154867	0.091814	0.277655	0.216814	0.143805	0.157080	0.165929	0.163717
0.116150	0.151549	0.246681	0.755531	0.929204	0.922566	0.067478	0.143805	0.174779	0.213496	0.276549	0.399336	0.566372	0.310841	0.237832	0.316372	0.076327	0.274336	0.087389
0.423673	0.116150	0.167035	0.047566	0.035398	0.013274	0.055310	0.592920	0.400442	0.359513	0.308628	0.296460	0.076327	0.108407	0.134956	0.120575	0.617257	0.386062	0.539823
0.304204	0.545354	0.280973	0.048673	0.012168	0.014381	0.075221	0.133850	0.207965	0.120575	0.330752	0.149336	0.265487	0.303097	0.410398	0.419248	0.149336	0.173673	0.209071

cnidocyte_pos_pattern_12
0.359396	0.519890	0.041152	0.034294	0.839506	0.160494	0.085048	0.159122	0.200274	0.192044	0.105624	0.165981
0.305898	0.255144	0.909465	0.950617	0.049383	0.662551	0.688615	0.640604	0.455418	0.364883	0.585734	0.576132
0.124829	0.144033	0.015089	0.001372	0.035665	0.156379	0.076818	0.078189	0.231824	0.186557	0.091907	0.122085
0.209877	0.080933	0.034294	0.013717	0.075446	0.020576	0.149520	0.122085	0.112483	0.256516	0.216735	0.135802

cnidocyte_pos_pattern_13
0.546318	0.453682	0.116390	0.011876	0.004751	0.007126	0.083135	0.083135	0.152019	0.225653
0.114014	0.023753	0.014252	0.002375	0.000000	0.000000	0.019002	0.035629	0.057007	0.071259
0.166271	0.076010	0.002375	0.002375	0.002375	0.000000	0.000000	0.026128	0.040380	0.061758
0.173397	0.446556	0.866983	0.983373	0.992874	0.992874	0.897862	0.855107	0.750594	0.641330

cnidocyte_pos_pattern_14
0.123239	0.679577	0.000000	0.088028	0.904930	0.954225	0.000000	0.570423	0.813380	0.035211	0.028169	0.366197	0.957746	0.147887
0.489437	0.088028	0.003521	0.031690	0.080986	0.007042	0.007042	0.028169	0.003521	0.014085	0.038732	0.271127	0.017606	0.080986
0.161972	0.154930	0.000000	0.746479	0.007042	0.003521	0.000000	0.095070	0.024648	0.010563	0.112676	0.193662	0.007042	0.024648
0.225352	0.077465	0.996479	0.133803	0.007042	0.035211	0.992958	0.306338	0.158451	0.940141	0.820423	0.169014	0.017606	0.746479

cnidocyte_pos_pattern_15
0.260870	0.619565	0.028986	0.188406	0.539855	0.782609	0.028986	0.250000	0.963768	0.014493	0.007246	0.144928	0.753623	0.039855	0.148551	0.557971
0.242754	0.097826	0.050725	0.192029	0.268116	0.050725	0.007246	0.032609	0.003623	0.007246	0.000000	0.072464	0.025362	0.101449	0.163043	0.134058
0.286232	0.119565	0.094203	0.362319	0.105072	0.036232	0.000000	0.369565	0.014493	0.000000	0.086957	0.688406	0.202899	0.025362	0.322464	0.206522
0.210145	0.163043	0.826087	0.257246	0.086957	0.130435	0.963768	0.347826	0.018116	0.978261	0.905797	0.094203	0.018116	0.833333	0.365942	0.101449

cnidocyte_pos_pattern_16
0.260870	0.212560	0.256039	0.246377	0.333333	0.140097	0.048309	0.033816	0.082126	0.091787	0.159420	0.101449	0.246377	0.106280	0.135266	0.062802	0.024155	0.024155	0.048309	0.038647	0.101449
0.178744	0.111111	0.154589	0.115942	0.062802	0.057971	0.028986	0.024155	0.057971	0.106280	0.144928	0.115942	0.096618	0.043478	0.028986	0.009662	0.014493	0.009662	0.024155	0.057971	0.106280
0.120773	0.111111	0.130435	0.120773	0.053140	0.057971	0.024155	0.009662	0.019324	0.072464	0.106280	0.077295	0.048309	0.038647	0.009662	0.004831	0.000000	0.004831	0.004831	0.014493	0.043478
0.439614	0.565217	0.458937	0.516908	0.550725	0.743961	0.898551	0.932367	0.840580	0.729469	0.589372	0.705314	0.608696	0.811594	0.826087	0.922705	0.961353	0.961353	0.922705	0.888889	0.748792

cnidocyte_pos_pattern_17
0.403141	0.303665	0.204188	0.282723	0.183246	0.256545	0.329843	0.628272	0.507853	0.198953	0.036649	0.036649	0.057592	0.392670	0.460733	0.801047	0.670157	0.361257	0.057592	0.052356	0.151832
0.125654	0.104712	0.057592	0.125654	0.120419	0.151832	0.099476	0.089005	0.041885	0.041885	0.031414	0.068063	0.062827	0.146597	0.099476	0.041885	0.015707	0.015707	0.005236	0.052356	0.057592
0.125654	0.068063	0.120419	0.151832	0.115183	0.162304	0.162304	0.078534	0.094241	0.020942	0.005236	0.015707	0.015707	0.068063	0.115183	0.099476	0.057592	0.010471	0.015707	0.020942	0.073298
0.345550	0.523560	0.617801	0.439791	0.581152	0.429319	0.408377	0.204188	0.356021	0.738220	0.926702	0.879581	0.863874	0.392670	0.324607	0.057592	0.256545	0.612565	0.921466	0.874346	0.717277

cnidocyte_pos_pattern_18
0.369942	0.630058	0.959538	0.953757	0.046243	0.005780	0.011561	0.052023	0.439306	0.277457	0.375723	0.242775	0.341040	0.190751
0.179191	0.092486	0.005780	0.005780	0.011561	0.023121	0.005780	0.023121	0.115607	0.150289	0.086705	0.150289	0.161850	0.144509
0.156069	0.127168	0.011561	0.017341	0.000000	0.000000	0.000000	0.023121	0.075145	0.190751	0.277457	0.254335	0.052023	0.098266
0.294798	0.150289	0.023121	0.023121	0.942197	0.971098	0.982659	0.901734	0.369942	0.381503	0.260116	0.352601	0.445087	0.566474

cnidocyte_pos_pattern_19
0.084416	0.084416	0.097403	0.220779	0.538961	0.525974	0.584416	0.149351	0.272727	0.142857	0.519481	0.175325	0.188312	0.012987	0.103896	0.870130	0.045455	0.045455	0.051948	0.058442	0.019481	0.064935	0.629870	0.525974	0.090909	0.090909	0.077922
0.097403	0.064935	0.051948	0.038961	0.116883	0.097403	0.071429	0.103896	0.058442	0.071429	0.032468	0.136364	0.727273	0.967532	0.311688	0.038961	0.025974	0.123377	0.902597	0.727273	0.805195	0.285714	0.168831	0.110390	0.681818	0.129870	0.181818
0.240260	0.058442	0.714286	0.525974	0.155844	0.194805	0.071429	0.025974	0.506494	0.727273	0.181818	0.610390	0.038961	0.006494	0.012987	0.058442	0.902597	0.201299	0.025974	0.038961	0.071429	0.064935	0.097403	0.123377	0.084416	0.623377	0.110390
0.577922	0.792208	0.136364	0.214286	0.188312	0.181818	0.272727	0.720779	0.162338	0.058442	0.266234	0.077922	0.045455	0.012987	0.571429	0.032468	0.025974	0.629870	0.019481	0.175325	0.103896	0.584416	0.103896	0.240260	0.142857	0.155844	0.629870

cnidocyte_pos_pattern_2
0.508430	0.206341	0.030700	0.744716	0.009436	0.028812	0.007046	0.028309	0.846502	0.016105
0.118017	0.150730	0.814922	0.020131	0.938601	0.005159	0.017740	0.051585	0.036487	0.801208
0.273276	0.105813	0.038374	0.216658	0.009311	0.959864	0.008052	0.910418	0.072849	0.021515
0.100277	0.537116	0.116004	0.018495	0.042652	0.006165	0.967162	0.009688	0.044162	0.161173

cnidocyte_pos_pattern_20
0.480000	0.040000	0.016000	0.352000	0.008000	0.160000	0.032000	0.048000	0.024000	0.768000	0.520000	0.040000	0.256000	0.024000	0.056000	0.080000	0.072000	0.088000	0.032000	0.072000	0.080000
0.272000	0.496000	0.016000	0.208000	0.024000	0.088000	0.536000	0.896000	0.952000	0.104000	0.040000	0.032000	0.544000	0.904000	0.784000	0.600000	0.544000	0.344000	0.488000	0.392000	0.208000
0.120000	0.128000	0.016000	0.384000	0.912000	0.240000	0.048000	0.016000	0.000000	0.064000	0.368000	0.584000	0.080000	0.040000	0.024000	0.216000	0.048000	0.368000	0.080000	0.424000	0.632000
0.128000	0.336000	0.952000	0.056000	0.056000	0.512000	0.384000	0.040000	0.024000	0.064000	0.072000	0.344000	0.120000	0.032000	0.136000	0.104000	0.336000	0.200000	0.400000	0.112000	0.080000

cnidocyte_pos_pattern_21
0.079208	0.297030	0.435644	0.089109	0.089109	0.108911	0.108911	0.069307	0.891089	0.059406	0.069307	0.039604	0.039604	0.000000	0.029703	0.801980	0.039604	0.019802	0.019802	0.029703	0.297030	0.019802	0.049505	0.128713	0.029703	0.415842	0.356436	0.415842	0.415842
0.712871	0.138614	0.306931	0.396040	0.089109	0.742574	0.841584	0.811881	0.049505	0.000000	0.257426	0.821782	0.900990	0.980198	0.920792	0.089109	0.504950	0.069307	0.930693	0.099010	0.118812	0.821782	0.851485	0.376238	0.811881	0.049505	0.366337	0.079208	0.138614
0.059406	0.257426	0.118812	0.415842	0.059406	0.019802	0.009901	0.019802	0.009901	0.920792	0.534653	0.029703	0.019802	0.000000	0.019802	0.049505	0.386139	0.396040	0.009901	0.534653	0.405941	0.039604	0.019802	0.069307	0.029703	0.435644	0.148515	0.405941	0.316832
0.148515	0.306931	0.138614	0.099010	0.762376	0.128713	0.039604	0.099010	0.049505	0.019802	0.138614	0.108911	0.039604	0.019802	0.029703	0.059406	0.069307	0.514851	0.039604	0.336634	0.178218	0.118812	0.079208	0.425743	0.128713	0.099010	0.128713	0.099010	0.128713

cnidocyte_pos_pattern_22
0.344086	0.580645	0.419355	0.612903	0.290323	0.462366	0.204301	0.096774	0.408602	0.311828	0.387097	0.000000	0.053763	0.172043	0.161290	0.806452	0.000000	0.000000	0.000000	0.053763	0.139785	0.053763	0.064516	0.118280	0.204301	0.505376	0.182796	0.139785	0.204301
0.376344	0.064516	0.053763	0.129032	0.161290	0.139785	0.408602	0.268817	0.225806	0.268817	0.053763	0.580645	0.623656	0.064516	0.096774	0.075269	0.021505	0.000000	0.000000	0.000000	0.473118	0.032258	0.096774	0.118280	0.107527	0.075269	0.032258	0.279570	0.236559
0.139785	0.161290	0.333333	0.053763	0.301075	0.215054	0.215054	0.483871	0.107527	0.172043	0.225806	0.086022	0.021505	0.010753	0.526882	0.053763	0.000000	0.000000	0.989247	0.913978	0.010753	0.043011	0.677419	0.655914	0.043011	0.290323	0.666667	0.473118	0.333333
0.139785	0.193548	0.193548	0.204301	0.247312	0.182796	0.172043	0.150538	0.258065	0.247312	0.333333	0.333333	0.301075	0.752688	0.215054	0.064516	0.978495	1.000000	0.010753	0.032258	0.376344	0.870968	0.161290	0.107527	0.645161	0.129032	0.118280	0.107527	0.225806

cnidocyte_pos_pattern_23
0.032609	0.065217	0.054348	0.010870	0.043478	0.032609	0.010870	0.815217	0.021739	0.010870	0.000000	1.000000	0.000000	0.043478	0.010870	0.000000	0.032609	0.097826	0.902174	0.717391
0.097826	0.086957	0.826087	0.108696	0.054348	0.000000	0.978261	0.130435	0.032609	0.978261	1.000000	0.000000	0.010870	0.815217	0.010870	0.010870	0.000000	0.032609	0.000000	0.021739
0.065217	0.760870	0.000000	0.021739	0.869565	0.902174	0.000000	0.054348	0.945652	0.000000	0.000000	0.000000	0.000000	0.054348	0.000000	0.000000	0.880435	0.815217	0.043478	0.021739
0.804348	0.086957	0.119565	0.858696	0.032609	0.065217	0.010870	0.000000	0.000000	0.010870	0.000000	0.000000	0.989130	0.086957	0.978261	0.989130	0.086957	0.054348	0.054348	0.239130

cnidocyte_pos_pattern_24
0.000000	0.473684	0.105263	0.171053	0.394737	0.105263	0.065789	0.236842	0.394737	0.065789	0.131579	0.250000	0.026316	0.210526	0.736842	0.065789	0.157895	0.052632	0.092105	0.052632	0.092105	0.105263	0.276316	0.157895	0.210526
0.000000	0.026316	0.144737	0.447368	0.171053	0.552632	0.092105	0.250000	0.078947	0.078947	0.263158	0.407895	0.894737	0.697368	0.052632	0.065789	0.092105	0.657895	0.618421	0.684211	0.631579	0.434211	0.171053	0.355263	0.157895
0.986842	0.236842	0.263158	0.197368	0.052632	0.039474	0.078947	0.118421	0.460526	0.368421	0.144737	0.223684	0.013158	0.039474	0.052632	0.868421	0.197368	0.039474	0.052632	0.078947	0.052632	0.105263	0.263158	0.157895	0.065789
0.013158	0.263158	0.486842	0.184211	0.381579	0.302632	0.763158	0.394737	0.065789	0.486842	0.460526	0.118421	0.065789	0.052632	0.157895	0.000000	0.552632	0.250000	0.236842	0.184211	0.223684	0.355263	0.289474	0.328947	0.565789

cnidocyte_pos_pattern_25
0.626866	0.208955	0.134328	0.119403	0.686567	0.179104	0.089552	0.179104	0.656716	0.074627	0.134328	0.074627	0.119403	0.000000	0.029851	0.000000	0.044776	0.552239	0.044776	0.089552	0.000000	0.044776	0.000000	0.716418	0.164179	0.029851	0.029851	0.014925	0.029851
0.074627	0.074627	0.432836	0.582090	0.119403	0.164179	0.179104	0.656716	0.149254	0.089552	0.567164	0.761194	0.014925	0.970149	0.000000	1.000000	0.014925	0.328358	0.537313	0.373134	0.820896	0.925373	0.746269	0.074627	0.000000	0.000000	0.701493	0.626866	0.582090
0.104478	0.597015	0.074627	0.089552	0.119403	0.582090	0.119403	0.089552	0.089552	0.656716	0.119403	0.059701	0.835821	0.014925	0.955224	0.000000	0.761194	0.014925	0.388060	0.000000	0.104478	0.000000	0.074627	0.119403	0.776119	0.716418	0.059701	0.179104	0.208955
0.194030	0.119403	0.358209	0.208955	0.074627	0.074627	0.611940	0.074627	0.104478	0.179104	0.179104	0.104478	0.029851	0.014925	0.014925	0.000000	0.179104	0.104478	0.029851	0.537313	0.074627	0.029851	0.179104	0.089552	0.059701	0.253731	0.208955	0.179104	0.179104

cnidocyte_pos_pattern_26
0.111111	0.158730	0.238095	0.206349	0.285714	0.317460	0.206349	0.460317	0.587302	0.000000	0.396825	0.015873	0.000000	0.126984
0.126984	0.174603	0.095238	0.222222	0.079365	0.142857	0.206349	0.063492	0.063492	1.000000	0.492063	0.015873	0.000000	0.126984
0.111111	0.333333	0.238095	0.396825	0.174603	0.142857	0.365079	0.238095	0.174603	0.000000	0.063492	0.968254	1.000000	0.015873
0.650794	0.333333	0.428571	0.174603	0.460317	0.396825	0.222222	0.238095	0.174603	0.000000	0.047619	0.000000	0.000000	0.730159

cnidocyte_pos_pattern_27
0.047619	0.047619
0.023810	0.000000
0.928571	0.857143
0.000000	0.095238

cnidocyte_pos_pattern_28
0.428571	0.523810	0.190476	0.047619	0.000000	0.142857	0.071429	0.142857	0.261905	0.666667	0.428571	0.547619	0.071429	0.166667	0.428571	0.761905	0.642857	0.452381	0.119048	0.071429	0.190476
0.142857	0.071429	0.142857	0.047619	0.000000	0.023810	0.095238	0.142857	0.047619	0.071429	0.214286	0.047619	0.095238	0.000000	0.047619	0.023810	0.023810	0.023810	0.071429	0.119048	0.047619
0.166667	0.000000	0.023810	0.000000	0.023810	0.000000	0.023810	0.119048	0.142857	0.142857	0.214286	0.142857	0.142857	0.023810	0.047619	0.023810	0.190476	0.095238	0.000000	0.000000	0.023810
0.261905	0.404762	0.642857	0.904762	0.976190	0.833333	0.809524	0.595238	0.547619	0.119048	0.142857	0.261905	0.690476	0.809524	0.476190	0.190476	0.142857	0.428571	0.809524	0.809524	0.738095

cnidocyte_pos_pattern_29
0.540541	0.081081	0.054054	0.189189	0.054054	0.378378	0.081081	0.081081	0.027027	0.000000	0.000000	0.000000	0.000000	0.972973	0.000000	0.000000	0.000000	0.000000	0.054054	0.081081	0.459459	0.783784	0.108108	0.216216	0.054054
0.081081	0.054054	0.162162	0.081081	0.351351	0.000000	0.864865	0.216216	0.945946	0.000000	0.972973	0.000000	0.081081	0.027027	0.000000	0.000000	0.000000	0.000000	0.081081	0.351351	0.486486	0.108108	0.081081	0.486486	0.135135
0.162162	0.000000	0.621622	0.621622	0.486486	0.594595	0.027027	0.621622	0.000000	0.891892	0.000000	0.027027	0.864865	0.000000	0.000000	0.000000	1.000000	1.000000	0.000000	0.027027	0.054054	0.054054	0.486486	0.108108	0.162162
0.216216	0.864865	0.162162	0.108108	0.108108	0.027027	0.027027	0.081081	0.027027	0.108108	0.027027	0.972973	0.054054	0.000000	1.000000	1.000000	0.000000	0.000000	0.864865	0.540541	0.000000	0.054054	0.324324	0.189189	0.648649

cnidocyte_pos_pattern_3
0.343387	0.552415	0.013077	0.104197	0.004008	0.007593	0.058005	0.049146	0.511495	0.110103
0.144062	0.132040	0.967517	0.857203	0.001476	0.975954	0.033537	0.047458	0.080363	0.567391
0.303944	0.124235	0.009914	0.007593	0.992618	0.004640	0.117275	0.852774	0.238346	0.097870
0.208606	0.191310	0.009492	0.031006	0.001898	0.011812	0.791183	0.050622	0.169795	0.224636

cnidocyte_pos_pattern_30
0.187500	0.093750	0.125000	0.093750	0.125000	0.187500	0.000000	0.593750	0.031250	0.781250	0.000000	0.031250	0.031250	0.000000	0.031250	0.750000	0.906250	0.031250	0.062500	0.968750	0.906250	0.093750	0.218750
0.093750	0.031250	0.593750	0.656250	0.031250	0.062500	0.031250	0.093750	0.031250	0.000000	0.968750	0.937500	0.000000	1.000000	0.093750	0.000000	0.000000	0.875000	0.937500	0.000000	0.000000	0.062500	0.125000
0.625000	0.718750	0.062500	0.031250	0.750000	0.062500	0.187500	0.187500	0.812500	0.156250	0.000000	0.031250	0.968750	0.000000	0.000000	0.156250	0.093750	0.000000	0.000000	0.031250	0.031250	0.000000	0.625000
0.093750	0.156250	0.218750	0.218750	0.093750	0.687500	0.781250	0.125000	0.125000	0.062500	0.031250	0.000000	0.000000	0.000000	0.875000	0.093750	0.000000	0.093750	0.000000	0.000000	0.062500	0.843750	0.031250

cnidocyte_pos_pattern_31
0.642857	0.035714	0.642857	0.178571	0.642857	0.107143	0.642857	0.071429	0.928571	0.000000	0.678571	0.000000	0.750000	0.214286	0.714286	0.000000	0.678571	0.035714	0.928571	0.035714	0.642857	0.000000	0.642857	0.285714	0.642857	0.000000	0.607143
0.000000	0.107143	0.071429	0.071429	0.142857	0.000000	0.071429	0.000000	0.035714	0.035714	0.035714	0.000000	0.000000	0.035714	0.107143	0.000000	0.035714	0.000000	0.000000	0.035714	0.000000	0.000000	0.000000	0.000000	0.071429	0.035714	0.000000
0.107143	0.000000	0.000000	0.035714	0.035714	0.000000	0.035714	0.035714	0.000000	0.035714	0.000000	0.000000	0.000000	0.071429	0.000000	0.000000	0.107143	0.000000	0.035714	0.000000	0.071429	0.000000	0.035714	0.142857	0.000000	0.178571	0.071429
0.250000	0.857143	0.285714	0.714286	0.178571	0.892857	0.250000	0.892857	0.035714	0.928571	0.285714	1.000000	0.250000	0.678571	0.178571	1.000000	0.178571	0.964286	0.035714	0.928571	0.285714	1.000000	0.321429	0.571429	0.285714	0.785714	0.321429

cnidocyte_pos_pattern_32
0.230769	0.153846	0.153846	0.115385	0.269231	0.269231	0.538462	0.769231	0.000000	0.115385	0.000000	0.000000	0.230769	0.192308	0.384615	0.076923	0.461538	0.153846	0.153846	0.192308	0.038462	0.076923	0.269231
0.384615	0.000000	0.153846	0.115385	0.038462	0.076923	0.076923	0.115385	1.000000	0.884615	0.000000	1.000000	0.269231	0.000000	0.461538	0.692308	0.153846	0.807692	0.730769	0.000000	0.076923	0.269231	0.038462
0.153846	0.346154	0.192308	0.346154	0.653846	0.230769	0.230769	0.076923	0.000000	0.000000	1.000000	0.000000	0.038462	0.807692	0.153846	0.192308	0.307692	0.000000	0.000000	0.153846	0.884615	0.307692	0.076923
0.230769	0.500000	0.500000	0.423077	0.038462	0.423077	0.153846	0.038462	0.000000	0.000000	0.000000	0.000000	0.461538	0.000000	0.000000	0.038462	0.076923	0.038462	0.115385	0.653846	0.000000	0.346154	0.615385

cnidocyte_pos_pattern_33
0.458333	0.000000	0.083333	0.083333	0.291667	0.250000	0.083333	0.041667	0.166667	0.208333	0.000000	0.208333	0.000000	1.000000	0.208333	0.375000	0.041667	0.250000	0.333333	0.416667	0.000000
0.125000	0.041667	0.041667	0.500000	0.250000	0.041667	0.166667	0.041667	0.458333	0.041667	1.000000	0.083333	1.000000	0.000000	0.000000	0.041667	0.625000	0.250000	0.541667	0.416667	0.833333
0.125000	0.500000	0.541667	0.125000	0.041667	0.041667	0.333333	0.833333	0.000000	0.708333	0.000000	0.666667	0.000000	0.000000	0.791667	0.291667	0.250000	0.083333	0.041667	0.000000	0.083333
0.291667	0.458333	0.333333	0.291667	0.416667	0.666667	0.416667	0.083333	0.375000	0.041667	0.000000	0.041667	0.000000	0.000000	0.000000	0.291667	0.083333	0.416667	0.083333	0.166667	0.083333

cnidocyte_pos_pattern_34
0.350000	0.150000
0.000000	0.350000
0.600000	0.450000
0.050000	0.050000

cnidocyte_pos_pattern_4
0.221169	0.039471	0.075854	0.004851	0.007938	0.970673	0.003087	0.005513	0.001764	0.015877	0.065270	0.035722
0.368467	0.115546	0.490187	0.049835	0.023153	0.003749	0.007497	0.007277	0.003308	0.004851	0.436163	0.287982
0.037927	0.141345	0.188754	0.005733	0.951488	0.009041	0.003749	0.005513	0.990518	0.970673	0.037266	0.052260
0.372437	0.703638	0.245204	0.939581	0.017420	0.016538	0.985667	0.981698	0.004410	0.008600	0.461301	0.624035

cnidocyte_pos_pattern_5
0.251939	0.557501	0.040106	0.018391	0.925105	0.002216	0.017727	0.002881	0.042544	0.984932	0.029027
0.211389	0.069798	0.037004	0.080877	0.009750	0.969422	0.000886	0.005761	0.909151	0.001108	0.633725
0.253933	0.311544	0.010858	0.752271	0.053844	0.002881	0.980058	0.000886	0.041657	0.011301	0.032573
0.282739	0.061157	0.912032	0.148460	0.011301	0.025482	0.001329	0.990472	0.006647	0.002659	0.304675

cnidocyte_pos_pattern_6
0.126873	0.041083	0.217013	0.135573	0.097873	0.240454	0.208797	0.009908	0.042291	0.911068	0.053166	0.107057	0.041083	0.038183	0.091107	0.076607
0.515225	0.177139	0.347269	0.123006	0.079990	0.271387	0.688497	0.967859	0.884727	0.025858	0.032383	0.080474	0.817786	0.569116	0.582890	0.589657
0.159739	0.045674	0.168681	0.665297	0.342919	0.146206	0.029241	0.010391	0.017158	0.031174	0.877477	0.311745	0.071049	0.081440	0.063557	0.043016
0.198163	0.736104	0.267037	0.076124	0.479217	0.341953	0.073465	0.011841	0.055824	0.031899	0.036974	0.500725	0.070082	0.311261	0.262446	0.290720

cnidocyte_pos_pattern_7
0.243767	0.070685	0.068506	0.049867	0.022755	0.002421	0.004115	0.985960	0.007988	0.122489	0.027596	0.005810	0.034858	0.303074	0.571532	0.267006
0.131929	0.066570	0.796659	0.857420	0.004115	0.990075	0.990317	0.003389	0.012830	0.414912	0.024933	0.008473	0.035343	0.065602	0.094408	0.098039
0.517066	0.542484	0.060034	0.064875	0.953038	0.003147	0.001695	0.005084	0.006778	0.156621	0.012588	0.020092	0.802953	0.398209	0.066086	0.050835
0.107238	0.320261	0.074800	0.027838	0.020092	0.004357	0.003873	0.005568	0.972404	0.305979	0.934883	0.965626	0.126846	0.233115	0.267974	0.584120

cnidocyte_pos_pattern_8
0.176488	0.038785	0.039988	0.015634	0.104330	0.088094	0.127180
0.229104	0.925737	0.013830	0.961515	0.032772	0.420625	0.058028
0.441371	0.009321	0.936861	0.010222	0.799158	0.197234	0.747745
0.153037	0.026158	0.009321	0.012628	0.063740	0.294047	0.067048

cnidocyte_pos_pattern_9
0.235009	0.139330	0.197090	0.034392	0.025132	0.001323	0.942240	0.015432	0.009700	0.025132	0.017637	0.011464
0.272487	0.239859	0.003968	0.960758	0.001323	0.996032	0.022928	0.013228	0.005732	0.911376	0.047178	0.703704
0.223104	0.072751	0.794092	0.002205	0.970899	0.002205	0.024691	0.019841	0.980600	0.008818	0.791887	0.011464
0.269400	0.548060	0.004850	0.002646	0.002646	0.000441	0.010141	0.951499	0.003968	0.054674	0.143298	0.273369

gastro_circular_muscle_1_pos_pattern_0
0.402440	0.139891	0.107567	0.437761	0.059938	0.021299	0.017553	0.042171	0.919833	0.010596
0.183453	0.136466	0.457241	0.038746	0.819009	0.003104	0.019052	0.041850	0.018195	0.907845
0.285775	0.141389	0.089051	0.454458	0.029755	0.953762	0.008241	0.876271	0.022049	0.016376
0.128331	0.582254	0.346141	0.069036	0.091298	0.021835	0.955154	0.039709	0.039923	0.065182

gastro_circular_muscle_1_pos_pattern_1
0.173951	0.019272	0.054793	0.959063	0.015997	0.036277	0.065122
0.095604	0.117269	0.018768	0.017509	0.969895	0.946467	0.250913
0.269555	0.008691	0.917622	0.011840	0.005164	0.009699	0.070034
0.460889	0.854768	0.008817	0.011588	0.008943	0.007558	0.613931

gastro_circular_muscle_1_pos_pattern_10
0.204511	0.346366	0.076692	0.026065	0.029574	0.775439	0.118296	0.324311	0.793985	0.078697	0.099248	0.012531	0.409023	0.153885	0.115288	0.079699	0.048622	0.147368
0.168421	0.062657	0.862657	0.940852	0.948371	0.027569	0.106266	0.272180	0.044612	0.080702	0.199499	0.968922	0.246115	0.197995	0.192982	0.022055	0.737343	0.044110
0.135338	0.100251	0.021053	0.011529	0.011529	0.167419	0.359900	0.329825	0.111779	0.147368	0.602005	0.003008	0.029073	0.079198	0.039599	0.741353	0.102256	0.731328
0.491729	0.490727	0.039599	0.021554	0.010526	0.029574	0.415539	0.073684	0.049624	0.693233	0.099248	0.015539	0.315789	0.568922	0.652130	0.156892	0.111779	0.077193

gastro_circular_muscle_1_pos_pattern_11
0.369145	0.179226	0.024949	0.019348	0.922607	0.007637	0.755601
0.119145	0.077902	0.081976	0.003564	0.011202	0.976069	0.121181
0.435845	0.085540	0.010183	0.970978	0.011711	0.004073	0.063136
0.075866	0.657332	0.882892	0.006110	0.054481	0.012220	0.060081

gastro_circular_muscle_1_pos_pattern_12
0.153711	0.258328	0.008182	0.019871	0.006429	0.949153	0.007598	0.009936	0.006429	0.010520	0.005845
0.229690	0.021040	0.976622	0.002922	0.973700	0.014027	0.026885	0.002922	0.979544	0.009936	0.746347
0.102279	0.700175	0.007598	0.973700	0.007013	0.017534	0.039158	0.985389	0.000584	0.967855	0.007598
0.514319	0.020456	0.007598	0.003507	0.012858	0.019287	0.926359	0.001753	0.013442	0.011689	0.240210

gastro_circular_muscle_1_pos_pattern_13
0.294533	0.218695	0.077601	0.044092	0.052322	0.786596	0.084068	0.079953	0.084656	0.105820	0.417402	0.197531	0.228689	0.176955
0.098178	0.041740	0.021164	0.013521	0.012346	0.042916	0.021752	0.017049	0.029982	0.059377	0.077601	0.139330	0.089947	0.113463
0.439741	0.606702	0.819518	0.910641	0.912992	0.077014	0.865373	0.849500	0.825985	0.744268	0.189888	0.544974	0.569665	0.547913
0.167549	0.132863	0.081717	0.031746	0.022340	0.093474	0.028807	0.053498	0.059377	0.090535	0.315109	0.118166	0.111699	0.161670

gastro_circular_muscle_1_pos_pattern_14
0.184682	0.132798	0.106856	0.075355	0.011736	0.928968	0.012353	0.000618	0.015442	0.013589	0.174182
0.186535	0.022236	0.042001	0.171093	0.974058	0.019765	0.008030	0.995676	0.001235	0.007412	0.161211
0.148857	0.657813	0.751699	0.024707	0.002471	0.027795	0.962940	0.000618	0.975293	0.965411	0.078443
0.479926	0.187153	0.099444	0.728845	0.011736	0.023471	0.016677	0.003088	0.008030	0.013589	0.586164

gastro_circular_muscle_1_pos_pattern_15
0.232493	0.243697	0.010271	0.607843	0.003735	0.036415	0.431373	0.454715	0.546218	0.004669	0.034547	0.524743	0.001867
0.305322	0.079365	0.024276	0.204482	0.002801	0.859010	0.051354	0.056956	0.032680	0.001867	0.008403	0.072829	0.995331
0.325864	0.605042	0.366013	0.102708	0.002801	0.007470	0.478992	0.269841	0.379085	0.000934	0.039216	0.027077	0.000000
0.136321	0.071895	0.599440	0.084967	0.990663	0.097106	0.038282	0.218487	0.042017	0.992530	0.917834	0.375350	0.002801

gastro_circular_muscle_1_pos_pattern_16
0.127778	0.152778	0.502778	0.184722	0.058333	0.791667	0.026389	0.016667	0.006944	0.016667	0.026389	0.481944	0.163889	0.227778
0.198611	0.044444	0.231944	0.043056	0.855556	0.088889	0.094444	0.025000	0.987500	0.006944	0.881944	0.068056	0.368056	0.104167
0.190278	0.743056	0.173611	0.648611	0.020833	0.055556	0.040278	0.938889	0.001389	0.965278	0.038889	0.268056	0.350000	0.120833
0.483333	0.059722	0.091667	0.123611	0.065278	0.063889	0.838889	0.019444	0.004167	0.011111	0.052778	0.181944	0.118056	0.547222

gastro_circular_muscle_1_pos_pattern_17
0.301493	0.149254	0.217910	0.267164	0.005970	0.150746	0.117910	0.053731
0.134328	0.082090	0.053731	0.055224	0.011940	0.037313	0.088060	0.034328
0.273134	0.619403	0.485075	0.100000	0.956716	0.414925	0.164179	0.816418
0.291045	0.149254	0.243284	0.577612	0.025373	0.397015	0.629851	0.095522

gastro_circular_muscle_1_pos_pattern_18
0.149390	0.053354	0.053354	0.051829	0.176829	0.057927	0.059451	0.051829	0.077744	0.016768	0.707317
0.364329	0.777439	0.010671	0.885671	0.042683	0.115854	0.012195	0.821646	0.039634	0.955793	0.039634
0.157012	0.021341	0.919207	0.018293	0.740854	0.711890	0.882622	0.080793	0.089939	0.006098	0.198171
0.329268	0.147866	0.016768	0.044207	0.039634	0.114329	0.045732	0.045732	0.792683	0.021341	0.054878

gastro_circular_muscle_1_pos_pattern_19
0.256610	0.060653	0.026439	0.136858	0.004666	0.278383	0.065319	0.004666	0.009331	0.987558	0.052877	0.076205	0.012442	0.009331	0.060653	0.057543
0.161742	0.740280	0.068429	0.793157	0.000000	0.346812	0.816485	0.975117	0.950233	0.001555	0.004666	0.045101	0.933126	0.517885	0.667185	0.530327
0.365474	0.037325	0.026439	0.020218	0.968896	0.097978	0.037325	0.004666	0.009331	0.006221	0.920684	0.315708	0.026439	0.003110	0.009331	0.026439
0.216174	0.161742	0.878694	0.049767	0.026439	0.276827	0.080871	0.015552	0.031104	0.004666	0.021773	0.562986	0.027994	0.469673	0.262830	0.385692

gastro_circular_muscle_1_pos_pattern_2
0.198439	0.025268	0.030030	0.016801	0.039952	0.243154	0.229131	0.223839	0.016007	0.004498	0.009922	0.006218	0.007673	0.011377	0.031486	0.196851
0.132028	0.349385	0.006747	0.006482	0.007938	0.319354	0.065617	0.294219	0.940336	0.988623	0.009922	0.007012	0.012303	0.011906	0.105702	0.151475
0.225824	0.017463	0.938616	0.964413	0.806059	0.070512	0.061781	0.146977	0.026591	0.002381	0.005689	0.955417	0.010451	0.940865	0.582881	0.084800
0.443709	0.607885	0.024606	0.012303	0.146051	0.366980	0.643471	0.334965	0.017066	0.004498	0.974468	0.031353	0.969573	0.035851	0.279931	0.566874

gastro_circular_muscle_1_pos_pattern_20
0.474187	0.583174	0.632887	0.824092	0.944551	0.992352	0.992352	0.896750	0.365201	0.265774
0.141491	0.118547	0.070746	0.053537	0.003824	0.001912	0.000000	0.013384	0.030593	0.147228
0.158700	0.089866	0.116635	0.024857	0.026769	0.003824	0.001912	0.003824	0.009560	0.038241
0.225621	0.208413	0.179732	0.097514	0.024857	0.001912	0.005736	0.086042	0.592734	0.546845

gastro_circular_muscle_1_pos_pattern_21
0.136268	0.050314	0.048218	0.452830	0.171908	0.134172	0.123690	0.008386	0.075472	0.132075	0.209644
0.119497	0.737945	0.027254	0.209644	0.073375	0.433962	0.320755	0.962264	0.010482	0.706499	0.083857
0.425577	0.029350	0.888889	0.176101	0.607966	0.190776	0.297694	0.014675	0.888889	0.069182	0.628931
0.318658	0.182390	0.035639	0.161426	0.146751	0.241090	0.257862	0.014675	0.025157	0.092243	0.077568

gastro_circular_muscle_1_pos_pattern_22
0.356410	0.597436	0.517949	0.515385	0.376923	0.084615	0.205128	0.535897	0.117949	0.123077	0.884615	0.007692	0.015385	0.000000	0.030769	0.015385	0.025641	0.087179	0.017949	0.153846	0.243590	0.169231
0.179487	0.084615	0.117949	0.069231	0.053846	0.325641	0.215385	0.079487	0.651282	0.661538	0.017949	0.012821	0.005128	1.000000	0.005128	0.023077	0.094872	0.838462	0.753846	0.048718	0.307692	0.051282
0.215385	0.158974	0.071795	0.082051	0.076923	0.176923	0.253846	0.335897	0.094872	0.015385	0.069231	0.958974	0.976923	0.000000	0.964103	0.017949	0.015385	0.043590	0.023077	0.030769	0.128205	0.666667
0.248718	0.158974	0.292308	0.333333	0.492308	0.412821	0.325641	0.048718	0.135897	0.200000	0.028205	0.020513	0.002564	0.000000	0.000000	0.943590	0.864103	0.030769	0.205128	0.766667	0.320513	0.112821

gastro_circular_muscle_1_pos_pattern_23
0.220339
0.127119
0.437853
0.214689

gastro_circular_muscle_1_pos_pattern_24
0.176119	0.146269	0.191045	0.459701	0.176119	0.459701	0.041791	0.062687	0.110448	0.164179	0.331343	0.107463	0.140299	0.104478	0.173134
0.423881	0.597015	0.110448	0.170149	0.041791	0.089552	0.008955	0.020896	0.011940	0.044776	0.319403	0.358209	0.065672	0.074627	0.062687
0.161194	0.098507	0.611940	0.223881	0.698507	0.155224	0.931343	0.886567	0.752239	0.653731	0.104478	0.241791	0.262687	0.734328	0.608955
0.238806	0.158209	0.086567	0.146269	0.083582	0.295522	0.017910	0.029851	0.125373	0.137313	0.244776	0.292537	0.531343	0.086567	0.155224

gastro_circular_muscle_1_pos_pattern_25
0.137931	0.375000	0.228448	0.500000	0.193966	0.387931	0.107759	0.168103	0.168103	0.241379	0.107759	0.073276	0.064655	0.293103	0.448276	0.172414	0.280172	0.314655	0.392241	0.478448
0.465517	0.112069	0.431034	0.051724	0.418103	0.008621	0.051724	0.030172	0.073276	0.094828	0.043103	0.068966	0.068966	0.094828	0.064655	0.198276	0.125000	0.176724	0.150862	0.099138
0.094828	0.357759	0.137931	0.211207	0.211207	0.375000	0.806034	0.340517	0.637931	0.099138	0.801724	0.349138	0.663793	0.443966	0.103448	0.482759	0.267241	0.413793	0.198276	0.155172
0.301724	0.155172	0.202586	0.237069	0.176724	0.228448	0.034483	0.461207	0.120690	0.564655	0.047414	0.508621	0.202586	0.168103	0.383621	0.146552	0.327586	0.094828	0.258621	0.267241

gastro_circular_muscle_1_pos_pattern_26
0.207254	0.160622	0.409326	0.098446	0.113990	0.248705	0.170984	0.518135	0.196891	0.155440	0.108808	0.170984
0.119171	0.181347	0.202073	0.113990	0.233161	0.113990	0.196891	0.103627	0.108808	0.098446	0.077720	0.056995
0.373057	0.549223	0.103627	0.689119	0.290155	0.507772	0.388601	0.129534	0.419689	0.321244	0.683938	0.113990
0.300518	0.108808	0.284974	0.098446	0.362694	0.129534	0.243523	0.248705	0.274611	0.424870	0.129534	0.658031

gastro_circular_muscle_1_pos_pattern_27
0.630137	0.698630	0.753425	0.767123	0.089041	0.075342	0.828767	0.034247	0.020548	0.000000	0.897260	0.095890	0.767123	0.883562	0.027397	0.712329	0.000000	0.143836	0.095890	0.075342	0.054795	0.068493	0.047945	0.260274	0.650685
0.075342	0.075342	0.082192	0.041096	0.068493	0.034247	0.006849	0.931507	0.972603	0.986301	0.027397	0.054795	0.034247	0.041096	0.020548	0.082192	0.986301	0.808219	0.815068	0.061644	0.020548	0.102740	0.006849	0.095890	0.089041
0.136986	0.123288	0.089041	0.068493	0.020548	0.020548	0.075342	0.027397	0.000000	0.013699	0.047945	0.767123	0.164384	0.047945	0.869863	0.150685	0.006849	0.006849	0.013699	0.020548	0.842466	0.760274	0.897260	0.609589	0.143836
0.157534	0.102740	0.075342	0.123288	0.821918	0.869863	0.089041	0.006849	0.006849	0.000000	0.027397	0.082192	0.034247	0.027397	0.082192	0.054795	0.006849	0.041096	0.075342	0.842466	0.082192	0.068493	0.047945	0.034247	0.116438

gastro_circular_muscle_1_pos_pattern_28
0.218978	0.051095	0.540146	0.087591	0.145985	0.109489	0.233577	0.386861	0.189781	0.153285	0.182482	0.226277	0.248175	0.248175	0.240876	0.313869	0.175182	0.197080	0.437956	0.072993	0.131387
0.065693	0.058394	0.102190	0.072993	0.043796	0.036496	0.043796	0.197080	0.277372	0.218978	0.124088	0.211679	0.328467	0.211679	0.131387	0.218978	0.218978	0.343066	0.109489	0.547445	0.394161
0.394161	0.839416	0.080292	0.715328	0.686131	0.627737	0.386861	0.072993	0.321168	0.313869	0.467153	0.248175	0.197080	0.284672	0.379562	0.248175	0.270073	0.270073	0.255474	0.080292	0.423358
0.321168	0.051095	0.277372	0.124088	0.124088	0.226277	0.335766	0.343066	0.211679	0.313869	0.226277	0.313869	0.226277	0.255474	0.248175	0.218978	0.335766	0.189781	0.197080	0.299270	0.051095

gastro_circular_muscle_1_pos_pattern_29
0.233010	0.116505	0.029126	0.000000	0.019417	0.038835	0.631068	0.689320	0.388350	0.048544	0.135922	0.611650	0.155340	0.097087	0.417476
0.097087	0.640777	0.184466	0.990291	0.009709	0.932039	0.019417	0.116505	0.029126	0.048544	0.466019	0.106796	0.174757	0.330097	0.271845
0.514563	0.106796	0.679612	0.000000	0.961165	0.000000	0.271845	0.106796	0.262136	0.834951	0.271845	0.145631	0.067961	0.320388	0.155340
0.155340	0.135922	0.106796	0.009709	0.009709	0.029126	0.077670	0.087379	0.320388	0.067961	0.126214	0.135922	0.601942	0.252427	0.155340

gastro_circular_muscle_1_pos_pattern_3
0.249333	0.142615	0.963376	0.946883	0.316517	0.971138	0.012855	0.003638	0.004123	0.028620	0.019161	0.086830	0.308028
0.390977	0.786321	0.011885	0.014310	0.168567	0.005821	0.004608	0.003881	0.002668	0.945428	0.081494	0.049479	0.551540
0.064274	0.038564	0.013340	0.011399	0.407955	0.009217	0.008489	0.987388	0.982537	0.004366	0.841863	0.778317	0.053844
0.295416	0.032501	0.011399	0.027407	0.106961	0.013825	0.974048	0.005093	0.010672	0.021586	0.057482	0.085375	0.086587

gastro_circular_muscle_1_pos_pattern_30
0.666667	0.250000	0.770833	0.125000	0.656250
0.062500	0.062500	0.093750	0.135417	0.083333
0.062500	0.125000	0.052083	0.125000	0.093750
0.208333	0.562500	0.083333	0.614583	0.166667

gastro_circular_muscle_1_pos_pattern_31
0.367816	0.712644	0.816092	0.839080	0.758621	0.540230	0.241379	0.137931	0.252874	0.436782	0.689655	0.781609	0.816092	0.816092	0.793103	0.747126	0.540230
0.091954	0.080460	0.022989	0.045977	0.068966	0.103448	0.149425	0.275862	0.183908	0.206897	0.126437	0.068966	0.045977	0.034483	0.022989	0.045977	0.103448
0.218391	0.103448	0.057471	0.034483	0.034483	0.103448	0.091954	0.218391	0.195402	0.137931	0.103448	0.068966	0.034483	0.057471	0.022989	0.057471	0.114943
0.310345	0.091954	0.091954	0.068966	0.126437	0.241379	0.517241	0.367816	0.367816	0.218391	0.080460	0.080460	0.103448	0.091954	0.160920	0.149425	0.241379

gastro_circular_muscle_1_pos_pattern_32
0.457831	0.240964	0.168675	0.481928	0.277108	0.036145	0.783133	0.626506	0.987952	0.144578	0.975904	0.024096	0.000000	0.000000	0.253012	0.240964
0.096386	0.096386	0.397590	0.048193	0.650602	0.915663	0.120482	0.012048	0.000000	0.072289	0.000000	0.000000	0.000000	0.000000	0.638554	0.084337
0.180723	0.096386	0.132530	0.144578	0.048193	0.036145	0.024096	0.024096	0.000000	0.084337	0.000000	0.000000	1.000000	1.000000	0.024096	0.614458
0.265060	0.566265	0.301205	0.325301	0.024096	0.012048	0.072289	0.337349	0.012048	0.698795	0.024096	0.975904	0.000000	0.000000	0.084337	0.060241

gastro_circular_muscle_1_pos_pattern_33
0.544304	0.025316	0.075949	0.113924	0.253165	0.000000	0.000000	0.936709	0.088608	0.000000	0.000000
0.088608	0.101266	0.822785	0.151899	0.088608	0.037975	1.000000	0.012658	0.025316	1.000000	0.000000
0.215190	0.101266	0.063291	0.088608	0.594937	0.050633	0.000000	0.050633	0.455696	0.000000	1.000000
0.151899	0.772152	0.037975	0.645570	0.063291	0.911392	0.000000	0.000000	0.430380	0.000000	0.000000

gastro_circular_muscle_1_pos_pattern_34
0.229508	0.754098	0.016393	0.016393	0.688525	0.000000	0.032787	0.639344	0.081967	0.885246	0.016393	0.672131	0.295082	0.049180	0.032787	0.442623	0.524590	0.557377
0.213115	0.016393	0.000000	0.081967	0.213115	1.000000	0.967213	0.065574	0.016393	0.032787	0.032787	0.032787	0.016393	0.016393	0.032787	0.245902	0.180328	0.081967
0.360656	0.049180	0.000000	0.836066	0.000000	0.000000	0.000000	0.032787	0.000000	0.016393	0.032787	0.016393	0.081967	0.918033	0.885246	0.131148	0.163934	0.163934
0.196721	0.180328	0.983607	0.065574	0.098361	0.000000	0.000000	0.262295	0.901639	0.065574	0.918033	0.278689	0.606557	0.016393	0.049180	0.180328	0.131148	0.196721

gastro_circular_muscle_1_pos_pattern_35
0.684211	0.315789	0.280702	0.245614	0.315789	0.140351	0.122807	0.403509	0.017544	0.701754	0.035088	0.017544	0.000000	0.842105	0.000000	0.017544	0.052632	0.157895	0.228070	0.000000	0.017544	0.438596	0.596491	0.070175	0.280702	0.140351	0.298246	0.298246
0.035088	0.228070	0.210526	0.385965	0.456140	0.298246	0.140351	0.157895	0.175439	0.052632	0.614035	0.894737	0.982456	0.000000	0.000000	0.000000	0.877193	0.807018	0.035088	0.543860	0.473684	0.245614	0.070175	0.192982	0.333333	0.052632	0.526316	0.122807
0.105263	0.245614	0.122807	0.280702	0.052632	0.052632	0.210526	0.385965	0.684211	0.245614	0.157895	0.000000	0.000000	0.157895	0.982456	0.543860	0.070175	0.000000	0.175439	0.017544	0.017544	0.087719	0.315789	0.701754	0.087719	0.491228	0.070175	0.315789
0.175439	0.210526	0.385965	0.087719	0.175439	0.508772	0.526316	0.052632	0.122807	0.000000	0.192982	0.087719	0.017544	0.000000	0.017544	0.438596	0.000000	0.035088	0.561404	0.438596	0.491228	0.228070	0.017544	0.035088	0.298246	0.315789	0.105263	0.263158

gastro_circular_muscle_1_pos_pattern_36
0.283019	0.150943	0.056604	0.132075	0.396226	0.056604	0.094340	0.433962	0.150943	0.301887	0.056604	0.207547	0.094340	0.358491	0.188679	0.037736	0.150943	0.301887	0.150943	0.207547	0.264151	0.207547	0.415094	0.320755
0.207547	0.056604	0.037736	0.094340	0.433962	0.301887	0.000000	0.132075	0.056604	0.132075	0.037736	0.132075	0.094340	0.132075	0.433962	0.188679	0.056604	0.037736	0.301887	0.226415	0.264151	0.301887	0.226415	0.226415
0.226415	0.547170	0.754717	0.754717	0.056604	0.584906	0.735849	0.283019	0.773585	0.358491	0.867925	0.509434	0.660377	0.377358	0.188679	0.150943	0.622642	0.547170	0.433962	0.433962	0.283019	0.301887	0.207547	0.226415
0.283019	0.245283	0.150943	0.018868	0.113208	0.056604	0.169811	0.150943	0.018868	0.207547	0.037736	0.150943	0.150943	0.132075	0.188679	0.622642	0.169811	0.113208	0.113208	0.132075	0.188679	0.188679	0.150943	0.226415

gastro_circular_muscle_1_pos_pattern_37
0.207547	0.415094	0.150943	0.075472	0.415094	0.000000	1.000000	0.000000	0.792453	0.000000	0.018868	0.943396	0.849057	0.000000	0.000000	1.000000	0.132075	0.018868	0.207547	0.716981	0.132075	0.132075	0.169811	0.226415	0.528302	0.207547	0.207547
0.056604	0.018868	0.283019	0.716981	0.018868	0.018868	0.000000	0.773585	0.000000	0.301887	0.132075	0.000000	0.018868	0.000000	0.000000	0.000000	0.452830	0.679245	0.094340	0.094340	0.396226	0.773585	0.452830	0.188679	0.094340	0.358491	0.094340
0.226415	0.056604	0.113208	0.207547	0.132075	0.000000	0.000000	0.018868	0.056604	0.000000	0.849057	0.056604	0.000000	1.000000	0.000000	0.000000	0.000000	0.113208	0.000000	0.037736	0.377358	0.037736	0.056604	0.207547	0.188679	0.169811	0.132075
0.509434	0.509434	0.452830	0.000000	0.433962	0.981132	0.000000	0.207547	0.150943	0.698113	0.000000	0.000000	0.132075	0.000000	1.000000	0.000000	0.415094	0.188679	0.698113	0.150943	0.094340	0.056604	0.320755	0.377358	0.188679	0.264151	0.566038

gastro_circular_muscle_1_pos_pattern_38
0.137255	0.176471	0.254902	0.078431	0.647059	0.039216	0.098039	0.058824	0.176471	0.000000	0.000000	0.196078	0.019608	0.039216	0.000000	0.000000	0.176471
0.098039	0.411765	0.294118	0.176471	0.078431	0.882353	0.078431	0.078431	0.137255	0.019608	0.960784	0.039216	0.235294	0.196078	1.000000	0.019608	0.745098
0.666667	0.176471	0.411765	0.019608	0.176471	0.039216	0.039216	0.098039	0.156863	0.941176	0.019608	0.764706	0.588235	0.705882	0.000000	0.843137	0.039216
0.098039	0.235294	0.039216	0.725490	0.098039	0.039216	0.784314	0.764706	0.529412	0.039216	0.019608	0.000000	0.156863	0.058824	0.000000	0.137255	0.039216

gastro_circular_muscle_1_pos_pattern_39
0.021739	0.543478
0.000000	0.108696
0.934783	0.282609
0.043478	0.065217

gastro_circular_muscle_1_pos_pattern_4
0.226063	0.407610	0.002984	0.003482	0.989306	0.002238	0.013429	0.009450	0.206168	0.844815
0.230291	0.030589	0.006715	0.011689	0.001243	0.994777	0.004476	0.020144	0.715494	0.028600
0.224571	0.502860	0.001990	0.955484	0.003482	0.000249	0.981348	0.006963	0.048993	0.066650
0.319075	0.058941	0.988311	0.029346	0.005969	0.002736	0.000746	0.963442	0.029346	0.059935

gastro_circular_muscle_1_pos_pattern_40
0.400000	0.100000	0.425000	0.050000	0.225000	0.125000	0.075000	0.000000	0.000000	0.050000	0.050000	0.575000	0.550000	0.000000	0.000000	0.000000	0.025000	0.025000	0.025000	0.000000	0.525000	0.550000	0.600000	0.950000	0.575000	0.550000
0.075000	0.075000	0.050000	0.050000	0.125000	0.350000	0.425000	0.000000	0.025000	0.000000	0.850000	0.100000	0.075000	1.000000	0.975000	0.050000	0.000000	0.325000	0.000000	0.400000	0.000000	0.025000	0.025000	0.000000	0.000000	0.050000
0.450000	0.100000	0.450000	0.075000	0.075000	0.050000	0.000000	0.975000	0.975000	0.375000	0.000000	0.250000	0.025000	0.000000	0.025000	0.000000	0.100000	0.050000	0.875000	0.550000	0.025000	0.000000	0.050000	0.025000	0.350000	0.025000
0.075000	0.725000	0.075000	0.825000	0.575000	0.475000	0.500000	0.025000	0.000000	0.575000	0.100000	0.075000	0.350000	0.000000	0.000000	0.950000	0.875000	0.600000	0.100000	0.050000	0.450000	0.425000	0.325000	0.025000	0.075000	0.375000

gastro_circular_muscle_1_pos_pattern_41
0.131579	0.157895	0.473684	0.105263	0.026316	0.157895	0.394737	0.000000	0.026316	0.000000	0.763158	0.368421	0.026316	0.026316	0.236842	0.000000	0.000000	0.000000	0.421053	0.763158	0.000000	0.289474	0.210526	0.342105	0.236842	0.421053	0.026316	0.315789	0.026316
0.526316	0.736842	0.131579	0.000000	0.631579	0.789474	0.026316	0.052632	0.184211	0.552632	0.000000	0.000000	0.394737	0.552632	0.000000	1.000000	0.000000	0.710526	0.000000	0.026316	0.947368	0.000000	0.421053	0.421053	0.684211	0.131579	0.184211	0.131579	0.684211
0.236842	0.105263	0.184211	0.710526	0.078947	0.026316	0.210526	0.894737	0.184211	0.342105	0.157895	0.631579	0.000000	0.000000	0.736842	0.000000	1.000000	0.000000	0.526316	0.210526	0.000000	0.105263	0.236842	0.052632	0.000000	0.078947	0.605263	0.421053	0.078947
0.105263	0.000000	0.210526	0.184211	0.263158	0.026316	0.368421	0.052632	0.605263	0.105263	0.078947	0.000000	0.578947	0.421053	0.026316	0.000000	0.000000	0.289474	0.052632	0.000000	0.052632	0.605263	0.131579	0.184211	0.078947	0.368421	0.184211	0.131579	0.210526

gastro_circular_muscle_1_pos_pattern_42
0.305556	0.416667	0.138889	0.527778	0.555556	0.166667	0.138889	0.277778	0.111111	0.000000	0.000000	0.944444	0.000000	0.055556	0.027778	0.444444	0.027778	0.083333	0.083333	0.138889	0.138889	0.138889	0.277778	0.222222	0.194444	0.611111	0.083333
0.000000	0.027778	0.055556	0.277778	0.166667	0.222222	0.555556	0.555556	0.111111	0.111111	0.000000	0.027778	0.888889	0.888889	0.166667	0.305556	0.833333	0.166667	0.638889	0.555556	0.138889	0.194444	0.000000	0.027778	0.083333	0.194444	0.694444
0.277778	0.000000	0.611111	0.055556	0.111111	0.027778	0.138889	0.111111	0.111111	0.000000	1.000000	0.000000	0.111111	0.027778	0.611111	0.194444	0.055556	0.638889	0.055556	0.250000	0.583333	0.027778	0.083333	0.611111	0.500000	0.083333	0.111111
0.416667	0.555556	0.194444	0.138889	0.166667	0.583333	0.166667	0.055556	0.666667	0.888889	0.000000	0.027778	0.000000	0.027778	0.194444	0.055556	0.083333	0.111111	0.222222	0.055556	0.138889	0.638889	0.638889	0.138889	0.222222	0.111111	0.111111

gastro_circular_muscle_1_pos_pattern_43
0.285714	0.535714	0.214286	0.214286	0.428571	0.250000	0.142857	0.178571	0.357143	0.250000	0.142857	0.428571	0.000000	0.071429	0.357143	0.000000	0.214286	0.035714	0.107143	0.928571	0.214286	0.285714	0.107143	0.464286	0.285714	0.142857	0.250000
0.035714	0.285714	0.107143	0.107143	0.321429	0.250000	0.178571	0.035714	0.250000	0.035714	0.107143	0.250000	0.000000	0.107143	0.000000	1.000000	0.000000	0.214286	0.071429	0.071429	0.750000	0.178571	0.107143	0.035714	0.142857	0.321429	0.107143
0.321429	0.107143	0.214286	0.321429	0.142857	0.142857	0.357143	0.214286	0.107143	0.142857	0.464286	0.178571	0.250000	0.035714	0.464286	0.000000	0.785714	0.000000	0.785714	0.000000	0.000000	0.535714	0.107143	0.214286	0.321429	0.178571	0.428571
0.357143	0.071429	0.464286	0.357143	0.107143	0.357143	0.321429	0.571429	0.285714	0.571429	0.285714	0.142857	0.750000	0.785714	0.178571	0.000000	0.000000	0.750000	0.035714	0.000000	0.035714	0.000000	0.678571	0.285714	0.250000	0.357143	0.214286

gastro_circular_muscle_1_pos_pattern_44
0.964286	0.000000
0.035714	0.428571
0.000000	0.535714
0.000000	0.035714

gastro_circular_muscle_1_pos_pattern_45
0.192308	0.269231	0.038462	0.269231	0.192308	0.076923	0.115385	0.000000	0.076923	0.230769	0.115385	0.384615	0.000000	0.000000	0.000000	0.000000	0.000000	0.000000	0.000000	0.000000
0.000000	0.153846	0.269231	0.115385	0.038462	0.423077	0.000000	0.000000	0.076923	0.038462	0.115385	0.346154	0.961538	1.000000	0.000000	0.000000	0.000000	0.000000	0.076923	0.153846
0.038462	0.461538	0.076923	0.038462	0.230769	0.000000	0.884615	1.000000	0.692308	0.038462	0.000000	0.038462	0.038462	0.000000	0.000000	1.000000	0.000000	1.000000	0.769231	0.000000
0.769231	0.115385	0.615385	0.576923	0.538462	0.500000	0.000000	0.000000	0.153846	0.692308	0.769231	0.230769	0.000000	0.000000	1.000000	0.000000	1.000000	0.000000	0.153846	0.846154

gastro_circular_muscle_1_pos_pattern_46
0.000000	0.076923	0.076923	0.076923	0.730769
0.000000	0.038462	0.000000	0.038462	0.038462
0.153846	0.769231	0.884615	0.076923	0.076923
0.846154	0.115385	0.038462	0.807692	0.153846

gastro_circular_muscle_1_pos_pattern_47
0.583333
0.166667
0.125000
0.125000

gastro_circular_muscle_1_pos_pattern_48
0.217391	0.217391	0.086957	0.043478	0.695652	0.043478	0.086957	0.217391	0.521739	0.608696	0.608696	0.130435	0.217391	0.130435	0.173913	0.782609	0.695652	0.043478	0.173913	0.173913	0.173913	0.260870	0.565217	0.608696
0.086957	0.521739	0.608696	0.043478	0.086957	0.434783	0.130435	0.043478	0.086957	0.000000	0.086957	0.608696	0.478261	0.043478	0.521739	0.000000	0.043478	0.695652	0.608696	0.043478	0.043478	0.217391	0.130435	0.130435
0.130435	0.130435	0.086957	0.869565	0.043478	0.391304	0.695652	0.695652	0.304348	0.043478	0.304348	0.043478	0.260870	0.217391	0.260870	0.043478	0.086957	0.217391	0.043478	0.521739	0.304348	0.086957	0.000000	0.130435
0.565217	0.130435	0.217391	0.043478	0.173913	0.130435	0.086957	0.043478	0.086957	0.347826	0.000000	0.217391	0.043478	0.608696	0.043478	0.173913	0.173913	0.043478	0.173913	0.260870	0.478261	0.434783	0.304348	0.130435

gastro_circular_muscle_1_pos_pattern_5
0.269012	0.048629	0.079928	0.011123	0.024056	0.974909	0.012157	0.012675	0.001035	0.013451	0.059752	0.031816	0.399121	0.562080
0.343766	0.126229	0.492757	0.081997	0.062338	0.006467	0.004397	0.004139	0.001293	0.003880	0.448008	0.314278	0.141490	0.094413
0.053026	0.150285	0.219089	0.008795	0.852302	0.010864	0.005432	0.006725	0.995861	0.971547	0.037506	0.038282	0.376099	0.188050
0.334196	0.674858	0.208226	0.898086	0.061304	0.007760	0.978013	0.976461	0.001811	0.011123	0.454734	0.615623	0.083290	0.155458

gastro_circular_muscle_1_pos_pattern_6
0.210863	0.141995	0.156195	0.159034	0.102946	0.044728	0.056443	0.039049	0.151935
0.395811	0.103301	0.586084	0.118921	0.622293	0.039759	0.880369	0.021299	0.543131
0.127086	0.609159	0.094782	0.579340	0.078807	0.835996	0.021299	0.903798	0.113241
0.266241	0.145545	0.162939	0.142705	0.195953	0.079517	0.041889	0.035854	0.191693

gastro_circular_muscle_1_pos_pattern_7
0.198647	0.671057	0.053756	0.098612	0.050196	0.008188	0.002848	0.008544	0.046280	0.121396
0.330723	0.043076	0.646137	0.032396	0.015308	0.971164	0.992880	0.012816	0.089712	0.154503
0.147027	0.194375	0.041652	0.014596	0.011392	0.006764	0.002136	0.926664	0.806337	0.081524
0.323603	0.091492	0.258455	0.854397	0.923104	0.013884	0.002136	0.051976	0.057672	0.642577

gastro_circular_muscle_1_pos_pattern_8
0.160449	0.059366	0.269154	0.194545	0.131970	0.231047	0.202968	0.018051	0.038107	0.946249	0.032892	0.082230	0.047333	0.030084	0.089852	0.103089	0.124348	0.200963	0.139190
0.456879	0.156839	0.325712	0.080626	0.070598	0.245888	0.633373	0.945848	0.874047	0.011231	0.014440	0.048937	0.842760	0.557160	0.605696	0.435620	0.551143	0.233454	0.583233
0.144404	0.040915	0.154834	0.657040	0.308464	0.180104	0.036502	0.010429	0.012435	0.016847	0.935018	0.276374	0.052146	0.021661	0.030485	0.051745	0.088247	0.249499	0.143201
0.238267	0.742880	0.250301	0.067790	0.488969	0.342960	0.127156	0.025672	0.075411	0.025672	0.017649	0.592459	0.057762	0.391095	0.273967	0.409547	0.236262	0.316085	0.134376

gastro_circular_muscle_1_pos_pattern_9
0.312560	0.170182	0.478428	0.102589	0.172579	0.054650
0.108821	0.058485	0.076702	0.034995	0.065676	0.025887
0.319751	0.680249	0.174017	0.787632	0.489933	0.882550
0.258869	0.091083	0.270853	0.074784	0.271812	0.036913

gastro_circular_muscle_2_pos_pattern_0
0.196606	0.033630	0.212645	0.112272	0.159354	0.050807	0.119619	0.031767	0.196502	0.040977
0.359272	0.936465	0.664218	0.553291	0.056809	0.709541	0.109272	0.007761	0.172392	0.092819
0.154077	0.014797	0.063742	0.031250	0.728891	0.076676	0.286217	0.945778	0.228373	0.726407
0.290046	0.015108	0.059396	0.303187	0.054946	0.162976	0.484892	0.014694	0.402732	0.139797

gastro_circular_muscle_2_pos_pattern_1
0.206714	0.023239	0.035719	0.948071	0.005595	0.044183	0.061971
0.111892	0.094391	0.014632	0.021661	0.982212	0.938746	0.267250
0.259073	0.007316	0.943337	0.020944	0.005308	0.009898	0.095539
0.422321	0.875054	0.006312	0.009324	0.006886	0.007173	0.575240

gastro_circular_muscle_2_pos_pattern_10
0.368578	0.642964	0.013403	0.011541	0.008935	0.008935	0.030529	0.017126	0.688384	0.056590	0.243112
0.121742	0.069620	0.973939	0.956069	0.003351	0.967238	0.020104	0.008935	0.040581	0.703276	0.531646
0.218541	0.156366	0.008563	0.003723	0.983246	0.011914	0.031273	0.959047	0.147803	0.094564	0.037602
0.291139	0.131050	0.004095	0.028667	0.004468	0.011914	0.918094	0.014892	0.123232	0.145570	0.187640

gastro_circular_muscle_2_pos_pattern_11
0.212963	0.079435	0.132066	0.065302	0.042885	0.005361	0.950292	0.022417	0.011696	0.010721	0.014133	0.020955
0.311891	0.143275	0.009747	0.903509	0.007797	0.987329	0.012183	0.026316	0.008772	0.952729	0.037524	0.630117
0.199805	0.060429	0.850877	0.024366	0.934211	0.002437	0.015107	0.021442	0.972222	0.002437	0.866959	0.022904
0.275341	0.716862	0.007310	0.006823	0.015107	0.004873	0.022417	0.929825	0.007310	0.034113	0.081384	0.326023

gastro_circular_muscle_2_pos_pattern_12
0.213265	0.000572	0.381361	0.862779	0.988565	0.045169	0.258433	0.048599	0.120640	0.988565	0.100629	0.629503	0.029731
0.132647	0.001144	0.034305	0.073185	0.001715	0.397942	0.217267	0.452830	0.005718	0.001715	0.128073	0.315037	0.751858
0.164666	0.997141	0.068611	0.006861	0.004002	0.040595	0.116638	0.053745	0.843339	0.003431	0.204117	0.025157	0.047456
0.489423	0.001144	0.515723	0.057176	0.005718	0.516295	0.407662	0.444826	0.030303	0.006289	0.567181	0.030303	0.170955

gastro_circular_muscle_2_pos_pattern_13
0.142775	0.108671	0.044509	0.042775	0.088439	0.127746	0.048555	0.217919	0.105202
0.160116	0.738150	0.021387	0.882659	0.039306	0.479769	0.039306	0.536994	0.097688
0.512717	0.042775	0.901156	0.031214	0.821387	0.157225	0.843931	0.104624	0.586705
0.184393	0.110405	0.032948	0.043353	0.050867	0.235260	0.068208	0.140462	0.210405

gastro_circular_muscle_2_pos_pattern_14
0.241079	0.308094	0.094865	0.005222	0.003481	0.778068	0.087903	0.320279	0.853786	0.033072	0.037424	0.000000	0.525674	0.150566	0.114883	0.108790	0.020017	0.163621
0.171453	0.064404	0.854656	0.983464	0.986075	0.020017	0.076588	0.312446	0.023499	0.042646	0.062663	0.998259	0.214970	0.127937	0.187990	0.033943	0.808529	0.047868
0.120104	0.096606	0.026980	0.006092	0.005222	0.188860	0.397737	0.314186	0.091384	0.109661	0.871192	0.000000	0.020888	0.081810	0.034813	0.697128	0.087903	0.713664
0.467363	0.530896	0.023499	0.005222	0.005222	0.013055	0.437772	0.053090	0.031332	0.814621	0.028721	0.001741	0.238468	0.639687	0.662315	0.160139	0.083551	0.074848

gastro_circular_muscle_2_pos_pattern_15
0.179119	0.162835	0.227011	0.103448	0.035441	0.339080	0.117816	0.106322	0.068008	0.078544	0.110153	0.100575	0.092912
0.413793	0.566092	0.607280	0.803640	0.919540	0.479885	0.696360	0.600575	0.875479	0.772989	0.750958	0.636015	0.644636
0.103448	0.099617	0.061303	0.020115	0.017241	0.037356	0.070881	0.045019	0.021073	0.033525	0.026820	0.045977	0.052682
0.303640	0.171456	0.104406	0.072797	0.027778	0.143678	0.114943	0.248084	0.035441	0.114943	0.112069	0.217433	0.209770

gastro_circular_muscle_2_pos_pattern_16
0.307339	0.100917	0.027523	0.013761	0.724771	0.192661	0.004587	0.009174	0.944954	0.000000	0.830275
0.160550	0.036697	0.119266	0.000000	0.087156	0.009174	0.055046	0.000000	0.004587	1.000000	0.013761
0.215596	0.128440	0.013761	0.981651	0.059633	0.220183	0.000000	0.990826	0.022936	0.000000	0.110092
0.316514	0.733945	0.839450	0.004587	0.128440	0.577982	0.940367	0.000000	0.027523	0.000000	0.045872

gastro_circular_muscle_2_pos_pattern_17
0.166667	0.166667	0.213333	0.246667	0.200000	0.213333	0.240000	0.053333	0.146667	0.620000	0.046667	0.606667	0.053333	0.046667	0.160000	0.120000
0.413333	0.093333	0.353333	0.086667	0.180000	0.333333	0.466667	0.940000	0.653333	0.100000	0.080000	0.086667	0.873333	0.926667	0.653333	0.673333
0.093333	0.060000	0.233333	0.446667	0.266667	0.233333	0.046667	0.000000	0.053333	0.053333	0.820000	0.093333	0.040000	0.013333	0.013333	0.033333
0.326667	0.680000	0.200000	0.220000	0.353333	0.220000	0.246667	0.006667	0.146667	0.226667	0.053333	0.213333	0.033333	0.013333	0.173333	0.173333

gastro_circular_muscle_2_pos_pattern_18
0.315068	0.643836	0.061644	0.020548	0.780822	0.705479	0.938356	0.123288	0.924658	0.027397	0.000000	0.000000	0.260274	0.102740
0.123288	0.041096	0.828767	0.938356	0.061644	0.027397	0.041096	0.047945	0.006849	0.000000	0.000000	0.000000	0.534247	0.095890
0.164384	0.068493	0.013699	0.013699	0.102740	0.013699	0.000000	0.000000	0.006849	0.006849	0.979452	0.993151	0.027397	0.746575
0.397260	0.246575	0.095890	0.027397	0.054795	0.253425	0.020548	0.828767	0.061644	0.965753	0.020548	0.006849	0.178082	0.054795

gastro_circular_muscle_2_pos_pattern_19
0.282759	0.827586	0.986207	0.972414	0.027586	0.000000	0.034483	0.137931
0.110345	0.000000	0.000000	0.000000	0.006897	0.006897	0.006897	0.006897
0.089655	0.048276	0.006897	0.000000	0.000000	0.000000	0.006897	0.041379
0.517241	0.124138	0.006897	0.027586	0.965517	0.993103	0.951724	0.813793

gastro_circular_muscle_2_pos_pattern_2
0.310022	0.577467	0.249616	0.047648	0.964033	0.012143	0.957885	0.004304	0.012296	0.319244	0.630188	0.378113	0.114202	0.009376	0.038119	0.586997
0.309714	0.077160	0.639410	0.928681	0.011989	0.975407	0.007378	0.002767	0.018137	0.146941	0.071011	0.063787	0.824316	0.963726	0.908700	0.026130
0.119736	0.158162	0.074393	0.013219	0.014141	0.003843	0.016907	0.986167	0.955887	0.318783	0.075008	0.305410	0.008146	0.009837	0.014294	0.351522
0.260529	0.187212	0.036582	0.010452	0.009837	0.008607	0.017830	0.006763	0.013680	0.215032	0.223793	0.252690	0.053335	0.017061	0.038887	0.035352

gastro_circular_muscle_2_pos_pattern_20
0.514085	0.204225	0.183099	0.218310	0.436620	0.260563	0.049296	0.007042	0.112676	0.816901	0.084507	0.169014	0.225352	0.042254	0.063380	0.126761	0.584507	0.429577	0.084507	0.183099	0.161972	0.126761	0.154930	0.204225
0.232394	0.084507	0.147887	0.063380	0.091549	0.119718	0.809859	0.943662	0.401408	0.042254	0.119718	0.098592	0.690141	0.852113	0.830986	0.232394	0.133803	0.154930	0.654930	0.133803	0.063380	0.154930	0.119718	0.084507
0.084507	0.063380	0.429577	0.521127	0.246479	0.478873	0.021127	0.014085	0.077465	0.063380	0.718310	0.190141	0.028169	0.028169	0.014085	0.070423	0.070423	0.190141	0.063380	0.598592	0.154930	0.119718	0.098592	0.105634
0.169014	0.647887	0.239437	0.197183	0.225352	0.140845	0.119718	0.035211	0.408451	0.077465	0.077465	0.542254	0.056338	0.077465	0.091549	0.570423	0.211268	0.225352	0.197183	0.084507	0.619718	0.598592	0.626761	0.605634

gastro_circular_muscle_2_pos_pattern_21
0.105769	0.125000	0.307692	0.201923	0.230769	0.048077	0.153846	0.182692	0.153846	0.086538	0.230769	0.038462	0.000000	0.865385	0.442308	0.134615	0.096154	0.134615	0.057692	0.182692	0.259615	0.221154	0.163462	0.086538	0.067308
0.240385	0.548077	0.173077	0.509615	0.317308	0.163462	0.067308	0.086538	0.153846	0.182692	0.548077	0.903846	0.951923	0.019231	0.076923	0.096154	0.798077	0.682692	0.875000	0.711538	0.192308	0.423077	0.221154	0.557692	0.115385
0.432692	0.144231	0.423077	0.067308	0.250000	0.153846	0.298077	0.615385	0.394231	0.375000	0.076923	0.009615	0.019231	0.057692	0.355769	0.567308	0.019231	0.009615	0.019231	0.009615	0.201923	0.115385	0.173077	0.163462	0.701923
0.221154	0.182692	0.096154	0.221154	0.201923	0.634615	0.480769	0.115385	0.298077	0.355769	0.144231	0.048077	0.028846	0.057692	0.125000	0.201923	0.086538	0.173077	0.048077	0.096154	0.346154	0.240385	0.442308	0.192308	0.115385

gastro_circular_muscle_2_pos_pattern_22
0.500000	0.054348	0.119565	0.500000	0.032609	0.119565	0.097826	0.000000	0.304348	0.923913	0.000000	0.032609	0.000000	0.043478	0.010870	0.054348	0.021739	0.141304	0.021739	0.054348	0.086957	0.043478
0.043478	0.076087	0.000000	0.043478	0.086957	0.293478	0.880435	0.913043	0.108696	0.021739	0.032609	0.250000	0.956522	0.902174	0.456522	0.043478	0.923913	0.054348	0.891304	0.010870	0.010870	0.391304
0.054348	0.032609	0.326087	0.423913	0.804348	0.043478	0.000000	0.021739	0.032609	0.010870	0.956522	0.565217	0.010870	0.010870	0.021739	0.065217	0.021739	0.467391	0.043478	0.880435	0.847826	0.021739
0.402174	0.836957	0.554348	0.032609	0.076087	0.543478	0.021739	0.065217	0.554348	0.043478	0.010870	0.152174	0.032609	0.043478	0.510870	0.836957	0.032609	0.336957	0.043478	0.054348	0.054348	0.543478

gastro_circular_muscle_2_pos_pattern_23
0.300000	0.155556	0.000000	0.000000	0.022222	0.044444	0.088889	0.033333	0.077778	0.011111	0.033333	0.055556	0.155556	0.144444	0.200000	0.166667	0.222222
0.077778	0.066667	0.011111	0.011111	0.011111	0.000000	0.022222	0.044444	0.044444	0.066667	0.033333	0.033333	0.022222	0.122222	0.033333	0.211111	0.155556
0.166667	0.177778	0.044444	0.011111	0.000000	0.000000	0.022222	0.000000	0.022222	0.022222	0.055556	0.044444	0.022222	0.088889	0.122222	0.111111	0.077778
0.455556	0.600000	0.944444	0.977778	0.966667	0.955556	0.866667	0.922222	0.855556	0.900000	0.877778	0.866667	0.800000	0.644444	0.644444	0.511111	0.544444

gastro_circular_muscle_2_pos_pattern_24
0.287356	0.781609	0.540230	0.011494	0.000000	0.000000	0.011494	0.000000	0.000000	0.137931	0.149425
0.206897	0.057471	0.011494	0.000000	0.000000	0.000000	0.000000	0.000000	0.022989	0.080460	0.126437
0.344828	0.091954	0.068966	0.011494	0.000000	0.000000	0.000000	0.011494	0.011494	0.034483	0.091954
0.149425	0.057471	0.379310	0.977011	1.000000	1.000000	0.988506	0.988506	0.965517	0.747126	0.632184

gastro_circular_muscle_2_pos_pattern_25
0.188235	0.129412	0.305882	0.094118	0.070588	0.529412	0.882353	0.023529	0.047059	0.000000	0.000000	0.000000	0.000000	0.011765	0.047059	0.176471	0.458824	0.564706
0.082353	0.058824	0.082353	0.317647	0.541176	0.270588	0.000000	0.811765	0.023529	0.000000	1.000000	1.000000	0.011765	0.070588	0.094118	0.058824	0.094118	0.070588
0.094118	0.529412	0.141176	0.235294	0.094118	0.082353	0.105882	0.000000	0.023529	0.023529	0.000000	0.000000	0.964706	0.823529	0.047059	0.129412	0.152941	0.117647
0.635294	0.282353	0.470588	0.352941	0.294118	0.117647	0.011765	0.164706	0.905882	0.976471	0.000000	0.000000	0.023529	0.094118	0.811765	0.635294	0.294118	0.247059

gastro_circular_muscle_2_pos_pattern_26
0.166667	0.152778	0.111111	0.125000	0.125000	0.055556	0.013889	0.111111	0.055556	0.083333	0.277778	0.013889	0.083333	0.013889	0.180556	0.041667	0.277778	0.069444	0.138889	0.625000	0.083333	0.097222	0.111111	0.055556	0.180556	0.166667	0.194444
0.152778	0.430556	0.111111	0.541667	0.625000	0.861111	0.055556	0.833333	0.027778	0.833333	0.013889	0.736111	0.027778	0.930556	0.013889	0.847222	0.486111	0.666667	0.680556	0.069444	0.111111	0.083333	0.625000	0.166667	0.541667	0.138889	0.180556
0.055556	0.125000	0.069444	0.097222	0.111111	0.027778	0.916667	0.000000	0.861111	0.041667	0.625000	0.055556	0.166667	0.013889	0.611111	0.013889	0.097222	0.152778	0.041667	0.236111	0.652778	0.708333	0.027778	0.138889	0.125000	0.097222	0.097222
0.625000	0.291667	0.708333	0.236111	0.138889	0.055556	0.013889	0.055556	0.055556	0.041667	0.083333	0.194444	0.722222	0.041667	0.194444	0.097222	0.138889	0.111111	0.138889	0.069444	0.152778	0.111111	0.236111	0.638889	0.152778	0.597222	0.527778

gastro_circular_muscle_2_pos_pattern_27
0.016393	0.098361
0.131148	0.639344
0.065574	0.000000
0.786885	0.262295

gastro_circular_muscle_2_pos_pattern_28
0.237288	0.101695	0.644068	0.152542	0.000000	0.050847	0.000000	0.067797	0.000000	0.067797	0.050847	0.186441	0.016949	0.389831	0.288136	0.067797	0.050847	0.254237	0.118644	0.152542
0.084746	0.610169	0.084746	0.305085	1.000000	0.152542	0.847458	0.016949	0.949153	0.016949	0.016949	0.423729	0.152542	0.203390	0.559322	0.101695	0.016949	0.067797	0.016949	0.254237
0.474576	0.203390	0.203390	0.118644	0.000000	0.661017	0.050847	0.898305	0.016949	0.694915	0.915254	0.338983	0.830508	0.016949	0.033898	0.203390	0.864407	0.644068	0.796610	0.118644
0.203390	0.084746	0.067797	0.423729	0.000000	0.135593	0.101695	0.016949	0.033898	0.220339	0.016949	0.050847	0.000000	0.389831	0.118644	0.627119	0.067797	0.033898	0.067797	0.474576

gastro_circular_muscle_2_pos_pattern_29
0.377778	0.688889	0.888889	0.888889	0.044444	0.000000	0.022222	0.022222
0.222222	0.111111	0.066667	0.022222	0.000000	0.000000	0.044444	0.088889
0.355556	0.177778	0.044444	0.022222	0.044444	0.000000	0.000000	0.066667
0.044444	0.022222	0.000000	0.066667	0.911111	1.000000	0.933333	0.822222

gastro_circular_muscle_2_pos_pattern_3
0.344161	0.161752	0.124771	0.082959	0.055639	0.019324	0.022989	0.046977	0.938031	0.001999
0.263701	0.119607	0.174579	0.037814	0.771614	0.002999	0.028652	0.063635	0.019324	0.976512
0.230551	0.132934	0.103781	0.826753	0.045477	0.967183	0.014493	0.833750	0.016159	0.005164
0.161586	0.585707	0.596868	0.052474	0.127270	0.010495	0.933866	0.055639	0.026487	0.016325

gastro_circular_muscle_2_pos_pattern_30
0.604651	0.302326	0.395349	0.232558	0.209302	0.209302	0.093023	0.651163	0.627907	0.116279	0.023256	0.000000	0.139535	0.604651	0.651163	0.488372	0.139535	0.348837	0.186047	0.348837
0.162791	0.232558	0.186047	0.255814	0.232558	0.116279	0.302326	0.023256	0.093023	0.000000	0.000000	0.023256	0.023256	0.000000	0.046512	0.186047	0.255814	0.046512	0.116279	0.069767
0.116279	0.162791	0.186047	0.255814	0.093023	0.186047	0.186047	0.116279	0.139535	0.000000	0.000000	0.023256	0.000000	0.093023	0.023256	0.209302	0.186047	0.116279	0.232558	0.000000
0.116279	0.302326	0.232558	0.255814	0.465116	0.488372	0.418605	0.209302	0.139535	0.883721	0.976744	0.953488	0.837209	0.302326	0.279070	0.116279	0.418605	0.488372	0.465116	0.581395

gastro_circular_muscle_2_pos_pattern_31
0.243243	0.189189	0.135135	0.135135	0.081081	0.027027	0.000000	0.243243	0.945946	1.000000	0.000000	0.324324	0.000000	0.189189	1.000000	0.027027	0.378378	0.054054	0.513514	0.216216	0.216216	0.486486	0.162162	0.135135	0.108108	0.054054	0.081081
0.459459	0.108108	0.054054	0.108108	0.135135	0.378378	0.000000	0.027027	0.000000	0.000000	0.243243	0.405405	0.621622	0.000000	0.000000	0.054054	0.594595	0.297297	0.216216	0.486486	0.162162	0.108108	0.459459	0.405405	0.540541	0.675676	0.135135
0.108108	0.675676	0.108108	0.135135	0.756757	0.081081	1.000000	0.108108	0.000000	0.000000	0.027027	0.108108	0.027027	0.783784	0.000000	0.621622	0.000000	0.081081	0.162162	0.108108	0.189189	0.324324	0.108108	0.135135	0.054054	0.054054	0.729730
0.189189	0.027027	0.702703	0.621622	0.027027	0.513514	0.000000	0.621622	0.054054	0.000000	0.729730	0.162162	0.351351	0.027027	0.000000	0.297297	0.027027	0.567568	0.108108	0.189189	0.432432	0.081081	0.270270	0.324324	0.297297	0.216216	0.054054

gastro_circular_muscle_2_pos_pattern_32
0.275862	0.793103	0.793103	0.068966	0.000000	0.000000	0.034483	0.068966	0.310345	0.310345	0.068966	0.172414	0.551724	0.517241	0.413793	0.034483	0.068966	0.172414	0.068966
0.172414	0.068966	0.000000	0.000000	0.034483	0.034483	0.068966	0.172414	0.137931	0.448276	0.344828	0.275862	0.068966	0.000000	0.000000	0.103448	0.137931	0.103448	0.137931
0.344828	0.034483	0.034483	0.000000	0.000000	0.000000	0.103448	0.068966	0.241379	0.172414	0.275862	0.103448	0.000000	0.000000	0.000000	0.000000	0.000000	0.137931	0.241379
0.206897	0.103448	0.172414	0.931034	0.965517	0.965517	0.793103	0.689655	0.310345	0.068966	0.310345	0.448276	0.379310	0.482759	0.586207	0.862069	0.793103	0.586207	0.551724

gastro_circular_muscle_2_pos_pattern_33
0.333333	0.000000	0.037037	0.000000	0.000000	0.074074	0.185185	0.333333	0.444444	0.592593	0.555556	0.185185	0.222222	0.888889	0.000000	0.037037	0.000000	0.000000	0.000000	0.000000	0.000000	0.000000	0.333333	0.333333	0.259259	0.148148	0.185185
0.222222	0.925926	0.407407	0.407407	0.037037	0.111111	0.111111	0.111111	0.148148	0.111111	0.148148	0.481481	0.222222	0.037037	0.703704	0.000000	0.000000	1.000000	1.000000	0.000000	0.185185	0.074074	0.185185	0.185185	0.370370	0.185185	0.222222
0.037037	0.074074	0.407407	0.555556	0.666667	0.148148	0.222222	0.222222	0.111111	0.037037	0.148148	0.074074	0.148148	0.037037	0.000000	0.000000	0.000000	0.000000	0.000000	1.000000	0.814815	0.111111	0.148148	0.222222	0.111111	0.296296	0.037037
0.407407	0.000000	0.148148	0.037037	0.296296	0.666667	0.481481	0.333333	0.296296	0.259259	0.148148	0.259259	0.407407	0.037037	0.296296	0.962963	1.000000	0.000000	0.000000	0.000000	0.000000	0.814815	0.333333	0.259259	0.259259	0.370370	0.555556

gastro_circular_muscle_2_pos_pattern_34
0.076923	0.076923	0.961538	0.000000	0.038462	0.076923	0.038462	0.961538	0.000000	0.038462	0.038462	0.192308	0.000000	0.000000	0.038462	0.076923	0.000000	0.000000	0.038462	0.076923	0.846154	0.038462	0.038462	0.076923	0.000000	0.884615	0.115385
0.038462	0.038462	0.000000	0.884615	0.038462	0.000000	0.000000	0.038462	0.961538	0.961538	0.923077	0.038462	0.000000	0.000000	0.961538	0.923077	0.076923	0.038462	0.076923	0.807692	0.038462	0.038462	0.000000	0.000000	0.884615	0.076923	0.846154
0.000000	0.807692	0.000000	0.000000	0.000000	0.923077	0.923077	0.000000	0.000000	0.000000	0.000000	0.769231	1.000000	0.923077	0.000000	0.000000	0.000000	0.000000	0.000000	0.076923	0.038462	0.807692	0.115385	0.000000	0.038462	0.000000	0.000000
0.884615	0.076923	0.038462	0.115385	0.923077	0.000000	0.038462	0.000000	0.038462	0.000000	0.038462	0.000000	0.000000	0.076923	0.000000	0.000000	0.923077	0.961538	0.884615	0.038462	0.076923	0.115385	0.846154	0.923077	0.076923	0.038462	0.038462

gastro_circular_muscle_2_pos_pattern_35
0.500000	0.750000	0.291667	0.458333	0.125000	0.125000	0.083333	1.000000	1.000000	0.666667	1.000000	0.000000	0.000000	0.041667	0.000000	0.000000	0.083333	0.208333	0.041667	0.125000	0.041667	0.083333	0.416667	0.083333
0.208333	0.125000	0.083333	0.166667	0.083333	0.333333	0.875000	0.000000	0.000000	0.166667	0.000000	0.041667	0.000000	0.000000	0.958333	0.916667	0.041667	0.750000	0.208333	0.583333	0.083333	0.041667	0.125000	0.083333
0.250000	0.000000	0.250000	0.083333	0.041667	0.083333	0.041667	0.000000	0.000000	0.125000	0.000000	0.000000	1.000000	0.958333	0.041667	0.000000	0.833333	0.041667	0.500000	0.166667	0.791667	0.750000	0.291667	0.708333
0.041667	0.125000	0.375000	0.291667	0.750000	0.458333	0.000000	0.000000	0.000000	0.041667	0.000000	0.958333	0.000000	0.000000	0.000000	0.083333	0.041667	0.000000	0.250000	0.125000	0.083333	0.125000	0.166667	0.125000

gastro_circular_muscle_2_pos_pattern_4
0.509834	0.125998	0.011685	0.944109	0.004674	0.028043	0.005063	0.011100	0.887244	0.023564
0.120935	0.162025	0.898734	0.014995	0.936904	0.002142	0.007205	0.018695	0.032327	0.771568
0.281792	0.110808	0.042064	0.022395	0.005453	0.964946	0.004869	0.965531	0.036611	0.033690
0.087439	0.601168	0.047517	0.018500	0.052970	0.004869	0.982863	0.004674	0.043817	0.171178

gastro_circular_muscle_2_pos_pattern_5
0.100763	0.681766	0.462907	0.000693	0.000462	0.985440	0.989138	0.006702	0.047377	0.931592	0.216547	0.740467
0.344581	0.030737	0.023111	0.989138	0.996996	0.002311	0.001618	0.007858	0.883753	0.004853	0.182343	0.123411
0.165473	0.254449	0.459672	0.003467	0.001156	0.006471	0.005084	0.001387	0.045759	0.057546	0.528311	0.112318
0.389184	0.033048	0.054310	0.006702	0.001387	0.005778	0.004160	0.984054	0.023111	0.006009	0.072799	0.023804

gastro_circular_muscle_2_pos_pattern_6
0.410024	0.519809	0.268258	0.213126	0.155847	0.964916	0.964916	0.303341	0.982100	0.007637	0.002148	0.002148	0.025298	0.017422	0.098091
0.153699	0.066826	0.087112	0.445823	0.779714	0.009785	0.013365	0.143437	0.003341	0.004057	0.002387	0.003341	0.947494	0.058711	0.055847
0.145823	0.107399	0.106444	0.056086	0.036754	0.014320	0.005489	0.406444	0.006921	0.007399	0.991885	0.989021	0.005012	0.887112	0.777566
0.290453	0.305967	0.538186	0.284964	0.027685	0.010979	0.016229	0.146778	0.007637	0.980907	0.003580	0.005489	0.022196	0.036754	0.068496

gastro_circular_muscle_2_pos_pattern_7
0.182846	0.279647	0.008274	0.008549	0.987314	0.002206	0.030336	0.015168	0.111418	0.881688
0.298125	0.028130	0.009377	0.033094	0.003309	0.988969	0.003585	0.021511	0.793988	0.022890
0.171815	0.643960	0.006343	0.929675	0.003309	0.000827	0.963320	0.009653	0.077220	0.046608
0.347215	0.048263	0.976007	0.028682	0.006067	0.007998	0.002758	0.953668	0.017375	0.048814

gastro_circular_muscle_2_pos_pattern_8
0.194128	0.068415	0.243158	0.191847	0.120296	0.254276	0.183580	0.016534	0.016249	0.899088	0.048176	0.100057	0.041904	0.057868	0.091505	0.094641	0.141676	0.207811	0.128278
0.381414	0.280787	0.286203	0.200969	0.054447	0.265964	0.658780	0.957811	0.930445	0.036773	0.032782	0.059293	0.878563	0.493444	0.595781	0.486887	0.519669	0.238312	0.550456
0.179019	0.040764	0.103763	0.523660	0.431585	0.163911	0.041334	0.006271	0.020810	0.023375	0.880559	0.314709	0.031927	0.041904	0.035918	0.056727	0.074401	0.247149	0.163341
0.245439	0.610034	0.366876	0.083523	0.393672	0.315849	0.116306	0.019384	0.032497	0.040764	0.038483	0.525941	0.047605	0.406784	0.276796	0.361745	0.264253	0.306727	0.157925

gastro_circular_muscle_2_pos_pattern_9
0.186922	0.749401	0.049641	0.141390	0.075317	0.004451	0.002054	0.004108	0.039712	0.105786
0.378980	0.026361	0.677165	0.022937	0.027046	0.983225	0.995207	0.003423	0.080794	0.104416
0.168778	0.168435	0.023622	0.024307	0.009928	0.004793	0.001712	0.974666	0.822663	0.070524
0.265320	0.055803	0.249572	0.811366	0.887710	0.007532	0.001027	0.017802	0.056830	0.719274

gastro_parietal_muscle_pos_pattern_0
0.197837	0.026978	0.028542	0.015379	0.038186	0.246709	0.208523	0.238499	0.015248	0.003389	0.012772	0.008471	0.006907	0.012772	0.026717	0.189105
0.131761	0.340154	0.007038	0.006777	0.007820	0.315131	0.067118	0.285156	0.948130	0.991789	0.008862	0.005734	0.010426	0.011208	0.099961	0.163821
0.217125	0.018506	0.941874	0.967418	0.817542	0.066076	0.058778	0.141796	0.020852	0.001825	0.005734	0.962726	0.006907	0.942265	0.598201	0.087449
0.453278	0.614362	0.022547	0.010426	0.136452	0.372084	0.665581	0.334550	0.015770	0.002998	0.972631	0.023068	0.975759	0.033755	0.275121	0.559625

gastro_parietal_muscle_pos_pattern_1
0.139943	0.028494	0.039791	0.056651	0.966616	0.020907	0.119204	0.070309	0.562300	0.551846
0.199123	0.003035	0.012645	0.853482	0.005395	0.926488	0.053785	0.763952	0.108245	0.153431
0.142303	0.965604	0.013826	0.048727	0.017366	0.013488	0.756702	0.038273	0.184960	0.102006
0.518631	0.002866	0.933738	0.041140	0.010622	0.039117	0.070309	0.127466	0.144495	0.192716

gastro_parietal_muscle_pos_pattern_10
0.157670	0.705243	0.037670	0.108738	0.055922	0.004660	0.005049	0.007767	0.029903	0.135534
0.413981	0.033398	0.720388	0.026796	0.019806	0.970874	0.989126	0.006990	0.065243	0.130874
0.122330	0.185243	0.044272	0.013204	0.012816	0.009320	0.003107	0.926214	0.867184	0.073010
0.306019	0.076117	0.197670	0.851262	0.911456	0.015146	0.002718	0.059029	0.037670	0.660583

gastro_parietal_muscle_pos_pattern_11
0.191781	0.054795	0.012785	0.027397	0.001826	0.952055	0.597717
0.464384	0.047945	0.003196	0.008219	0.992237	0.000913	0.198174
0.142922	0.020548	0.983562	0.006393	0.000913	0.029224	0.100913
0.200913	0.876712	0.000457	0.957991	0.005023	0.017808	0.103196

gastro_parietal_muscle_pos_pattern_12
0.388499	0.618046	0.009350	0.028518	0.005610	0.012623	0.019168	0.012155	0.698457	0.092099	0.212249
0.143058	0.057504	0.969144	0.904161	0.009350	0.962599	0.016363	0.001403	0.034128	0.712015	0.596073
0.204301	0.151940	0.010285	0.010285	0.977092	0.010285	0.013558	0.971950	0.162693	0.043946	0.031791
0.264142	0.172511	0.011220	0.057036	0.007948	0.014493	0.950912	0.014493	0.104722	0.151940	0.159888

gastro_parietal_muscle_pos_pattern_13
0.216749	0.116749	0.027586	0.023153	0.079803	0.122660	0.096059	0.109360	0.151232	0.304433	0.140887
0.261084	0.174384	0.906404	0.012808	0.814778	0.072906	0.710345	0.076355	0.595567	0.183251	0.584236
0.178325	0.561084	0.017241	0.947291	0.066995	0.718719	0.082266	0.692611	0.143842	0.270443	0.110837
0.343842	0.147783	0.048768	0.016749	0.038424	0.085714	0.111330	0.121675	0.109360	0.241872	0.164039

gastro_parietal_muscle_pos_pattern_14
0.184066	0.375687	0.083104	0.024038	0.015797	0.820055	0.076236	0.392170	0.799451	0.068681	0.100962	0.005495	0.464286	0.156593	0.105082	0.081044	0.026786	0.151786
0.160714	0.057005	0.861264	0.940247	0.959478	0.021978	0.099588	0.264423	0.035027	0.071429	0.142170	0.977335	0.240385	0.200549	0.180632	0.030220	0.810440	0.032967
0.138049	0.089286	0.018544	0.011676	0.006181	0.141484	0.412088	0.287775	0.131181	0.135989	0.653159	0.008242	0.030220	0.071429	0.030907	0.763736	0.078297	0.741758
0.517170	0.478022	0.037088	0.024038	0.018544	0.016484	0.412088	0.055632	0.034341	0.723901	0.103709	0.008929	0.265110	0.571429	0.683379	0.125000	0.084478	0.073489

gastro_parietal_muscle_pos_pattern_15
0.153475	0.013514	0.385135	0.872587	0.987452	0.047297	0.194015	0.038610	0.078185	0.993243	0.077220	0.615830	0.065637
0.200772	0.000965	0.030888	0.049228	0.005792	0.381274	0.305985	0.365830	0.003861	0.001931	0.159266	0.330116	0.632239
0.146718	0.984556	0.087838	0.011583	0.001931	0.019305	0.090734	0.052124	0.898649	0.002896	0.166988	0.033784	0.051158
0.499035	0.000965	0.496139	0.066602	0.004826	0.552124	0.409266	0.543436	0.019305	0.001931	0.596525	0.020270	0.250965

gastro_parietal_muscle_pos_pattern_16
0.237251	0.075388	0.567627	0.308204	0.021064	0.672949	0.191796	0.059867
0.207317	0.777162	0.159645	0.518847	0.930155	0.075388	0.698448	0.823725
0.098670	0.080931	0.089800	0.050998	0.018847	0.042129	0.046563	0.022173
0.456763	0.066519	0.182927	0.121951	0.029933	0.209534	0.063193	0.094235

gastro_parietal_muscle_pos_pattern_17
0.184502	0.592866	0.140221	0.049200	0.033210	0.024600	0.127921	0.059041	0.041820	0.065191	0.107011	0.039360	0.706027
0.198032	0.169742	0.346863	0.742927	0.006150	0.942189	0.028290	0.024600	0.033210	0.829028	0.040590	0.889299	0.047970
0.345633	0.070111	0.131611	0.025830	0.928659	0.008610	0.806888	0.841328	0.878229	0.061501	0.099631	0.024600	0.167282
0.271833	0.167282	0.381304	0.182042	0.031980	0.024600	0.036900	0.075031	0.046740	0.044280	0.752768	0.046740	0.078721

gastro_parietal_muscle_pos_pattern_18
0.308036	0.095982	0.339286	0.020089	0.316964	0.022321	0.236607	0.149554
0.377232	0.750000	0.421875	0.930804	0.078125	0.895089	0.265625	0.517857
0.136161	0.060268	0.062500	0.013393	0.037946	0.051339	0.073661	0.066964
0.178571	0.093750	0.176339	0.035714	0.566964	0.031250	0.424107	0.265625

gastro_parietal_muscle_pos_pattern_19
0.107477	0.175234	0.677570	0.084112	0.154206	0.100467	0.018692	0.093458	0.936916	0.011682	0.065421	0.182243	0.014019	0.053738	0.135514	0.158879	0.149533	0.049065	0.086449	0.121495
0.502336	0.079439	0.119159	0.084112	0.137850	0.525701	0.960280	0.682243	0.011682	0.014019	0.032710	0.735981	0.771028	0.689252	0.250000	0.714953	0.079439	0.871495	0.067757	0.095794
0.074766	0.105140	0.142523	0.644860	0.144860	0.098131	0.009346	0.035047	0.018692	0.957944	0.348131	0.025701	0.014019	0.011682	0.210280	0.023364	0.511682	0.028037	0.780374	0.605140
0.315421	0.640187	0.060748	0.186916	0.563084	0.275701	0.011682	0.189252	0.032710	0.016355	0.553738	0.056075	0.200935	0.245327	0.404206	0.102804	0.259346	0.051402	0.065421	0.177570

gastro_parietal_muscle_pos_pattern_2
0.181703	0.010326	0.021739	0.973007	0.019203	0.009783	0.060145
0.088768	0.055616	0.006159	0.011957	0.968297	0.983514	0.288768
0.234601	0.003804	0.963949	0.010326	0.004348	0.003080	0.051268
0.494928	0.930254	0.008152	0.004710	0.008152	0.003623	0.599819

gastro_parietal_muscle_pos_pattern_20
0.117302	0.067449	0.228739	0.284457	0.120235	0.199413	0.123167	0.029326	0.017595	0.932551	0.211144	0.111437	0.067449	0.049853	0.020528	0.026393	0.340176	0.146628	0.114370	0.046921	0.061584	0.140762
0.392962	0.290323	0.252199	0.096774	0.272727	0.108504	0.750733	0.920821	0.961877	0.014663	0.014663	0.011730	0.721408	0.812317	0.826979	0.882698	0.102639	0.656891	0.149560	0.788856	0.070381	0.134897
0.328446	0.043988	0.208211	0.510264	0.322581	0.299120	0.026393	0.011730	0.008798	0.035191	0.712610	0.692082	0.099707	0.035191	0.026393	0.011730	0.205279	0.070381	0.237537	0.079179	0.762463	0.592375
0.161290	0.598240	0.310850	0.108504	0.284457	0.392962	0.099707	0.038123	0.011730	0.017595	0.061584	0.184751	0.111437	0.102639	0.126100	0.079179	0.351906	0.126100	0.498534	0.085044	0.105572	0.131965

gastro_parietal_muscle_pos_pattern_21
0.227848	0.092827	0.345992	0.696203	0.257384	0.025316	0.805907	0.772152	0.004219	0.042194	0.012658	0.092827	0.071730	0.198312	0.139241	0.080169	0.227848	0.481013	0.413502	0.371308
0.122363	0.649789	0.185654	0.067511	0.042194	0.050633	0.033755	0.046414	0.983122	0.000000	0.962025	0.801688	0.075949	0.021097	0.168776	0.261603	0.329114	0.147679	0.063291	0.080169
0.481013	0.046414	0.244726	0.097046	0.616034	0.839662	0.084388	0.130802	0.004219	0.957806	0.008439	0.042194	0.012658	0.675105	0.573840	0.118143	0.240506	0.253165	0.126582	0.033755
0.168776	0.210970	0.223629	0.139241	0.084388	0.084388	0.075949	0.050633	0.008439	0.000000	0.016878	0.063291	0.839662	0.105485	0.118143	0.540084	0.202532	0.118143	0.396624	0.514768

gastro_parietal_muscle_pos_pattern_22
0.089623	0.023585	0.023585	0.061321	0.551887	0.306604	0.476415	0.028302	0.009434	0.075472	0.084906	0.108491	0.136792	0.504717	0.169811
0.523585	0.014151	0.000000	0.023585	0.193396	0.089623	0.084906	0.882075	0.985849	0.363208	0.292453	0.084906	0.070755	0.136792	0.183962
0.264151	0.929245	0.962264	0.853774	0.103774	0.339623	0.047170	0.018868	0.000000	0.033019	0.509434	0.080189	0.646226	0.174528	0.084906
0.122642	0.033019	0.014151	0.061321	0.150943	0.264151	0.391509	0.070755	0.004717	0.528302	0.113208	0.726415	0.146226	0.183962	0.561321

gastro_parietal_muscle_pos_pattern_23
0.408451	0.211268	0.161972	0.316901	0.028169	0.035211	0.725352	0.415493	0.943662	0.042254	0.838028	0.056338	0.014085	0.028169
0.204225	0.112676	0.267606	0.119718	0.908451	0.950704	0.028169	0.000000	0.021127	0.063380	0.021127	0.007042	0.007042	0.000000
0.105634	0.119718	0.190141	0.056338	0.007042	0.014085	0.021127	0.028169	0.021127	0.021127	0.021127	0.014085	0.978873	0.964789
0.281690	0.556338	0.380282	0.507042	0.056338	0.000000	0.225352	0.556338	0.014085	0.873239	0.119718	0.922535	0.000000	0.007042

gastro_parietal_muscle_pos_pattern_24
0.266187	0.215827	0.158273	0.489209	0.187050	0.115108	0.115108	0.079137	0.316547	0.014388	0.035971	0.107914
0.438849	0.532374	0.654676	0.158273	0.640288	0.273381	0.582734	0.359712	0.093525	0.949640	0.942446	0.755396
0.172662	0.107914	0.035971	0.115108	0.129496	0.179856	0.079137	0.410072	0.187050	0.014388	0.007194	0.064748
0.122302	0.143885	0.151079	0.237410	0.043165	0.431655	0.223022	0.151079	0.402878	0.021583	0.014388	0.071942

gastro_parietal_muscle_pos_pattern_25
0.123077	0.130769	0.200000	0.192308	0.115385	0.307692	0.092308	0.023077	0.130769	0.753846	0.115385	0.161538	0.015385	0.038462	0.123077	0.053846	0.069231	0.153846	0.115385
0.307692	0.200000	0.215385	0.253846	0.100000	0.215385	0.776923	0.861538	0.646154	0.053846	0.353846	0.300000	0.884615	0.892308	0.415385	0.884615	0.792308	0.284615	0.692308
0.146154	0.061538	0.130769	0.200000	0.446154	0.092308	0.046154	0.053846	0.023077	0.123077	0.438462	0.123077	0.061538	0.030769	0.023077	0.015385	0.007692	0.330769	0.084615
0.423077	0.607692	0.453846	0.353846	0.338462	0.384615	0.084615	0.061538	0.200000	0.069231	0.092308	0.415385	0.038462	0.038462	0.438462	0.046154	0.130769	0.230769	0.107692

gastro_parietal_muscle_pos_pattern_26
0.192000	0.144000	0.176000	0.208000	0.384000	0.168000	0.144000	0.344000	0.536000	0.064000	0.168000	0.704000	0.232000	0.088000	0.480000	0.072000	0.112000	0.080000	0.272000	0.464000	0.008000	0.160000	0.416000	0.064000	0.088000	0.304000	0.128000	0.144000	0.248000
0.176000	0.168000	0.240000	0.216000	0.200000	0.128000	0.208000	0.136000	0.280000	0.568000	0.632000	0.088000	0.400000	0.672000	0.128000	0.808000	0.664000	0.840000	0.616000	0.008000	0.888000	0.768000	0.424000	0.768000	0.440000	0.104000	0.528000	0.184000	0.392000
0.144000	0.152000	0.128000	0.096000	0.192000	0.480000	0.144000	0.320000	0.040000	0.128000	0.048000	0.104000	0.192000	0.080000	0.136000	0.056000	0.088000	0.024000	0.032000	0.104000	0.072000	0.008000	0.064000	0.088000	0.080000	0.384000	0.192000	0.480000	0.144000
0.488000	0.536000	0.456000	0.480000	0.224000	0.224000	0.504000	0.200000	0.144000	0.240000	0.152000	0.104000	0.176000	0.160000	0.256000	0.064000	0.136000	0.056000	0.080000	0.424000	0.032000	0.064000	0.096000	0.080000	0.392000	0.208000	0.152000	0.192000	0.216000

gastro_parietal_muscle_pos_pattern_27
0.467742	0.225806	0.209677	0.048387	0.000000	0.096774	0.040323	0.096774	0.064516	0.024194	0.612903	0.129032	0.233871	0.088710	0.330645	0.153226	0.411290	0.209677	0.209677
0.153226	0.104839	0.451613	0.161290	0.967742	0.000000	0.887097	0.088710	0.024194	0.048387	0.104839	0.201613	0.217742	0.387097	0.443548	0.403226	0.064516	0.145161	0.064516
0.072581	0.556452	0.177419	0.693548	0.008065	0.887097	0.056452	0.782258	0.233871	0.911290	0.233871	0.193548	0.112903	0.451613	0.088710	0.056452	0.387097	0.217742	0.604839
0.306452	0.112903	0.161290	0.096774	0.024194	0.016129	0.016129	0.032258	0.677419	0.016129	0.048387	0.475806	0.435484	0.072581	0.137097	0.387097	0.137097	0.427419	0.120968

gastro_parietal_muscle_pos_pattern_28
0.283186	0.212389	0.230088	0.247788	0.212389	0.168142	0.115044	0.380531	0.327434	0.300885	0.415929	0.433628	0.053097	0.212389	0.176991	0.088496	0.141593	0.070796	0.513274	0.300885	0.088496	0.318584	0.415929
0.150442	0.079646	0.221239	0.274336	0.159292	0.176991	0.132743	0.123894	0.168142	0.389381	0.185841	0.203540	0.761062	0.690265	0.504425	0.761062	0.132743	0.769912	0.274336	0.442478	0.707965	0.256637	0.141593
0.194690	0.168142	0.141593	0.159292	0.415929	0.274336	0.371681	0.353982	0.327434	0.106195	0.168142	0.115044	0.044248	0.026549	0.115044	0.106195	0.088496	0.053097	0.070796	0.070796	0.070796	0.088496	0.079646
0.371681	0.539823	0.407080	0.318584	0.212389	0.380531	0.380531	0.141593	0.176991	0.203540	0.230088	0.247788	0.141593	0.070796	0.203540	0.044248	0.637168	0.106195	0.141593	0.185841	0.132743	0.336283	0.362832

gastro_parietal_muscle_pos_pattern_29
0.625000
0.062500
0.142857
0.169643

gastro_parietal_muscle_pos_pattern_3
0.135283	0.015400	0.950292	0.023977	0.029240	0.004288	0.005263	0.860819	0.026901
0.217154	0.934503	0.009747	0.929630	0.004094	0.003899	0.010136	0.032749	0.757115
0.123977	0.022027	0.018324	0.006238	0.922417	0.001365	0.977778	0.053996	0.035673
0.523587	0.028070	0.021637	0.040156	0.044250	0.990448	0.006823	0.052437	0.180312

gastro_parietal_muscle_pos_pattern_30
0.039216	0.078431
0.794118	0.205882
0.058824	0.647059
0.107843	0.068627

gastro_parietal_muscle_pos_pattern_31
0.435644	0.069307	0.158416	0.118812	0.504950	0.277228	0.495050	0.029703	1.000000	0.000000	0.039604	0.000000	0.000000	0.712871	0.039604	0.118812	0.000000	0.910891	0.465347	0.049505	0.475248	0.534653
0.079208	0.128713	0.326733	0.089109	0.138614	0.019802	0.069307	0.029703	0.000000	1.000000	0.000000	0.009901	0.920792	0.000000	0.108911	0.000000	0.029703	0.039604	0.069307	0.247525	0.257426	0.079208
0.376238	0.702970	0.405941	0.118812	0.128713	0.574257	0.366337	0.009901	0.000000	0.000000	0.000000	0.000000	0.079208	0.277228	0.000000	0.871287	0.009901	0.039604	0.198020	0.663366	0.188119	0.049505
0.108911	0.099010	0.108911	0.673267	0.227723	0.128713	0.069307	0.930693	0.000000	0.000000	0.960396	0.990099	0.000000	0.009901	0.851485	0.009901	0.960396	0.009901	0.267327	0.039604	0.079208	0.336634

gastro_parietal_muscle_pos_pattern_32
0.095238	0.119048	0.178571	0.345238	0.107143	0.130952	0.154762	0.083333	0.023810	0.440476	0.309524	0.095238	0.095238	0.011905	0.095238	0.000000	0.440476	0.011905	0.250000	0.035714	0.238095	0.190476	0.321429	0.047619	0.416667	0.142857
0.369048	0.583333	0.309524	0.297619	0.500000	0.285714	0.583333	0.678571	0.797619	0.476190	0.214286	0.261905	0.726190	0.976190	0.833333	0.988095	0.190476	0.964286	0.238095	0.869048	0.238095	0.440476	0.488095	0.750000	0.226190	0.595238
0.238095	0.011905	0.166667	0.142857	0.261905	0.130952	0.071429	0.035714	0.047619	0.011905	0.404762	0.392857	0.059524	0.011905	0.011905	0.011905	0.035714	0.011905	0.023810	0.047619	0.452381	0.261905	0.023810	0.071429	0.190476	0.047619
0.297619	0.285714	0.345238	0.214286	0.130952	0.452381	0.190476	0.202381	0.130952	0.071429	0.071429	0.250000	0.119048	0.000000	0.059524	0.000000	0.333333	0.011905	0.488095	0.047619	0.071429	0.107143	0.166667	0.130952	0.166667	0.214286

gastro_parietal_muscle_pos_pattern_33
0.144737	0.092105	0.000000	0.026316	0.013158	1.000000	0.052632	0.065789	0.065789	0.565789	0.421053	0.302632	0.236842	0.144737	0.355263	0.355263	0.157895	0.342105	0.210526
0.342105	0.092105	0.013158	0.000000	0.855263	0.000000	0.855263	0.092105	0.631579	0.131579	0.197368	0.276316	0.276316	0.328947	0.171053	0.131579	0.368421	0.223684	0.223684
0.171053	0.118421	0.973684	0.000000	0.078947	0.000000	0.065789	0.671053	0.105263	0.210526	0.171053	0.144737	0.184211	0.197368	0.276316	0.210526	0.197368	0.197368	0.105263
0.342105	0.697368	0.013158	0.973684	0.052632	0.000000	0.026316	0.171053	0.197368	0.092105	0.210526	0.276316	0.302632	0.328947	0.197368	0.302632	0.276316	0.236842	0.460526

gastro_parietal_muscle_pos_pattern_34
0.181818
0.181818
0.018182
0.618182

gastro_parietal_muscle_pos_pattern_35
0.098039	0.117647	0.078431	0.098039	0.019608	0.000000	0.000000	0.058824	0.137255	0.019608	0.019608	0.019608	0.156863	0.000000	0.098039	0.078431	0.078431	0.098039	0.176471	0.784314	0.078431	0.117647	0.098039	0.058824
0.078431	0.509804	0.058824	0.803922	0.901961	0.980392	0.000000	0.921569	0.019608	0.745098	0.000000	0.921569	0.000000	0.901961	0.039216	0.686275	0.764706	0.745098	0.686275	0.078431	0.117647	0.117647	0.764706	0.098039
0.117647	0.039216	0.156863	0.019608	0.039216	0.000000	1.000000	0.019608	0.803922	0.058824	0.921569	0.019608	0.019608	0.058824	0.784314	0.117647	0.039216	0.098039	0.098039	0.098039	0.725490	0.745098	0.078431	0.058824
0.705882	0.333333	0.705882	0.078431	0.039216	0.019608	0.000000	0.000000	0.039216	0.176471	0.058824	0.039216	0.823529	0.039216	0.078431	0.117647	0.117647	0.058824	0.039216	0.039216	0.078431	0.019608	0.058824	0.784314

gastro_parietal_muscle_pos_pattern_36
0.040000	0.060000
0.040000	0.820000
0.060000	0.020000
0.860000	0.100000

gastro_parietal_muscle_pos_pattern_37
0.090909	0.068182	0.795455	0.045455	0.068182	0.090909	0.886364	0.068182	0.022727	0.977273	0.113636	0.000000	0.000000	1.000000	1.000000	0.000000	0.090909	0.954545	0.886364	0.931818	0.977273	0.772727	0.659091	0.181818	0.136364	0.022727	0.659091
0.659091	0.022727	0.090909	0.113636	0.750000	0.750000	0.000000	0.681818	0.818182	0.000000	0.000000	1.000000	1.000000	0.000000	0.000000	0.000000	0.068182	0.000000	0.000000	0.022727	0.000000	0.090909	0.113636	0.045455	0.068182	0.181818	0.068182
0.113636	0.045455	0.113636	0.795455	0.022727	0.022727	0.068182	0.181818	0.136364	0.022727	0.818182	0.000000	0.000000	0.000000	0.000000	0.000000	0.136364	0.045455	0.090909	0.045455	0.000000	0.090909	0.045455	0.704545	0.772727	0.159091	0.113636
0.136364	0.863636	0.000000	0.045455	0.159091	0.136364	0.045455	0.068182	0.022727	0.000000	0.068182	0.000000	0.000000	0.000000	0.000000	1.000000	0.704545	0.000000	0.022727	0.000000	0.022727	0.045455	0.181818	0.068182	0.022727	0.636364	0.159091

gastro_parietal_muscle_pos_pattern_38
0.068182	0.090909	0.045455	0.068182	0.727273	0.022727	0.181818	0.045455	0.113636	0.045455	0.931818	0.954545	0.022727	0.863636	0.090909	0.022727	0.022727	0.022727	0.022727	0.068182	0.159091	0.022727	0.818182	0.136364	0.136364
0.818182	0.204545	0.863636	0.818182	0.068182	0.159091	0.090909	0.090909	0.659091	0.818182	0.045455	0.022727	0.045455	0.000000	0.022727	0.000000	0.022727	0.863636	0.045455	0.000000	0.727273	0.772727	0.045455	0.045455	0.704545
0.068182	0.045455	0.000000	0.045455	0.045455	0.136364	0.045455	0.068182	0.045455	0.068182	0.000000	0.022727	0.863636	0.090909	0.000000	0.977273	0.909091	0.045455	0.181818	0.886364	0.022727	0.068182	0.090909	0.704545	0.068182
0.045455	0.659091	0.090909	0.068182	0.159091	0.681818	0.681818	0.795455	0.181818	0.068182	0.022727	0.000000	0.068182	0.045455	0.886364	0.000000	0.045455	0.068182	0.750000	0.045455	0.090909	0.136364	0.045455	0.113636	0.090909

gastro_parietal_muscle_pos_pattern_39
0.000000	0.027027
0.000000	0.891892
0.000000	0.027027
1.000000	0.054054

gastro_parietal_muscle_pos_pattern_4
0.092250	0.608773	0.475413	0.020063	0.002557	0.963021	0.970692	0.004327	0.048387	0.876475	0.206137	0.632769
0.375295	0.064123	0.033438	0.934500	0.990165	0.005311	0.011605	0.007671	0.883163	0.016522	0.218922	0.160110
0.159127	0.276161	0.424076	0.008065	0.001574	0.011802	0.008458	0.005507	0.051141	0.087923	0.497443	0.133950
0.373328	0.050944	0.067073	0.037372	0.005704	0.019866	0.009245	0.982494	0.017309	0.019079	0.077498	0.073171

gastro_parietal_muscle_pos_pattern_40
0.033333	0.133333	0.066667	0.000000	0.000000	0.966667	0.000000	0.000000	0.200000	0.033333	0.000000	0.000000	0.033333	0.000000	0.033333	0.000000	0.000000	0.100000	0.100000	0.766667	0.766667
0.033333	0.333333	0.900000	1.000000	1.000000	0.000000	0.000000	0.033333	0.066667	0.133333	0.966667	0.333333	0.133333	0.666667	0.033333	0.000000	0.266667	0.000000	0.066667	0.000000	0.100000
0.066667	0.033333	0.000000	0.000000	0.000000	0.033333	1.000000	0.866667	0.666667	0.033333	0.033333	0.000000	0.000000	0.000000	0.000000	1.000000	0.733333	0.900000	0.033333	0.200000	0.033333
0.866667	0.500000	0.033333	0.000000	0.000000	0.000000	0.000000	0.100000	0.066667	0.800000	0.000000	0.666667	0.833333	0.333333	0.933333	0.000000	0.000000	0.000000	0.800000	0.033333	0.100000

gastro_parietal_muscle_pos_pattern_41
0.137931	0.034483	0.068966	0.344828	0.137931	0.137931	0.413793	0.275862	0.275862	0.275862	0.241379	0.310345	0.275862	0.344828	0.482759	0.000000	0.000000	0.000000	0.000000	0.000000	0.000000	0.758621	0.034483	0.103448	0.620690
0.206897	0.344828	0.206897	0.137931	0.344828	0.241379	0.068966	0.103448	0.137931	0.103448	0.034483	0.068966	0.068966	0.034483	0.137931	0.965517	0.620690	0.000000	0.965517	0.000000	0.000000	0.034483	0.724138	0.724138	0.103448
0.517241	0.000000	0.724138	0.034483	0.275862	0.379310	0.172414	0.275862	0.068966	0.344828	0.413793	0.137931	0.137931	0.275862	0.172414	0.034483	0.034483	1.000000	0.034483	0.068966	1.000000	0.103448	0.103448	0.068966	0.206897
0.137931	0.620690	0.000000	0.482759	0.241379	0.241379	0.344828	0.344828	0.517241	0.275862	0.310345	0.482759	0.517241	0.344828	0.206897	0.000000	0.344828	0.000000	0.000000	0.931034	0.000000	0.103448	0.137931	0.103448	0.068966

gastro_parietal_muscle_pos_pattern_42
0.444444	0.185185	0.370370	0.000000	0.481481	0.259259	0.111111	0.296296	0.000000	0.185185	0.000000	0.814815	0.000000	0.000000	0.000000	1.000000	0.185185	0.000000	0.074074	0.000000	0.000000	0.629630	0.370370	0.407407	0.185185
0.037037	0.222222	0.074074	0.000000	0.000000	0.444444	0.407407	0.407407	0.000000	0.111111	0.962963	0.000000	1.000000	0.000000	1.000000	0.000000	0.407407	0.000000	0.555556	0.000000	0.592593	0.000000	0.037037	0.148148	0.074074
0.222222	0.037037	0.222222	0.592593	0.185185	0.185185	0.444444	0.000000	0.777778	0.000000	0.037037	0.185185	0.000000	0.962963	0.000000	0.000000	0.000000	1.000000	0.000000	0.962963	0.074074	0.037037	0.037037	0.259259	0.074074
0.296296	0.555556	0.333333	0.407407	0.333333	0.111111	0.037037	0.296296	0.222222	0.703704	0.000000	0.000000	0.000000	0.037037	0.000000	0.000000	0.407407	0.000000	0.370370	0.037037	0.333333	0.333333	0.555556	0.185185	0.666667

gastro_parietal_muscle_pos_pattern_43
0.000000	0.040000	0.080000	0.040000	0.800000
0.040000	0.080000	0.040000	0.040000	0.040000
0.080000	0.800000	0.840000	0.120000	0.000000
0.880000	0.080000	0.040000	0.800000	0.160000

gastro_parietal_muscle_pos_pattern_44
0.440000	0.160000	0.560000	0.240000	0.160000	0.400000	0.800000	0.080000	0.000000	0.000000	0.040000	0.040000	0.000000	1.000000	0.960000	0.000000	0.040000	0.960000	0.280000	0.400000	0.240000	0.680000	0.280000	0.080000	0.760000	0.360000	0.120000	0.240000	0.080000
0.000000	0.560000	0.000000	0.160000	0.480000	0.080000	0.200000	0.000000	0.080000	0.000000	0.000000	0.960000	1.000000	0.000000	0.040000	0.000000	0.920000	0.000000	0.000000	0.360000	0.000000	0.200000	0.480000	0.560000	0.080000	0.200000	0.120000	0.120000	0.120000
0.280000	0.080000	0.280000	0.160000	0.040000	0.320000	0.000000	0.120000	0.000000	1.000000	0.920000	0.000000	0.000000	0.000000	0.000000	0.000000	0.040000	0.040000	0.600000	0.120000	0.520000	0.000000	0.200000	0.080000	0.120000	0.160000	0.560000	0.080000	0.120000
0.280000	0.200000	0.160000	0.440000	0.320000	0.200000	0.000000	0.800000	0.920000	0.000000	0.040000	0.000000	0.000000	0.000000	0.000000	1.000000	0.000000	0.000000	0.120000	0.120000	0.240000	0.120000	0.040000	0.280000	0.040000	0.280000	0.200000	0.560000	0.680000

gastro_parietal_muscle_pos_pattern_45
0.120000	0.120000	0.120000	0.080000	0.200000	0.040000
0.080000	0.040000	0.720000	0.080000	0.040000	0.400000
0.040000	0.560000	0.040000	0.040000	0.720000	0.000000
0.760000	0.280000	0.120000	0.800000	0.040000	0.560000

gastro_parietal_muscle_pos_pattern_46
0.238095	0.047619	0.380952	0.333333	0.857143	0.571429	0.000000	0.047619	0.000000	1.000000	0.000000	0.761905	0.571429
0.523810	0.000000	0.095238	0.142857	0.000000	0.238095	0.095238	0.809524	0.000000	0.000000	0.047619	0.000000	0.142857
0.142857	0.809524	0.190476	0.000000	0.047619	0.047619	0.047619	0.000000	1.000000	0.000000	0.095238	0.047619	0.285714
0.095238	0.142857	0.333333	0.523810	0.095238	0.142857	0.857143	0.142857	0.000000	0.000000	0.857143	0.190476	0.000000

gastro_parietal_muscle_pos_pattern_47
0.050000	0.050000	0.750000	0.000000	0.800000	0.700000	0.650000	0.800000	0.200000	0.050000	0.150000	0.950000	0.000000	0.000000	0.000000	0.000000	0.000000	0.000000	1.000000	0.050000	0.900000	0.050000	0.100000
0.100000	0.600000	0.000000	0.900000	0.150000	0.100000	0.000000	0.100000	0.000000	0.800000	0.050000	0.050000	0.950000	0.950000	0.000000	1.000000	0.050000	0.000000	0.000000	0.850000	0.100000	0.150000	0.500000
0.000000	0.250000	0.150000	0.000000	0.000000	0.100000	0.250000	0.100000	0.700000	0.150000	0.700000	0.000000	0.000000	0.000000	1.000000	0.000000	0.000000	1.000000	0.000000	0.000000	0.000000	0.750000	0.000000
0.850000	0.100000	0.100000	0.100000	0.050000	0.100000	0.100000	0.000000	0.100000	0.000000	0.100000	0.000000	0.050000	0.050000	0.000000	0.000000	0.950000	0.000000	0.000000	0.100000	0.000000	0.050000	0.400000

gastro_parietal_muscle_pos_pattern_48
0.900000	0.200000	0.000000	0.000000	0.000000	1.000000	0.700000	0.000000	0.900000	0.100000	0.000000	0.000000	0.050000	0.050000	0.100000	0.100000	0.000000	0.000000	0.150000	0.000000	0.800000	0.100000	0.700000
0.050000	0.650000	1.000000	1.000000	1.000000	0.000000	0.000000	0.000000	0.100000	0.000000	0.950000	1.000000	0.150000	0.100000	0.050000	0.000000	0.900000	0.000000	0.750000	0.750000	0.150000	0.150000	0.050000
0.000000	0.050000	0.000000	0.000000	0.000000	0.000000	0.000000	1.000000	0.000000	0.850000	0.050000	0.000000	0.000000	0.000000	0.000000	0.900000	0.100000	1.000000	0.050000	0.100000	0.050000	0.100000	0.050000
0.050000	0.100000	0.000000	0.000000	0.000000	0.000000	0.300000	0.000000	0.000000	0.050000	0.000000	0.000000	0.800000	0.850000	0.850000	0.000000	0.000000	0.000000	0.050000	0.150000	0.000000	0.650000	0.200000

gastro_parietal_muscle_pos_pattern_5
0.225040	0.552887	0.033189	0.019158	0.949002	0.002968	0.006476	0.007825	0.067458	0.987318	0.032110
0.185915	0.105774	0.037777	0.042634	0.009444	0.971668	0.000809	0.006746	0.902590	0.004047	0.648678
0.248246	0.268214	0.013761	0.732596	0.025094	0.003238	0.991635	0.000809	0.019698	0.004047	0.027523
0.340799	0.073125	0.915273	0.205613	0.016460	0.022126	0.001079	0.984620	0.010254	0.004587	0.291689

gastro_parietal_muscle_pos_pattern_6
0.146679	0.053198	0.244772	0.130689	0.076876	0.247847	0.210640	0.014453	0.015068	0.947417	0.055658	0.101476	0.041513	0.031673	0.101169	0.086716
0.427429	0.229090	0.310271	0.178352	0.050738	0.251845	0.655289	0.961255	0.936654	0.009533	0.016605	0.047048	0.810271	0.569188	0.549200	0.543358
0.190652	0.041205	0.118696	0.630381	0.411747	0.157134	0.042435	0.005843	0.008303	0.018758	0.889606	0.368696	0.065191	0.027368	0.041205	0.036900
0.235240	0.676507	0.326261	0.060578	0.460640	0.343173	0.091636	0.018450	0.039975	0.024293	0.038130	0.482780	0.083026	0.371771	0.308426	0.333026

gastro_parietal_muscle_pos_pattern_7
0.253928	0.141106	0.159334	0.125707	0.340038	0.088938	0.097109	0.111879	0.043055	0.168762	0.036455	0.074481	0.108737	0.137335
0.388121	0.591138	0.551540	0.589566	0.213702	0.795412	0.773099	0.802954	0.849780	0.124450	0.886549	0.807668	0.721559	0.555625
0.116908	0.099309	0.091452	0.117536	0.076367	0.047769	0.033312	0.028913	0.034884	0.051540	0.025456	0.027027	0.055311	0.088309
0.241043	0.168448	0.197674	0.167190	0.369893	0.067882	0.096480	0.056254	0.072282	0.655248	0.051540	0.090823	0.114393	0.218730

gastro_parietal_muscle_pos_pattern_8
0.409492	0.525386	0.283664	0.216703	0.137233	0.959161	0.942605	0.317881	0.969831	0.013981	0.009198	0.008830	0.025754	0.015085	0.078366	0.331126
0.169242	0.077999	0.080942	0.423105	0.794334	0.013245	0.015085	0.146431	0.007358	0.006990	0.003679	0.005151	0.951067	0.069904	0.054084	0.529433
0.165931	0.119205	0.104489	0.080574	0.033481	0.017292	0.012509	0.424209	0.009934	0.009934	0.978293	0.973878	0.005887	0.877116	0.798013	0.053348
0.255335	0.277410	0.530905	0.279617	0.034952	0.010302	0.029801	0.111479	0.012877	0.969095	0.008830	0.012141	0.017292	0.037896	0.069536	0.086093

gastro_parietal_muscle_pos_pattern_9
0.140619	0.260222	0.159343	0.076806	0.034391	0.822698	0.041651	0.009553	0.030187	0.019106	0.021781	0.559037
0.290791	0.036683	0.743982	0.021016	0.911731	0.047765	0.041651	0.011846	0.928162	0.016049	0.813527	0.076041
0.123424	0.651891	0.055789	0.868170	0.018724	0.078716	0.033626	0.970577	0.009935	0.927016	0.017577	0.230034
0.445166	0.051204	0.040887	0.034008	0.035155	0.050822	0.883072	0.008024	0.031716	0.037830	0.147115	0.134887

gastro_unknown_1_pos_pattern_0
0.531932	0.102147	0.020466	0.940704	0.007675	0.012243	0.002467	0.020192	0.949018	0.034628
0.130562	0.116583	0.527364	0.016537	0.944450	0.001827	0.004386	0.374235	0.014070	0.656190
0.248972	0.091183	0.354408	0.032344	0.005025	0.981818	0.003655	0.600274	0.017268	0.045774
0.088534	0.690087	0.097762	0.010416	0.042851	0.004111	0.989493	0.005299	0.019644	0.263408

gastro_unknown_1_pos_pattern_1
0.202068	0.032603	0.027372	0.015328	0.041119	0.265085	0.233455	0.224453	0.014599	0.010341	0.028345	0.008637	0.006691	0.009367	0.051703	0.183212
0.145377	0.340268	0.011557	0.007786	0.010949	0.328710	0.053771	0.289781	0.925912	0.982117	0.015815	0.007543	0.013504	0.010827	0.102555	0.166545
0.229562	0.030900	0.933820	0.967153	0.800852	0.057543	0.071046	0.154623	0.031752	0.003528	0.008759	0.958759	0.011192	0.951703	0.558759	0.080170
0.422993	0.596229	0.027251	0.009732	0.147080	0.348662	0.641727	0.331144	0.027737	0.004015	0.947080	0.025061	0.968613	0.028102	0.286983	0.570073

gastro_unknown_1_pos_pattern_10
0.387474	0.144529	0.043359	0.310392	0.080523	0.101170	0.278045	0.140399	0.018582	0.017894	0.916036	0.056435	0.074329	0.055058	0.033723	0.057123	0.064694
0.173434	0.516173	0.125258	0.360633	0.099794	0.068135	0.209911	0.735031	0.929112	0.911218	0.014453	0.029594	0.067447	0.854783	0.591191	0.606332	0.524432
0.177564	0.102546	0.020647	0.134205	0.748107	0.257398	0.204405	0.033723	0.019270	0.024088	0.047488	0.871989	0.194081	0.047488	0.052994	0.036476	0.043359
0.261528	0.236752	0.810736	0.194769	0.071576	0.573297	0.307639	0.090847	0.033035	0.046800	0.022023	0.041982	0.664143	0.042670	0.322092	0.300069	0.367515

gastro_unknown_1_pos_pattern_11
0.477633	0.008658	0.053391	0.005051	0.012266	0.093795	0.088023
0.109668	0.976190	0.915584	0.002165	0.893939	0.038961	0.090188
0.062049	0.005051	0.010823	0.990620	0.060606	0.135642	0.699856
0.350649	0.010101	0.020202	0.002165	0.033189	0.731602	0.121934

gastro_unknown_1_pos_pattern_12
0.311900	0.059501	0.205374	0.109405	0.038388	0.102687	0.756238	0.074856	0.110365	0.232246	0.042226	0.195777	0.121881	0.160269	0.116123	0.071017	0.125720
0.348369	0.094050	0.180422	0.530710	0.901152	0.738964	0.106526	0.158349	0.157390	0.631478	0.721689	0.480806	0.395393	0.518234	0.162188	0.693858	0.081574
0.185221	0.624760	0.096929	0.094050	0.012476	0.063340	0.086372	0.698656	0.185221	0.073896	0.053743	0.061420	0.228407	0.038388	0.574856	0.082534	0.700576
0.154511	0.221689	0.517274	0.265835	0.047985	0.095010	0.050864	0.068138	0.547025	0.062380	0.182342	0.261996	0.254319	0.283109	0.146833	0.152591	0.092131

gastro_unknown_1_pos_pattern_13
0.104585	0.445559	0.014327	0.020057	0.038682	0.742120	0.133238	0.426934	0.588825	0.100287	0.227794	0.058739	0.325215	0.150430	0.169054	0.167622	0.085960	0.146132
0.199140	0.073066	0.942693	0.961318	0.925501	0.134670	0.121777	0.247851	0.223496	0.194842	0.180516	0.772206	0.332378	0.265043	0.209169	0.035817	0.482808	0.087393
0.176218	0.061605	0.010029	0.007163	0.020057	0.093123	0.532951	0.171920	0.147564	0.236390	0.442693	0.050143	0.047278	0.116046	0.063037	0.659026	0.227794	0.618911
0.520057	0.419771	0.032951	0.011461	0.015759	0.030086	0.212034	0.153295	0.040115	0.468481	0.148997	0.118911	0.295129	0.468481	0.558739	0.137536	0.203438	0.147564

gastro_unknown_1_pos_pattern_14
0.266771	0.466459	0.232449	0.081123	0.090484	0.118565	0.294852	0.196568	0.322933	0.215289	0.363495	0.468019	0.042122	0.034321	0.068643	0.115445	0.218409	0.213729	0.198128
0.110764	0.056162	0.070203	0.018721	0.060842	0.053042	0.085803	0.118565	0.085803	0.143526	0.060842	0.046802	0.032761	0.007800	0.026521	0.023401	0.046802	0.084243	0.115445
0.152886	0.098284	0.068643	0.014041	0.054602	0.021841	0.093604	0.067083	0.101404	0.171607	0.090484	0.078003	0.015601	0.004680	0.012480	0.009360	0.040562	0.071763	0.081123
0.469579	0.379095	0.628705	0.886115	0.794072	0.806552	0.525741	0.617785	0.489860	0.469579	0.485179	0.407176	0.909516	0.953198	0.892356	0.851794	0.694228	0.630265	0.605304

gastro_unknown_1_pos_pattern_15
0.252059	0.238880	0.008237	0.866557	0.550247	0.014827	0.581549
0.365733	0.542010	0.953871	0.046129	0.182867	0.859967	0.308072
0.169687	0.054366	0.006590	0.037891	0.228995	0.026359	0.065898
0.212521	0.164745	0.031301	0.049423	0.037891	0.098847	0.044481

gastro_unknown_1_pos_pattern_16
0.243852	0.182377	0.071721	0.141393	0.200820	0.131148	0.118852	0.106557	0.266393	0.040984	0.834016	0.213115	0.133197	0.120902	0.090164	0.196721	0.143443
0.282787	0.547131	0.094262	0.594262	0.149590	0.325820	0.672131	0.817623	0.627049	0.858607	0.024590	0.120902	0.118852	0.233607	0.532787	0.536885	0.334016
0.219262	0.075820	0.096311	0.075820	0.444672	0.104508	0.065574	0.016393	0.075820	0.043033	0.059426	0.616803	0.270492	0.561475	0.100410	0.118852	0.073770
0.254098	0.194672	0.737705	0.188525	0.204918	0.438525	0.143443	0.059426	0.030738	0.057377	0.081967	0.049180	0.477459	0.084016	0.276639	0.147541	0.448770

gastro_unknown_1_pos_pattern_17
0.195187	0.088235	0.371658	0.304813	0.090909	0.235294	0.312834	0.037433	0.064171	0.759358	0.061497	0.208556	0.125668
0.240642	0.254011	0.368984	0.232620	0.417112	0.278075	0.355615	0.901070	0.895722	0.080214	0.823529	0.243316	0.687166
0.294118	0.163102	0.128342	0.203209	0.082888	0.229947	0.034759	0.026738	0.024064	0.096257	0.074866	0.040107	0.152406
0.270053	0.494652	0.131016	0.259358	0.409091	0.256684	0.296791	0.034759	0.016043	0.064171	0.040107	0.508021	0.034759

gastro_unknown_1_pos_pattern_18
0.119403	0.074627	0.044776	0.141791	0.671642	0.082090	0.305970	0.246269	0.179104	0.402985	0.194030	0.022388	0.007463	0.029851	0.955224	0.014925	0.276119	0.052239
0.500000	0.059701	0.216418	0.395522	0.156716	0.485075	0.067164	0.238806	0.253731	0.223881	0.208955	0.000000	0.007463	0.902985	0.014925	0.977612	0.022388	0.716418
0.111940	0.828358	0.067164	0.425373	0.067164	0.104478	0.313433	0.231343	0.320896	0.089552	0.149254	0.970149	0.014925	0.037313	0.007463	0.000000	0.604478	0.059701
0.268657	0.037313	0.671642	0.037313	0.104478	0.328358	0.313433	0.283582	0.246269	0.283582	0.447761	0.007463	0.970149	0.029851	0.022388	0.007463	0.097015	0.171642

gastro_unknown_1_pos_pattern_19
0.133858	0.110236	0.181102	0.165354	0.086614	0.133858	0.669291	0.716535	0.015748	0.031496	0.015748	0.330709	0.803150	0.661417
0.267717	0.559055	0.070866	0.196850	0.173228	0.740157	0.015748	0.086614	0.047244	0.937008	0.000000	0.220472	0.047244	0.086614
0.275591	0.110236	0.629921	0.425197	0.338583	0.015748	0.283465	0.023622	0.905512	0.000000	0.976378	0.220472	0.086614	0.133858
0.322835	0.220472	0.118110	0.212598	0.401575	0.110236	0.031496	0.173228	0.031496	0.031496	0.007874	0.228346	0.062992	0.118110

gastro_unknown_1_pos_pattern_2
0.126336	0.012472	0.029316	0.030774	0.960155	0.036443	0.171526
0.223356	0.002592	0.005831	0.889375	0.011338	0.902494	0.103822
0.169582	0.981212	0.008098	0.030288	0.013767	0.015873	0.600745
0.480726	0.003725	0.956754	0.049563	0.014739	0.045190	0.123907

gastro_unknown_1_pos_pattern_20
0.053571	0.071429	0.848214	0.937500	0.017857	0.000000	0.000000	0.008929	0.982143	0.000000	0.000000	0.008929	0.000000	0.044643	0.000000	0.937500	0.955357	0.875000	0.026786	0.080357
0.026786	0.812500	0.026786	0.008929	0.053571	0.062500	0.026786	0.000000	0.008929	0.000000	0.000000	0.000000	0.000000	0.044643	0.964286	0.035714	0.008929	0.044643	0.035714	0.026786
0.866071	0.053571	0.071429	0.008929	0.035714	0.026786	0.000000	0.964286	0.008929	0.008929	0.000000	0.991071	1.000000	0.866071	0.000000	0.026786	0.026786	0.035714	0.026786	0.821429
0.053571	0.062500	0.053571	0.044643	0.892857	0.910714	0.973214	0.026786	0.000000	0.991071	1.000000	0.000000	0.000000	0.044643	0.035714	0.000000	0.008929	0.044643	0.910714	0.071429

gastro_unknown_1_pos_pattern_21
0.081633	0.112245	0.663265	0.071429	0.204082	0.193878	0.234694	0.438776	0.224490	0.163265	0.183673	0.224490	0.020408	0.010204	0.061224	0.938776	0.020408	0.112245
0.081633	0.489796	0.081633	0.714286	0.122449	0.316327	0.081633	0.204082	0.285714	0.336735	0.224490	0.081633	0.000000	0.000000	0.877551	0.000000	0.918367	0.081633
0.112245	0.244898	0.183673	0.051020	0.551020	0.102041	0.387755	0.163265	0.183673	0.163265	0.224490	0.244898	0.979592	0.000000	0.020408	0.040816	0.000000	0.734694
0.724490	0.153061	0.071429	0.163265	0.122449	0.387755	0.295918	0.193878	0.306122	0.336735	0.367347	0.448980	0.000000	0.989796	0.040816	0.020408	0.061224	0.071429

gastro_unknown_1_pos_pattern_22
0.193548	0.032258	0.010753	0.043011	0.967742	0.032258	0.150538	0.096774	0.086022	0.182796	0.053763	0.752688	0.096774
0.193548	0.000000	0.021505	0.731183	0.000000	0.892473	0.139785	0.483871	0.032258	0.032258	0.623656	0.032258	0.741935
0.182796	0.913978	0.010753	0.182796	0.021505	0.032258	0.634409	0.107527	0.849462	0.021505	0.215054	0.096774	0.043011
0.430108	0.053763	0.956989	0.043011	0.010753	0.043011	0.075269	0.311828	0.032258	0.763441	0.107527	0.118280	0.118280

gastro_unknown_1_pos_pattern_23
0.134831	0.168539	0.168539	0.123596	0.191011	0.101124	0.056180	0.269663	0.078652	0.213483	0.078652	0.123596	0.146067	0.449438	0.808989	0.033708	0.146067	0.101124	0.056180	0.280899	0.044944	0.134831	0.202247
0.168539	0.449438	0.101124	0.595506	0.382022	0.213483	0.191011	0.112360	0.314607	0.089888	0.539326	0.707865	0.674157	0.471910	0.000000	0.044944	0.415730	0.752809	0.786517	0.606742	0.134831	0.606742	0.134831
0.550562	0.112360	0.573034	0.101124	0.134831	0.168539	0.056180	0.539326	0.483146	0.449438	0.280899	0.044944	0.112360	0.022472	0.078652	0.865169	0.146067	0.101124	0.056180	0.022472	0.202247	0.044944	0.168539
0.146067	0.269663	0.157303	0.179775	0.292135	0.516854	0.696629	0.078652	0.123596	0.247191	0.101124	0.123596	0.067416	0.056180	0.112360	0.056180	0.292135	0.044944	0.101124	0.089888	0.617978	0.213483	0.494382

gastro_unknown_1_pos_pattern_24
0.037037	0.098765	0.432099	0.629630	0.555556	0.148148	0.283951	0.172840	0.555556	0.209877	0.061728	0.049383	0.074074	0.827160	0.037037	0.098765	0.135802	0.135802	0.086420	0.123457	0.592593	0.592593	0.049383	0.049383	0.185185	0.148148	0.160494
0.049383	0.049383	0.259259	0.086420	0.234568	0.086420	0.074074	0.160494	0.123457	0.135802	0.765432	0.913580	0.358025	0.098765	0.111111	0.135802	0.790123	0.703704	0.765432	0.222222	0.185185	0.148148	0.716049	0.074074	0.135802	0.086420	0.185185
0.790123	0.481481	0.197531	0.074074	0.049383	0.098765	0.481481	0.617284	0.135802	0.555556	0.049383	0.024691	0.024691	0.024691	0.814815	0.037037	0.074074	0.037037	0.074074	0.012346	0.061728	0.098765	0.049383	0.814815	0.098765	0.135802	0.111111
0.123457	0.370370	0.111111	0.209877	0.160494	0.666667	0.160494	0.049383	0.185185	0.098765	0.123457	0.012346	0.543210	0.049383	0.037037	0.728395	0.000000	0.123457	0.074074	0.641975	0.160494	0.160494	0.185185	0.061728	0.580247	0.629630	0.543210

gastro_unknown_1_pos_pattern_25
0.702703	0.648649	0.108108	0.121622	0.108108	0.702703	0.662162	0.148649	0.648649	0.027027	0.040541	0.743243	0.108108	0.054054	0.027027	0.013514	0.000000	0.540541	0.148649	0.135135	0.702703	0.013514	0.081081	0.013514	0.081081	0.054054	0.054054	0.067568
0.081081	0.108108	0.594595	0.081081	0.635135	0.121622	0.094595	0.040541	0.054054	0.635135	0.189189	0.027027	0.108108	0.013514	0.013514	0.743243	1.000000	0.040541	0.027027	0.054054	0.121622	0.837838	0.797297	0.081081	0.837838	0.081081	0.581081	0.054054
0.148649	0.148649	0.135135	0.662162	0.108108	0.121622	0.067568	0.621622	0.067568	0.135135	0.108108	0.162162	0.621622	0.027027	0.013514	0.067568	0.000000	0.364865	0.743243	0.135135	0.054054	0.027027	0.000000	0.905405	0.040541	0.743243	0.229730	0.716216
0.067568	0.094595	0.162162	0.135135	0.148649	0.054054	0.175676	0.189189	0.229730	0.202703	0.662162	0.067568	0.162162	0.905405	0.945946	0.175676	0.000000	0.054054	0.081081	0.675676	0.121622	0.121622	0.121622	0.000000	0.040541	0.121622	0.135135	0.162162

gastro_unknown_1_pos_pattern_26
0.333333	0.055556	0.125000	0.041667	0.000000	0.972222	0.013889	0.000000	0.000000	0.888889	0.000000	0.791667	0.125000
0.194444	0.125000	0.041667	0.027778	0.055556	0.000000	0.000000	0.000000	0.000000	0.000000	0.930556	0.069444	0.111111
0.152778	0.194444	0.208333	0.000000	0.916667	0.027778	0.027778	0.027778	1.000000	0.083333	0.000000	0.013889	0.736111
0.319444	0.625000	0.625000	0.930556	0.027778	0.000000	0.958333	0.972222	0.000000	0.027778	0.069444	0.125000	0.027778

gastro_unknown_1_pos_pattern_27
0.517241	0.155172	0.137931	0.051724	0.034483	0.172414	0.758621	0.155172	0.086207	0.034483	0.103448	0.396552	0.051724	0.379310	0.103448	0.120690	0.189655	0.224138	0.034483	0.189655	0.086207
0.120690	0.017241	0.103448	0.155172	0.844828	0.568966	0.137931	0.068966	0.137931	0.948276	0.862069	0.379310	0.896552	0.034483	0.517241	0.465517	0.241379	0.327586	0.155172	0.448276	0.068966
0.155172	0.517241	0.551724	0.189655	0.017241	0.103448	0.017241	0.758621	0.000000	0.000000	0.000000	0.137931	0.017241	0.120690	0.137931	0.275862	0.517241	0.086207	0.655172	0.137931	0.655172
0.206897	0.310345	0.206897	0.603448	0.103448	0.155172	0.086207	0.017241	0.775862	0.017241	0.034483	0.086207	0.034483	0.465517	0.241379	0.137931	0.051724	0.362069	0.155172	0.224138	0.189655

gastro_unknown_1_pos_pattern_28
0.127273	0.200000	0.109091	0.690909
0.054545	0.072727	0.018182	0.145455
0.054545	0.654545	0.818182	0.054545
0.763636	0.072727	0.054545	0.109091

gastro_unknown_1_pos_pattern_29
0.040816	0.265306
0.918367	0.142857
0.000000	0.530612
0.040816	0.061224

gastro_unknown_1_pos_pattern_3
0.163280	0.535829	0.073440	0.064884	0.083244	0.016399	0.008556	0.047415	0.060428	0.096257
0.417469	0.091087	0.471658	0.044920	0.053654	0.779323	0.985383	0.010339	0.277718	0.087879
0.174153	0.260071	0.187522	0.048485	0.025668	0.026738	0.002317	0.915508	0.546168	0.098039
0.245098	0.113012	0.267380	0.841711	0.837433	0.177540	0.003743	0.026738	0.115686	0.717825

gastro_unknown_1_pos_pattern_30
0.104167
0.208333
0.562500
0.125000

gastro_unknown_1_pos_pattern_31
0.071429
0.523810
0.142857
0.261905

gastro_unknown_1_pos_pattern_32
0.028571	0.371429
0.057143	0.342857
0.057143	0.000000
0.857143	0.285714

gastro_unknown_1_pos_pattern_33
0.500000	0.117647	0.382353	0.323529	0.500000	0.176471	0.558824	0.029412	0.029412	0.058824	0.000000	0.058824	0.000000	0.000000	0.029412	0.029412	0.029412	0.088235
0.147059	0.029412	0.176471	0.088235	0.088235	0.470588	0.000000	0.794118	0.000000	0.058824	0.941176	0.941176	0.000000	0.147059	0.058824	0.147059	0.058824	0.176471
0.176471	0.323529	0.235294	0.117647	0.323529	0.088235	0.441176	0.029412	0.000000	0.000000	0.029412	0.000000	1.000000	0.794118	0.000000	0.382353	0.000000	0.235294
0.176471	0.529412	0.205882	0.470588	0.088235	0.264706	0.000000	0.147059	0.970588	0.882353	0.029412	0.000000	0.000000	0.058824	0.911765	0.441176	0.911765	0.500000

gastro_unknown_1_pos_pattern_34
0.272727	0.303030	0.303030	0.212121	0.121212	0.272727	0.242424	0.636364	0.030303	0.121212	0.181818	0.090909	0.121212	0.030303	0.212121	0.212121	0.151515	0.212121	0.151515
0.212121	0.242424	0.181818	0.242424	0.484848	0.515152	0.606061	0.030303	0.272727	0.181818	0.696970	0.575758	0.636364	0.636364	0.212121	0.121212	0.272727	0.090909	0.181818
0.030303	0.181818	0.363636	0.272727	0.303030	0.090909	0.060606	0.121212	0.636364	0.060606	0.030303	0.121212	0.090909	0.030303	0.181818	0.303030	0.272727	0.393939	0.484848
0.484848	0.272727	0.151515	0.272727	0.090909	0.121212	0.090909	0.212121	0.060606	0.636364	0.090909	0.212121	0.151515	0.303030	0.393939	0.363636	0.303030	0.303030	0.181818

gastro_unknown_1_pos_pattern_35
0.878788	0.757576	0.030303	0.030303	0.909091	0.000000	0.030303	0.030303	0.000000	0.969697	0.030303	0.000000	0.000000	0.333333
0.000000	0.060606	0.121212	0.060606	0.030303	0.939394	0.060606	0.060606	0.000000	0.030303	0.939394	1.000000	0.969697	0.000000
0.090909	0.090909	0.030303	0.848485	0.000000	0.000000	0.030303	0.878788	0.969697	0.000000	0.030303	0.000000	0.030303	0.666667
0.030303	0.090909	0.818182	0.060606	0.060606	0.060606	0.878788	0.030303	0.030303	0.000000	0.000000	0.000000	0.000000	0.000000

gastro_unknown_1_pos_pattern_36
0.031250	0.125000	0.031250	0.656250	0.031250	0.062500	0.093750	0.031250	0.000000	0.000000	0.000000	0.031250	0.031250	0.000000	0.000000	0.031250	0.093750	0.031250	0.031250	0.187500	0.156250
0.156250	0.062500	0.156250	0.031250	0.187500	0.031250	0.031250	0.031250	0.000000	0.000000	1.000000	0.968750	0.000000	0.093750	0.031250	0.000000	0.062500	0.093750	0.093750	0.031250	0.625000
0.062500	0.687500	0.062500	0.125000	0.000000	0.781250	0.812500	0.062500	0.031250	0.000000	0.000000	0.000000	0.937500	0.031250	0.000000	0.093750	0.031250	0.781250	0.156250	0.031250	0.000000
0.750000	0.125000	0.750000	0.187500	0.781250	0.125000	0.062500	0.875000	0.968750	1.000000	0.000000	0.000000	0.031250	0.875000	0.968750	0.875000	0.812500	0.093750	0.718750	0.750000	0.218750

gastro_unknown_1_pos_pattern_37
0.074074	0.037037	0.740741	0.814815
0.037037	0.037037	0.037037	0.037037
0.851852	0.185185	0.037037	0.037037
0.037037	0.740741	0.185185	0.111111

gastro_unknown_1_pos_pattern_38
0.000000	0.192308
0.115385	0.500000
0.000000	0.115385
0.884615	0.192308

gastro_unknown_1_pos_pattern_4
0.256055	0.056517	0.084198	0.015225	0.007843	0.975779	0.009919	0.012457	0.002076	0.023299	0.080738	0.069204
0.331488	0.116263	0.488351	0.067820	0.067128	0.008766	0.017532	0.008766	0.001845	0.004152	0.394925	0.277970
0.059516	0.145790	0.209227	0.015225	0.869896	0.008766	0.017993	0.008074	0.994233	0.955248	0.036909	0.040830
0.352941	0.681430	0.218224	0.901730	0.055133	0.006690	0.954556	0.970704	0.001845	0.017301	0.487428	0.611995

gastro_unknown_1_pos_pattern_5
0.238802	0.218564	0.173233	0.103616	0.186724	0.315704	0.150027	0.040205	0.062871	0.057744	0.098489
0.228548	0.104965	0.498921	0.082029	0.601727	0.188613	0.543173	0.033189	0.842148	0.033189	0.702914
0.146519	0.509444	0.142472	0.647329	0.082569	0.309768	0.046681	0.891797	0.025094	0.834862	0.096330
0.386131	0.167026	0.185375	0.167026	0.128980	0.185915	0.260119	0.034808	0.069887	0.074204	0.102267

gastro_unknown_1_pos_pattern_6
0.148833	0.227661	0.148549	0.051508	0.046670	0.817871	0.069721	0.004553	0.012521	0.018213	0.039841
0.236198	0.019351	0.732499	0.025327	0.894707	0.075128	0.088219	0.005692	0.931986	0.011383	0.677860
0.110700	0.719977	0.058054	0.889585	0.024758	0.060899	0.023051	0.985771	0.008822	0.949915	0.034149
0.504269	0.033011	0.060899	0.033580	0.033865	0.046101	0.819010	0.003984	0.046670	0.020489	0.248150

gastro_unknown_1_pos_pattern_7
0.454574	0.699032	0.657821	0.032470	0.014362	0.031533	0.103653	0.344989
0.095848	0.024977	0.019357	0.015610	0.005308	0.017171	0.022479	0.055573
0.185139	0.075242	0.049017	0.008430	0.001561	0.004059	0.012176	0.050890
0.264440	0.200749	0.273806	0.943490	0.978770	0.947237	0.861692	0.548548

gastro_unknown_1_pos_pattern_8
0.248993	0.090268	0.060403	0.049664	0.039597	0.011074	0.016107	0.939933	0.031208	0.105705	0.034899	0.017450	0.033221	0.295638	0.557047	0.284564
0.108054	0.061074	0.821477	0.896309	0.007383	0.972483	0.953356	0.022819	0.026510	0.388926	0.012752	0.032886	0.038255	0.050671	0.078523	0.079866
0.516779	0.541611	0.047315	0.034228	0.939262	0.004362	0.009732	0.014765	0.009060	0.171812	0.024161	0.019799	0.813423	0.443960	0.091275	0.086242
0.126174	0.307047	0.070805	0.019799	0.013758	0.012081	0.020805	0.022483	0.933221	0.333557	0.928188	0.929866	0.115101	0.209732	0.273154	0.549329

gastro_unknown_1_pos_pattern_9
0.227462	0.101248	0.091886	0.470527	0.185506	0.149445	0.117545	0.230583	0.216713	0.168169
0.450416	0.777393	0.787448	0.274272	0.353675	0.359223	0.733356	0.526006	0.541262	0.531207
0.126214	0.033981	0.033634	0.064840	0.292649	0.090846	0.074896	0.079404	0.083564	0.082178
0.195908	0.087379	0.087032	0.190361	0.168169	0.400485	0.074202	0.164008	0.158460	0.218447

gastro_unknown_2_pos_pattern_0
0.439568	0.147889	0.074084	0.497717	0.025627	0.031684	0.013233	0.032429	0.950424	0.007082
0.187121	0.135868	0.505545	0.042866	0.904203	0.005219	0.017053	0.035132	0.007735	0.878762
0.266518	0.119001	0.081633	0.393533	0.018917	0.953872	0.006523	0.917063	0.016587	0.015842
0.106793	0.597242	0.338738	0.065884	0.051253	0.009226	0.963191	0.015376	0.025254	0.098313

gastro_unknown_2_pos_pattern_1
0.315570	0.547150	0.306881	0.034523	0.977294	0.031858	0.971965	0.005677	0.020853	0.316265	0.637627	0.341404	0.149560	0.005792	0.017725	0.610751
0.251274	0.091867	0.558387	0.949143	0.006256	0.954008	0.006140	0.005213	0.027688	0.150139	0.072173	0.076228	0.808040	0.981001	0.955167	0.011237
0.149676	0.174351	0.097544	0.009963	0.010079	0.005213	0.009731	0.983897	0.941497	0.297729	0.065918	0.293559	0.006487	0.003012	0.004055	0.364690
0.283480	0.186631	0.037187	0.006372	0.006372	0.008920	0.012164	0.005213	0.009963	0.235867	0.224282	0.288809	0.035913	0.010195	0.023054	0.013323

gastro_unknown_2_pos_pattern_10
0.130806	0.164929	0.146919	0.035071	0.916588	0.931754	0.034123	0.643602
0.060664	0.107109	0.019905	0.952607	0.003791	0.018957	0.842654	0.196209
0.479621	0.683412	0.018957	0.001896	0.076777	0.021801	0.038863	0.082464
0.328910	0.044550	0.814218	0.010427	0.002844	0.027488	0.084360	0.077725

gastro_unknown_2_pos_pattern_11
0.115234	0.054688	0.275391	0.107422	0.043945	0.026367	0.056641
0.255859	0.820312	0.178711	0.798828	0.021484	0.936523	0.005859
0.378906	0.033203	0.458984	0.025391	0.821289	0.008789	0.915039
0.250000	0.091797	0.086914	0.068359	0.113281	0.028320	0.022461

gastro_unknown_2_pos_pattern_12
0.190429	0.085743	0.061815	0.032901	0.006979	0.983051	0.047856	0.021934	0.059821	0.013958	0.207378
0.244267	0.017946	0.035892	0.036889	0.980060	0.001994	0.033898	0.914257	0.006979	0.012961	0.155533
0.143569	0.708873	0.891326	0.010967	0.003988	0.011964	0.891326	0.017946	0.892323	0.958126	0.068794
0.421735	0.187438	0.010967	0.919242	0.008973	0.002991	0.026919	0.045862	0.040877	0.014955	0.568295

gastro_unknown_2_pos_pattern_13
0.327343	0.247754	0.145058	0.052632	0.017972	0.024390	0.008986	0.016688	0.037227	0.078306	0.183569
0.121951	0.056483	0.012837	0.002567	0.000000	0.001284	0.001284	0.003851	0.006418	0.025674	0.107831
0.214377	0.057766	0.015404	0.003851	0.000000	0.000000	0.000000	0.003851	0.001284	0.014121	0.064185
0.336329	0.637997	0.826701	0.940950	0.982028	0.974326	0.989730	0.975610	0.955071	0.881900	0.644416

gastro_unknown_2_pos_pattern_14
0.302632	0.041118	0.024671	0.000000	0.003289	0.049342	0.758224
0.233553	0.036184	0.016447	0.004934	0.782895	0.003289	0.078947
0.245066	0.434211	0.935855	0.000000	0.000000	0.939145	0.052632
0.218750	0.488487	0.023026	0.995066	0.213816	0.008224	0.110197

gastro_unknown_2_pos_pattern_15
0.195804	0.234266	0.122378	0.155594	0.083916	0.111888	0.027972	0.194056	0.055944	0.113636	0.031469	0.073427	0.041958	0.104895	0.145105	0.110140	0.190559	0.211538	0.113636	0.139860	0.160839	0.143357	0.183566
0.127622	0.062937	0.064685	0.038462	0.043706	0.031469	0.034965	0.050699	0.097902	0.036713	0.017483	0.020979	0.038462	0.034965	0.062937	0.118881	0.071678	0.050699	0.078671	0.101399	0.094406	0.104895	0.094406
0.508741	0.512238	0.750000	0.753497	0.825175	0.791958	0.895105	0.667832	0.791958	0.608392	0.916084	0.821678	0.823427	0.739510	0.667832	0.641608	0.643357	0.618881	0.678322	0.638112	0.604895	0.596154	0.575175
0.167832	0.190559	0.062937	0.052448	0.047203	0.064685	0.041958	0.087413	0.054196	0.241259	0.034965	0.083916	0.096154	0.120629	0.124126	0.129371	0.094406	0.118881	0.129371	0.120629	0.139860	0.155594	0.146853

gastro_unknown_2_pos_pattern_16
0.504655	0.804469	0.815642	0.035382	0.003724	0.013035	0.042831	0.258845	0.273743
0.081937	0.016760	0.011173	0.000000	0.003724	0.003724	0.009311	0.044693	0.100559
0.117318	0.031657	0.026071	0.003724	0.000000	0.001862	0.005587	0.046555	0.089385
0.296089	0.147114	0.147114	0.960894	0.992551	0.981378	0.942272	0.649907	0.536313

gastro_unknown_2_pos_pattern_17
0.174807	0.663239	0.429306	0.259640	0.015424	0.969152	0.974293	0.470437	0.059126	0.899743
0.424165	0.071979	0.146530	0.478149	0.971722	0.020566	0.017995	0.069409	0.776350	0.038560
0.089974	0.208226	0.161954	0.074550	0.010283	0.005141	0.005141	0.030848	0.087404	0.017995
0.311054	0.056555	0.262211	0.187661	0.002571	0.005141	0.002571	0.429306	0.077121	0.043702

gastro_unknown_2_pos_pattern_18
0.485075	0.160448	0.123134	0.324627	0.175373	0.503731	0.167910	0.216418	0.074627	0.686567	0.093284	0.074627	0.391791	0.052239	0.063433	0.171642	0.257463	0.126866	0.272388	0.563433	0.272388	0.257463	0.171642	0.257463
0.216418	0.541045	0.123134	0.138060	0.100746	0.037313	0.037313	0.063433	0.026119	0.167910	0.723881	0.022388	0.033582	0.018657	0.085821	0.391791	0.212687	0.597015	0.361940	0.149254	0.115672	0.115672	0.235075	0.485075
0.126866	0.164179	0.641791	0.149254	0.223881	0.339552	0.716418	0.634328	0.809701	0.048507	0.067164	0.063433	0.481343	0.873134	0.597015	0.197761	0.093284	0.070896	0.160448	0.093284	0.186567	0.175373	0.160448	0.082090
0.171642	0.134328	0.111940	0.388060	0.500000	0.119403	0.078358	0.085821	0.089552	0.097015	0.115672	0.839552	0.093284	0.055970	0.253731	0.238806	0.436567	0.205224	0.205224	0.194030	0.425373	0.451493	0.432836	0.175373

gastro_unknown_2_pos_pattern_19
0.316794	0.072519	0.022901	0.125954	0.347328	0.099237	0.438931	0.229008	0.106870	0.034351	0.354962	0.091603	0.045802	0.393130	0.061069	0.087786	0.354962	0.198473	0.251908	0.477099	0.652672
0.248092	0.641221	0.904580	0.045802	0.461832	0.030534	0.076336	0.019084	0.019084	0.053435	0.324427	0.641221	0.045802	0.110687	0.034351	0.122137	0.110687	0.530534	0.293893	0.282443	0.083969
0.274809	0.103053	0.019084	0.805344	0.061069	0.816794	0.335878	0.729008	0.835878	0.816794	0.183206	0.114504	0.049618	0.251908	0.866412	0.709924	0.290076	0.114504	0.087786	0.122137	0.152672
0.160305	0.183206	0.053435	0.022901	0.129771	0.053435	0.148855	0.022901	0.038168	0.095420	0.137405	0.152672	0.858779	0.244275	0.038168	0.080153	0.244275	0.156489	0.366412	0.118321	0.110687

gastro_unknown_2_pos_pattern_2
0.367781	0.024173	0.010383	0.013465	0.008761	0.941921	0.542018
0.270604	0.044938	0.007138	0.011032	0.964796	0.004218	0.204413
0.239293	0.555321	0.978585	0.005191	0.004380	0.038936	0.078520
0.122323	0.375568	0.003894	0.970311	0.022064	0.014925	0.175049

gastro_unknown_2_pos_pattern_20
0.228916	0.281124	0.144578	0.092369	0.060241	0.044177	0.116466	0.076305	0.092369	0.168675	0.076305	0.124498	0.040161	0.044177	0.124498	0.152610	0.180723	0.076305	0.064257	0.128514	0.212851
0.120482	0.048193	0.044177	0.016064	0.020080	0.032129	0.004016	0.032129	0.024096	0.040161	0.040161	0.028112	0.040161	0.016064	0.052209	0.008032	0.016064	0.028112	0.032129	0.072289	0.116466
0.216867	0.104418	0.060241	0.016064	0.028112	0.016064	0.016064	0.020080	0.016064	0.072289	0.068273	0.016064	0.028112	0.020080	0.028112	0.028112	0.020080	0.012048	0.024096	0.072289	0.092369
0.433735	0.566265	0.751004	0.875502	0.891566	0.907631	0.863454	0.871486	0.867470	0.718876	0.815261	0.831325	0.891566	0.919679	0.795181	0.811245	0.783133	0.883534	0.879518	0.726908	0.578313

gastro_unknown_2_pos_pattern_21
0.237705	0.143443	0.102459	0.077869	0.012295	0.008197	0.012295	0.004098	0.713115
0.143443	0.098361	0.040984	0.057377	0.012295	0.000000	0.008197	0.774590	0.008197
0.163934	0.209016	0.819672	0.036885	0.090164	0.991803	0.008197	0.004098	0.159836
0.454918	0.549180	0.036885	0.827869	0.885246	0.000000	0.971311	0.217213	0.118852

gastro_unknown_2_pos_pattern_22
0.020833	0.366667	0.037500	0.095833
0.037500	0.020833	0.379167	0.070833
0.912500	0.070833	0.470833	0.758333
0.029167	0.541667	0.112500	0.075000

gastro_unknown_2_pos_pattern_23
0.195531	0.212291	0.391061	0.117318	0.167598	0.122905	0.379888	0.128492	0.463687	0.067039	0.044693	0.039106	0.044693	0.072626	0.189944	0.284916	0.162011	0.083799	0.184358
0.301676	0.139665	0.145251	0.083799	0.117318	0.407821	0.385475	0.050279	0.351955	0.324022	0.067039	0.016760	0.039106	0.050279	0.100559	0.229050	0.519553	0.195531	0.089385
0.156425	0.525140	0.189944	0.748603	0.653631	0.184358	0.111732	0.798883	0.089385	0.474860	0.094972	0.932961	0.821229	0.569832	0.486034	0.251397	0.134078	0.195531	0.603352
0.346369	0.122905	0.273743	0.050279	0.061453	0.284916	0.122905	0.022346	0.094972	0.134078	0.793296	0.011173	0.094972	0.307263	0.223464	0.234637	0.184358	0.525140	0.122905

gastro_unknown_2_pos_pattern_24
0.257143	0.107143	0.064286	0.028571	0.014286	0.021429	0.528571	0.671429	0.307143	0.114286	0.157143	0.600000	0.057143	0.114286
0.178571	0.614286	0.035714	0.935714	0.035714	0.900000	0.050000	0.107143	0.107143	0.042857	0.628571	0.150000	0.307143	0.378571
0.442857	0.042857	0.842857	0.007143	0.942857	0.035714	0.400000	0.107143	0.100000	0.792857	0.128571	0.171429	0.035714	0.271429
0.121429	0.235714	0.057143	0.028571	0.007143	0.042857	0.021429	0.114286	0.485714	0.050000	0.085714	0.078571	0.600000	0.235714

gastro_unknown_2_pos_pattern_25
0.200000	0.184000	0.176000	0.112000	0.152000	0.584000	0.232000	0.248000	0.072000	0.080000	0.112000	0.080000	0.104000	0.096000	0.000000	0.008000	0.056000	0.048000	0.464000	0.056000	0.144000	0.216000	0.216000	0.048000	0.192000	0.040000	0.032000
0.104000	0.104000	0.544000	0.696000	0.232000	0.088000	0.096000	0.144000	0.024000	0.024000	0.048000	0.088000	0.696000	0.552000	0.016000	0.024000	0.000000	0.040000	0.224000	0.240000	0.264000	0.408000	0.224000	0.504000	0.064000	0.512000	0.048000
0.536000	0.616000	0.152000	0.136000	0.560000	0.224000	0.560000	0.192000	0.856000	0.776000	0.696000	0.760000	0.080000	0.112000	0.024000	0.960000	0.936000	0.824000	0.144000	0.520000	0.104000	0.024000	0.496000	0.192000	0.672000	0.072000	0.824000
0.160000	0.096000	0.128000	0.056000	0.056000	0.104000	0.112000	0.416000	0.048000	0.120000	0.144000	0.072000	0.120000	0.240000	0.960000	0.008000	0.008000	0.088000	0.168000	0.184000	0.488000	0.352000	0.064000	0.256000	0.072000	0.376000	0.096000

gastro_unknown_2_pos_pattern_26
0.235294	0.428571	0.025210	0.042017	0.000000	0.033613	0.907563	0.008403	0.537815	0.260504	0.260504	0.420168
0.436975	0.033613	0.907563	0.008403	0.025210	0.067227	0.016807	0.882353	0.142857	0.109244	0.168067	0.310924
0.084034	0.478992	0.016807	0.949580	0.016807	0.882353	0.033613	0.008403	0.210084	0.361345	0.294118	0.084034
0.243697	0.058824	0.050420	0.000000	0.957983	0.016807	0.042017	0.100840	0.109244	0.268908	0.277311	0.184874

gastro_unknown_2_pos_pattern_27
0.200000	0.139130	0.200000	0.060870	0.113043	0.182609	0.356522	0.252174	0.060870	0.104348	0.060870	0.173913
0.347826	0.452174	0.086957	0.817391	0.052174	0.617391	0.052174	0.373913	0.269565	0.791304	0.000000	0.695652
0.113043	0.069565	0.591304	0.043478	0.669565	0.086957	0.400000	0.130435	0.434783	0.026087	0.852174	0.060870
0.339130	0.339130	0.121739	0.078261	0.165217	0.113043	0.191304	0.243478	0.234783	0.078261	0.086957	0.069565

gastro_unknown_2_pos_pattern_28
0.327273	0.218182	0.472727	0.209091	0.254545	0.418182	0.181818	0.409091	0.163636	0.200000	0.327273	0.390909	0.745455	0.054545	0.054545	0.118182	0.236364	0.781818	0.136364	0.290909	0.100000	0.272727	0.481818	0.272727	0.381818	0.163636
0.200000	0.154545	0.027273	0.136364	0.072727	0.072727	0.054545	0.045455	0.181818	0.018182	0.127273	0.054545	0.036364	0.045455	0.000000	0.009091	0.027273	0.045455	0.081818	0.063636	0.118182	0.118182	0.063636	0.063636	0.100000	0.181818
0.063636	0.081818	0.109091	0.063636	0.036364	0.172727	0.109091	0.118182	0.090909	0.045455	0.254545	0.072727	0.063636	0.009091	0.009091	0.100000	0.009091	0.045455	0.045455	0.009091	0.136364	0.045455	0.209091	0.100000	0.100000	0.145455
0.409091	0.545455	0.390909	0.590909	0.636364	0.336364	0.654545	0.427273	0.563636	0.736364	0.290909	0.481818	0.154545	0.890909	0.936364	0.772727	0.727273	0.127273	0.736364	0.636364	0.645455	0.563636	0.245455	0.563636	0.418182	0.509091

gastro_unknown_2_pos_pattern_29
0.142857	0.602041	0.132653	0.173469	0.193878
0.500000	0.091837	0.275510	0.510204	0.132653
0.183673	0.214286	0.459184	0.153061	0.153061
0.173469	0.091837	0.132653	0.163265	0.520408

gastro_unknown_2_pos_pattern_3
0.382236	0.153102	0.095213	0.644203	0.520650	0.011059	0.003110	0.979264	0.984794	0.015034	0.052877	0.908070	0.195265	0.642993
0.196302	0.198548	0.397615	0.037498	0.017799	0.975462	0.993088	0.003110	0.007430	0.019872	0.850527	0.012442	0.204597	0.164679
0.214273	0.091757	0.137550	0.294971	0.401935	0.003974	0.000691	0.004493	0.004666	0.006048	0.067738	0.071712	0.503542	0.132711
0.207189	0.556592	0.369622	0.023328	0.059616	0.009504	0.003110	0.013133	0.003110	0.959046	0.028858	0.007776	0.096596	0.059616

gastro_unknown_2_pos_pattern_30
0.086022	0.086022	0.892473	0.032258	0.043011	0.021505	0.043011	0.064516	0.000000	0.032258	1.000000	0.989247	0.086022	0.000000	0.967742	0.827957	0.860215	0.064516	0.075269	0.107527	0.075269	0.774194	0.075269	0.021505	0.043011	0.021505	0.053763
0.053763	0.763441	0.043011	0.064516	0.043011	0.053763	0.021505	0.795699	0.989247	0.967742	0.000000	0.010753	0.000000	1.000000	0.021505	0.086022	0.021505	0.086022	0.096774	0.021505	0.870968	0.064516	0.086022	0.838710	0.010753	0.043011	0.043011
0.064516	0.064516	0.021505	0.021505	0.000000	0.075269	0.913978	0.129032	0.000000	0.000000	0.000000	0.000000	0.010753	0.000000	0.010753	0.043011	0.086022	0.021505	0.021505	0.817204	0.021505	0.150538	0.806452	0.086022	0.064516	0.053763	0.774194
0.795699	0.086022	0.043011	0.881720	0.913978	0.849462	0.021505	0.010753	0.010753	0.000000	0.000000	0.000000	0.903226	0.000000	0.000000	0.043011	0.032258	0.827957	0.806452	0.053763	0.032258	0.010753	0.032258	0.053763	0.881720	0.881720	0.129032

gastro_unknown_2_pos_pattern_31
0.077778	0.066667
0.066667	0.077778
0.022222	0.766667
0.833333	0.088889

gastro_unknown_2_pos_pattern_32
0.075758
0.075758
0.818182
0.030303

gastro_unknown_2_pos_pattern_33
0.090909	0.054545	0.200000	0.290909	0.672727	0.800000	0.072727	0.000000	0.036364	0.036364	0.818182	0.000000	0.018182	0.109091	0.018182	0.581818	0.072727	0.109091	0.072727	0.327273	0.854545	0.145455	0.254545	0.072727
0.581818	0.254545	0.654545	0.527273	0.090909	0.018182	0.000000	0.054545	0.000000	0.072727	0.072727	0.854545	0.036364	0.036364	0.072727	0.109091	0.545455	0.727273	0.145455	0.090909	0.054545	0.090909	0.090909	0.036364
0.236364	0.654545	0.090909	0.072727	0.072727	0.127273	0.890909	0.327273	0.945455	0.872727	0.090909	0.109091	0.054545	0.709091	0.872727	0.127273	0.290909	0.018182	0.054545	0.472727	0.090909	0.690909	0.000000	0.381818
0.090909	0.036364	0.054545	0.109091	0.163636	0.054545	0.036364	0.618182	0.018182	0.018182	0.018182	0.036364	0.890909	0.145455	0.036364	0.181818	0.090909	0.145455	0.727273	0.109091	0.000000	0.072727	0.654545	0.509091

gastro_unknown_2_pos_pattern_34
0.105263	0.105263	0.789474	0.763158	0.736842	0.026316	0.078947	0.105263
0.052632	0.131579	0.026316	0.052632	0.026316	0.026316	0.736842	0.710526
0.078947	0.078947	0.157895	0.105263	0.157895	0.763158	0.052632	0.105263
0.763158	0.684211	0.026316	0.078947	0.078947	0.184211	0.131579	0.078947

gastro_unknown_2_pos_pattern_35
0.555556	0.074074	0.148148	0.111111	0.037037	0.703704	0.333333	0.111111	0.111111	0.370370	0.074074	0.037037	0.000000	0.037037	0.962963	0.000000	0.555556
0.148148	0.259259	0.444444	0.259259	0.037037	0.074074	0.296296	0.037037	0.629630	0.000000	0.814815	0.000000	0.000000	0.000000	0.000000	0.962963	0.370370
0.259259	0.148148	0.333333	0.074074	0.629630	0.111111	0.296296	0.111111	0.000000	0.629630	0.037037	0.962963	0.000000	0.962963	0.000000	0.000000	0.037037
0.037037	0.518519	0.074074	0.555556	0.296296	0.111111	0.074074	0.740741	0.259259	0.000000	0.074074	0.000000	1.000000	0.000000	0.037037	0.037037	0.037037

gastro_unknown_2_pos_pattern_36
0.076923	0.115385	0.038462
0.923077	0.115385	0.730769
0.000000	0.000000	0.000000
0.000000	0.769231	0.230769

gastro_unknown_2_pos_pattern_37
0.923077	0.500000
0.038462	0.307692
0.000000	0.000000
0.038462	0.192308

gastro_unknown_2_pos_pattern_4
0.245618	0.091964	0.085135	0.040291	0.032779	0.012292	0.008195	0.950376	0.017073	0.122923	0.019804	0.008195	0.030275	0.270430	0.507170	0.279080
0.157979	0.068063	0.760983	0.848168	0.013658	0.972229	0.984748	0.012975	0.019121	0.376508	0.012975	0.020032	0.017756	0.061234	0.112224	0.121329
0.469838	0.529251	0.062827	0.074209	0.929206	0.008195	0.002732	0.006374	0.010699	0.189847	0.020260	0.014569	0.840656	0.423173	0.073981	0.064648
0.126565	0.310722	0.091054	0.037332	0.024357	0.007284	0.004325	0.030275	0.953107	0.310722	0.946961	0.957205	0.111313	0.245163	0.306624	0.534942

gastro_unknown_2_pos_pattern_5
0.202467	0.320755	0.002177	0.011369	0.992017	0.000484	0.027818	0.009434	0.184325	0.895985	0.052733
0.289308	0.035075	0.006289	0.029028	0.001209	0.989115	0.005806	0.020077	0.731737	0.015723	0.248428
0.143687	0.616594	0.000726	0.906628	0.005080	0.001693	0.966134	0.007499	0.058539	0.050556	0.134253
0.364538	0.027576	0.990808	0.052975	0.001693	0.008708	0.000242	0.962990	0.025399	0.037736	0.564586

gastro_unknown_2_pos_pattern_6
0.334064	0.256092	0.343811	0.271199	0.421784	0.059454	0.505117	0.019737	0.011940	0.057992	0.018031	0.108918	0.307749	0.414717	0.082115	0.375487	0.624269
0.219542	0.068957	0.035819	0.041667	0.029727	0.059942	0.333090	0.926901	0.011940	0.025585	0.004873	0.028021	0.151316	0.443957	0.526559	0.122807	0.042154
0.242690	0.528996	0.555068	0.588450	0.520468	0.851852	0.050926	0.022904	0.011209	0.897904	0.962963	0.691033	0.288255	0.039474	0.210039	0.308967	0.284844
0.203704	0.145955	0.065302	0.098684	0.028021	0.028752	0.110867	0.030458	0.964912	0.018519	0.014133	0.172027	0.252680	0.101852	0.181287	0.192739	0.048733

gastro_unknown_2_pos_pattern_7
0.179495	0.699311	0.042217	0.099081	0.043366	0.001723	0.003159	0.008329	0.048823	0.061459
0.450316	0.053992	0.690982	0.010626	0.012924	0.989374	0.991959	0.005457	0.192705	0.105974
0.162263	0.182941	0.055141	0.018093	0.012062	0.004021	0.001723	0.952901	0.667433	0.115451
0.207926	0.063756	0.211660	0.872200	0.931648	0.004882	0.003159	0.033314	0.091040	0.717117

gastro_unknown_2_pos_pattern_8
0.124858	0.246311	0.122020	0.053348	0.020431	0.912599	0.034620	0.014756	0.010216	0.011918	0.032917	0.675369
0.343927	0.027809	0.779796	0.020999	0.960272	0.022134	0.037457	0.013621	0.969921	0.009081	0.778661	0.049376
0.122020	0.680477	0.072645	0.883087	0.007946	0.032350	0.019296	0.953462	0.007378	0.964813	0.023837	0.144722
0.409194	0.045403	0.025539	0.042565	0.011351	0.032917	0.908627	0.018161	0.012486	0.014188	0.164586	0.130533

gastro_unknown_2_pos_pattern_9
0.140240	0.086681	0.108527	0.124031	0.651868	0.520085	0.249471	0.030303	0.075405	0.594080	0.045102	0.068358	0.362227	0.026075	0.014799	0.032417	0.032417
0.295983	0.770261	0.183932	0.755462	0.032417	0.096547	0.045807	0.014799	0.572939	0.208598	0.110641	0.285412	0.398168	0.079634	0.008457	0.018323	0.019027
0.334743	0.049331	0.649753	0.032417	0.235377	0.233263	0.319239	0.945032	0.186047	0.140240	0.082452	0.221987	0.143058	0.023961	0.952079	0.896406	0.880197
0.229035	0.093728	0.057787	0.088090	0.080338	0.150106	0.385483	0.009866	0.165610	0.057082	0.761804	0.424242	0.096547	0.870331	0.024665	0.052854	0.068358

muscle_1_pos_pattern_0
0.544573	0.284251	0.030398	0.974561	0.025870	0.968955	0.001294	0.015953	0.316697	0.631454	0.360785	0.144767	0.004204	0.024685	0.600517
0.088822	0.582947	0.949768	0.006144	0.965722	0.008085	0.000216	0.029859	0.156193	0.071036	0.073839	0.813517	0.984586	0.933491	0.017786
0.175380	0.095721	0.010240	0.013366	0.002695	0.009701	0.996443	0.945564	0.305918	0.069203	0.297833	0.004312	0.003126	0.007546	0.357767
0.191226	0.037081	0.009594	0.005929	0.005713	0.013259	0.002048	0.008623	0.221192	0.228307	0.267543	0.037404	0.008085	0.034278	0.023930

muscle_1_pos_pattern_1
0.280550	0.034833	0.049520	0.005084	0.021277	0.987385	0.005272	0.012992	0.000941	0.004707	0.067784	0.022783	0.418754	0.552815
0.316325	0.120128	0.524948	0.096404	0.054792	0.000941	0.007155	0.006778	0.003389	0.000753	0.443231	0.321032	0.136697	0.089060
0.038411	0.128413	0.186782	0.013933	0.853512	0.006967	0.003201	0.003954	0.994728	0.986632	0.045754	0.045754	0.361326	0.211448
0.364715	0.716626	0.238750	0.884579	0.070420	0.004707	0.984372	0.976276	0.000941	0.007908	0.443231	0.610431	0.083223	0.146677

muscle_1_pos_pattern_10
0.225885	0.092796	0.258852	0.075702	0.101343	0.197802	0.072039	0.021978	0.030525	0.061050	0.100122
0.131868	0.084249	0.373626	0.126984	0.772894	0.227106	0.774115	0.021978	0.921856	0.020757	0.599512
0.159951	0.654457	0.184371	0.664225	0.059829	0.494505	0.053724	0.935287	0.025641	0.860806	0.172161
0.482295	0.168498	0.183150	0.133089	0.065934	0.080586	0.100122	0.020757	0.021978	0.057387	0.128205

muscle_1_pos_pattern_11
0.250545	0.228758	0.117647	0.067538	0.115468	0.154684	0.132898	0.132898	0.061002	0.076253	0.054466	0.422658	0.176471	0.137255	0.209150	0.128540
0.217865	0.496732	0.649237	0.851852	0.026144	0.492375	0.071895	0.050109	0.032680	0.023965	0.045752	0.165577	0.272331	0.102397	0.071895	0.095861
0.333333	0.126362	0.156863	0.026144	0.825708	0.230937	0.644880	0.738562	0.801743	0.845316	0.766885	0.206972	0.294118	0.091503	0.490196	0.612200
0.198257	0.148148	0.076253	0.054466	0.032680	0.122004	0.150327	0.078431	0.104575	0.054466	0.132898	0.204793	0.257081	0.668845	0.228758	0.163399

muscle_1_pos_pattern_12
0.062338	0.064935	0.023377	0.901299	0.000000	0.002597	0.002597	0.049351	0.020779
0.345455	0.781818	0.444156	0.000000	0.002597	0.000000	0.000000	0.007792	0.303896
0.296104	0.059740	0.093506	0.038961	0.000000	0.002597	0.997403	0.064935	0.127273
0.296104	0.093506	0.438961	0.059740	0.997403	0.994805	0.000000	0.877922	0.548052

muscle_1_pos_pattern_13
0.329825	0.315789	0.312281	0.259649	0.207018	0.157895	0.171930	0.249123	0.301754	0.354386	0.024561	0.010526	0.000000	0.003509	0.063158	0.073684	0.200000	0.178947
0.073684	0.017544	0.101754	0.084211	0.073684	0.077193	0.112281	0.042105	0.014035	0.010526	0.000000	0.000000	0.000000	0.000000	0.031579	0.084211	0.101754	0.119298
0.066667	0.105263	0.035088	0.042105	0.101754	0.108772	0.049123	0.066667	0.049123	0.000000	0.010526	0.000000	0.000000	0.007018	0.024561	0.045614	0.094737	0.087719
0.529825	0.561404	0.550877	0.614035	0.617544	0.656140	0.666667	0.642105	0.635088	0.635088	0.964912	0.989474	1.000000	0.989474	0.880702	0.796491	0.603509	0.614035

muscle_1_pos_pattern_14
0.149660	0.122449	0.183673	0.136054	0.102041	0.217687	0.020408	0.006803	0.013605	0.945578	0.006803	0.122449	0.326531	0.054422	0.047619	0.013605	0.183673	0.102041	0.088435	0.047619	0.020408	0.034014	0.122449	0.632653
0.598639	0.136054	0.503401	0.115646	0.074830	0.414966	0.952381	0.986395	0.979592	0.006803	0.000000	0.095238	0.074830	0.088435	0.646259	0.414966	0.136054	0.591837	0.047619	0.006803	0.238095	0.027211	0.149660	0.040816
0.095238	0.068027	0.088435	0.619048	0.081633	0.034014	0.020408	0.000000	0.006803	0.040816	0.979592	0.714286	0.557823	0.061224	0.244898	0.000000	0.027211	0.047619	0.034014	0.897959	0.659864	0.891156	0.142857	0.238095
0.156463	0.673469	0.224490	0.129252	0.741497	0.333333	0.006803	0.006803	0.000000	0.006803	0.013605	0.068027	0.040816	0.795918	0.061224	0.571429	0.653061	0.258503	0.829932	0.047619	0.081633	0.047619	0.585034	0.088435

muscle_1_pos_pattern_15
0.089888	0.112360	0.516854	0.516854	0.573034	0.033708	0.134831	0.022472	0.539326	0.101124	0.044944	0.000000	0.348315	0.887640	0.011236	0.044944	0.022472	0.000000	0.000000	0.089888	0.595506	0.539326	0.022472	0.022472	0.067416	0.067416	0.022472	0.325843	0.606742
0.269663	0.033708	0.247191	0.303371	0.078652	0.078652	0.033708	0.011236	0.011236	0.280899	0.932584	1.000000	0.011236	0.000000	0.000000	0.292135	0.977528	0.955056	0.966292	0.044944	0.337079	0.022472	0.932584	0.000000	0.011236	0.269663	0.359551	0.044944	0.269663
0.528090	0.741573	0.101124	0.022472	0.044944	0.011236	0.764045	0.943820	0.337079	0.595506	0.000000	0.000000	0.044944	0.078652	0.955056	0.044944	0.000000	0.011236	0.000000	0.033708	0.033708	0.101124	0.022472	0.966292	0.325843	0.056180	0.056180	0.044944	0.056180
0.112360	0.112360	0.134831	0.157303	0.303371	0.876404	0.067416	0.022472	0.112360	0.022472	0.022472	0.000000	0.595506	0.033708	0.033708	0.617978	0.000000	0.033708	0.033708	0.831461	0.033708	0.337079	0.022472	0.011236	0.595506	0.606742	0.561798	0.584270	0.067416

muscle_1_pos_pattern_16
0.730337	0.033708	0.078652	0.775281	0.044944	0.101124	0.022472	0.011236	0.000000	0.977528	0.000000	0.000000	0.786517	0.011236	0.056180	0.033708	0.011236	0.056180	0.033708	0.056180	0.000000	0.011236	0.078652	0.775281	0.820225
0.101124	0.786517	0.067416	0.101124	0.000000	0.056180	0.146067	0.977528	1.000000	0.000000	0.011236	0.033708	0.112360	0.887640	0.921348	0.078652	0.887640	0.056180	0.943820	0.022472	0.022472	0.134831	0.146067	0.056180	0.011236
0.112360	0.011236	0.011236	0.067416	0.876404	0.078652	0.022472	0.011236	0.000000	0.022472	0.988764	0.056180	0.033708	0.000000	0.000000	0.764045	0.022472	0.842697	0.011236	0.887640	0.955056	0.067416	0.022472	0.056180	0.078652
0.056180	0.168539	0.842697	0.056180	0.078652	0.764045	0.808989	0.000000	0.000000	0.000000	0.000000	0.910112	0.067416	0.101124	0.022472	0.123596	0.078652	0.044944	0.011236	0.033708	0.022472	0.786517	0.752809	0.112360	0.089888

muscle_1_pos_pattern_17
0.204545	0.181818	0.977273	0.011364	0.000000	0.000000	0.772727	0.840909	0.988636	0.011364	0.056818	0.636364	0.056818	0.079545	0.590909
0.136364	0.125000	0.022727	0.000000	0.000000	0.988636	0.022727	0.125000	0.000000	0.011364	0.045455	0.147727	0.056818	0.738636	0.159091
0.170455	0.136364	0.000000	0.000000	0.988636	0.000000	0.034091	0.011364	0.011364	0.034091	0.352273	0.000000	0.806818	0.102273	0.136364
0.488636	0.556818	0.000000	0.988636	0.011364	0.011364	0.170455	0.022727	0.000000	0.943182	0.545455	0.215909	0.079545	0.079545	0.113636

muscle_1_pos_pattern_18
0.060606	0.121212	0.181818	0.681818
0.136364	0.151515	0.060606	0.075758
0.045455	0.075758	0.045455	0.166667
0.757576	0.651515	0.712121	0.075758

muscle_1_pos_pattern_19
0.379310	0.103448	0.189655	0.362069	0.120690	0.086207	0.103448	0.120690	0.000000	0.224138	0.413793	0.068966	0.275862	0.103448	0.017241	0.017241	0.034483	0.051724	0.034483	0.068966
0.068966	0.706897	0.431034	0.068966	0.086207	0.051724	0.172414	0.275862	0.965517	0.000000	0.120690	0.224138	0.534483	0.327586	0.965517	0.034483	0.965517	0.000000	0.310345	0.051724
0.448276	0.068966	0.120690	0.068966	0.620690	0.551724	0.413793	0.586207	0.017241	0.741379	0.431034	0.413793	0.017241	0.500000	0.000000	0.948276	0.000000	0.896552	0.603448	0.724138
0.103448	0.120690	0.258621	0.500000	0.172414	0.310345	0.310345	0.017241	0.017241	0.034483	0.034483	0.293103	0.172414	0.068966	0.017241	0.000000	0.000000	0.051724	0.051724	0.155172

muscle_1_pos_pattern_2
0.181244	0.091073	0.019612	0.009468	0.981515	0.003156	0.043733	0.020063	0.233544	0.619477
0.183499	0.013977	0.024121	0.929892	0.005861	0.976781	0.016456	0.337466	0.067178	0.100992
0.283589	0.888188	0.009243	0.047791	0.008566	0.001803	0.929892	0.030884	0.630974	0.158251
0.351668	0.006763	0.947024	0.012849	0.004058	0.018260	0.009919	0.611587	0.068305	0.121280

muscle_1_pos_pattern_20
0.839286	0.071429	0.678571	0.053571	0.053571
0.000000	0.089286	0.089286	0.857143	0.607143
0.071429	0.178571	0.232143	0.000000	0.214286
0.089286	0.660714	0.000000	0.089286	0.125000

muscle_1_pos_pattern_21
0.255319	0.106383	0.319149	0.127660	0.148936	0.319149	0.063830	0.000000	0.148936	0.042553	0.382979	0.148936	0.063830	0.021277	0.489362	0.297872	0.212766	0.191489	0.446809	0.276596	0.425532	0.489362
0.319149	0.531915	0.212766	0.063830	0.148936	0.042553	0.085106	0.085106	0.042553	0.106383	0.234043	0.021277	0.063830	0.106383	0.170213	0.361702	0.297872	0.085106	0.127660	0.425532	0.234043	0.106383
0.212766	0.191489	0.297872	0.510638	0.404255	0.489362	0.531915	0.829787	0.617021	0.808511	0.042553	0.744681	0.170213	0.744681	0.319149	0.085106	0.234043	0.361702	0.340426	0.127660	0.148936	0.255319
0.212766	0.170213	0.170213	0.297872	0.297872	0.148936	0.319149	0.085106	0.191489	0.042553	0.340426	0.085106	0.702128	0.127660	0.021277	0.255319	0.255319	0.361702	0.085106	0.170213	0.191489	0.148936

muscle_1_pos_pattern_22
0.833333	0.138889	0.750000	0.083333	0.055556	0.194444
0.000000	0.055556	0.027778	0.000000	0.861111	0.666667
0.138889	0.666667	0.111111	0.861111	0.000000	0.083333
0.027778	0.138889	0.111111	0.055556	0.083333	0.055556

muscle_1_pos_pattern_23
0.843750	0.093750
0.031250	0.625000
0.093750	0.000000
0.031250	0.281250

muscle_1_pos_pattern_3
0.178381	0.062833	0.227902	0.187966	0.117678	0.243876	0.157348	0.017572	0.014111	0.937966	0.036475	0.078275	0.038871	0.043131	0.073749	0.078807	0.166667
0.392173	0.246006	0.310437	0.199414	0.077476	0.263845	0.708200	0.950213	0.948083	0.011715	0.024494	0.055644	0.880724	0.582268	0.598243	0.553781	0.536741
0.191960	0.059372	0.122204	0.523962	0.408147	0.178647	0.040735	0.017838	0.009585	0.031949	0.911874	0.397231	0.041001	0.049787	0.039936	0.033014	0.086528
0.237487	0.631789	0.339457	0.088658	0.396699	0.313632	0.093717	0.014377	0.028222	0.018371	0.027157	0.468850	0.039404	0.324814	0.288072	0.334398	0.210064

muscle_1_pos_pattern_4
0.184757	0.255387	0.000399	0.005986	0.998005	0.000798	0.010375	0.003990	0.100559	0.907821	0.067438
0.245411	0.015563	0.001197	0.021947	0.000798	0.996808	0.003591	0.015962	0.814445	0.022745	0.323224
0.138468	0.721868	0.002394	0.961293	0.000399	0.000000	0.985634	0.003990	0.067837	0.048284	0.091381
0.431365	0.007183	0.996010	0.010774	0.000798	0.002394	0.000399	0.976057	0.017159	0.021149	0.517957

muscle_1_pos_pattern_5
0.173251	0.230453	0.042387	0.064198	0.035391	0.011523	0.004115	0.000823	0.989712	0.003292	0.079012	0.006996	0.001646	0.020576	0.289712	0.585185	0.288477
0.440329	0.121399	0.044444	0.837449	0.923457	0.001646	0.991358	0.997119	0.004938	0.005761	0.433333	0.006173	0.007819	0.014403	0.039918	0.081893	0.085597
0.106584	0.552675	0.615638	0.041152	0.032099	0.983128	0.002058	0.000823	0.002058	0.000000	0.162551	0.005350	0.007819	0.882716	0.432099	0.057613	0.051440
0.279835	0.095473	0.297531	0.057202	0.009053	0.003704	0.002469	0.001235	0.003292	0.990947	0.325103	0.981481	0.982716	0.082305	0.238272	0.275309	0.574486

muscle_1_pos_pattern_6
0.263131	0.087200	0.113717	0.131566	0.041305	0.010199	0.914839	0.016828	0.008669	0.014278	0.005609	0.021418
0.267211	0.094850	0.017338	0.796022	0.010199	0.973483	0.034676	0.029067	0.004080	0.954615	0.014278	0.657828
0.197348	0.059153	0.844467	0.044875	0.926568	0.008159	0.027027	0.022438	0.975523	0.004589	0.951555	0.021928
0.272310	0.758797	0.024477	0.027537	0.021928	0.008159	0.023457	0.931668	0.011729	0.026517	0.028557	0.298827

muscle_1_pos_pattern_7
0.149616	0.134240	0.124778	0.122413	0.027203	0.839148	0.017741	0.007688	0.040804	0.004731	0.120639
0.189237	0.037847	0.138971	0.166174	0.932584	0.086931	0.026611	0.971023	0.007096	0.006505	0.099349
0.162034	0.688350	0.671792	0.050266	0.018332	0.013601	0.947368	0.002957	0.906564	0.981076	0.186872
0.499113	0.139562	0.064459	0.661147	0.021881	0.060319	0.008279	0.018332	0.045535	0.007688	0.593140

muscle_1_pos_pattern_8
0.223480	0.183552	0.081049	0.035161	0.030393	0.023838	0.467819	0.062574	0.059595	0.054827	0.066746	0.307509	0.197855	0.199642	0.218713
0.168653	0.062574	0.039928	0.027414	0.014899	0.020858	0.087008	0.031585	0.025030	0.033373	0.048868	0.079857	0.139452	0.097735	0.095352
0.383790	0.647199	0.786651	0.879023	0.904648	0.933254	0.277116	0.845054	0.854589	0.853993	0.808701	0.404648	0.532777	0.572706	0.545888
0.224076	0.106675	0.092372	0.058403	0.050060	0.022050	0.168057	0.060787	0.060787	0.057807	0.075685	0.207986	0.129917	0.129917	0.140048

muscle_1_pos_pattern_9
0.230920	0.056751	0.330724	0.080235	0.320939	0.079256	0.111546	0.063601	0.095890	0.022505	0.224070	0.142857
0.401174	0.803327	0.351272	0.648728	0.143836	0.069472	0.098826	0.027397	0.045010	0.011742	0.163405	0.140900
0.190802	0.061644	0.187867	0.098826	0.265166	0.805284	0.585127	0.861057	0.748532	0.922701	0.213307	0.535225
0.177104	0.078278	0.130137	0.172211	0.270059	0.045988	0.204501	0.047945	0.110568	0.043053	0.399217	0.181018

muscle_2_pos_pattern_0
0.309559	0.562084	0.287632	0.019956	0.974994	0.020325	0.970682	0.002833	0.016876	0.321015	0.648436	0.369056	0.137595	0.005666	0.022912	0.594728
0.258808	0.086351	0.579084	0.964893	0.007514	0.970559	0.008007	0.003080	0.020079	0.159153	0.069968	0.065287	0.828036	0.984233	0.947894	0.020202
0.142646	0.167283	0.098300	0.008992	0.012811	0.004311	0.008500	0.989653	0.956886	0.307465	0.066519	0.307342	0.003942	0.004188	0.004804	0.365730
0.288987	0.184282	0.034984	0.006159	0.004681	0.004804	0.012811	0.004435	0.006159	0.212368	0.215078	0.258315	0.030426	0.005913	0.024390	0.019340

muscle_2_pos_pattern_1
0.188679	0.127281	0.120322	0.069285	0.023044	0.024745	0.042994	0.936746	0.002474
0.114754	0.176152	0.057222	0.802505	0.003866	0.018095	0.068203	0.013455	0.970616
0.170894	0.093257	0.751779	0.041912	0.961336	0.011444	0.843334	0.013919	0.003866
0.525673	0.603310	0.070677	0.086298	0.011754	0.945716	0.045469	0.035880	0.023044

muscle_2_pos_pattern_10
0.241549	0.222535	0.128169	0.287324	0.081690	0.017606	0.322535	0.116901	0.170423	0.045070	0.064789	0.109859	0.145775
0.100000	0.043662	0.036620	0.029577	0.019718	0.010563	0.057042	0.114085	0.059155	0.019718	0.019014	0.047887	0.102817
0.459859	0.635915	0.797183	0.624648	0.855634	0.942254	0.538732	0.681690	0.408451	0.897183	0.862676	0.676056	0.557042
0.198592	0.097887	0.038028	0.058451	0.042958	0.029577	0.081690	0.087324	0.361972	0.038028	0.053521	0.166197	0.194366

muscle_2_pos_pattern_11
0.199538	0.063945	0.067026	0.659476	0.120955	0.010015	0.001541	0.963020	0.001541	0.730354
0.181818	0.127119	0.045455	0.154854	0.045455	0.025424	0.001541	0.002311	0.989214	0.063174
0.215716	0.036210	0.824345	0.104777	0.077042	0.004622	0.996148	0.013097	0.000770	0.140986
0.402928	0.772727	0.063174	0.080894	0.756549	0.959938	0.000770	0.021572	0.008475	0.065485

muscle_2_pos_pattern_12
0.111632	0.035129	0.064012	0.103825	0.669789	0.661983	0.333333	0.009368	0.086651	0.768931	0.021077	0.040593	0.435597	0.011710	0.008587	0.006245	0.056206
0.380952	0.851678	0.073380	0.765808	0.026542	0.074941	0.020297	0.007026	0.636222	0.115535	0.139735	0.278689	0.348165	0.083528	0.015613	0.006245	0.011710
0.275566	0.029664	0.846995	0.021077	0.237315	0.144418	0.235753	0.971897	0.191257	0.066354	0.087432	0.213115	0.129586	0.022639	0.921155	0.985948	0.860265
0.231850	0.083528	0.015613	0.109290	0.066354	0.118657	0.410617	0.011710	0.085870	0.049180	0.751756	0.467603	0.086651	0.882123	0.054645	0.001561	0.071819

muscle_2_pos_pattern_13
0.338583	0.083990	0.060367	0.090551	0.421260	0.167979	0.439633	0.204724	0.057743	0.052493	0.232283	0.068241	0.104987	0.225722	0.038058	0.080052	0.242782
0.220472	0.685039	0.847769	0.186352	0.366142	0.032808	0.039370	0.020997	0.013123	0.069554	0.375328	0.721785	0.162730	0.081365	0.024934	0.059055	0.062992
0.312336	0.102362	0.039370	0.677165	0.085302	0.698163	0.406824	0.742782	0.900262	0.799213	0.237533	0.085302	0.083990	0.409449	0.846457	0.762467	0.553806
0.128609	0.128609	0.052493	0.045932	0.127297	0.101050	0.114173	0.031496	0.028871	0.078740	0.154856	0.124672	0.648294	0.283465	0.090551	0.098425	0.140420

muscle_2_pos_pattern_14
0.160131	0.068627	0.436275	0.393791	0.207516	0.191176	0.400327	0.124183	0.104575	0.071895	0.075163	0.053922	0.094771	0.080065
0.303922	0.826797	0.138889	0.205882	0.160131	0.225490	0.176471	0.218954	0.715686	0.063725	0.810458	0.083333	0.736928	0.037582
0.109477	0.039216	0.297386	0.235294	0.225490	0.426471	0.233660	0.415033	0.053922	0.803922	0.039216	0.795752	0.060458	0.828431
0.426471	0.065359	0.127451	0.165033	0.406863	0.156863	0.189542	0.241830	0.125817	0.060458	0.075163	0.066993	0.107843	0.053922

muscle_2_pos_pattern_15
0.530864	0.044092	0.093474	0.144621	0.149912	0.005291	0.005291	0.964727	0.007055	0.278660
0.142857	0.809524	0.761905	0.049383	0.560847	0.005291	0.005291	0.010582	0.929453	0.647266
0.153439	0.047619	0.022928	0.751323	0.194004	0.001764	0.977072	0.012346	0.007055	0.045855
0.172840	0.098765	0.121693	0.054674	0.095238	0.987654	0.012346	0.012346	0.056437	0.028219

muscle_2_pos_pattern_16
0.151852	0.103704	0.105556	0.333333	0.112963	0.337037	0.133333	0.170370	0.138889	0.075926	0.287037	0.046296	0.057407	0.038889	0.046296	0.092593	0.372222	0.366667	0.127778	0.188889	0.612963
0.418519	0.659259	0.155556	0.355556	0.055556	0.148148	0.020370	0.031481	0.033333	0.061111	0.427778	0.846296	0.109259	0.035185	0.027778	0.031481	0.155556	0.238889	0.564815	0.238889	0.072222
0.237037	0.094444	0.618519	0.127778	0.701852	0.212963	0.818519	0.755556	0.737037	0.757407	0.064815	0.029630	0.035185	0.842593	0.851852	0.716667	0.274074	0.203704	0.079630	0.331481	0.218519
0.192593	0.142593	0.120370	0.183333	0.129630	0.301852	0.027778	0.042593	0.090741	0.105556	0.220370	0.077778	0.798148	0.083333	0.074074	0.159259	0.198148	0.190741	0.227778	0.240741	0.096296

muscle_2_pos_pattern_17
0.108108	0.046332	0.092664	0.216216	0.088803	0.005792	0.052124
0.409266	0.803089	0.009653	0.459459	0.086873	0.961390	0.013514
0.314672	0.044402	0.795367	0.214286	0.133205	0.009653	0.922780
0.167954	0.106178	0.102317	0.110039	0.691120	0.023166	0.011583

muscle_2_pos_pattern_18
0.254902	0.127451	0.166667	0.536765	0.122549	0.129902	0.093137	0.049020	0.056373	0.044118	0.061275	0.227941	0.105392	0.507353	0.210784	0.433824	0.151961	0.139706	0.156863	0.078431	0.098039	0.127451	0.509804
0.166667	0.512255	0.127451	0.132353	0.210784	0.669118	0.066176	0.867647	0.019608	0.813725	0.022059	0.120098	0.090686	0.174020	0.196078	0.178922	0.612745	0.551471	0.205882	0.112745	0.098039	0.107843	0.100490
0.436275	0.075980	0.551471	0.125000	0.492647	0.049020	0.796569	0.019608	0.860294	0.044118	0.867647	0.541667	0.634804	0.134804	0.414216	0.142157	0.107843	0.144608	0.151961	0.732843	0.188725	0.669118	0.200980
0.142157	0.284314	0.154412	0.205882	0.174020	0.151961	0.044118	0.063725	0.063725	0.098039	0.049020	0.110294	0.169118	0.183824	0.178922	0.245098	0.127451	0.164216	0.485294	0.075980	0.615196	0.095588	0.188725

muscle_2_pos_pattern_19
0.295652	0.101449	0.014493	0.031884	0.008696	0.028986	0.017391	0.014493	0.020290	0.020290	0.055072	0.057971	0.052174	0.115942	0.084058	0.162319	0.118841	0.211594	0.182609	0.188406
0.049275	0.040580	0.002899	0.008696	0.008696	0.005797	0.023188	0.014493	0.023188	0.017391	0.046377	0.057971	0.046377	0.060870	0.075362	0.075362	0.124638	0.069565	0.144928	0.142029
0.153623	0.055072	0.008696	0.005797	0.008696	0.014493	0.005797	0.002899	0.017391	0.020290	0.017391	0.026087	0.031884	0.040580	0.046377	0.086957	0.086957	0.078261	0.173913	0.104348
0.501449	0.802899	0.973913	0.953623	0.973913	0.950725	0.953623	0.968116	0.939130	0.942029	0.881159	0.857971	0.869565	0.782609	0.794203	0.675362	0.666667	0.637681	0.495652	0.562319

muscle_2_pos_pattern_2
0.122879	0.597894	0.477373	0.010214	0.002514	0.932118	0.955217	0.003928	0.029227	0.888906	0.249529	0.625550
0.351823	0.059397	0.043369	0.936361	0.989943	0.011314	0.016342	0.003143	0.915776	0.006757	0.228158	0.122250
0.177718	0.275141	0.385764	0.006914	0.002671	0.025927	0.018385	0.003928	0.040383	0.088309	0.445632	0.162948
0.347580	0.067568	0.093495	0.046512	0.004871	0.030641	0.010057	0.989001	0.014613	0.016028	0.076681	0.089252

muscle_2_pos_pattern_20
0.096346	0.242525	0.594684	0.196013	0.179402	0.205980	0.149502
0.681063	0.096346	0.069767	0.056478	0.073090	0.146179	0.192691
0.079734	0.498339	0.149502	0.604651	0.514950	0.149502	0.142857
0.142857	0.162791	0.186047	0.142857	0.232558	0.498339	0.514950

muscle_2_pos_pattern_21
0.111765	0.217647	0.329412	0.100000	0.305882	0.188235	0.352941	0.005882	0.717647	0.052941	0.052941	0.011765	0.023529	0.111765	0.047059	0.223529	0.070588	0.064706	0.064706	0.182353
0.352941	0.035294	0.082353	0.047059	0.041176	0.341176	0.388235	0.035294	0.205882	0.276471	0.052941	0.000000	0.005882	0.041176	0.029412	0.511765	0.647059	0.082353	0.035294	0.064706
0.094118	0.652941	0.405882	0.758824	0.605882	0.158824	0.100000	0.941176	0.029412	0.552941	0.023529	0.988235	0.952941	0.770588	0.811765	0.141176	0.052941	0.100000	0.764706	0.629412
0.441176	0.094118	0.182353	0.094118	0.047059	0.311765	0.158824	0.017647	0.047059	0.117647	0.870588	0.000000	0.017647	0.076471	0.111765	0.123529	0.229412	0.752941	0.135294	0.123529

muscle_2_pos_pattern_22
0.257812	0.585938	0.773438	0.890625	0.218750	0.000000	0.015625	0.031250	0.367188	0.398438	0.500000	0.195312	0.132812	0.140625	0.132812	0.226562	0.289062	0.195312	0.273438
0.187500	0.109375	0.023438	0.031250	0.015625	0.007812	0.007812	0.023438	0.015625	0.179688	0.062500	0.093750	0.101562	0.023438	0.070312	0.093750	0.140625	0.140625	0.093750
0.132812	0.117188	0.054688	0.015625	0.031250	0.000000	0.007812	0.007812	0.085938	0.109375	0.085938	0.234375	0.070312	0.093750	0.093750	0.078125	0.109375	0.085938	0.101562
0.421875	0.187500	0.148438	0.062500	0.734375	0.992188	0.968750	0.937500	0.531250	0.312500	0.351562	0.476562	0.695312	0.742188	0.703125	0.601562	0.460938	0.578125	0.531250

muscle_2_pos_pattern_23
0.362205	0.086614	0.385827	0.173228	0.055118	0.023622	0.149606	0.062992	0.047244	0.031496	0.094488	0.440945	0.661417	0.559055	0.125984	0.291339	0.606299	0.102362	0.141732	0.362205
0.181102	0.078740	0.173228	0.251969	0.700787	0.031496	0.677165	0.212598	0.874016	0.031496	0.653543	0.141732	0.055118	0.094488	0.031496	0.385827	0.181102	0.330709	0.425197	0.330709
0.181102	0.661417	0.141732	0.409449	0.062992	0.905512	0.110236	0.685039	0.023622	0.874016	0.055118	0.259843	0.118110	0.086614	0.716535	0.149606	0.118110	0.055118	0.283465	0.181102
0.275591	0.173228	0.299213	0.165354	0.181102	0.039370	0.062992	0.039370	0.055118	0.062992	0.196850	0.157480	0.165354	0.259843	0.125984	0.173228	0.094488	0.511811	0.149606	0.125984

muscle_2_pos_pattern_24
0.144068	0.110169	0.271186	0.567797	0.127119	0.110169	0.288136	0.067797	0.389831	0.093220	0.084746	0.093220	0.050847	0.076271	0.016949	0.016949	0.118644	0.177966	0.669492	0.161017	0.161017	0.050847	0.618644	0.025424	0.593220
0.220339	0.559322	0.033898	0.093220	0.110169	0.152542	0.432203	0.033898	0.118644	0.067797	0.788136	0.042373	0.779661	0.033898	0.898305	0.025424	0.144068	0.127119	0.144068	0.084746	0.118644	0.084746	0.050847	0.754237	0.186441
0.440678	0.135593	0.135593	0.169492	0.152542	0.271186	0.093220	0.813559	0.076271	0.644068	0.025424	0.805085	0.084746	0.822034	0.008475	0.923729	0.076271	0.567797	0.093220	0.093220	0.025424	0.822034	0.144068	0.076271	0.101695
0.194915	0.194915	0.559322	0.169492	0.610169	0.466102	0.186441	0.084746	0.415254	0.194915	0.101695	0.059322	0.084746	0.067797	0.076271	0.033898	0.661017	0.127119	0.093220	0.661017	0.694915	0.042373	0.186441	0.144068	0.118644

muscle_2_pos_pattern_25
0.144231	0.461538	0.057692	0.134615	0.125000	0.105769	0.721154	0.115385	0.298077	0.432692	0.201923	0.096154	0.067308	0.105769	0.057692	0.019231	0.086538	0.230769	0.105769	0.403846	0.163462	0.086538	0.432692	0.432692	0.182692	0.144231
0.548077	0.153846	0.653846	0.038462	0.096154	0.461538	0.067308	0.528846	0.076923	0.250000	0.057692	0.798077	0.028846	0.740385	0.028846	0.875000	0.028846	0.326923	0.144231	0.259615	0.480769	0.346154	0.163462	0.163462	0.403846	0.250000
0.182692	0.230769	0.144231	0.759615	0.096154	0.230769	0.086538	0.067308	0.317308	0.153846	0.586538	0.048077	0.846154	0.048077	0.807692	0.019231	0.855769	0.115385	0.653846	0.115385	0.250000	0.163462	0.163462	0.201923	0.192308	0.538462
0.125000	0.153846	0.144231	0.067308	0.682692	0.201923	0.125000	0.288462	0.307692	0.163462	0.153846	0.057692	0.057692	0.105769	0.105769	0.086538	0.028846	0.326923	0.096154	0.221154	0.105769	0.403846	0.240385	0.201923	0.221154	0.067308

muscle_2_pos_pattern_26
0.575758	0.454545	0.505051	0.505051	0.131313	0.050505	0.353535	0.111111	0.545455	0.232323	0.343434	0.040404	0.686869	0.020202	0.030303	0.484848	0.050505	0.030303	0.151515	0.272727	0.131313	0.171717	0.676768	0.333333	0.242424	0.090909	0.313131
0.151515	0.212121	0.161616	0.202020	0.585859	0.080808	0.101010	0.020202	0.010101	0.050505	0.030303	0.030303	0.141414	0.868687	0.030303	0.010101	0.020202	0.030303	0.434343	0.121212	0.686869	0.474747	0.080808	0.070707	0.070707	0.262626	0.484848
0.131313	0.181818	0.111111	0.202020	0.111111	0.808081	0.121212	0.333333	0.363636	0.646465	0.585859	0.838384	0.080808	0.010101	0.060606	0.444444	0.898990	0.767677	0.151515	0.080808	0.080808	0.151515	0.101010	0.141414	0.101010	0.141414	0.131313
0.141414	0.151515	0.222222	0.090909	0.171717	0.060606	0.424242	0.535354	0.080808	0.070707	0.040404	0.090909	0.090909	0.101010	0.878788	0.060606	0.030303	0.171717	0.262626	0.525253	0.101010	0.202020	0.141414	0.454545	0.585859	0.505051	0.070707

muscle_2_pos_pattern_27
0.448276	0.517241	0.448276	0.091954	0.057471	0.103448	0.126437	0.252874	0.356322	0.494253	0.505747	0.321839	0.172414	0.034483	0.022989	0.091954	0.091954
0.160920	0.103448	0.011494	0.080460	0.068966	0.091954	0.103448	0.091954	0.195402	0.045977	0.080460	0.011494	0.022989	0.011494	0.000000	0.068966	0.149425
0.275862	0.057471	0.045977	0.068966	0.022989	0.149425	0.057471	0.126437	0.080460	0.057471	0.045977	0.034483	0.000000	0.011494	0.000000	0.045977	0.091954
0.114943	0.321839	0.494253	0.758621	0.850575	0.655172	0.712644	0.528736	0.367816	0.402299	0.367816	0.632184	0.804598	0.942529	0.977011	0.793103	0.666667

muscle_2_pos_pattern_28
0.212500	0.025000	0.012500	0.975000	0.000000	0.125000	0.062500	0.187500	0.212500	0.287500	0.162500	0.150000	0.312500	0.150000	0.300000	0.175000	0.187500	0.162500	0.137500
0.200000	0.012500	0.000000	0.000000	0.950000	0.575000	0.300000	0.275000	0.300000	0.162500	0.175000	0.187500	0.137500	0.325000	0.175000	0.475000	0.100000	0.262500	0.162500
0.237500	0.000000	0.987500	0.025000	0.012500	0.262500	0.337500	0.112500	0.212500	0.262500	0.387500	0.387500	0.212500	0.162500	0.325000	0.075000	0.387500	0.275000	0.475000
0.350000	0.962500	0.000000	0.000000	0.037500	0.037500	0.300000	0.425000	0.275000	0.287500	0.275000	0.275000	0.337500	0.362500	0.200000	0.275000	0.325000	0.300000	0.225000

muscle_2_pos_pattern_29
0.115385	0.166667	0.128205	0.179487	0.448718	0.333333	0.269231	0.076923	0.089744	0.256410	0.012821	0.269231	0.269231	0.012821	0.051282	0.025641	0.076923	0.243590	0.461538	0.384615	0.371795	0.423077	0.192308	0.358974	0.153846	0.397436	0.474359
0.423077	0.564103	0.474359	0.589744	0.089744	0.128205	0.012821	0.051282	0.192308	0.192308	0.128205	0.205128	0.564103	0.076923	0.051282	0.038462	0.153846	0.089744	0.294872	0.141026	0.192308	0.076923	0.141026	0.128205	0.153846	0.192308	0.051282
0.243590	0.115385	0.320513	0.089744	0.320513	0.294872	0.500000	0.846154	0.589744	0.423077	0.371795	0.256410	0.076923	0.025641	0.756410	0.884615	0.717949	0.166667	0.102564	0.141026	0.179487	0.192308	0.294872	0.269231	0.307692	0.282051	0.153846
0.217949	0.153846	0.076923	0.141026	0.141026	0.243590	0.217949	0.025641	0.128205	0.128205	0.487179	0.269231	0.089744	0.884615	0.141026	0.051282	0.051282	0.500000	0.141026	0.333333	0.256410	0.307692	0.371795	0.243590	0.384615	0.128205	0.320513

muscle_2_pos_pattern_3
0.174261	0.021538	0.016198	0.962620	0.008544	0.159131
0.065860	0.049484	0.007654	0.008366	0.964222	0.783909
0.281595	0.010146	0.967960	0.014062	0.009434	0.037914
0.478284	0.918832	0.008188	0.014952	0.017800	0.019046

muscle_2_pos_pattern_30
0.064516	0.080645	0.274194	0.048387	0.096774	0.806452	0.064516	0.000000	0.032258	0.032258	0.193548	0.677419	0.258065	0.145161	0.483871	0.370968
0.000000	0.419355	0.241935	0.080645	0.725806	0.064516	0.161290	0.016129	0.000000	0.080645	0.129032	0.112903	0.322581	0.483871	0.064516	0.064516
0.935484	0.419355	0.129032	0.048387	0.048387	0.048387	0.032258	0.935484	0.967742	0.822581	0.032258	0.048387	0.177419	0.193548	0.322581	0.193548
0.000000	0.080645	0.354839	0.822581	0.129032	0.080645	0.741935	0.048387	0.000000	0.064516	0.645161	0.161290	0.241935	0.177419	0.129032	0.370968

muscle_2_pos_pattern_31
0.163934	0.393443	0.114754	0.196721	0.196721	0.081967	0.032787	0.081967	0.016393	0.065574	0.032787	0.213115	0.459016	0.081967
0.065574	0.065574	0.377049	0.016393	0.081967	0.377049	0.836066	0.065574	0.852459	0.032787	0.836066	0.032787	0.131148	0.524590
0.311475	0.213115	0.049180	0.622951	0.114754	0.360656	0.032787	0.836066	0.049180	0.819672	0.049180	0.704918	0.131148	0.245902
0.459016	0.327869	0.459016	0.163934	0.606557	0.180328	0.098361	0.016393	0.081967	0.081967	0.081967	0.049180	0.278689	0.147541

muscle_2_pos_pattern_32
0.053571	0.482143	0.482143	0.517857	0.500000	0.482143	0.839286	0.053571	0.375000	0.375000	0.803571	0.517857	0.017857	0.964286	0.000000	0.035714	0.446429	0.000000	0.375000	0.000000	0.125000	0.017857	0.517857	0.053571	0.071429	0.535714	0.053571
0.053571	0.035714	0.410714	0.017857	0.035714	0.392857	0.000000	0.803571	0.017857	0.500000	0.000000	0.053571	0.017857	0.017857	0.910714	0.035714	0.000000	0.000000	0.053571	0.446429	0.857143	0.982143	0.017857	0.035714	0.000000	0.357143	0.928571
0.125000	0.428571	0.035714	0.410714	0.017857	0.053571	0.107143	0.089286	0.553571	0.053571	0.125000	0.053571	0.946429	0.017857	0.035714	0.071429	0.535714	0.982143	0.017857	0.035714	0.000000	0.000000	0.446429	0.857143	0.410714	0.071429	0.000000
0.767857	0.053571	0.071429	0.053571	0.446429	0.071429	0.053571	0.053571	0.053571	0.071429	0.071429	0.375000	0.017857	0.000000	0.053571	0.857143	0.017857	0.017857	0.553571	0.517857	0.017857	0.000000	0.017857	0.053571	0.517857	0.035714	0.017857

muscle_2_pos_pattern_33
0.272727	0.527273	0.163636	0.072727	0.090909	0.909091	0.890909	0.490909	0.945455	0.018182	0.000000	0.000000	0.000000	0.018182	0.018182	0.218182	0.036364
0.254545	0.090909	0.072727	0.490909	0.745455	0.000000	0.018182	0.218182	0.018182	0.054545	0.000000	0.000000	0.890909	0.836364	0.018182	0.654545	0.654545
0.127273	0.090909	0.036364	0.036364	0.145455	0.054545	0.072727	0.181818	0.018182	0.036364	0.927273	1.000000	0.018182	0.054545	0.945455	0.036364	0.163636
0.345455	0.290909	0.727273	0.400000	0.018182	0.036364	0.018182	0.109091	0.018182	0.890909	0.072727	0.000000	0.090909	0.090909	0.018182	0.090909	0.145455

muscle_2_pos_pattern_34
0.145833	0.562500	0.125000
0.041667	0.104167	0.125000
0.062500	0.166667	0.583333
0.750000	0.166667	0.166667

muscle_2_pos_pattern_35
0.162791	0.046512	0.046512	0.627907	0.023256	0.232558	0.186047	0.674419	0.162791	0.000000	0.023256	0.953488	0.000000	0.255814	0.046512	0.186047	0.046512	0.162791	0.883721	0.093023	0.255814	0.116279	0.767442	0.069767	0.790698	0.534884	0.209302	0.255814	0.162791
0.209302	0.302326	0.093023	0.023256	0.906977	0.093023	0.558140	0.116279	0.000000	0.046512	0.000000	0.000000	1.000000	0.279070	0.069767	0.488372	0.046512	0.209302	0.023256	0.069767	0.116279	0.093023	0.000000	0.232558	0.023256	0.023256	0.697674	0.069767	0.186047
0.046512	0.046512	0.860465	0.186047	0.000000	0.023256	0.139535	0.162791	0.023256	0.000000	0.976744	0.023256	0.000000	0.465116	0.697674	0.069767	0.023256	0.534884	0.023256	0.093023	0.023256	0.767442	0.069767	0.186047	0.069767	0.255814	0.069767	0.023256	0.581395
0.581395	0.604651	0.000000	0.162791	0.069767	0.651163	0.116279	0.046512	0.813953	0.953488	0.000000	0.023256	0.000000	0.000000	0.186047	0.255814	0.883721	0.093023	0.069767	0.744186	0.604651	0.023256	0.162791	0.511628	0.116279	0.186047	0.023256	0.651163	0.069767

muscle_2_pos_pattern_36
0.380952	0.333333	0.238095	0.333333	0.357143	0.666667	0.119048	0.047619	0.166667	0.071429	0.071429	0.119048	0.047619	0.261905	0.119048	0.166667	0.119048	0.071429	0.642857	0.071429	0.000000	0.071429	0.523810	0.142857
0.214286	0.071429	0.357143	0.214286	0.166667	0.095238	0.071429	0.880952	0.071429	0.714286	0.000000	0.714286	0.047619	0.476190	0.095238	0.547619	0.404762	0.047619	0.142857	0.000000	0.500000	0.000000	0.000000	0.500000
0.238095	0.071429	0.238095	0.071429	0.333333	0.119048	0.238095	0.023810	0.761905	0.071429	0.761905	0.119048	0.785714	0.023810	0.309524	0.119048	0.000000	0.523810	0.119048	0.047619	0.047619	0.928571	0.452381	0.023810
0.166667	0.523810	0.166667	0.380952	0.142857	0.119048	0.571429	0.047619	0.000000	0.142857	0.166667	0.047619	0.119048	0.238095	0.476190	0.166667	0.476190	0.357143	0.095238	0.880952	0.452381	0.000000	0.023810	0.333333

muscle_2_pos_pattern_37
0.121951	0.365854	0.317073	0.268293	0.195122	0.097561	0.292683	0.463415	0.073171	0.000000	0.000000	0.951220	0.000000	0.658537	0.024390	0.048780	0.097561	0.243902	0.219512	0.609756	0.195122	0.219512	0.268293	0.560976	0.195122
0.170732	0.097561	0.121951	0.170732	0.073171	0.170732	0.024390	0.097561	0.073171	0.048780	0.000000	0.024390	0.975610	0.292683	0.000000	0.609756	0.121951	0.560976	0.219512	0.048780	0.146341	0.487805	0.121951	0.073171	0.487805
0.121951	0.268293	0.414634	0.146341	0.195122	0.048780	0.536585	0.292683	0.146341	0.000000	1.000000	0.000000	0.000000	0.048780	0.365854	0.243902	0.073171	0.121951	0.463415	0.146341	0.170732	0.097561	0.073171	0.243902	0.097561
0.585366	0.268293	0.146341	0.414634	0.536585	0.682927	0.146341	0.146341	0.707317	0.951220	0.000000	0.024390	0.024390	0.000000	0.609756	0.097561	0.707317	0.073171	0.097561	0.195122	0.487805	0.195122	0.536585	0.121951	0.219512

muscle_2_pos_pattern_38
0.257143	0.114286	0.171429	0.600000	0.114286	0.257143	0.057143	0.085714	0.285714	0.200000	0.371429	0.171429	0.057143	0.657143	0.028571	0.257143	0.000000	0.028571	0.285714	0.028571	0.457143	0.228571	0.200000	0.514286	0.000000	0.200000	0.000000	0.142857
0.057143	0.114286	0.457143	0.114286	0.428571	0.114286	0.057143	0.371429	0.085714	0.285714	0.000000	0.000000	0.342857	0.114286	0.628571	0.085714	0.057143	0.171429	0.000000	0.257143	0.000000	0.057143	0.371429	0.228571	0.685714	0.057143	0.028571	0.171429
0.285714	0.571429	0.257143	0.114286	0.228571	0.171429	0.857143	0.200000	0.600000	0.400000	0.171429	0.742857	0.257143	0.114286	0.257143	0.028571	0.685714	0.571429	0.685714	0.542857	0.228571	0.571429	0.114286	0.200000	0.228571	0.028571	0.885714	0.257143
0.400000	0.200000	0.114286	0.171429	0.228571	0.457143	0.028571	0.342857	0.028571	0.114286	0.457143	0.085714	0.342857	0.114286	0.085714	0.628571	0.257143	0.228571	0.028571	0.171429	0.314286	0.142857	0.314286	0.057143	0.085714	0.714286	0.085714	0.428571

muscle_2_pos_pattern_39
0.142857	0.071429	0.071429	0.607143	0.107143	0.178571	0.107143	0.250000	0.964286	0.035714	0.000000	0.000000	1.000000	1.000000	0.000000	0.000000	1.000000	1.000000	0.964286	0.964286	0.000000	0.750000	0.714286	0.000000	0.071429	0.642857
0.000000	0.178571	0.000000	0.035714	0.035714	0.178571	0.000000	0.000000	0.000000	0.000000	1.000000	1.000000	0.000000	0.000000	0.000000	1.000000	0.000000	0.000000	0.000000	0.035714	0.714286	0.178571	0.035714	0.178571	0.000000	0.035714
0.678571	0.607143	0.107143	0.107143	0.000000	0.035714	0.000000	0.035714	0.000000	0.964286	0.000000	0.000000	0.000000	0.000000	0.000000	0.000000	0.000000	0.000000	0.035714	0.000000	0.035714	0.035714	0.178571	0.678571	0.892857	0.250000
0.178571	0.142857	0.821429	0.250000	0.857143	0.607143	0.892857	0.714286	0.035714	0.000000	0.000000	0.000000	0.000000	0.000000	1.000000	0.000000	0.000000	0.000000	0.000000	0.000000	0.250000	0.035714	0.071429	0.142857	0.035714	0.071429

muscle_2_pos_pattern_4
0.202865	0.102954	0.354700	0.136974	0.013071	0.048523	0.124440	0.103491	0.188183	0.126231
0.300985	0.056580	0.262668	0.328738	0.964548	0.028648	0.764727	0.040824	0.452641	0.102596
0.170098	0.688988	0.194091	0.279141	0.008057	0.897762	0.052104	0.786392	0.157565	0.655327
0.326052	0.151477	0.188541	0.255148	0.014324	0.025067	0.058729	0.069293	0.201611	0.115846

muscle_2_pos_pattern_40
0.000000	0.000000	1.000000	0.035714	0.000000	0.000000	0.000000	0.000000
0.000000	0.892857	0.000000	0.035714	0.000000	0.000000	0.000000	0.892857
0.000000	0.000000	0.000000	0.000000	0.000000	0.000000	1.000000	0.071429
1.000000	0.107143	0.000000	0.928571	1.000000	1.000000	0.000000	0.035714

muscle_2_pos_pattern_41
0.214286	0.214286	0.035714	0.607143	0.071429	0.750000	0.071429	0.107143	0.142857	0.000000	0.285714	0.964286	0.000000	0.000000	0.035714	0.964286	0.857143	0.000000	0.035714	0.000000	0.642857	0.142857	0.035714	0.071429	0.107143
0.464286	0.071429	0.178571	0.107143	0.107143	0.107143	0.107143	0.107143	0.000000	0.000000	0.000000	0.000000	1.000000	0.000000	0.000000	0.000000	0.000000	0.035714	0.892857	0.000000	0.214286	0.750000	0.607143	0.035714	0.107143
0.142857	0.642857	0.607143	0.142857	0.571429	0.000000	0.178571	0.035714	0.821429	0.000000	0.071429	0.035714	0.000000	1.000000	0.000000	0.035714	0.035714	0.142857	0.035714	0.857143	0.071429	0.071429	0.071429	0.821429	0.678571
0.178571	0.071429	0.178571	0.142857	0.250000	0.142857	0.642857	0.750000	0.035714	1.000000	0.642857	0.000000	0.000000	0.000000	0.964286	0.000000	0.107143	0.821429	0.035714	0.142857	0.071429	0.035714	0.285714	0.071429	0.107143

muscle_2_pos_pattern_42
0.678571	0.535714	0.035714	0.000000	0.107143	0.571429	0.035714	0.035714	0.500000	0.035714	0.000000	0.000000	0.071429	0.142857	0.428571	0.428571	0.107143	0.714286	0.214286	0.178571
0.000000	0.107143	0.000000	0.000000	0.392857	0.000000	0.107143	0.464286	0.428571	0.107143	0.000000	0.035714	0.035714	0.035714	0.250000	0.178571	0.535714	0.071429	0.071429	0.357143
0.321429	0.142857	0.607143	1.000000	0.107143	0.071429	0.035714	0.071429	0.071429	0.000000	1.000000	0.964286	0.821429	0.214286	0.107143	0.285714	0.178571	0.035714	0.535714	0.142857
0.000000	0.214286	0.357143	0.000000	0.392857	0.357143	0.821429	0.428571	0.000000	0.857143	0.000000	0.000000	0.071429	0.607143	0.214286	0.107143	0.178571	0.178571	0.178571	0.321429

muscle_2_pos_pattern_43
0.000000	0.095238	0.904762	0.047619	0.000000	0.000000	0.095238	0.000000	0.000000	1.000000	0.000000	0.000000	0.000000	1.000000	0.000000	0.904762	0.095238	0.000000	0.095238
0.047619	0.809524	0.000000	0.047619	0.047619	0.047619	0.000000	0.000000	0.000000	0.000000	1.000000	0.000000	0.047619	0.000000	0.047619	0.047619	0.000000	0.952381	0.000000
0.000000	0.047619	0.095238	0.000000	0.000000	0.095238	0.904762	0.000000	1.000000	0.000000	0.000000	1.000000	0.000000	0.000000	0.952381	0.000000	0.000000	0.000000	0.809524
0.952381	0.047619	0.000000	0.904762	0.952381	0.857143	0.000000	1.000000	0.000000	0.000000	0.000000	0.000000	0.952381	0.000000	0.000000	0.047619	0.904762	0.047619	0.095238

muscle_2_pos_pattern_5
0.233518	0.153831	0.040703	0.006306	0.959106	0.044525	0.025225	0.066883	0.039939	0.577871
0.112173	0.017581	0.017772	0.968660	0.008408	0.918211	0.009173	0.063252	0.038792	0.113510
0.349704	0.813300	0.011275	0.014905	0.015861	0.006497	0.940569	0.040894	0.906555	0.154787
0.304605	0.015288	0.930250	0.010128	0.016625	0.030766	0.025033	0.828970	0.014714	0.153831

muscle_2_pos_pattern_6
0.318874	0.226027	0.337646	0.289954	0.315576	0.040589	0.550736	0.038052	0.058346	0.058853	0.024099	0.070776	0.202689	0.340183	0.128869	0.304414	0.596905
0.259767	0.056317	0.067478	0.051497	0.038559	0.085743	0.272197	0.850330	0.067986	0.031710	0.015221	0.057585	0.173009	0.444698	0.540589	0.168189	0.080416
0.225013	0.587265	0.518011	0.566717	0.543886	0.820903	0.089548	0.045916	0.037291	0.877473	0.928463	0.698123	0.350583	0.080416	0.146880	0.293252	0.212582
0.196347	0.130391	0.076865	0.091832	0.101979	0.052765	0.087519	0.065703	0.836377	0.031963	0.032217	0.173516	0.273719	0.134703	0.183663	0.234145	0.110096

muscle_2_pos_pattern_7
0.240934	0.365659	0.001648	0.012637	0.984066	0.000824	0.029396	0.014286	0.149176	0.899725
0.243407	0.031319	0.002747	0.034615	0.002747	0.996703	0.003846	0.026099	0.750824	0.027473
0.228022	0.535165	0.001374	0.912912	0.007418	0.000275	0.966484	0.011538	0.064011	0.026374
0.287637	0.067857	0.994231	0.039835	0.005769	0.002198	0.000275	0.948077	0.035989	0.046429

muscle_2_pos_pattern_8
0.427962	0.539446	0.247030	0.215047	0.105696	0.962839	0.962230	0.329272	0.984161	0.004264	0.005178	0.003960	0.007920	0.012793	0.043862	0.308864
0.147731	0.058483	0.079805	0.442583	0.839476	0.010356	0.010661	0.113006	0.002132	0.004264	0.001523	0.001523	0.981115	0.039598	0.069144	0.566860
0.154737	0.105391	0.075236	0.042949	0.027719	0.014012	0.014316	0.460554	0.008529	0.006397	0.987816	0.986902	0.001828	0.904965	0.844045	0.072495
0.269571	0.296680	0.597929	0.299421	0.027109	0.012793	0.012793	0.097167	0.005178	0.985075	0.005483	0.007615	0.009138	0.042644	0.042949	0.051782

muscle_2_pos_pattern_9
0.169861	0.346662	0.150694	0.074356	0.017184	0.859881	0.029742	0.007270	0.006609	0.005948	0.012227	0.617317
0.275611	0.028420	0.759088	0.012888	0.948116	0.059815	0.022472	0.004957	0.983477	0.005948	0.826173	0.058493
0.142763	0.588235	0.049901	0.882353	0.014210	0.031064	0.044283	0.981824	0.002644	0.964970	0.019498	0.191011
0.411765	0.036682	0.040317	0.030403	0.020489	0.049240	0.903503	0.005948	0.007270	0.023133	0.142102	0.133179

digestive_filaments_1_pos_pattern_0
0.203463	0.019156	0.030844	0.010931	0.047619	0.266667	0.200433	0.238203	0.014069	0.003571	0.018074	0.010281	0.006926	0.012338	0.039502	0.195130
0.143398	0.356169	0.006061	0.006385	0.010173	0.311364	0.062662	0.293506	0.919264	0.992100	0.009740	0.004437	0.012554	0.014719	0.098810	0.158550
0.232143	0.018723	0.926623	0.977597	0.800974	0.074242	0.078030	0.144805	0.043831	0.001407	0.006818	0.957684	0.011364	0.950758	0.579654	0.083766
0.420996	0.605952	0.036472	0.005087	0.141234	0.347727	0.658874	0.323485	0.022835	0.002922	0.965368	0.027597	0.969156	0.022186	0.282035	0.562554

digestive_filaments_1_pos_pattern_1
0.113319	0.584184	0.425618	0.022154	0.004699	0.965360	0.963883	0.007519	0.096267	0.869361	0.191729	0.593045
0.346402	0.066058	0.036117	0.941998	0.980129	0.013292	0.009130	0.009936	0.757519	0.017991	0.232546	0.190118
0.166890	0.301423	0.456230	0.007787	0.003357	0.011815	0.008324	0.003759	0.073577	0.097342	0.476101	0.148362
0.373389	0.048335	0.082035	0.028061	0.011815	0.009533	0.018663	0.978786	0.072637	0.015306	0.099624	0.068475

digestive_filaments_1_pos_pattern_10
0.188971	0.388476	0.085502	0.007435	0.050186	0.860595	0.078067	0.418216	0.866171	0.058860	0.064436	0.003098	0.462825	0.147460	0.097274	0.074349	0.039033	0.121437
0.167286	0.059480	0.840768	0.978315	0.913879	0.024783	0.131970	0.221190	0.038414	0.061338	0.127633	0.981413	0.209418	0.213135	0.177200	0.041512	0.799876	0.030979
0.141264	0.071871	0.018587	0.007435	0.019207	0.098513	0.324040	0.298017	0.079306	0.127633	0.736679	0.009913	0.036555	0.092317	0.020446	0.714374	0.077447	0.771375
0.502478	0.480173	0.055143	0.006815	0.016729	0.016109	0.465923	0.062577	0.016109	0.752169	0.071252	0.005576	0.291202	0.547088	0.705081	0.169765	0.083643	0.076208

digestive_filaments_1_pos_pattern_11
0.234632	0.204329	0.565368	0.837229	0.064935	0.038961	0.171429	0.045022	0.074459	0.948052	0.023377	0.870996
0.361039	0.135065	0.132468	0.024242	0.020779	0.033766	0.048485	0.011255	0.912554	0.006926	0.024242	0.020779
0.226840	0.127273	0.116883	0.042424	0.020779	0.045022	0.038095	0.941991	0.005195	0.028571	0.008658	0.022511
0.177489	0.533333	0.185281	0.096104	0.893506	0.882251	0.741991	0.001732	0.007792	0.016450	0.943723	0.085714

digestive_filaments_1_pos_pattern_12
0.208969	0.179372	0.202691	0.117489	0.148879	0.253812	0.047534	0.034081	0.078027	0.078924	0.126457
0.222422	0.100448	0.473543	0.056502	0.626906	0.243946	0.733632	0.038565	0.867265	0.037668	0.643946
0.100448	0.521973	0.121076	0.722870	0.116592	0.324664	0.050224	0.897758	0.027803	0.800897	0.086996
0.468161	0.198206	0.202691	0.103139	0.107623	0.177578	0.168610	0.029596	0.026906	0.082511	0.142601

digestive_filaments_1_pos_pattern_13
0.306719	0.324245	0.175268	0.036027	0.025316	0.004869	0.007790	0.013632	0.036027	0.089581
0.098345	0.036027	0.021422	0.002921	0.000974	0.000974	0.002921	0.004869	0.022395	0.105161
0.152872	0.086660	0.025316	0.000974	0.002921	0.000974	0.001947	0.001947	0.011685	0.036027
0.442064	0.553067	0.777994	0.960078	0.970789	0.993184	0.987342	0.979552	0.929893	0.769231

digestive_filaments_1_pos_pattern_14
0.194416	0.170631	0.276112	0.177870	0.283351	0.203723	0.378490	0.256463	0.124095	0.704240	0.138573	0.247156	0.045502	0.215098	0.089969	0.106515	0.163392	0.208893	0.154085	0.246122	0.191313
0.196484	0.144778	0.197518	0.167528	0.227508	0.285419	0.354705	0.386763	0.745605	0.097208	0.542916	0.497415	0.801448	0.468459	0.627715	0.429162	0.267839	0.188211	0.167528	0.203723	0.097208
0.228542	0.143744	0.283351	0.261634	0.131334	0.278180	0.114788	0.115822	0.032058	0.098242	0.072389	0.040331	0.067218	0.055843	0.169597	0.042399	0.403309	0.096174	0.533609	0.191313	0.558428
0.380558	0.540848	0.243020	0.392968	0.357808	0.232678	0.152017	0.240951	0.098242	0.100310	0.246122	0.215098	0.085832	0.260600	0.112720	0.421923	0.165460	0.506722	0.144778	0.358842	0.153051

digestive_filaments_1_pos_pattern_15
0.242978	0.178371	0.233146	0.231742	0.252809	0.234551	0.269663	0.321629	0.221910	0.706461	0.219101	0.189607	0.088483	0.047753	0.113764	0.064607	0.143258	0.185393	0.174157	0.196629	0.160112	0.160112
0.220506	0.171348	0.178371	0.205056	0.161517	0.299157	0.477528	0.424157	0.498596	0.089888	0.408708	0.391854	0.825843	0.783708	0.688202	0.629213	0.518258	0.339888	0.379213	0.066011	0.091292	0.134831
0.153090	0.113764	0.183989	0.262640	0.275281	0.230337	0.113764	0.088483	0.075843	0.050562	0.189607	0.081461	0.035112	0.023876	0.023876	0.026685	0.066011	0.171348	0.250000	0.640449	0.606742	0.575843
0.383427	0.536517	0.404494	0.300562	0.310393	0.235955	0.139045	0.165730	0.203652	0.153090	0.182584	0.337079	0.050562	0.144663	0.174157	0.279494	0.272472	0.303371	0.196629	0.096910	0.141854	0.129213

digestive_filaments_1_pos_pattern_16
0.178947	0.201504	0.145865	0.129323	0.067669	0.317293	0.105263	0.069173	0.045113	0.040602	0.048120	0.049624	0.096241	0.126316	0.117293
0.434586	0.565414	0.714286	0.712782	0.828571	0.464662	0.720301	0.717293	0.896241	0.828571	0.824060	0.738346	0.714286	0.627068	0.708271
0.081203	0.075188	0.055639	0.036090	0.024060	0.070677	0.055639	0.037594	0.018045	0.012030	0.013534	0.021053	0.046617	0.052632	0.067669
0.305263	0.157895	0.084211	0.121805	0.079699	0.147368	0.118797	0.175940	0.040602	0.118797	0.114286	0.190977	0.142857	0.193985	0.106767

digestive_filaments_1_pos_pattern_17
0.157143	0.165079	0.174603	0.115873	0.066667	0.168254	0.014286	0.025397	0.157143	0.122222	0.049206
0.507937	0.660317	0.601587	0.634921	0.785714	0.095238	0.952381	0.922222	0.573016	0.666667	0.676190
0.112698	0.079365	0.038095	0.042857	0.042857	0.030159	0.006349	0.009524	0.073016	0.063492	0.076190
0.222222	0.095238	0.185714	0.206349	0.104762	0.706349	0.026984	0.042857	0.196825	0.147619	0.198413

digestive_filaments_1_pos_pattern_18
0.270378	0.125249	0.170974	0.596421	0.097416	0.145129	0.469185	0.055666	0.025845	0.332008	0.097416	0.129225	0.286282	0.204771	0.192843
0.252485	0.632207	0.735586	0.065606	0.729622	0.437376	0.220676	0.870775	0.924453	0.250497	0.584493	0.274354	0.256461	0.166998	0.115308
0.129225	0.093439	0.045726	0.041750	0.041750	0.085487	0.075547	0.023857	0.017893	0.107356	0.109344	0.115308	0.266402	0.300199	0.588469
0.347913	0.149105	0.047714	0.296223	0.131213	0.332008	0.234592	0.049702	0.031809	0.310139	0.208748	0.481113	0.190855	0.328032	0.103380

digestive_filaments_1_pos_pattern_19
0.264228	0.154472	0.558943	0.323171	0.123984	0.036585	0.162602	0.213415	0.038618	0.093496	0.436992	0.111789	0.158537	0.243902	0.221545	0.107724
0.408537	0.473577	0.113821	0.392276	0.274390	0.890244	0.591463	0.345528	0.847561	0.743902	0.227642	0.605691	0.455285	0.119919	0.243902	0.152439
0.105691	0.069106	0.101626	0.132114	0.091463	0.024390	0.093496	0.048780	0.018293	0.024390	0.077236	0.158537	0.077236	0.558943	0.229675	0.554878
0.221545	0.302846	0.225610	0.152439	0.510163	0.048780	0.152439	0.392276	0.095528	0.138211	0.258130	0.123984	0.308943	0.077236	0.304878	0.184959

digestive_filaments_1_pos_pattern_2
0.270638	0.343798	0.271899	0.366924	0.047232	0.479608	0.032936	0.014856	0.043448	0.031114	0.123476	0.305816	0.347442	0.095865	0.391451	0.579818
0.089979	0.040925	0.038122	0.032516	0.039664	0.366083	0.895445	0.012894	0.022144	0.008269	0.049054	0.153469	0.447933	0.457744	0.117589	0.041766
0.490540	0.532165	0.589629	0.575613	0.878907	0.061668	0.033917	0.007568	0.916608	0.938192	0.675123	0.274842	0.081570	0.242607	0.278206	0.323476
0.148844	0.083111	0.100350	0.024947	0.034198	0.092642	0.037701	0.964681	0.017800	0.022425	0.152348	0.265872	0.123055	0.203784	0.212754	0.054940

digestive_filaments_1_pos_pattern_20
0.392435	0.260047	0.335697	0.319149	0.165485	0.063830	0.007092	0.695035	0.997636	0.000000	0.382979	0.021277	0.089835	0.288416
0.203310	0.070922	0.070922	0.099291	0.092199	0.080378	0.000000	0.300236	0.000000	0.000000	0.009456	0.851064	0.633570	0.080378
0.096927	0.085106	0.035461	0.087470	0.184397	0.049645	0.992908	0.002364	0.000000	0.000000	0.026005	0.047281	0.030733	0.099291
0.307329	0.583924	0.557920	0.494090	0.557920	0.806147	0.000000	0.002364	0.002364	1.000000	0.581560	0.080378	0.245863	0.531915

digestive_filaments_1_pos_pattern_21
0.237745	0.075980	0.063725	0.031863	0.585784	0.031863	0.110294	0.014706	0.029412	0.068627	0.044118	0.085784	0.063725	0.134804
0.517157	0.870098	0.838235	0.845588	0.019608	0.921569	0.747549	0.953431	0.833333	0.110294	0.875000	0.818627	0.789216	0.602941
0.080882	0.012255	0.019608	0.029412	0.041667	0.031863	0.017157	0.009804	0.051471	0.049020	0.017157	0.024510	0.031863	0.100490
0.164216	0.041667	0.078431	0.093137	0.352941	0.014706	0.125000	0.022059	0.085784	0.772059	0.063725	0.071078	0.115196	0.161765

digestive_filaments_1_pos_pattern_22
0.453125	0.250000	0.276042	0.156250	0.760417	0.145833	0.270833	0.015625	0.437500	0.104167	0.255208	0.098958
0.156250	0.520833	0.333333	0.692708	0.052083	0.661458	0.166667	0.942708	0.250000	0.734375	0.395833	0.604167
0.234375	0.083333	0.083333	0.026042	0.104167	0.093750	0.125000	0.015625	0.083333	0.062500	0.057292	0.052083
0.156250	0.145833	0.307292	0.125000	0.083333	0.098958	0.437500	0.026042	0.229167	0.098958	0.291667	0.244792

digestive_filaments_1_pos_pattern_23
0.341040	0.682081	0.913295	0.959538	0.497110	0.011561	0.000000	0.023121	0.098266
0.179191	0.063584	0.005780	0.005780	0.000000	0.000000	0.000000	0.005780	0.086705
0.173410	0.098266	0.034682	0.017341	0.011561	0.000000	0.000000	0.000000	0.034682
0.306358	0.156069	0.046243	0.017341	0.491329	0.988439	1.000000	0.971098	0.780347

digestive_filaments_1_pos_pattern_24
0.124260	0.627219	0.798817	0.106509	0.041420	0.035503	0.076923	0.082840	0.112426	0.023669	0.082840	0.076923	0.828402	0.017751	0.000000	0.118343	0.011834	0.668639	0.662722	0.118343	0.041420	0.781065	0.165680	0.118343	0.100592	0.165680	0.142012
0.082840	0.029586	0.059172	0.769231	0.917160	0.017751	0.881657	0.029586	0.733728	0.017751	0.023669	0.035503	0.130178	0.958580	0.005917	0.041420	0.000000	0.041420	0.082840	0.792899	0.112426	0.071006	0.005917	0.165680	0.627219	0.106509	0.094675
0.082840	0.201183	0.065089	0.082840	0.017751	0.911243	0.011834	0.846154	0.053254	0.928994	0.881657	0.236686	0.017751	0.005917	0.000000	0.798817	0.982249	0.207101	0.136095	0.005917	0.177515	0.088757	0.792899	0.076923	0.094675	0.088757	0.088757
0.710059	0.142012	0.076923	0.041420	0.023669	0.035503	0.029586	0.041420	0.100592	0.029586	0.011834	0.650888	0.023669	0.017751	0.994083	0.041420	0.005917	0.082840	0.118343	0.082840	0.668639	0.059172	0.035503	0.639053	0.177515	0.639053	0.674556

digestive_filaments_1_pos_pattern_25
0.313333	0.493333	0.166667	0.020000	0.786667	0.553333	0.900000	0.066667	0.960000	0.066667	0.000000	0.006667	0.180000	0.153333
0.193333	0.086667	0.686667	0.953333	0.086667	0.006667	0.020000	0.200000	0.000000	0.020000	0.020000	0.000000	0.546667	0.173333
0.206667	0.066667	0.033333	0.000000	0.046667	0.020000	0.026667	0.026667	0.006667	0.026667	0.966667	0.986667	0.086667	0.566667
0.286667	0.353333	0.113333	0.026667	0.080000	0.420000	0.053333	0.706667	0.033333	0.886667	0.013333	0.006667	0.186667	0.106667

digestive_filaments_1_pos_pattern_26
0.153226	0.104839	0.838710	0.669355	0.701613	0.701613	0.056452	0.072581	0.274194	0.048387	0.806452	0.161290	0.250000	0.040323	0.766129	0.024194	0.024194	0.733871	0.016129	0.032258	0.048387	0.201613	0.016129	0.104839	0.887097	0.193548	0.145161	0.104839	0.064516
0.645161	0.080645	0.032258	0.072581	0.064516	0.096774	0.741935	0.024194	0.080645	0.056452	0.064516	0.024194	0.008065	0.008065	0.169355	0.959677	0.016129	0.024194	0.008065	0.048387	0.645161	0.177419	0.846774	0.661290	0.008065	0.048387	0.008065	0.137097	0.766129
0.104839	0.048387	0.032258	0.112903	0.072581	0.137097	0.072581	0.895161	0.048387	0.096774	0.096774	0.758065	0.693548	0.927419	0.040323	0.016129	0.000000	0.217742	0.959677	0.717742	0.056452	0.016129	0.032258	0.024194	0.032258	0.080645	0.096774	0.145161	0.040323
0.096774	0.766129	0.096774	0.145161	0.161290	0.064516	0.129032	0.008065	0.596774	0.798387	0.032258	0.056452	0.048387	0.024194	0.024194	0.000000	0.959677	0.024194	0.016129	0.201613	0.250000	0.604839	0.104839	0.209677	0.072581	0.677419	0.750000	0.612903	0.129032

digestive_filaments_1_pos_pattern_27
0.040816	0.275510	0.795918	0.040816	0.193878	0.877551	0.091837	0.112245	0.102041
0.000000	0.030612	0.081633	0.836735	0.051020	0.010204	0.040816	0.071429	0.112245
0.928571	0.612245	0.081633	0.071429	0.683673	0.102041	0.846939	0.673469	0.051020
0.030612	0.081633	0.040816	0.051020	0.071429	0.010204	0.020408	0.142857	0.734694

digestive_filaments_1_pos_pattern_28
0.011364	0.056818	0.840909	0.045455	0.193182
0.852273	0.738636	0.045455	0.090909	0.045455
0.034091	0.011364	0.056818	0.068182	0.045455
0.102273	0.193182	0.056818	0.795455	0.715909

digestive_filaments_1_pos_pattern_29
0.070588	0.082353	0.882353	0.082353	0.023529	0.929412	0.070588	0.011765	0.000000	1.000000	1.000000	0.000000	0.082353	0.917647	0.870588	0.894118	0.905882	0.682353	0.647059	0.223529	0.117647	0.082353	0.552941
0.800000	0.588235	0.047059	0.623529	0.741176	0.000000	0.011765	0.976471	1.000000	0.000000	0.000000	0.023529	0.011765	0.000000	0.023529	0.011765	0.047059	0.200000	0.141176	0.152941	0.047059	0.211765	0.247059
0.023529	0.011765	0.047059	0.188235	0.176471	0.047059	0.870588	0.000000	0.000000	0.000000	0.000000	0.011765	0.294118	0.070588	0.070588	0.082353	0.023529	0.058824	0.023529	0.552941	0.752941	0.129412	0.117647
0.105882	0.317647	0.023529	0.105882	0.058824	0.023529	0.047059	0.011765	0.000000	0.000000	0.000000	0.964706	0.611765	0.011765	0.035294	0.011765	0.023529	0.058824	0.188235	0.070588	0.082353	0.576471	0.082353

digestive_filaments_1_pos_pattern_3
0.199066	0.129451	0.177175	0.191769	0.061296	0.012551	0.028021	0.946585	0.005984	0.575161
0.152656	0.201109	0.055020	0.593695	0.032253	0.031670	0.043783	0.010216	0.975336	0.153094
0.163310	0.101576	0.693374	0.082020	0.743141	0.004962	0.909224	0.014156	0.004962	0.157326
0.484968	0.567863	0.074431	0.132516	0.163310	0.950817	0.018973	0.029043	0.013719	0.114419

digestive_filaments_1_pos_pattern_30
0.207317	0.573171	0.585366	0.585366	0.658537	0.012195	0.036585	0.902439	0.012195	0.000000	0.000000	0.975610	0.012195	0.902439	0.914634	0.170732	0.658537	0.000000	0.146341	0.060976	0.024390	0.024390	0.060976	0.048780	0.146341	0.463415	0.097561
0.073171	0.024390	0.219512	0.109756	0.012195	0.109756	0.060976	0.000000	0.975610	1.000000	1.000000	0.000000	0.060976	0.024390	0.024390	0.012195	0.097561	0.975610	0.743902	0.609756	0.048780	0.012195	0.243902	0.012195	0.073171	0.073171	0.829268
0.439024	0.280488	0.085366	0.012195	0.195122	0.012195	0.036585	0.012195	0.000000	0.000000	0.000000	0.024390	0.853659	0.073171	0.024390	0.695122	0.158537	0.012195	0.012195	0.012195	0.012195	0.890244	0.634146	0.926829	0.719512	0.170732	0.012195
0.280488	0.121951	0.109756	0.292683	0.134146	0.865854	0.865854	0.085366	0.012195	0.000000	0.000000	0.000000	0.073171	0.000000	0.036585	0.121951	0.085366	0.012195	0.097561	0.317073	0.914634	0.073171	0.060976	0.012195	0.060976	0.292683	0.060976

digestive_filaments_1_pos_pattern_31
0.100000	0.725000	0.712500	0.775000	0.012500	0.000000	0.062500	0.150000	0.050000	0.900000	0.825000	0.062500	0.025000	0.175000	0.000000	0.025000	0.850000	0.062500	0.012500	0.825000	0.075000	0.037500	0.862500	0.875000	0.125000	0.800000	0.700000	0.150000
0.150000	0.037500	0.062500	0.050000	0.937500	0.950000	0.000000	0.712500	0.025000	0.000000	0.012500	0.000000	0.012500	0.825000	0.962500	0.000000	0.037500	0.000000	0.012500	0.037500	0.887500	0.112500	0.012500	0.012500	0.087500	0.012500	0.037500	0.087500
0.062500	0.012500	0.162500	0.125000	0.012500	0.012500	0.925000	0.025000	0.875000	0.062500	0.150000	0.937500	0.962500	0.000000	0.037500	0.000000	0.037500	0.925000	0.875000	0.050000	0.000000	0.025000	0.050000	0.087500	0.062500	0.087500	0.050000	0.087500
0.687500	0.225000	0.062500	0.050000	0.037500	0.037500	0.012500	0.112500	0.050000	0.037500	0.012500	0.000000	0.000000	0.000000	0.000000	0.975000	0.075000	0.012500	0.100000	0.087500	0.037500	0.825000	0.075000	0.025000	0.725000	0.100000	0.212500	0.675000

digestive_filaments_1_pos_pattern_32
0.000000	0.042857
0.071429	0.828571
0.028571	0.000000
0.900000	0.128571

digestive_filaments_1_pos_pattern_33
0.193548	0.241935	0.129032	0.177419	0.064516	0.080645	0.274194	0.064516	0.080645	0.000000	0.096774	0.016129	0.677419	0.161290	0.532258	0.048387	0.080645	0.048387	0.661290	0.322581	0.354839	0.290323	0.129032	0.209677	0.306452	0.193548	0.225806	0.467742	0.709677
0.177419	0.193548	0.387097	0.129032	0.193548	0.225806	0.048387	0.806452	0.000000	0.903226	0.000000	0.903226	0.032258	0.048387	0.000000	0.854839	0.016129	0.725806	0.048387	0.467742	0.145161	0.435484	0.129032	0.096774	0.112903	0.419355	0.483871	0.225806	0.064516
0.064516	0.500000	0.209677	0.290323	0.048387	0.129032	0.419355	0.016129	0.870968	0.064516	0.790323	0.032258	0.032258	0.354839	0.467742	0.032258	0.580645	0.032258	0.193548	0.129032	0.112903	0.161290	0.306452	0.241935	0.161290	0.016129	0.064516	0.145161	0.096774
0.564516	0.064516	0.274194	0.403226	0.693548	0.564516	0.258065	0.112903	0.048387	0.032258	0.112903	0.048387	0.258065	0.435484	0.000000	0.064516	0.322581	0.193548	0.096774	0.080645	0.387097	0.112903	0.435484	0.451613	0.419355	0.370968	0.225806	0.161290	0.129032

digestive_filaments_1_pos_pattern_34
0.156863	0.156863	0.196078	0.647059	0.137255	0.137255	0.196078	0.078431	0.019608	0.019608	0.000000	0.000000	0.156863	0.705882	0.039216	0.137255	0.019608	0.705882	0.039216	0.019608	0.000000	0.058824	0.176471	0.823529	0.215686	0.627451	0.058824	0.058824	0.137255
0.078431	0.235294	0.137255	0.137255	0.117647	0.117647	0.019608	0.078431	0.019608	0.000000	0.000000	0.039216	0.039216	0.000000	0.450980	0.313725	0.980392	0.000000	0.019608	0.176471	0.000000	0.058824	0.019608	0.019608	0.098039	0.039216	0.176471	0.098039	0.333333
0.588235	0.156863	0.098039	0.156863	0.549020	0.647059	0.509804	0.392157	0.058824	0.960784	1.000000	0.901961	0.039216	0.176471	0.098039	0.039216	0.000000	0.019608	0.941176	0.568627	0.980392	0.803922	0.058824	0.019608	0.019608	0.176471	0.588235	0.647059	0.392157
0.176471	0.450980	0.568627	0.058824	0.196078	0.098039	0.274510	0.450980	0.901961	0.019608	0.000000	0.058824	0.764706	0.117647	0.411765	0.509804	0.000000	0.274510	0.000000	0.235294	0.019608	0.078431	0.745098	0.137255	0.666667	0.156863	0.176471	0.196078	0.137255

digestive_filaments_1_pos_pattern_35
0.551020	0.673469	0.204082	0.081633	0.081633	0.061224	0.122449	0.755102	0.163265	0.163265	0.244898	0.693878	0.040816	0.306122	0.000000	0.000000	0.000000	0.000000	0.061224	0.081633	0.183673	0.040816	0.040816	0.163265	0.040816	0.142857	0.714286	0.122449
0.204082	0.040816	0.530612	0.673469	0.142857	0.265306	0.000000	0.020408	0.000000	0.000000	0.163265	0.142857	0.020408	0.612245	0.734694	0.000000	0.020408	0.000000	0.000000	0.000000	0.244898	0.897959	0.020408	0.020408	0.020408	0.020408	0.081633	0.571429
0.122449	0.122449	0.122449	0.020408	0.591837	0.061224	0.775510	0.142857	0.836735	0.816327	0.081633	0.142857	0.857143	0.020408	0.265306	0.000000	0.979592	1.000000	0.938776	0.877551	0.489796	0.020408	0.000000	0.795918	0.877551	0.673469	0.102041	0.204082
0.122449	0.163265	0.142857	0.224490	0.183673	0.612245	0.102041	0.081633	0.000000	0.020408	0.510204	0.020408	0.081633	0.061224	0.000000	1.000000	0.000000	0.000000	0.000000	0.040816	0.081633	0.040816	0.938776	0.020408	0.061224	0.163265	0.102041	0.102041

digestive_filaments_1_pos_pattern_36
0.312500	0.125000	0.083333	0.312500	0.500000	0.000000	0.000000	0.041667	0.000000	0.687500	0.312500	0.041667	0.041667	0.083333	0.104167	0.500000	0.125000	0.104167	0.333333	0.041667	0.145833
0.104167	0.062500	0.125000	0.270833	0.437500	0.958333	1.000000	0.000000	0.020833	0.000000	0.187500	0.000000	0.041667	0.229167	0.166667	0.229167	0.083333	0.687500	0.104167	0.812500	0.375000
0.291667	0.104167	0.145833	0.041667	0.041667	0.000000	0.000000	0.958333	0.958333	0.312500	0.000000	0.937500	0.020833	0.083333	0.645833	0.250000	0.083333	0.062500	0.458333	0.062500	0.270833
0.291667	0.708333	0.645833	0.375000	0.020833	0.041667	0.000000	0.000000	0.020833	0.000000	0.500000	0.020833	0.895833	0.604167	0.083333	0.020833	0.708333	0.145833	0.104167	0.083333	0.208333

digestive_filaments_1_pos_pattern_37
0.186047	0.162791	0.116279	0.000000	0.116279	0.093023	0.116279	0.023256	0.534884	0.232558	0.209302	0.116279	0.372093	0.023256	0.023256	0.000000	0.000000	0.000000	0.116279	0.069767	0.139535	0.162791	0.093023	0.023256	0.465116	0.000000	0.023256
0.372093	0.627907	0.069767	0.720930	0.558140	0.279070	0.488372	0.255814	0.000000	0.465116	0.046512	0.511628	0.558140	0.813953	0.000000	0.023256	0.000000	0.000000	0.186047	0.720930	0.744186	0.744186	0.744186	0.046512	0.000000	0.046512	0.069767
0.139535	0.139535	0.116279	0.232558	0.279070	0.534884	0.186047	0.697674	0.302326	0.162791	0.720930	0.162791	0.023256	0.023256	0.000000	0.976744	1.000000	0.976744	0.023256	0.000000	0.023256	0.093023	0.139535	0.558140	0.488372	0.604651	0.860465
0.302326	0.069767	0.697674	0.046512	0.046512	0.093023	0.209302	0.023256	0.162791	0.139535	0.023256	0.209302	0.046512	0.139535	0.976744	0.000000	0.000000	0.023256	0.674419	0.209302	0.093023	0.000000	0.023256	0.372093	0.046512	0.348837	0.046512

digestive_filaments_1_pos_pattern_38
0.116279	0.720930	0.162791	0.860465	0.023256	0.186047	0.162791	0.325581	0.720930	0.581395	0.000000	0.023256	0.953488	0.860465	0.046512	0.046512	0.883721	0.255814	0.209302	0.162791	0.209302	0.139535	0.232558	0.302326	0.162791	0.162791
0.488372	0.023256	0.441860	0.023256	0.186047	0.441860	0.069767	0.023256	0.000000	0.348837	1.000000	0.906977	0.000000	0.023256	0.093023	0.837209	0.023256	0.139535	0.581395	0.069767	0.488372	0.093023	0.395349	0.325581	0.558140	0.627907
0.046512	0.232558	0.069767	0.000000	0.744186	0.325581	0.162791	0.534884	0.139535	0.023256	0.000000	0.000000	0.046512	0.023256	0.023256	0.023256	0.069767	0.534884	0.046512	0.604651	0.162791	0.604651	0.069767	0.093023	0.023256	0.162791
0.348837	0.023256	0.325581	0.116279	0.046512	0.046512	0.604651	0.116279	0.139535	0.046512	0.000000	0.069767	0.000000	0.093023	0.837209	0.093023	0.023256	0.069767	0.162791	0.162791	0.139535	0.162791	0.302326	0.279070	0.255814	0.046512

digestive_filaments_1_pos_pattern_39
0.100000	0.125000	0.050000	0.125000	0.850000	0.850000	0.050000	0.000000	0.050000	0.750000
0.775000	0.075000	0.075000	0.000000	0.050000	0.075000	0.825000	0.100000	0.025000	0.000000
0.025000	0.725000	0.100000	0.800000	0.050000	0.000000	0.125000	0.150000	0.875000	0.175000
0.100000	0.075000	0.775000	0.075000	0.050000	0.075000	0.000000	0.750000	0.050000	0.075000

digestive_filaments_1_pos_pattern_4
0.447044	0.038229	0.023188	0.917067	0.002716	0.001880	0.004178	0.056403	0.989555	0.053060
0.115312	0.033215	0.070399	0.012325	0.956131	0.000209	0.003969	0.905369	0.000418	0.501567
0.351159	0.018801	0.741383	0.053896	0.008147	0.997284	0.002507	0.028828	0.005014	0.038020
0.086484	0.909756	0.165030	0.016712	0.033006	0.000627	0.989346	0.009400	0.005014	0.407353

digestive_filaments_1_pos_pattern_40
0.051282	0.205128	0.128205	0.256410	0.102564	0.076923	0.333333	0.358974	0.564103	0.974359	0.025641	0.025641	0.051282	0.025641	0.897436	0.000000	0.000000	0.051282	0.051282	0.641026	0.051282	0.051282	0.025641	0.410256	0.897436	0.102564	0.358974	0.025641
0.666667	0.076923	0.641026	0.025641	0.538462	0.230769	0.538462	0.512821	0.051282	0.000000	0.000000	0.000000	0.000000	0.102564	0.025641	1.000000	0.025641	0.000000	0.000000	0.256410	0.461538	0.897436	0.076923	0.076923	0.025641	0.000000	0.076923	0.076923
0.051282	0.564103	0.102564	0.589744	0.230769	0.589744	0.102564	0.076923	0.102564	0.000000	0.897436	0.358974	0.948718	0.871795	0.025641	0.000000	0.000000	0.641026	0.948718	0.051282	0.384615	0.025641	0.102564	0.410256	0.025641	0.820513	0.051282	0.435897
0.230769	0.153846	0.128205	0.128205	0.128205	0.102564	0.025641	0.051282	0.282051	0.025641	0.076923	0.615385	0.000000	0.000000	0.051282	0.000000	0.974359	0.307692	0.000000	0.051282	0.102564	0.025641	0.794872	0.102564	0.051282	0.076923	0.512821	0.461538

digestive_filaments_1_pos_pattern_41
0.076923
0.128205
0.102564
0.692308

digestive_filaments_1_pos_pattern_42
0.210526	0.210526	0.210526	0.105263	0.342105	0.421053	0.263158	0.131579	0.000000	0.000000	0.000000	0.000000	0.157895	0.236842
0.184211	0.157895	0.157895	0.236842	0.184211	0.131579	0.000000	0.000000	0.000000	0.000000	0.000000	0.026316	0.157895	0.289474
0.263158	0.052632	0.105263	0.105263	0.184211	0.052632	0.026316	0.000000	0.000000	0.000000	0.000000	0.000000	0.078947	0.157895
0.342105	0.578947	0.526316	0.552632	0.289474	0.394737	0.710526	0.868421	1.000000	1.000000	1.000000	0.973684	0.605263	0.315789

digestive_filaments_1_pos_pattern_43
0.000000	0.083333
0.000000	0.027778
1.000000	0.750000
0.000000	0.138889

digestive_filaments_1_pos_pattern_44
0.030303	0.272727
0.242424	0.484848
0.000000	0.030303
0.727273	0.212121

digestive_filaments_1_pos_pattern_45
0.090909	0.060606	0.030303	0.030303	0.030303	0.030303	0.727273
0.090909	0.000000	0.121212	0.909091	0.909091	0.060606	0.151515
0.090909	0.909091	0.727273	0.000000	0.030303	0.909091	0.090909
0.727273	0.030303	0.121212	0.060606	0.030303	0.000000	0.030303

digestive_filaments_1_pos_pattern_46
0.074074	0.333333	0.185185	0.296296	0.148148	0.333333	0.222222	0.148148	0.074074	0.444444	0.000000	0.000000	0.037037	0.000000	0.037037	0.444444	0.185185	0.148148	0.222222	0.481481	0.407407	0.481481
0.518519	0.074074	0.333333	0.148148	0.259259	0.000000	0.185185	0.148148	0.222222	0.296296	0.777778	0.000000	0.000000	0.000000	0.074074	0.185185	0.666667	0.555556	0.111111	0.037037	0.148148	0.259259
0.148148	0.555556	0.481481	0.518519	0.370370	0.444444	0.444444	0.592593	0.703704	0.000000	0.111111	0.000000	0.888889	0.925926	0.666667	0.148148	0.000000	0.111111	0.444444	0.222222	0.259259	0.111111
0.259259	0.037037	0.000000	0.037037	0.222222	0.222222	0.148148	0.111111	0.000000	0.259259	0.111111	1.000000	0.074074	0.074074	0.222222	0.222222	0.148148	0.185185	0.222222	0.259259	0.185185	0.148148

digestive_filaments_1_pos_pattern_47
0.703704	0.148148	0.185185	0.037037	0.111111	0.111111	0.000000	0.037037	0.074074	0.148148	0.925926	0.111111	0.000000	0.851852	0.185185	0.000000	0.037037	0.185185	0.407407	0.037037	0.629630	0.111111	0.074074	0.222222	0.185185
0.148148	0.074074	0.037037	0.666667	0.000000	0.074074	0.037037	0.851852	0.148148	0.185185	0.037037	0.148148	0.074074	0.000000	0.148148	1.000000	0.888889	0.666667	0.111111	0.740741	0.222222	0.074074	0.629630	0.000000	0.111111
0.000000	0.185185	0.666667	0.000000	0.814815	0.740741	0.888889	0.037037	0.074074	0.074074	0.037037	0.000000	0.037037	0.037037	0.000000	0.000000	0.000000	0.111111	0.407407	0.111111	0.111111	0.777778	0.222222	0.666667	0.518519
0.148148	0.592593	0.111111	0.296296	0.074074	0.074074	0.074074	0.074074	0.703704	0.592593	0.000000	0.740741	0.888889	0.111111	0.666667	0.000000	0.074074	0.037037	0.074074	0.111111	0.037037	0.037037	0.074074	0.111111	0.185185

digestive_filaments_1_pos_pattern_48
0.269231	0.576923	0.884615	0.653846	0.500000	0.000000	0.000000	0.076923	0.192308	0.192308	0.115385	0.269231	0.307692	0.423077	0.038462	0.000000	0.038462	0.076923	0.153846	0.192308	0.192308	0.115385	0.307692	0.269231
0.346154	0.038462	0.076923	0.115385	0.115385	0.076923	0.038462	0.038462	0.307692	0.461538	0.153846	0.461538	0.346154	0.000000	0.038462	0.000000	0.038462	0.038462	0.115385	0.192308	0.153846	0.192308	0.038462	0.153846
0.230769	0.192308	0.000000	0.076923	0.153846	0.115385	0.307692	0.230769	0.038462	0.115385	0.653846	0.115385	0.076923	0.038462	0.000000	0.115385	0.000000	0.038462	0.307692	0.192308	0.038462	0.153846	0.192308	0.076923
0.153846	0.192308	0.038462	0.153846	0.230769	0.807692	0.653846	0.653846	0.461538	0.230769	0.076923	0.153846	0.269231	0.538462	0.923077	0.884615	0.923077	0.846154	0.423077	0.423077	0.615385	0.538462	0.461538	0.500000

digestive_filaments_1_pos_pattern_49
0.160000	0.080000	0.880000	0.680000	0.080000	0.000000	0.120000	0.200000	0.040000	0.040000	0.000000	0.000000	0.920000	0.000000	0.240000	0.160000	0.000000	0.000000	0.000000	0.040000	0.120000	0.040000	0.040000	0.000000	0.680000
0.080000	0.040000	0.000000	0.000000	0.000000	0.040000	0.000000	0.000000	0.120000	0.000000	0.000000	0.040000	0.000000	0.000000	0.000000	0.800000	0.960000	0.000000	0.000000	0.000000	0.040000	0.080000	0.080000	0.040000	0.120000
0.720000	0.120000	0.080000	0.040000	0.240000	0.720000	0.000000	0.040000	0.120000	0.920000	1.000000	0.880000	0.040000	0.200000	0.000000	0.040000	0.040000	0.040000	0.960000	0.000000	0.160000	0.040000	0.880000	0.000000	0.000000
0.040000	0.760000	0.040000	0.280000	0.680000	0.240000	0.880000	0.760000	0.720000	0.040000	0.000000	0.080000	0.040000	0.800000	0.760000	0.000000	0.000000	0.960000	0.040000	0.960000	0.680000	0.840000	0.000000	0.960000	0.200000

digestive_filaments_1_pos_pattern_5
0.413219	0.525371	0.282592	0.238095	0.112672	0.966693	0.938590	0.347645	0.981004	0.010929	0.005725	0.003903	0.024980	0.013531	0.069737	0.323185
0.150664	0.082227	0.085350	0.414520	0.811866	0.008067	0.015092	0.140515	0.003903	0.005204	0.007286	0.002082	0.944314	0.051262	0.052823	0.524070
0.174343	0.120739	0.111892	0.059329	0.035649	0.019776	0.014052	0.417903	0.007806	0.004163	0.977361	0.986989	0.006245	0.894093	0.812126	0.066354
0.261775	0.271663	0.520167	0.288056	0.039813	0.005464	0.032266	0.093937	0.007286	0.979703	0.009628	0.007026	0.024460	0.041114	0.065314	0.086391

digestive_filaments_1_pos_pattern_50
0.050000	0.200000	0.200000	0.200000	0.200000	0.600000	0.200000	0.250000	0.050000	0.200000	0.100000	0.000000	0.900000	0.000000	0.050000	0.100000	0.000000	0.000000	0.000000	0.950000	0.000000	0.400000	0.000000	0.250000	0.300000	0.250000	0.450000	0.150000	0.600000
0.100000	0.250000	0.100000	0.300000	0.400000	0.050000	0.200000	0.150000	0.000000	0.600000	0.000000	1.000000	0.000000	0.050000	0.000000	0.800000	0.000000	0.050000	0.000000	0.000000	0.750000	0.300000	0.150000	0.200000	0.000000	0.100000	0.150000	0.200000	0.200000
0.250000	0.100000	0.200000	0.150000	0.150000	0.250000	0.200000	0.000000	0.600000	0.050000	0.900000	0.000000	0.100000	0.050000	0.900000	0.000000	0.950000	0.000000	1.000000	0.050000	0.200000	0.100000	0.500000	0.100000	0.150000	0.350000	0.150000	0.250000	0.100000
0.600000	0.450000	0.500000	0.350000	0.250000	0.100000	0.400000	0.600000	0.350000	0.150000	0.000000	0.000000	0.000000	0.900000	0.050000	0.100000	0.050000	0.950000	0.000000	0.000000	0.050000	0.200000	0.350000	0.450000	0.550000	0.300000	0.250000	0.400000	0.100000

digestive_filaments_1_pos_pattern_6
0.237241	0.134324	0.020752	0.003085	0.984296	0.003646	0.028884	0.007852	0.044868	0.706394	0.063376
0.128435	0.015704	0.016545	0.982894	0.003926	0.979529	0.001683	0.019349	0.033932	0.078519	0.302299
0.315760	0.842681	0.006169	0.008974	0.007852	0.002524	0.964947	0.009534	0.898486	0.123388	0.097308
0.318564	0.007291	0.956534	0.005048	0.003926	0.014302	0.004487	0.963264	0.022715	0.091699	0.537016

digestive_filaments_1_pos_pattern_7
0.320499	0.629206	0.010406	0.032952	0.022199	0.021505	0.036420	0.027402	0.717308	0.103711	0.180715
0.103018	0.064863	0.968783	0.933056	0.016996	0.928547	0.027749	0.023933	0.028789	0.688519	0.580992
0.280610	0.120361	0.008672	0.013181	0.939993	0.024280	0.082206	0.919875	0.147069	0.065210	0.045786
0.295872	0.185571	0.012140	0.020812	0.020812	0.025668	0.853625	0.028789	0.106833	0.142560	0.192508

digestive_filaments_1_pos_pattern_8
0.273849	0.574276	0.017561	0.011865	0.004271	0.024680	0.828192	0.718557	0.150925	0.108211
0.227337	0.149027	0.855719	0.959658	0.001424	0.007119	0.022307	0.072615	0.034172	0.122924
0.165638	0.093498	0.051258	0.015662	0.993355	0.962031	0.049834	0.056953	0.739915	0.084006
0.333175	0.183199	0.075463	0.012814	0.000949	0.006170	0.099668	0.151875	0.074988	0.684860

digestive_filaments_1_pos_pattern_9
0.132979	0.380077	0.098162	0.055126	0.029981	0.933752	0.031915	0.016925	0.013540	0.017892	0.014990	0.590909
0.301741	0.036267	0.834623	0.008704	0.921180	0.017892	0.023694	0.008704	0.955029	0.007253	0.884913	0.060928
0.106867	0.547872	0.027079	0.913443	0.012573	0.023694	0.036750	0.960348	0.004352	0.924565	0.025629	0.173114
0.458414	0.035783	0.040135	0.022727	0.036267	0.024662	0.907640	0.014023	0.027079	0.050290	0.074468	0.175048

digestive_filaments_2_pos_pattern_0
0.102867	0.011487	0.024940	0.009624	0.962641	0.247128	0.153679
0.130601	0.002587	0.017282	0.968540	0.004036	0.637380	0.121701
0.296595	0.983856	0.007969	0.006520	0.022146	0.043361	0.562144
0.469937	0.002070	0.949809	0.015316	0.011177	0.072131	0.162475

digestive_filaments_2_pos_pattern_1
0.201379	0.027701	0.038046	0.012414	0.041264	0.264598	0.218621	0.235747	0.014828	0.005057	0.014713	0.009195	0.005402	0.007356	0.036897	0.195632
0.148161	0.357126	0.008851	0.005632	0.008621	0.300115	0.076782	0.290000	0.927816	0.989655	0.011954	0.005517	0.009885	0.011034	0.110345	0.162759
0.228621	0.024828	0.926782	0.973333	0.804713	0.072299	0.076552	0.145287	0.033793	0.001954	0.007011	0.950230	0.010230	0.956667	0.566897	0.083103
0.421839	0.590345	0.026322	0.008621	0.145402	0.362989	0.628046	0.328966	0.023563	0.003333	0.966322	0.035057	0.974483	0.024943	0.285862	0.558506

digestive_filaments_2_pos_pattern_10
0.395973	0.076923	0.023748	0.037687	0.854930	0.084151	0.423851	0.741353	0.054208	0.113578	0.008776	0.423335	0.158493	0.108931	0.113061	0.029427	0.141972
0.070728	0.850284	0.941662	0.935983	0.025297	0.136293	0.225090	0.049561	0.074858	0.147135	0.974187	0.242127	0.181724	0.197212	0.018585	0.808983	0.037687
0.086732	0.018585	0.014972	0.011358	0.096025	0.367579	0.291172	0.167269	0.147651	0.629840	0.006195	0.026329	0.071244	0.041817	0.747031	0.087765	0.734125
0.446567	0.054208	0.019618	0.014972	0.023748	0.411977	0.059886	0.041817	0.723283	0.109448	0.010842	0.308209	0.588539	0.652039	0.121322	0.073826	0.086216

digestive_filaments_2_pos_pattern_11
0.199429	0.023429	0.036571	0.009143	0.003429	0.007429	0.937143	0.002857	0.532000
0.160000	0.006857	0.003429	0.004571	0.013714	0.010286	0.005143	0.957143	0.121714
0.186857	0.015429	0.960000	0.008571	0.051429	0.331429	0.023429	0.006286	0.047429
0.453714	0.954286	0.000000	0.977714	0.931429	0.650857	0.034286	0.033714	0.298857

digestive_filaments_2_pos_pattern_12
0.160207	0.750000	0.054264	0.073643	0.055556	0.003230	0.001292	0.003876	0.027132	0.109819
0.397933	0.044574	0.759690	0.036822	0.025840	0.990956	0.996770	0.005814	0.072351	0.081395
0.153101	0.144057	0.045866	0.011628	0.010982	0.001292	0.001292	0.970930	0.877261	0.060724
0.288760	0.061370	0.140181	0.877907	0.907623	0.004522	0.000646	0.019380	0.023256	0.748062

digestive_filaments_2_pos_pattern_13
0.375130	0.929534	0.004145	0.013472	0.161658	0.031088	0.002073	0.975130	0.014508	0.802073
0.202073	0.011399	0.002073	0.004145	0.002073	0.000000	0.991710	0.005181	0.044560	0.004145
0.111917	0.041451	0.004145	0.006218	0.007254	0.968912	0.000000	0.006218	0.000000	0.052850
0.310881	0.017617	0.989637	0.976166	0.829016	0.000000	0.006218	0.013472	0.940933	0.140933

digestive_filaments_2_pos_pattern_14
0.255342	0.104701	0.048077	0.666667	0.025641	0.043803	0.102564	0.058761	0.063034	0.003205	0.179487	0.356838	0.211538
0.117521	0.148504	0.009615	0.216880	0.047009	0.891026	0.864316	0.771368	0.024573	0.909188	0.030983	0.144231	0.103632
0.278846	0.060897	0.914530	0.020299	0.870726	0.019231	0.016026	0.016026	0.897436	0.009615	0.746795	0.348291	0.118590
0.348291	0.685897	0.027778	0.096154	0.056624	0.045940	0.017094	0.153846	0.014957	0.077991	0.042735	0.150641	0.566239

digestive_filaments_2_pos_pattern_15
0.224138	0.027586	0.026437	0.003448	0.013793	0.021839	0.022989	0.032184	0.328736	0.102299
0.134483	0.008046	0.000000	0.000000	0.009195	0.009195	0.001149	0.589655	0.094253	0.282759
0.193103	0.014943	0.970115	0.002299	0.044828	0.031034	0.973563	0.028736	0.119540	0.052874
0.448276	0.949425	0.003448	0.994253	0.932184	0.937931	0.002299	0.349425	0.457471	0.562069

digestive_filaments_2_pos_pattern_16
0.180398	0.164773	0.201705	0.156250	0.115057	0.127841	0.103693	0.147727	0.109375	0.133523	0.102273	0.102273	0.107955	0.072443	0.177557	0.068182	0.078125	0.096591	0.068182	0.160511	0.075284	0.069602	0.095170	0.109375
0.478693	0.502841	0.518466	0.565341	0.596591	0.626420	0.660511	0.650568	0.693182	0.630682	0.684659	0.718750	0.742898	0.741477	0.562500	0.838068	0.816761	0.826705	0.821023	0.481534	0.812500	0.835227	0.782670	0.717330
0.116477	0.140625	0.110795	0.106534	0.120739	0.086648	0.106534	0.083807	0.072443	0.089489	0.073864	0.058239	0.062500	0.076705	0.062500	0.038352	0.031250	0.024148	0.029830	0.079545	0.042614	0.021307	0.029830	0.056818
0.224432	0.191761	0.169034	0.171875	0.167614	0.159091	0.129261	0.117898	0.125000	0.146307	0.139205	0.120739	0.086648	0.109375	0.197443	0.055398	0.073864	0.052557	0.080966	0.278409	0.069602	0.073864	0.092330	0.116477

digestive_filaments_2_pos_pattern_17
0.482353	0.622059	0.766176	0.850000	0.941176	0.988235	0.989706	0.975000	0.694118	0.413235
0.091176	0.067647	0.033824	0.014706	0.002941	0.000000	0.001471	0.000000	0.013235	0.095588
0.176471	0.127941	0.045588	0.023529	0.008824	0.001471	0.002941	0.000000	0.005882	0.027941
0.250000	0.182353	0.154412	0.111765	0.047059	0.010294	0.005882	0.025000	0.286765	0.463235

digestive_filaments_2_pos_pattern_18
0.116725	0.026132	0.752613	0.073171	0.060976	0.041812	0.064460	0.102787
0.184669	0.855401	0.094077	0.876307	0.019164	0.862369	0.022648	0.547038
0.249129	0.069686	0.043554	0.012195	0.883275	0.012195	0.869338	0.212544
0.449477	0.048780	0.109756	0.038328	0.036585	0.083624	0.043554	0.137631

digestive_filaments_2_pos_pattern_19
0.473684	0.124561	0.007018	0.005263	0.005263	0.014035
0.115789	0.056140	0.000000	0.000000	0.005263	0.033333
0.215789	0.064912	0.005263	0.994737	0.001754	0.036842
0.194737	0.754386	0.987719	0.000000	0.987719	0.915789

digestive_filaments_2_pos_pattern_2
0.380776	0.148042	0.091917	0.626113	0.472022	0.019324	0.001512	0.985717	0.983532	0.007898	0.091245	0.878676	0.223996	0.671148
0.179130	0.211897	0.380776	0.048731	0.043690	0.966896	0.996807	0.002689	0.006722	0.004369	0.811796	0.007394	0.213746	0.141993
0.204671	0.091581	0.147874	0.291212	0.403630	0.004033	0.000504	0.003697	0.004201	0.004369	0.064023	0.105360	0.468493	0.136448
0.235423	0.548479	0.379432	0.033944	0.080659	0.009746	0.001176	0.007898	0.005545	0.983364	0.032936	0.008570	0.093766	0.050412

digestive_filaments_2_pos_pattern_20
0.169139	0.077151	0.020772	0.002967	0.118694	0.121662	0.011869	0.661721	0.124629	0.510386	0.106825	0.130564	0.709199	0.818991	0.100890
0.195846	0.044510	0.014837	0.083086	0.053412	0.537092	0.807122	0.106825	0.050445	0.023739	0.044510	0.572700	0.029674	0.065282	0.738872
0.139466	0.810089	0.210682	0.041543	0.465875	0.264095	0.008902	0.062315	0.044510	0.412463	0.807122	0.068249	0.189911	0.080119	0.056380
0.495549	0.068249	0.753709	0.872404	0.362018	0.077151	0.172107	0.169139	0.780415	0.053412	0.041543	0.228487	0.071217	0.035608	0.103858

digestive_filaments_2_pos_pattern_21
0.242424	0.000000	0.030303	0.859848	0.015152	0.962121	0.018939	0.602273	0.223485	0.003788	0.022727	0.416667	0.348485	0.693182
0.227273	0.996212	0.962121	0.026515	0.011364	0.003788	0.007576	0.015152	0.007576	0.000000	0.034091	0.106061	0.212121	0.075758
0.215909	0.000000	0.007576	0.000000	0.000000	0.022727	0.000000	0.007576	0.049242	0.992424	0.920455	0.159091	0.208333	0.102273
0.314394	0.003788	0.000000	0.113636	0.973485	0.011364	0.973485	0.375000	0.719697	0.003788	0.022727	0.318182	0.231061	0.128788

digestive_filaments_2_pos_pattern_22
0.507246	0.536232	0.748792	0.855072	0.893720	0.893720	0.801932	0.758454	0.782609	0.657005	0.743961	0.705314	0.835749	0.917874	0.956522	0.884058	0.685990
0.125604	0.111111	0.067633	0.033816	0.019324	0.014493	0.019324	0.053140	0.048309	0.043478	0.043478	0.014493	0.019324	0.000000	0.000000	0.014493	0.043478
0.154589	0.202899	0.101449	0.048309	0.028986	0.000000	0.024155	0.028986	0.086957	0.125604	0.057971	0.106280	0.033816	0.024155	0.014493	0.014493	0.004831
0.212560	0.149758	0.082126	0.062802	0.057971	0.091787	0.154589	0.159420	0.082126	0.173913	0.154589	0.173913	0.111111	0.057971	0.028986	0.086957	0.265700

digestive_filaments_2_pos_pattern_23
0.477612	0.054726	0.955224	0.004975	0.009950	0.009950	0.771144	0.024876	0.666667	0.064677	0.606965
0.124378	0.014925	0.000000	0.000000	0.000000	0.034826	0.000000	0.925373	0.069652	0.398010	0.034826
0.104478	0.000000	0.034826	0.000000	0.039801	0.044776	0.223881	0.004975	0.039801	0.014925	0.039801
0.293532	0.930348	0.009950	0.995025	0.950249	0.910448	0.004975	0.044776	0.223881	0.522388	0.318408

digestive_filaments_2_pos_pattern_24
0.139535	0.267442	0.116279	0.215116	0.034884	0.023256	0.011628	0.029070	0.029070	0.046512	0.075581	0.075581	0.122093	0.156977	0.174419	0.273256	0.151163	0.255814	0.180233
0.203488	0.075581	0.156977	0.180233	0.139535	0.029070	0.029070	0.005814	0.011628	0.029070	0.029070	0.238372	0.046512	0.110465	0.081395	0.104651	0.220930	0.145349	0.104651
0.430233	0.127907	0.604651	0.040698	0.697674	0.000000	0.953488	0.000000	0.755814	0.034884	0.808140	0.052326	0.680233	0.069767	0.627907	0.377907	0.465116	0.331395	0.593023
0.226744	0.529070	0.122093	0.563953	0.127907	0.947674	0.005814	0.965116	0.203488	0.889535	0.087209	0.633721	0.151163	0.662791	0.116279	0.244186	0.162791	0.267442	0.122093

digestive_filaments_2_pos_pattern_25
0.046512	0.069767	0.174419	0.058140	0.058140	0.034884	0.430233	0.732558	0.046512	0.127907	0.058140	0.011628	0.000000	0.953488	0.046512	0.034884	0.000000	0.023256	0.011628	0.023256	0.709302	0.011628	0.000000	0.034884	0.046512	0.139535	0.058140	0.034884	0.162791
0.569767	0.779070	0.058140	0.651163	0.186047	0.732558	0.046512	0.034884	0.651163	0.081395	0.883721	0.976744	0.988372	0.000000	0.000000	0.000000	0.965116	0.860465	0.848837	0.895349	0.081395	0.883721	0.034884	0.906977	0.034884	0.058140	0.639535	0.813953	0.558140
0.127907	0.034884	0.697674	0.081395	0.709302	0.081395	0.325581	0.197674	0.197674	0.081395	0.011628	0.000000	0.000000	0.023256	0.918605	0.883721	0.000000	0.000000	0.011628	0.023256	0.081395	0.034884	0.093023	0.034884	0.872093	0.720930	0.034884	0.034884	0.058140
0.255814	0.116279	0.069767	0.209302	0.046512	0.151163	0.197674	0.034884	0.104651	0.709302	0.046512	0.011628	0.011628	0.023256	0.034884	0.081395	0.034884	0.116279	0.127907	0.058140	0.127907	0.069767	0.872093	0.023256	0.046512	0.081395	0.267442	0.116279	0.220930

digestive_filaments_2_pos_pattern_26
0.235294
0.105882
0.517647
0.141176

digestive_filaments_2_pos_pattern_27
0.536232	0.072464	0.028986	0.753623	0.275362	0.434783	0.130435	0.188406	0.072464	0.275362	0.159420	0.144928	0.173913	0.028986	0.000000	0.014493	0.000000	0.115942	0.202899	0.188406	0.202899	0.173913	0.231884
0.130435	0.275362	0.869565	0.014493	0.623188	0.130435	0.130435	0.173913	0.086957	0.579710	0.057971	0.681159	0.652174	0.869565	0.072464	0.884058	0.028986	0.608696	0.101449	0.608696	0.086957	0.608696	0.101449
0.246377	0.115942	0.028986	0.202899	0.028986	0.101449	0.608696	0.521739	0.347826	0.028986	0.405797	0.101449	0.101449	0.014493	0.913043	0.043478	0.956522	0.144928	0.449275	0.072464	0.014493	0.072464	0.550725
0.086957	0.536232	0.072464	0.028986	0.072464	0.333333	0.130435	0.115942	0.492754	0.115942	0.376812	0.072464	0.072464	0.086957	0.014493	0.057971	0.014493	0.130435	0.246377	0.130435	0.695652	0.144928	0.115942

digestive_filaments_2_pos_pattern_28
0.119403	0.179104	0.059701	0.089552	0.089552	0.059701	0.074627	0.567164	0.044776	0.000000	0.000000	0.970149	0.014925	0.104478	0.000000	0.000000	0.029851	0.268657	0.820896	0.656716	0.611940	0.134328	0.164179
0.134328	0.119403	0.611940	0.164179	0.000000	0.044776	0.850746	0.373134	0.000000	1.000000	1.000000	0.000000	0.000000	0.716418	0.014925	0.000000	0.000000	0.014925	0.014925	0.104478	0.059701	0.089552	0.029851
0.089552	0.552239	0.149254	0.074627	0.835821	0.791045	0.029851	0.059701	0.940299	0.000000	0.000000	0.000000	0.000000	0.059701	0.029851	0.014925	0.895522	0.671642	0.044776	0.029851	0.119403	0.074627	0.626866
0.656716	0.149254	0.179104	0.671642	0.074627	0.104478	0.044776	0.000000	0.014925	0.000000	0.000000	0.029851	0.985075	0.119403	0.955224	0.985075	0.074627	0.044776	0.119403	0.208955	0.208955	0.701493	0.179104

digestive_filaments_2_pos_pattern_29
0.218750	0.187500	0.343750	0.156250	0.062500	0.203125	0.015625	0.046875	0.015625	0.015625	0.046875	0.765625	0.640625	0.609375	0.015625	0.093750	0.640625	0.046875	0.140625
0.234375	0.078125	0.296875	0.203125	0.515625	0.109375	0.843750	0.125000	0.953125	0.000000	0.875000	0.031250	0.093750	0.093750	0.000000	0.609375	0.125000	0.156250	0.406250
0.187500	0.562500	0.031250	0.468750	0.109375	0.593750	0.000000	0.812500	0.000000	0.968750	0.000000	0.125000	0.109375	0.078125	0.984375	0.187500	0.156250	0.046875	0.171875
0.359375	0.171875	0.328125	0.171875	0.312500	0.093750	0.140625	0.015625	0.031250	0.015625	0.078125	0.078125	0.156250	0.218750	0.000000	0.109375	0.078125	0.750000	0.281250

digestive_filaments_2_pos_pattern_3
0.192383	0.057214	0.202932	0.188271	0.098337	0.254246	0.185768	0.011979	0.023780	0.941355	0.029680	0.087252	0.043984	0.031289	0.092437	0.080815
0.383336	0.273735	0.287323	0.204005	0.051314	0.268014	0.658144	0.957268	0.874128	0.008046	0.010728	0.052566	0.850706	0.556946	0.539067	0.497407
0.213302	0.048453	0.127481	0.536921	0.447524	0.157876	0.045414	0.006615	0.023422	0.023780	0.940640	0.355981	0.047202	0.031468	0.029144	0.046129
0.210978	0.620597	0.382264	0.070803	0.402825	0.319864	0.110674	0.024137	0.078670	0.026819	0.018952	0.504202	0.058108	0.380297	0.339353	0.375648

digestive_filaments_2_pos_pattern_30
0.696429	0.250000
0.071429	0.535714
0.142857	0.107143
0.089286	0.107143

digestive_filaments_2_pos_pattern_31
0.607143	0.482143	0.285714	0.107143	0.125000	0.035714	0.285714	0.660714	0.035714	0.535714	0.000000	0.107143	0.000000	0.035714	0.750000	0.125000	0.053571	0.089286	0.017857	0.125000	0.642857	0.125000	0.214286	0.089286	0.125000
0.107143	0.196429	0.071429	0.303571	0.125000	0.767857	0.035714	0.107143	0.642857	0.232143	0.000000	0.839286	0.017857	0.946429	0.089286	0.232143	0.017857	0.625000	0.035714	0.160714	0.017857	0.714286	0.071429	0.589286	0.107143
0.214286	0.053571	0.535714	0.214286	0.089286	0.089286	0.125000	0.107143	0.125000	0.017857	0.982143	0.017857	0.964286	0.000000	0.089286	0.000000	0.928571	0.000000	0.946429	0.071429	0.250000	0.071429	0.053571	0.089286	0.642857
0.071429	0.267857	0.107143	0.375000	0.660714	0.107143	0.553571	0.125000	0.196429	0.214286	0.017857	0.035714	0.017857	0.017857	0.071429	0.642857	0.000000	0.285714	0.000000	0.642857	0.089286	0.089286	0.660714	0.232143	0.125000

digestive_filaments_2_pos_pattern_32
0.254545	0.072727	0.272727	0.018182	0.000000	0.000000	0.000000	0.963636	0.000000	0.181818	0.054545	0.018182	0.036364	0.600000	0.763636	0.309091	0.509091	0.236364	0.127273	0.509091
0.163636	0.036364	0.690909	0.781818	0.000000	1.000000	1.000000	0.000000	0.000000	0.181818	0.018182	0.018182	0.090909	0.072727	0.127273	0.090909	0.181818	0.163636	0.072727	0.072727
0.418182	0.654545	0.000000	0.200000	1.000000	0.000000	0.000000	0.036364	0.018182	0.181818	0.018182	0.000000	0.818182	0.254545	0.072727	0.109091	0.109091	0.036364	0.254545	0.200000
0.163636	0.236364	0.036364	0.000000	0.000000	0.000000	0.000000	0.000000	0.981818	0.454545	0.909091	0.963636	0.054545	0.072727	0.036364	0.490909	0.200000	0.563636	0.545455	0.218182

digestive_filaments_2_pos_pattern_33
0.351852	0.222222	0.111111	0.277778	0.518519	0.111111	0.000000	0.833333	0.055556	0.000000	0.000000	0.000000	0.000000	0.018519	0.055556	0.018519	0.074074	0.314815	0.166667
0.055556	0.092593	0.462963	0.166667	0.018519	0.537037	0.981481	0.037037	0.055556	0.000000	1.000000	0.018519	0.018519	0.185185	0.703704	0.833333	0.018519	0.351852	0.074074
0.111111	0.055556	0.148148	0.166667	0.388889	0.222222	0.000000	0.129630	0.851852	1.000000	0.000000	0.981481	0.037037	0.055556	0.222222	0.000000	0.055556	0.148148	0.592593
0.481481	0.629630	0.277778	0.388889	0.074074	0.129630	0.018519	0.000000	0.037037	0.000000	0.000000	0.000000	0.944444	0.740741	0.018519	0.148148	0.851852	0.185185	0.166667

digestive_filaments_2_pos_pattern_34
0.244898	0.346939	0.081633	0.020408	0.816327	0.000000	0.000000	0.000000	0.020408	0.734694	0.122449	0.224490	0.489796	0.244898	0.142857
0.000000	0.040816	0.163265	0.959184	0.000000	0.938776	0.000000	0.000000	0.020408	0.122449	0.183673	0.346939	0.142857	0.224490	0.530612
0.448980	0.530612	0.244898	0.000000	0.163265	0.000000	1.000000	0.000000	0.877551	0.020408	0.081633	0.224490	0.326531	0.224490	0.204082
0.306122	0.081633	0.510204	0.020408	0.020408	0.061224	0.000000	1.000000	0.081633	0.122449	0.612245	0.204082	0.040816	0.306122	0.122449

digestive_filaments_2_pos_pattern_35
0.581395	0.116279	0.604651	0.534884	0.069767	0.069767	0.139535	0.511628
0.093023	0.348837	0.116279	0.139535	0.674419	0.162791	0.581395	0.093023
0.093023	0.162791	0.093023	0.209302	0.069767	0.023256	0.139535	0.325581
0.232558	0.372093	0.186047	0.116279	0.186047	0.744186	0.139535	0.069767

digestive_filaments_2_pos_pattern_36
0.108108	0.216216	0.135135	0.108108	0.351351	0.081081	0.243243	0.270270	0.189189	0.189189	0.351351	0.351351	0.297297	0.135135	0.324324	0.108108	0.243243	0.243243	0.054054	0.135135	0.081081	0.000000	0.027027	0.351351
0.405405	0.054054	0.189189	0.162162	0.027027	0.324324	0.270270	0.297297	0.297297	0.270270	0.189189	0.270270	0.297297	0.648649	0.162162	0.702703	0.621622	0.432432	0.594595	0.135135	0.837838	0.891892	0.783784	0.540541
0.135135	0.648649	0.000000	0.675676	0.378378	0.135135	0.297297	0.189189	0.135135	0.216216	0.027027	0.243243	0.243243	0.108108	0.324324	0.108108	0.027027	0.054054	0.162162	0.216216	0.027027	0.027027	0.054054	0.000000
0.351351	0.081081	0.675676	0.054054	0.243243	0.459459	0.189189	0.243243	0.378378	0.324324	0.432432	0.135135	0.162162	0.108108	0.189189	0.081081	0.108108	0.270270	0.189189	0.513514	0.054054	0.081081	0.135135	0.108108

digestive_filaments_2_pos_pattern_37
0.138889	0.138889	0.166667	0.194444	0.055556	0.000000	0.972222	0.055556	0.138889	0.000000	0.000000	0.000000	0.000000	0.944444	0.027778	0.027778	0.000000	0.055556	0.527778	0.027778	0.111111	0.027778	0.027778	0.805556	0.027778	0.083333	0.055556	0.222222	0.194444
0.527778	0.138889	0.083333	0.638889	0.888889	0.916667	0.027778	0.000000	0.472222	0.944444	1.000000	1.000000	0.972222	0.000000	0.083333	0.055556	0.944444	0.111111	0.027778	0.833333	0.750000	0.083333	0.750000	0.083333	0.611111	0.083333	0.166667	0.138889	0.027778
0.111111	0.611111	0.083333	0.027778	0.000000	0.000000	0.000000	0.944444	0.222222	0.027778	0.000000	0.000000	0.000000	0.027778	0.833333	0.722222	0.027778	0.000000	0.194444	0.000000	0.027778	0.055556	0.027778	0.083333	0.138889	0.694444	0.583333	0.000000	0.138889
0.222222	0.111111	0.666667	0.138889	0.055556	0.083333	0.000000	0.000000	0.166667	0.027778	0.000000	0.000000	0.027778	0.027778	0.055556	0.194444	0.027778	0.833333	0.250000	0.138889	0.111111	0.833333	0.194444	0.027778	0.222222	0.138889	0.194444	0.638889	0.638889

digestive_filaments_2_pos_pattern_38
0.696970	0.121212	0.060606	0.757576	0.030303	0.727273	0.121212	0.757576	0.000000	0.030303	0.030303	0.090909	0.878788	0.030303	0.000000	0.787879	0.000000	0.030303	0.000000	0.000000	0.000000	0.818182	0.151515	0.121212	0.151515
0.060606	0.030303	0.000000	0.121212	0.151515	0.030303	0.727273	0.060606	0.727273	0.030303	0.151515	0.727273	0.090909	0.060606	0.212121	0.000000	0.242424	0.000000	1.000000	0.000000	0.000000	0.000000	0.848485	0.000000	0.030303
0.151515	0.060606	0.878788	0.090909	0.030303	0.060606	0.121212	0.151515	0.212121	0.151515	0.000000	0.151515	0.000000	0.878788	0.727273	0.181818	0.000000	0.969697	0.000000	1.000000	0.242424	0.181818	0.000000	0.030303	0.090909
0.090909	0.787879	0.060606	0.030303	0.787879	0.181818	0.030303	0.030303	0.060606	0.787879	0.818182	0.030303	0.030303	0.030303	0.060606	0.030303	0.757576	0.000000	0.000000	0.000000	0.757576	0.000000	0.000000	0.848485	0.727273

digestive_filaments_2_pos_pattern_39
0.093750
0.406250
0.218750
0.281250

digestive_filaments_2_pos_pattern_4
0.274730	0.177383	0.026304	0.001574	0.989209	0.016637	0.033723	0.015513	0.028103	0.575989	0.087005
0.123201	0.022932	0.030126	0.986511	0.001349	0.962905	0.008094	0.017536	0.033049	0.122977	0.280351
0.348921	0.776304	0.013264	0.008318	0.004946	0.003597	0.946043	0.010567	0.925360	0.194245	0.104092
0.253147	0.023381	0.930306	0.003597	0.004496	0.016862	0.012140	0.956385	0.013489	0.106790	0.528552

digestive_filaments_2_pos_pattern_40
0.032258	0.129032	0.129032	0.419355	0.516129	0.193548	0.419355	0.290323	0.612903	0.677419	0.290323	0.225806	0.225806	0.387097	0.806452	0.193548	0.032258	0.032258	0.000000	0.000000	0.064516	0.129032	0.193548	0.193548	0.193548
0.000000	0.387097	0.064516	0.000000	0.129032	0.000000	0.032258	0.258065	0.096774	0.096774	0.096774	0.096774	0.354839	0.161290	0.032258	0.677419	0.000000	0.129032	0.967742	0.935484	0.000000	0.064516	0.032258	0.064516	0.096774
0.806452	0.129032	0.677419	0.032258	0.258065	0.419355	0.387097	0.129032	0.193548	0.064516	0.096774	0.096774	0.193548	0.032258	0.064516	0.096774	0.000000	0.096774	0.032258	0.000000	0.935484	0.806452	0.096774	0.161290	0.096774
0.161290	0.354839	0.129032	0.548387	0.096774	0.387097	0.161290	0.322581	0.096774	0.161290	0.516129	0.580645	0.225806	0.419355	0.096774	0.032258	0.967742	0.741935	0.000000	0.064516	0.000000	0.000000	0.677419	0.580645	0.612903

digestive_filaments_2_pos_pattern_41
0.285714	0.785714	0.892857	0.071429	0.214286	0.035714	0.928571	0.000000	0.000000	0.000000	0.785714	0.535714	0.607143	0.250000	0.357143	0.250000	0.464286	0.250000	0.250000	0.285714	0.107143
0.178571	0.035714	0.035714	0.071429	0.000000	0.000000	0.071429	0.071429	0.000000	0.928571	0.000000	0.000000	0.357143	0.035714	0.107143	0.178571	0.142857	0.357143	0.178571	0.392857	0.178571
0.071429	0.000000	0.071429	0.000000	0.357143	0.000000	0.000000	0.000000	1.000000	0.071429	0.000000	0.250000	0.000000	0.107143	0.250000	0.285714	0.250000	0.250000	0.357143	0.107143	0.142857
0.464286	0.178571	0.000000	0.857143	0.428571	0.964286	0.000000	0.928571	0.000000	0.000000	0.214286	0.214286	0.035714	0.607143	0.285714	0.285714	0.142857	0.142857	0.214286	0.214286	0.571429

digestive_filaments_2_pos_pattern_42
0.185185	0.148148	0.074074	0.481481	0.814815	0.444444	0.444444	0.518519	0.444444	0.000000	0.000000	0.962963	0.000000	0.777778	0.925926	0.037037	0.000000	0.000000	0.814815	0.481481	0.000000	0.000000	0.000000	0.000000
0.703704	0.333333	0.037037	0.407407	0.037037	0.407407	0.333333	0.000000	0.148148	1.000000	1.000000	0.000000	0.037037	0.037037	0.000000	0.000000	0.000000	1.000000	0.111111	0.037037	0.814815	0.000000	1.000000	0.000000
0.037037	0.037037	0.037037	0.000000	0.074074	0.037037	0.037037	0.037037	0.000000	0.000000	0.000000	0.037037	0.407407	0.185185	0.074074	0.074074	0.962963	0.000000	0.000000	0.481481	0.000000	1.000000	0.000000	1.000000
0.074074	0.481481	0.851852	0.111111	0.074074	0.111111	0.185185	0.444444	0.407407	0.000000	0.000000	0.000000	0.555556	0.000000	0.000000	0.888889	0.037037	0.000000	0.074074	0.000000	0.185185	0.000000	0.000000	0.000000

digestive_filaments_2_pos_pattern_43
0.520000	0.560000	0.600000	0.880000	0.720000	0.760000	0.640000	0.840000	0.840000	0.920000	0.600000	0.640000
0.200000	0.160000	0.160000	0.000000	0.160000	0.160000	0.240000	0.160000	0.080000	0.080000	0.120000	0.080000
0.160000	0.120000	0.120000	0.040000	0.000000	0.080000	0.000000	0.000000	0.080000	0.000000	0.000000	0.120000
0.120000	0.160000	0.120000	0.080000	0.120000	0.000000	0.120000	0.000000	0.000000	0.000000	0.280000	0.160000

digestive_filaments_2_pos_pattern_44
0.181818	0.136364	0.090909	0.227273	0.136364	0.454545	0.045455	0.454545	0.454545	0.136364	0.590909	0.090909	0.045455	0.772727	0.272727	0.318182	0.090909	0.000000	0.000000	0.000000	0.000000	0.136364	0.318182	0.681818	0.590909	0.318182	0.318182	0.454545
0.409091	0.000000	0.227273	0.090909	0.090909	0.000000	0.045455	0.409091	0.045455	0.409091	0.000000	0.090909	0.136364	0.045455	0.545455	0.000000	0.318182	1.000000	1.000000	0.000000	0.000000	0.045455	0.000000	0.000000	0.000000	0.000000	0.000000	0.227273
0.318182	0.136364	0.545455	0.045455	0.318182	0.409091	0.363636	0.045455	0.363636	0.045455	0.000000	0.363636	0.454545	0.000000	0.181818	0.045455	0.000000	0.000000	0.000000	1.000000	0.909091	0.045455	0.136364	0.045455	0.409091	0.000000	0.000000	0.181818
0.090909	0.727273	0.136364	0.636364	0.454545	0.136364	0.545455	0.090909	0.136364	0.409091	0.409091	0.454545	0.363636	0.181818	0.000000	0.636364	0.590909	0.000000	0.000000	0.000000	0.090909	0.772727	0.545455	0.272727	0.000000	0.681818	0.681818	0.136364

digestive_filaments_2_pos_pattern_45
0.047619	0.095238	0.095238	0.714286	0.047619	0.857143	0.000000	1.000000	0.000000	0.000000	0.000000	0.000000	0.190476	0.000000	0.000000	0.000000	1.000000	0.761905	0.000000	0.571429	0.761905	0.714286	0.857143	0.761905	0.047619	0.047619	0.095238	0.190476	0.142857
0.047619	0.666667	0.095238	0.000000	0.000000	0.000000	0.047619	0.000000	1.000000	0.000000	0.000000	1.000000	0.000000	0.000000	0.000000	0.047619	0.000000	0.000000	0.047619	0.047619	0.047619	0.047619	0.095238	0.000000	0.047619	0.142857	0.666667	0.095238	0.095238
0.904762	0.095238	0.095238	0.238095	0.619048	0.142857	0.000000	0.000000	0.000000	0.000000	0.000000	0.000000	0.809524	0.000000	1.000000	0.000000	0.000000	0.047619	0.952381	0.333333	0.000000	0.095238	0.000000	0.095238	0.761905	0.571429	0.095238	0.095238	0.142857
0.000000	0.142857	0.714286	0.047619	0.333333	0.000000	0.952381	0.000000	0.000000	1.000000	1.000000	0.000000	0.000000	1.000000	0.000000	0.952381	0.000000	0.190476	0.000000	0.047619	0.190476	0.142857	0.047619	0.142857	0.142857	0.238095	0.142857	0.619048	0.619048

digestive_filaments_2_pos_pattern_46
0.285714	0.523810	0.095238	0.047619	0.571429	0.047619	0.904762	0.000000	0.571429	0.000000	0.000000	1.000000	0.952381	0.000000	0.000000	1.000000	0.000000	0.000000	0.095238	0.666667	0.333333	0.047619
0.047619	0.000000	0.095238	0.761905	0.047619	0.047619	0.000000	0.571429	0.000000	0.095238	0.047619	0.000000	0.000000	0.000000	0.000000	0.000000	0.761905	0.523810	0.095238	0.190476	0.523810	0.952381
0.380952	0.095238	0.333333	0.190476	0.095238	0.000000	0.095238	0.000000	0.380952	0.000000	0.952381	0.000000	0.000000	1.000000	0.000000	0.000000	0.047619	0.000000	0.000000	0.000000	0.142857	0.000000
0.285714	0.380952	0.476190	0.000000	0.285714	0.904762	0.000000	0.428571	0.047619	0.904762	0.000000	0.000000	0.047619	0.000000	1.000000	0.000000	0.190476	0.476190	0.809524	0.142857	0.000000	0.000000

digestive_filaments_2_pos_pattern_47
0.100000	0.100000	0.300000	0.200000	0.200000	0.300000	0.100000	0.200000	0.250000	0.350000	0.400000	0.200000	0.000000	0.050000	0.100000	0.150000	0.250000	0.100000	0.350000	0.100000	0.000000
0.050000	0.300000	0.050000	0.250000	0.200000	0.100000	0.150000	0.300000	0.400000	0.250000	0.100000	0.250000	0.750000	0.800000	0.850000	0.600000	0.250000	0.750000	0.450000	0.600000	0.400000
0.400000	0.150000	0.300000	0.050000	0.300000	0.300000	0.250000	0.250000	0.200000	0.100000	0.300000	0.250000	0.150000	0.000000	0.000000	0.100000	0.100000	0.100000	0.100000	0.050000	0.250000
0.450000	0.450000	0.350000	0.500000	0.300000	0.300000	0.500000	0.250000	0.150000	0.300000	0.200000	0.300000	0.100000	0.150000	0.050000	0.150000	0.400000	0.050000	0.100000	0.250000	0.350000

digestive_filaments_2_pos_pattern_48
0.550000	0.050000	0.100000	0.050000	0.050000	0.000000	0.050000	0.150000	0.000000	0.050000	0.950000	0.000000	0.000000	0.000000	0.150000	1.000000	0.000000	0.500000	0.200000	0.400000	0.000000
0.200000	0.600000	0.050000	0.050000	0.800000	1.000000	0.000000	0.000000	0.000000	0.000000	0.000000	1.000000	0.000000	0.000000	0.800000	0.000000	0.650000	0.150000	0.450000	0.350000	0.700000
0.050000	0.250000	0.000000	0.050000	0.050000	0.000000	0.950000	0.850000	0.000000	0.900000	0.050000	0.000000	1.000000	0.000000	0.000000	0.000000	0.050000	0.300000	0.200000	0.100000	0.300000
0.200000	0.100000	0.850000	0.850000	0.100000	0.000000	0.000000	0.000000	1.000000	0.050000	0.000000	0.000000	0.000000	1.000000	0.050000	0.000000	0.300000	0.050000	0.150000	0.150000	0.000000

digestive_filaments_2_pos_pattern_5
0.356356	0.108366	0.116701	0.140816	0.074725	0.263769	0.065793	0.075915	0.111045	0.133671
0.187854	0.732361	0.741590	0.738315	0.789818	0.077702	0.826139	0.794284	0.748735	0.557904
0.127419	0.075618	0.057458	0.043763	0.054481	0.103900	0.044656	0.032748	0.057160	0.101518
0.328372	0.083656	0.084251	0.077106	0.080976	0.554629	0.063412	0.097053	0.083060	0.206907

digestive_filaments_2_pos_pattern_6
0.179673	0.233212	0.163339	0.104356	0.083787	0.571083	0.096189	0.022384	0.038415	0.016031	0.085299
0.249849	0.068058	0.584694	0.098911	0.801270	0.087417	0.233212	0.026013	0.882638	0.013309	0.638536
0.152753	0.566546	0.104658	0.697822	0.046582	0.226255	0.052329	0.901694	0.020569	0.947973	0.081972
0.417725	0.132184	0.147308	0.098911	0.068361	0.115245	0.618270	0.049909	0.058379	0.022686	0.194192

digestive_filaments_2_pos_pattern_7
0.247012	0.080907	0.064664	0.029727	0.017162	0.005823	0.005210	0.984677	0.005823	0.103279	0.029727	0.007662	0.037695	0.265400	0.517622	0.262029
0.139442	0.053325	0.829911	0.909286	0.004597	0.990500	0.986515	0.003984	0.007355	0.422311	0.005823	0.015936	0.039228	0.082439	0.108489	0.124425
0.487588	0.529268	0.042599	0.048422	0.960772	0.000613	0.004903	0.004291	0.000613	0.159056	0.018082	0.006436	0.773215	0.441312	0.087036	0.058535
0.125958	0.336500	0.062826	0.012565	0.017469	0.003065	0.003371	0.007049	0.986209	0.315354	0.946368	0.969966	0.149862	0.210849	0.286853	0.555011

digestive_filaments_2_pos_pattern_8
0.213673	0.246781	0.002759	0.006131	0.993256	0.000307	0.012262	0.010423	0.151441	0.859902	0.084304
0.271306	0.025445	0.005212	0.019007	0.000307	0.990803	0.001226	0.026058	0.763029	0.027590	0.303188
0.149295	0.676272	0.003066	0.946352	0.003066	0.000920	0.984672	0.004292	0.060392	0.059166	0.096567
0.365727	0.051502	0.988964	0.028510	0.003372	0.007971	0.001839	0.959227	0.025138	0.053342	0.515941

digestive_filaments_2_pos_pattern_9
0.349860	0.615922	0.005237	0.007332	0.014316	0.006634	0.030377	0.009777	0.611034	0.106844	0.220321
0.153980	0.060754	0.990573	0.975559	0.011522	0.945182	0.014665	0.009078	0.050279	0.681913	0.538757
0.208799	0.157123	0.002095	0.003142	0.959497	0.021648	0.040154	0.960545	0.149092	0.078212	0.053073
0.287360	0.166201	0.002095	0.013966	0.014665	0.026536	0.914804	0.020601	0.189595	0.133031	0.187849

epidermis_1_pos_pattern_0
0.204902	0.026747	0.035937	0.015082	0.038176	0.258513	0.193708	0.236715	0.015318	0.003181	0.017674	0.009073	0.006480	0.010722	0.035113
0.137387	0.342642	0.008366	0.006009	0.005302	0.320372	0.080476	0.293154	0.927183	0.993048	0.010133	0.004006	0.010015	0.012961	0.097207
0.225521	0.022387	0.924355	0.967480	0.807470	0.075527	0.072346	0.142335	0.034995	0.001060	0.006716	0.952516	0.006598	0.937080	0.569813
0.432190	0.608224	0.031342	0.011429	0.149051	0.345587	0.653470	0.327795	0.022505	0.002710	0.965477	0.034406	0.976906	0.039236	0.297867

epidermis_1_pos_pattern_1
0.394208	0.132743	0.094730	0.597144	0.475664	0.008045	0.002212	0.979887	0.954143	0.009252	0.074014	0.865447	0.224055	0.660499
0.158286	0.207965	0.389381	0.049477	0.037208	0.978077	0.995173	0.005632	0.013274	0.013878	0.847949	0.010056	0.209574	0.146018
0.205350	0.097747	0.144610	0.322405	0.427595	0.001810	0.001207	0.004827	0.013274	0.011464	0.050080	0.112228	0.478479	0.142196
0.242156	0.561545	0.371279	0.030973	0.059533	0.012068	0.001408	0.009654	0.019308	0.965406	0.027957	0.012269	0.087892	0.051287

epidermis_1_pos_pattern_10
0.479835	0.795142	0.022915	0.028873	0.001833	0.004583	0.875344	0.851971	0.208524	0.097617
0.137947	0.038955	0.891384	0.961503	0.000917	0.003208	0.014207	0.009624	0.063703	0.174610
0.157195	0.052704	0.061412	0.002291	0.995417	0.986251	0.023373	0.030706	0.656279	0.052246
0.225023	0.113199	0.024290	0.007333	0.001833	0.005958	0.087076	0.107699	0.071494	0.675527

epidermis_1_pos_pattern_11
0.147045	0.096927	0.109693	0.155556	0.633570	0.583924	0.267612	0.008983	0.114894	0.664303	0.041608	0.076596	0.416548	0.031678	0.007565	0.017021	0.027896	0.415130	0.588180
0.345154	0.715839	0.161702	0.725768	0.053901	0.074704	0.025059	0.005674	0.605674	0.177305	0.131915	0.274232	0.407092	0.128605	0.009456	0.010875	0.013239	0.086998	0.104019
0.248227	0.035461	0.688416	0.027423	0.200946	0.191962	0.299764	0.978251	0.151300	0.078960	0.042080	0.239243	0.098818	0.027423	0.957447	0.956974	0.899291	0.056738	0.143735
0.259574	0.151773	0.040189	0.091253	0.111584	0.149409	0.407565	0.007092	0.128132	0.079433	0.784397	0.409929	0.077541	0.812293	0.025532	0.015130	0.059574	0.441135	0.164066

epidermis_1_pos_pattern_12
0.131787	0.271481	0.111755	0.052188	0.010016	0.911966	0.015814	0.005271	0.005799	0.007907	0.011070	0.576173
0.272008	0.022667	0.807064	0.009489	0.965735	0.045862	0.020559	0.004744	0.979441	0.008434	0.813917	0.080654
0.097522	0.672641	0.049552	0.892462	0.006326	0.023722	0.016869	0.985767	0.003163	0.949394	0.012124	0.189773
0.498682	0.033210	0.031629	0.045862	0.017923	0.018450	0.946758	0.004217	0.011597	0.034265	0.162889	0.153400

epidermis_1_pos_pattern_13
0.249850	0.153385	0.115638	0.099461	0.311564	0.084482	0.055123	0.044937	0.029958	0.143799	0.032954	0.049131	0.092870	0.114440
0.382265	0.572199	0.609946	0.584781	0.267825	0.816657	0.851408	0.900539	0.886159	0.183942	0.868784	0.875374	0.792091	0.604554
0.102457	0.113841	0.085680	0.114440	0.086279	0.042540	0.022169	0.014979	0.023367	0.031756	0.029359	0.025764	0.032355	0.070102
0.265428	0.160575	0.188736	0.201318	0.334332	0.056321	0.071300	0.039545	0.060515	0.640503	0.068904	0.049730	0.082684	0.210905

epidermis_1_pos_pattern_14
0.230769	0.179487	0.216783	0.118881	0.385392	0.065268	0.182595
0.444444	0.600622	0.578089	0.740482	0.104895	0.813520	0.625486
0.132867	0.083916	0.057498	0.048174	0.108780	0.036519	0.053613
0.191919	0.135975	0.147630	0.092463	0.400932	0.084693	0.138306

epidermis_1_pos_pattern_15
0.250847	0.353390	0.277119	0.019492	0.105932	0.756780	0.249153	0.011864	0.064407	0.711017	0.607627	0.015254	0.003390	0.218644	0.141525	0.296610	0.578814	0.456780
0.139831	0.081356	0.197458	0.238983	0.708475	0.040678	0.301695	0.194068	0.473729	0.006780	0.095763	0.931356	0.934746	0.009322	0.083898	0.049153	0.084746	0.422034
0.236441	0.468644	0.261017	0.272034	0.014407	0.141525	0.275424	0.016949	0.433898	0.210169	0.150000	0.007627	0.003390	0.737288	0.085593	0.577966	0.119492	0.061864
0.372881	0.096610	0.264407	0.469492	0.171186	0.061017	0.173729	0.777119	0.027966	0.072034	0.146610	0.045763	0.058475	0.034746	0.688983	0.076271	0.216949	0.059322

epidermis_1_pos_pattern_16
0.392550	0.081184	0.991404	0.004776	0.002865	0.001910	0.751671	0.943649	0.974212	0.046800
0.040115	0.040115	0.001910	0.005731	0.000000	0.929322	0.003820	0.005731	0.011461	0.023878
0.133715	0.019102	0.004776	0.000955	0.992359	0.015282	0.009551	0.021968	0.009551	0.027698
0.433620	0.859599	0.001910	0.988539	0.004776	0.053486	0.234957	0.028653	0.004776	0.901624

epidermis_1_pos_pattern_17
0.256326	0.106711	0.045105	0.599560	0.040704	0.097910	0.082508	0.059406	0.050605	0.003300	0.128713	0.368537	0.209021
0.158416	0.167217	0.015402	0.234323	0.041804	0.834983	0.870187	0.755776	0.028603	0.949395	0.007701	0.198020	0.088009
0.324532	0.064906	0.896590	0.018702	0.888889	0.027503	0.020902	0.026403	0.885589	0.013201	0.817382	0.299230	0.140814
0.260726	0.661166	0.042904	0.147415	0.028603	0.039604	0.026403	0.158416	0.035204	0.034103	0.046205	0.134213	0.562156

epidermis_1_pos_pattern_18
0.129114	0.110127	0.265823	0.186076	0.069620	0.018987	0.255696	0.479747	0.055696	0.013924	0.115190
0.239241	0.500000	0.055696	0.415190	0.188608	0.926582	0.020253	0.231646	0.173418	0.917722	0.007595
0.241772	0.048101	0.586076	0.213924	0.178481	0.026582	0.694937	0.107595	0.573418	0.011392	0.862025
0.389873	0.341772	0.092405	0.184810	0.563291	0.027848	0.029114	0.181013	0.197468	0.056962	0.015190

epidermis_1_pos_pattern_19
0.231798	0.109955	0.389302	0.022288	0.031204	0.153046	0.251114	0.320951	0.271917	0.295691	0.193165
0.481426	0.677563	0.154532	0.943536	0.916790	0.674591	0.381872	0.286776	0.075780	0.084695	0.083210
0.062407	0.084695	0.112927	0.004458	0.005944	0.031204	0.083210	0.123328	0.332838	0.300149	0.490342
0.224368	0.127786	0.343239	0.029718	0.046062	0.141159	0.283804	0.268945	0.319465	0.319465	0.233284

epidermis_1_pos_pattern_2
0.242148	0.080792	0.084661	0.060310	0.019345	0.005007	0.002276	0.988621	0.008876	0.118798	0.026400	0.007055	0.035731	0.299044	0.520710	0.282203
0.127447	0.056213	0.779472	0.862085	0.003641	0.992035	0.995676	0.002959	0.003869	0.406463	0.009331	0.013655	0.032772	0.078516	0.113109	0.125398
0.506145	0.531406	0.043013	0.066682	0.956076	0.001365	0.000683	0.001821	0.000910	0.162267	0.011152	0.007738	0.783341	0.417615	0.082613	0.059172
0.124260	0.331589	0.092854	0.010924	0.020938	0.001593	0.001365	0.006600	0.986345	0.312472	0.953118	0.971552	0.148157	0.204825	0.283569	0.533227

epidermis_1_pos_pattern_20
0.211712	0.222222	0.136637	0.148649	0.623123	0.213213	0.136637	0.078078	0.042042	0.151652	0.031532	0.111111	0.208709	0.132132	0.129129
0.303303	0.504505	0.585586	0.484985	0.091592	0.205706	0.372372	0.827327	0.837838	0.659159	0.875375	0.782282	0.232733	0.507508	0.127628
0.172673	0.105105	0.114114	0.096096	0.139640	0.438438	0.151652	0.043544	0.018018	0.013514	0.025526	0.016517	0.267267	0.111111	0.588589
0.312312	0.168168	0.163664	0.270270	0.145646	0.142643	0.339339	0.051051	0.102102	0.175676	0.067568	0.090090	0.291291	0.249249	0.154655

epidermis_1_pos_pattern_21
0.166362	0.140768	0.190128	0.131627	0.131627	0.131627	0.184644	0.091408	0.122486	0.133455	0.164534	0.126143	0.106033	0.190128	0.184644	0.095064	0.098720	0.063985	0.310786	0.032907	0.073126	0.160878	0.173675	0.142596
0.508227	0.542962	0.572212	0.650823	0.652651	0.641682	0.597806	0.663620	0.683729	0.647166	0.636197	0.738574	0.687386	0.475320	0.667276	0.758684	0.786106	0.804388	0.400366	0.895795	0.861060	0.627057	0.581353	0.603291
0.135283	0.109689	0.076782	0.071298	0.053016	0.069470	0.089580	0.089580	0.082267	0.042048	0.065814	0.047532	0.067642	0.058501	0.062157	0.049360	0.053016	0.027422	0.062157	0.021938	0.010969	0.040219	0.107861	0.078611
0.190128	0.206581	0.160878	0.146252	0.162706	0.157221	0.127971	0.155393	0.111517	0.177331	0.133455	0.087751	0.138940	0.276051	0.085923	0.096892	0.062157	0.104205	0.226691	0.049360	0.054845	0.171846	0.137112	0.175503

epidermis_1_pos_pattern_22
0.390826	0.557798	0.510092	0.475229	0.346789	0.093578	0.222018	0.473394	0.137615	0.117431	0.856881	0.069725	0.009174	0.011009	0.031193	0.062385	0.058716	0.161468	0.034862	0.170642	0.266055	0.152294
0.176147	0.110092	0.099083	0.082569	0.066055	0.335780	0.262385	0.062385	0.611009	0.634862	0.036697	0.034862	0.012844	0.968807	0.000000	0.025688	0.108257	0.662385	0.737615	0.047706	0.313761	0.060550
0.198165	0.166972	0.073394	0.132110	0.113761	0.187156	0.201835	0.390826	0.093578	0.049541	0.069725	0.788991	0.943119	0.000000	0.959633	0.027523	0.055046	0.100917	0.034862	0.144954	0.137615	0.675229
0.234862	0.165138	0.317431	0.310092	0.473394	0.383486	0.313761	0.073394	0.157798	0.198165	0.036697	0.106422	0.034862	0.020183	0.009174	0.884404	0.777982	0.075229	0.192661	0.636697	0.282569	0.111927

epidermis_1_pos_pattern_23
0.408019	0.186321	0.070755	0.563679	0.358491	0.068396	0.162736	0.382075	0.483491	0.025943	0.073113
0.219340	0.507075	0.719340	0.198113	0.431604	0.547170	0.707547	0.219340	0.143868	0.882075	0.865566
0.233491	0.117925	0.070755	0.042453	0.113208	0.061321	0.025943	0.275943	0.139151	0.021226	0.021226
0.139151	0.188679	0.139151	0.195755	0.096698	0.323113	0.103774	0.122642	0.233491	0.070755	0.040094

epidermis_1_pos_pattern_24
0.286908	0.526462	0.668524	0.891365	0.000000	1.000000	0.974930	0.058496	0.766017	0.086351
0.306407	0.055710	0.047354	0.055710	1.000000	0.000000	0.013928	0.050139	0.041783	0.038997
0.111421	0.320334	0.256267	0.005571	0.000000	0.000000	0.002786	0.013928	0.153203	0.827298
0.295265	0.097493	0.027855	0.047354	0.000000	0.000000	0.008357	0.877437	0.038997	0.047354

epidermis_1_pos_pattern_25
0.182891	0.581121	0.112094	0.032448	0.666667	0.182891	0.023599	0.483776	0.359882	0.073746
0.483776	0.162242	0.784661	0.917404	0.056047	0.734513	0.914454	0.277286	0.235988	0.507375
0.256637	0.085546	0.014749	0.005900	0.088496	0.029499	0.002950	0.053097	0.179941	0.076696
0.076696	0.171091	0.088496	0.044248	0.188791	0.053097	0.058997	0.185841	0.224189	0.342183

epidermis_1_pos_pattern_26
0.190114	0.133080	0.110266	0.144487	0.163498	0.110266	0.098859	0.026616	0.022814	0.079848	0.045627	0.068441	0.144487	0.365019	0.547529	0.498099	0.258555	0.148289
0.102662	0.079848	0.095057	0.045627	0.041825	0.034221	0.026616	0.034221	0.022814	0.038023	0.060837	0.133080	0.136882	0.136882	0.087452	0.083650	0.095057	0.159696
0.216730	0.209125	0.121673	0.098859	0.072243	0.049430	0.019011	0.022814	0.011407	0.057034	0.019011	0.121673	0.155894	0.136882	0.190114	0.152091	0.076046	0.076046
0.490494	0.577947	0.673004	0.711027	0.722433	0.806084	0.855513	0.916350	0.942966	0.825095	0.874525	0.676806	0.562738	0.361217	0.174905	0.266160	0.570342	0.615970

epidermis_1_pos_pattern_27
0.145631	0.058252	0.087379	0.417476	0.165049	0.300971	0.150485	0.097087	0.242718	0.048544	0.233010	0.058252	0.024272	0.038835	0.014563	0.067961	0.296117	0.359223	0.092233	0.286408	0.640777
0.533981	0.800971	0.063107	0.315534	0.038835	0.194175	0.004854	0.019417	0.043689	0.072816	0.689320	0.762136	0.009709	0.019417	0.000000	0.009709	0.233010	0.330097	0.616505	0.300971	0.038835
0.150485	0.043689	0.791262	0.165049	0.674757	0.126214	0.820388	0.839806	0.665049	0.820388	0.009709	0.009709	0.014563	0.927184	0.975728	0.728155	0.228155	0.179612	0.048544	0.223301	0.276699
0.169903	0.097087	0.058252	0.101942	0.121359	0.378641	0.024272	0.043689	0.048544	0.058252	0.067961	0.169903	0.951456	0.014563	0.009709	0.194175	0.242718	0.131068	0.242718	0.189320	0.043689

epidermis_1_pos_pattern_28
0.290155	0.284974	0.476684	0.264249	0.326425	0.373057	0.761658	0.906736	0.901554	0.191710	0.056995	0.088083	0.108808
0.139896	0.098446	0.155440	0.191710	0.191710	0.212435	0.025907	0.005181	0.000000	0.005181	0.046632	0.067358	0.176166
0.119171	0.113990	0.155440	0.165803	0.170984	0.176166	0.077720	0.072539	0.010363	0.000000	0.015544	0.041451	0.139896
0.450777	0.502591	0.212435	0.378238	0.310881	0.238342	0.134715	0.015544	0.088083	0.803109	0.880829	0.803109	0.575130

epidermis_1_pos_pattern_29
0.168539	0.185393	0.151685	0.095506	0.280899	0.292135	0.033708	0.224719	0.123596	0.067416	0.095506	0.022472	0.269663	0.191011	0.207865	0.230337	0.342697	0.657303	0.168539	0.219101	0.303371	0.117978	0.089888	0.101124
0.286517	0.101124	0.151685	0.421348	0.044944	0.421348	0.044944	0.662921	0.252809	0.803371	0.011236	0.949438	0.000000	0.286517	0.112360	0.033708	0.207865	0.112360	0.331461	0.370787	0.342697	0.280899	0.219101	0.044944
0.230337	0.539326	0.488764	0.235955	0.561798	0.162921	0.803371	0.022472	0.561798	0.011236	0.870787	0.005618	0.696629	0.286517	0.533708	0.471910	0.353933	0.140449	0.303371	0.162921	0.134831	0.219101	0.426966	0.730337
0.314607	0.174157	0.207865	0.247191	0.112360	0.123596	0.117978	0.089888	0.061798	0.117978	0.022472	0.022472	0.033708	0.235955	0.146067	0.264045	0.095506	0.089888	0.196629	0.247191	0.219101	0.382022	0.264045	0.123596

epidermis_1_pos_pattern_3
0.185168	0.155272	0.340440	0.232677	0.405562	0.306373	0.399768	0.057474	0.504287	0.038702	0.033835	0.090614	0.034531	0.114021	0.320278	0.422943	0.088065	0.349015	0.615527
0.447045	0.133951	0.269757	0.057242	0.043105	0.040093	0.038702	0.049826	0.353650	0.904287	0.017613	0.028737	0.009502	0.047740	0.170568	0.407648	0.534647	0.166628	0.068366
0.182387	0.571958	0.188644	0.572422	0.460718	0.545771	0.524681	0.854925	0.062572	0.014600	0.007184	0.843569	0.941599	0.629896	0.253534	0.056315	0.170800	0.258864	0.246813
0.185400	0.138818	0.201159	0.137659	0.090614	0.107764	0.036848	0.037775	0.079490	0.042410	0.941367	0.037080	0.014368	0.208343	0.255620	0.113094	0.206489	0.225492	0.069293

epidermis_1_pos_pattern_30
0.106195	0.734513	0.778761	0.008850	0.017699	0.044248	0.070796	0.026549	0.044248	0.053097	0.061947	0.079646	0.805310	0.017699	0.017699	0.053097	0.008850	0.716814	0.831858	0.061947	0.035398	0.849558	0.106195	0.070796	0.079646	0.141593
0.053097	0.061947	0.053097	0.867257	0.911504	0.017699	0.849558	0.000000	0.814159	0.026549	0.008850	0.053097	0.132743	0.920354	0.026549	0.008850	0.008850	0.035398	0.017699	0.867257	0.106195	0.070796	0.017699	0.070796	0.769912	0.044248
0.044248	0.141593	0.079646	0.088496	0.026549	0.911504	0.044248	0.955752	0.061947	0.911504	0.920354	0.106195	0.026549	0.000000	0.008850	0.884956	0.929204	0.141593	0.070796	0.017699	0.088496	0.044248	0.823009	0.088496	0.070796	0.035398
0.796460	0.061947	0.088496	0.035398	0.044248	0.026549	0.035398	0.017699	0.079646	0.008850	0.008850	0.761062	0.035398	0.061947	0.946903	0.053097	0.053097	0.106195	0.079646	0.053097	0.769912	0.035398	0.053097	0.769912	0.079646	0.778761

epidermis_1_pos_pattern_31
0.171717	0.656566	0.121212	0.070707	0.444444	0.191919	0.010101	0.010101	0.979798	0.636364	0.000000	0.131313	0.707071	0.343434	0.505051	0.585859	0.444444	0.454545	0.282828	0.232323	0.141414	0.373737	0.313131	0.272727
0.494949	0.080808	0.474747	0.484848	0.010101	0.040404	0.898990	0.939394	0.000000	0.060606	0.000000	0.101010	0.010101	0.414141	0.282828	0.050505	0.161616	0.141414	0.111111	0.090909	0.191919	0.212121	0.111111	0.090909
0.040404	0.101010	0.070707	0.161616	0.484848	0.505051	0.000000	0.010101	0.000000	0.020202	0.000000	0.444444	0.070707	0.101010	0.030303	0.111111	0.131313	0.212121	0.383838	0.515152	0.242424	0.202020	0.131313	0.040404
0.292929	0.161616	0.333333	0.282828	0.060606	0.262626	0.090909	0.040404	0.020202	0.282828	1.000000	0.323232	0.212121	0.141414	0.181818	0.252525	0.262626	0.191919	0.222222	0.161616	0.424242	0.212121	0.444444	0.595960

epidermis_1_pos_pattern_32
0.229167	0.072917	0.000000	0.052083	0.562500	0.093750	0.364583	0.354167	0.135417	0.187500
0.312500	0.885417	0.989583	0.937500	0.083333	0.677083	0.218750	0.281250	0.166667	0.218750
0.135417	0.010417	0.000000	0.000000	0.031250	0.072917	0.145833	0.135417	0.510417	0.572917
0.322917	0.031250	0.010417	0.010417	0.322917	0.156250	0.270833	0.229167	0.187500	0.020833

epidermis_1_pos_pattern_33
0.479452	0.205479	0.082192	0.301370	0.000000	0.000000	0.972603	0.000000	0.986301	0.027397	0.767123	0.273973	0.027397	0.000000	0.465753	0.520548
0.095890	0.123288	0.369863	0.082192	0.986301	1.000000	0.000000	0.000000	0.000000	0.000000	0.013699	0.013699	0.000000	0.000000	0.219178	0.054795
0.205479	0.068493	0.191781	0.287671	0.013699	0.000000	0.000000	0.000000	0.000000	0.000000	0.013699	0.000000	0.972603	0.986301	0.041096	0.301370
0.219178	0.602740	0.356164	0.328767	0.000000	0.000000	0.027397	1.000000	0.013699	0.972603	0.205479	0.712329	0.000000	0.013699	0.273973	0.123288

epidermis_1_pos_pattern_34
0.438596	0.649123	0.087719	0.087719	0.122807	0.035088	0.175439	0.473684	0.105263	0.035088	0.070175	0.526316	0.000000	0.491228	0.070175	0.035088	0.000000	0.052632	0.017544	0.070175	0.157895	0.070175	0.122807	0.228070	0.070175	0.210526	0.631579
0.263158	0.087719	0.543860	0.456140	0.105263	0.456140	0.000000	0.087719	0.017544	0.017544	0.263158	0.385965	0.122807	0.508772	0.631579	0.017544	0.000000	0.000000	0.035088	0.140351	0.350877	0.736842	0.122807	0.087719	0.140351	0.105263	0.105263
0.140351	0.140351	0.070175	0.192982	0.438596	0.017544	0.789474	0.228070	0.859649	0.929825	0.105263	0.000000	0.842105	0.000000	0.298246	0.000000	0.982456	0.947368	0.771930	0.631579	0.403509	0.122807	0.122807	0.614035	0.701754	0.578947	0.105263
0.157895	0.122807	0.298246	0.263158	0.333333	0.491228	0.035088	0.210526	0.017544	0.017544	0.561404	0.087719	0.035088	0.000000	0.000000	0.947368	0.017544	0.000000	0.175439	0.157895	0.087719	0.070175	0.631579	0.070175	0.087719	0.105263	0.157895

epidermis_1_pos_pattern_35
0.272727	0.181818	0.145455	0.200000	0.090909	0.254545	0.018182	0.854545	0.709091	0.254545	0.018182	0.145455	0.381818	0.036364	0.127273	0.600000	0.036364	0.000000	0.109091	0.054545	0.327273	0.363636	0.563636
0.127273	0.018182	0.127273	0.054545	0.818182	0.018182	0.890909	0.054545	0.109091	0.000000	0.018182	0.290909	0.272727	0.618182	0.727273	0.090909	0.054545	0.000000	0.018182	0.054545	0.272727	0.072727	0.109091
0.272727	0.490909	0.236364	0.690909	0.018182	0.672727	0.018182	0.036364	0.145455	0.018182	0.945455	0.400000	0.181818	0.054545	0.000000	0.018182	0.036364	0.945455	0.672727	0.654545	0.200000	0.272727	0.218182
0.327273	0.309091	0.490909	0.054545	0.072727	0.054545	0.072727	0.054545	0.036364	0.727273	0.018182	0.163636	0.163636	0.290909	0.145455	0.290909	0.872727	0.054545	0.200000	0.236364	0.200000	0.290909	0.109091

epidermis_1_pos_pattern_36
0.222222	0.759259	0.777778	0.074074	0.074074	0.074074	0.148148	0.166667	0.129630	0.037037
0.611111	0.055556	0.074074	0.074074	0.759259	0.055556	0.555556	0.000000	0.037037	0.240741
0.092593	0.074074	0.074074	0.740741	0.055556	0.814815	0.055556	0.777778	0.055556	0.592593
0.074074	0.111111	0.074074	0.111111	0.111111	0.055556	0.240741	0.055556	0.777778	0.129630

epidermis_1_pos_pattern_37
0.217391	0.130435	0.326087	0.000000	0.543478	0.021739	0.195652	0.000000	0.000000	0.847826	0.043478	0.108696	0.195652	0.195652	0.260870	0.086957
0.282609	0.304348	0.456522	0.913043	0.043478	0.956522	0.152174	0.891304	0.956522	0.043478	0.739130	0.282609	0.065217	0.434783	0.130435	0.500000
0.065217	0.000000	0.086957	0.021739	0.369565	0.000000	0.000000	0.000000	0.021739	0.086957	0.086957	0.043478	0.434783	0.347826	0.304348	0.108696
0.434783	0.565217	0.130435	0.065217	0.043478	0.021739	0.652174	0.108696	0.021739	0.021739	0.130435	0.565217	0.304348	0.021739	0.304348	0.304348

epidermis_1_pos_pattern_38
0.162791	0.627907	0.139535	0.209302	0.558140	0.418605
0.465116	0.046512	0.209302	0.139535	0.162791	0.069767
0.162791	0.093023	0.418605	0.186047	0.162791	0.465116
0.209302	0.232558	0.232558	0.465116	0.116279	0.046512

epidermis_1_pos_pattern_39
0.000000	0.513514	0.459459	0.324324
0.000000	0.378378	0.000000	0.081081
0.945946	0.054054	0.000000	0.459459
0.054054	0.054054	0.540541	0.135135

epidermis_1_pos_pattern_4
0.033399	0.110954	0.720351	0.221059	0.018964	0.085763	0.679026	0.571469	0.013020	0.010756	0.229833	0.186810	0.441834	0.543731	0.394282
0.270592	0.671384	0.052930	0.273139	0.306255	0.485706	0.011605	0.071894	0.015284	0.885650	0.011322	0.103878	0.046986	0.092556	0.455137
0.240306	0.019247	0.143504	0.312199	0.017549	0.395415	0.257288	0.087461	0.950750	0.005944	0.737334	0.156241	0.413247	0.171526	0.055477
0.455703	0.198415	0.083215	0.193603	0.657232	0.033116	0.052080	0.269176	0.020945	0.097651	0.021511	0.553071	0.097934	0.192188	0.095103

epidermis_1_pos_pattern_40
0.031250	0.062500
0.000000	0.187500
0.937500	0.000000
0.031250	0.750000

epidermis_1_pos_pattern_41
0.000000	0.241379	0.172414	0.103448	0.689655	0.000000	0.793103	0.103448	0.034483	0.000000	0.344828	0.275862	0.310345	0.103448	0.172414	0.172414
0.275862	0.000000	0.586207	0.689655	0.137931	1.000000	0.034483	0.758621	0.689655	0.931034	0.241379	0.241379	0.000000	0.241379	0.241379	0.068966
0.448276	0.034483	0.172414	0.068966	0.103448	0.000000	0.000000	0.068966	0.172414	0.068966	0.000000	0.068966	0.068966	0.482759	0.103448	0.758621
0.275862	0.724138	0.068966	0.137931	0.068966	0.000000	0.172414	0.068966	0.103448	0.000000	0.413793	0.413793	0.620690	0.172414	0.482759	0.000000

epidermis_1_pos_pattern_42
0.407407	0.111111	0.148148	0.407407	0.518519	0.259259	0.185185	0.666667	0.074074	0.074074	0.259259	0.074074	0.407407	0.000000	0.370370	0.222222	0.037037	0.148148
0.000000	0.444444	0.111111	0.222222	0.185185	0.444444	0.333333	0.185185	0.703704	0.777778	0.703704	0.518519	0.148148	0.666667	0.444444	0.518519	0.740741	0.592593
0.370370	0.333333	0.037037	0.111111	0.185185	0.000000	0.037037	0.037037	0.148148	0.074074	0.000000	0.037037	0.148148	0.000000	0.037037	0.037037	0.037037	0.074074
0.222222	0.111111	0.703704	0.259259	0.111111	0.296296	0.444444	0.111111	0.074074	0.074074	0.037037	0.370370	0.296296	0.333333	0.148148	0.222222	0.185185	0.185185

epidermis_1_pos_pattern_43
0.000000	0.038462	0.230769	0.076923	0.730769	0.846154
0.000000	0.000000	0.000000	0.076923	0.038462	0.038462
0.115385	0.692308	0.692308	0.076923	0.076923	0.076923
0.884615	0.269231	0.076923	0.769231	0.153846	0.038462

epidermis_1_pos_pattern_44
0.200000	0.550000	0.000000	0.050000	0.000000	1.000000	0.000000	0.050000	0.050000	0.900000	0.400000	0.000000	0.050000	0.400000	0.400000	0.100000	0.000000	0.200000	0.550000	0.150000	0.300000	0.200000	0.350000	0.300000	0.500000	0.200000	0.200000
0.550000	0.100000	0.000000	0.100000	0.900000	0.000000	0.650000	0.150000	0.900000	0.000000	0.100000	0.350000	0.700000	0.050000	0.450000	0.250000	0.950000	0.000000	0.100000	0.350000	0.100000	0.700000	0.350000	0.500000	0.250000	0.250000	0.100000
0.050000	0.150000	1.000000	0.000000	0.000000	0.000000	0.350000	0.450000	0.000000	0.050000	0.450000	0.050000	0.150000	0.450000	0.050000	0.650000	0.000000	0.800000	0.050000	0.350000	0.100000	0.050000	0.200000	0.100000	0.200000	0.350000	0.600000
0.200000	0.200000	0.000000	0.850000	0.100000	0.000000	0.000000	0.350000	0.050000	0.050000	0.050000	0.600000	0.100000	0.100000	0.100000	0.000000	0.050000	0.000000	0.300000	0.150000	0.500000	0.050000	0.100000	0.100000	0.050000	0.200000	0.100000

epidermis_1_pos_pattern_5
0.287281	0.175511	0.040024	0.020753	0.042395	0.018085	0.043285	0.936259	0.021346
0.075897	0.208420	0.037059	0.895049	0.002372	0.014527	0.123629	0.011266	0.944560
0.201897	0.071450	0.899792	0.015713	0.946042	0.007708	0.811740	0.031130	0.006522
0.434924	0.544619	0.023125	0.068485	0.009191	0.959680	0.021346	0.021346	0.027572

epidermis_1_pos_pattern_6
0.528217	0.058691	0.019026	0.940342	0.001612	0.001612	0.003547	0.036440	0.985489	0.021283
0.126411	0.046759	0.044824	0.010642	0.980974	0.001290	0.004515	0.930668	0.001935	0.678168
0.262496	0.027733	0.703644	0.026443	0.005482	0.996130	0.002257	0.029345	0.009352	0.016446
0.082876	0.866817	0.232506	0.022573	0.011932	0.000967	0.989681	0.003547	0.003225	0.284102

epidermis_1_pos_pattern_7
0.355676	0.606742	0.009299	0.017823	0.011236	0.008911	0.040682	0.024022	0.655172	0.125920	0.172026
0.158853	0.082526	0.978690	0.950407	0.002712	0.961255	0.019372	0.019372	0.045719	0.613716	0.590856
0.235568	0.132119	0.004649	0.004649	0.980240	0.012011	0.029059	0.925998	0.193336	0.105386	0.051918
0.249903	0.178613	0.007361	0.027121	0.005812	0.017823	0.910887	0.030608	0.105773	0.154979	0.185200

epidermis_1_pos_pattern_8
0.236927	0.116251	0.018906	0.004827	0.988335	0.025342	0.036203	0.030169	0.049879	0.606597
0.121883	0.022526	0.032180	0.977474	0.006034	0.947707	0.006034	0.012872	0.014481	0.079646
0.376911	0.839099	0.011263	0.010861	0.002414	0.001609	0.944087	0.035398	0.915527	0.180611
0.264280	0.022124	0.937651	0.006838	0.003218	0.025342	0.013677	0.921561	0.020113	0.133146

epidermis_1_pos_pattern_9
0.203896	0.124242	0.093506	0.323377	0.073160	0.044156	0.034632	0.091775	0.099567
0.342857	0.107359	0.749784	0.130303	0.701299	0.038528	0.895671	0.022511	0.639827
0.174026	0.540693	0.061039	0.422078	0.041991	0.876623	0.025974	0.799134	0.103030
0.279221	0.227706	0.095671	0.124242	0.183550	0.040693	0.043723	0.086580	0.157576

precursors_1_pos_pattern_0
0.206015	0.021483	0.022585	0.015203	0.038669	0.272227	0.212956	0.222761	0.008263	0.002534	0.006169	0.007051	0.003966	0.011237	0.029966	0.191142
0.138812	0.359039	0.004737	0.003305	0.004737	0.313099	0.065330	0.296464	0.944365	0.994822	0.004847	0.002644	0.009585	0.009805	0.111601	0.166244
0.222430	0.017407	0.955161	0.975763	0.813705	0.067203	0.066542	0.142668	0.030076	0.000551	0.005619	0.963644	0.006941	0.951416	0.585436	0.082406
0.432742	0.602071	0.017517	0.005729	0.142889	0.347472	0.655172	0.338107	0.017296	0.002093	0.983365	0.026661	0.979509	0.027542	0.272998	0.560207

precursors_1_pos_pattern_1
0.155504	0.021695	0.020384	0.092749	0.082557	0.051398	0.069161	0.181858	0.213454	0.176907
0.254222	0.887449	0.009610	0.824403	0.035818	0.572801	0.053145	0.555475	0.163803	0.553145
0.315667	0.018346	0.962289	0.036255	0.832994	0.248835	0.828917	0.151281	0.259464	0.109639
0.274607	0.072510	0.007717	0.046593	0.048631	0.126966	0.048777	0.111386	0.363279	0.160309

precursors_1_pos_pattern_10
0.187236	0.376582	0.066983	0.002637	0.029536	0.864979	0.073312	0.409283	0.843354	0.070675	0.064873	0.001582	0.448312	0.133439	0.084916	0.091245	0.022679	0.135021
0.186709	0.053797	0.893460	0.987869	0.958861	0.009494	0.108122	0.244726	0.031118	0.062236	0.168249	0.991561	0.234177	0.226793	0.206751	0.022679	0.795886	0.040084
0.101793	0.060654	0.013186	0.003692	0.004747	0.116561	0.351266	0.308017	0.104430	0.146624	0.674051	0.003692	0.018987	0.064873	0.032173	0.746308	0.104958	0.750000
0.524262	0.508966	0.026371	0.005802	0.006857	0.008966	0.467300	0.037975	0.021097	0.720464	0.092827	0.003165	0.298523	0.574895	0.676160	0.139768	0.076477	0.074895

precursors_1_pos_pattern_11
0.480519	0.137987	0.039773	0.061688	0.021916	0.002435	0.008929	0.025162	0.968344	0.001623	0.560877
0.169643	0.069805	0.216721	0.012987	0.925325	0.004058	0.014610	0.034091	0.008117	0.974838	0.155844
0.280032	0.071429	0.073864	0.893669	0.005682	0.991071	0.006494	0.921266	0.012175	0.004058	0.143669
0.069805	0.720779	0.669643	0.031656	0.047078	0.002435	0.969968	0.019481	0.011364	0.019481	0.139610

precursors_1_pos_pattern_12
0.162136	0.016505	0.020388	0.638835	0.373786	0.256311	0.401942	0.273786	0.184466	0.216505	0.333981	0.047573	0.014563	0.023301	0.785437
0.510680	0.933010	0.019417	0.061165	0.131068	0.235922	0.094175	0.220388	0.197087	0.150485	0.165049	0.298058	0.902913	0.013592	0.038835
0.080583	0.018447	0.946602	0.234951	0.270874	0.194175	0.318447	0.245631	0.180583	0.178641	0.170874	0.041748	0.017476	0.947573	0.102913
0.246602	0.032039	0.013592	0.065049	0.224272	0.313592	0.185437	0.260194	0.437864	0.454369	0.330097	0.612621	0.065049	0.015534	0.072816

precursors_1_pos_pattern_13
0.238431	0.202213	0.059356	0.086519	0.199195	0.307847	0.001006	0.040241	0.386318	0.626761	0.001006	0.056338	0.675050	0.258551	0.032193	0.066398
0.101610	0.089537	0.849095	0.375252	0.053320	0.236419	0.004024	0.258551	0.082495	0.061368	0.973843	0.805835	0.050302	0.263581	0.031187	0.786720
0.359155	0.615694	0.035211	0.077465	0.108652	0.218310	0.991952	0.035211	0.207243	0.236419	0.009054	0.053320	0.109658	0.362173	0.891348	0.052314
0.300805	0.092555	0.056338	0.460765	0.638833	0.237425	0.003018	0.665996	0.323944	0.075453	0.016097	0.084507	0.164990	0.115694	0.045272	0.094567

precursors_1_pos_pattern_14
0.127208	0.852768	0.022379	0.054181	0.032980	0.004711	0.008245	0.008245	0.015312	0.063604
0.412250	0.023557	0.893993	0.036514	0.037691	0.976443	0.989399	0.016490	0.043581	0.089517
0.141343	0.076561	0.016490	0.011779	0.012956	0.011779	0.000000	0.930506	0.928151	0.048292
0.319199	0.047114	0.067138	0.897527	0.916372	0.007067	0.002356	0.044759	0.012956	0.798587

precursors_1_pos_pattern_15
0.199377	0.610592	0.031153	0.024922	0.000000	0.003115	0.000000	0.034268	0.308411	0.024922	0.071651	0.034268	0.065421	0.610592	0.127726	0.052960
0.271028	0.155763	0.015576	0.962617	0.956386	0.000000	0.996885	0.000000	0.339564	0.165109	0.289720	0.274143	0.545171	0.015576	0.137072	0.024922
0.271028	0.121495	0.947040	0.006231	0.003115	0.009346	0.000000	0.940810	0.080997	0.024922	0.037383	0.043614	0.352025	0.323988	0.071651	0.878505
0.258567	0.112150	0.006231	0.006231	0.040498	0.987539	0.003115	0.024922	0.271028	0.785047	0.601246	0.647975	0.037383	0.049844	0.663551	0.043614

precursors_1_pos_pattern_16
0.540453	0.158576	0.262136	0.436893	0.012945	0.009709	0.734628	0.404531	0.987055	0.022654	0.932039	0.110032	0.003236	0.009709
0.177994	0.093851	0.194175	0.200647	0.967638	0.983819	0.025890	0.003236	0.006472	0.012945	0.000000	0.006472	0.003236	0.009709
0.084142	0.103560	0.271845	0.100324	0.003236	0.000000	0.016181	0.003236	0.006472	0.003236	0.003236	0.003236	0.993528	0.980583
0.197411	0.644013	0.271845	0.262136	0.016181	0.006472	0.223301	0.588997	0.000000	0.961165	0.064725	0.880259	0.000000	0.000000

precursors_1_pos_pattern_17
0.130435	0.448161	0.117057	0.454849	0.096990	0.160535	0.204013	0.247492	0.167224	0.153846	0.130435	0.053512	0.033445	0.023411	0.050167	0.070234	0.220736	0.063545	0.110368	0.046823	0.187291	0.357860	0.103679	0.107023	0.314381	0.538462
0.568562	0.110368	0.685619	0.086957	0.157191	0.153846	0.170569	0.304348	0.130435	0.491639	0.605351	0.852843	0.023411	0.916388	0.016722	0.535117	0.053512	0.725753	0.090301	0.872910	0.070234	0.418060	0.488294	0.719064	0.391304	0.237458
0.137124	0.284281	0.100334	0.190635	0.625418	0.545151	0.190635	0.157191	0.214047	0.137124	0.110368	0.016722	0.899666	0.020067	0.906355	0.264214	0.608696	0.130435	0.117057	0.026756	0.668896	0.113712	0.147157	0.073579	0.197324	0.110368
0.163880	0.157191	0.096990	0.267559	0.120401	0.140468	0.434783	0.290970	0.488294	0.217391	0.153846	0.076923	0.043478	0.040134	0.026756	0.130435	0.117057	0.080268	0.682274	0.053512	0.073579	0.110368	0.260870	0.100334	0.096990	0.113712

precursors_1_pos_pattern_18
0.288591	0.681208	0.127517	0.077181	0.563758	0.781879	0.003356	0.003356	0.023490	0.046980	0.010067	0.057047	0.359060	0.067114	0.318792	0.167785	0.469799	0.315436	0.265101
0.181208	0.063758	0.077181	0.110738	0.167785	0.083893	0.966443	0.000000	0.956376	0.600671	0.164430	0.016779	0.033557	0.513423	0.298658	0.184564	0.154362	0.107383	0.087248
0.345638	0.093960	0.714765	0.557047	0.204698	0.067114	0.006711	0.989933	0.013423	0.295302	0.020134	0.879195	0.489933	0.087248	0.171141	0.523490	0.097315	0.087248	0.093960
0.184564	0.161074	0.080537	0.255034	0.063758	0.067114	0.023490	0.006711	0.006711	0.057047	0.805369	0.046980	0.117450	0.332215	0.211409	0.124161	0.278523	0.489933	0.553691

precursors_1_pos_pattern_19
0.295775	0.341549	0.232394	0.197183	0.246479	0.271127	0.295775	0.271127	0.334507	0.242958	0.253521	0.228873	0.401408	0.411972	0.250000	0.482394	0.214789	0.190141	0.154930	0.214789	0.197183	0.264085	0.257042	0.253521	0.242958	0.306338
0.214789	0.190141	0.253521	0.242958	0.214789	0.281690	0.242958	0.204225	0.207746	0.186620	0.323944	0.352113	0.140845	0.218310	0.211268	0.186620	0.144366	0.204225	0.137324	0.376761	0.200704	0.204225	0.345070	0.313380	0.302817	0.302817
0.274648	0.211268	0.204225	0.309859	0.218310	0.186620	0.246479	0.242958	0.161972	0.285211	0.193662	0.197183	0.235915	0.179577	0.299296	0.176056	0.144366	0.419014	0.478873	0.183099	0.440141	0.309859	0.183099	0.214789	0.264085	0.133803
0.214789	0.257042	0.309859	0.250000	0.320423	0.260563	0.214789	0.281690	0.295775	0.285211	0.228873	0.221831	0.221831	0.190141	0.239437	0.154930	0.496479	0.186620	0.228873	0.225352	0.161972	0.221831	0.214789	0.218310	0.190141	0.257042

precursors_1_pos_pattern_2
0.253861	0.047684	0.067538	0.005260	0.022060	0.989988	0.002206	0.001527	0.000509	0.009163	0.089937	0.025115	0.361106	0.557780
0.330901	0.133548	0.511454	0.109452	0.052944	0.001697	0.002376	0.001527	0.001358	0.002036	0.428135	0.298320	0.161039	0.097913
0.035466	0.115900	0.205328	0.004073	0.863906	0.006448	0.002715	0.001188	0.997455	0.985746	0.031054	0.043441	0.372476	0.202783
0.379773	0.702868	0.215680	0.881215	0.061089	0.001867	0.992703	0.995758	0.000679	0.003054	0.450874	0.633124	0.105379	0.141524

precursors_1_pos_pattern_20
0.210970	0.037975	0.333333	0.413502	0.122363	0.210970	0.168776	0.004219	0.000000	0.953586	0.071730	0.118143	0.025316	0.021097	0.080169	0.033755	0.438819	0.126582	0.029536	0.004219	0.054852	0.118143	0.139241	0.130802
0.278481	0.476793	0.160338	0.080169	0.329114	0.139241	0.729958	0.983122	0.953586	0.004219	0.042194	0.025316	0.839662	0.666667	0.675105	0.860759	0.118143	0.721519	0.147679	0.928270	0.025316	0.113924	0.472574	0.573840
0.396624	0.037975	0.172996	0.443038	0.291139	0.160338	0.033755	0.004219	0.029536	0.033755	0.869198	0.649789	0.071730	0.075949	0.016878	0.025316	0.181435	0.054852	0.282700	0.012658	0.890295	0.683544	0.156118	0.126582
0.113924	0.447257	0.333333	0.063291	0.257384	0.489451	0.067511	0.008439	0.016878	0.008439	0.016878	0.206751	0.063291	0.236287	0.227848	0.080169	0.261603	0.097046	0.540084	0.054852	0.029536	0.084388	0.232068	0.168776

precursors_1_pos_pattern_21
0.387387	0.153153	0.126126	0.563063	0.045045	0.040541	0.013514	0.085586	0.081081	0.058559	0.117117	0.549550	0.130631	0.247748	0.522523	0.536036	0.243243	0.513514	0.193694
0.243243	0.243243	0.617117	0.090090	0.878378	0.013514	0.923423	0.018018	0.747748	0.058559	0.626126	0.153153	0.752252	0.054054	0.166667	0.112613	0.153153	0.112613	0.076577
0.184685	0.076577	0.157658	0.211712	0.018018	0.873874	0.009009	0.873874	0.121622	0.842342	0.126126	0.108108	0.058559	0.563063	0.198198	0.153153	0.148649	0.148649	0.427928
0.184685	0.527027	0.099099	0.135135	0.058559	0.072072	0.054054	0.022523	0.049550	0.040541	0.130631	0.189189	0.058559	0.135135	0.112613	0.198198	0.454955	0.225225	0.301802

precursors_1_pos_pattern_22
0.178010	0.078534	0.000000	0.005236	0.931937	0.115183	0.020942	0.000000	0.628272	0.031414	0.523560	0.141361	0.424084	0.083770
0.251309	0.089005	0.089005	0.005236	0.020942	0.068063	0.010471	0.000000	0.000000	0.806283	0.047120	0.068063	0.219895	0.382199
0.230366	0.146597	0.000000	0.979058	0.041885	0.078534	0.005236	1.000000	0.356021	0.036649	0.026178	0.623037	0.219895	0.057592
0.340314	0.685864	0.910995	0.010471	0.005236	0.738220	0.963351	0.000000	0.015707	0.125654	0.403141	0.167539	0.136126	0.476440

precursors_1_pos_pattern_23
0.178771	0.184358	0.061453	0.078212	0.648045	0.184358	0.134078	0.050279	0.039106	0.039106	0.050279	0.111732	0.139665	0.128492
0.402235	0.513966	0.882682	0.793296	0.273743	0.351955	0.178771	0.832402	0.865922	0.899441	0.709497	0.675978	0.240223	0.558659
0.150838	0.089385	0.016760	0.050279	0.044693	0.363128	0.150838	0.044693	0.011173	0.005587	0.016760	0.027933	0.279330	0.089385
0.268156	0.212291	0.039106	0.078212	0.033520	0.100559	0.536313	0.072626	0.083799	0.055866	0.223464	0.184358	0.340782	0.223464

precursors_1_pos_pattern_24
0.348101	0.056962	0.310127	0.069620	0.132911	0.221519	0.177215	0.037975	0.284810	0.094937	0.120253	0.088608	0.107595	0.177215	0.284810	0.202532
0.259494	0.841772	0.575949	0.841772	0.696203	0.202532	0.601266	0.917722	0.506329	0.582278	0.227848	0.139241	0.474684	0.120253	0.310127	0.050633
0.101266	0.031646	0.063291	0.031646	0.031646	0.126582	0.031646	0.012658	0.037975	0.177215	0.082278	0.702532	0.126582	0.550633	0.208861	0.563291
0.291139	0.069620	0.050633	0.056962	0.139241	0.449367	0.189873	0.031646	0.170886	0.145570	0.569620	0.069620	0.291139	0.151899	0.196203	0.183544

precursors_1_pos_pattern_25
0.633588	0.763359	0.740458	0.809160	0.007634	0.038168	0.870229	0.000000	0.007634	0.000000	0.977099	0.022901	0.916031	0.977099	0.122137	0.679389	0.000000	0.099237	0.076336	0.053435	0.045802	0.015267	0.045802	0.229008	0.641221	0.030534	0.251908	0.671756
0.061069	0.122137	0.022901	0.061069	0.099237	0.038168	0.000000	0.992366	0.992366	1.000000	0.000000	0.053435	0.053435	0.000000	0.038168	0.091603	1.000000	0.839695	0.809160	0.007634	0.022901	0.152672	0.015267	0.061069	0.061069	0.862595	0.038168	0.053435
0.152672	0.068702	0.106870	0.076336	0.030534	0.015267	0.030534	0.007634	0.000000	0.000000	0.022901	0.885496	0.030534	0.022901	0.770992	0.114504	0.000000	0.000000	0.007634	0.007634	0.854962	0.770992	0.916031	0.709924	0.122137	0.045802	0.671756	0.083969
0.152672	0.045802	0.129771	0.053435	0.862595	0.908397	0.099237	0.000000	0.000000	0.000000	0.000000	0.038168	0.000000	0.000000	0.068702	0.114504	0.000000	0.061069	0.106870	0.931298	0.076336	0.061069	0.022901	0.000000	0.175573	0.061069	0.038168	0.190840

precursors_1_pos_pattern_26
0.065574	0.098361	0.352459	0.032787	0.836066	0.000000	0.868852	0.008197	0.106557	0.991803	0.983607	0.000000	0.000000	0.975410	0.008197	0.196721	0.262295	0.639344	0.090164	0.016393	0.057377
0.155738	0.655738	0.131148	0.049180	0.073770	0.819672	0.016393	0.254098	0.032787	0.000000	0.000000	0.000000	0.000000	0.000000	0.516393	0.459016	0.049180	0.131148	0.385246	0.860656	0.286885
0.311475	0.221311	0.106557	0.106557	0.024590	0.000000	0.065574	0.016393	0.860656	0.008197	0.008197	1.000000	0.008197	0.024590	0.024590	0.024590	0.065574	0.114754	0.352459	0.081967	0.098361
0.467213	0.024590	0.409836	0.811475	0.065574	0.180328	0.049180	0.721311	0.000000	0.000000	0.008197	0.000000	0.991803	0.000000	0.450820	0.319672	0.622951	0.114754	0.172131	0.040984	0.557377

precursors_1_pos_pattern_27
0.171053
0.184211
0.052632
0.592105

precursors_1_pos_pattern_28
0.733333	0.680000	0.173333	0.146667	0.760000	0.026667	0.093333	0.093333	0.106667	0.733333	0.040000	0.013333	0.000000	0.360000	0.040000	0.040000	0.013333	0.026667	0.093333	0.026667	0.040000	0.066667	0.693333
0.146667	0.146667	0.066667	0.146667	0.053333	0.760000	0.093333	0.053333	0.040000	0.093333	0.826667	0.973333	0.986667	0.000000	0.013333	0.013333	0.960000	0.853333	0.106667	0.106667	0.133333	0.693333	0.133333
0.066667	0.066667	0.053333	0.640000	0.053333	0.080000	0.053333	0.826667	0.773333	0.066667	0.013333	0.000000	0.000000	0.626667	0.920000	0.800000	0.000000	0.000000	0.013333	0.000000	0.026667	0.120000	0.040000
0.053333	0.106667	0.706667	0.066667	0.133333	0.133333	0.760000	0.026667	0.080000	0.106667	0.120000	0.013333	0.013333	0.013333	0.026667	0.146667	0.026667	0.120000	0.786667	0.866667	0.800000	0.120000	0.133333

precursors_1_pos_pattern_29
0.016129	0.080645	0.612903	0.112903	0.661290	0.129032	0.112903	0.112903	0.096774	0.112903	0.612903	0.112903	0.080645
0.112903	0.129032	0.064516	0.645161	0.129032	0.096774	0.580645	0.112903	0.677419	0.161290	0.129032	0.112903	0.645161
0.080645	0.629032	0.177419	0.080645	0.080645	0.112903	0.145161	0.096774	0.048387	0.693548	0.048387	0.048387	0.080645
0.790323	0.161290	0.145161	0.161290	0.129032	0.661290	0.161290	0.677419	0.177419	0.032258	0.209677	0.725806	0.193548

precursors_1_pos_pattern_3
0.198179	0.044812	0.211119	0.174455	0.110951	0.228133	0.173976	0.006949	0.022046	0.970764	0.033789	0.091062	0.026120	0.018692	0.093458	0.060388
0.398514	0.290199	0.285885	0.213995	0.055835	0.271507	0.684160	0.965253	0.885933	0.007189	0.010544	0.059190	0.868919	0.562665	0.570093	0.542296
0.192907	0.038102	0.117901	0.556434	0.444524	0.159358	0.041457	0.005991	0.021567	0.011503	0.938414	0.341721	0.042895	0.018692	0.028996	0.022526
0.210400	0.626887	0.385095	0.055116	0.388689	0.341002	0.100407	0.021807	0.070453	0.010544	0.017254	0.508028	0.062066	0.399952	0.307453	0.374790

precursors_1_pos_pattern_30
0.000000
0.022727
0.954545
0.022727

precursors_1_pos_pattern_31
0.069767	0.116279	0.139535	0.162791	0.186047	0.116279	0.465116	0.069767	0.023256	0.000000	0.883721	0.139535	0.325581	0.744186	0.162791	0.046512	0.000000	0.255814	0.418605	0.209302	0.046512	0.023256	0.139535	0.302326
0.302326	0.046512	0.209302	0.186047	0.069767	0.116279	0.046512	0.930233	0.976744	0.976744	0.000000	0.116279	0.302326	0.116279	0.116279	0.139535	0.953488	0.372093	0.093023	0.186047	0.023256	0.441860	0.046512	0.046512
0.348837	0.604651	0.162791	0.069767	0.023256	0.023256	0.023256	0.000000	0.000000	0.000000	0.116279	0.488372	0.232558	0.116279	0.116279	0.651163	0.000000	0.046512	0.139535	0.209302	0.790698	0.418605	0.790698	0.581395
0.279070	0.232558	0.488372	0.581395	0.720930	0.744186	0.465116	0.000000	0.000000	0.023256	0.000000	0.255814	0.139535	0.023256	0.604651	0.162791	0.046512	0.325581	0.348837	0.395349	0.139535	0.116279	0.023256	0.069767

precursors_1_pos_pattern_32
0.190476	0.571429	0.714286	0.166667	0.047619	0.023810	0.952381	0.380952	0.000000	0.095238	0.952381	0.547619	0.000000	0.000000	0.023810
0.190476	0.261905	0.000000	0.142857	0.523810	0.928571	0.047619	0.190476	0.166667	0.761905	0.000000	0.428571	0.000000	0.000000	0.047619
0.333333	0.095238	0.142857	0.666667	0.047619	0.047619	0.000000	0.166667	0.000000	0.119048	0.047619	0.023810	1.000000	0.000000	0.928571
0.285714	0.071429	0.142857	0.023810	0.380952	0.000000	0.000000	0.261905	0.833333	0.023810	0.000000	0.000000	0.000000	1.000000	0.000000

precursors_1_pos_pattern_33
0.184211	0.236842	0.052632	0.526316	0.184211	0.315789	0.078947	0.026316	0.000000	0.973684	0.026316	0.000000	0.000000	0.289474	0.500000	0.026316	0.078947	0.210526
0.526316	0.210526	0.473684	0.315789	0.289474	0.052632	0.157895	0.921053	0.947368	0.000000	0.000000	0.026316	0.921053	0.605263	0.263158	0.763158	0.473684	0.026316
0.131579	0.000000	0.236842	0.078947	0.421053	0.394737	0.210526	0.000000	0.000000	0.026316	0.973684	0.000000	0.052632	0.026316	0.210526	0.000000	0.000000	0.263158
0.157895	0.552632	0.236842	0.078947	0.105263	0.236842	0.552632	0.052632	0.052632	0.000000	0.000000	0.973684	0.026316	0.078947	0.026316	0.210526	0.447368	0.500000

precursors_1_pos_pattern_34
0.064516	0.129032	0.032258	0.096774	0.032258	0.096774	0.000000	0.032258	0.000000	0.000000	0.000000	0.806452	0.129032	0.064516	0.000000	0.032258	0.806452	0.096774	0.000000	0.000000	0.032258	0.838710	0.064516	0.032258	0.064516	0.161290
0.741935	0.032258	0.032258	0.774194	0.000000	0.032258	1.000000	0.967742	0.032258	0.935484	0.000000	0.000000	0.032258	0.096774	0.838710	0.870968	0.032258	0.161290	0.032258	0.935484	0.000000	0.096774	0.838710	0.096774	0.774194	0.677419
0.096774	0.709677	0.903226	0.032258	0.935484	0.161290	0.000000	0.000000	0.000000	0.064516	1.000000	0.096774	0.000000	0.129032	0.000000	0.032258	0.064516	0.032258	0.967742	0.000000	0.967742	0.064516	0.096774	0.677419	0.096774	0.064516
0.096774	0.129032	0.032258	0.096774	0.032258	0.709677	0.000000	0.000000	0.967742	0.000000	0.000000	0.096774	0.838710	0.709677	0.161290	0.064516	0.096774	0.709677	0.000000	0.064516	0.000000	0.000000	0.000000	0.193548	0.064516	0.096774

precursors_1_pos_pattern_35
0.642857
0.035714
0.107143
0.214286

precursors_1_pos_pattern_36
1.000000	0.050000	1.000000	0.050000	0.050000	0.050000
0.000000	0.100000	0.000000	0.950000	0.850000	0.000000
0.000000	0.000000	0.000000	0.000000	0.000000	0.100000
0.000000	0.850000	0.000000	0.000000	0.100000	0.850000

precursors_1_pos_pattern_37
0.300000	0.050000	0.000000	0.200000	0.050000	0.150000	0.000000	0.100000	0.000000	0.850000	0.000000	0.000000	0.750000	0.100000	0.350000	0.100000	0.150000	0.350000	0.050000	0.050000	0.750000	0.200000	0.100000	0.300000	0.400000	0.050000	0.550000
0.400000	0.000000	0.500000	0.200000	0.000000	0.000000	0.100000	0.100000	1.000000	0.000000	0.000000	1.000000	0.050000	0.000000	0.050000	0.150000	0.050000	0.100000	0.200000	0.250000	0.050000	0.250000	0.450000	0.000000	0.100000	0.100000	0.300000
0.100000	0.850000	0.200000	0.100000	0.150000	0.600000	0.900000	0.000000	0.000000	0.000000	1.000000	0.000000	0.100000	0.900000	0.050000	0.050000	0.050000	0.500000	0.000000	0.050000	0.000000	0.500000	0.000000	0.300000	0.400000	0.600000	0.050000
0.200000	0.100000	0.300000	0.500000	0.800000	0.250000	0.000000	0.800000	0.000000	0.150000	0.000000	0.000000	0.100000	0.000000	0.550000	0.700000	0.750000	0.050000	0.750000	0.650000	0.200000	0.050000	0.450000	0.400000	0.100000	0.250000	0.100000

precursors_1_pos_pattern_4
0.244848	0.568242	0.098182	0.006061	0.956606	0.008242	0.007515	0.002909	0.008970	0.834182	0.036121
0.140848	0.084121	0.239758	0.922667	0.013818	0.962909	0.001212	0.006545	0.019152	0.033697	0.736970
0.375515	0.272242	0.079273	0.038061	0.020606	0.001939	0.987636	0.005818	0.969455	0.079758	0.046303
0.238788	0.075394	0.582788	0.033212	0.008970	0.026909	0.003636	0.984727	0.002424	0.052364	0.180606

precursors_1_pos_pattern_5
0.219381	0.593809	0.018035	0.006460	0.943742	0.002692	0.004307	0.006999	0.023688	0.980081	0.015343
0.215074	0.079677	0.052490	0.054105	0.006460	0.976851	0.000000	0.005384	0.931629	0.002423	0.690175
0.228264	0.251682	0.015343	0.832032	0.027995	0.002423	0.994886	0.003499	0.040377	0.013728	0.022342
0.337281	0.074832	0.914132	0.107402	0.021803	0.018035	0.000808	0.984118	0.004307	0.003769	0.272140

precursors_1_pos_pattern_6
0.184233	0.162986	0.139223	0.106514	0.012860	0.938216	0.002796	0.002237	0.034107	0.005871	0.154878
0.176964	0.034107	0.069052	0.202963	0.969807	0.017892	0.009785	0.980990	0.001957	0.004193	0.151803
0.170254	0.621471	0.684093	0.032429	0.004753	0.012021	0.981549	0.003355	0.954431	0.982108	0.064579
0.468549	0.181437	0.107632	0.658093	0.012580	0.031870	0.005871	0.013419	0.009505	0.007828	0.628739

precursors_1_pos_pattern_7
0.432912	0.556504	0.268351	0.216115	0.118129	0.978150	0.961762	0.302151	0.981564	0.005804	0.001366	0.002390	0.015364	0.009218	0.088085	0.300102
0.156026	0.063844	0.075794	0.443155	0.804712	0.007170	0.010584	0.167293	0.003073	0.002048	0.002390	0.002390	0.966883	0.066917	0.051895	0.579379
0.150905	0.119836	0.113691	0.071355	0.043701	0.010242	0.008194	0.416183	0.004438	0.003756	0.988051	0.987026	0.005121	0.870604	0.788665	0.054968
0.260157	0.259816	0.542165	0.269375	0.033459	0.004438	0.019461	0.114374	0.010925	0.988392	0.008194	0.008194	0.012632	0.053260	0.071355	0.065551

precursors_1_pos_pattern_8
0.266809	0.160426	0.139574	0.088085	0.344255	0.071915	0.053617	0.053617	0.047234	0.131064	0.035319	0.048936	0.062979	0.113191
0.404681	0.583404	0.578723	0.634468	0.211064	0.820000	0.842553	0.888085	0.830638	0.142553	0.889362	0.877021	0.865532	0.611064
0.106809	0.105532	0.087234	0.108936	0.064255	0.044255	0.031915	0.022128	0.046383	0.051915	0.022979	0.023830	0.029362	0.065106
0.221702	0.150638	0.194468	0.168511	0.380426	0.063830	0.071915	0.036170	0.075745	0.674468	0.052340	0.050213	0.042128	0.210638

precursors_1_pos_pattern_9
0.182102	0.374443	0.081923	0.047195	0.016474	0.913179	0.023152	0.003562	0.009350	0.008459	0.009350	0.544524
0.229742	0.031612	0.870882	0.015138	0.968388	0.029831	0.012912	0.004898	0.971060	0.012021	0.935886	0.064559
0.102850	0.550757	0.031612	0.923865	0.008014	0.017364	0.048976	0.986198	0.003562	0.890472	0.004898	0.274265
0.485307	0.043188	0.015583	0.013802	0.007124	0.039626	0.914960	0.005343	0.016028	0.089047	0.049866	0.116652

precursors_2_pos_pattern_0
0.528455	0.284151	0.027702	0.951922	0.022885	0.959048	0.003011	0.023788	0.322694	0.626518	0.347084	0.133895	0.010238	0.027301	0.567801
0.093245	0.568303	0.944896	0.015156	0.962561	0.010840	0.003212	0.033223	0.165713	0.078691	0.077788	0.811001	0.964569	0.914684	0.026598
0.177958	0.104286	0.015658	0.018368	0.002911	0.017264	0.983740	0.929539	0.280839	0.081000	0.283750	0.009535	0.009435	0.007929	0.372579
0.200341	0.043260	0.011743	0.014554	0.011643	0.012848	0.010037	0.013450	0.230754	0.213791	0.291378	0.045569	0.015758	0.050085	0.033022

precursors_2_pos_pattern_1
0.253295	0.336011	0.292331	0.301117	0.056609	0.508975	0.041044	0.028744	0.071545	0.024601	0.136814	0.317434	0.362244	0.095770	0.347182	0.599849
0.090875	0.062257	0.050709	0.059746	0.052090	0.309276	0.869587	0.029873	0.018702	0.007657	0.060625	0.188528	0.418476	0.538597	0.141584	0.067278
0.466675	0.505083	0.554035	0.576880	0.839965	0.057613	0.035019	0.011297	0.881135	0.950420	0.601105	0.235346	0.082214	0.158152	0.303376	0.261202
0.189155	0.096649	0.102925	0.062257	0.051337	0.124137	0.054349	0.930087	0.028618	0.017321	0.201456	0.258692	0.137065	0.207481	0.207857	0.071671

precursors_2_pos_pattern_10
0.437581	0.094928	0.031209	0.061118	0.803641	0.118986	0.410923	0.732770	0.092328	0.085176	0.013004	0.587776	0.186606	0.083225	0.072172	0.022757	0.088427
0.081274	0.766580	0.925878	0.894668	0.037711	0.138492	0.215215	0.044213	0.087776	0.095579	0.951886	0.200910	0.217815	0.202211	0.026658	0.791287	0.022757
0.109233	0.060468	0.020806	0.022107	0.139792	0.305592	0.294538	0.141743	0.171651	0.739272	0.010403	0.035111	0.057217	0.038362	0.799740	0.081274	0.836801
0.371912	0.078023	0.022107	0.022107	0.018856	0.436931	0.079324	0.081274	0.648244	0.079974	0.024707	0.176203	0.538362	0.676203	0.101430	0.104681	0.052016

precursors_2_pos_pattern_11
0.214487	0.411101	0.011289	0.001881	0.001881	0.012230	0.632173	0.567262	0.141110
0.256820	0.079962	0.853246	0.994356	0.000941	0.002822	0.038570	0.142992	0.154280
0.158043	0.044214	0.081844	0.001881	0.992474	0.982126	0.054563	0.075259	0.615240
0.370649	0.464722	0.053622	0.001881	0.004704	0.002822	0.274694	0.214487	0.089370

precursors_2_pos_pattern_12
0.144307	0.197294	0.347238	0.052988	0.033822	0.020293	0.025930	0.066516	0.186020
0.153326	0.550169	0.312289	0.657272	0.030440	0.961669	0.005637	0.718151	0.075536
0.471251	0.107103	0.152198	0.058625	0.908681	0.005637	0.949267	0.100338	0.607666
0.231116	0.145434	0.188275	0.231116	0.027057	0.012401	0.019166	0.114994	0.130778

precursors_2_pos_pattern_13
0.422599	0.188701	0.032768	0.015819	0.018079	0.021469	0.049718	0.070056	0.171751
0.049718	0.027119	0.005650	0.002260	0.007910	0.010169	0.037288	0.066667	0.097175
0.077966	0.032768	0.004520	0.004520	0.002260	0.009040	0.018079	0.032768	0.074576
0.449718	0.751412	0.957062	0.977401	0.971751	0.959322	0.894915	0.830508	0.656497

precursors_2_pos_pattern_14
0.190099	0.164356	0.344554	0.138614	0.059406	0.203960	0.063366	0.158416	0.308911	0.047525	0.176238	0.047525	0.095050
0.209901	0.112871	0.093069	0.085149	0.031683	0.140594	0.128713	0.073267	0.093069	0.063366	0.237624	0.063366	0.067327
0.241584	0.538614	0.186139	0.273267	0.827723	0.201980	0.607921	0.592079	0.243564	0.851485	0.065347	0.796040	0.778218
0.358416	0.184158	0.376238	0.502970	0.081188	0.453465	0.200000	0.176238	0.354455	0.037624	0.520792	0.093069	0.059406

precursors_2_pos_pattern_15
0.400545	0.561308	0.700272	0.525886	0.103542	0.024523	0.029973	0.174387	0.280654	0.359673	0.340599	0.395095	0.362398	0.177112	0.070845	0.059946	0.098093	0.212534
0.125341	0.087193	0.043597	0.054496	0.016349	0.054496	0.070845	0.103542	0.141689	0.201635	0.138965	0.089918	0.049046	0.029973	0.043597	0.051771	0.038147	0.122616
0.171662	0.185286	0.100817	0.038147	0.016349	0.016349	0.013624	0.038147	0.171662	0.209809	0.245232	0.144414	0.092643	0.062670	0.021798	0.027248	0.043597	0.049046
0.302452	0.166213	0.155313	0.381471	0.863760	0.904632	0.885559	0.683924	0.405995	0.228883	0.275204	0.370572	0.495913	0.730245	0.863760	0.861035	0.820163	0.615804

precursors_2_pos_pattern_16
0.244186	0.206395	0.226744	0.183140	0.206395	0.186047	0.101744	0.084302	0.063953	0.046512	0.072674	0.087209	0.049419	0.061047	0.069767	0.084302	0.046512	0.017442	0.011628	0.020349	0.101744	0.188953
0.165698	0.081395	0.113372	0.119186	0.087209	0.055233	0.069767	0.034884	0.040698	0.040698	0.046512	0.063953	0.031977	0.049419	0.040698	0.026163	0.011628	0.017442	0.020349	0.017442	0.072674	0.148256
0.174419	0.151163	0.130814	0.110465	0.090116	0.078488	0.061047	0.026163	0.000000	0.043605	0.029070	0.017442	0.031977	0.031977	0.026163	0.011628	0.011628	0.000000	0.005814	0.017442	0.043605	0.090116
0.415698	0.561047	0.529070	0.587209	0.616279	0.680233	0.767442	0.854651	0.895349	0.869186	0.851744	0.831395	0.886628	0.857558	0.863372	0.877907	0.930233	0.965116	0.962209	0.944767	0.781977	0.572674

precursors_2_pos_pattern_17
0.141243	0.192090	0.248588	0.129944	0.242938	0.248588	0.112994	0.135593	0.293785	0.090395	0.203390	0.090395	0.050847	0.129944	0.112994	0.723164	0.129944
0.141243	0.079096	0.129944	0.118644	0.067797	0.107345	0.192090	0.062147	0.118644	0.146893	0.135593	0.045198	0.033898	0.062147	0.333333	0.067797	0.694915
0.468927	0.564972	0.282486	0.548023	0.593220	0.485876	0.576271	0.548023	0.344633	0.649718	0.090395	0.790960	0.887006	0.158192	0.271186	0.135593	0.039548
0.248588	0.163842	0.338983	0.203390	0.096045	0.158192	0.118644	0.254237	0.242938	0.112994	0.570621	0.073446	0.028249	0.649718	0.282486	0.073446	0.135593

precursors_2_pos_pattern_18
0.112903
0.088710
0.645161
0.153226

precursors_2_pos_pattern_19
0.247934	0.140496	0.033058	0.066116	0.140496	0.107438	0.132231	0.082645	0.016529	0.041322	0.520661	0.190083	0.148760	0.272727	0.057851	0.256198	0.338843	0.280992	0.413223	0.429752	0.644628
0.495868	0.520661	0.776860	0.066116	0.512397	0.057851	0.024793	0.033058	0.024793	0.082645	0.074380	0.206612	0.107438	0.041322	0.033058	0.041322	0.140496	0.396694	0.165289	0.173554	0.157025
0.165289	0.173554	0.041322	0.809917	0.173554	0.669421	0.785124	0.735537	0.900826	0.710744	0.231405	0.347107	0.190083	0.471074	0.809917	0.512397	0.330579	0.173554	0.206612	0.206612	0.082645
0.090909	0.165289	0.148760	0.057851	0.173554	0.165289	0.057851	0.148760	0.057851	0.165289	0.173554	0.256198	0.553719	0.214876	0.099174	0.190083	0.190083	0.148760	0.214876	0.190083	0.115702

precursors_2_pos_pattern_2
0.446206	0.159756	0.042547	0.668293	0.016938	0.015718	0.025881	0.037805	0.883469	0.009756
0.154878	0.163821	0.657859	0.023306	0.929810	0.005014	0.023171	0.079268	0.025881	0.857453
0.298916	0.088618	0.101897	0.270596	0.015041	0.968970	0.010298	0.861518	0.044444	0.021545
0.100000	0.587805	0.197696	0.037805	0.038211	0.010298	0.940650	0.021409	0.046206	0.111247

precursors_2_pos_pattern_20
0.090000	0.130000	0.090000	0.080000	0.050000	0.030000	0.040000	0.770000	0.050000	0.010000	0.000000	0.970000	0.020000	0.110000	0.020000	0.000000	0.030000	0.130000	0.850000	0.670000
0.110000	0.080000	0.770000	0.060000	0.030000	0.020000	0.920000	0.080000	0.010000	0.990000	1.000000	0.020000	0.040000	0.740000	0.000000	0.000000	0.000000	0.030000	0.030000	0.030000
0.050000	0.680000	0.050000	0.050000	0.860000	0.860000	0.010000	0.120000	0.930000	0.000000	0.000000	0.010000	0.000000	0.020000	0.010000	0.000000	0.900000	0.760000	0.020000	0.020000
0.750000	0.110000	0.090000	0.810000	0.060000	0.090000	0.030000	0.030000	0.010000	0.000000	0.000000	0.000000	0.940000	0.130000	0.970000	1.000000	0.070000	0.080000	0.100000	0.280000

precursors_2_pos_pattern_21
0.602564	0.076923	0.217949	0.487179	0.243590	0.153846	0.820513	0.012821	0.000000	0.000000	0.012821	0.833333	0.025641
0.089744	0.358974	0.294872	0.179487	0.089744	0.807692	0.012821	0.948718	0.000000	0.025641	0.089744	0.064103	0.576923
0.115385	0.128205	0.269231	0.256410	0.128205	0.025641	0.115385	0.000000	0.987179	0.025641	0.897436	0.051282	0.051282
0.192308	0.435897	0.217949	0.076923	0.538462	0.012821	0.051282	0.038462	0.012821	0.948718	0.000000	0.051282	0.346154

precursors_2_pos_pattern_22
0.846154	0.141026	0.564103	0.064103	0.115385
0.051282	0.089744	0.128205	0.820513	0.602564
0.012821	0.205128	0.205128	0.038462	0.141026
0.089744	0.564103	0.102564	0.076923	0.141026

precursors_2_pos_pattern_23
0.216216
0.202703
0.094595
0.486486

precursors_2_pos_pattern_24
0.363636	0.393939	0.454545	0.045455	0.090909	0.242424	0.106061	0.015152	0.545455	0.272727	0.075758	0.030303	0.060606	0.045455	0.590909	0.212121	0.106061	0.287879	0.166667	0.075758	0.075758	0.090909	0.272727	0.106061
0.030303	0.060606	0.090909	0.575758	0.090909	0.727273	0.000000	0.924242	0.030303	0.590909	0.045455	0.954545	0.015152	0.393939	0.030303	0.030303	0.196970	0.015152	0.378788	0.272727	0.121212	0.030303	0.015152	0.045455
0.393939	0.469697	0.227273	0.015152	0.818182	0.030303	0.636364	0.000000	0.348485	0.045455	0.833333	0.015152	0.787879	0.272727	0.287879	0.363636	0.227273	0.500000	0.424242	0.196970	0.257576	0.833333	0.272727	0.530303
0.212121	0.075758	0.227273	0.363636	0.000000	0.000000	0.257576	0.060606	0.075758	0.090909	0.045455	0.000000	0.136364	0.287879	0.090909	0.393939	0.469697	0.196970	0.030303	0.454545	0.545455	0.045455	0.439394	0.318182

precursors_2_pos_pattern_25
0.061538	0.230769	0.200000	0.061538	0.015385	0.061538	0.707692	0.123077	0.661538	0.092308	0.107692	0.015385	0.230769	0.076923	0.000000	0.000000	0.000000	0.046154	0.107692	0.338462	0.046154	0.153846	0.861538	0.692308	0.138462	0.153846	0.184615	0.123077
0.153846	0.092308	0.030769	0.600000	0.846154	0.061538	0.076923	0.046154	0.092308	0.015385	0.046154	0.030769	0.046154	0.876923	0.138462	0.123077	0.000000	0.000000	0.107692	0.507692	0.861538	0.538462	0.061538	0.061538	0.061538	0.153846	0.461538	0.107692
0.076923	0.569231	0.630769	0.153846	0.076923	0.846154	0.138462	0.723077	0.184615	0.876923	0.753846	0.938462	0.723077	0.015385	0.030769	0.030769	1.000000	0.938462	0.600000	0.076923	0.015385	0.138462	0.046154	0.169231	0.507692	0.507692	0.215385	0.630769
0.707692	0.107692	0.138462	0.184615	0.061538	0.030769	0.076923	0.107692	0.061538	0.015385	0.092308	0.015385	0.000000	0.030769	0.830769	0.846154	0.000000	0.015385	0.184615	0.076923	0.076923	0.169231	0.030769	0.076923	0.292308	0.184615	0.138462	0.138462

precursors_2_pos_pattern_26
0.222222	0.142857	0.555556	0.047619	0.000000	0.000000	0.000000	0.206349	0.285714	0.333333	0.158730	0.269841	0.126984	0.380952	0.047619	0.126984
0.238095	0.587302	0.222222	0.190476	0.936508	0.000000	0.000000	0.111111	0.317460	0.111111	0.365079	0.492063	0.793651	0.095238	0.190476	0.428571
0.079365	0.126984	0.063492	0.634921	0.000000	1.000000	1.000000	0.206349	0.079365	0.158730	0.095238	0.111111	0.031746	0.063492	0.682540	0.031746
0.460317	0.142857	0.158730	0.126984	0.063492	0.000000	0.000000	0.476190	0.317460	0.396825	0.380952	0.126984	0.047619	0.460317	0.079365	0.412698

precursors_2_pos_pattern_27
0.226415	0.150943	0.207547	0.094340	0.132075	0.264151	0.113208	0.113208	0.301887	0.188679	0.264151	0.037736	0.113208	0.150943	0.264151	0.377358	0.150943	0.226415	0.301887	0.377358	0.396226	0.226415
0.169811	0.113208	0.113208	0.094340	0.150943	0.075472	0.150943	0.056604	0.150943	0.188679	0.169811	0.094340	0.075472	0.132075	0.150943	0.169811	0.415094	0.188679	0.245283	0.169811	0.226415	0.415094
0.433962	0.641509	0.283019	0.547170	0.716981	0.584906	0.641509	0.773585	0.320755	0.528302	0.207547	0.811321	0.754717	0.377358	0.188679	0.113208	0.245283	0.283019	0.188679	0.320755	0.075472	0.245283
0.169811	0.094340	0.396226	0.264151	0.000000	0.075472	0.094340	0.056604	0.226415	0.094340	0.358491	0.056604	0.056604	0.339623	0.396226	0.339623	0.188679	0.301887	0.264151	0.132075	0.301887	0.113208

precursors_2_pos_pattern_28
0.078431	0.156863	0.098039	0.117647	0.117647	0.431373	0.176471	0.411765	0.137255	0.098039	0.039216	0.607843	0.000000	0.000000	0.000000	0.000000	0.117647	0.058824	0.490196	0.411765	0.039216	0.019608	0.117647	0.039216	0.058824	0.333333
0.568627	0.078431	0.196078	0.411765	0.490196	0.117647	0.274510	0.078431	0.588235	0.549020	0.274510	0.078431	0.019608	0.039216	0.000000	0.000000	0.039216	0.137255	0.039216	0.196078	0.411765	0.862745	0.313725	0.019608	0.019608	0.039216
0.176471	0.176471	0.450980	0.333333	0.294118	0.333333	0.019608	0.019608	0.117647	0.039216	0.588235	0.058824	0.196078	0.000000	1.000000	1.000000	0.607843	0.019608	0.098039	0.137255	0.058824	0.078431	0.078431	0.764706	0.137255	0.529412
0.176471	0.588235	0.254902	0.137255	0.098039	0.117647	0.529412	0.490196	0.156863	0.313725	0.098039	0.254902	0.784314	0.960784	0.000000	0.000000	0.235294	0.784314	0.372549	0.254902	0.490196	0.039216	0.490196	0.176471	0.784314	0.098039

precursors_2_pos_pattern_29
0.137255	0.078431	0.000000	0.019608	0.176471	0.137255	0.098039	0.117647	0.019608	0.450980	0.058824	0.078431	0.254902	0.019608	0.137255	0.000000	0.078431	0.529412	0.176471	0.490196	0.196078	0.039216	0.137255	0.117647	0.215686	0.196078	0.490196
0.176471	0.078431	0.156863	0.039216	0.039216	0.078431	0.019608	0.372549	0.039216	0.235294	0.058824	0.019608	0.058824	0.098039	0.568627	0.019608	0.039216	0.117647	0.117647	0.176471	0.196078	0.274510	0.058824	0.254902	0.098039	0.588235	0.137255
0.137255	0.058824	0.215686	0.901961	0.117647	0.607843	0.254902	0.294118	0.882353	0.078431	0.745098	0.862745	0.098039	0.745098	0.058824	0.941176	0.843137	0.196078	0.137255	0.215686	0.156863	0.156863	0.588235	0.078431	0.215686	0.058824	0.156863
0.549020	0.784314	0.627451	0.039216	0.666667	0.176471	0.627451	0.215686	0.058824	0.235294	0.137255	0.039216	0.588235	0.137255	0.235294	0.039216	0.039216	0.156863	0.568627	0.117647	0.450980	0.529412	0.215686	0.549020	0.470588	0.156863	0.215686

precursors_2_pos_pattern_3
0.285012	0.061385	0.088917	0.021070	0.028796	0.948307	0.008709	0.006602	0.001545	0.039050	0.070796	0.071077
0.316337	0.165332	0.466639	0.108864	0.039612	0.007023	0.011378	0.013064	0.003512	0.003090	0.447535	0.328979
0.070656	0.135131	0.217025	0.017278	0.869926	0.015873	0.013485	0.009271	0.988903	0.942689	0.052535	0.053940
0.327996	0.638151	0.227420	0.852788	0.061666	0.028796	0.966428	0.971063	0.006040	0.015171	0.429133	0.546004

precursors_2_pos_pattern_30
0.300000	0.150000	0.075000	0.250000	0.200000	0.200000	0.200000	0.100000	0.175000	0.225000	0.150000	0.050000	0.425000	0.100000	0.100000	0.125000	0.450000	0.200000	0.275000	0.150000	0.250000	0.225000	0.400000	0.275000	0.200000	0.350000	0.100000	0.250000
0.125000	0.175000	0.100000	0.200000	0.275000	0.175000	0.125000	0.275000	0.025000	0.100000	0.150000	0.000000	0.175000	0.125000	0.200000	0.125000	0.050000	0.125000	0.175000	0.125000	0.225000	0.400000	0.150000	0.250000	0.500000	0.100000	0.600000	0.125000
0.175000	0.475000	0.525000	0.375000	0.300000	0.600000	0.375000	0.400000	0.700000	0.475000	0.575000	0.700000	0.125000	0.450000	0.125000	0.725000	0.425000	0.200000	0.175000	0.475000	0.375000	0.200000	0.250000	0.225000	0.125000	0.325000	0.100000	0.550000
0.400000	0.200000	0.300000	0.175000	0.225000	0.025000	0.300000	0.225000	0.100000	0.200000	0.125000	0.250000	0.275000	0.325000	0.575000	0.025000	0.075000	0.475000	0.375000	0.250000	0.150000	0.175000	0.200000	0.250000	0.175000	0.225000	0.200000	0.075000

precursors_2_pos_pattern_31
0.030303	0.212121	0.060606	0.757576	0.030303	0.060606	0.060606	0.000000	0.030303	0.030303	0.030303	0.030303	0.030303	0.000000	0.030303	0.030303	0.030303	0.030303	0.727273	0.060606	0.151515	0.000000	0.727273	0.212121	0.787879	0.181818
0.030303	0.606061	0.090909	0.090909	0.090909	0.030303	0.636364	0.000000	0.151515	0.030303	0.939394	0.060606	0.818182	0.000000	0.969697	0.000000	0.121212	0.181818	0.090909	0.181818	0.000000	0.060606	0.181818	0.606061	0.121212	0.030303
0.878788	0.151515	0.030303	0.121212	0.030303	0.151515	0.000000	0.909091	0.090909	0.878788	0.000000	0.848485	0.000000	1.000000	0.000000	0.969697	0.000000	0.757576	0.090909	0.121212	0.121212	0.787879	0.000000	0.000000	0.060606	0.030303
0.060606	0.030303	0.818182	0.030303	0.848485	0.757576	0.303030	0.090909	0.727273	0.060606	0.030303	0.060606	0.151515	0.000000	0.000000	0.000000	0.848485	0.030303	0.090909	0.636364	0.727273	0.151515	0.090909	0.181818	0.030303	0.757576

precursors_2_pos_pattern_32
0.137931
0.034483
0.620690
0.206897

precursors_2_pos_pattern_33
0.785714	0.500000	0.000000	0.035714	0.000000	0.000000	0.000000	0.000000	1.000000	0.000000	0.000000	0.000000	0.107143	0.750000	0.857143	0.928571	0.928571	0.107143	0.857143	0.928571	0.892857	0.821429	0.607143
0.071429	0.285714	0.071429	0.964286	0.964286	0.000000	0.964286	1.000000	0.000000	0.000000	0.035714	0.035714	0.535714	0.071429	0.000000	0.035714	0.035714	0.714286	0.071429	0.035714	0.071429	0.000000	0.071429
0.071429	0.071429	0.857143	0.000000	0.000000	1.000000	0.000000	0.000000	0.000000	0.000000	0.000000	0.000000	0.035714	0.107143	0.142857	0.000000	0.035714	0.178571	0.035714	0.035714	0.000000	0.107143	0.178571
0.071429	0.142857	0.071429	0.000000	0.035714	0.000000	0.035714	0.000000	0.000000	1.000000	0.964286	0.964286	0.321429	0.071429	0.000000	0.035714	0.000000	0.000000	0.035714	0.000000	0.035714	0.071429	0.142857

precursors_2_pos_pattern_34
0.115385	0.692308	0.115385	0.115385	0.038462	0.038462	0.038462	0.846154	0.000000	0.038462	0.961538	0.000000	0.000000	0.000000	1.000000	0.153846	0.038462	0.038462	0.000000	0.846154	0.115385	0.153846	0.000000	0.923077	0.000000	0.076923
0.000000	0.115385	0.884615	0.000000	0.923077	0.884615	0.961538	0.000000	0.038462	0.000000	0.000000	0.076923	0.000000	1.000000	0.000000	0.115385	0.076923	0.038462	0.961538	0.038462	0.038462	0.038462	0.846154	0.000000	0.153846	0.000000
0.769231	0.115385	0.000000	0.000000	0.038462	0.038462	0.000000	0.153846	0.038462	0.846154	0.038462	0.076923	0.961538	0.000000	0.000000	0.653846	0.000000	0.923077	0.000000	0.115385	0.807692	0.769231	0.038462	0.038462	0.000000	0.923077
0.115385	0.076923	0.000000	0.884615	0.000000	0.038462	0.000000	0.000000	0.923077	0.115385	0.000000	0.846154	0.038462	0.000000	0.000000	0.076923	0.884615	0.000000	0.038462	0.000000	0.038462	0.038462	0.115385	0.038462	0.846154	0.000000

precursors_2_pos_pattern_35
0.040000	0.120000	0.120000	0.080000	0.120000	0.640000	0.680000	0.640000	0.560000	0.000000	0.040000	0.280000	0.120000	0.000000	0.960000	0.000000	0.000000	0.040000	0.000000	0.840000	0.000000	0.120000	0.200000	0.120000
0.680000	0.240000	0.080000	0.120000	0.040000	0.040000	0.080000	0.080000	0.120000	0.000000	0.160000	0.040000	0.120000	0.880000	0.040000	0.960000	0.000000	0.000000	0.000000	0.040000	0.960000	0.760000	0.720000	0.080000
0.120000	0.080000	0.520000	0.120000	0.760000	0.160000	0.040000	0.160000	0.040000	0.160000	0.680000	0.040000	0.640000	0.080000	0.000000	0.000000	1.000000	0.000000	1.000000	0.080000	0.000000	0.080000	0.080000	0.600000
0.160000	0.560000	0.280000	0.680000	0.080000	0.160000	0.200000	0.120000	0.280000	0.840000	0.120000	0.640000	0.120000	0.040000	0.000000	0.040000	0.000000	0.960000	0.000000	0.040000	0.040000	0.040000	0.000000	0.200000

precursors_2_pos_pattern_36
1.000000	0.826087
0.000000	0.000000
0.000000	0.043478
0.000000	0.130435

precursors_2_pos_pattern_37
0.285714	0.047619	0.095238	0.142857	0.380952	0.190476	0.000000	0.000000	0.000000	0.000000	0.047619	0.000000	0.047619	0.285714	0.047619	0.380952	0.095238	0.047619	0.333333	0.142857	0.190476	0.095238	0.095238
0.142857	0.000000	0.000000	0.285714	0.095238	0.238095	0.476190	0.523810	0.190476	0.000000	0.000000	0.047619	0.000000	0.095238	0.380952	0.285714	0.000000	0.047619	0.238095	0.142857	0.285714	0.428571	0.095238
0.476190	0.809524	0.761905	0.047619	0.238095	0.000000	0.238095	0.428571	0.047619	1.000000	0.619048	0.904762	0.904762	0.047619	0.428571	0.095238	0.714286	0.904762	0.095238	0.190476	0.333333	0.238095	0.571429
0.095238	0.142857	0.142857	0.523810	0.285714	0.571429	0.285714	0.047619	0.761905	0.000000	0.333333	0.047619	0.047619	0.571429	0.142857	0.238095	0.190476	0.000000	0.333333	0.523810	0.190476	0.238095	0.238095

precursors_2_pos_pattern_4
0.178910	0.181225	0.064407	0.671648	0.016628	0.009051	0.025047	0.016628	0.177436
0.142917	0.182277	0.798148	0.123974	0.033046	0.965481	0.007998	0.014313	0.119975
0.534835	0.083561	0.039992	0.054515	0.926963	0.007367	0.918333	0.952221	0.105031
0.143338	0.552936	0.097453	0.149863	0.023364	0.018101	0.048621	0.016839	0.597558

precursors_2_pos_pattern_5
0.216216	0.089215	0.065600	0.037785	0.022304	0.006298	0.013907	0.978221	0.019942	0.117030	0.028601	0.009446	0.043296	0.274993	0.535293	0.259512
0.136710	0.060876	0.829179	0.886644	0.003674	0.986880	0.978746	0.005773	0.013645	0.382577	0.011021	0.018630	0.033849	0.077145	0.098137	0.103647
0.528733	0.525321	0.045920	0.064812	0.955392	0.002099	0.003411	0.006298	0.009446	0.156914	0.014170	0.017843	0.797166	0.416951	0.071110	0.063763
0.118342	0.324587	0.059302	0.010758	0.018630	0.004723	0.003936	0.009709	0.956967	0.343479	0.946208	0.954080	0.125689	0.230911	0.295461	0.573078

precursors_2_pos_pattern_6
0.456042	0.019389	0.005843	0.965206	0.001859	0.001859	0.003187	0.074369	0.909429	0.042762
0.096414	0.028154	0.026826	0.005046	0.984064	0.000266	0.002125	0.858167	0.013811	0.538911
0.383533	0.007703	0.912882	0.016733	0.002390	0.997344	0.002390	0.052590	0.053918	0.050199
0.064011	0.944754	0.054449	0.013015	0.011687	0.000531	0.992297	0.014874	0.022842	0.368127

precursors_2_pos_pattern_7
0.127888	0.226314	0.201540	0.062939	0.010378	0.911952	0.016739	0.003683	0.004017	0.002009	0.010044
0.213257	0.015735	0.699029	0.016739	0.962169	0.047205	0.032139	0.005357	0.973887	0.002678	0.798125
0.116505	0.731168	0.062605	0.887178	0.008035	0.018748	0.045196	0.985939	0.002009	0.989287	0.019752
0.542350	0.026783	0.036826	0.033144	0.019417	0.022096	0.905926	0.005022	0.020087	0.006026	0.172079

precursors_2_pos_pattern_8
0.199573	0.159552	0.284952	0.163287	0.109392	0.154216	0.094450	0.037887	0.356457	0.160619	0.162220	0.071505	0.100320
0.198506	0.123799	0.095518	0.079509	0.035752	0.053895	0.070971	0.037353	0.117930	0.202241	0.077908	0.044824	0.044824
0.354856	0.598719	0.387407	0.558698	0.779082	0.673426	0.728922	0.879402	0.337780	0.480256	0.319104	0.825507	0.778015
0.247065	0.117930	0.232124	0.198506	0.075774	0.118463	0.105656	0.045358	0.187834	0.156884	0.440768	0.058164	0.076841

precursors_2_pos_pattern_9
0.214480	0.170931	0.144801	0.064235	0.161677	0.139358	0.048449	0.042461	0.091998
0.146979	0.555253	0.108329	0.782798	0.069134	0.462711	0.048993	0.886228	0.026674
0.449646	0.098530	0.611323	0.042461	0.689711	0.143713	0.773544	0.020142	0.827980
0.188895	0.175286	0.135547	0.110506	0.079477	0.254219	0.129015	0.051170	0.053348

precursors_3_pos_pattern_0
0.237272	0.127755	0.091090	0.017857	0.950418	0.005224	0.089096	0.035999	0.167648
0.176007	0.025266	0.079122	0.895802	0.015103	0.966090	0.026311	0.270802	0.088051
0.234233	0.830452	0.051387	0.052907	0.023556	0.004369	0.859612	0.043598	0.685315
0.352489	0.016527	0.778400	0.033435	0.010923	0.024316	0.024981	0.649601	0.058986

precursors_3_pos_pattern_1
0.070375	0.048363	0.044350	0.608003	0.013880	0.001627	0.000325	0.039146	0.054760
0.359033	0.519302	0.428757	0.016591	0.014097	0.002711	0.001084	0.005530	0.175992
0.260247	0.130232	0.100846	0.114183	0.039362	0.003362	0.998482	0.046194	0.151919
0.310345	0.302104	0.426046	0.261223	0.932661	0.992301	0.000108	0.909130	0.617328

precursors_3_pos_pattern_10
0.322792	0.121122	0.383055	0.161695	0.155728	0.189737	0.067422	0.086516	0.124105	0.079356	0.446301	0.069809	0.225537	0.129475	0.127088
0.332339	0.669451	0.303699	0.252983	0.455847	0.102625	0.063246	0.084726	0.142005	0.079356	0.134845	0.704654	0.264916	0.124105	0.090692
0.156921	0.112768	0.210621	0.491050	0.215394	0.545943	0.784606	0.711814	0.258950	0.761933	0.253580	0.096062	0.147971	0.588902	0.671241
0.187947	0.096659	0.102625	0.094272	0.173031	0.161695	0.084726	0.116945	0.474940	0.079356	0.165274	0.129475	0.361575	0.157518	0.110979

precursors_3_pos_pattern_11
0.255319	0.206963	0.119278	0.090909	0.083172	0.056738	0.310123	0.098646	0.158607	0.039974	0.039329	0.157963	0.105093	0.261122
0.138620	0.074790	0.062540	0.031593	0.047066	0.023211	0.036106	0.145712	0.050935	0.014184	0.013540	0.039329	0.065119	0.072211
0.375242	0.625403	0.707286	0.791747	0.731141	0.867182	0.565442	0.623469	0.612508	0.909091	0.915538	0.517086	0.747905	0.568021
0.230819	0.092843	0.110896	0.085751	0.138620	0.052869	0.088330	0.132173	0.177950	0.036750	0.031593	0.285622	0.081883	0.098646

precursors_3_pos_pattern_12
0.158207	0.213579	0.354647	0.230059	0.344759	0.278181	0.337508	0.092287	0.518787	0.038233	0.037574	0.058668	0.012525	0.069216	0.295979	0.457482	0.064601	0.295979	0.731707
0.472643	0.124588	0.222149	0.085036	0.032301	0.028345	0.042189	0.110086	0.335531	0.897165	0.064601	0.028345	0.008570	0.027686	0.135794	0.353329	0.692815	0.135135	0.040870
0.232696	0.559657	0.232696	0.559657	0.544496	0.613711	0.553065	0.746210	0.074489	0.014502	0.016480	0.879367	0.961107	0.669084	0.330916	0.079763	0.125247	0.327620	0.153593
0.136454	0.102175	0.190508	0.125247	0.078444	0.079763	0.067238	0.051417	0.071193	0.050099	0.881345	0.033619	0.017798	0.234015	0.237310	0.109426	0.117337	0.241266	0.073830

precursors_3_pos_pattern_13
0.328893	0.165695	0.339717	0.299750	0.213988	0.230641	0.184846	0.199833	0.169858	0.116570	0.668609	0.038301	0.062448	0.049126	0.024147
0.284763	0.538718	0.242298	0.203164	0.250624	0.130724	0.110741	0.089092	0.255620	0.491257	0.133222	0.651957	0.860949	0.044963	0.005828
0.185679	0.134888	0.238968	0.316403	0.195670	0.343880	0.488759	0.562864	0.153206	0.272273	0.100749	0.268110	0.024979	0.817652	0.959201
0.200666	0.160699	0.179017	0.180683	0.339717	0.294754	0.215654	0.148210	0.421316	0.119900	0.097419	0.041632	0.051624	0.088260	0.010824

precursors_3_pos_pattern_14
0.273598	0.191518	0.195622	0.225718	0.042408	0.142271	0.013680	0.023256	0.047880	0.097127
0.306430	0.604651	0.318741	0.493844	0.867305	0.466484	0.004104	0.051984	0.076607	0.042408
0.269494	0.106703	0.428181	0.184679	0.071135	0.056088	0.967168	0.850889	0.500684	0.753762
0.150479	0.097127	0.057456	0.095759	0.019152	0.335157	0.015048	0.073871	0.374829	0.106703

precursors_3_pos_pattern_15
0.499253	0.632287	0.763827	0.037369	0.008969	0.002990	0.055306	0.306428
0.158445	0.053812	0.031390	0.008969	0.004484	0.004484	0.031390	0.065770
0.192825	0.133034	0.058296	0.001495	0.000000	0.001495	0.004484	0.047833
0.149477	0.180867	0.146487	0.952167	0.986547	0.991031	0.908819	0.579970

precursors_3_pos_pattern_16
0.325843	0.451685	0.008989	0.026966	0.020225	0.038202	0.035955	0.031461	0.051685	0.069663	0.114607	0.177528	0.193258	0.148315
0.071910	0.040449	0.008989	0.013483	0.006742	0.017978	0.015730	0.024719	0.047191	0.076404	0.078652	0.114607	0.150562	0.121348
0.206742	0.085393	0.004494	0.006742	0.024719	0.002247	0.024719	0.013483	0.011236	0.031461	0.040449	0.089888	0.110112	0.139326
0.395506	0.422472	0.977528	0.952809	0.948315	0.941573	0.923596	0.930337	0.889888	0.822472	0.766292	0.617978	0.546067	0.591011

precursors_3_pos_pattern_17
0.146982	0.188976	0.194226	0.018373	0.041995	0.020997	0.026247	0.128609	0.055118	0.398950	0.173228
0.170604	0.616798	0.131234	0.942257	0.015748	0.839895	0.005249	0.094488	0.031496	0.162730	0.251969
0.467192	0.052493	0.585302	0.010499	0.916010	0.062992	0.942257	0.580052	0.860892	0.133858	0.417323
0.215223	0.141732	0.089239	0.028871	0.026247	0.076115	0.026247	0.196850	0.052493	0.304462	0.157480

precursors_3_pos_pattern_18
0.401434	0.032258	0.756272	0.003584	0.003584	0.000000	0.010753	0.043011	0.071685	0.648746	0.243728	0.157706	0.154122	0.189964	0.397849	0.215054
0.272401	0.247312	0.014337	0.014337	0.000000	0.000000	0.000000	0.107527	0.573477	0.028674	0.096774	0.168459	0.150538	0.035842	0.408602	0.566308
0.082437	0.114695	0.043011	0.021505	0.007168	1.000000	0.103943	0.071685	0.050179	0.114695	0.121864	0.068100	0.046595	0.655914	0.118280	0.096774
0.243728	0.605735	0.186380	0.960573	0.989247	0.000000	0.885305	0.777778	0.304659	0.207885	0.537634	0.605735	0.648746	0.118280	0.075269	0.121864

precursors_3_pos_pattern_19
0.412879	0.534091	0.609848	0.757576	0.087121	0.079545	0.079545	0.147727	0.280303	0.409091	0.363636	0.446970	0.280303	0.170455	0.049242	0.087121	0.200758	0.265152
0.151515	0.125000	0.060606	0.041667	0.049242	0.049242	0.117424	0.132576	0.147727	0.196970	0.147727	0.121212	0.056818	0.041667	0.022727	0.034091	0.049242	0.113636
0.185606	0.193182	0.159091	0.094697	0.022727	0.018939	0.022727	0.056818	0.128788	0.136364	0.174242	0.106061	0.083333	0.045455	0.015152	0.018939	0.041667	0.071970
0.250000	0.147727	0.170455	0.106061	0.840909	0.852273	0.780303	0.662879	0.443182	0.257576	0.314394	0.325758	0.579545	0.742424	0.912879	0.859848	0.708333	0.549242

precursors_3_pos_pattern_2
0.223756	0.040752	0.067268	0.020213	0.043903	0.258422	0.225820	0.236036	0.010215	0.010759	0.028907	0.010215	0.007281	0.009672	0.053793	0.183004
0.145403	0.341991	0.017062	0.009454	0.013475	0.321669	0.089111	0.312867	0.950337	0.979678	0.027711	0.005325	0.021300	0.015214	0.093023	0.182895
0.221908	0.027385	0.868290	0.957183	0.813084	0.079765	0.079113	0.151815	0.021626	0.002391	0.018692	0.957292	0.016627	0.939252	0.545642	0.092045
0.408933	0.589872	0.047381	0.013149	0.129537	0.340143	0.605955	0.299283	0.017822	0.007172	0.924690	0.027168	0.954792	0.035862	0.307542	0.542056

precursors_3_pos_pattern_20
0.480349	0.567686	0.017467	0.100437	0.048035	0.174672	0.262009	0.266376	0.288210	0.152838	0.344978	0.305677	0.257642	0.152838	0.043668	0.052402	0.104803	0.157205
0.082969	0.091703	0.013100	0.030568	0.026201	0.131004	0.174672	0.257642	0.244541	0.318777	0.126638	0.109170	0.061135	0.013100	0.013100	0.039301	0.039301	0.113537
0.183406	0.082969	0.008734	0.004367	0.004367	0.026201	0.131004	0.170306	0.170306	0.240175	0.100437	0.165939	0.082969	0.039301	0.004367	0.004367	0.017467	0.056769
0.253275	0.257642	0.960699	0.864629	0.921397	0.668122	0.432314	0.305677	0.296943	0.288210	0.427948	0.419214	0.598253	0.794760	0.938865	0.903930	0.838428	0.672489

precursors_3_pos_pattern_21
0.312775	0.035242	0.030837	0.000000	0.074890	0.427313	0.004405	0.026432	0.000000	0.017621	0.088106
0.088106	0.092511	0.030837	0.096916	0.088106	0.008811	0.039648	0.004405	0.000000	0.004405	0.189427
0.255507	0.202643	0.022026	0.894273	0.035242	0.127753	0.008811	0.008811	1.000000	0.013216	0.123348
0.343612	0.669604	0.916300	0.008811	0.801762	0.436123	0.947137	0.960352	0.000000	0.964758	0.599119

precursors_3_pos_pattern_22
0.128889	0.168889	0.084444	0.066667	0.133333	0.164444	0.435556	0.111111	0.208889	0.248889	0.262222	0.377778	0.248889	0.431111	0.142222	0.093333	0.048889	0.017778	0.048889	0.120000	0.093333
0.466667	0.142222	0.448889	0.088889	0.222222	0.204444	0.195556	0.471111	0.213333	0.244444	0.311111	0.204444	0.328889	0.204444	0.235556	0.835556	0.013333	0.920000	0.035556	0.253333	0.062222
0.151111	0.600000	0.084444	0.791111	0.155556	0.475556	0.200000	0.133333	0.288889	0.182222	0.240000	0.182222	0.262222	0.155556	0.435556	0.026667	0.933333	0.031111	0.897778	0.186667	0.773333
0.253333	0.088889	0.382222	0.053333	0.488889	0.155556	0.168889	0.284444	0.288889	0.324444	0.186667	0.235556	0.160000	0.208889	0.186667	0.044444	0.004444	0.031111	0.017778	0.440000	0.071111

precursors_3_pos_pattern_23
0.122093	0.023256	0.598837	0.116279	0.023256	0.034884	0.093023	0.075581	0.040698	0.023256	0.813953	0.005814	0.000000	0.005814	0.017442	0.151163	0.139535
0.395349	0.500000	0.034884	0.046512	0.023256	0.069767	0.029070	0.186047	0.709302	0.343023	0.011628	0.011628	0.000000	0.000000	0.000000	0.098837	0.220930
0.203488	0.104651	0.052326	0.162791	0.029070	0.877907	0.127907	0.162791	0.034884	0.069767	0.046512	0.040698	0.000000	0.994186	0.017442	0.377907	0.081395
0.279070	0.372093	0.313953	0.674419	0.924419	0.017442	0.750000	0.575581	0.215116	0.563953	0.127907	0.941860	1.000000	0.000000	0.965116	0.372093	0.558140

precursors_3_pos_pattern_24
0.479730	0.148649	0.506757	0.236486	0.175676	0.121622	0.189189	0.047297	0.141892	0.047297	0.013514	0.054054	0.060811	0.270270	0.162162	0.074324	0.614865	0.479730
0.135135	0.060811	0.081081	0.020270	0.047297	0.101351	0.087838	0.878378	0.445946	0.128378	0.020270	0.006757	0.013514	0.283784	0.608108	0.621622	0.155405	0.047297
0.087838	0.635135	0.195946	0.702703	0.648649	0.695946	0.668919	0.047297	0.047297	0.222973	0.959459	0.783784	0.885135	0.148649	0.074324	0.135135	0.101351	0.418919
0.297297	0.155405	0.216216	0.040541	0.128378	0.081081	0.054054	0.027027	0.364865	0.601351	0.006757	0.155405	0.040541	0.297297	0.155405	0.168919	0.128378	0.054054

precursors_3_pos_pattern_25
0.083333	0.006944	0.027778	0.152778	0.111111	0.159722	0.361111	0.097222	0.173611	0.298611	0.187500	0.298611	0.187500	0.256944	0.118056	0.048611	0.062500	0.034722	0.048611	0.041667	0.090278	0.520833	0.118056	0.125000
0.104167	0.229167	0.034722	0.090278	0.458333	0.125000	0.090278	0.152778	0.125000	0.361111	0.145833	0.104167	0.208333	0.451389	0.131944	0.895833	0.000000	0.881944	0.006944	0.118056	0.138889	0.104167	0.277778	0.104167
0.451389	0.013889	0.895833	0.430556	0.187500	0.138889	0.326389	0.145833	0.236111	0.125000	0.458333	0.152778	0.451389	0.111111	0.659722	0.020833	0.923611	0.027778	0.902778	0.097222	0.722222	0.229167	0.138889	0.145833
0.361111	0.750000	0.041667	0.326389	0.243056	0.576389	0.222222	0.604167	0.465278	0.215278	0.208333	0.444444	0.152778	0.180556	0.090278	0.034722	0.013889	0.055556	0.041667	0.743056	0.048611	0.145833	0.465278	0.625000

precursors_3_pos_pattern_26
0.354167	0.041667	0.055556	0.048611	0.111111	0.090278	0.263889	0.208333	0.326389	0.083333	0.305556	0.222222	0.083333	0.048611	0.083333	0.097222	0.187500	0.041667
0.048611	0.048611	0.083333	0.048611	0.083333	0.229167	0.187500	0.159722	0.180556	0.347222	0.222222	0.131944	0.729167	0.013889	0.729167	0.041667	0.326389	0.048611
0.138889	0.236111	0.020833	0.826389	0.173611	0.319444	0.097222	0.395833	0.208333	0.375000	0.159722	0.541667	0.006944	0.937500	0.055556	0.847222	0.194444	0.777778
0.458333	0.673611	0.840278	0.076389	0.631944	0.361111	0.451389	0.236111	0.284722	0.194444	0.312500	0.104167	0.180556	0.000000	0.131944	0.013889	0.291667	0.131944

precursors_3_pos_pattern_27
0.422764	0.105691	0.642276	0.349593	0.276423	0.170732	0.284553	0.520325	0.081301	0.178862	0.439024	0.211382	0.235772	0.097561	0.073171	0.056911	0.008130	0.032520	0.065041	0.056911
0.300813	0.626016	0.113821	0.463415	0.138211	0.260163	0.333333	0.138211	0.756098	0.463415	0.138211	0.414634	0.162602	0.130081	0.813008	0.008130	0.926829	0.000000	0.186992	0.105691
0.032520	0.073171	0.113821	0.097561	0.211382	0.300813	0.243902	0.186992	0.081301	0.211382	0.284553	0.186992	0.235772	0.634146	0.040650	0.934959	0.032520	0.943089	0.219512	0.788618
0.243902	0.195122	0.130081	0.089431	0.373984	0.268293	0.138211	0.154472	0.081301	0.146341	0.138211	0.186992	0.365854	0.138211	0.073171	0.000000	0.032520	0.024390	0.528455	0.048780

precursors_3_pos_pattern_28
0.153153	0.027027	0.018018	0.036036	0.036036	0.099099	0.126126	0.162162	0.108108	0.135135	0.468468	0.117117	0.063063	0.081081	0.198198
0.252252	0.891892	0.000000	0.855856	0.018018	0.603604	0.054054	0.477477	0.486486	0.396396	0.018018	0.108108	0.063063	0.027027	0.135135
0.423423	0.000000	0.963964	0.063063	0.918919	0.153153	0.711712	0.198198	0.144144	0.171171	0.252252	0.162162	0.072072	0.846847	0.099099
0.171171	0.081081	0.018018	0.045045	0.027027	0.144144	0.108108	0.162162	0.261261	0.297297	0.261261	0.612613	0.801802	0.045045	0.567568

precursors_3_pos_pattern_29
0.376238	0.089109	0.188119	0.336634	0.079208	0.029703	0.079208	0.079208	0.603960	0.554455	0.138614	0.128713	0.485149	0.584158	0.702970	0.059406	0.089109	0.039604	0.029703	0.019802	0.089109	0.801980	0.029703	0.702970	0.643564	0.267327	0.099010	0.227723
0.158416	0.633663	0.445545	0.069307	0.722772	0.722772	0.079208	0.108911	0.089109	0.099010	0.039604	0.039604	0.188119	0.059406	0.069307	0.851485	0.207921	0.009901	0.009901	0.049505	0.099010	0.059406	0.821782	0.079208	0.118812	0.089109	0.168317	0.465347
0.168317	0.099010	0.227723	0.168317	0.168317	0.128713	0.792079	0.732673	0.168317	0.168317	0.722772	0.277228	0.188119	0.277228	0.118812	0.039604	0.099010	0.930693	0.950495	0.118812	0.762376	0.059406	0.039604	0.108911	0.128713	0.118812	0.504950	0.168317
0.297030	0.178218	0.138614	0.425743	0.029703	0.118812	0.049505	0.079208	0.138614	0.178218	0.099010	0.554455	0.138614	0.079208	0.108911	0.049505	0.603960	0.019802	0.009901	0.811881	0.049505	0.079208	0.108911	0.108911	0.108911	0.524752	0.227723	0.138614

precursors_3_pos_pattern_3
0.267413	0.059183	0.072270	0.010324	0.015123	0.950705	0.010470	0.006107	0.002036	0.050022	0.071107	0.057438
0.317290	0.132471	0.478552	0.080849	0.058892	0.007852	0.012796	0.007852	0.001018	0.006107	0.411517	0.316417
0.068489	0.156318	0.199796	0.008434	0.860113	0.010906	0.006834	0.003344	0.995783	0.899956	0.037807	0.040861
0.346808	0.652029	0.249382	0.900393	0.065872	0.030537	0.969900	0.982696	0.001163	0.043914	0.479570	0.585284

precursors_3_pos_pattern_30
0.411111	0.566667	0.655556	0.022222	0.044444	0.066667	0.155556	0.322222	0.144444	0.233333	0.177778	0.344444	0.266667	0.266667	0.166667	0.366667	0.377778
0.166667	0.022222	0.055556	0.022222	0.044444	0.033333	0.088889	0.166667	0.333333	0.122222	0.300000	0.077778	0.133333	0.155556	0.144444	0.122222	0.055556
0.222222	0.100000	0.055556	0.022222	0.000000	0.022222	0.033333	0.033333	0.077778	0.200000	0.100000	0.088889	0.211111	0.177778	0.166667	0.166667	0.122222
0.200000	0.311111	0.233333	0.933333	0.911111	0.877778	0.722222	0.477778	0.444444	0.444444	0.422222	0.488889	0.388889	0.400000	0.522222	0.344444	0.444444

precursors_3_pos_pattern_31
0.494253	0.252874	0.356322	0.298851	0.241379	0.126437	0.114943	0.068966	0.114943	0.620690	0.816092	0.126437	0.022989	0.022989	0.195402	0.022989	0.275862	0.114943	0.114943	0.045977	0.011494	0.103448	0.068966	0.229885	0.643678	0.114943	0.195402
0.195402	0.620690	0.425287	0.080460	0.068966	0.045977	0.091954	0.057471	0.252874	0.080460	0.091954	0.045977	0.057471	0.011494	0.000000	0.919540	0.080460	0.057471	0.057471	0.045977	0.011494	0.034483	0.689655	0.068966	0.057471	0.126437	0.068966
0.195402	0.045977	0.057471	0.091954	0.057471	0.137931	0.149425	0.229885	0.034483	0.252874	0.034483	0.160920	0.091954	0.965517	0.758621	0.022989	0.103448	0.781609	0.804598	0.068966	0.896552	0.804598	0.022989	0.126437	0.183908	0.563218	0.574713
0.114943	0.080460	0.160920	0.528736	0.632184	0.689655	0.643678	0.643678	0.597701	0.045977	0.057471	0.666667	0.827586	0.000000	0.045977	0.034483	0.540230	0.045977	0.022989	0.839080	0.080460	0.057471	0.218391	0.574713	0.114943	0.195402	0.160920

precursors_3_pos_pattern_32
0.551282	0.525641	0.525641	0.641026	0.012821	0.025641	0.025641	0.064103	0.205128	0.128205	0.243590	0.217949	0.230769	0.333333	0.320513	0.192308	0.217949	0.230769
0.064103	0.141026	0.038462	0.038462	0.012821	0.025641	0.012821	0.115385	0.102564	0.128205	0.115385	0.192308	0.141026	0.230769	0.192308	0.128205	0.192308	0.051282
0.102564	0.128205	0.153846	0.141026	0.000000	0.012821	0.000000	0.012821	0.025641	0.115385	0.076923	0.179487	0.102564	0.076923	0.038462	0.076923	0.076923	0.076923
0.282051	0.205128	0.282051	0.179487	0.974359	0.935897	0.961538	0.807692	0.666667	0.628205	0.564103	0.410256	0.525641	0.358974	0.448718	0.602564	0.512821	0.641026

precursors_3_pos_pattern_33
0.057971	0.115942	0.014493	0.898551	0.072464	0.028986	0.028986
0.014493	0.782609	0.057971	0.043478	0.072464	0.028986	0.811594
0.000000	0.000000	0.000000	0.014493	0.014493	0.000000	0.043478
0.927536	0.101449	0.927536	0.043478	0.840580	0.942029	0.115942

precursors_3_pos_pattern_34
0.170213	0.085106	0.021277	0.000000	0.936170	0.000000	0.000000	0.212766	0.170213	0.297872	0.212766	0.085106	0.765957	0.021277	0.042553	0.297872	0.212766	0.319149	0.063830
0.361702	0.042553	0.063830	0.893617	0.021277	0.936170	0.000000	0.106383	0.000000	0.063830	0.127660	0.723404	0.127660	0.914894	0.042553	0.361702	0.148936	0.212766	0.255319
0.255319	0.829787	0.212766	0.085106	0.042553	0.000000	1.000000	0.085106	0.659574	0.638298	0.042553	0.063830	0.085106	0.000000	0.744681	0.021277	0.531915	0.170213	0.085106
0.212766	0.042553	0.702128	0.021277	0.000000	0.063830	0.000000	0.595745	0.170213	0.000000	0.617021	0.127660	0.021277	0.063830	0.170213	0.319149	0.106383	0.297872	0.595745

precursors_3_pos_pattern_35
0.052632	0.131579
0.026316	0.026316
0.842105	0.789474
0.078947	0.052632

precursors_3_pos_pattern_36
0.181818	0.090909	0.090909	0.363636	0.393939	0.030303	0.151515	0.000000	0.000000	0.030303	0.121212	0.515152	0.000000	0.000000	0.090909	0.000000	0.030303	0.242424	0.090909
0.242424	0.000000	0.121212	0.030303	0.303030	0.666667	0.181818	0.000000	0.000000	0.151515	0.545455	0.151515	0.424242	0.909091	0.000000	0.000000	0.121212	0.060606	0.272727
0.424242	0.515152	0.212121	0.303030	0.181818	0.060606	0.333333	0.969697	0.909091	0.060606	0.060606	0.060606	0.515152	0.090909	0.515152	0.848485	0.000000	0.484848	0.333333
0.151515	0.393939	0.575758	0.303030	0.121212	0.242424	0.333333	0.030303	0.090909	0.757576	0.272727	0.272727	0.060606	0.000000	0.393939	0.151515	0.848485	0.212121	0.303030

precursors_3_pos_pattern_37
0.000000	0.031250
0.000000	0.250000
0.062500	0.656250
0.937500	0.062500

precursors_3_pos_pattern_38
0.000000	0.033333	0.033333	0.033333	0.000000	0.000000	0.866667	0.000000	0.033333	0.833333
0.033333	0.833333	0.066667	0.866667	0.900000	0.033333	0.033333	0.000000	0.000000	0.066667
0.000000	0.100000	0.066667	0.000000	0.000000	0.100000	0.066667	0.033333	0.000000	0.066667
0.966667	0.033333	0.833333	0.100000	0.100000	0.866667	0.033333	0.966667	0.966667	0.033333

precursors_3_pos_pattern_4
0.174746	0.055655	0.037303	0.039298	0.025334	0.098544	0.073609
0.302414	0.846200	0.018951	0.863754	0.012966	0.297626	0.058648
0.366447	0.028526	0.923798	0.032316	0.941751	0.187313	0.798125
0.156393	0.069619	0.019948	0.064632	0.019948	0.416517	0.069619

precursors_3_pos_pattern_5
0.243937	0.244650	0.006895	0.011888	0.961959	0.000476	0.019258	0.016167	0.114836	0.897290	0.073229
0.229434	0.014979	0.021398	0.053257	0.004993	0.993343	0.004517	0.049929	0.819544	0.020209	0.279838
0.167618	0.726106	0.008321	0.869710	0.027104	0.000713	0.975511	0.012363	0.052782	0.049215	0.084879
0.359011	0.014265	0.963386	0.065145	0.005944	0.005468	0.000713	0.921541	0.012839	0.033286	0.562054

precursors_3_pos_pattern_6
0.247958	0.071470	0.097725	0.035881	0.028880	0.010502	0.004376	0.956243	0.012544	0.138273	0.018378	0.006709	0.033547	0.306301	0.567970	0.306009
0.110268	0.080513	0.748250	0.871645	0.004376	0.973162	0.987456	0.020128	0.021587	0.376021	0.020712	0.020128	0.038506	0.057760	0.093641	0.087223
0.517795	0.562427	0.087223	0.059218	0.959743	0.005251	0.002625	0.011085	0.008751	0.186989	0.011085	0.029755	0.801342	0.384189	0.069428	0.044341
0.123979	0.285589	0.066803	0.033256	0.007001	0.011085	0.005543	0.012544	0.957118	0.298716	0.949825	0.943407	0.126604	0.251750	0.268961	0.562427

precursors_3_pos_pattern_7
0.379471	0.012053	0.585537	0.021773	0.031493	0.059098	0.040824
0.162519	0.965397	0.074261	0.009331	0.045879	0.103421	0.020995
0.369751	0.008942	0.258165	0.923406	0.899300	0.137636	0.888802
0.088258	0.013608	0.082037	0.045490	0.023328	0.699844	0.049378

precursors_3_pos_pattern_8
0.182848	0.273463	0.022654	0.084682	0.007012	0.899137	0.006472	0.002157	0.029666	0.036138	0.028047	0.669903
0.358145	0.015642	0.956850	0.006472	0.983279	0.066343	0.004315	0.000539	0.886192	0.048004	0.744337	0.085761
0.111111	0.690939	0.011327	0.891586	0.003776	0.012945	0.015642	0.993528	0.024272	0.805825	0.017260	0.132686
0.347896	0.019957	0.009169	0.017260	0.005933	0.021575	0.973571	0.003776	0.059871	0.110032	0.210356	0.111650

precursors_3_pos_pattern_9
0.200350	0.551402	0.005257	0.234813	0.011682	0.032710	0.055491	0.031542
0.185164	0.153037	0.988318	0.676986	0.009346	0.872664	0.051986	0.016355
0.497079	0.130841	0.001168	0.036215	0.970210	0.051402	0.218458	0.922897
0.117407	0.164720	0.005257	0.051986	0.008762	0.043224	0.674065	0.029206

neuron_GATA_Islet_1_pos_pattern_0
0.313140	0.558163	0.291951	0.024175	0.979949	0.015501	0.987912	0.001706	0.013652	0.340728	0.653868	0.365757	0.146615	0.005119	0.018345	0.607224
0.266496	0.095137	0.586035	0.962173	0.005546	0.978100	0.002702	0.000853	0.025455	0.147327	0.059727	0.064846	0.817548	0.978953	0.960466	0.012514
0.143487	0.173919	0.098407	0.008817	0.008817	0.002133	0.005688	0.994312	0.954778	0.311718	0.069397	0.324232	0.002702	0.005262	0.002133	0.362912
0.276877	0.172782	0.023606	0.004835	0.005688	0.004266	0.003697	0.003129	0.006115	0.200228	0.217008	0.245165	0.033134	0.010666	0.019056	0.017349

neuron_GATA_Islet_1_pos_pattern_1
0.077358	0.645629	0.499754	0.002456	0.000737	0.986002	0.982809	0.003193	0.057711	0.882859	0.169450	0.671660
0.435167	0.043959	0.018664	0.988212	0.995334	0.002701	0.008350	0.003684	0.866896	0.010314	0.197200	0.146120
0.125000	0.287083	0.423379	0.000737	0.001228	0.004666	0.003929	0.001965	0.056238	0.100196	0.566798	0.141699
0.362475	0.023330	0.058202	0.008595	0.002701	0.006631	0.004912	0.991159	0.019155	0.006631	0.066552	0.040521

neuron_GATA_Islet_1_pos_pattern_10
0.122462	0.071382	0.079895	0.136870	0.668631	0.567125	0.293386	0.007204	0.102161	0.694826	0.033399	0.049116	0.481991	0.018991	0.005239	0.009823	0.025540	0.471513	0.560576
0.339882	0.788474	0.075311	0.750491	0.033399	0.081205	0.015717	0.001310	0.677145	0.151277	0.095612	0.340537	0.343157	0.126392	0.004584	0.007204	0.024231	0.081860	0.099542
0.280288	0.025540	0.817289	0.018991	0.215455	0.209561	0.234447	0.986902	0.144728	0.061559	0.024231	0.249509	0.094957	0.020956	0.976424	0.975769	0.859856	0.050426	0.183366
0.257367	0.114604	0.027505	0.093648	0.082515	0.142109	0.456451	0.004584	0.075966	0.092338	0.846758	0.360838	0.079895	0.833661	0.013752	0.007204	0.090373	0.396202	0.156516

neuron_GATA_Islet_1_pos_pattern_11
0.336005	0.162325	0.132265	0.149633	0.045424	0.016032	0.017368	0.028056	0.956580	0.006012
0.235137	0.098196	0.144957	0.027388	0.892452	0.002672	0.022044	0.097528	0.006012	0.975284
0.292585	0.117568	0.100868	0.778891	0.014696	0.971944	0.002004	0.850367	0.016032	0.002672
0.136273	0.621910	0.621910	0.044088	0.047428	0.009352	0.958584	0.024048	0.021376	0.016032

neuron_GATA_Islet_1_pos_pattern_12
0.190374	0.049198	0.057754	0.022460	0.087701	0.233155	0.182888	0.095187	0.111230	0.167914
0.290909	0.100535	0.833155	0.029947	0.775401	0.109091	0.427807	0.077005	0.724064	0.096257
0.144385	0.735829	0.042781	0.902674	0.075936	0.515508	0.174332	0.684492	0.078075	0.581818
0.374332	0.114439	0.066310	0.044920	0.060963	0.142246	0.214973	0.143316	0.086631	0.154011

neuron_GATA_Islet_1_pos_pattern_13
0.292398	0.060429	0.033138	0.777778	0.015595	0.060429	0.038986	0.025341	0.038986	0.021442	0.161793	0.506823	0.124756
0.152047	0.132554	0.009747	0.134503	0.027290	0.904483	0.898635	0.789474	0.001949	0.947368	0.009747	0.074074	0.076023
0.278752	0.037037	0.925926	0.019493	0.941520	0.019493	0.033138	0.019493	0.927875	0.009747	0.797271	0.329435	0.198830
0.276803	0.769981	0.031189	0.068226	0.015595	0.015595	0.029240	0.165692	0.031189	0.021442	0.031189	0.089669	0.600390

neuron_GATA_Islet_1_pos_pattern_14
0.227513	0.137566	0.021164	0.026455	0.023810	0.198413	0.074074	0.164021	0.140212	0.100529
0.248677	0.664021	0.902116	0.947090	0.955026	0.071429	0.761905	0.312169	0.309524	0.248677
0.216931	0.103175	0.044974	0.013228	0.005291	0.103175	0.089947	0.330688	0.410053	0.539683
0.306878	0.095238	0.031746	0.013228	0.015873	0.626984	0.074074	0.193122	0.140212	0.111111

neuron_GATA_Islet_1_pos_pattern_15
0.454545	0.897361	0.011730	0.099707	0.219941	0.020528	0.008798	1.000000	0.014663	0.885630
0.240469	0.017595	0.005865	0.011730	0.011730	0.008798	0.991202	0.000000	0.000000	0.002933
0.155425	0.026393	0.005865	0.008798	0.000000	0.964809	0.000000	0.000000	0.002933	0.041056
0.149560	0.058651	0.976540	0.879765	0.768328	0.005865	0.000000	0.000000	0.982405	0.070381

neuron_GATA_Islet_1_pos_pattern_16
0.312704	0.420195	0.368078	0.000000	0.993485	0.003257	0.006515	0.003257	0.000000
0.159609	0.058632	0.052117	0.996743	0.000000	0.013029	0.000000	0.006515	0.000000
0.156352	0.485342	0.514658	0.000000	0.000000	0.954397	0.993485	0.000000	0.996743
0.371336	0.035831	0.065147	0.003257	0.006515	0.029316	0.000000	0.990228	0.003257

neuron_GATA_Islet_1_pos_pattern_17
0.260684	0.158120	0.128205	0.136752	0.521368	0.192308	0.200855	0.089744	0.025641	0.119658	0.017094	0.025641	0.205128	0.158120	0.256410	0.111111	0.149573
0.260684	0.559829	0.606838	0.482906	0.111111	0.491453	0.465812	0.786325	0.961538	0.717949	0.974359	0.893162	0.401709	0.491453	0.059829	0.076923	0.158120
0.158120	0.128205	0.089744	0.111111	0.072650	0.145299	0.094017	0.034188	0.008547	0.081197	0.000000	0.021368	0.175214	0.183761	0.521368	0.705128	0.581197
0.320513	0.153846	0.175214	0.269231	0.294872	0.170940	0.239316	0.089744	0.004274	0.081197	0.008547	0.059829	0.217949	0.166667	0.162393	0.106838	0.111111

neuron_GATA_Islet_1_pos_pattern_18
0.194313	0.260664	0.232227	0.004739	0.981043	0.000000	0.004739	0.090047	0.000000
0.118483	0.061611	0.113744	0.990521	0.014218	0.004739	0.995261	0.014218	0.000000
0.417062	0.611374	0.308057	0.000000	0.000000	0.990521	0.000000	0.033175	0.995261
0.270142	0.066351	0.345972	0.004739	0.004739	0.004739	0.000000	0.862559	0.004739

neuron_GATA_Islet_1_pos_pattern_19
0.372549	0.583333	0.480392	0.500000	0.397059	0.088235	0.176471	0.352941	0.142157	0.053922	0.901961	0.004902	0.014706	0.000000	0.004902	0.024510	0.019608	0.132353	0.019608	0.181373	0.191176	0.147059
0.254902	0.088235	0.132353	0.034314	0.083333	0.392157	0.308824	0.102941	0.539216	0.779412	0.004902	0.009804	0.000000	1.000000	0.000000	0.014706	0.058824	0.799020	0.818627	0.053922	0.323529	0.049020
0.181373	0.161765	0.034314	0.083333	0.068627	0.220588	0.161765	0.480392	0.107843	0.024510	0.039216	0.980392	0.941176	0.000000	0.995098	0.004902	0.014706	0.029412	0.019608	0.024510	0.191176	0.715686
0.191176	0.166667	0.352941	0.382353	0.450980	0.299020	0.352941	0.063725	0.210784	0.142157	0.053922	0.004902	0.044118	0.000000	0.000000	0.955882	0.906863	0.039216	0.142157	0.740196	0.294118	0.088235

neuron_GATA_Islet_1_pos_pattern_2
0.221401	0.077176	0.069239	0.042693	0.015326	0.005747	0.002189	0.986864	0.008484	0.106459	0.036125	0.010673	0.032841	0.271210	0.518883	0.277230
0.128352	0.053640	0.839354	0.882321	0.003831	0.991516	0.995621	0.002463	0.002737	0.418172	0.010400	0.018610	0.023536	0.071429	0.111932	0.113574
0.539956	0.556103	0.032567	0.065134	0.963602	0.001368	0.001368	0.003284	0.002189	0.162835	0.018610	0.006021	0.800766	0.447181	0.072250	0.072797
0.110290	0.313082	0.058840	0.009852	0.017241	0.001368	0.000821	0.007389	0.986590	0.312534	0.934866	0.964696	0.142857	0.210181	0.296935	0.536398

neuron_GATA_Islet_1_pos_pattern_20
0.538922	0.119760	0.095808	0.329341	0.000000	0.000000	0.886228	0.023952	0.970060	0.023952	0.628743	0.263473	0.035928	0.029940	0.395210	0.455090	0.640719	0.215569
0.221557	0.107784	0.353293	0.155689	0.994012	1.000000	0.005988	0.011976	0.017964	0.000000	0.005988	0.011976	0.000000	0.011976	0.113772	0.173653	0.089820	0.041916
0.077844	0.161677	0.215569	0.239521	0.000000	0.000000	0.000000	0.005988	0.000000	0.000000	0.005988	0.029940	0.958084	0.940120	0.149701	0.173653	0.089820	0.161677
0.161677	0.610778	0.335329	0.275449	0.005988	0.000000	0.107784	0.958084	0.011976	0.976048	0.359281	0.694611	0.005988	0.017964	0.341317	0.197605	0.179641	0.580838

neuron_GATA_Islet_1_pos_pattern_21
0.253086	0.191358	0.179012	0.006173	0.024691	0.024691	0.018519	0.092593	0.043210	0.061728	0.074074	0.055556	0.104938	0.030864	0.067901	0.080247	0.166667
0.123457	0.055556	0.074074	0.000000	0.018519	0.018519	0.012346	0.012346	0.061728	0.037037	0.037037	0.074074	0.030864	0.024691	0.037037	0.098765	0.098765
0.203704	0.111111	0.049383	0.000000	0.000000	0.006173	0.012346	0.006173	0.018519	0.037037	0.043210	0.037037	0.012346	0.018519	0.055556	0.037037	0.086420
0.419753	0.641975	0.697531	0.993827	0.956790	0.950617	0.956790	0.888889	0.876543	0.864198	0.845679	0.833333	0.851852	0.925926	0.839506	0.783951	0.648148

neuron_GATA_Islet_1_pos_pattern_22
0.060150	0.736842	0.789474	0.052632	0.015038	0.007519	0.090226	0.037594	0.097744	0.037594	0.060150	0.097744	0.827068	0.022556	0.015038	0.090226	0.000000	0.751880	0.804511	0.090226	0.060150	0.864662	0.075188	0.082707	0.097744
0.067669	0.030075	0.030075	0.857143	0.887218	0.007519	0.864662	0.000000	0.819549	0.007519	0.007519	0.022556	0.060150	0.969925	0.007519	0.045113	0.007519	0.045113	0.052632	0.864662	0.067669	0.037594	0.037594	0.052632	0.766917
0.030075	0.135338	0.142857	0.045113	0.022556	0.962406	0.007519	0.947368	0.022556	0.932331	0.902256	0.097744	0.082707	0.007519	0.037594	0.834586	0.984962	0.142857	0.052632	0.037594	0.067669	0.075188	0.857143	0.112782	0.090226
0.842105	0.097744	0.037594	0.045113	0.075188	0.022556	0.037594	0.015038	0.060150	0.022556	0.030075	0.781955	0.030075	0.000000	0.939850	0.030075	0.007519	0.060150	0.090226	0.007519	0.804511	0.022556	0.030075	0.751880	0.045113

neuron_GATA_Islet_1_pos_pattern_23
0.101562	0.070312	0.523438	0.296875	0.265625	0.148438	0.164062	0.023438	0.265625	0.000000	0.320312	0.164062
0.515625	0.835938	0.039062	0.132812	0.265625	0.726562	0.632812	0.968750	0.078125	0.976562	0.289062	0.617188
0.101562	0.039062	0.312500	0.343750	0.226562	0.078125	0.078125	0.007812	0.125000	0.007812	0.125000	0.085938
0.281250	0.054688	0.125000	0.226562	0.242188	0.046875	0.125000	0.000000	0.531250	0.015625	0.265625	0.132812

neuron_GATA_Islet_1_pos_pattern_24
0.055118	0.086614	0.055118	0.047244	0.047244	0.070866	0.897638	0.086614	0.086614	0.000000	0.039370	0.062992	0.000000	0.007874	0.070866	0.007874	0.007874	0.000000	0.023622	0.055118	0.921260	0.889764	0.070866	0.086614	0.047244
0.094488	0.094488	0.669291	0.874016	0.858268	0.881890	0.039370	0.039370	0.015748	0.000000	0.165354	0.874016	0.039370	0.047244	0.858268	0.000000	0.007874	0.000000	0.015748	0.007874	0.023622	0.007874	0.062992	0.094488	0.110236
0.787402	0.133858	0.039370	0.031496	0.039370	0.015748	0.015748	0.811024	0.818898	1.000000	0.078740	0.023622	0.023622	0.023622	0.023622	0.007874	0.960630	1.000000	0.960630	0.007874	0.039370	0.086614	0.078740	0.062992	0.055118
0.062992	0.685039	0.236220	0.047244	0.055118	0.031496	0.047244	0.062992	0.078740	0.000000	0.716535	0.039370	0.937008	0.921260	0.047244	0.984252	0.023622	0.000000	0.000000	0.929134	0.015748	0.015748	0.787402	0.755906	0.787402

neuron_GATA_Islet_1_pos_pattern_25
0.349593	0.056911	0.065041	0.016260	0.105691	0.024390	0.000000	0.105691	0.130081	0.577236	0.056911	0.073171	0.804878	0.463415	0.138211
0.121951	0.000000	0.869919	0.878049	0.032520	0.398374	0.000000	0.105691	0.130081	0.121951	0.861789	0.569106	0.032520	0.178862	0.040650
0.357724	0.902439	0.016260	0.056911	0.016260	0.520325	1.000000	0.048780	0.048780	0.121951	0.016260	0.048780	0.073171	0.113821	0.682927
0.170732	0.040650	0.048780	0.048780	0.845528	0.056911	0.000000	0.739837	0.691057	0.178862	0.065041	0.308943	0.089431	0.243902	0.138211

neuron_GATA_Islet_1_pos_pattern_26
0.400000	0.038095	0.057143	0.419048	0.028571	0.790476	0.057143	0.066667	0.000000	0.523810	0.009524	0.019048	0.600000	0.009524	0.009524	0.076190	0.066667	0.009524	0.076190	0.933333	0.380952	0.238095	0.095238	0.114286
0.371429	0.885714	0.028571	0.104762	0.028571	0.000000	0.019048	0.009524	0.000000	0.114286	0.980952	0.009524	0.038095	0.000000	0.000000	0.323810	0.514286	0.933333	0.647619	0.009524	0.038095	0.028571	0.066667	0.657143
0.123810	0.019048	0.895238	0.057143	0.580952	0.180952	0.885714	0.895238	0.990476	0.323810	0.000000	0.009524	0.028571	0.990476	0.961905	0.504762	0.019048	0.019048	0.009524	0.038095	0.219048	0.371429	0.361905	0.047619
0.104762	0.057143	0.019048	0.419048	0.361905	0.028571	0.038095	0.028571	0.009524	0.038095	0.009524	0.961905	0.333333	0.000000	0.028571	0.095238	0.400000	0.038095	0.266667	0.019048	0.361905	0.361905	0.476190	0.180952

neuron_GATA_Islet_1_pos_pattern_27
0.357895	0.547368	0.421053	0.536842	0.473684	0.242105	0.000000	0.000000	0.010526	0.000000	0.031579	0.042105	0.084211	0.221053	0.189474	0.421053	0.252632	0.252632	0.189474
0.084211	0.084211	0.105263	0.136842	0.063158	0.021053	0.000000	0.000000	0.000000	0.010526	0.000000	0.094737	0.084211	0.200000	0.221053	0.157895	0.178947	0.231579	0.115789
0.084211	0.084211	0.126316	0.147368	0.115789	0.031579	0.000000	0.000000	0.000000	0.000000	0.000000	0.010526	0.021053	0.042105	0.105263	0.115789	0.105263	0.052632	0.105263
0.473684	0.284211	0.347368	0.178947	0.347368	0.705263	1.000000	1.000000	0.989474	0.989474	0.968421	0.852632	0.810526	0.536842	0.484211	0.305263	0.463158	0.463158	0.589474

neuron_GATA_Islet_1_pos_pattern_28
0.265823	0.151899	0.594937	0.075949	0.556962
0.367089	0.151899	0.139241	0.050633	0.164557
0.164557	0.113924	0.151899	0.835443	0.101266
0.202532	0.582278	0.113924	0.037975	0.177215

neuron_GATA_Islet_1_pos_pattern_29
0.173333	0.200000	0.186667	0.480000	0.306667	0.093333	0.093333	0.480000	0.026667	0.026667	0.000000	0.946667	0.600000	0.000000	0.040000	0.933333	0.346667	0.146667	0.173333	0.453333	0.200000	0.240000	0.173333
0.226667	0.546667	0.480000	0.253333	0.106667	0.533333	0.746667	0.013333	0.000000	0.480000	0.973333	0.000000	0.026667	0.040000	0.880000	0.000000	0.106667	0.333333	0.560000	0.093333	0.320000	0.333333	0.573333
0.440000	0.160000	0.066667	0.080000	0.520000	0.173333	0.026667	0.066667	0.960000	0.013333	0.000000	0.013333	0.360000	0.000000	0.026667	0.053333	0.453333	0.173333	0.066667	0.186667	0.333333	0.266667	0.133333
0.160000	0.093333	0.266667	0.186667	0.066667	0.200000	0.133333	0.440000	0.013333	0.480000	0.026667	0.040000	0.013333	0.960000	0.053333	0.013333	0.093333	0.346667	0.200000	0.266667	0.146667	0.160000	0.120000

neuron_GATA_Islet_1_pos_pattern_3
0.241357	0.169628	0.102100	0.100808	0.300162	0.085299	0.073990	0.055250	0.052666	0.174475	0.025525	0.056866	0.107270	0.145073
0.420032	0.600000	0.658805	0.643619	0.275283	0.780291	0.809047	0.880452	0.827464	0.126010	0.912763	0.844911	0.743457	0.589015
0.106300	0.097254	0.081422	0.084653	0.084330	0.048465	0.035218	0.023910	0.042326	0.072375	0.026817	0.036187	0.044265	0.068174
0.232310	0.133118	0.157674	0.170921	0.340226	0.085945	0.081745	0.040388	0.077544	0.627141	0.034895	0.062036	0.105008	0.197738

neuron_GATA_Islet_1_pos_pattern_30
0.328571	0.542857	0.328571	0.000000	0.014286	0.014286	0.014286	0.042857	0.114286	0.242857	0.300000	0.214286	0.271429	0.257143	0.514286	0.685714	0.842857	0.585714	0.528571
0.128571	0.057143	0.100000	0.057143	0.000000	0.014286	0.028571	0.028571	0.085714	0.071429	0.142857	0.228571	0.100000	0.142857	0.028571	0.071429	0.000000	0.000000	0.071429
0.242857	0.200000	0.000000	0.014286	0.000000	0.000000	0.000000	0.000000	0.057143	0.057143	0.185714	0.142857	0.157143	0.128571	0.071429	0.042857	0.014286	0.114286	0.085714
0.300000	0.200000	0.571429	0.928571	0.985714	0.971429	0.957143	0.928571	0.742857	0.628571	0.371429	0.414286	0.471429	0.471429	0.385714	0.200000	0.142857	0.300000	0.314286

neuron_GATA_Islet_1_pos_pattern_31
0.405797	0.565217	0.782609	0.971014	0.739130	0.000000	0.014493	0.014493	0.072464	0.217391	0.130435	0.202899	0.289855	0.217391	0.318841	0.362319	0.565217	0.362319	0.275362	0.188406
0.101449	0.115942	0.072464	0.000000	0.000000	0.014493	0.014493	0.014493	0.014493	0.072464	0.159420	0.144928	0.101449	0.115942	0.115942	0.072464	0.028986	0.057971	0.144928	0.086957
0.231884	0.130435	0.043478	0.014493	0.057971	0.000000	0.028986	0.000000	0.057971	0.057971	0.188406	0.144928	0.130435	0.101449	0.043478	0.130435	0.000000	0.115942	0.101449	0.101449
0.260870	0.188406	0.101449	0.014493	0.202899	0.985507	0.942029	0.971014	0.855072	0.652174	0.521739	0.507246	0.478261	0.565217	0.521739	0.434783	0.405797	0.463768	0.478261	0.623188

neuron_GATA_Islet_1_pos_pattern_32
0.466667	0.233333	0.216667	0.633333	0.166667	0.033333	0.166667	0.016667	0.000000	0.000000	0.200000	0.616667	0.866667	0.000000	0.016667	0.966667	0.050000	0.083333	0.233333	0.183333
0.166667	0.033333	0.083333	0.133333	0.150000	0.883333	0.700000	0.016667	0.000000	0.000000	0.016667	0.000000	0.066667	1.000000	0.083333	0.000000	0.000000	0.033333	0.550000	0.150000
0.283333	0.683333	0.233333	0.116667	0.666667	0.050000	0.066667	0.016667	0.983333	1.000000	0.550000	0.383333	0.016667	0.000000	0.883333	0.016667	0.916667	0.750000	0.033333	0.050000
0.083333	0.050000	0.466667	0.116667	0.016667	0.033333	0.066667	0.950000	0.016667	0.000000	0.233333	0.000000	0.050000	0.000000	0.016667	0.016667	0.033333	0.133333	0.183333	0.616667

neuron_GATA_Islet_1_pos_pattern_33
0.310345	0.603448	0.568966	0.034483	0.034483	0.017241	0.086207	0.120690	0.448276	0.224138	0.293103	0.310345	0.224138	0.051724	0.000000	0.017241	0.155172	0.103448	0.310345	0.224138	0.431034	0.275862	0.413793	0.241379
0.155172	0.034483	0.034483	0.034483	0.000000	0.017241	0.051724	0.155172	0.172414	0.172414	0.189655	0.068966	0.017241	0.000000	0.034483	0.000000	0.068966	0.086207	0.120690	0.224138	0.155172	0.189655	0.172414	0.189655
0.224138	0.155172	0.017241	0.017241	0.017241	0.000000	0.068966	0.103448	0.172414	0.275862	0.155172	0.103448	0.000000	0.000000	0.000000	0.000000	0.034483	0.120690	0.206897	0.172414	0.137931	0.224138	0.137931	0.224138
0.310345	0.206897	0.379310	0.913793	0.948276	0.965517	0.793103	0.620690	0.206897	0.327586	0.362069	0.517241	0.758621	0.948276	0.965517	0.982759	0.741379	0.689655	0.362069	0.379310	0.275862	0.310345	0.275862	0.344828

neuron_GATA_Islet_1_pos_pattern_34
0.740000	0.420000	0.380000	0.420000	0.580000	0.080000	0.060000	0.000000	0.000000	0.000000	0.020000	0.980000	0.040000	0.060000	0.140000	0.020000	0.340000	0.440000	0.420000	0.500000	0.080000	0.400000	0.380000	0.920000	0.400000	0.420000
0.060000	0.100000	0.080000	0.080000	0.240000	0.000000	0.740000	0.980000	0.000000	0.980000	0.980000	0.000000	0.000000	0.040000	0.040000	0.780000	0.060000	0.040000	0.040000	0.020000	0.820000	0.540000	0.100000	0.040000	0.120000	0.100000
0.060000	0.060000	0.020000	0.000000	0.020000	0.920000	0.060000	0.000000	1.000000	0.000000	0.000000	0.000000	0.020000	0.000000	0.020000	0.020000	0.560000	0.500000	0.440000	0.420000	0.020000	0.040000	0.500000	0.020000	0.440000	0.080000
0.140000	0.420000	0.520000	0.500000	0.160000	0.000000	0.140000	0.020000	0.000000	0.020000	0.000000	0.020000	0.940000	0.900000	0.800000	0.180000	0.040000	0.020000	0.100000	0.060000	0.080000	0.020000	0.020000	0.020000	0.040000	0.400000

neuron_GATA_Islet_1_pos_pattern_35
0.902439	0.073171
0.024390	0.073171
0.024390	0.048780
0.048780	0.804878

neuron_GATA_Islet_1_pos_pattern_36
0.121212	0.151515	0.606061	0.030303	0.969697	0.000000	0.969697	0.000000	0.000000	1.000000	1.000000	0.000000	0.000000	1.000000	0.000000	0.090909	0.151515	0.848485	0.090909	0.030303
0.454545	0.606061	0.060606	0.060606	0.000000	0.696970	0.000000	0.090909	0.030303	0.000000	0.000000	0.000000	0.000000	0.000000	0.666667	0.575758	0.030303	0.060606	0.484848	0.909091
0.151515	0.212121	0.060606	0.030303	0.000000	0.000000	0.000000	0.000000	0.969697	0.000000	0.000000	1.000000	0.030303	0.000000	0.030303	0.030303	0.121212	0.030303	0.303030	0.030303
0.272727	0.030303	0.272727	0.878788	0.030303	0.303030	0.030303	0.909091	0.000000	0.000000	0.000000	0.000000	0.969697	0.000000	0.303030	0.303030	0.696970	0.060606	0.121212	0.030303

neuron_GATA_Islet_1_pos_pattern_37
0.038462	0.000000	0.038462	0.000000	0.884615	0.000000	1.000000	0.076923	0.038462	0.000000	1.000000	0.000000	1.000000	0.000000	0.000000	1.000000	0.961538	0.038462	0.000000	0.000000	0.000000	0.000000	0.961538	0.961538	0.038462	0.076923	0.115385	0.730769	0.615385
0.000000	0.576923	0.000000	0.000000	0.000000	0.923077	0.000000	0.000000	0.961538	1.000000	0.000000	1.000000	0.000000	0.000000	0.000000	0.000000	0.000000	0.192308	1.000000	1.000000	0.000000	0.000000	0.000000	0.000000	0.038462	0.846154	0.115385	0.038462	0.038462
0.961538	0.115385	0.961538	1.000000	0.038462	0.000000	0.000000	0.038462	0.000000	0.000000	0.000000	0.000000	0.000000	1.000000	1.000000	0.000000	0.038462	0.000000	0.000000	0.000000	0.000000	1.000000	0.000000	0.000000	0.923077	0.038462	0.769231	0.192308	0.346154
0.000000	0.307692	0.000000	0.000000	0.076923	0.076923	0.000000	0.884615	0.000000	0.000000	0.000000	0.000000	0.000000	0.000000	0.000000	0.000000	0.000000	0.769231	0.000000	0.000000	1.000000	0.000000	0.038462	0.038462	0.000000	0.038462	0.000000	0.038462	0.000000

neuron_GATA_Islet_1_pos_pattern_38
0.153846	0.653846	0.076923	0.846154	0.153846	0.692308	0.192308	0.692308	0.038462	0.769231	0.115385	0.653846	0.153846	0.769231	0.000000	0.884615	0.076923	0.730769	0.115385	0.846154	0.038462	0.884615	0.076923	0.807692	0.115385	0.769231	0.153846	0.807692	0.076923
0.038462	0.000000	0.038462	0.038462	0.038462	0.000000	0.000000	0.038462	0.038462	0.038462	0.000000	0.000000	0.038462	0.000000	0.000000	0.038462	0.038462	0.038462	0.038462	0.000000	0.000000	0.000000	0.000000	0.000000	0.038462	0.000000	0.000000	0.000000	0.038462
0.000000	0.000000	0.038462	0.000000	0.038462	0.038462	0.038462	0.000000	0.000000	0.000000	0.000000	0.000000	0.000000	0.038462	0.000000	0.000000	0.000000	0.000000	0.000000	0.038462	0.038462	0.000000	0.000000	0.000000	0.000000	0.000000	0.000000	0.038462	0.000000
0.807692	0.346154	0.846154	0.115385	0.769231	0.269231	0.769231	0.269231	0.923077	0.192308	0.884615	0.346154	0.807692	0.192308	1.000000	0.076923	0.884615	0.230769	0.846154	0.115385	0.923077	0.115385	0.923077	0.192308	0.846154	0.230769	0.846154	0.153846	0.884615

neuron_GATA_Islet_1_pos_pattern_39
0.000000	0.000000	0.000000	0.040000	1.000000	0.000000	0.000000	0.000000	0.000000	0.000000	0.000000	0.000000	1.000000	1.000000	0.000000	0.000000	1.000000	0.960000	0.920000	0.040000	0.000000	0.080000	0.040000	0.880000	0.000000	0.000000	0.000000	0.040000
0.000000	0.080000	0.000000	0.880000	0.000000	0.000000	0.000000	0.040000	0.000000	0.960000	1.000000	1.000000	0.000000	0.000000	0.000000	1.000000	0.000000	0.040000	0.000000	0.000000	0.080000	0.000000	0.920000	0.000000	0.040000	0.960000	0.000000	0.000000
0.960000	0.040000	0.000000	0.000000	0.000000	0.000000	0.000000	0.000000	1.000000	0.040000	0.000000	0.000000	0.000000	0.000000	0.000000	0.000000	0.000000	0.000000	0.080000	0.000000	0.000000	0.880000	0.040000	0.120000	0.960000	0.040000	0.040000	0.000000
0.040000	0.880000	1.000000	0.080000	0.000000	1.000000	1.000000	0.960000	0.000000	0.000000	0.000000	0.000000	0.000000	0.000000	1.000000	0.000000	0.000000	0.000000	0.000000	0.960000	0.920000	0.040000	0.000000	0.000000	0.000000	0.000000	0.960000	0.960000

neuron_GATA_Islet_1_pos_pattern_4
0.183093	0.242987	0.131539	0.108415	0.025019	0.872252	0.002654	0.000758	0.009856	0.007202	0.182714
0.186505	0.042456	0.078089	0.203942	0.946171	0.045110	0.007582	0.993177	0.003033	0.006823	0.171721
0.205080	0.532980	0.660349	0.046626	0.007582	0.028431	0.985216	0.000758	0.979151	0.979909	0.076194
0.425322	0.181577	0.130023	0.641016	0.021228	0.054208	0.004549	0.005307	0.007961	0.006065	0.569371

neuron_GATA_Islet_1_pos_pattern_40
0.863636	0.136364
0.090909	0.363636
0.000000	0.500000
0.045455	0.000000

neuron_GATA_Islet_1_pos_pattern_41
0.090909	0.090909
0.000000	0.181818
0.045455	0.727273
0.863636	0.000000

neuron_GATA_Islet_1_pos_pattern_5
0.324155	0.246558	0.361285	0.288277	0.419274	0.065499	0.541510	0.016270	0.014602	0.049228	0.017105	0.100960	0.295786	0.422194	0.053400	0.372966	0.657906
0.236546	0.073842	0.035461	0.040050	0.027952	0.042553	0.353358	0.947434	0.012516	0.011264	0.004172	0.045056	0.188569	0.436379	0.591156	0.107217	0.047559
0.218189	0.558198	0.511473	0.581560	0.529412	0.872340	0.029203	0.010013	0.003755	0.926158	0.970797	0.683354	0.276179	0.055903	0.191072	0.265749	0.247393
0.221110	0.121402	0.091781	0.090113	0.023363	0.019608	0.075928	0.026283	0.969128	0.013350	0.007927	0.170630	0.239466	0.085524	0.164372	0.254068	0.047142

neuron_GATA_Islet_1_pos_pattern_6
0.239944	0.130028	0.077643	0.032273	0.016838	0.002806	0.949953	0.021983	0.011225	0.015435	0.023386	0.019177
0.282039	0.075304	0.004677	0.953695	0.001403	0.984565	0.017306	0.025257	0.006080	0.919083	0.043031	0.643124
0.221703	0.047708	0.912535	0.007484	0.974743	0.005145	0.012161	0.026193	0.976146	0.004677	0.795136	0.016370
0.256314	0.746960	0.005145	0.006548	0.007016	0.007484	0.020580	0.926567	0.006548	0.060804	0.138447	0.321328

neuron_GATA_Islet_1_pos_pattern_7
0.377789	0.650967	0.063956	0.029747	0.000000	0.019831	0.918691	0.819038	0.244918	0.072385
0.185920	0.075359	0.768468	0.962816	0.000992	0.000992	0.021319	0.018344	0.047100	0.236490
0.208726	0.123451	0.087258	0.002479	0.998017	0.975706	0.014378	0.046108	0.683193	0.052058
0.227566	0.150223	0.080317	0.004958	0.000992	0.003471	0.045612	0.116510	0.024789	0.639068

neuron_GATA_Islet_1_pos_pattern_8
0.293348	0.142312	0.034896	0.003817	0.990731	0.004362	0.019084	0.011996	0.013086	0.707743	0.037623
0.101963	0.021265	0.041439	0.994002	0.002181	0.982552	0.003272	0.009269	0.002181	0.064885	0.338604
0.332061	0.830971	0.021265	0.001636	0.002726	0.001091	0.975463	0.003272	0.980371	0.160851	0.058342
0.272628	0.005453	0.902399	0.000545	0.004362	0.011996	0.002181	0.975463	0.004362	0.066521	0.565431

neuron_GATA_Islet_1_pos_pattern_9
0.220206	0.534180	0.027828	0.015729	0.961887	0.000605	0.000605	0.006655	0.047792	0.986086	0.033273
0.215971	0.088929	0.038113	0.028433	0.001815	0.987901	0.000605	0.000605	0.922565	0.000605	0.596491
0.251664	0.324864	0.010284	0.816697	0.018754	0.001210	0.998790	0.003630	0.019359	0.007260	0.026618
0.312160	0.052027	0.923775	0.139141	0.017544	0.010284	0.000000	0.989111	0.010284	0.006050	0.343618

neuron_Pou4_FoxL2_2_pos_pattern_0
0.533467	0.284064	0.054000	0.966470	0.022228	0.955921	0.006028	0.018084	0.287329	0.613588	0.338440	0.143790	0.011302	0.031395	0.600904
0.097325	0.579430	0.923019	0.009544	0.961070	0.009544	0.003893	0.016828	0.140525	0.068567	0.079493	0.809871	0.971493	0.927917	0.040186
0.167650	0.096195	0.013437	0.017205	0.006907	0.021600	0.977521	0.957805	0.302775	0.085395	0.334422	0.005149	0.005400	0.010172	0.323371
0.201557	0.040311	0.009544	0.006781	0.009795	0.012935	0.012558	0.007284	0.269371	0.232450	0.247645	0.041191	0.011805	0.030516	0.035539

neuron_Pou4_FoxL2_2_pos_pattern_1
0.264411	0.047463	0.085778	0.006559	0.028478	0.976527	0.002071	0.006213	0.001036	0.003107	0.062824	0.024163
0.350708	0.130652	0.493959	0.092337	0.062996	0.002244	0.001553	0.001553	0.002589	0.000518	0.417846	0.299793
0.045737	0.134449	0.200897	0.014498	0.844839	0.010356	0.001899	0.001553	0.995858	0.994304	0.025716	0.041077
0.339144	0.687435	0.219365	0.886607	0.063687	0.010873	0.994477	0.990680	0.000518	0.002071	0.493614	0.634967

neuron_Pou4_FoxL2_2_pos_pattern_10
0.332839	0.570052	0.108228	0.106004	0.854707	0.030393	0.074870	0.180133	0.096368	0.051890
0.181616	0.083024	0.704967	0.834692	0.081542	0.939956	0.901408	0.181616	0.031134	0.559674
0.243143	0.261675	0.107487	0.005930	0.037064	0.020756	0.014085	0.074129	0.802076	0.057079
0.242402	0.085248	0.079318	0.053373	0.026686	0.008895	0.009637	0.564122	0.070423	0.331357

neuron_Pou4_FoxL2_2_pos_pattern_11
0.160512	0.764883	0.000000	0.230595	0.892992	0.969857	0.093444	0.694047	0.855313	0.024115	0.044461	0.339111	0.984175	0.149962
0.409194	0.048229	0.000000	0.106255	0.086662	0.006782	0.014318	0.048229	0.001507	0.003768	0.005275	0.276564	0.003014	0.113037
0.182366	0.112283	0.000000	0.388093	0.001507	0.000754	0.000754	0.044461	0.007536	0.006029	0.089676	0.135644	0.012057	0.110776
0.247928	0.074604	1.000000	0.275057	0.018839	0.022607	0.891485	0.213263	0.135644	0.966089	0.860588	0.248681	0.000754	0.626225

neuron_Pou4_FoxL2_2_pos_pattern_12
0.195526	0.108534	0.140017	0.007457	0.013256	0.004143	0.018227	0.985915	0.002486
0.102734	0.286661	0.017399	0.944490	0.000000	0.001657	0.091964	0.003314	0.968517
0.175642	0.053024	0.816073	0.004143	0.986744	0.001657	0.882353	0.007457	0.000829
0.526098	0.551781	0.026512	0.043911	0.000000	0.992543	0.007457	0.003314	0.028169

neuron_Pou4_FoxL2_2_pos_pattern_13
0.201379	0.147586	0.114483	0.068966	0.259310	0.062069	0.017931	0.016552	0.031724	0.086897
0.150345	0.580690	0.088276	0.842759	0.193103	0.678621	0.031724	0.946207	0.016552	0.691034
0.441379	0.108966	0.655172	0.031724	0.449655	0.088276	0.913103	0.005517	0.920000	0.157241
0.206897	0.162759	0.142069	0.056552	0.097931	0.171034	0.037241	0.031724	0.031724	0.064828

neuron_Pou4_FoxL2_2_pos_pattern_14
0.536842	0.865263	0.945263	0.985263	0.987368	0.985263	0.934737	0.871579	0.810526	0.730526	0.663158	0.661053	0.648421	0.747368	0.770526	0.724211	0.644211	0.560000
0.086316	0.004211	0.004211	0.004211	0.010526	0.002105	0.000000	0.018947	0.023158	0.052632	0.058947	0.077895	0.063158	0.052632	0.052632	0.054737	0.082105	0.071579
0.202105	0.067368	0.021053	0.008421	0.002105	0.000000	0.000000	0.021053	0.046316	0.080000	0.080000	0.103158	0.128421	0.077895	0.063158	0.058947	0.077895	0.075789
0.174737	0.063158	0.029474	0.002105	0.000000	0.012632	0.065263	0.088421	0.120000	0.136842	0.197895	0.157895	0.160000	0.122105	0.113684	0.162105	0.195789	0.292632

neuron_Pou4_FoxL2_2_pos_pattern_15
0.272059	0.198529	0.073529	0.084559	0.790441	0.205882	0.180147	0.095588	0.172794	0.319853	0.047794	0.143382	0.172794	0.069853
0.279412	0.669118	0.849265	0.764706	0.018382	0.272059	0.386029	0.805147	0.661765	0.503676	0.871324	0.643382	0.209559	0.636029
0.165441	0.047794	0.029412	0.033088	0.066176	0.419118	0.143382	0.073529	0.077206	0.084559	0.033088	0.058824	0.389706	0.202206
0.283088	0.084559	0.047794	0.117647	0.125000	0.102941	0.290441	0.025735	0.088235	0.091912	0.047794	0.154412	0.227941	0.091912

neuron_Pou4_FoxL2_2_pos_pattern_16
0.391791	0.044776	0.664179	0.406716	0.022388	0.787313	0.425373	0.085821	0.279851	0.305970	0.455224	0.167910
0.171642	0.873134	0.104478	0.410448	0.906716	0.041045	0.384328	0.850746	0.574627	0.388060	0.138060	0.608209
0.164179	0.022388	0.126866	0.123134	0.044776	0.041045	0.126866	0.033582	0.055970	0.138060	0.238806	0.085821
0.272388	0.059701	0.104478	0.059701	0.026119	0.130597	0.063433	0.029851	0.089552	0.167910	0.167910	0.138060

neuron_Pou4_FoxL2_2_pos_pattern_17
0.397849	0.564516	0.026882	0.026882	0.026882	0.225806	0.069892	0.543011	0.311828	0.408602	0.016129	0.440860	0.016129	0.016129	0.333333	0.026882	0.069892	0.516129	0.349462	0.118280	0.645161	0.559140	0.145161	0.607527	0.532258	0.172043
0.080645	0.043011	0.892473	0.924731	0.000000	0.693548	0.000000	0.037634	0.016129	0.005376	0.000000	0.500000	0.962366	0.000000	0.026882	0.016129	0.000000	0.209677	0.478495	0.091398	0.032258	0.069892	0.188172	0.080645	0.198925	0.107527
0.456989	0.150538	0.043011	0.010753	0.973118	0.037634	0.870968	0.172043	0.655914	0.569892	0.983871	0.032258	0.005376	0.000000	0.618280	0.956989	0.865591	0.118280	0.102151	0.069892	0.123656	0.333333	0.177419	0.161290	0.118280	0.215054
0.064516	0.241935	0.037634	0.037634	0.000000	0.043011	0.059140	0.247312	0.016129	0.016129	0.000000	0.026882	0.016129	0.983871	0.021505	0.000000	0.064516	0.155914	0.069892	0.720430	0.198925	0.037634	0.489247	0.150538	0.150538	0.505376

neuron_Pou4_FoxL2_2_pos_pattern_18
0.351515	0.090909	0.066667	0.484848	0.393939	0.284848	0.157576	0.193939	0.030303	0.030303	0.412121	0.230303	0.139394	0.060606	0.151515	0.266667	0.145455	0.163636
0.345455	0.642424	0.818182	0.333333	0.187879	0.078788	0.418182	0.636364	0.909091	0.951515	0.175758	0.618182	0.448485	0.793939	0.230303	0.296970	0.521212	0.624242
0.127273	0.127273	0.054545	0.096970	0.303030	0.406061	0.133333	0.096970	0.018182	0.012121	0.115152	0.072727	0.121212	0.048485	0.472727	0.230303	0.145455	0.115152
0.175758	0.139394	0.060606	0.084848	0.115152	0.230303	0.290909	0.072727	0.042424	0.006061	0.296970	0.078788	0.290909	0.096970	0.145455	0.206061	0.187879	0.096970

neuron_Pou4_FoxL2_2_pos_pattern_19
0.081081	0.063063	0.072072	0.783784	0.864865	0.027027	0.009009	0.027027	0.081081	0.018018	0.054054	0.036036	0.054054	0.054054	0.846847	0.000000	0.000000	0.000000	0.027027	0.801802	0.918919	0.018018	0.027027	0.891892	0.090090	0.054054	0.081081	0.072072	0.090090
0.063063	0.063063	0.081081	0.027027	0.000000	0.909910	0.963964	0.009009	0.837838	0.009009	0.837838	0.000000	0.009009	0.009009	0.081081	1.000000	0.018018	0.009009	0.000000	0.063063	0.009009	0.963964	0.054054	0.009009	0.036036	0.063063	0.756757	0.054054	0.036036
0.090090	0.063063	0.018018	0.108108	0.081081	0.027027	0.018018	0.945946	0.027027	0.945946	0.054054	0.945946	0.927928	0.126126	0.054054	0.000000	0.000000	0.972973	0.963964	0.090090	0.036036	0.009009	0.063063	0.018018	0.873874	0.099099	0.090090	0.036036	0.054054
0.765766	0.810811	0.828829	0.081081	0.054054	0.036036	0.009009	0.018018	0.054054	0.027027	0.054054	0.018018	0.009009	0.810811	0.018018	0.000000	0.981982	0.018018	0.009009	0.045045	0.036036	0.009009	0.855856	0.081081	0.000000	0.783784	0.072072	0.837838	0.819820

neuron_Pou4_FoxL2_2_pos_pattern_2
0.427928	0.735923	0.003941	0.018581	0.111205	0.012950	0.310811	0.212838	0.535755
0.127252	0.151182	0.990428	0.969313	0.003660	0.950732	0.037444	0.073761	0.070383
0.278153	0.060248	0.003378	0.001971	0.882038	0.025338	0.123874	0.601351	0.255912
0.166667	0.052646	0.002252	0.010135	0.003097	0.010980	0.527872	0.112050	0.137950

neuron_Pou4_FoxL2_2_pos_pattern_20
0.075472	0.132075	0.056604	0.000000	0.094340	0.660377	0.056604	0.716981	0.000000	0.056604	0.037736	0.037736	0.075472	0.056604	0.000000	0.000000	0.000000	0.113208	0.056604	0.207547	0.075472	0.867925	0.924528
0.018868	0.113208	0.716981	1.000000	0.018868	0.056604	0.075472	0.169811	0.018868	0.000000	0.000000	0.000000	0.849057	0.283019	0.000000	0.075472	0.000000	0.056604	0.735849	0.773585	0.849057	0.056604	0.037736
0.867925	0.679245	0.169811	0.000000	0.886792	0.226415	0.641509	0.056604	0.962264	0.924528	0.962264	0.962264	0.018868	0.000000	0.000000	0.886792	1.000000	0.811321	0.056604	0.018868	0.018868	0.018868	0.000000
0.037736	0.075472	0.056604	0.000000	0.000000	0.056604	0.226415	0.056604	0.018868	0.018868	0.000000	0.000000	0.056604	0.660377	1.000000	0.037736	0.000000	0.018868	0.150943	0.000000	0.056604	0.056604	0.037736

neuron_Pou4_FoxL2_2_pos_pattern_21
0.071429	0.119048	0.095238	0.142857
0.095238	0.095238	0.095238	0.690476
0.047619	0.047619	0.023810	0.023810
0.785714	0.738095	0.785714	0.142857

neuron_Pou4_FoxL2_2_pos_pattern_22
0.894737	0.789474	0.078947	0.815789	0.026316	0.026316
0.000000	0.026316	0.078947	0.131579	0.868421	0.736842
0.052632	0.052632	0.052632	0.052632	0.026316	0.000000
0.052632	0.131579	0.789474	0.000000	0.078947	0.236842

neuron_Pou4_FoxL2_2_pos_pattern_3
0.223156	0.057706	0.064280	0.037984	0.012418	0.005478	0.002191	0.993061	0.006939	0.096421	0.011322	0.004018	0.020818	0.306063	0.556976	0.277575
0.117969	0.056976	0.867421	0.903944	0.000730	0.991600	0.995982	0.004383	0.006574	0.448137	0.005113	0.006939	0.019722	0.051132	0.096786	0.115413
0.542001	0.561724	0.024836	0.053324	0.979912	0.001826	0.000000	0.001096	0.004018	0.140979	0.006209	0.005478	0.853178	0.435354	0.078159	0.061359
0.116874	0.323594	0.043462	0.004748	0.006939	0.001096	0.001826	0.001461	0.982469	0.314463	0.977356	0.983565	0.106282	0.207451	0.268079	0.545654

neuron_Pou4_FoxL2_2_pos_pattern_4
0.276977	0.521625	0.090869	0.012669	0.954565	0.006553	0.011359	0.002184	0.010922	0.861948	0.017038
0.154653	0.086501	0.231979	0.937090	0.011359	0.927479	0.001311	0.005242	0.016164	0.051551	0.801223
0.297947	0.328965	0.107907	0.018349	0.024465	0.022280	0.986457	0.003058	0.966361	0.053735	0.023591
0.270424	0.062910	0.569244	0.031892	0.009611	0.043687	0.000874	0.989515	0.006553	0.032765	0.158148

neuron_Pou4_FoxL2_2_pos_pattern_5
0.174868	0.319859	0.000000	0.001757	0.995606	0.001318	0.008348	0.005712	0.188489	0.931459	0.039543
0.246924	0.015378	0.002197	0.010984	0.000879	0.996485	0.000439	0.021529	0.777680	0.014499	0.278120
0.146309	0.649385	0.000439	0.959139	0.001757	0.000439	0.991213	0.000879	0.028559	0.045255	0.097100
0.431898	0.015378	0.997364	0.028120	0.001757	0.001757	0.000000	0.971880	0.005272	0.008787	0.585237

neuron_Pou4_FoxL2_2_pos_pattern_6
0.158047	0.315611	0.112615	0.102465	0.009667	0.892702	0.014016	0.003867	0.006283	0.008217	0.012083	0.596907
0.278879	0.036733	0.795070	0.008217	0.956017	0.039149	0.029000	0.004350	0.970034	0.008700	0.858386	0.070565
0.126631	0.617206	0.065249	0.866602	0.014983	0.042533	0.019816	0.986950	0.003383	0.946834	0.022716	0.208797
0.436443	0.030449	0.027066	0.022716	0.019333	0.025616	0.937168	0.004833	0.020300	0.036249	0.106815	0.123731

neuron_Pou4_FoxL2_2_pos_pattern_7
0.230315	0.339075	0.286909	0.395669	0.047736	0.545276	0.021654	0.010827	0.041831	0.010827	0.062008	0.353839	0.392224	0.045276	0.393209	0.654035
0.087106	0.029528	0.022146	0.026083	0.034941	0.328248	0.934547	0.004429	0.007874	0.000492	0.043307	0.130906	0.476378	0.580709	0.106791	0.032480
0.516240	0.562008	0.599902	0.558071	0.896654	0.040846	0.007874	0.003937	0.940453	0.983760	0.714075	0.251476	0.041339	0.208169	0.279035	0.288386
0.166339	0.069390	0.091043	0.020177	0.020669	0.085630	0.035925	0.980807	0.009843	0.004921	0.180610	0.263780	0.090059	0.165846	0.220965	0.025098

neuron_Pou4_FoxL2_2_pos_pattern_8
0.228401	0.239325	0.109732	0.075968	0.108242	0.375372	0.045184	0.092354	0.123635	0.067031	0.197617	0.083416	0.113208	0.131082	0.180238
0.357001	0.518868	0.778550	0.828699	0.734359	0.233863	0.892254	0.825720	0.777061	0.824230	0.286495	0.772592	0.728401	0.696624	0.543198
0.101787	0.094836	0.056107	0.032274	0.060079	0.078947	0.031778	0.025323	0.051142	0.047170	0.085402	0.062066	0.069017	0.069017	0.112214
0.312810	0.146971	0.055611	0.063059	0.097319	0.311817	0.030785	0.056604	0.048163	0.061569	0.430487	0.081927	0.089374	0.103277	0.164350

neuron_Pou4_FoxL2_2_pos_pattern_9
0.176694	0.404053	0.063965	0.008233	0.008866	0.885370	0.053832	0.381254	0.796707	0.082331	0.129196	0.001267	0.417986	0.115896	0.084231	0.066498	0.020899	0.126029
0.157061	0.058265	0.903103	0.982267	0.986067	0.005066	0.122863	0.248892	0.037365	0.058898	0.148195	0.991134	0.291324	0.248892	0.207726	0.012666	0.792907	0.024066
0.132362	0.041165	0.004433	0.005066	0.001267	0.100697	0.411653	0.313490	0.138062	0.167194	0.614946	0.001900	0.020266	0.108930	0.023433	0.786574	0.107663	0.799873
0.533882	0.496517	0.028499	0.004433	0.003800	0.008866	0.411653	0.056365	0.027866	0.691577	0.107663	0.005700	0.270424	0.526282	0.684611	0.134262	0.078531	0.050032

gland_pos_pattern_0
0.320523	0.560618	0.278743	0.038217	0.973983	0.025262	0.978085	0.002483	0.021915	0.346000	0.677642	0.355716	0.130195	0.005614	0.034546	0.604772
0.262118	0.080428	0.593220	0.942567	0.007125	0.962647	0.005506	0.001295	0.034762	0.148656	0.060024	0.068768	0.826190	0.977329	0.918709	0.018892
0.136133	0.174565	0.101695	0.011227	0.011443	0.003455	0.006693	0.993199	0.934363	0.270755	0.073410	0.314045	0.003131	0.005398	0.008313	0.345892
0.281226	0.184390	0.026341	0.007989	0.007449	0.008637	0.009716	0.003023	0.008960	0.234589	0.188924	0.261470	0.040484	0.011659	0.038432	0.030444

gland_pos_pattern_1
0.117424	0.634034	0.434441	0.017898	0.001763	0.987661	0.987254	0.011390	0.101153	0.869966	0.235119	0.682441
0.347932	0.040678	0.044881	0.971525	0.993220	0.004339	0.004339	0.007729	0.799322	0.015593	0.189017	0.133153
0.165017	0.291119	0.445695	0.004610	0.002712	0.002983	0.003390	0.001627	0.062915	0.106847	0.489763	0.133017
0.369627	0.034169	0.074983	0.005966	0.002305	0.005017	0.005017	0.979254	0.036610	0.007593	0.086102	0.051390

gland_pos_pattern_10
0.150964	0.135439	0.096360	0.088330	0.036403	0.026767	0.156852	0.218951	0.118844	0.179872	0.165953
0.306745	0.560493	0.111349	0.779443	0.041756	0.913276	0.049786	0.311563	0.121520	0.608137	0.112420
0.225910	0.075482	0.686296	0.047645	0.844218	0.030514	0.741435	0.256424	0.608137	0.088865	0.567452
0.316381	0.228587	0.105996	0.084582	0.077623	0.029443	0.051927	0.213062	0.151499	0.123126	0.154176

gland_pos_pattern_11
0.124419	0.069186	0.076163	0.128488	0.698837	0.602907	0.281977	0.005814	0.090698	0.681395	0.035465	0.050000	0.464535	0.019186	0.011628	0.009302	0.037791	0.513953
0.341860	0.774419	0.076744	0.739535	0.026744	0.070349	0.024419	0.004070	0.644186	0.163372	0.118023	0.344186	0.356977	0.138953	0.006977	0.006977	0.015698	0.059884
0.276163	0.029070	0.818605	0.022674	0.186047	0.204651	0.240116	0.986628	0.162209	0.061628	0.030233	0.256395	0.105233	0.014535	0.965698	0.973256	0.880814	0.062209
0.257558	0.127326	0.028488	0.109302	0.088372	0.122093	0.453488	0.003488	0.102907	0.093605	0.816279	0.349419	0.073256	0.827326	0.015698	0.010465	0.065698	0.363953

gland_pos_pattern_12
0.179153	0.081433	0.007329	0.053746	0.008958	0.952769	0.385993
0.422638	0.051303	0.000814	0.016287	0.967427	0.007329	0.469055
0.155537	0.089577	0.988599	0.008958	0.013029	0.017101	0.034202
0.242671	0.777687	0.003257	0.921010	0.010586	0.022801	0.110749

gland_pos_pattern_13
0.240214	0.103203	0.177046	0.178826	0.134342	0.105872	0.016904	0.086299	0.431495	0.709075	0.054270	0.200178	0.589858
0.120107	0.104982	0.716192	0.517794	0.066726	0.053381	0.012456	0.236655	0.103203	0.081851	0.876335	0.300712	0.114769
0.326512	0.721530	0.034698	0.135231	0.045374	0.806050	0.943060	0.089858	0.131673	0.138790	0.024911	0.160142	0.119217
0.313167	0.070285	0.072064	0.168149	0.753559	0.034698	0.027580	0.587189	0.333630	0.070285	0.044484	0.338968	0.176157

gland_pos_pattern_14
0.360434	0.481481	0.277326	0.030714	0.006323	0.011743	0.012647	0.015357	0.056007	0.121048	0.221319
0.100271	0.052394	0.010840	0.002710	0.000903	0.001807	0.001807	0.012647	0.023487	0.062331	0.115628
0.222222	0.084011	0.016260	0.003613	0.002710	0.003613	0.003613	0.007227	0.014453	0.032520	0.070461
0.317073	0.382114	0.695574	0.962963	0.990063	0.982836	0.981933	0.964770	0.906052	0.784101	0.592593

gland_pos_pattern_15
0.202797	0.135864	0.383616	0.004995	0.950050	0.027972	0.085914	0.038961	0.030969
0.072927	0.040959	0.129870	0.980020	0.004995	0.704296	0.174825	0.138861	0.019980
0.213786	0.790210	0.112887	0.010989	0.025974	0.194805	0.690310	0.042957	0.922078
0.510490	0.032967	0.373626	0.003996	0.018981	0.072927	0.048951	0.779221	0.026973

gland_pos_pattern_16
0.430095	0.950237	0.002370	0.005924	0.219194	0.052133	0.004739	0.984597	0.007109	0.854265
0.168246	0.001185	0.002370	0.004739	0.008294	0.030806	0.995261	0.002370	0.013033	0.005924
0.163507	0.040284	0.001185	0.001185	0.016588	0.917062	0.000000	0.004739	0.002370	0.031991
0.238152	0.008294	0.994076	0.988152	0.755924	0.000000	0.000000	0.008294	0.977488	0.107820

gland_pos_pattern_17
0.183024	0.668435	0.045093	0.042440	0.002653	0.007958	0.013263	0.005305	0.278515	0.034483	0.071618	0.013263	0.045093	0.724138	0.137931	0.111406	0.103448
0.291777	0.095491	0.015915	0.923077	0.973475	0.010610	0.970822	0.000000	0.312997	0.124668	0.281167	0.429708	0.652520	0.010610	0.177719	0.015915	0.527851
0.244032	0.169761	0.891247	0.002653	0.007958	0.010610	0.010610	0.989390	0.082228	0.029178	0.026525	0.055703	0.233422	0.241379	0.124668	0.793103	0.050398
0.281167	0.066313	0.047745	0.031830	0.015915	0.970822	0.005305	0.005305	0.326260	0.811671	0.620690	0.501326	0.068966	0.023873	0.559682	0.079576	0.318302

gland_pos_pattern_18
0.427509	0.657993	0.788104	0.940520	0.070632	0.003717	0.003717	0.026022	0.271375	0.464684	0.460967	0.472119	0.330855	0.211896	0.182156
0.107807	0.063197	0.022305	0.007435	0.007435	0.003717	0.000000	0.007435	0.100372	0.133829	0.096654	0.115242	0.144981	0.052045	0.115242
0.156134	0.141264	0.070632	0.014870	0.007435	0.000000	0.000000	0.011152	0.055762	0.052045	0.171004	0.118959	0.104089	0.107807	0.111524
0.308550	0.137546	0.118959	0.037175	0.914498	0.992565	0.996283	0.955390	0.572491	0.349442	0.271375	0.293680	0.420074	0.628253	0.591078

gland_pos_pattern_19
0.123894	0.243363	0.132743	0.097345	0.203540	0.154867	0.110619	0.075221	0.840708	0.150442	0.132743	0.048673	0.026549	0.128319	0.000000	0.017699	0.123894	0.079646
0.269912	0.185841	0.238938	0.123894	0.415929	0.610619	0.787611	0.676991	0.053097	0.429204	0.221239	0.911504	0.805310	0.500000	0.889381	0.845133	0.451327	0.641593
0.119469	0.057522	0.340708	0.451327	0.097345	0.088496	0.030973	0.048673	0.039823	0.367257	0.181416	0.013274	0.079646	0.084071	0.008850	0.057522	0.230088	0.119469
0.486726	0.513274	0.287611	0.327434	0.283186	0.146018	0.070796	0.199115	0.066372	0.053097	0.464602	0.026549	0.088496	0.287611	0.101770	0.079646	0.194690	0.159292

gland_pos_pattern_2
0.216746	0.101126	0.028820	0.005457	0.977660	0.005286	0.036153	0.021146	0.252217	0.628411
0.133356	0.013813	0.032572	0.961460	0.003922	0.974420	0.008356	0.347033	0.054059	0.100784
0.254263	0.877729	0.015689	0.025068	0.008356	0.002899	0.939973	0.017906	0.649898	0.151432
0.395634	0.007333	0.922920	0.008015	0.010061	0.017394	0.015518	0.613915	0.043827	0.119372

gland_pos_pattern_20
0.096154	0.192308	0.081731	0.163462	0.298077	0.115385	0.211538	0.129808	0.225962	0.062500	0.687500	0.086538	0.091346	0.028846	0.091346	0.129808	0.043269	0.086538	0.024038	0.009615	0.048077	0.028846	0.081731	0.711538	0.091346	0.091346	0.216346
0.221154	0.096154	0.533654	0.076923	0.076923	0.038462	0.048077	0.639423	0.634615	0.024038	0.187500	0.216346	0.048077	0.004808	0.019231	0.014423	0.024038	0.764423	0.918269	0.004808	0.024038	0.004808	0.019231	0.091346	0.259615	0.197115	0.317308
0.096154	0.259615	0.120192	0.668269	0.485577	0.798077	0.692308	0.033654	0.076923	0.870192	0.081731	0.687500	0.057692	0.947115	0.860577	0.822115	0.894231	0.091346	0.004808	0.028846	0.908654	0.937500	0.817308	0.096154	0.572115	0.134615	0.072115
0.586538	0.451923	0.264423	0.091346	0.139423	0.048077	0.048077	0.197115	0.062500	0.043269	0.043269	0.009615	0.802885	0.019231	0.028846	0.033654	0.038462	0.057692	0.052885	0.956731	0.019231	0.028846	0.081731	0.100962	0.076923	0.576923	0.394231

gland_pos_pattern_21
0.505051	0.040404	0.050505	0.363636	0.141414	0.712121	0.080808	0.116162	0.040404	0.606061	0.030303	0.090909	0.459596	0.010101	0.101010	0.116162	0.207071	0.085859	0.126263	0.772727	0.297980	0.171717	0.212121
0.272727	0.803030	0.030303	0.116162	0.065657	0.070707	0.060606	0.035354	0.055556	0.055556	0.863636	0.040404	0.166667	0.020202	0.035354	0.489899	0.303030	0.767677	0.656566	0.055556	0.095960	0.111111	0.131313
0.080808	0.065657	0.848485	0.060606	0.272727	0.106061	0.797980	0.792929	0.863636	0.257576	0.030303	0.005051	0.116162	0.898990	0.742424	0.282828	0.030303	0.035354	0.070707	0.080808	0.106061	0.202020	0.196970
0.141414	0.090909	0.070707	0.459596	0.520202	0.111111	0.060606	0.055556	0.040404	0.080808	0.075758	0.863636	0.257576	0.070707	0.121212	0.111111	0.459596	0.111111	0.146465	0.090909	0.500000	0.515152	0.459596

gland_pos_pattern_22
0.289256	0.016529	0.388430	0.008264	0.008264	0.000000	0.363636	0.008264	0.677686	0.024793	0.685950
0.140496	0.024793	0.000000	0.000000	0.000000	0.000000	0.000000	0.983471	0.066116	0.206612	0.008264
0.140496	0.033058	0.611570	0.000000	0.000000	0.000000	0.636364	0.000000	0.000000	0.033058	0.008264
0.429752	0.925620	0.000000	0.991736	0.991736	1.000000	0.000000	0.008264	0.256198	0.735537	0.297521

gland_pos_pattern_23
0.025000	0.033333	0.041667	0.041667	0.025000	0.908333	0.050000	0.025000	0.016667	0.033333	0.050000	0.066667	0.033333	0.033333	0.025000	0.000000	0.000000	0.016667	0.066667	0.858333	0.866667	0.091667	0.100000	0.083333	0.133333	0.125000
0.133333	0.583333	0.883333	0.841667	0.933333	0.008333	0.066667	0.025000	0.016667	0.066667	0.883333	0.050000	0.100000	0.875000	0.041667	0.016667	0.025000	0.008333	0.058333	0.058333	0.008333	0.091667	0.066667	0.058333	0.125000	0.625000
0.091667	0.058333	0.033333	0.050000	0.000000	0.033333	0.850000	0.875000	0.950000	0.075000	0.033333	0.033333	0.050000	0.033333	0.016667	0.966667	0.975000	0.975000	0.025000	0.033333	0.041667	0.041667	0.116667	0.083333	0.083333	0.083333
0.750000	0.325000	0.041667	0.066667	0.041667	0.050000	0.033333	0.075000	0.016667	0.825000	0.033333	0.850000	0.816667	0.058333	0.916667	0.016667	0.000000	0.000000	0.850000	0.050000	0.083333	0.775000	0.716667	0.775000	0.658333	0.166667

gland_pos_pattern_24
0.101695	0.101695	0.618644	0.076271	0.669492	0.661017	0.101695	0.694915	0.177966	0.033898	0.915254	0.025424	0.838983	0.008475	0.025424	0.084746	0.042373	0.084746	0.025424	0.016949	0.084746	0.076271	0.135593	0.110169	0.067797	0.194915
0.177966	0.076271	0.059322	0.161017	0.135593	0.025424	0.211864	0.050847	0.101695	0.923729	0.042373	0.923729	0.076271	0.000000	0.008475	0.135593	0.610169	0.059322	0.898305	0.983051	0.889831	0.016949	0.694915	0.084746	0.652542	0.059322
0.076271	0.076271	0.169492	0.669492	0.050847	0.127119	0.076271	0.144068	0.093220	0.008475	0.016949	0.016949	0.059322	0.957627	0.966102	0.016949	0.025424	0.076271	0.000000	0.000000	0.008475	0.864407	0.093220	0.728814	0.067797	0.644068
0.644068	0.745763	0.152542	0.093220	0.144068	0.186441	0.610169	0.110169	0.627119	0.033898	0.025424	0.033898	0.025424	0.033898	0.000000	0.762712	0.322034	0.779661	0.076271	0.000000	0.016949	0.042373	0.076271	0.076271	0.211864	0.101695

gland_pos_pattern_25
0.230769	0.120879	0.010989	0.791209	0.000000	0.000000	0.131868	0.087912	0.021978	0.032967	0.087912
0.131868	0.164835	0.010989	0.142857	0.032967	0.901099	0.824176	0.758242	0.010989	0.901099	0.021978
0.263736	0.010989	0.835165	0.010989	0.901099	0.010989	0.043956	0.000000	0.934066	0.010989	0.879121
0.373626	0.703297	0.142857	0.054945	0.065934	0.087912	0.000000	0.153846	0.032967	0.054945	0.010989

gland_pos_pattern_26
0.129412	0.552941	0.058824	0.047059	0.011765	0.011765	0.011765	0.000000	0.023529	0.047059	0.047059	0.023529	0.047059	0.105882	0.152941	0.105882
0.400000	0.058824	0.600000	0.047059	0.011765	0.976471	0.976471	0.011765	0.235294	0.058824	0.011765	0.858824	0.917647	0.070588	0.211765	0.047059
0.200000	0.282353	0.105882	0.035294	0.011765	0.000000	0.011765	0.976471	0.635294	0.023529	0.023529	0.023529	0.000000	0.800000	0.600000	0.129412
0.270588	0.105882	0.235294	0.870588	0.964706	0.011765	0.000000	0.011765	0.105882	0.870588	0.917647	0.094118	0.035294	0.023529	0.035294	0.717647

gland_pos_pattern_27
0.587500	0.700000	0.050000	0.037500	0.100000	0.112500	0.100000	0.787500	0.775000	0.150000	0.025000	0.175000	0.012500	0.037500	0.675000	0.050000	0.100000	0.737500	0.137500	0.112500	0.762500	0.750000	0.150000	0.712500
0.087500	0.050000	0.775000	0.862500	0.012500	0.687500	0.062500	0.012500	0.000000	0.012500	0.012500	0.775000	0.962500	0.012500	0.100000	0.012500	0.037500	0.037500	0.800000	0.112500	0.062500	0.062500	0.150000	0.037500
0.100000	0.087500	0.050000	0.037500	0.825000	0.025000	0.800000	0.112500	0.150000	0.825000	0.962500	0.025000	0.000000	0.000000	0.112500	0.925000	0.737500	0.075000	0.012500	0.125000	0.087500	0.137500	0.100000	0.112500
0.225000	0.162500	0.125000	0.062500	0.062500	0.175000	0.037500	0.087500	0.075000	0.012500	0.000000	0.025000	0.025000	0.950000	0.112500	0.012500	0.125000	0.150000	0.050000	0.650000	0.087500	0.050000	0.600000	0.137500

gland_pos_pattern_28
0.017857	0.035714
0.035714	0.767857
0.035714	0.035714
0.910714	0.160714

gland_pos_pattern_29
0.076923	0.596154
0.057692	0.096154
0.057692	0.250000
0.807692	0.057692

gland_pos_pattern_3
0.269885	0.333963	0.261124	0.403882	0.062704	0.517265	0.032125	0.015805	0.053771	0.024566	0.139151	0.336712	0.394949	0.072840	0.370898	0.600756
0.086583	0.055317	0.037279	0.033843	0.046899	0.351486	0.910153	0.017695	0.027487	0.004123	0.048102	0.137777	0.453530	0.534616	0.101357	0.056004
0.508332	0.534444	0.587871	0.533414	0.849682	0.047930	0.016492	0.005326	0.902766	0.959801	0.626868	0.305961	0.058066	0.206837	0.316784	0.287064
0.135200	0.076276	0.113726	0.028861	0.040715	0.083319	0.041230	0.961175	0.015977	0.011510	0.185879	0.219550	0.093455	0.185707	0.210960	0.056176

gland_pos_pattern_30
0.020000	0.160000	0.940000	0.280000	0.080000	0.000000	1.000000	0.880000	0.120000	0.060000	0.760000	0.800000	0.920000	0.800000	0.040000	0.060000	0.060000
0.020000	0.100000	0.020000	0.000000	0.920000	1.000000	0.000000	0.120000	0.000000	0.020000	0.020000	0.080000	0.020000	0.060000	0.800000	0.220000	0.640000
0.800000	0.620000	0.020000	0.720000	0.000000	0.000000	0.000000	0.000000	0.000000	0.900000	0.220000	0.100000	0.060000	0.080000	0.080000	0.060000	0.040000
0.160000	0.120000	0.020000	0.000000	0.000000	0.000000	0.000000	0.000000	0.880000	0.020000	0.000000	0.020000	0.000000	0.060000	0.080000	0.660000	0.260000

gland_pos_pattern_31
0.122449	0.061224	0.714286	0.693878	0.142857	0.122449	0.632653	0.183673	0.000000	0.020408	0.000000	0.000000	0.000000	0.000000	1.000000	0.000000	0.040816	0.000000	0.000000	0.673469	0.142857	0.244898
0.571429	0.673469	0.061224	0.183673	0.122449	0.632653	0.122449	0.591837	0.020408	0.938776	1.000000	0.000000	1.000000	1.000000	0.000000	0.020408	0.102041	0.040816	0.000000	0.081633	0.204082	0.102041
0.102041	0.081633	0.040816	0.040816	0.061224	0.081633	0.040816	0.142857	0.897959	0.020408	0.000000	1.000000	0.000000	0.000000	0.000000	0.000000	0.102041	0.000000	0.000000	0.204082	0.040816	0.612245
0.204082	0.183673	0.183673	0.081633	0.673469	0.163265	0.204082	0.081633	0.081633	0.020408	0.000000	0.000000	0.000000	0.000000	0.000000	0.979592	0.755102	0.959184	1.000000	0.040816	0.612245	0.040816

gland_pos_pattern_32
0.148936	0.042553	0.000000	0.957447	1.000000	0.063830	0.297872	0.617021	0.000000	0.234043	0.000000	0.042553	0.234043	0.106383
0.042553	0.893617	1.000000	0.000000	0.000000	0.042553	0.617021	0.000000	0.680851	0.000000	0.531915	0.297872	0.170213	0.659574
0.446809	0.000000	0.000000	0.021277	0.000000	0.127660	0.000000	0.085106	0.297872	0.744681	0.063830	0.510638	0.425532	0.063830
0.361702	0.063830	0.000000	0.021277	0.000000	0.765957	0.085106	0.297872	0.021277	0.021277	0.404255	0.148936	0.170213	0.170213

gland_pos_pattern_33
0.545455	0.250000	0.090909	0.250000	0.113636	0.000000	0.022727	1.000000	0.000000	0.795455	0.000000	0.590909
0.159091	0.113636	0.136364	0.022727	0.000000	0.000000	0.068182	0.000000	1.000000	0.068182	0.318182	0.113636
0.113636	0.068182	0.113636	0.636364	0.340909	0.000000	0.750000	0.000000	0.000000	0.068182	0.068182	0.181818
0.181818	0.568182	0.659091	0.090909	0.545455	1.000000	0.159091	0.000000	0.000000	0.068182	0.613636	0.113636

gland_pos_pattern_34
0.800000	0.350000
0.025000	0.350000
0.000000	0.125000
0.175000	0.175000

gland_pos_pattern_35
0.026316	0.000000	0.026316	0.157895	0.763158	0.000000	0.842105	0.052632	0.026316	0.000000	1.000000	0.026316	1.000000	0.000000	0.000000	0.842105	1.000000	0.026316	0.000000	0.000000	0.000000	0.157895	0.973684	0.842105	0.026316	0.052632	0.131579	0.552632
0.052632	0.394737	0.026316	0.000000	0.131579	0.789474	0.000000	0.000000	0.973684	1.000000	0.000000	0.973684	0.000000	0.000000	0.000000	0.026316	0.000000	0.263158	1.000000	1.000000	0.000000	0.000000	0.000000	0.026316	0.105263	0.868421	0.184211	0.078947
0.921053	0.263158	0.894737	0.842105	0.078947	0.026316	0.026316	0.026316	0.000000	0.000000	0.000000	0.000000	0.000000	1.000000	1.000000	0.000000	0.000000	0.000000	0.000000	0.000000	0.000000	0.815789	0.000000	0.000000	0.842105	0.052632	0.684211	0.342105
0.000000	0.342105	0.052632	0.000000	0.026316	0.184211	0.131579	0.921053	0.000000	0.000000	0.000000	0.000000	0.000000	0.000000	0.000000	0.131579	0.000000	0.710526	0.000000	0.000000	1.000000	0.026316	0.026316	0.131579	0.026316	0.026316	0.000000	0.026316

gland_pos_pattern_36
0.162162	0.081081	0.297297	0.216216	0.135135	0.432432	0.081081	0.027027	0.324324	0.000000	0.027027	0.945946	0.000000	0.594595	0.027027	0.432432	0.135135	0.216216	0.378378	0.297297	0.486486	0.459459	0.108108
0.297297	0.540541	0.324324	0.108108	0.486486	0.000000	0.297297	0.378378	0.054054	0.972973	0.972973	0.000000	0.027027	0.027027	0.000000	0.000000	0.000000	0.000000	0.054054	0.054054	0.108108	0.108108	0.108108
0.108108	0.270270	0.135135	0.540541	0.297297	0.351351	0.027027	0.351351	0.405405	0.027027	0.000000	0.000000	0.000000	0.027027	0.054054	0.000000	0.405405	0.702703	0.540541	0.081081	0.243243	0.081081	0.189189
0.432432	0.108108	0.243243	0.135135	0.081081	0.216216	0.594595	0.243243	0.216216	0.000000	0.000000	0.054054	0.972973	0.351351	0.918919	0.567568	0.459459	0.081081	0.027027	0.567568	0.162162	0.351351	0.594595

gland_pos_pattern_37
0.111111	0.194444	0.083333	0.805556	0.750000	0.111111	0.611111	0.083333	0.000000	0.111111	0.361111	0.750000	0.027778	0.138889	0.027778	0.000000	0.055556
0.111111	0.055556	0.305556	0.111111	0.027778	0.361111	0.055556	0.000000	0.000000	0.000000	0.000000	0.027778	0.972222	0.000000	0.000000	0.000000	0.388889
0.500000	0.583333	0.388889	0.083333	0.166667	0.027778	0.277778	0.916667	1.000000	0.888889	0.638889	0.000000	0.000000	0.000000	0.388889	1.000000	0.472222
0.277778	0.166667	0.222222	0.000000	0.055556	0.500000	0.055556	0.000000	0.000000	0.000000	0.000000	0.222222	0.000000	0.861111	0.583333	0.000000	0.083333

gland_pos_pattern_38
0.852941
0.088235
0.029412
0.029412

gland_pos_pattern_39
0.117647	0.029412	0.117647	0.058824	0.029412	0.264706	0.147059	0.117647	0.323529	0.264706	0.264706	0.205882	0.205882	0.764706	0.000000	0.000000	0.058824	0.000000	0.000000	0.000000	0.000000	0.147059
0.294118	0.088235	0.411765	0.794118	0.411765	0.058824	0.117647	0.029412	0.029412	0.205882	0.176471	0.205882	0.617647	0.147059	0.705882	0.000000	0.029412	1.000000	1.000000	0.000000	0.205882	0.029412
0.117647	0.088235	0.029412	0.029412	0.500000	0.676471	0.411765	0.205882	0.235294	0.117647	0.382353	0.117647	0.058824	0.000000	0.058824	0.117647	0.029412	0.000000	0.000000	1.000000	0.529412	0.029412
0.470588	0.794118	0.441176	0.117647	0.058824	0.000000	0.323529	0.647059	0.411765	0.411765	0.176471	0.470588	0.117647	0.088235	0.235294	0.882353	0.882353	0.000000	0.000000	0.000000	0.264706	0.794118

gland_pos_pattern_4
0.229448	0.084039	0.083810	0.075338	0.019464	0.008473	0.004809	0.982368	0.010992	0.109686	0.022899	0.008473	0.036180	0.288070	0.532860	0.288986
0.124800	0.053126	0.782688	0.837646	0.001832	0.985574	0.990153	0.004351	0.008931	0.391344	0.012823	0.016487	0.037554	0.066636	0.107167	0.116098
0.517289	0.558507	0.054042	0.066178	0.961072	0.002519	0.002290	0.005038	0.004351	0.165560	0.012594	0.009847	0.779711	0.427067	0.072819	0.073735
0.128463	0.304328	0.079460	0.020838	0.017632	0.003435	0.002748	0.008244	0.975727	0.333410	0.951683	0.965193	0.146554	0.218228	0.287154	0.521182

gland_pos_pattern_40
0.419355	0.806452	0.774194	0.290323	0.064516	0.612903	0.483871	0.935484	0.000000	0.000000	0.903226	0.000000	0.000000	1.000000	0.000000	0.935484	0.000000	0.032258	0.000000	0.935484	0.000000	0.870968	0.129032	0.064516	0.387097	0.032258	0.387097
0.096774	0.096774	0.161290	0.096774	0.516129	0.032258	0.000000	0.000000	0.000000	0.000000	0.000000	0.032258	1.000000	0.000000	0.000000	0.000000	0.032258	0.000000	0.064516	0.000000	0.903226	0.064516	0.000000	0.516129	0.064516	0.000000	0.032258
0.096774	0.032258	0.032258	0.516129	0.387097	0.032258	0.000000	0.000000	0.000000	0.000000	0.000000	0.967742	0.000000	0.000000	0.000000	0.032258	0.032258	0.032258	0.612903	0.064516	0.064516	0.064516	0.516129	0.064516	0.000000	0.354839	0.064516
0.387097	0.064516	0.032258	0.096774	0.032258	0.322581	0.516129	0.064516	1.000000	1.000000	0.096774	0.000000	0.000000	0.000000	1.000000	0.032258	0.935484	0.935484	0.322581	0.000000	0.032258	0.000000	0.354839	0.354839	0.548387	0.612903	0.516129

gland_pos_pattern_41
0.433333	0.333333	0.200000	0.133333	0.200000	0.200000	0.100000	0.100000	0.500000	0.166667	0.000000	0.766667	0.433333	0.100000	0.033333	0.100000	0.066667	0.033333	0.066667	0.166667	0.100000
0.200000	0.066667	0.166667	0.266667	0.300000	0.266667	0.300000	0.533333	0.366667	0.766667	0.966667	0.000000	0.100000	0.566667	0.966667	0.600000	0.800000	0.066667	0.833333	0.533333	0.733333
0.133333	0.100000	0.266667	0.066667	0.233333	0.400000	0.300000	0.100000	0.100000	0.033333	0.000000	0.100000	0.266667	0.200000	0.000000	0.033333	0.066667	0.066667	0.000000	0.066667	0.000000
0.233333	0.500000	0.366667	0.533333	0.266667	0.133333	0.300000	0.266667	0.033333	0.033333	0.033333	0.133333	0.200000	0.133333	0.000000	0.266667	0.066667	0.833333	0.100000	0.233333	0.166667

gland_pos_pattern_42
0.100000	0.333333	0.033333	0.000000	1.000000	0.000000	0.000000	0.000000	0.266667	1.000000	0.100000	0.300000	0.433333	0.133333	0.300000	0.233333	0.133333	0.733333	0.000000	0.033333	0.000000	0.166667	0.833333
0.233333	0.100000	0.000000	0.066667	0.000000	1.000000	0.000000	0.000000	0.733333	0.000000	0.100000	0.333333	0.066667	0.066667	0.100000	0.066667	0.133333	0.066667	0.900000	0.033333	0.200000	0.666667	0.000000
0.300000	0.533333	0.000000	0.900000	0.000000	0.000000	1.000000	0.000000	0.000000	0.000000	0.133333	0.133333	0.200000	0.366667	0.466667	0.033333	0.566667	0.166667	0.066667	0.933333	0.033333	0.166667	0.100000
0.366667	0.033333	0.966667	0.033333	0.000000	0.000000	0.000000	1.000000	0.000000	0.000000	0.666667	0.233333	0.300000	0.433333	0.133333	0.666667	0.166667	0.033333	0.033333	0.000000	0.766667	0.000000	0.066667

gland_pos_pattern_43
0.103448	0.068966
0.862069	0.034483
0.000000	0.068966
0.034483	0.827586

gland_pos_pattern_44
0.035714	1.000000	0.000000	1.000000	0.000000	1.000000	0.000000	0.964286	0.000000	0.964286	0.000000	0.964286	0.000000	0.964286	0.000000	1.000000	0.000000	1.000000	0.035714	0.964286	0.035714	1.000000	0.000000	1.000000	0.035714
0.000000	0.000000	0.000000	0.000000	0.000000	0.000000	0.000000	0.000000	0.000000	0.000000	0.000000	0.000000	0.000000	0.000000	0.035714	0.000000	0.000000	0.000000	0.000000	0.000000	0.000000	0.000000	0.000000	0.000000	0.000000
0.000000	0.000000	0.000000	0.000000	0.000000	0.000000	0.000000	0.000000	0.000000	0.000000	0.000000	0.000000	0.000000	0.000000	0.000000	0.000000	0.000000	0.000000	0.000000	0.035714	0.000000	0.000000	0.035714	0.000000	0.000000
0.964286	0.000000	1.000000	0.000000	1.000000	0.000000	1.000000	0.035714	1.000000	0.035714	1.000000	0.035714	1.000000	0.035714	0.964286	0.000000	1.000000	0.000000	0.964286	0.000000	0.964286	0.000000	0.964286	0.000000	0.964286

gland_pos_pattern_45
0.333333	0.555556	0.000000	0.370370	0.111111	0.296296	0.555556	0.444444	0.000000	0.037037	0.037037	0.000000	0.000000	1.000000	0.407407	0.407407	0.888889	0.037037	0.037037	0.074074	0.185185	0.666667	0.074074	0.740741	0.518519	0.074074	0.111111	0.037037
0.148148	0.333333	0.074074	0.074074	0.074074	0.074074	0.000000	0.074074	0.962963	0.962963	0.000000	0.962963	0.962963	0.000000	0.000000	0.148148	0.000000	0.407407	0.074074	0.074074	0.037037	0.000000	0.555556	0.037037	0.000000	0.111111	0.851852	0.074074
0.370370	0.037037	0.925926	0.074074	0.777778	0.074074	0.333333	0.074074	0.037037	0.000000	0.555556	0.000000	0.000000	0.000000	0.000000	0.037037	0.000000	0.444444	0.518519	0.370370	0.037037	0.000000	0.000000	0.111111	0.148148	0.074074	0.037037	0.851852
0.148148	0.074074	0.000000	0.481481	0.037037	0.555556	0.111111	0.407407	0.000000	0.000000	0.407407	0.037037	0.037037	0.000000	0.592593	0.407407	0.111111	0.111111	0.370370	0.481481	0.740741	0.333333	0.370370	0.111111	0.333333	0.740741	0.000000	0.037037

gland_pos_pattern_46
0.333333	0.250000	0.416667	0.250000	0.083333	0.041667	0.458333	0.000000	0.000000	0.916667	0.000000	0.000000	0.000000	0.000000	0.000000	0.000000	0.166667	0.041667	0.083333	0.416667	0.208333
0.250000	0.125000	0.041667	0.083333	0.416667	0.125000	0.291667	0.666667	1.000000	0.000000	0.041667	0.000000	1.000000	0.000000	0.041667	0.041667	0.625000	0.750000	0.000000	0.375000	0.083333
0.083333	0.000000	0.000000	0.000000	0.250000	0.250000	0.250000	0.166667	0.000000	0.083333	0.916667	1.000000	0.000000	1.000000	0.000000	0.000000	0.125000	0.000000	0.166667	0.125000	0.583333
0.333333	0.625000	0.541667	0.666667	0.250000	0.583333	0.000000	0.166667	0.000000	0.000000	0.041667	0.000000	0.000000	0.000000	0.958333	0.958333	0.083333	0.208333	0.750000	0.083333	0.125000

gland_pos_pattern_47
0.000000	0.090909	0.045455	0.863636	0.090909	0.909091	0.000000	0.954545	0.909091	1.000000	0.000000	1.000000	0.000000	0.000000	0.954545	1.000000	0.045455	0.000000	0.000000	0.000000	0.954545	0.954545	0.909091	0.136364	0.909091	0.045455	0.045455	1.000000
0.000000	0.000000	0.954545	0.000000	0.045455	0.045455	0.863636	0.000000	0.045455	0.000000	1.000000	0.000000	0.000000	0.000000	0.045455	0.000000	0.000000	1.000000	1.000000	1.000000	0.000000	0.000000	0.000000	0.863636	0.000000	0.045455	0.000000	0.000000
1.000000	0.045455	0.000000	0.090909	0.000000	0.045455	0.090909	0.045455	0.000000	0.000000	0.000000	0.000000	1.000000	1.000000	0.000000	0.000000	0.090909	0.000000	0.000000	0.000000	0.045455	0.045455	0.000000	0.000000	0.045455	0.000000	0.045455	0.000000
0.000000	0.863636	0.000000	0.045455	0.863636	0.000000	0.045455	0.000000	0.045455	0.000000	0.000000	0.000000	0.000000	0.000000	0.000000	0.000000	0.863636	0.000000	0.000000	0.000000	0.000000	0.000000	0.090909	0.000000	0.045455	0.909091	0.909091	0.000000

gland_pos_pattern_5
0.197449	0.182333	0.137459	0.028342	0.900567	0.014880	0.006849	0.041096	0.005196
0.076523	0.105810	0.206897	0.932215	0.046292	0.017950	0.961502	0.013462	0.007085
0.501889	0.578413	0.093765	0.017478	0.025744	0.957015	0.013935	0.844828	0.978035
0.224138	0.133444	0.561880	0.021965	0.027397	0.010156	0.017714	0.100614	0.009684

gland_pos_pattern_6
0.279947	0.183113	0.156728	0.164116	0.339050	0.070449	0.123747	0.123483	0.056728	0.212137	0.058311	0.067282	0.106596	0.144063
0.373615	0.497361	0.516623	0.525858	0.211346	0.853034	0.760950	0.765963	0.807916	0.134037	0.846438	0.823483	0.737731	0.534301
0.109499	0.124802	0.105541	0.122164	0.073351	0.032982	0.041425	0.034301	0.042744	0.069129	0.046438	0.038786	0.065699	0.120053
0.236939	0.194723	0.221108	0.187863	0.376253	0.043536	0.073879	0.076253	0.092612	0.584697	0.048813	0.070449	0.089974	0.201583

gland_pos_pattern_7
0.218297	0.296715	0.003886	0.004945	0.989050	0.000706	0.009184	0.006005	0.167432	0.939951	0.065701
0.197457	0.029318	0.006358	0.009184	0.001766	0.996821	0.000706	0.031084	0.794419	0.010597	0.262805
0.205934	0.651360	0.002473	0.965030	0.004239	0.000000	0.988697	0.004945	0.031084	0.028612	0.106676
0.378312	0.022607	0.987284	0.020841	0.004945	0.002473	0.001413	0.957965	0.007065	0.020841	0.564818

gland_pos_pattern_8
0.115781	0.230738	0.135146	0.095591	0.013597	0.893284	0.020190	0.008241	0.004944	0.007829	0.016893	0.718995
0.437165	0.015657	0.764730	0.013185	0.953852	0.041203	0.025134	0.007417	0.978574	0.003296	0.761434	0.071281
0.092707	0.717759	0.069221	0.860321	0.013185	0.035847	0.028842	0.977750	0.003296	0.975278	0.018953	0.088999
0.354347	0.035847	0.030902	0.030902	0.019365	0.029666	0.925834	0.006593	0.013185	0.013597	0.202719	0.120725

gland_pos_pattern_9
0.178727	0.674368	0.049695	0.113339	0.086748	0.006103	0.000872	0.006103	0.050567	0.117698
0.380558	0.037925	0.741500	0.064080	0.054054	0.965998	0.993897	0.002180	0.102005	0.104621
0.213165	0.212729	0.057541	0.035310	0.025719	0.005667	0.000872	0.969486	0.802528	0.090671
0.227550	0.074978	0.151264	0.787271	0.833479	0.022232	0.004359	0.022232	0.044900	0.687010

ectoderm_pos_pattern_0
0.073922	0.012548	0.040626	0.593863	0.004224	0.000994	0.000745	0.029817	0.068580
0.250093	0.679339	0.451733	0.004845	0.002733	0.000870	0.000497	0.002236	0.206485
0.268605	0.135545	0.020624	0.015033	0.004348	0.001615	0.998509	0.009069	0.147472
0.407380	0.172568	0.487017	0.386259	0.988694	0.996521	0.000248	0.958877	0.577463

ectoderm_pos_pattern_1
0.203291	0.019660	0.026074	0.007948	0.023843	0.273843	0.214863	0.236057	0.008087	0.002231	0.006972	0.005438	0.005298	0.004462	0.030117	0.184049
0.147797	0.372281	0.001952	0.004183	0.004741	0.313720	0.065114	0.297685	0.950781	0.994283	0.005159	0.002928	0.006274	0.006135	0.094116	0.168433
0.225460	0.012967	0.953012	0.983687	0.847044	0.063441	0.061350	0.161461	0.026492	0.001394	0.003207	0.970441	0.006274	0.966815	0.607362	0.084774
0.423452	0.595092	0.018963	0.004183	0.124373	0.348996	0.658673	0.304796	0.014640	0.002091	0.984663	0.021194	0.982153	0.022588	0.268405	0.562744

ectoderm_pos_pattern_10
0.431437	0.561195	0.274662	0.232910	0.124847	0.971756	0.955383	0.342202	0.970937	0.019239	0.002047	0.001637	0.019648	0.013917	0.058944	0.328694
0.151862	0.061809	0.077364	0.431437	0.805158	0.006549	0.008596	0.130168	0.007368	0.004093	0.001228	0.002047	0.956201	0.064675	0.053623	0.540319
0.162505	0.110929	0.103971	0.063037	0.030291	0.012280	0.012689	0.424478	0.008187	0.007777	0.995088	0.991813	0.002865	0.889480	0.807614	0.060991
0.254196	0.266066	0.544003	0.272616	0.039705	0.009415	0.023332	0.103152	0.013508	0.968891	0.001637	0.004503	0.021285	0.031928	0.079820	0.069996

ectoderm_pos_pattern_11
0.233783	0.016849	0.051811	0.040017	0.249789	0.283067	0.140270	0.208930	0.063184
0.171862	0.954507	0.913648	0.898062	0.401432	0.235468	0.106992	0.121314	0.083404
0.088458	0.009688	0.011794	0.018113	0.087616	0.153328	0.617944	0.513058	0.751053
0.505897	0.018955	0.022746	0.043808	0.261163	0.328138	0.134794	0.156698	0.102359

ectoderm_pos_pattern_12
0.263538	0.182568	0.141310	0.132027	0.289840	0.040227	0.058277	0.020113	0.032491	0.111398	0.021145	0.030428	0.056215	0.070139
0.435792	0.599794	0.636411	0.586385	0.208871	0.868489	0.859722	0.953069	0.903043	0.086127	0.925219	0.933471	0.855080	0.689531
0.070655	0.070655	0.073749	0.126870	0.096441	0.038680	0.031975	0.009283	0.019082	0.052604	0.012378	0.011346	0.026302	0.041258
0.230015	0.146983	0.148530	0.154719	0.404848	0.052604	0.050026	0.017535	0.045384	0.749871	0.041258	0.024755	0.062403	0.199072

ectoderm_pos_pattern_13
0.013269	0.069361	0.790712	0.275030	0.008444	0.050060	0.740651	0.557298	0.004222	0.002413	0.252111	0.195416
0.265380	0.747286	0.027141	0.206876	0.231604	0.557901	0.001809	0.078408	0.012063	0.920989	0.012063	0.081423
0.242461	0.013872	0.128468	0.340169	0.013872	0.346200	0.239445	0.107358	0.975875	0.004825	0.718335	0.104946
0.478890	0.169481	0.053679	0.177925	0.746080	0.045838	0.018094	0.256936	0.007841	0.071773	0.017491	0.618215

ectoderm_pos_pattern_14
0.500706	0.929379	0.003531	0.024011	0.397599	0.070621	0.009887	0.929379	0.031780	0.714689
0.252825	0.031780	0.006356	0.011299	0.000706	0.035311	0.987288	0.021186	0.043079	0.038842
0.149011	0.012006	0.002119	0.014831	0.004237	0.889124	0.001412	0.027542	0.020480	0.087571
0.097458	0.026836	0.987994	0.949859	0.597458	0.004944	0.001412	0.021893	0.904661	0.158898

ectoderm_pos_pattern_15
0.431433	0.043914	0.030046	0.010786	0.033128	0.046225	0.050077	0.129430	0.181818
0.061633	0.013097	0.003082	0.000770	0.004622	0.017720	0.032357	0.080123	0.107088
0.110940	0.010786	0.000000	0.001541	0.000770	0.003082	0.007704	0.013867	0.048536
0.395994	0.932203	0.966872	0.986903	0.961479	0.932974	0.909861	0.776579	0.662558

ectoderm_pos_pattern_16
0.157895	0.243574	0.028152	0.068543	0.314565	0.013464	0.004896	0.894737	0.034272	0.203182	0.108935	0.090575	0.864137	0.979192	0.004896
0.275398	0.012240	0.029376	0.252142	0.048960	0.869033	0.714810	0.025704	0.022032	0.000000	0.015912	0.625459	0.009792	0.008568	0.951040
0.241126	0.706242	0.028152	0.009792	0.460220	0.015912	0.002448	0.022032	0.013464	0.793146	0.853121	0.019584	0.079559	0.007344	0.000000
0.325581	0.037944	0.914321	0.669523	0.176255	0.101591	0.277846	0.057528	0.930233	0.003672	0.022032	0.264382	0.046512	0.004896	0.044064

ectoderm_pos_pattern_17
0.186198	0.623698	0.324219	0.458333	0.126302	0.029948	0.028646	0.057292	0.412760	0.514323	0.684896	0.459635	0.279948	0.231771	0.164062
0.115885	0.085938	0.069010	0.039062	0.014323	0.011719	0.022135	0.058594	0.074219	0.110677	0.074219	0.095052	0.059896	0.109375	0.117188
0.151042	0.110677	0.078125	0.045573	0.018229	0.003906	0.002604	0.007812	0.058594	0.093750	0.119792	0.143229	0.075521	0.074219	0.084635
0.546875	0.179688	0.528646	0.457031	0.841146	0.954427	0.946615	0.876302	0.454427	0.281250	0.121094	0.302083	0.584635	0.584635	0.634115

ectoderm_pos_pattern_18
0.338880	0.597579	0.357035	0.676248	0.214826	0.145234	0.033283	0.063540	0.133132	0.272315	0.420575	0.350983	0.544629	0.394856	0.263238	0.229955	0.086233	0.089259	0.113464
0.116490	0.114977	0.065053	0.063540	0.039334	0.031770	0.012103	0.048411	0.080182	0.128593	0.163389	0.154312	0.122542	0.107413	0.069592	0.036309	0.033283	0.057489	0.105900
0.173979	0.137670	0.116490	0.098336	0.069592	0.018154	0.019667	0.019667	0.025719	0.071104	0.116490	0.127080	0.107413	0.142209	0.071104	0.036309	0.031770	0.018154	0.051437
0.370651	0.149773	0.461422	0.161876	0.676248	0.804841	0.934947	0.868381	0.760968	0.527988	0.299546	0.367625	0.225416	0.355522	0.596067	0.697428	0.848714	0.835098	0.729198

ectoderm_pos_pattern_19
0.012739	0.071656	0.785032	0.299363	0.007962	0.066879	0.796178	0.542994	0.014331	0.000000	0.222930	0.085987	0.331210	0.576433	0.383758
0.230892	0.707006	0.033439	0.264331	0.159236	0.495223	0.003185	0.092357	0.939490	0.968153	0.011146	0.052548	0.076433	0.063694	0.511146
0.307325	0.011146	0.140127	0.238854	0.019108	0.401274	0.162420	0.167197	0.009554	0.000000	0.745223	0.124204	0.498408	0.127389	0.044586
0.449045	0.210191	0.041401	0.197452	0.813694	0.036624	0.038217	0.197452	0.036624	0.031847	0.020701	0.737261	0.093949	0.232484	0.060510

ectoderm_pos_pattern_2
0.274738	0.077570	0.086565	0.005161	0.073588	0.989087	0.014157	0.003834	0.010765	0.033623	0.077275	0.051615
0.328713	0.156319	0.468220	0.110898	0.074178	0.000885	0.007079	0.003539	0.000442	0.005014	0.424716	0.303053
0.064740	0.167379	0.194072	0.009291	0.766259	0.004424	0.005309	0.002654	0.987907	0.934818	0.059726	0.067247
0.331809	0.598732	0.251143	0.874650	0.085976	0.005604	0.973455	0.989972	0.000885	0.026545	0.438283	0.578086

ectoderm_pos_pattern_20
0.266348	0.106858	0.044657	0.719298	0.014354	0.020734	0.078150	0.049442	0.055821	0.007974	0.177033	0.452951	0.153110
0.146730	0.183413	0.014354	0.178628	0.011164	0.948963	0.818182	0.827751	0.006380	0.956938	0.027113	0.076555	0.046252
0.357257	0.046252	0.902711	0.044657	0.953748	0.007974	0.079745	0.011164	0.928230	0.003190	0.759171	0.381180	0.164274
0.229665	0.663477	0.038278	0.057416	0.020734	0.022329	0.023923	0.111643	0.009569	0.031898	0.036683	0.089314	0.636364

ectoderm_pos_pattern_21
0.316913	0.231527	0.341544	0.206897	0.323481	0.106732	0.336617	0.134647	0.162562	0.164204	0.101806	0.098522	0.146141	0.116585	0.144499	0.318555	0.144499	0.116585	0.103448	0.054187	0.126437
0.134647	0.087028	0.126437	0.110016	0.124795	0.096880	0.128079	0.057471	0.031199	0.034483	0.041051	0.031199	0.036125	0.106732	0.050903	0.055829	0.032841	0.022989	0.031199	0.050903	0.073892
0.159278	0.141215	0.133005	0.131363	0.124795	0.087028	0.108374	0.047619	0.036125	0.031199	0.024631	0.026273	0.022989	0.022989	0.022989	0.042693	0.032841	0.009852	0.009852	0.018062	0.041051
0.389163	0.540230	0.399015	0.551724	0.426929	0.709360	0.426929	0.760263	0.770115	0.770115	0.832512	0.844007	0.794745	0.753695	0.781609	0.582923	0.789819	0.850575	0.855501	0.876847	0.758621

ectoderm_pos_pattern_22
0.256458	0.003690	0.016605	0.595941	0.298893	0.939114	0.018450	0.874539	0.112546	0.001845	0.007380	0.298893	0.343173	0.570111
0.173432	0.976015	0.957565	0.027675	0.005535	0.001845	0.027675	0.000000	0.003690	0.000000	0.009225	0.160517	0.280443	0.129151
0.217712	0.007380	0.012915	0.022140	0.007380	0.009225	0.003690	0.009225	0.005535	0.996310	0.979705	0.239852	0.180812	0.156827
0.352399	0.012915	0.012915	0.354244	0.688192	0.049815	0.950185	0.116236	0.878229	0.001845	0.003690	0.300738	0.195572	0.143911

ectoderm_pos_pattern_23
0.210366	0.036585	0.094512	0.902439	0.250000	0.137195	0.030488	0.024390	0.015244	0.051829	0.182927
0.512195	0.862805	0.685976	0.036585	0.262195	0.073171	0.945122	0.929878	0.935976	0.823171	0.521341
0.118902	0.015244	0.027439	0.027439	0.429878	0.182927	0.012195	0.012195	0.009146	0.012195	0.079268
0.158537	0.085366	0.192073	0.033537	0.057927	0.606707	0.012195	0.033537	0.039634	0.112805	0.216463

ectoderm_pos_pattern_24
0.129534	0.642487	0.150259	0.186528	0.222798	0.000000	0.005181	0.000000	0.015544	0.284974
0.316062	0.088083	0.601036	0.025907	0.031088	0.984456	0.968912	0.000000	0.046632	0.041451
0.139896	0.093264	0.067358	0.025907	0.056995	0.005181	0.000000	1.000000	0.932642	0.010363
0.414508	0.176166	0.181347	0.761658	0.689119	0.010363	0.025907	0.000000	0.005181	0.663212

ectoderm_pos_pattern_25
0.423358	0.233577	0.116788	0.080292	0.715328	0.021898	0.240876	0.175182	0.080292	0.372263	0.007299	0.058394	0.175182	0.087591	0.145985	0.094891
0.321168	0.532847	0.635036	0.839416	0.094891	0.525547	0.262774	0.729927	0.664234	0.167883	0.970803	0.868613	0.627737	0.554745	0.211679	0.182482
0.051095	0.102190	0.080292	0.036496	0.116788	0.350365	0.372263	0.051095	0.138686	0.182482	0.007299	0.036496	0.043796	0.072993	0.262774	0.583942
0.204380	0.131387	0.167883	0.043796	0.072993	0.102190	0.124088	0.043796	0.116788	0.277372	0.014599	0.036496	0.153285	0.284672	0.379562	0.138686

ectoderm_pos_pattern_26
0.288136	0.576271	0.067797	0.177966	0.067797	0.144068	0.050847	0.025424	0.110169	0.711864	0.025424	0.000000	0.000000	0.076271	0.161017	0.101695	0.169492
0.347458	0.008475	0.033898	0.008475	0.050847	0.076271	0.237288	0.754237	0.338983	0.101695	0.101695	0.000000	0.000000	0.000000	0.084746	0.220339	0.093220
0.059322	0.067797	0.016949	0.144068	0.872881	0.228814	0.135593	0.084746	0.000000	0.000000	0.000000	0.000000	1.000000	0.000000	0.406780	0.093220	0.169492
0.305085	0.347458	0.881356	0.669492	0.008475	0.550847	0.576271	0.135593	0.550847	0.186441	0.872881	1.000000	0.000000	0.923729	0.347458	0.584746	0.567797

ectoderm_pos_pattern_27
0.084112	0.037383	0.065421	0.056075	0.411215	0.093458	0.009346	0.018692	0.018692	0.457944	0.000000	0.009346	0.000000	0.009346	0.018692	0.056075	0.028037	0.009346	0.514019	0.056075	0.056075	0.046729	0.411215	0.383178	0.112150	0.018692	0.420561	0.121495
0.345794	0.074766	0.775701	0.046729	0.495327	0.046729	0.074766	0.177570	0.915888	0.009346	0.000000	0.000000	0.000000	0.000000	0.383178	0.056075	0.785047	0.112150	0.028037	0.037383	0.364486	0.065421	0.009346	0.504673	0.037383	0.065421	0.112150	0.383178
0.074766	0.074766	0.102804	0.084112	0.009346	0.514019	0.037383	0.056075	0.000000	0.000000	0.000000	0.000000	1.000000	0.000000	0.457944	0.018692	0.056075	0.822430	0.028037	0.476636	0.551402	0.084112	0.532710	0.037383	0.785047	0.841121	0.084112	0.037383
0.495327	0.813084	0.056075	0.813084	0.084112	0.345794	0.878505	0.747664	0.065421	0.532710	1.000000	0.990654	0.000000	0.990654	0.140187	0.869159	0.130841	0.056075	0.429907	0.429907	0.028037	0.803738	0.046729	0.074766	0.065421	0.074766	0.383178	0.457944

ectoderm_pos_pattern_28
0.242991	0.570093	0.093458	0.570093	0.112150	0.299065	0.289720	0.065421	0.579439	0.074766	0.757009	0.028037	0.906542	0.205607	0.588785	0.317757	0.233645
0.084112	0.121495	0.074766	0.084112	0.018692	0.046729	0.065421	0.028037	0.046729	0.028037	0.102804	0.028037	0.028037	0.102804	0.074766	0.056075	0.168224
0.149533	0.112150	0.084112	0.065421	0.046729	0.028037	0.018692	0.028037	0.037383	0.018692	0.037383	0.028037	0.018692	0.102804	0.009346	0.112150	0.028037
0.523364	0.196262	0.747664	0.280374	0.822430	0.626168	0.626168	0.878505	0.336449	0.878505	0.102804	0.915888	0.046729	0.588785	0.327103	0.514019	0.570093

ectoderm_pos_pattern_29
0.160377	0.773585	0.745283	0.066038	0.801887	0.009434	0.018868	0.811321	0.009434	0.056604	0.018868	0.000000	0.000000	1.000000	0.000000	0.009434	0.820755	0.000000	0.009434	0.084906	0.009434	0.047170	0.000000	0.037736	0.037736	0.028302	0.066038	0.811321
0.716981	0.084906	0.084906	0.084906	0.084906	0.962264	0.037736	0.132075	0.000000	0.141509	0.188679	0.990566	0.943396	0.000000	0.000000	0.037736	0.094340	0.933962	0.943396	0.018868	0.971698	0.028302	0.990566	0.018868	0.047170	0.075472	0.113208	0.084906
0.047170	0.056604	0.037736	0.792453	0.075472	0.000000	0.000000	0.037736	0.896226	0.018868	0.037736	0.000000	0.000000	0.000000	0.981132	0.084906	0.018868	0.018868	0.000000	0.830189	0.000000	0.896226	0.000000	0.924528	0.877358	0.037736	0.028302	0.037736
0.075472	0.084906	0.132075	0.056604	0.037736	0.028302	0.943396	0.018868	0.094340	0.783019	0.754717	0.009434	0.056604	0.000000	0.018868	0.867925	0.066038	0.047170	0.047170	0.066038	0.018868	0.028302	0.009434	0.018868	0.037736	0.858491	0.792453	0.066038

ectoderm_pos_pattern_3
0.186726	0.056830	0.207834	0.177187	0.106962	0.245180	0.171301	0.009945	0.014207	0.973615	0.064339	0.089913	0.037142	0.026791	0.090725	0.080982
0.392937	0.305460	0.272174	0.229957	0.062107	0.262634	0.689060	0.961843	0.898721	0.002841	0.011366	0.041405	0.855084	0.591841	0.586970	0.536432
0.217780	0.054191	0.146539	0.527907	0.466613	0.194236	0.043637	0.002233	0.022935	0.013802	0.892632	0.369190	0.047087	0.021717	0.042622	0.039781
0.202557	0.583519	0.373452	0.064948	0.364319	0.297950	0.096002	0.025979	0.064136	0.009742	0.031662	0.499493	0.060686	0.359651	0.279683	0.342805

ectoderm_pos_pattern_30
0.076923	0.009615	0.038462	0.519231	0.000000	0.000000	0.000000	0.028846	0.019231	0.028846	0.115385	0.673077	0.067308	0.057692	0.009615	0.134615	0.250000	0.163462	0.134615
0.317308	0.634615	0.442308	0.000000	0.000000	0.000000	0.000000	0.000000	0.134615	0.721154	0.336538	0.057692	0.009615	0.009615	0.048077	0.028846	0.086538	0.153846	0.144231
0.317308	0.086538	0.019231	0.048077	0.000000	0.000000	1.000000	0.019231	0.057692	0.009615	0.057692	0.086538	0.038462	0.000000	0.942308	0.067308	0.346154	0.134615	0.153846
0.288462	0.269231	0.500000	0.432692	1.000000	1.000000	0.000000	0.951923	0.788462	0.240385	0.490385	0.182692	0.884615	0.932692	0.000000	0.769231	0.317308	0.548077	0.567308

ectoderm_pos_pattern_31
0.128205	0.589744	0.115385	0.153846	0.641026	0.025641	0.076923	0.717949	0.012821	0.089744	0.076923	0.000000	0.102564	0.974359	0.000000	0.051282	0.051282	0.000000	0.064103	0.076923	0.064103	0.076923	0.000000	0.051282	0.064103	0.064103	0.141026	0.166667
0.038462	0.115385	0.179487	0.064103	0.102564	0.166667	0.089744	0.128205	0.000000	0.115385	0.807692	0.948718	0.282051	0.000000	0.012821	0.012821	0.833333	0.897436	0.166667	0.153846	0.846154	0.038462	0.935897	0.000000	0.025641	0.102564	0.205128	0.051282
0.102564	0.115385	0.089744	0.064103	0.166667	0.038462	0.064103	0.102564	0.961538	0.051282	0.038462	0.000000	0.025641	0.000000	0.961538	0.820513	0.025641	0.038462	0.064103	0.025641	0.000000	0.743590	0.012821	0.897436	0.910256	0.064103	0.038462	0.115385
0.730769	0.179487	0.615385	0.717949	0.089744	0.769231	0.769231	0.051282	0.025641	0.743590	0.076923	0.051282	0.589744	0.025641	0.025641	0.115385	0.089744	0.064103	0.705128	0.743590	0.089744	0.141026	0.051282	0.051282	0.000000	0.769231	0.615385	0.666667

ectoderm_pos_pattern_32
0.250000	0.166667	0.236111	0.111111	0.722222	0.680556	0.055556	0.000000	0.875000	0.055556	0.027778	0.013889	0.013889	0.013889	0.041667	0.097222	0.416667	0.111111
0.236111	0.027778	0.125000	0.486111	0.027778	0.194444	0.097222	0.930556	0.013889	0.555556	0.041667	0.930556	0.000000	0.944444	0.027778	0.736111	0.125000	0.666667
0.125000	0.541667	0.111111	0.041667	0.208333	0.097222	0.277778	0.041667	0.083333	0.097222	0.930556	0.027778	0.958333	0.013889	0.861111	0.138889	0.138889	0.055556
0.388889	0.263889	0.527778	0.361111	0.041667	0.027778	0.569444	0.027778	0.027778	0.291667	0.000000	0.027778	0.027778	0.027778	0.069444	0.027778	0.319444	0.166667

ectoderm_pos_pattern_33
0.245902	0.065574	0.737705	0.196721	0.114754	0.786885	0.459016	0.786885	0.196721	0.016393	0.000000	0.786885	0.147541	0.229508	0.000000
0.131148	0.786885	0.065574	0.311475	0.475410	0.065574	0.049180	0.000000	0.032787	0.983607	0.000000	0.000000	0.000000	0.000000	0.950820
0.278689	0.000000	0.081967	0.000000	0.344262	0.131148	0.459016	0.065574	0.655738	0.000000	1.000000	0.147541	0.852459	0.754098	0.000000
0.344262	0.147541	0.114754	0.491803	0.065574	0.016393	0.032787	0.147541	0.114754	0.000000	0.000000	0.065574	0.000000	0.016393	0.049180

ectoderm_pos_pattern_34
0.098361	0.655738	0.131148	0.704918
0.016393	0.065574	0.098361	0.081967
0.000000	0.065574	0.065574	0.049180
0.885246	0.213115	0.704918	0.163934

ectoderm_pos_pattern_35
0.068966	0.068966	0.172414	0.000000	0.500000	0.000000	0.068966	0.310345	0.051724	0.000000	0.000000	0.103448	0.103448	0.017241	0.155172	0.655172
0.241379	0.068966	0.224138	0.431034	0.206897	0.327586	0.000000	0.137931	0.000000	0.000000	0.000000	0.000000	0.431034	0.120690	0.000000	0.086207
0.362069	0.482759	0.017241	0.017241	0.086207	0.000000	0.931034	0.551724	0.000000	0.017241	1.000000	0.896552	0.086207	0.017241	0.758621	0.224138
0.327586	0.379310	0.586207	0.551724	0.206897	0.672414	0.000000	0.000000	0.948276	0.982759	0.000000	0.000000	0.379310	0.844828	0.086207	0.034483

ectoderm_pos_pattern_36
0.075472	0.150943	0.132075	0.037736	0.094340	0.037736	0.056604	0.471698	0.018868	0.226415	0.547170	0.113208	0.169811	0.132075	0.547170	0.245283	0.056604	0.037736	0.018868	0.037736	0.037736	0.867925	0.000000	0.207547	0.150943	0.547170	0.169811	0.603774
0.094340	0.584906	0.471698	0.735849	0.037736	0.018868	0.056604	0.056604	0.849057	0.509434	0.207547	0.169811	0.094340	0.509434	0.037736	0.094340	0.037736	0.471698	0.000000	0.000000	0.018868	0.075472	0.981132	0.113208	0.132075	0.188679	0.188679	0.113208
0.584906	0.094340	0.339623	0.075472	0.867925	0.471698	0.867925	0.037736	0.075472	0.188679	0.113208	0.603774	0.075472	0.264151	0.132075	0.094340	0.415094	0.000000	0.981132	0.000000	0.867925	0.037736	0.000000	0.509434	0.150943	0.169811	0.471698	0.113208
0.245283	0.169811	0.056604	0.150943	0.000000	0.471698	0.018868	0.433962	0.056604	0.075472	0.132075	0.113208	0.660377	0.094340	0.283019	0.566038	0.490566	0.490566	0.000000	0.962264	0.075472	0.018868	0.018868	0.169811	0.566038	0.094340	0.169811	0.169811

ectoderm_pos_pattern_37
0.088235	0.794118	0.235294	0.205882	0.735294	0.764706	0.176471	0.117647	0.029412	0.176471	0.852941	0.823529	0.764706	0.088235	0.823529	0.705882	0.000000	0.000000	0.058824	0.029412	0.882353	1.000000	0.000000	0.176471	0.882353	0.176471	0.029412	0.029412	0.794118
0.147059	0.088235	0.147059	0.617647	0.058824	0.058824	0.735294	0.058824	0.235294	0.088235	0.000000	0.147059	0.058824	0.764706	0.000000	0.000000	0.029412	1.000000	0.000000	0.117647	0.000000	0.000000	0.941176	0.000000	0.088235	0.000000	0.794118	0.235294	0.088235
0.088235	0.058824	0.029412	0.058824	0.117647	0.058824	0.058824	0.058824	0.058824	0.029412	0.088235	0.029412	0.000000	0.058824	0.000000	0.117647	0.911765	0.000000	0.941176	0.088235	0.117647	0.000000	0.029412	0.823529	0.029412	0.735294	0.117647	0.058824	0.029412
0.676471	0.058824	0.588235	0.117647	0.088235	0.117647	0.029412	0.764706	0.676471	0.705882	0.058824	0.000000	0.176471	0.088235	0.176471	0.176471	0.058824	0.000000	0.000000	0.764706	0.000000	0.000000	0.029412	0.000000	0.000000	0.088235	0.058824	0.676471	0.088235

ectoderm_pos_pattern_38
0.066667	0.266667	0.000000	0.000000	0.066667	0.033333	0.033333	0.033333	0.033333	0.133333	0.666667
0.866667	0.033333	0.033333	0.066667	0.933333	0.900000	0.033333	0.066667	0.200000	0.766667	0.200000
0.033333	0.666667	0.933333	0.833333	0.000000	0.033333	0.066667	0.033333	0.000000	0.033333	0.033333
0.033333	0.033333	0.033333	0.100000	0.000000	0.033333	0.866667	0.866667	0.766667	0.066667	0.100000

ectoderm_pos_pattern_39
0.041667	0.000000	0.708333	0.708333	0.708333
0.000000	0.708333	0.000000	0.125000	0.125000
0.875000	0.083333	0.208333	0.041667	0.083333
0.083333	0.208333	0.083333	0.125000	0.083333

ectoderm_pos_pattern_4
0.159641	0.295785	0.036822	0.045785	0.024952	0.637355	0.055959	0.039971	0.100291	0.080911	0.048207
0.314196	0.063953	0.906008	0.015504	0.931686	0.060562	0.170300	0.031734	0.762597	0.106347	0.828973
0.130087	0.570494	0.019864	0.919331	0.021560	0.233527	0.072190	0.886143	0.061531	0.610465	0.034157
0.396076	0.069767	0.037306	0.019380	0.021802	0.068556	0.701550	0.042151	0.075581	0.202277	0.088663

ectoderm_pos_pattern_40
0.100000	0.050000	0.000000	0.800000	0.000000	0.000000	0.000000	0.000000	0.150000	0.050000	0.250000	0.100000	0.050000	0.000000	0.200000	0.400000	0.000000	0.050000	0.000000	0.050000	0.050000	0.150000	0.300000
0.150000	0.700000	0.500000	0.000000	0.000000	0.000000	0.000000	0.000000	0.200000	0.300000	0.150000	0.400000	0.150000	0.250000	0.250000	0.000000	0.000000	0.000000	0.000000	0.000000	0.050000	0.300000	0.000000
0.250000	0.100000	0.050000	0.000000	0.000000	0.000000	1.000000	0.000000	0.000000	0.100000	0.150000	0.450000	0.250000	0.200000	0.000000	0.000000	0.000000	0.000000	1.000000	0.000000	0.250000	0.000000	0.150000
0.500000	0.150000	0.450000	0.200000	1.000000	1.000000	0.000000	1.000000	0.650000	0.550000	0.450000	0.050000	0.550000	0.550000	0.550000	0.600000	1.000000	0.950000	0.000000	0.950000	0.650000	0.550000	0.550000

ectoderm_pos_pattern_41
0.600000	0.400000	0.900000	0.900000	0.050000	0.050000	0.050000	0.550000	0.000000	0.050000	0.350000	0.000000	0.000000	1.000000	0.000000	0.000000	0.000000	0.000000	0.650000	0.050000	0.000000	0.050000	0.350000	0.350000
0.000000	0.250000	0.000000	0.000000	0.600000	0.000000	0.850000	0.000000	0.000000	0.400000	0.050000	1.000000	1.000000	0.000000	0.000000	0.000000	1.000000	0.950000	0.000000	0.900000	0.000000	0.000000	0.050000	0.050000
0.050000	0.000000	0.000000	0.100000	0.000000	0.000000	0.000000	0.450000	1.000000	0.550000	0.000000	0.000000	0.000000	0.000000	1.000000	0.050000	0.000000	0.000000	0.000000	0.000000	0.000000	0.350000	0.600000	0.550000
0.350000	0.350000	0.100000	0.000000	0.350000	0.950000	0.100000	0.000000	0.000000	0.000000	0.600000	0.000000	0.000000	0.000000	0.000000	0.950000	0.000000	0.050000	0.350000	0.050000	1.000000	0.600000	0.000000	0.050000

ectoderm_pos_pattern_42
0.000000	0.050000	0.100000	0.250000	0.000000	0.250000	0.550000	0.050000	0.000000	0.300000	0.900000	1.000000	0.000000	1.000000	0.000000	0.000000	0.000000	0.400000	0.000000	0.300000	0.150000	0.200000	0.100000	0.050000	0.600000	0.600000	0.400000	0.050000
0.550000	0.200000	0.700000	0.450000	0.400000	0.400000	0.000000	0.300000	1.000000	0.700000	0.000000	0.000000	0.000000	0.000000	0.000000	0.000000	0.000000	0.500000	0.000000	0.200000	0.100000	0.250000	0.300000	0.150000	0.300000	0.300000	0.250000	0.750000
0.100000	0.500000	0.100000	0.000000	0.350000	0.000000	0.450000	0.300000	0.000000	0.000000	0.000000	0.000000	0.650000	0.000000	0.000000	1.000000	1.000000	0.050000	0.900000	0.500000	0.350000	0.150000	0.050000	0.700000	0.100000	0.100000	0.000000	0.000000
0.350000	0.250000	0.100000	0.300000	0.250000	0.350000	0.000000	0.350000	0.000000	0.000000	0.100000	0.000000	0.350000	0.000000	1.000000	0.000000	0.000000	0.050000	0.100000	0.000000	0.400000	0.400000	0.550000	0.100000	0.000000	0.000000	0.350000	0.200000

ectoderm_pos_pattern_5
0.201281	0.055186	0.026854	0.045085	0.017246	0.045085	0.851688	0.027839
0.200296	0.046563	0.864991	0.009855	0.020448	0.127125	0.050751	0.910569
0.147820	0.876571	0.017492	0.935945	0.016507	0.777285	0.059621	0.010594
0.450604	0.021680	0.090663	0.009116	0.945799	0.050505	0.037940	0.050998

ectoderm_pos_pattern_6
0.357692	0.605030	0.012426	0.037574	0.013018	0.004734	0.014201	0.008580	0.728107	0.111243	0.157988
0.130769	0.059172	0.972485	0.909763	0.005030	0.979290	0.013905	0.005325	0.026923	0.711834	0.629882
0.244970	0.176627	0.006213	0.013314	0.978698	0.009467	0.024852	0.977811	0.172485	0.049112	0.025740
0.266568	0.159172	0.008876	0.039349	0.003254	0.006509	0.947041	0.008284	0.072485	0.127811	0.186391

ectoderm_pos_pattern_7
0.261819	0.162478	0.046379	0.003591	0.982944	0.005685	0.041293	0.023938	0.026032	0.540694	0.096349
0.115799	0.026930	0.067624	0.978157	0.002992	0.973070	0.017056	0.021245	0.020946	0.119689	0.266906
0.359665	0.787852	0.033214	0.014662	0.005984	0.006882	0.933273	0.033513	0.942849	0.197187	0.103830
0.262717	0.022741	0.852783	0.003591	0.008079	0.014363	0.008378	0.921305	0.010174	0.142430	0.532914

ectoderm_pos_pattern_8
0.200306	0.254211	0.001531	0.001531	0.994181	0.000306	0.022665	0.008576	0.174885	0.895865	0.086677
0.230628	0.024502	0.005207	0.010413	0.001531	0.992649	0.003675	0.027871	0.787749	0.016539	0.257887
0.134763	0.692802	0.001531	0.964472	0.003982	0.000613	0.973354	0.008270	0.025727	0.053292	0.073813
0.434303	0.028484	0.991730	0.023583	0.000306	0.006432	0.000306	0.955283	0.011639	0.034303	0.581623

ectoderm_pos_pattern_9
0.131649	0.081898	0.079985	0.149254	0.641408	0.555300	0.293915	0.005358	0.076540	0.769231	0.026024	0.044011	0.503636	0.018752	0.012246	0.005358	0.041715
0.331420	0.729812	0.096058	0.711825	0.039418	0.086491	0.022579	0.005358	0.689246	0.120168	0.151933	0.334099	0.325297	0.147723	0.006506	0.002679	0.013395
0.299656	0.040184	0.790662	0.028320	0.223881	0.211634	0.218905	0.982013	0.149254	0.050899	0.033678	0.254114	0.108305	0.014160	0.937237	0.988136	0.855339
0.237275	0.148106	0.033295	0.110601	0.095293	0.146575	0.464600	0.007271	0.084960	0.059701	0.788366	0.367777	0.062763	0.819365	0.044011	0.003827	0.089552

EMS_pos_pattern_0
0.191537	0.060195	0.006553	0.014698	0.747706	0.009268	0.689852
0.391032	0.024434	0.047369	0.007489	0.022000	0.961805	0.089964
0.206796	0.764370	0.012357	0.965830	0.022093	0.007676	0.167946
0.210635	0.151002	0.933720	0.011983	0.208201	0.021251	0.052237

EMS_pos_pattern_1
0.225332	0.035089	0.043887	0.017495	0.040788	0.282015	0.221933	0.241228	0.007298	0.005798	0.009697	0.008098	0.010797	0.013496	0.050685
0.153754	0.365890	0.012596	0.007798	0.009897	0.328701	0.070979	0.287114	0.947416	0.990503	0.017995	0.007698	0.019094	0.015995	0.099670
0.224233	0.032890	0.911327	0.962611	0.827752	0.068679	0.069579	0.157753	0.028591	0.001400	0.014696	0.963911	0.014796	0.933120	0.578227
0.396681	0.566130	0.032190	0.012096	0.121564	0.320604	0.637509	0.313906	0.016695	0.002299	0.957613	0.020294	0.955313	0.037389	0.271419

EMS_pos_pattern_10
0.362105	0.776421	0.661053	0.873263	0.916211	0.934316	0.945263	0.853474	0.606737
0.122105	0.047579	0.044632	0.011368	0.007579	0.004211	0.007158	0.014737	0.048421
0.134316	0.062737	0.096842	0.036211	0.020211	0.011368	0.011368	0.018947	0.049263
0.381474	0.113263	0.197474	0.079158	0.056000	0.050105	0.036211	0.112842	0.295579

EMS_pos_pattern_11
0.205949	0.069851	0.075259	0.018026	0.012618	0.006760	0.002253	0.957639	0.036052	0.105453	0.023434	0.017125	0.019378	0.293826	0.584047	0.273547
0.115367	0.075259	0.791798	0.943668	0.002704	0.983326	0.992790	0.014421	0.010365	0.460117	0.024786	0.015773	0.013069	0.049121	0.076611	0.088328
0.529518	0.573231	0.084723	0.031546	0.979721	0.001803	0.000451	0.005408	0.014421	0.156377	0.014421	0.027941	0.884182	0.437134	0.063091	0.052726
0.149166	0.281658	0.048220	0.006760	0.004957	0.008112	0.004507	0.022533	0.939162	0.278053	0.937359	0.939162	0.083371	0.219919	0.276251	0.585399

EMS_pos_pattern_12
0.215324	0.261186	0.149329	0.091723	0.606264	0.166107	0.214206	0.105145	0.170022	0.088926	0.137025	0.158837	0.225391	0.181767	0.196868	0.190716
0.381432	0.470917	0.689597	0.807047	0.144295	0.391499	0.302573	0.751119	0.635347	0.691834	0.611857	0.519575	0.286353	0.343400	0.157159	0.125839
0.156600	0.131991	0.040828	0.040268	0.076622	0.314877	0.156040	0.053132	0.054251	0.069911	0.071029	0.109060	0.187919	0.257830	0.414989	0.487136
0.246644	0.135906	0.120246	0.060962	0.172819	0.127517	0.327181	0.090604	0.140380	0.149329	0.180089	0.212528	0.300336	0.217002	0.230984	0.196309

EMS_pos_pattern_13
0.116008	0.072586	0.059624	0.082307	0.681789	0.594297	0.349320	0.020091	0.082307	0.709657	0.028516	0.047959	0.394038	0.020091	0.017498	0.010369	0.069994
0.358393	0.795204	0.047310	0.825016	0.031108	0.102398	0.030460	0.001296	0.707712	0.154245	0.162670	0.333765	0.379132	0.134154	0.004537	0.005833	0.018146
0.313027	0.017498	0.869086	0.025275	0.205444	0.187946	0.208684	0.967596	0.126377	0.073882	0.053143	0.261828	0.130914	0.017498	0.936487	0.973428	0.812054
0.212573	0.114712	0.023979	0.067401	0.081659	0.115360	0.411536	0.011017	0.083603	0.062216	0.755671	0.356448	0.095917	0.828257	0.041478	0.010369	0.099806

EMS_pos_pattern_14
0.224694	0.072303	0.043382	0.046719	0.724138	0.037820	0.135706	0.132369	0.074527	0.137931	0.132369	0.156841	0.177976	0.124583	0.171301
0.496107	0.895439	0.916574	0.927697	0.050056	0.075640	0.102336	0.192436	0.298109	0.401557	0.392659	0.426029	0.324805	0.397108	0.113459
0.090100	0.010011	0.017798	0.006674	0.094549	0.816463	0.600667	0.590656	0.337041	0.327030	0.092325	0.107898	0.225806	0.120133	0.550612
0.189099	0.022247	0.022247	0.018910	0.131257	0.070078	0.161290	0.084538	0.290323	0.133482	0.382647	0.309232	0.271413	0.358176	0.164627

EMS_pos_pattern_15
0.193344	0.141046	0.128368	0.152139	0.128368	0.125198	0.087163	0.093502	0.034865	0.031696	0.275753	0.071315	0.052298	0.047544	0.068146	0.033281	0.066561	0.060222	0.145800	0.099842
0.510301	0.589540	0.578447	0.627575	0.589540	0.657686	0.784469	0.846276	0.914422	0.939778	0.584786	0.708399	0.744849	0.868463	0.833597	0.843106	0.800317	0.787639	0.627575	0.765452
0.096672	0.085578	0.095087	0.063391	0.182250	0.042789	0.052298	0.030111	0.015848	0.004754	0.026941	0.122029	0.049128	0.057052	0.038035	0.036450	0.026941	0.025357	0.041204	0.036450
0.199683	0.183835	0.198098	0.156894	0.099842	0.174326	0.076070	0.030111	0.034865	0.023772	0.112520	0.098257	0.153724	0.026941	0.060222	0.087163	0.106181	0.126783	0.185420	0.098257

EMS_pos_pattern_16
0.405128	0.764103	0.798291	0.866667	0.533333	0.109402	0.194872	0.182906	0.758974	0.623932	0.813675	0.664957	0.750427	0.663248	0.620513
0.082051	0.037607	0.027350	0.020513	0.056410	0.059829	0.059829	0.070085	0.052991	0.047863	0.047863	0.051282	0.046154	0.051282	0.090598
0.138462	0.094017	0.085470	0.035897	0.032479	0.030769	0.042735	0.070085	0.047863	0.140171	0.068376	0.099145	0.047863	0.076923	0.076923
0.374359	0.104274	0.088889	0.076923	0.377778	0.800000	0.702564	0.676923	0.140171	0.188034	0.070085	0.184615	0.155556	0.208547	0.211966

EMS_pos_pattern_17
0.073913	0.417391	0.034783	0.665217	0.113043	0.300000	0.273913	0.200000	0.347826	0.204348	0.278261	0.186957	0.208696	0.139130	0.100000	0.008696	0.021739	0.960870	0.000000	0.726087
0.156522	0.082609	0.582609	0.082609	0.647826	0.160870	0.169565	0.130435	0.156522	0.278261	0.130435	0.265217	0.130435	0.595652	0.039130	0.039130	0.030435	0.017391	0.995652	0.039130
0.717391	0.052174	0.308696	0.143478	0.091304	0.378261	0.173913	0.439130	0.213043	0.291304	0.182609	0.147826	0.447826	0.069565	0.739130	0.017391	0.934783	0.013043	0.000000	0.191304
0.052174	0.447826	0.073913	0.108696	0.147826	0.160870	0.382609	0.230435	0.282609	0.226087	0.408696	0.400000	0.213043	0.195652	0.121739	0.934783	0.013043	0.008696	0.004348	0.043478

EMS_pos_pattern_18
0.171271	0.088398	0.254144	0.171271	0.160221	0.292818	0.104972	0.038674	0.022099	0.939227	0.104972	0.171271	0.116022	0.132597	0.060773	0.027624	0.325967	0.143646	0.082873	0.038674	0.071823	0.138122
0.513812	0.149171	0.331492	0.121547	0.220994	0.226519	0.740331	0.889503	0.950276	0.000000	0.033149	0.033149	0.790055	0.613260	0.773481	0.911602	0.121547	0.701657	0.138122	0.828729	0.027624	0.187845
0.204420	0.038674	0.182320	0.618785	0.215470	0.270718	0.022099	0.022099	0.016575	0.027624	0.812155	0.635359	0.033149	0.104972	0.060773	0.011050	0.364641	0.033149	0.530387	0.060773	0.740331	0.546961
0.110497	0.723757	0.232044	0.088398	0.403315	0.209945	0.132597	0.049724	0.011050	0.033149	0.049724	0.160221	0.060773	0.149171	0.104972	0.049724	0.187845	0.121547	0.248619	0.071823	0.160221	0.127072

EMS_pos_pattern_19
0.383234	0.041916	0.239521	0.077844	0.311377	0.149701	0.137725	0.000000	0.359281	0.892216	0.035928	0.059880	0.041916	0.041916	0.017964	0.113772	0.425150	0.299401	0.035928	0.119760
0.173653	0.101796	0.083832	0.065868	0.071856	0.305389	0.796407	0.964072	0.137725	0.029940	0.029940	0.317365	0.898204	0.760479	0.928144	0.269461	0.467066	0.035928	0.790419	0.065868
0.059880	0.071856	0.550898	0.802395	0.413174	0.479042	0.005988	0.000000	0.017964	0.077844	0.856287	0.125749	0.017964	0.023952	0.000000	0.023952	0.011976	0.161677	0.047904	0.694611
0.383234	0.784431	0.125749	0.053892	0.203593	0.065868	0.059880	0.035928	0.485030	0.000000	0.077844	0.497006	0.041916	0.173653	0.053892	0.592814	0.095808	0.502994	0.125749	0.119760

EMS_pos_pattern_2
0.255814	0.050723	0.077275	0.002564	0.047061	0.993774	0.002564	0.004212	0.008606	0.015748	0.076543	0.040286	0.391320	0.547702
0.358726	0.112983	0.537081	0.067570	0.042849	0.001465	0.002564	0.008240	0.001831	0.000916	0.464384	0.312946	0.154917	0.104376
0.049625	0.163523	0.175426	0.008423	0.867424	0.003113	0.004395	0.001465	0.988830	0.981139	0.035158	0.039736	0.341879	0.203443
0.335836	0.672771	0.210218	0.921443	0.042666	0.001648	0.990478	0.986083	0.000732	0.002197	0.423915	0.607032	0.111884	0.144479

EMS_pos_pattern_20
0.487179
0.064103
0.230769
0.217949

EMS_pos_pattern_21
0.094340	0.207547	0.018868	0.056604	0.113208	0.094340	0.018868	0.169811	0.754717
0.849057	0.000000	0.943396	0.113208	0.018868	0.169811	0.113208	0.056604	0.037736
0.018868	0.698113	0.000000	0.811321	0.867925	0.018868	0.075472	0.037736	0.132075
0.037736	0.094340	0.037736	0.018868	0.000000	0.716981	0.792453	0.735849	0.075472

EMS_pos_pattern_22
0.058824	0.156863	0.117647	0.156863	0.509804	0.156863	0.098039	0.039216	0.000000	0.156863	0.019608	0.019608	0.000000	0.392157	0.823529	0.568627	0.352941	0.019608	0.352941	0.078431	0.137255	0.156863	0.019608	0.411765	0.098039	0.549020
0.176471	0.058824	0.411765	0.098039	0.274510	0.039216	0.882353	0.039216	1.000000	0.196078	0.901961	0.000000	0.529412	0.078431	0.117647	0.039216	0.019608	0.725490	0.549020	0.176471	0.156863	0.313725	0.078431	0.098039	0.078431	0.078431
0.490196	0.627451	0.235294	0.529412	0.019608	0.725490	0.000000	0.921569	0.000000	0.568627	0.019608	0.960784	0.392157	0.529412	0.000000	0.254902	0.588235	0.019608	0.058824	0.058824	0.647059	0.078431	0.470588	0.470588	0.509804	0.274510
0.274510	0.156863	0.235294	0.215686	0.196078	0.078431	0.019608	0.000000	0.000000	0.078431	0.058824	0.019608	0.078431	0.000000	0.058824	0.137255	0.039216	0.235294	0.039216	0.686275	0.058824	0.450980	0.431373	0.019608	0.313725	0.098039

EMS_pos_pattern_23
0.102041	0.755102	0.265306	0.673469	0.000000	0.020408	0.020408	0.000000	0.000000	0.326531	0.938776	0.000000	0.020408	0.918367	0.877551	0.040816	0.142857	0.857143	0.265306	0.836735	0.346939	0.632653
0.204082	0.081633	0.122449	0.040816	0.673469	0.897959	0.000000	0.918367	0.000000	0.000000	0.000000	0.979592	0.918367	0.020408	0.040816	0.061224	0.306122	0.000000	0.204082	0.061224	0.081633	0.081633
0.204082	0.081633	0.408163	0.224490	0.306122	0.020408	0.938776	0.020408	0.000000	0.653061	0.040816	0.020408	0.000000	0.000000	0.061224	0.040816	0.367347	0.142857	0.448980	0.081633	0.510204	0.183673
0.489796	0.081633	0.204082	0.061224	0.020408	0.061224	0.040816	0.061224	1.000000	0.020408	0.020408	0.000000	0.061224	0.061224	0.020408	0.857143	0.183673	0.000000	0.081633	0.020408	0.061224	0.102041

EMS_pos_pattern_24
0.187500	0.666667	0.000000	0.041667	0.000000	0.000000	0.000000	0.000000	0.020833	0.041667	0.062500	0.020833	0.000000	0.000000	0.041667	0.062500
0.395833	0.020833	0.604167	0.000000	0.000000	1.000000	1.000000	0.000000	0.291667	0.041667	0.020833	0.979167	0.958333	0.000000	0.250000	0.104167
0.104167	0.270833	0.020833	0.000000	0.000000	0.000000	0.000000	1.000000	0.520833	0.020833	0.000000	0.000000	0.000000	0.958333	0.625000	0.062500
0.312500	0.041667	0.375000	0.958333	1.000000	0.000000	0.000000	0.000000	0.166667	0.895833	0.916667	0.000000	0.041667	0.041667	0.083333	0.770833

EMS_pos_pattern_25
0.872340	0.191489
0.021277	0.127660
0.042553	0.021277
0.063830	0.659574

EMS_pos_pattern_26
0.478261	0.108696	0.543478
0.152174	0.108696	0.130435
0.173913	0.130435	0.043478
0.195652	0.652174	0.282609

EMS_pos_pattern_27
0.095238	0.380952
0.000000	0.476190
0.000000	0.023810
0.904762	0.119048

EMS_pos_pattern_28
0.076923	0.153846	0.051282	0.743590	0.794872
0.051282	0.102564	0.051282	0.102564	0.076923
0.794872	0.692308	0.128205	0.025641	0.051282
0.076923	0.051282	0.769231	0.128205	0.076923

EMS_pos_pattern_29
0.513514	0.027027	0.054054	0.054054	0.135135	0.054054	0.027027	0.108108	0.027027	0.000000	0.054054	0.135135	0.837838	0.000000	0.000000	0.135135	0.162162	0.108108	0.054054	0.297297	0.567568
0.027027	0.945946	0.027027	0.918919	0.000000	0.810811	0.027027	0.810811	0.027027	0.918919	0.081081	0.243243	0.081081	0.000000	0.054054	0.000000	0.000000	0.513514	0.189189	0.189189	0.135135
0.243243	0.027027	0.891892	0.027027	0.837838	0.000000	0.810811	0.027027	0.324324	0.027027	0.027027	0.594595	0.054054	0.027027	0.000000	0.864865	0.837838	0.000000	0.081081	0.378378	0.162162
0.216216	0.000000	0.027027	0.000000	0.027027	0.135135	0.135135	0.054054	0.621622	0.054054	0.837838	0.027027	0.027027	0.972973	0.945946	0.000000	0.000000	0.378378	0.675676	0.135135	0.135135

EMS_pos_pattern_3
0.499192	0.014349	0.042037	0.005659	0.007074	0.054972	0.038601	0.594382	0.100647
0.166936	0.964834	0.929466	0.004850	0.965845	0.025667	0.020008	0.049111	0.573565
0.128941	0.014551	0.005053	0.980598	0.016370	0.060226	0.898141	0.176839	0.163703
0.204931	0.006265	0.023444	0.008892	0.010711	0.859135	0.043250	0.179669	0.162086

EMS_pos_pattern_30
0.942857	0.028571	0.971429	0.914286	0.000000	0.971429	0.028571	0.000000	0.000000	0.028571	0.028571	0.942857	0.000000	0.000000	0.000000	0.000000	0.028571
0.000000	0.885714	0.028571	0.000000	0.028571	0.000000	0.000000	1.000000	1.000000	0.000000	0.971429	0.028571	1.000000	0.971429	0.028571	1.000000	0.057143
0.028571	0.028571	0.000000	0.085714	0.000000	0.000000	0.000000	0.000000	0.000000	0.971429	0.000000	0.028571	0.000000	0.028571	0.000000	0.000000	0.885714
0.028571	0.057143	0.000000	0.000000	0.971429	0.028571	0.971429	0.000000	0.000000	0.000000	0.000000	0.000000	0.000000	0.000000	0.971429	0.000000	0.028571

EMS_pos_pattern_31
0.029412	0.676471	0.029412	0.029412	0.029412	0.029412	0.000000	0.000000	0.000000	0.117647	0.117647	0.676471	0.029412	0.029412	0.117647	0.029412	0.264706
0.382353	0.029412	0.529412	0.000000	0.000000	0.970588	1.000000	0.000000	0.058824	0.088235	0.647059	0.147059	0.117647	0.970588	0.029412	0.205882	0.058824
0.264706	0.264706	0.029412	0.000000	0.000000	0.000000	0.000000	0.882353	0.911765	0.029412	0.058824	0.117647	0.823529	0.000000	0.735294	0.676471	0.029412
0.323529	0.029412	0.411765	0.970588	0.970588	0.000000	0.000000	0.117647	0.029412	0.764706	0.176471	0.058824	0.029412	0.000000	0.117647	0.088235	0.647059

EMS_pos_pattern_32
0.333333	0.757576	0.121212	0.606061	0.272727	0.484848	0.000000	0.000000	0.545455	0.787879	0.030303	0.000000	0.030303	0.090909	0.090909	0.090909	0.303030	0.121212	0.090909	0.242424	0.484848	0.151515	0.606061
0.363636	0.060606	0.636364	0.212121	0.515152	0.515152	0.000000	0.060606	0.000000	0.090909	0.000000	0.878788	0.030303	0.818182	0.151515	0.121212	0.454545	0.060606	0.606061	0.060606	0.090909	0.212121	0.060606
0.121212	0.060606	0.121212	0.090909	0.212121	0.000000	0.848485	0.909091	0.424242	0.000000	0.969697	0.060606	0.939394	0.000000	0.484848	0.454545	0.090909	0.636364	0.242424	0.424242	0.272727	0.454545	0.181818
0.181818	0.121212	0.121212	0.090909	0.000000	0.000000	0.151515	0.030303	0.030303	0.121212	0.000000	0.060606	0.000000	0.090909	0.272727	0.333333	0.151515	0.181818	0.060606	0.272727	0.151515	0.181818	0.151515

EMS_pos_pattern_33
0.531250	0.093750	0.281250	0.656250	0.312500	0.406250	0.031250	0.000000	0.000000	0.000000	0.062500	0.031250	0.375000	0.375000	0.187500
0.125000	0.218750	0.218750	0.000000	0.406250	0.000000	0.250000	1.000000	1.000000	0.000000	0.156250	0.187500	0.125000	0.062500	0.093750
0.187500	0.562500	0.375000	0.250000	0.000000	0.031250	0.031250	0.000000	0.000000	1.000000	0.593750	0.125000	0.187500	0.093750	0.375000
0.156250	0.125000	0.125000	0.093750	0.281250	0.562500	0.687500	0.000000	0.000000	0.000000	0.187500	0.656250	0.312500	0.468750	0.343750

EMS_pos_pattern_34
0.093750	0.031250	0.031250	0.406250	0.000000	0.500000	0.031250	0.062500	0.031250	0.031250	0.500000	0.125000	0.000000	0.000000	0.000000	0.468750	0.000000	0.000000	0.031250	0.031250	1.000000
0.468750	0.906250	0.031250	0.437500	0.031250	0.031250	0.000000	0.062500	0.843750	0.468750	0.000000	0.437500	0.000000	0.406250	0.000000	0.406250	1.000000	0.000000	0.968750	0.968750	0.000000
0.437500	0.062500	0.093750	0.093750	0.937500	0.000000	0.562500	0.062500	0.031250	0.031250	0.031250	0.031250	0.968750	0.031250	1.000000	0.031250	0.000000	1.000000	0.000000	0.000000	0.000000
0.000000	0.000000	0.843750	0.062500	0.031250	0.468750	0.406250	0.812500	0.093750	0.468750	0.468750	0.406250	0.031250	0.562500	0.000000	0.093750	0.000000	0.000000	0.000000	0.000000	0.000000

EMS_pos_pattern_35
0.137931	0.103448	0.172414	0.241379	0.379310	0.241379	0.344828	0.482759	0.034483	0.034483	0.034483	0.000000	0.034483	0.000000	0.620690	0.103448	0.172414
0.000000	0.206897	0.103448	0.137931	0.172414	0.206897	0.137931	0.103448	0.965517	0.896552	0.000000	0.965517	0.000000	0.000000	0.000000	0.517241	0.655172
0.206897	0.275862	0.586207	0.172414	0.275862	0.172414	0.172414	0.310345	0.000000	0.000000	0.965517	0.000000	0.000000	0.965517	0.172414	0.275862	0.034483
0.655172	0.413793	0.137931	0.448276	0.172414	0.379310	0.344828	0.103448	0.000000	0.068966	0.000000	0.034483	0.965517	0.034483	0.206897	0.103448	0.137931

EMS_pos_pattern_36
0.045455
0.000000
0.863636
0.090909

EMS_pos_pattern_4
0.187513	0.651582	0.033103	0.198198	0.032474	0.002095	0.001048	0.001676	0.038131	0.122145
0.385921	0.047350	0.613032	0.020113	0.029541	0.988686	0.993296	0.010895	0.116489	0.183113
0.178295	0.246595	0.017180	0.020323	0.011523	0.004400	0.001048	0.930861	0.780641	0.102661
0.248272	0.054473	0.336686	0.761366	0.926461	0.004819	0.004609	0.056568	0.064739	0.592080

EMS_pos_pattern_5
0.245370	0.247454	0.006250	0.007407	0.963426	0.000000	0.006250	0.024769	0.121991	0.889352	0.108565
0.212269	0.030093	0.008796	0.028935	0.006481	0.993056	0.000694	0.041667	0.762731	0.024306	0.237963
0.196065	0.664815	0.006019	0.939815	0.017361	0.000694	0.992593	0.032639	0.094213	0.039352	0.106019
0.346296	0.057639	0.978935	0.023843	0.012731	0.006250	0.000463	0.900926	0.021065	0.046991	0.547454

EMS_pos_pattern_6
0.197720	0.038932	0.233871	0.157953	0.090378	0.212736	0.162403	0.010845	0.015017	0.966073	0.032814	0.093437	0.048665	0.023915	0.061179	0.095106	0.136819	0.179922	0.127086
0.434372	0.256396	0.320078	0.199944	0.041157	0.261680	0.703281	0.967186	0.924917	0.005562	0.025584	0.055061	0.835651	0.597330	0.634038	0.530311	0.571190	0.239711	0.571746
0.187709	0.047831	0.103448	0.574527	0.444105	0.160456	0.026418	0.006396	0.008621	0.016685	0.915462	0.318409	0.052280	0.025862	0.035317	0.055895	0.068966	0.271135	0.158231
0.180200	0.656841	0.342603	0.067575	0.424360	0.365128	0.107898	0.015573	0.051446	0.011680	0.026140	0.533092	0.063404	0.352892	0.269466	0.318687	0.223026	0.309232	0.142937

EMS_pos_pattern_7
0.221108	0.149819	0.047619	0.004177	0.975773	0.002228	0.016708	0.007240	0.057923	0.662490	0.077416
0.146756	0.024227	0.036202	0.972431	0.006405	0.981342	0.001949	0.025898	0.057087	0.084378	0.275968
0.309106	0.813422	0.028961	0.012253	0.016430	0.000835	0.981064	0.018101	0.874130	0.151490	0.094124
0.323030	0.012531	0.887218	0.011139	0.001392	0.015595	0.000278	0.948761	0.010860	0.101643	0.552492

EMS_pos_pattern_8
0.096108	0.406672	0.129865	0.074265	0.007943	0.932089	0.019063	0.003574	0.005957	0.006354	0.001589	0.551231
0.338761	0.017474	0.809770	0.011517	0.982526	0.027403	0.017871	0.012311	0.966640	0.007546	0.918983	0.090548
0.125894	0.566322	0.047260	0.896743	0.003574	0.015488	0.020254	0.982129	0.003177	0.943606	0.009531	0.200556
0.439237	0.009531	0.013106	0.017474	0.005957	0.025020	0.942812	0.001986	0.024226	0.042494	0.069897	0.157665

EMS_pos_pattern_9
0.163512	0.130890	0.334273	0.084172	0.026178	0.016512	0.020540	0.067257
0.126057	0.673782	0.151430	0.704793	0.027386	0.915828	0.013693	0.622634
0.443012	0.077326	0.362867	0.062827	0.936367	0.010471	0.944019	0.104712
0.267418	0.118002	0.151430	0.148208	0.010068	0.057189	0.021748	0.205397

ecto_aboral_pos_pattern_0
0.201003	0.012142	0.018345	0.008183	0.021512	0.277946	0.210110	0.233734	0.004091	0.001056	0.004619	0.004355	0.002508	0.006731	0.025736	0.193084
0.134750	0.361225	0.001584	0.002508	0.003036	0.321235	0.062822	0.301834	0.955127	0.998284	0.002772	0.002904	0.006995	0.007787	0.097532	0.170252
0.220404	0.013594	0.969381	0.985482	0.852316	0.067045	0.059258	0.148080	0.030619	0.000264	0.002244	0.970041	0.003299	0.961594	0.607100	0.077735
0.443843	0.613039	0.010690	0.003827	0.123136	0.333773	0.667810	0.316352	0.010162	0.000396	0.990366	0.022700	0.987198	0.023888	0.269632	0.558928

ecto_aboral_pos_pattern_1
0.256169	0.055943	0.087587	0.007534	0.063854	0.985120	0.010925	0.003956	0.006404	0.026559	0.084197	0.030891
0.355999	0.137502	0.506498	0.089659	0.074025	0.004144	0.003390	0.002637	0.000753	0.009795	0.437182	0.300433
0.051045	0.164626	0.193257	0.007534	0.789226	0.006969	0.003956	0.005274	0.990582	0.952345	0.027124	0.045583
0.336787	0.641929	0.212658	0.895272	0.072895	0.003767	0.981729	0.988133	0.002260	0.011302	0.451497	0.623093

ecto_aboral_pos_pattern_10
0.320478	0.588396	0.007167	0.026280	0.003072	0.003754	0.024232	0.007850	0.704437	0.111604	0.144027
0.165188	0.065188	0.980205	0.939590	0.002048	0.982935	0.013652	0.005461	0.038908	0.697270	0.656655
0.239249	0.176451	0.008191	0.005802	0.993515	0.007850	0.032765	0.974061	0.165870	0.067577	0.039932
0.275085	0.169966	0.004437	0.028328	0.001365	0.005461	0.929352	0.012628	0.090785	0.123549	0.159386

ecto_aboral_pos_pattern_11
0.243085	0.161702	0.116489	0.149468	0.218617	0.065426	0.081915	0.045213	0.029255	0.129787	0.032447	0.029255	0.078191	0.125000
0.432447	0.550532	0.607979	0.544149	0.270213	0.816489	0.790957	0.888830	0.915426	0.113298	0.861702	0.907979	0.821277	0.665426
0.097340	0.103191	0.086170	0.119681	0.089362	0.050000	0.061170	0.025000	0.026596	0.060638	0.035638	0.025000	0.035106	0.057447
0.227128	0.184574	0.189362	0.186702	0.421809	0.068085	0.065957	0.040957	0.028723	0.696277	0.070213	0.037766	0.065426	0.152128

ecto_aboral_pos_pattern_12
0.198683	0.164654	0.032382	0.031833	0.016465	0.059824	0.083974	0.053238	0.197036
0.351811	0.096048	0.894621	0.019210	0.941822	0.021405	0.492865	0.085620	0.621295
0.189901	0.630077	0.025247	0.922064	0.024698	0.877058	0.127333	0.766191	0.095499
0.259605	0.109221	0.047750	0.026894	0.017014	0.041712	0.295829	0.094951	0.086169

ecto_aboral_pos_pattern_13
0.185682	0.065996	0.206935	0.095638	0.630313	0.017897	0.060403	0.016779	0.187919	0.013982	0.037472	0.715884	0.145414	0.047539	0.129754	0.501678	0.288031	0.073266
0.277964	0.044743	0.190157	0.398770	0.127517	0.752796	0.003356	0.776846	0.091723	0.246085	0.373043	0.008389	0.401566	0.179530	0.010626	0.279083	0.264541	0.470917
0.155481	0.521812	0.083333	0.048098	0.054251	0.010626	0.933445	0.201902	0.069911	0.003356	0.520694	0.264541	0.258389	0.030761	0.788591	0.204139	0.166107	0.081096
0.380872	0.367450	0.519575	0.457494	0.187919	0.218680	0.002796	0.004474	0.650447	0.736577	0.068792	0.011186	0.194631	0.742170	0.071029	0.015101	0.281320	0.374720

ecto_aboral_pos_pattern_14
0.145639	0.074766	0.007009	0.010125	0.012461	0.330218	0.374611	0.092679	0.272586	0.002336	0.527259
0.269470	0.183801	0.985202	0.950156	0.958723	0.269470	0.146417	0.017134	0.029595	0.007009	0.029595
0.218069	0.037383	0.004673	0.004673	0.009346	0.137072	0.138629	0.872274	0.644081	0.985981	0.333333
0.366822	0.704050	0.003115	0.035047	0.019470	0.263240	0.340343	0.017913	0.053738	0.004673	0.109813

ecto_aboral_pos_pattern_15
0.469459	0.805410	0.013962	0.021815	0.000000	0.001745	0.934555	0.876091	0.222513	0.055846
0.137871	0.032286	0.932810	0.968586	0.000000	0.002618	0.007853	0.009599	0.041885	0.189354
0.164049	0.095113	0.034031	0.007853	1.000000	0.988656	0.010471	0.018325	0.706806	0.033159
0.228621	0.067190	0.019197	0.001745	0.000000	0.006981	0.047120	0.095986	0.028796	0.721640

ecto_aboral_pos_pattern_16
0.333008	0.110352	0.985352	0.001953	0.000000	0.000977	0.840820	0.910156	0.936523	0.054688
0.069336	0.059570	0.000977	0.003906	0.000000	0.968750	0.001953	0.017578	0.024414	0.045898
0.125000	0.015625	0.005859	0.002930	0.982422	0.002930	0.012695	0.032227	0.018555	0.027344
0.472656	0.814453	0.007812	0.991211	0.017578	0.027344	0.144531	0.040039	0.020508	0.872070

ecto_aboral_pos_pattern_17
0.107181	0.031083	0.002144	0.013934	0.120043	0.015005	0.007503	0.915327	0.091104	0.110397	0.118971	0.173633	0.631297	0.837085	0.095391
0.229368	0.004287	0.011790	0.056806	0.022508	0.788853	0.645230	0.015005	0.020364	0.001072	0.027867	0.376206	0.024652	0.056806	0.612004
0.276527	0.958199	0.010718	0.007503	0.811361	0.010718	0.002144	0.025723	0.038585	0.874598	0.817792	0.075027	0.272240	0.053591	0.036442
0.386924	0.006431	0.975348	0.921758	0.046088	0.185423	0.345123	0.043944	0.849946	0.013934	0.035370	0.375134	0.071811	0.052519	0.256163

ecto_aboral_pos_pattern_18
0.196517	0.735075	0.125622	0.026119	0.014925	0.018657	0.205224	0.011194	0.019900	0.013682	0.050995	0.008706	0.732587
0.172886	0.106965	0.333333	0.740050	0.009950	0.883085	0.036070	0.008706	0.003731	0.971393	0.018657	0.939055	0.031095
0.333333	0.029851	0.106965	0.012438	0.971393	0.017413	0.695274	0.927861	0.955224	0.007463	0.226368	0.008706	0.144279
0.297264	0.128109	0.434080	0.221393	0.003731	0.080846	0.063433	0.052239	0.021144	0.007463	0.703980	0.043532	0.092040

ecto_aboral_pos_pattern_19
0.452991	0.581197	0.851282	0.984615	0.991453	0.941880	0.782906	0.078632	0.393162	0.170940
0.073504	0.052991	0.001709	0.000000	0.000000	0.000000	0.023932	0.041026	0.109402	0.124786
0.129915	0.116239	0.049573	0.003419	0.000000	0.006838	0.008547	0.020513	0.064957	0.109402
0.343590	0.249573	0.097436	0.011966	0.008547	0.051282	0.184615	0.859829	0.432479	0.594872

ecto_aboral_pos_pattern_2
0.062365	0.013336	0.027652	0.632281	0.010786	0.001961	0.000784	0.032948	0.086684
0.258286	0.712297	0.481271	0.002746	0.002550	0.001569	0.002157	0.007060	0.201804
0.288488	0.144538	0.009806	0.015493	0.004903	0.003138	0.995882	0.011375	0.117278
0.390861	0.129829	0.481271	0.349480	0.981761	0.993332	0.001177	0.948617	0.594234

ecto_aboral_pos_pattern_20
0.323580	0.552496	0.103270	0.044750	0.425129	0.908778	0.006885	0.373494	0.005164	0.104991	0.046472	0.151463	0.258176	0.120482
0.201377	0.141136	0.051635	0.091222	0.373494	0.022375	0.986231	0.003442	0.970740	0.769363	0.048193	0.289157	0.151463	0.223752
0.160069	0.072289	0.421687	0.242685	0.139415	0.044750	0.000000	0.612737	0.020654	0.046472	0.029260	0.352840	0.399312	0.103270
0.314974	0.234079	0.423408	0.621343	0.061962	0.024096	0.006885	0.010327	0.003442	0.079174	0.876076	0.206540	0.191050	0.552496

ecto_aboral_pos_pattern_21
0.307847	0.555332	0.708249	0.885312	0.917505	0.927565	0.855131	0.923541	0.965795	0.979879	0.945674	0.505030
0.120724	0.070423	0.024145	0.004024	0.010060	0.006036	0.006036	0.002012	0.000000	0.000000	0.010060	0.068410
0.253521	0.177062	0.112676	0.042254	0.024145	0.004024	0.014085	0.010060	0.006036	0.000000	0.010060	0.046278
0.317907	0.197183	0.154930	0.068410	0.048290	0.062374	0.124748	0.064386	0.028169	0.020121	0.034205	0.380282

ecto_aboral_pos_pattern_22
0.201774	0.141907	0.931264	0.000000	0.968958	0.028825	0.000000	0.017738	0.110865	0.135255	0.159645
0.274945	0.066519	0.024390	0.000000	0.019956	0.006652	0.033259	0.011086	0.104213	0.452328	0.543237
0.137472	0.609756	0.022173	0.004435	0.011086	0.000000	0.077605	0.971175	0.745011	0.084257	0.050998
0.385809	0.181818	0.022173	0.995565	0.000000	0.964523	0.889135	0.000000	0.039911	0.328160	0.246120

ecto_aboral_pos_pattern_23
0.101580	0.065463	0.067720	0.047404	0.036117	0.056433	0.512415	0.151242	0.112867	0.144470
0.214447	0.762980	0.029345	0.909707	0.024831	0.864560	0.295711	0.099323	0.124153	0.598194
0.392777	0.049661	0.862302	0.009029	0.875847	0.040632	0.065463	0.200903	0.625282	0.128668
0.291196	0.121896	0.040632	0.033860	0.063205	0.038375	0.126411	0.548533	0.137698	0.128668

ecto_aboral_pos_pattern_24
0.158076	0.711340	0.024055	0.003436	0.017182	0.034364	0.996564	1.000000	0.000000	0.020619	0.735395
0.147766	0.041237	0.085911	0.000000	0.635739	0.006873	0.003436	0.000000	0.000000	0.068729	0.034364
0.164948	0.175258	0.048110	0.993127	0.061856	0.000000	0.000000	0.000000	0.000000	0.395189	0.154639
0.529210	0.072165	0.841924	0.003436	0.285223	0.958763	0.000000	0.000000	1.000000	0.515464	0.075601

ecto_aboral_pos_pattern_25
0.354839	0.536290	0.600806	0.721774	0.725806	0.729839	0.641129	0.822581	0.923387	0.911290	0.895161	0.447581	0.471774	0.350806	0.564516	0.608871	0.858871	0.810484	0.879032	0.725806	0.540323
0.112903	0.108871	0.060484	0.040323	0.056452	0.056452	0.028226	0.008065	0.004032	0.004032	0.012097	0.068548	0.169355	0.108871	0.100806	0.044355	0.020161	0.036290	0.016129	0.056452	0.068548
0.177419	0.096774	0.100806	0.088710	0.072581	0.044355	0.088710	0.020161	0.016129	0.024194	0.036290	0.052419	0.056452	0.129032	0.108871	0.116935	0.036290	0.044355	0.020161	0.044355	0.060484
0.350806	0.254032	0.233871	0.145161	0.141129	0.165323	0.237903	0.145161	0.052419	0.056452	0.052419	0.427419	0.298387	0.411290	0.225806	0.229839	0.084677	0.108871	0.084677	0.173387	0.330645

ecto_aboral_pos_pattern_26
0.079812	0.868545	0.037559	0.953052	0.929577	0.873239	0.098592	0.079812	0.887324	0.070423	0.028169	0.009390	0.004695	0.000000	0.079812	0.000000	0.000000	0.004695	0.004695	0.046948	0.037559	0.093897	0.079812	0.821596	0.093897	0.079812	0.098592
0.028169	0.032864	0.906103	0.004695	0.009390	0.032864	0.018779	0.018779	0.032864	0.046948	0.070423	0.051643	0.971831	0.103286	0.000000	0.000000	0.000000	0.000000	0.000000	0.849765	0.051643	0.840376	0.042254	0.075117	0.023474	0.042254	0.798122
0.075117	0.023474	0.014085	0.014085	0.028169	0.028169	0.821596	0.868545	0.037559	0.830986	0.023474	0.023474	0.014085	0.000000	0.000000	0.000000	0.000000	0.995305	0.000000	0.023474	0.061033	0.014085	0.037559	0.028169	0.028169	0.009390	0.042254
0.816901	0.075117	0.042254	0.028169	0.032864	0.065728	0.061033	0.032864	0.042254	0.051643	0.877934	0.915493	0.009390	0.896714	0.920188	1.000000	1.000000	0.000000	0.995305	0.079812	0.849765	0.051643	0.840376	0.075117	0.854460	0.868545	0.061033

ecto_aboral_pos_pattern_27
0.694581	0.684729	0.054187	0.133005	0.068966	0.059113	0.044335	0.660099	0.655172	0.044335	0.044335	0.014778	0.044335	0.990148	0.009852	0.009852	0.009852	0.004926	0.054187
0.029557	0.059113	0.167488	0.738916	0.147783	0.029557	0.694581	0.157635	0.068966	0.142857	0.211823	0.039409	0.083744	0.009852	0.009852	0.000000	0.000000	0.000000	0.083744
0.182266	0.123153	0.694581	0.083744	0.024631	0.802956	0.201970	0.073892	0.019704	0.029557	0.093596	0.019704	0.807882	0.000000	0.000000	0.000000	0.990148	0.975369	0.605911
0.093596	0.133005	0.083744	0.044335	0.758621	0.108374	0.059113	0.108374	0.256158	0.783251	0.650246	0.926108	0.064039	0.000000	0.980296	0.990148	0.000000	0.019704	0.256158

ecto_aboral_pos_pattern_28
0.163399	0.209150	0.189542	0.111111	0.071895	0.039216	0.013072	0.019608	0.196078	0.673203	0.052288	0.039216	0.000000	0.241830	0.196078	0.104575	0.130719	0.228758	0.071895	0.071895	0.084967	0.071895	0.163399	0.496732	0.522876
0.542484	0.117647	0.555556	0.104575	0.281046	0.888889	0.915033	0.895425	0.686275	0.013072	0.019608	0.013072	0.000000	0.039216	0.620915	0.124183	0.156863	0.503268	0.084967	0.045752	0.052288	0.058824	0.130719	0.156863	0.169935
0.098039	0.071895	0.104575	0.686275	0.032680	0.026144	0.006536	0.052288	0.032680	0.176471	0.908497	0.915033	0.986928	0.189542	0.104575	0.078431	0.078431	0.098039	0.026144	0.803922	0.751634	0.764706	0.117647	0.176471	0.169935
0.196078	0.601307	0.150327	0.098039	0.614379	0.045752	0.065359	0.032680	0.084967	0.137255	0.019608	0.032680	0.013072	0.529412	0.078431	0.692810	0.633987	0.169935	0.816993	0.078431	0.111111	0.104575	0.588235	0.169935	0.137255

ecto_aboral_pos_pattern_29
0.137097	0.266129	0.467742	0.040323	0.669355	0.048387	0.016129	0.104839	0.137097	0.096774
0.395161	0.637097	0.104839	0.951613	0.161290	0.927419	0.967742	0.064516	0.717742	0.604839
0.153226	0.064516	0.306452	0.008065	0.145161	0.008065	0.016129	0.112903	0.080645	0.241935
0.314516	0.032258	0.120968	0.000000	0.024194	0.016129	0.000000	0.717742	0.064516	0.056452

ecto_aboral_pos_pattern_3
0.249273	0.316161	0.305983	0.358538	0.061280	0.450976	0.021396	0.008725	0.058787	0.019942	0.092646	0.325924	0.411093	0.065850	0.325301	0.631076
0.077898	0.045700	0.039260	0.028666	0.052555	0.435189	0.920025	0.012048	0.018280	0.001870	0.034483	0.178853	0.398629	0.578106	0.143747	0.042792
0.504778	0.547154	0.571251	0.588076	0.853760	0.036145	0.011633	0.003116	0.910885	0.974034	0.701496	0.246365	0.077275	0.182592	0.291026	0.281263
0.168052	0.090985	0.083506	0.024720	0.032405	0.077690	0.046946	0.976111	0.012048	0.004155	0.171375	0.248857	0.113004	0.173452	0.239925	0.044869

ecto_aboral_pos_pattern_30
0.170732
0.211382
0.097561
0.520325

ecto_aboral_pos_pattern_31
0.228070	0.087719	0.184211	0.271930	0.157895	0.078947	0.140351	0.017544	0.087719	0.026316	0.017544	0.008772	0.219298	0.105263	0.026316	0.245614	0.035088
0.508772	0.552632	0.587719	0.412281	0.692982	0.824561	0.789474	0.842105	0.263158	0.921053	0.938596	0.894737	0.491228	0.315789	0.043860	0.149123	0.035088
0.131579	0.114035	0.061404	0.052632	0.070175	0.035088	0.000000	0.052632	0.017544	0.026316	0.008772	0.008772	0.105263	0.131579	0.850877	0.429825	0.868421
0.131579	0.245614	0.166667	0.263158	0.078947	0.061404	0.070175	0.087719	0.631579	0.026316	0.035088	0.087719	0.184211	0.447368	0.078947	0.175439	0.061404

ecto_aboral_pos_pattern_32
0.151786	0.696429	0.205357	0.116071	0.089286	0.089286	0.053571	0.008929	0.026786	0.803571	0.000000	0.000000	0.000000	0.080357	0.258929	0.151786	0.098214
0.491071	0.017857	0.017857	0.017857	0.035714	0.098214	0.160714	0.875000	0.357143	0.008929	0.008929	0.000000	0.000000	0.008929	0.098214	0.169643	0.071429
0.008929	0.026786	0.017857	0.026786	0.857143	0.196429	0.160714	0.053571	0.026786	0.017857	0.000000	0.000000	1.000000	0.000000	0.294643	0.035714	0.125000
0.348214	0.258929	0.758929	0.839286	0.017857	0.616071	0.625000	0.062500	0.589286	0.169643	0.991071	1.000000	0.000000	0.910714	0.348214	0.642857	0.705357

ecto_aboral_pos_pattern_33
0.190476	0.000000	0.009524	1.000000	0.019048	0.819048	0.133333	0.447619	0.152381	0.028571	0.152381
0.219048	1.000000	0.990476	0.000000	0.000000	0.057143	0.009524	0.047619	0.038095	0.047619	0.057143
0.419048	0.000000	0.000000	0.000000	0.000000	0.028571	0.019048	0.028571	0.238095	0.904762	0.752381
0.171429	0.000000	0.000000	0.000000	0.980952	0.095238	0.838095	0.476190	0.571429	0.019048	0.038095

ecto_aboral_pos_pattern_34
0.070707
0.060606
0.060606
0.808081

ecto_aboral_pos_pattern_35
0.448980	0.010204	0.020408	0.010204	0.102041	0.000000	0.010204	0.173469	0.132653	0.061224	0.071429	0.102041	0.581633	0.122449	0.132653
0.346939	0.000000	0.918367	0.959184	0.102041	0.979592	0.000000	0.755102	0.051020	0.255102	0.367347	0.448980	0.051020	0.132653	0.051020
0.071429	0.989796	0.020408	0.010204	0.061224	0.000000	0.989796	0.040816	0.061224	0.030612	0.091837	0.316327	0.265306	0.091837	0.612245
0.132653	0.000000	0.040816	0.020408	0.734694	0.020408	0.000000	0.030612	0.755102	0.653061	0.469388	0.132653	0.102041	0.653061	0.204082

ecto_aboral_pos_pattern_36
0.288889	0.088889	0.066667	0.044444	0.755556	0.188889	0.055556	0.000000	0.200000	0.044444	0.088889	0.066667	0.088889	0.077778
0.366667	0.644444	0.855556	0.911111	0.011111	0.400000	0.466667	0.988889	0.700000	0.433333	0.844444	0.844444	0.633333	0.822222
0.100000	0.044444	0.011111	0.000000	0.022222	0.366667	0.166667	0.011111	0.055556	0.011111	0.022222	0.033333	0.122222	0.033333
0.244444	0.222222	0.066667	0.044444	0.211111	0.044444	0.311111	0.000000	0.044444	0.511111	0.044444	0.055556	0.155556	0.066667

ecto_aboral_pos_pattern_37
0.191011	0.359551	0.168539	0.078652	0.101124	0.123596	0.404494	0.112360	0.044944	0.000000	0.022472	0.808989	0.000000	0.000000	0.000000	0.011236	0.112360	0.011236	0.089888	0.078652	0.134831
0.123596	0.224719	0.426966	0.168539	0.460674	0.089888	0.101124	0.112360	0.157303	0.685393	0.629213	0.000000	0.000000	0.000000	0.000000	0.011236	0.359551	0.314607	0.303371	0.123596	0.033708
0.101124	0.033708	0.022472	0.123596	0.393258	0.056180	0.056180	0.089888	0.078652	0.067416	0.011236	0.000000	0.000000	0.000000	1.000000	0.000000	0.044944	0.022472	0.123596	0.471910	0.292135
0.584270	0.382022	0.382022	0.629213	0.044944	0.730337	0.438202	0.685393	0.719101	0.247191	0.337079	0.191011	1.000000	1.000000	0.000000	0.977528	0.483146	0.651685	0.483146	0.325843	0.539326

ecto_aboral_pos_pattern_38
0.011765	0.411765	0.458824	0.458824	0.011765	0.117647	0.470588
0.505882	0.011765	0.035294	0.070588	0.823529	0.494118	0.035294
0.058824	0.541176	0.470588	0.058824	0.047059	0.305882	0.023529
0.423529	0.035294	0.035294	0.411765	0.117647	0.082353	0.470588

ecto_aboral_pos_pattern_39
0.037037	0.432099	0.901235	0.345679	0.037037	0.037037	0.024691	0.024691	0.000000	0.000000	0.975309	0.975309	0.024691	0.987654	0.382716	0.000000	0.000000	0.000000	0.308642	0.012346	0.012346	0.024691	0.000000	0.024691	0.049383	0.000000	0.037037	0.049383	0.012346
0.604938	0.037037	0.024691	0.012346	0.604938	0.024691	0.061728	0.037037	0.987654	1.000000	0.012346	0.000000	0.962963	0.000000	0.000000	0.000000	0.000000	1.000000	0.000000	0.320988	0.037037	0.000000	0.938272	0.012346	0.061728	0.074074	0.654321	0.765432	0.876543
0.012346	0.320988	0.012346	0.617284	0.296296	0.000000	0.000000	0.000000	0.000000	0.000000	0.000000	0.012346	0.012346	0.012346	0.617284	0.000000	1.000000	0.000000	0.012346	0.000000	0.000000	0.950617	0.000000	0.962963	0.851852	0.012346	0.246914	0.012346	0.024691
0.345679	0.209877	0.061728	0.024691	0.061728	0.938272	0.913580	0.938272	0.012346	0.000000	0.012346	0.012346	0.000000	0.000000	0.000000	1.000000	0.000000	0.000000	0.679012	0.666667	0.950617	0.024691	0.061728	0.000000	0.037037	0.913580	0.061728	0.172840	0.086420

ecto_aboral_pos_pattern_4
0.289706	0.551257	0.151945	0.009886	0.929508	0.007307	0.016119	0.006233	0.002794	0.857941	0.016978
0.131958	0.118203	0.190630	0.950355	0.026435	0.947561	0.004298	0.005588	0.016548	0.046207	0.772620
0.354825	0.241350	0.130668	0.018483	0.024500	0.013540	0.974640	0.007737	0.977004	0.048356	0.031807
0.223512	0.089190	0.526757	0.021277	0.019557	0.031593	0.004943	0.980443	0.003654	0.047496	0.178594

ecto_aboral_pos_pattern_40
0.569620	0.164557	0.088608	0.025316	0.556962	0.101266	0.443038	0.000000	0.050633	0.025316	0.139241	0.189873	0.126582	0.784810	0.202532	0.164557	0.177215	0.240506	0.151899	0.113924	0.101266	0.189873	0.215190	0.506329	0.227848
0.037975	0.189873	0.620253	0.126582	0.113924	0.291139	0.063291	0.962025	0.012658	0.949367	0.025316	0.101266	0.569620	0.025316	0.164557	0.151899	0.050633	0.164557	0.202532	0.215190	0.151899	0.202532	0.101266	0.177215	0.531646
0.177215	0.443038	0.189873	0.405063	0.037975	0.379747	0.481013	0.012658	0.936709	0.000000	0.063291	0.025316	0.126582	0.126582	0.544304	0.075949	0.645570	0.594937	0.139241	0.126582	0.101266	0.075949	0.113924	0.215190	0.126582
0.215190	0.202532	0.101266	0.443038	0.291139	0.227848	0.012658	0.025316	0.000000	0.025316	0.772152	0.683544	0.177215	0.063291	0.088608	0.607595	0.126582	0.000000	0.506329	0.544304	0.645570	0.531646	0.569620	0.101266	0.113924

ecto_aboral_pos_pattern_41
0.192308	0.589744	0.166667	0.141026	0.205128	0.153846	0.525641	0.653846	0.192308	0.217949	0.730769	0.012821	0.025641	0.000000	0.012821	0.064103	0.000000	0.038462	0.589744	0.076923	0.128205	0.576923
0.602564	0.076923	0.205128	0.179487	0.141026	0.487179	0.141026	0.089744	0.102564	0.564103	0.025641	0.948718	0.000000	0.987179	0.025641	0.743590	0.025641	0.897436	0.025641	0.910256	0.038462	0.141026
0.102564	0.051282	0.038462	0.500000	0.128205	0.076923	0.012821	0.153846	0.141026	0.089744	0.064103	0.012821	0.974359	0.000000	0.948718	0.089744	0.961538	0.012821	0.051282	0.000000	0.551282	0.205128
0.102564	0.282051	0.589744	0.179487	0.525641	0.282051	0.320513	0.102564	0.564103	0.128205	0.179487	0.025641	0.000000	0.012821	0.012821	0.102564	0.012821	0.051282	0.333333	0.012821	0.282051	0.076923

ecto_aboral_pos_pattern_42
0.238806	0.164179	0.164179	0.641791	0.298507	0.208955	0.074627	0.104478	0.044776	0.029851	0.358209	0.044776	0.089552	0.089552	0.134328	0.134328
0.492537	0.582090	0.686567	0.119403	0.238806	0.074627	0.865672	0.776119	0.910448	0.880597	0.119403	0.716418	0.582090	0.686567	0.417910	0.552239
0.134328	0.089552	0.044776	0.074627	0.402985	0.194030	0.029851	0.000000	0.029851	0.029851	0.044776	0.119403	0.164179	0.134328	0.268657	0.119403
0.134328	0.164179	0.104478	0.164179	0.059701	0.522388	0.029851	0.119403	0.014925	0.059701	0.477612	0.119403	0.164179	0.089552	0.179104	0.194030

ecto_aboral_pos_pattern_43
0.078431	0.254902
0.196078	0.490196
0.058824	0.078431
0.666667	0.176471

ecto_aboral_pos_pattern_44
0.098039
0.803922
0.000000
0.098039

ecto_aboral_pos_pattern_45
0.880000	0.100000
0.040000	0.060000
0.060000	0.020000
0.020000	0.820000

ecto_aboral_pos_pattern_46
0.541667	0.437500	0.666667	0.770833	0.729167	0.645833	0.895833	0.979167	0.958333	0.958333	0.395833	0.250000	0.250000	0.437500	0.312500	0.520833	0.375000	0.416667	0.395833	0.437500	0.520833	0.291667	0.333333	0.437500
0.083333	0.187500	0.041667	0.020833	0.083333	0.041667	0.000000	0.000000	0.000000	0.000000	0.145833	0.291667	0.229167	0.187500	0.229167	0.083333	0.229167	0.125000	0.145833	0.145833	0.083333	0.166667	0.125000	0.041667
0.104167	0.062500	0.062500	0.104167	0.083333	0.062500	0.020833	0.020833	0.000000	0.000000	0.000000	0.062500	0.104167	0.229167	0.125000	0.104167	0.125000	0.145833	0.062500	0.166667	0.166667	0.125000	0.166667	0.083333
0.270833	0.312500	0.229167	0.104167	0.104167	0.250000	0.083333	0.000000	0.041667	0.041667	0.458333	0.395833	0.416667	0.145833	0.333333	0.291667	0.270833	0.312500	0.395833	0.250000	0.229167	0.416667	0.375000	0.437500

ecto_aboral_pos_pattern_47
0.047619	0.047619	0.000000	0.000000	0.047619	0.000000	0.000000	0.952381	0.023810	0.000000	0.000000	0.976190	0.023810	0.047619	0.023810	0.000000	0.047619	0.857143	0.023810	0.928571	0.023810	0.047619	0.000000	0.023810	0.095238
0.000000	0.047619	0.095238	0.047619	0.000000	0.000000	0.023810	0.000000	0.976190	1.000000	1.000000	0.000000	0.023810	0.000000	0.928571	0.047619	0.000000	0.071429	0.952381	0.000000	0.023810	0.023810	0.952381	0.047619	0.047619
0.952381	0.857143	0.023810	0.047619	0.047619	0.071429	0.023810	0.023810	0.000000	0.000000	0.000000	0.023810	0.047619	0.952381	0.047619	0.023810	0.047619	0.047619	0.023810	0.000000	0.000000	0.904762	0.000000	0.928571	0.857143
0.000000	0.047619	0.880952	0.904762	0.904762	0.928571	0.952381	0.023810	0.000000	0.000000	0.000000	0.000000	0.904762	0.000000	0.000000	0.928571	0.904762	0.023810	0.000000	0.071429	0.952381	0.023810	0.047619	0.000000	0.000000

ecto_aboral_pos_pattern_48
0.050000	0.125000	0.225000	0.100000	0.150000	0.025000	0.000000	0.000000	0.975000	0.000000	0.075000	0.000000	0.825000	0.525000	0.075000	0.125000	0.350000	0.200000
0.100000	0.100000	0.100000	0.525000	0.175000	0.000000	0.075000	0.900000	0.000000	0.925000	0.000000	0.925000	0.075000	0.050000	0.600000	0.200000	0.525000	0.000000
0.275000	0.425000	0.125000	0.100000	0.450000	0.950000	0.025000	0.025000	0.000000	0.000000	0.875000	0.000000	0.000000	0.050000	0.025000	0.625000	0.050000	0.100000
0.575000	0.350000	0.550000	0.275000	0.225000	0.025000	0.900000	0.075000	0.025000	0.075000	0.050000	0.075000	0.100000	0.375000	0.300000	0.050000	0.075000	0.700000

ecto_aboral_pos_pattern_49
0.212121	0.030303	0.424242	0.242424	0.030303	0.000000	0.000000	1.000000	0.000000	0.000000	0.000000	0.454545	0.303030	0.030303	0.333333	0.060606	0.151515	0.121212	0.272727	0.272727	0.181818	0.787879	0.212121
0.272727	0.181818	0.242424	0.242424	0.000000	0.000000	0.909091	0.000000	0.969697	0.000000	0.939394	0.060606	0.303030	0.454545	0.060606	0.515152	0.090909	0.515152	0.090909	0.151515	0.484848	0.151515	0.515152
0.272727	0.242424	0.090909	0.060606	0.969697	0.000000	0.060606	0.000000	0.000000	1.000000	0.030303	0.212121	0.060606	0.242424	0.333333	0.242424	0.242424	0.212121	0.303030	0.090909	0.212121	0.060606	0.030303
0.242424	0.545455	0.242424	0.454545	0.000000	1.000000	0.030303	0.000000	0.030303	0.000000	0.030303	0.272727	0.333333	0.272727	0.272727	0.181818	0.515152	0.151515	0.333333	0.484848	0.121212	0.000000	0.242424

ecto_aboral_pos_pattern_5
0.232019	0.568445	0.027842	0.008250	0.954885	0.001289	0.005929	0.003094	0.026295	0.991750	0.021139
0.174530	0.091776	0.043568	0.030162	0.010312	0.976025	0.000258	0.004125	0.952565	0.001805	0.702243
0.267079	0.254963	0.014179	0.812323	0.021139	0.003609	0.993297	0.000773	0.019077	0.003609	0.022686
0.326373	0.084816	0.914411	0.149265	0.013663	0.019077	0.000516	0.992008	0.002062	0.002836	0.253931

ecto_aboral_pos_pattern_50
0.125000	0.218750	0.687500	0.218750	0.218750	0.562500	0.625000	0.156250	0.062500	0.593750	0.000000	0.000000	0.000000	0.375000	0.000000	0.000000	0.000000	0.000000	0.062500	0.625000	0.000000	0.000000	0.062500	0.031250	0.031250	0.031250
0.375000	0.062500	0.000000	0.156250	0.000000	0.093750	0.000000	0.062500	0.531250	0.031250	0.937500	0.000000	0.968750	0.031250	0.593750	0.406250	0.625000	0.000000	0.718750	0.000000	0.000000	0.031250	0.000000	0.031250	0.625000	0.312500
0.125000	0.718750	0.156250	0.406250	0.093750	0.062500	0.000000	0.312500	0.031250	0.343750	0.031250	1.000000	0.000000	0.562500	0.343750	0.281250	0.000000	0.375000	0.218750	0.000000	0.000000	0.000000	0.906250	0.531250	0.000000	0.000000
0.375000	0.000000	0.156250	0.218750	0.687500	0.281250	0.375000	0.468750	0.375000	0.031250	0.031250	0.000000	0.031250	0.031250	0.062500	0.312500	0.375000	0.625000	0.000000	0.375000	1.000000	0.968750	0.031250	0.406250	0.343750	0.656250

ecto_aboral_pos_pattern_51
0.035714	0.000000
0.964286	0.642857
0.000000	0.035714
0.000000	0.321429

ecto_aboral_pos_pattern_52
0.259259	0.148148	0.148148	0.407407	0.000000	0.000000	0.000000	0.000000	0.851852	0.185185	0.407407	0.000000	0.185185	0.074074	0.555556	0.185185	0.333333
0.148148	0.111111	0.592593	0.518519	0.703704	1.000000	0.000000	0.000000	0.037037	0.074074	0.000000	0.037037	0.000000	0.074074	0.037037	0.148148	0.555556
0.111111	0.111111	0.074074	0.000000	0.185185	0.000000	1.000000	1.000000	0.000000	0.000000	0.518519	0.000000	0.148148	0.851852	0.148148	0.111111	0.037037
0.481481	0.629630	0.185185	0.074074	0.111111	0.000000	0.000000	0.000000	0.111111	0.740741	0.074074	0.962963	0.666667	0.000000	0.259259	0.555556	0.074074

ecto_aboral_pos_pattern_53
0.458333	0.333333	0.291667	0.333333	0.208333	0.250000	0.250000	0.166667	0.208333	0.458333	0.416667	0.291667	0.166667	0.291667	0.166667	0.125000	0.000000	0.000000	0.000000	0.083333	0.000000	0.041667	0.541667	0.000000	0.333333	0.125000
0.041667	0.250000	0.291667	0.208333	0.083333	0.208333	0.375000	0.416667	0.166667	0.208333	0.291667	0.250000	0.708333	0.666667	0.750000	0.583333	0.541667	0.750000	1.000000	0.208333	0.958333	0.916667	0.416667	0.375000	0.208333	0.083333
0.416667	0.041667	0.083333	0.208333	0.333333	0.375000	0.125000	0.041667	0.041667	0.083333	0.000000	0.375000	0.041667	0.000000	0.000000	0.166667	0.375000	0.000000	0.000000	0.541667	0.041667	0.000000	0.000000	0.041667	0.000000	0.250000
0.083333	0.375000	0.333333	0.250000	0.375000	0.166667	0.250000	0.375000	0.583333	0.250000	0.291667	0.083333	0.083333	0.041667	0.083333	0.125000	0.083333	0.250000	0.000000	0.166667	0.000000	0.041667	0.041667	0.583333	0.458333	0.541667

ecto_aboral_pos_pattern_54
0.142857	0.000000	0.142857	0.142857	0.047619	0.142857	0.000000	0.000000	0.761905	0.095238	0.000000	0.000000	0.000000	0.285714	0.000000	0.000000	0.285714	0.047619
0.238095	0.619048	0.523810	0.142857	0.666667	0.523810	1.000000	1.000000	0.047619	0.523810	0.000000	0.904762	1.000000	0.619048	0.857143	0.523810	0.238095	0.714286
0.238095	0.095238	0.142857	0.428571	0.000000	0.000000	0.000000	0.000000	0.190476	0.333333	0.095238	0.000000	0.000000	0.000000	0.047619	0.047619	0.285714	0.095238
0.380952	0.285714	0.190476	0.285714	0.285714	0.333333	0.000000	0.000000	0.000000	0.047619	0.904762	0.095238	0.000000	0.095238	0.095238	0.428571	0.190476	0.142857

ecto_aboral_pos_pattern_55
0.400000
0.300000
0.200000
0.100000

ecto_aboral_pos_pattern_56
0.150000	0.500000
0.050000	0.150000
0.100000	0.050000
0.700000	0.300000

ecto_aboral_pos_pattern_6
0.156277	0.046399	0.019072	0.019926	0.974096	0.004839	0.071734	0.031882
0.285796	0.007686	0.025334	0.857387	0.007116	0.973527	0.011956	0.851978
0.137205	0.920296	0.015656	0.093083	0.011102	0.001423	0.898377	0.061201
0.420723	0.025619	0.939937	0.029604	0.007686	0.020211	0.017933	0.054939

ecto_aboral_pos_pattern_7
0.235362	0.075775	0.075488	0.063146	0.021240	0.009472	0.001722	0.982778	0.006602	0.101894	0.031286	0.002296	0.027555	0.287026	0.556544	0.282721
0.132606	0.064294	0.806831	0.847015	0.002870	0.986510	0.994834	0.005741	0.005741	0.427956	0.009472	0.010046	0.037026	0.062859	0.107922	0.109357
0.519231	0.567738	0.045350	0.073766	0.958381	0.001435	0.002009	0.001722	0.002296	0.131171	0.004879	0.008898	0.796211	0.440873	0.070321	0.065442
0.112801	0.292193	0.072331	0.016073	0.017509	0.002583	0.001435	0.009759	0.985362	0.338978	0.954363	0.978760	0.139208	0.209242	0.265212	0.542480

ecto_aboral_pos_pattern_8
0.361727	0.097554	0.016115	0.014101	0.841151	0.060432	0.397986	0.791942	0.072806	0.119137	0.008058	0.450647	0.131223	0.093237	0.112230	0.033957	0.156547
0.085468	0.833957	0.973525	0.971223	0.015252	0.108201	0.242878	0.041727	0.061583	0.168921	0.978129	0.243741	0.252086	0.248921	0.029640	0.773813	0.037122
0.079137	0.012374	0.005755	0.008345	0.130360	0.380144	0.318561	0.136403	0.170360	0.602014	0.006619	0.021583	0.095827	0.028777	0.698993	0.110504	0.727194
0.473669	0.056115	0.004604	0.006331	0.013237	0.451223	0.040576	0.029928	0.695252	0.109928	0.007194	0.284029	0.520863	0.629065	0.159137	0.081727	0.079137

ecto_aboral_pos_pattern_9
0.151980	0.427522	0.124521	0.094189	0.015964	0.888250	0.014049	0.005428	0.028097	0.012452	0.012452	0.634738
0.354087	0.020434	0.773308	0.018838	0.949872	0.041188	0.018838	0.005109	0.941252	0.013091	0.910920	0.056194
0.137292	0.515964	0.073436	0.846743	0.018199	0.035121	0.026820	0.987229	0.014687	0.920179	0.006386	0.168902
0.356641	0.036079	0.028736	0.040230	0.015964	0.035441	0.940294	0.002235	0.015964	0.054278	0.070243	0.140166

ecto_pharynx_pos_pattern_0
0.200667	0.015910	0.021298	0.010649	0.031948	0.281242	0.212728	0.241596	0.006159	0.003208	0.003336	0.003977	0.003464	0.002566	0.033872	0.185142
0.144983	0.360919	0.004106	0.006928	0.004106	0.323069	0.055042	0.294586	0.946369	0.990634	0.002823	0.001925	0.004619	0.004876	0.096484	0.172825
0.225815	0.016166	0.959969	0.974339	0.838465	0.063639	0.065948	0.151783	0.031691	0.002181	0.001668	0.966641	0.006415	0.973056	0.605466	0.078650
0.428535	0.607005	0.014627	0.008083	0.125481	0.332050	0.666282	0.312035	0.015781	0.003977	0.992173	0.027457	0.985502	0.019502	0.264178	0.563382

ecto_pharynx_pos_pattern_1
0.510090	0.609325	0.951566	0.000278	0.994572	0.962422	0.475296	0.416145	0.159777
0.088796	0.102575	0.012248	0.998887	0.000974	0.016701	0.032568	0.067363	0.182463
0.250661	0.218093	0.004454	0.000139	0.002923	0.008351	0.012526	0.472512	0.634099
0.150452	0.070007	0.031733	0.000696	0.001531	0.012526	0.479610	0.043981	0.023660

ecto_pharynx_pos_pattern_10
0.227378	0.627997	0.063032	0.190642	0.129930	0.003867	0.000773	0.004254	0.066125	0.134571
0.315159	0.059551	0.628384	0.047177	0.035189	0.982212	0.998067	0.001933	0.075019	0.119103
0.154679	0.226218	0.057618	0.051044	0.062645	0.004254	0.000387	0.986079	0.835267	0.061872
0.302784	0.086234	0.250967	0.711137	0.772235	0.009667	0.000773	0.007734	0.023589	0.684455

ecto_pharynx_pos_pattern_11
0.290725	0.227592	0.019875	0.000779	0.996493	0.000000	0.013250	0.004287	0.017537	0.663289	0.035853
0.113796	0.019875	0.041699	0.991037	0.000390	0.994934	0.002728	0.013250	0.018316	0.066251	0.375682
0.349961	0.743959	0.025331	0.005846	0.002728	0.000779	0.983242	0.001949	0.960639	0.191738	0.058067
0.245518	0.008574	0.913094	0.002338	0.000390	0.004287	0.000779	0.980514	0.003507	0.078722	0.530398

ecto_pharynx_pos_pattern_12
0.206573	0.312207	0.006260	0.003130	0.987089	0.000000	0.006651	0.010563	0.130673	0.910407	0.050861
0.273083	0.017997	0.005869	0.014085	0.003130	0.998044	0.001174	0.030125	0.825117	0.009390	0.279343
0.139280	0.652582	0.000391	0.954617	0.005086	0.000000	0.991393	0.016041	0.032864	0.052034	0.069249
0.381064	0.017214	0.987480	0.028169	0.004695	0.001956	0.000782	0.943271	0.011346	0.028169	0.600548

ecto_pharynx_pos_pattern_13
0.378243	0.120502	0.936402	0.020084	0.000000	0.000837	0.750628	0.963180	0.994979	0.020084
0.101255	0.072803	0.002510	0.003347	0.000000	0.890377	0.007531	0.008368	0.001674	0.047699
0.152301	0.023431	0.036820	0.002510	0.997490	0.008368	0.003347	0.004184	0.001674	0.038494
0.368201	0.783264	0.024268	0.974059	0.002510	0.100418	0.238494	0.024268	0.001674	0.893724

ecto_pharynx_pos_pattern_14
0.159408	0.137631	0.081882	0.270035	0.052265	0.060105	0.044425	0.047909	0.161150	0.015679	0.013937	0.055749	0.069686	0.070557
0.519164	0.565331	0.670732	0.334495	0.846690	0.821429	0.872822	0.868467	0.241289	0.941638	0.945122	0.865854	0.837108	0.560976
0.128920	0.087108	0.102787	0.107143	0.046167	0.046167	0.035714	0.040070	0.092334	0.010453	0.014808	0.021777	0.016551	0.073171
0.192509	0.209930	0.144599	0.288328	0.054878	0.072300	0.047038	0.043554	0.505226	0.032230	0.026132	0.056620	0.076655	0.295296

ecto_pharynx_pos_pattern_15
0.252500	0.522500	0.672500	0.730000	0.735000	0.000000	1.000000	0.997500	0.920000	0.015000	0.935000
0.317500	0.150000	0.032500	0.042500	0.007500	0.982500	0.000000	0.000000	0.000000	0.865000	0.020000
0.252500	0.042500	0.240000	0.065000	0.225000	0.000000	0.000000	0.000000	0.000000	0.047500	0.025000
0.177500	0.285000	0.055000	0.162500	0.032500	0.017500	0.000000	0.002500	0.080000	0.072500	0.020000

ecto_pharynx_pos_pattern_16
0.106443	0.081232	0.002801	0.030812	0.257703	0.117647	0.002801	0.941176	0.036415	0.450980	0.106443	0.145658	0.714286	0.876751	0.036415
0.204482	0.000000	0.011204	0.064426	0.025210	0.739496	0.955182	0.005602	0.058824	0.005602	0.016807	0.501401	0.030812	0.028011	0.851541
0.212885	0.915966	0.014006	0.011204	0.549020	0.014006	0.000000	0.005602	0.008403	0.501401	0.848739	0.089636	0.207283	0.067227	0.030812
0.476190	0.002801	0.971989	0.893557	0.168067	0.128852	0.042017	0.047619	0.896359	0.042017	0.028011	0.263305	0.047619	0.028011	0.081232

ecto_pharynx_pos_pattern_17
0.313653	0.280443	0.129151	0.022140	0.778598	0.011070	0.018450	0.044280	0.084871	0.538745	0.110701	0.177122	0.321033	0.247232	0.177122	0.468635	0.084871	0.232472	0.073801	0.162362
0.166052	0.125461	0.107011	0.889299	0.007380	0.981550	0.007380	0.107011	0.081181	0.129151	0.265683	0.317343	0.269373	0.151292	0.439114	0.036900	0.771218	0.044280	0.309963	0.143911
0.258303	0.527675	0.154982	0.059041	0.199262	0.000000	0.970480	0.051661	0.785978	0.202952	0.084871	0.206642	0.269373	0.247232	0.221402	0.383764	0.059041	0.608856	0.029520	0.634686
0.261993	0.066421	0.608856	0.029520	0.014760	0.007380	0.003690	0.797048	0.047970	0.129151	0.538745	0.298893	0.140221	0.354244	0.162362	0.110701	0.084871	0.114391	0.586716	0.059041

ecto_pharynx_pos_pattern_18
0.243590	0.188034	0.277778	0.311966	0.132479	0.064103	0.282051	0.076923	0.307692	0.076923	0.230769	0.170940	0.230769
0.393162	0.598291	0.465812	0.192308	0.547009	0.850427	0.500000	0.837607	0.247863	0.803419	0.495726	0.521368	0.491453
0.162393	0.059829	0.085470	0.170940	0.042735	0.038462	0.098291	0.042735	0.064103	0.029915	0.051282	0.047009	0.115385
0.200855	0.153846	0.170940	0.324786	0.277778	0.047009	0.119658	0.042735	0.380342	0.089744	0.222222	0.260684	0.162393

ecto_pharynx_pos_pattern_19
0.440678	0.129944	0.112994	0.576271	0.062147	0.033898	0.056497	0.107345	0.644068	0.079096	0.367232	0.299435	0.570621	0.107345	0.033898	0.853107	0.000000	0.022599	0.016949	0.056497	0.734463	0.056497
0.175141	0.135593	0.338983	0.067797	0.824859	0.045198	0.203390	0.406780	0.152542	0.576271	0.242938	0.276836	0.079096	0.107345	0.875706	0.022599	0.971751	0.016949	0.112994	0.039548	0.112994	0.711864
0.265537	0.146893	0.367232	0.259887	0.016949	0.887006	0.067797	0.367232	0.067797	0.107345	0.265537	0.231638	0.248588	0.118644	0.045198	0.079096	0.011299	0.960452	0.022599	0.870056	0.062147	0.050847
0.118644	0.587571	0.180791	0.096045	0.096045	0.033898	0.672316	0.118644	0.135593	0.237288	0.124294	0.192090	0.101695	0.666667	0.045198	0.045198	0.016949	0.000000	0.847458	0.033898	0.090395	0.180791

ecto_pharynx_pos_pattern_2
0.239898	0.120374	0.137388	0.051467	0.711470	0.035162	0.074295	0.044236
0.192826	0.080675	0.113994	0.826740	0.075996	0.916915	0.026514	0.733730
0.213952	0.689777	0.152985	0.062385	0.156104	0.015454	0.861336	0.046930
0.353325	0.109173	0.595633	0.059407	0.056430	0.032468	0.037856	0.175103

ecto_pharynx_pos_pattern_20
0.068966	0.057471	0.218391	0.068966	0.109195	0.091954	0.293103	0.482759	0.091954	0.068966	0.051724	0.000000	0.005747	0.942529	0.281609	0.045977	0.022989	0.005747	0.028736	0.005747	0.482759	0.051724	0.074713	0.045977	0.051724	0.074713	0.063218	0.051724
0.442529	0.764368	0.068966	0.655172	0.298851	0.500000	0.103448	0.051724	0.454023	0.063218	0.902299	0.982759	0.982759	0.011494	0.022989	0.000000	0.942529	0.821839	0.862069	0.931034	0.057471	0.850575	0.132184	0.873563	0.022989	0.034483	0.586207	0.827586
0.293103	0.051724	0.643678	0.051724	0.465517	0.074713	0.293103	0.350575	0.339080	0.316092	0.000000	0.005747	0.005747	0.040230	0.660920	0.873563	0.011494	0.028736	0.028736	0.011494	0.126437	0.022989	0.091954	0.022989	0.885057	0.839080	0.080460	0.017241
0.195402	0.126437	0.068966	0.224138	0.126437	0.333333	0.310345	0.114943	0.114943	0.551724	0.045977	0.011494	0.005747	0.005747	0.034483	0.080460	0.022989	0.143678	0.080460	0.051724	0.333333	0.074713	0.701149	0.057471	0.040230	0.051724	0.270115	0.103448

ecto_pharynx_pos_pattern_21
0.312977	0.541985	0.267176	0.053435	0.190840	0.198473	0.106870	0.809160	0.038168	0.244275	0.267176	0.076336	0.152672	0.786260	0.076336	0.992366	0.000000	1.000000	0.931298	0.709924	0.068702	0.648855	0.778626	0.206107	0.068702	0.717557	0.190840	0.725191
0.015267	0.053435	0.145038	0.832061	0.709924	0.015267	0.641221	0.030534	0.625954	0.473282	0.045802	0.854962	0.061069	0.068702	0.633588	0.000000	0.992366	0.000000	0.007634	0.015267	0.015267	0.053435	0.068702	0.641221	0.083969	0.137405	0.038168	0.083969
0.045802	0.343511	0.030534	0.045802	0.053435	0.572519	0.076336	0.099237	0.244275	0.175573	0.053435	0.030534	0.732824	0.068702	0.251908	0.000000	0.000000	0.000000	0.061069	0.061069	0.908397	0.259542	0.045802	0.038168	0.618321	0.061069	0.694656	0.053435
0.625954	0.061069	0.557252	0.068702	0.045802	0.213740	0.175573	0.061069	0.091603	0.106870	0.633588	0.038168	0.053435	0.076336	0.038168	0.007634	0.007634	0.000000	0.000000	0.213740	0.007634	0.038168	0.106870	0.114504	0.229008	0.083969	0.076336	0.137405

ecto_pharynx_pos_pattern_22
0.072072	0.801802	0.090090	0.063063	0.666667	0.027027	0.054054	0.135135	0.036036	0.045045	0.090090	0.063063	0.153153	0.099099	0.225225	0.972973	0.000000	0.990991	0.990991	0.819820	0.063063	0.117117	0.738739	0.162162	0.081081	0.090090	0.135135	0.072072	0.144144
0.108108	0.072072	0.036036	0.054054	0.045045	0.072072	0.720721	0.027027	0.072072	0.099099	0.027027	0.207207	0.054054	0.693694	0.018018	0.018018	1.000000	0.000000	0.009009	0.009009	0.036036	0.036036	0.117117	0.063063	0.045045	0.063063	0.720721	0.063063	0.072072
0.090090	0.018018	0.054054	0.009009	0.243243	0.054054	0.099099	0.036036	0.036036	0.027027	0.846847	0.054054	0.090090	0.144144	0.081081	0.000000	0.000000	0.000000	0.000000	0.000000	0.900901	0.846847	0.090090	0.702703	0.072072	0.099099	0.027027	0.072072	0.063063
0.729730	0.108108	0.819820	0.873874	0.045045	0.846847	0.126126	0.801802	0.855856	0.828829	0.036036	0.675676	0.702703	0.063063	0.675676	0.009009	0.000000	0.009009	0.000000	0.171171	0.000000	0.000000	0.054054	0.072072	0.801802	0.747748	0.117117	0.792793	0.720721

ecto_pharynx_pos_pattern_23
0.603774	0.207547	0.500000	0.235849	0.396226	0.339623	0.141509	0.386792	0.198113	0.509434	0.726415	0.311321	0.971698	0.000000	1.000000	1.000000	0.452830	0.320755	0.150943	0.547170	0.235849	0.122642	0.094340
0.075472	0.075472	0.226415	0.084906	0.396226	0.188679	0.339623	0.094340	0.283019	0.094340	0.028302	0.056604	0.018868	1.000000	0.000000	0.000000	0.009434	0.056604	0.339623	0.283019	0.132075	0.641509	0.103774
0.047170	0.471698	0.216981	0.339623	0.094340	0.132075	0.160377	0.358491	0.443396	0.320755	0.150943	0.547170	0.000000	0.000000	0.000000	0.000000	0.000000	0.594340	0.509434	0.094340	0.481132	0.037736	0.169811
0.273585	0.245283	0.056604	0.339623	0.113208	0.339623	0.358491	0.160377	0.075472	0.075472	0.094340	0.084906	0.009434	0.000000	0.000000	0.000000	0.537736	0.028302	0.000000	0.075472	0.150943	0.198113	0.632075

ecto_pharynx_pos_pattern_24
0.123711	0.247423	0.144330	0.360825	0.154639	0.144330	0.113402	0.381443	0.041237	0.206186	0.030928	0.484536	0.092784	0.288660	0.051546	0.536082	0.030928	0.371134
0.597938	0.381443	0.597938	0.412371	0.608247	0.432990	0.783505	0.360825	0.907216	0.474227	0.938144	0.402062	0.752577	0.402062	0.948454	0.412371	0.938144	0.298969
0.092784	0.103093	0.103093	0.113402	0.061856	0.113402	0.041237	0.051546	0.020619	0.082474	0.020619	0.030928	0.000000	0.072165	0.000000	0.020619	0.000000	0.092784
0.185567	0.268041	0.154639	0.113402	0.175258	0.309278	0.061856	0.206186	0.030928	0.237113	0.010309	0.082474	0.154639	0.237113	0.000000	0.030928	0.030928	0.237113

ecto_pharynx_pos_pattern_25
0.037975	0.088608	0.670886	0.126582	0.632911	0.126582	0.151899
0.139241	0.126582	0.113924	0.088608	0.088608	0.645570	0.594937
0.037975	0.139241	0.139241	0.721519	0.164557	0.113924	0.113924
0.784810	0.645570	0.075949	0.063291	0.113924	0.113924	0.139241

ecto_pharynx_pos_pattern_26
0.402597	0.207792	0.649351	0.389610	0.961039	0.000000	1.000000	0.610390	0.714286	0.285714	0.792208	0.051948	0.857143	0.519481	0.597403
0.259740	0.584416	0.116883	0.454545	0.000000	1.000000	0.000000	0.363636	0.025974	0.350649	0.077922	0.870130	0.116883	0.363636	0.038961
0.220779	0.077922	0.207792	0.064935	0.000000	0.000000	0.000000	0.000000	0.000000	0.311688	0.129870	0.012987	0.012987	0.064935	0.103896
0.116883	0.129870	0.025974	0.090909	0.038961	0.000000	0.000000	0.025974	0.259740	0.051948	0.000000	0.064935	0.012987	0.051948	0.259740

ecto_pharynx_pos_pattern_27
0.630137
0.082192
0.150685
0.136986

ecto_pharynx_pos_pattern_28
0.112676	0.690141	0.140845	0.126761	0.802817	0.028169	0.056338	0.845070	0.000000	0.112676	0.070423	0.014085	0.042254	1.000000	0.000000	0.000000	0.000000	0.014085	0.028169	0.042254	0.070423	0.042254	0.014085	0.056338	0.042254	0.028169	0.028169	0.169014
0.042254	0.028169	0.056338	0.126761	0.042254	0.084507	0.056338	0.042254	0.000000	0.028169	0.901408	0.943662	0.098592	0.000000	0.070423	0.000000	0.971831	0.943662	0.140845	0.084507	0.887324	0.014085	0.929577	0.042254	0.028169	0.084507	0.112676	0.028169
0.000000	0.056338	0.014085	0.014085	0.056338	0.042254	0.000000	0.000000	0.985915	0.028169	0.000000	0.000000	0.042254	0.000000	0.929577	0.915493	0.014085	0.000000	0.028169	0.000000	0.000000	0.845070	0.014085	0.887324	0.901408	0.098592	0.070423	0.014085
0.845070	0.225352	0.788732	0.732394	0.098592	0.845070	0.887324	0.112676	0.014085	0.830986	0.028169	0.042254	0.816901	0.000000	0.000000	0.084507	0.014085	0.042254	0.802817	0.873239	0.042254	0.098592	0.042254	0.014085	0.028169	0.788732	0.788732	0.788732

ecto_pharynx_pos_pattern_29
0.019231	0.115385	0.211538	0.211538	0.384615	0.288462	0.384615	0.288462	0.346154	0.384615	0.288462	0.557692	0.000000	0.019231	0.000000	0.000000	0.000000	0.000000	0.692308	0.153846	0.192308
0.423077	0.096154	0.269231	0.173077	0.153846	0.288462	0.134615	0.076923	0.230769	0.153846	0.134615	0.057692	0.980769	0.923077	0.000000	0.980769	0.000000	0.000000	0.057692	0.538462	0.596154
0.057692	0.538462	0.269231	0.307692	0.192308	0.134615	0.307692	0.365385	0.230769	0.057692	0.307692	0.134615	0.019231	0.000000	1.000000	0.000000	0.038462	0.961538	0.057692	0.096154	0.019231
0.500000	0.250000	0.250000	0.307692	0.269231	0.288462	0.173077	0.269231	0.192308	0.403846	0.269231	0.250000	0.000000	0.057692	0.000000	0.019231	0.961538	0.038462	0.192308	0.211538	0.192308

ecto_pharynx_pos_pattern_3
0.121360	0.551714	0.434371	0.033998	0.001148	0.991393	0.990102	0.016067	0.086071	0.884665	0.260795	0.628461
0.372687	0.051929	0.049491	0.903314	0.995123	0.002295	0.001435	0.008607	0.803902	0.009611	0.190504	0.158083
0.137857	0.318749	0.446995	0.006742	0.000430	0.004160	0.005164	0.004590	0.055946	0.101277	0.470808	0.141873
0.368096	0.077607	0.069144	0.055946	0.003299	0.002152	0.003299	0.970736	0.054081	0.004447	0.077894	0.071582

ecto_pharynx_pos_pattern_30
0.195122	0.341463	0.170732
0.048780	0.073171	0.000000
0.658537	0.048780	0.536585
0.097561	0.536585	0.292683

ecto_pharynx_pos_pattern_31
0.175000	0.600000	0.025000	0.700000	0.900000	0.000000	0.300000	0.025000	0.000000	0.000000	0.000000	0.700000	0.300000	0.050000	0.000000	0.700000	0.825000	0.025000	0.000000	1.000000	0.000000	0.000000	0.000000	0.000000	0.025000	0.950000	0.950000	0.625000	0.800000
0.075000	0.325000	0.875000	0.250000	0.050000	0.000000	0.700000	0.900000	0.975000	0.000000	1.000000	0.025000	0.025000	0.000000	0.000000	0.000000	0.025000	0.025000	0.675000	0.000000	0.000000	0.000000	0.000000	0.000000	0.000000	0.000000	0.025000	0.050000	0.100000
0.750000	0.050000	0.050000	0.050000	0.050000	0.700000	0.000000	0.000000	0.000000	1.000000	0.000000	0.275000	0.025000	0.950000	0.325000	0.050000	0.150000	0.950000	0.000000	0.000000	0.000000	1.000000	1.000000	1.000000	0.025000	0.000000	0.025000	0.050000	0.075000
0.000000	0.025000	0.050000	0.000000	0.000000	0.300000	0.000000	0.075000	0.025000	0.000000	0.000000	0.000000	0.650000	0.000000	0.675000	0.250000	0.000000	0.000000	0.325000	0.000000	1.000000	0.000000	0.000000	0.000000	0.950000	0.050000	0.000000	0.275000	0.025000

ecto_pharynx_pos_pattern_32
0.160000	0.160000	0.000000	0.000000	0.000000	0.040000	0.600000	0.080000	0.120000	0.000000	0.000000	0.000000	0.000000	0.000000	0.000000	0.000000	0.160000	0.280000	0.480000	0.160000	0.320000	0.400000
0.240000	0.000000	0.240000	0.000000	0.000000	0.000000	0.160000	0.040000	0.120000	1.000000	1.000000	0.000000	0.000000	0.000000	0.000000	0.040000	0.080000	0.000000	0.200000	0.000000	0.000000	0.320000
0.080000	0.240000	0.040000	0.960000	0.960000	0.800000	0.080000	0.040000	0.120000	0.000000	0.000000	0.000000	1.000000	0.000000	0.640000	0.280000	0.400000	0.000000	0.160000	0.320000	0.520000	0.120000
0.520000	0.600000	0.720000	0.040000	0.040000	0.160000	0.160000	0.840000	0.640000	0.000000	0.000000	1.000000	0.000000	1.000000	0.360000	0.680000	0.360000	0.720000	0.160000	0.520000	0.160000	0.160000

ecto_pharynx_pos_pattern_33
0.217391	0.086957	0.130435	0.043478	0.260870	0.043478	0.217391	0.304348	0.086957	0.000000	0.217391	0.043478	0.695652	0.000000	0.130435	0.304348	0.130435	0.173913	0.086957	0.260870	0.217391	0.086957	0.304348	0.217391
0.347826	0.565217	0.347826	0.782609	0.217391	0.869565	0.217391	0.304348	0.695652	1.000000	0.739130	0.913043	0.000000	0.521739	0.260870	0.652174	0.695652	0.521739	0.782609	0.304348	0.130435	0.652174	0.086957	0.304348
0.130435	0.086957	0.130435	0.173913	0.043478	0.000000	0.478261	0.000000	0.000000	0.000000	0.043478	0.000000	0.086957	0.347826	0.304348	0.000000	0.000000	0.130435	0.000000	0.043478	0.043478	0.130435	0.608696	0.086957
0.304348	0.260870	0.391304	0.000000	0.478261	0.086957	0.086957	0.391304	0.217391	0.000000	0.000000	0.043478	0.217391	0.130435	0.304348	0.043478	0.173913	0.173913	0.130435	0.391304	0.608696	0.130435	0.000000	0.391304

ecto_pharynx_pos_pattern_34
0.000000	0.272727	0.000000	0.000000	0.000000	0.000000	0.000000	0.000000	0.000000	0.090909	0.818182	0.000000	0.045455	0.045455	0.000000
1.000000	0.000000	0.000000	0.000000	1.000000	1.000000	0.045455	0.000000	0.136364	0.863636	0.181818	0.090909	0.000000	0.045455	0.909091
0.000000	0.727273	1.000000	0.954545	0.000000	0.000000	0.000000	0.000000	0.000000	0.000000	0.000000	0.863636	0.090909	0.000000	0.000000
0.000000	0.000000	0.000000	0.045455	0.000000	0.000000	0.954545	1.000000	0.863636	0.045455	0.000000	0.045455	0.863636	0.909091	0.090909

ecto_pharynx_pos_pattern_35
0.142857	0.142857	1.000000	0.000000	0.000000	0.000000	0.952381	1.000000	1.000000	0.095238	0.142857	0.571429	0.619048	0.047619	0.285714	0.380952	0.428571	0.380952	0.333333	0.238095	0.285714
0.000000	0.523810	0.000000	0.000000	0.000000	0.952381	0.000000	0.000000	0.000000	0.000000	0.095238	0.142857	0.095238	0.142857	0.523810	0.047619	0.047619	0.095238	0.047619	0.476190	0.285714
0.666667	0.000000	0.000000	0.000000	1.000000	0.000000	0.000000	0.000000	0.000000	0.047619	0.285714	0.047619	0.142857	0.142857	0.095238	0.380952	0.428571	0.428571	0.190476	0.190476	0.380952
0.190476	0.333333	0.000000	1.000000	0.000000	0.047619	0.047619	0.000000	0.000000	0.857143	0.476190	0.238095	0.142857	0.666667	0.095238	0.190476	0.095238	0.095238	0.428571	0.095238	0.047619

ecto_pharynx_pos_pattern_4
0.191183	0.052989	0.202628	0.189487	0.117423	0.250318	0.133531	0.011234	0.012293	0.970326	0.032217	0.105341	0.052777	0.026918	0.085206	0.075032	0.145401
0.428359	0.273209	0.292921	0.206019	0.048114	0.259856	0.720432	0.962060	0.933658	0.007630	0.025858	0.068461	0.831496	0.625265	0.574608	0.593472	0.540695
0.181433	0.046630	0.120178	0.523103	0.460365	0.158330	0.034972	0.003603	0.012505	0.014413	0.918186	0.335524	0.054896	0.025435	0.042815	0.043451	0.084994
0.199025	0.627173	0.384273	0.081390	0.374099	0.331496	0.111064	0.023103	0.041543	0.007630	0.023739	0.490674	0.060831	0.322382	0.297372	0.288046	0.228911

ecto_pharynx_pos_pattern_5
0.437346	0.539803	0.247420	0.223096	0.159705	0.965848	0.953071	0.326290	0.947666	0.029484	0.003931	0.007862	0.011302	0.019656	0.076658	0.291155
0.152334	0.072236	0.092629	0.433170	0.769287	0.011057	0.010074	0.153563	0.011302	0.016462	0.002211	0.006634	0.967813	0.065356	0.081081	0.549631
0.138821	0.108108	0.121622	0.057494	0.034889	0.014988	0.013268	0.405405	0.021867	0.011548	0.990663	0.976413	0.004423	0.853071	0.757985	0.075184
0.271499	0.279853	0.538329	0.286241	0.036118	0.008108	0.023587	0.114742	0.019165	0.942506	0.003194	0.009091	0.016462	0.061916	0.084275	0.084029

ecto_pharynx_pos_pattern_6
0.301551	0.564739	0.013258	0.014951	0.006770	0.006488	0.036671	0.043724	0.670240	0.120169	0.182511
0.137659	0.088011	0.973484	0.958533	0.001128	0.975740	0.029619	0.019746	0.051904	0.671368	0.582228
0.232440	0.160508	0.006488	0.003949	0.988152	0.007616	0.042595	0.894217	0.154584	0.071932	0.052750
0.328350	0.186742	0.006770	0.022567	0.003949	0.010155	0.891114	0.042313	0.123272	0.136530	0.182511

ecto_pharynx_pos_pattern_7
0.342947	0.593103	0.447962	0.215047	0.048903	0.015361	0.031661	0.060502	0.181191	0.276176
0.136991	0.067398	0.049216	0.015361	0.006897	0.004075	0.014107	0.039498	0.062069	0.108150
0.161129	0.116614	0.079310	0.019122	0.005956	0.003448	0.005329	0.009718	0.030094	0.073981
0.358934	0.222884	0.423511	0.750470	0.938245	0.977116	0.948903	0.890282	0.726646	0.541693

ecto_pharynx_pos_pattern_8
0.118712	0.063380	0.066398	0.134138	0.638833	0.514755	0.253521	0.008719	0.101945	0.686117	0.031522	0.032529	0.441985	0.011066	0.005701	0.007042	0.054997
0.352783	0.757881	0.141516	0.750168	0.030852	0.112676	0.022803	0.007042	0.640174	0.173709	0.123407	0.324950	0.396043	0.174715	0.005366	0.005030	0.015761
0.301140	0.036553	0.763581	0.022468	0.247150	0.245808	0.243796	0.974514	0.143192	0.054997	0.042254	0.278001	0.098256	0.018109	0.975855	0.975184	0.809859
0.227364	0.142186	0.028504	0.093226	0.083166	0.126761	0.479879	0.009725	0.114688	0.085178	0.802817	0.364520	0.063716	0.796110	0.013078	0.012743	0.119383

ecto_pharynx_pos_pattern_9
0.154290	0.436080	0.119362	0.070532	0.008477	0.904035	0.021024	0.013564	0.020346	0.024076	0.015599	0.578840
0.315361	0.031197	0.789420	0.008138	0.971516	0.036962	0.014242	0.007121	0.950492	0.022720	0.895897	0.081044
0.119023	0.505256	0.051882	0.897592	0.009834	0.024076	0.028145	0.971516	0.008477	0.874873	0.009834	0.190234
0.411326	0.027467	0.039335	0.023737	0.010173	0.034927	0.936589	0.007799	0.020685	0.078332	0.078671	0.149881

EMS_ecto_boundary_pos_pattern_0
0.260596	0.082589	0.088431	0.017182	0.055899	0.975945	0.003895	0.004009	0.008591	0.021879	0.072165	0.070561
0.324971	0.136426	0.471821	0.128522	0.093242	0.003666	0.005155	0.001604	0.000802	0.001031	0.447423	0.290149
0.061168	0.173196	0.189003	0.017182	0.727721	0.005956	0.002864	0.001604	0.987171	0.937686	0.042841	0.051775
0.353265	0.607789	0.250745	0.837113	0.123139	0.014433	0.988087	0.992784	0.003436	0.039404	0.437572	0.587514

EMS_ecto_boundary_pos_pattern_1
0.201850	0.029680	0.033920	0.013105	0.043556	0.290376	0.201336	0.229603	0.006424	0.005396	0.010022	0.007838	0.003855	0.003726	0.038032
0.145831	0.380702	0.005011	0.006553	0.003726	0.320956	0.071438	0.270590	0.951818	0.988051	0.004497	0.002827	0.008352	0.010279	0.090197
0.227419	0.016832	0.943338	0.972376	0.828986	0.056020	0.073365	0.158551	0.027753	0.002827	0.004882	0.955544	0.008737	0.949634	0.587177
0.424900	0.572787	0.017731	0.007966	0.123731	0.332648	0.653861	0.341257	0.014005	0.003726	0.980599	0.033792	0.979057	0.036361	0.284595

EMS_ecto_boundary_pos_pattern_10
0.176991	0.086201	0.101278	0.023599	0.018027	0.662734	0.053425	0.030482	0.075057	0.053753	0.083251
0.218945	0.042281	0.828581	0.014749	0.952802	0.060964	0.146509	0.024582	0.781383	0.067519	0.508030
0.115700	0.837758	0.034415	0.940347	0.013766	0.228450	0.052442	0.919043	0.045231	0.784661	0.080302
0.488364	0.033759	0.035726	0.021304	0.015405	0.047853	0.747624	0.025893	0.098328	0.094068	0.328417

EMS_ecto_boundary_pos_pattern_11
0.482581	0.572447	0.240301	0.223278	0.086302	0.967933	0.958432	0.323832	0.958036	0.009501	0.005542	0.004751	0.004751	0.014648	0.069279	0.277910
0.127474	0.064133	0.066112	0.467142	0.866983	0.007918	0.010689	0.119557	0.007918	0.008314	0.000792	0.002771	0.980998	0.039984	0.059778	0.599762
0.125891	0.100950	0.072051	0.043547	0.020190	0.010293	0.013064	0.446952	0.013460	0.007126	0.991291	0.990103	0.004751	0.905384	0.797308	0.056611
0.264054	0.262470	0.621536	0.266033	0.026524	0.013856	0.017815	0.109660	0.020586	0.975059	0.002375	0.002375	0.009501	0.039984	0.073634	0.065717

EMS_ecto_boundary_pos_pattern_12
0.120841	0.059545	0.106392	0.105517	0.648862	0.598074	0.264448	0.003503	0.077933	0.707093	0.038091	0.057356	0.406743	0.014011	0.013573	0.021891	0.063485
0.387916	0.766200	0.083187	0.757443	0.051226	0.066112	0.027145	0.003503	0.679510	0.150175	0.128284	0.351576	0.324431	0.150175	0.005692	0.018827	0.021454
0.294221	0.034151	0.784588	0.031086	0.212785	0.198774	0.214974	0.989930	0.147110	0.063485	0.040718	0.213660	0.161559	0.017951	0.955779	0.925131	0.826182
0.197023	0.140105	0.025832	0.105954	0.087128	0.137040	0.493433	0.003065	0.095447	0.079247	0.792907	0.377408	0.107268	0.817863	0.024956	0.034151	0.088879

EMS_ecto_boundary_pos_pattern_13
0.244608	0.251973	0.126775	0.073119	0.233561	0.097317	0.069963	0.292478	0.077328	0.165702	0.059442	0.186218
0.164124	0.085744	0.063651	0.017885	0.050500	0.049974	0.026302	0.156760	0.089953	0.066807	0.018937	0.056286
0.411888	0.490268	0.703840	0.872699	0.629143	0.776433	0.875329	0.391899	0.725934	0.272488	0.877959	0.579169
0.179379	0.172015	0.105734	0.036297	0.086796	0.076276	0.028406	0.158864	0.106786	0.495003	0.043661	0.178327

EMS_ecto_boundary_pos_pattern_14
0.326052	0.219256	0.965210	0.002427	0.003236	0.067961	0.288835	0.005663	0.778317	0.039644	0.699029
0.132686	0.032362	0.013754	0.000809	0.002427	0.003236	0.003236	0.974919	0.027508	0.203074	0.028317
0.099515	0.088997	0.020227	0.000809	0.016990	0.034790	0.707120	0.000000	0.016181	0.016990	0.080097
0.441748	0.659385	0.000809	0.995955	0.977346	0.894013	0.000809	0.019417	0.177994	0.740291	0.192557

EMS_ecto_boundary_pos_pattern_15
0.167045	0.076136	0.134091	0.876136	0.015909	0.001136	0.017045	0.920455	0.001136	0.839773
0.170455	0.145455	0.064773	0.012500	0.004545	0.002273	0.002273	0.002273	0.994318	0.025000
0.186364	0.040909	0.613636	0.088636	0.004545	0.000000	0.975000	0.028409	0.001136	0.052273
0.476136	0.737500	0.187500	0.022727	0.975000	0.996591	0.005682	0.048864	0.003409	0.082955

EMS_ecto_boundary_pos_pattern_16
0.239796	0.059524	0.239796	0.006803	0.000000	0.008503	0.821429	0.006803	0.768707	0.164966	0.528912
0.224490	0.008503	0.000000	0.001701	0.006803	0.003401	0.008503	0.972789	0.051020	0.265306	0.061224
0.107143	0.020408	0.760204	0.001701	0.006803	0.955782	0.108844	0.003401	0.028912	0.090136	0.159864
0.428571	0.911565	0.000000	0.989796	0.986395	0.032313	0.061224	0.017007	0.151361	0.479592	0.250000

EMS_ecto_boundary_pos_pattern_17
0.368421	0.103158	0.147368	0.564211	0.077895	0.145263	0.031579	0.046316	0.004211	0.012632	0.168421	0.208421	0.086316
0.178947	0.130526	0.134737	0.101053	0.061053	0.711579	0.922105	0.924211	0.000000	0.978947	0.004211	0.010526	0.096842
0.273684	0.111579	0.538947	0.172632	0.751579	0.014737	0.029474	0.010526	0.989474	0.000000	0.772632	0.707368	0.117895
0.178947	0.654737	0.178947	0.162105	0.109474	0.128421	0.016842	0.018947	0.006316	0.008421	0.054737	0.073684	0.698947

EMS_ecto_boundary_pos_pattern_18
0.339450	0.146789	0.149847	0.507645	0.045872	0.171254	0.055046	0.125382	0.596330	0.122324	0.422018	0.299694	0.418960	0.116208	0.018349	0.761468	0.018349	0.042813	0.006116	0.030581	0.798165	0.030581
0.149847	0.137615	0.281346	0.131498	0.712538	0.058104	0.103976	0.305810	0.076453	0.602446	0.192661	0.284404	0.107034	0.186544	0.718654	0.027523	0.914373	0.000000	0.027523	0.100917	0.064220	0.792049
0.311927	0.146789	0.397554	0.214067	0.076453	0.681957	0.064220	0.498471	0.073394	0.100917	0.223242	0.198777	0.363914	0.085627	0.085627	0.183486	0.009174	0.932722	0.027523	0.853211	0.079511	0.039755
0.198777	0.568807	0.171254	0.146789	0.165138	0.088685	0.776758	0.070336	0.253823	0.174312	0.162080	0.217125	0.110092	0.611621	0.177370	0.027523	0.058104	0.024465	0.938838	0.015291	0.058104	0.137615

EMS_ecto_boundary_pos_pattern_19
0.288660	0.015464	0.634021	0.922680	0.969072	0.000000	0.922680	0.000000	0.000000	0.036082	0.412371	0.036082	0.479381	0.144330	0.530928
0.118557	0.505155	0.298969	0.056701	0.005155	0.046392	0.000000	0.000000	0.000000	0.010309	0.000000	0.881443	0.128866	0.242268	0.061856
0.489691	0.025773	0.010309	0.000000	0.000000	0.005155	0.077320	0.000000	0.020619	0.252577	0.582474	0.025773	0.030928	0.097938	0.113402
0.103093	0.453608	0.056701	0.020619	0.025773	0.948454	0.000000	1.000000	0.979381	0.701031	0.005155	0.056701	0.360825	0.515464	0.293814

EMS_ecto_boundary_pos_pattern_2
0.255867	0.339894	0.300908	0.314534	0.056964	0.457797	0.028198	0.015897	0.057343	0.016843	0.090462	0.329296	0.356737	0.087245	0.390613	0.597086
0.091787	0.035579	0.033876	0.036336	0.055450	0.406699	0.892884	0.021385	0.017411	0.006056	0.036525	0.187169	0.480129	0.523467	0.115443	0.046556
0.512491	0.550908	0.582135	0.611847	0.851060	0.061317	0.015140	0.005299	0.905375	0.957797	0.693414	0.250379	0.052612	0.211014	0.280848	0.298827
0.139856	0.073618	0.083081	0.037282	0.036525	0.074186	0.063777	0.957419	0.019871	0.019304	0.179599	0.233157	0.110522	0.178274	0.213096	0.057532

EMS_ecto_boundary_pos_pattern_20
0.159341	0.675824	0.483516	0.565934	0.521978	0.131868	0.186813	0.115385	0.170330	0.659341	0.137363	0.148352	0.076923	0.758242	0.054945	0.000000	0.587912	0.005495	0.208791	0.060440	0.098901	0.021978	0.131868	0.763736	0.065934	0.126374	0.076923	0.126374	0.109890
0.208791	0.082418	0.137363	0.148352	0.219780	0.615385	0.126374	0.395604	0.087912	0.016484	0.054945	0.016484	0.049451	0.142857	0.923077	0.005495	0.115385	0.005495	0.060440	0.697802	0.450549	0.851648	0.500000	0.016484	0.071429	0.181319	0.406593	0.571429	0.620879
0.065934	0.131868	0.280220	0.219780	0.065934	0.131868	0.598901	0.065934	0.065934	0.186813	0.708791	0.653846	0.824176	0.032967	0.010989	0.005495	0.280220	0.983516	0.582418	0.120879	0.021978	0.021978	0.131868	0.153846	0.379121	0.153846	0.027473	0.065934	0.071429
0.565934	0.109890	0.098901	0.065934	0.192308	0.120879	0.087912	0.423077	0.675824	0.137363	0.098901	0.181319	0.049451	0.065934	0.010989	0.989011	0.016484	0.005495	0.148352	0.120879	0.428571	0.104396	0.236264	0.065934	0.483516	0.538462	0.489011	0.236264	0.197802

EMS_ecto_boundary_pos_pattern_21
0.093168	0.031056	0.055901	0.086957	0.826087	0.086957	0.080745	0.000000	0.099379	0.192547	0.049689	0.031056	0.105590	0.006211	0.000000	0.012422	0.000000	0.105590	0.807453	0.813665	0.180124	0.099379	0.086957
0.602484	0.875776	0.850932	0.863354	0.031056	0.049689	0.006211	0.000000	0.198758	0.695652	0.037267	0.149068	0.788820	0.018634	0.000000	0.012422	0.018634	0.024845	0.031056	0.043478	0.049689	0.105590	0.142857
0.043478	0.043478	0.055901	0.012422	0.080745	0.795031	0.813665	0.993789	0.099379	0.043478	0.024845	0.055901	0.037267	0.000000	0.981366	0.888199	0.975155	0.000000	0.068323	0.043478	0.093168	0.149068	0.080745
0.260870	0.049689	0.037267	0.037267	0.062112	0.068323	0.099379	0.006211	0.602484	0.068323	0.888199	0.763975	0.068323	0.975155	0.018634	0.086957	0.006211	0.869565	0.093168	0.099379	0.677019	0.645963	0.689441

EMS_ecto_boundary_pos_pattern_22
0.100671	0.268456	0.060403	0.194631	0.208054	0.093960	0.241611	0.134228	0.100671	0.040268	0.832215	0.087248	0.040268	0.013423	0.134228	0.134228	0.006711	0.060403	0.000000	0.013423	0.000000	0.006711	0.020134	0.785235	0.134228	0.087248	0.114094
0.140940	0.046980	0.617450	0.040268	0.046980	0.053691	0.040268	0.744966	0.771812	0.067114	0.100671	0.013423	0.107383	0.000000	0.033557	0.040268	0.000000	0.919463	0.973154	0.000000	0.013423	0.000000	0.026846	0.026846	0.073826	0.073826	0.355705
0.140940	0.187919	0.073826	0.651007	0.617450	0.805369	0.664430	0.046980	0.073826	0.859060	0.053691	0.885906	0.046980	0.979866	0.818792	0.812081	0.986577	0.006711	0.000000	0.000000	0.986577	0.932886	0.906040	0.046980	0.738255	0.107383	0.107383
0.617450	0.496644	0.248322	0.114094	0.127517	0.046980	0.053691	0.073826	0.053691	0.033557	0.013423	0.013423	0.805369	0.006711	0.013423	0.013423	0.006711	0.013423	0.026846	0.986577	0.000000	0.060403	0.046980	0.140940	0.053691	0.731544	0.422819

EMS_ecto_boundary_pos_pattern_23
0.382550	0.322148	0.302013	0.006711	0.818792	0.020134	0.000000	0.040268	0.013423	0.020134	0.013423	0.832215	0.617450	0.134228
0.134228	0.087248	0.181208	0.885906	0.080537	0.000000	0.986577	0.228188	0.000000	0.087248	0.872483	0.026846	0.201342	0.140940
0.221477	0.530201	0.060403	0.080537	0.080537	0.973154	0.006711	0.255034	0.986577	0.020134	0.020134	0.067114	0.053691	0.134228
0.261745	0.060403	0.456376	0.026846	0.020134	0.006711	0.006711	0.476510	0.000000	0.872483	0.093960	0.073826	0.127517	0.590604

EMS_ecto_boundary_pos_pattern_24
0.018018	0.657658	0.792793	0.045045	0.072072	0.936937	0.081081	0.081081	0.054054	0.099099	0.081081
0.000000	0.045045	0.036036	0.945946	0.063063	0.009009	0.000000	0.081081	0.765766	0.063063	0.081081
0.963964	0.234234	0.072072	0.000000	0.117117	0.027027	0.909910	0.090090	0.072072	0.054054	0.099099
0.018018	0.063063	0.099099	0.009009	0.747748	0.027027	0.009009	0.747748	0.108108	0.783784	0.738739

EMS_ecto_boundary_pos_pattern_25
0.268817	0.096774	0.161290	0.107527	0.817204	0.032258	0.010753	0.043011	0.021505	0.860215	0.709677	0.602151	0.010753	0.000000	0.935484	0.021505	0.032258	0.010753	0.010753	0.053763	0.043011	0.021505	0.838710	0.817204	0.860215	0.107527	0.086022	0.129032
0.043011	0.032258	0.053763	0.204301	0.010753	0.849462	0.924731	0.010753	0.978495	0.010753	0.021505	0.010753	0.000000	1.000000	0.021505	0.580645	0.010753	0.032258	0.064516	0.021505	0.021505	0.000000	0.043011	0.032258	0.064516	0.236559	0.580645	0.032258
0.344086	0.827957	0.709677	0.612903	0.086022	0.086022	0.000000	0.946237	0.000000	0.043011	0.236559	0.075269	0.956989	0.000000	0.032258	0.021505	0.000000	0.935484	0.053763	0.086022	0.924731	0.946237	0.053763	0.075269	0.032258	0.612903	0.053763	0.043011
0.344086	0.043011	0.075269	0.075269	0.086022	0.032258	0.064516	0.000000	0.000000	0.086022	0.032258	0.311828	0.032258	0.000000	0.010753	0.376344	0.956989	0.021505	0.870968	0.838710	0.010753	0.032258	0.064516	0.075269	0.043011	0.043011	0.279570	0.795699

EMS_ecto_boundary_pos_pattern_26
0.768293	0.146341	0.829268	0.195122	0.951220	0.304878	0.963415	0.182927	0.792683	0.231707	0.719512	0.109756	0.780488	0.085366	0.841463	0.134146	0.865854	0.073171	0.914634	0.060976	0.878049	0.097561	0.853659	0.170732	0.804878
0.060976	0.085366	0.024390	0.024390	0.000000	0.000000	0.000000	0.024390	0.085366	0.024390	0.024390	0.073171	0.012195	0.036585	0.036585	0.024390	0.012195	0.024390	0.036585	0.024390	0.060976	0.060976	0.036585	0.000000	0.036585
0.048780	0.060976	0.024390	0.073171	0.024390	0.012195	0.012195	0.048780	0.036585	0.024390	0.036585	0.024390	0.060976	0.060976	0.000000	0.060976	0.036585	0.036585	0.012195	0.073171	0.012195	0.109756	0.024390	0.097561	0.036585
0.121951	0.707317	0.121951	0.707317	0.024390	0.682927	0.024390	0.743902	0.085366	0.719512	0.219512	0.792683	0.146341	0.817073	0.121951	0.780488	0.085366	0.865854	0.036585	0.841463	0.048780	0.731707	0.085366	0.731707	0.121951

EMS_ecto_boundary_pos_pattern_27
0.066667	0.053333	0.013333	0.053333	0.053333	0.026667	0.040000	0.093333	0.040000	0.013333	0.866667	0.026667	0.000000	0.066667	0.013333	0.000000	0.000000	0.000000	0.840000	0.080000	0.920000	0.093333	0.053333	0.080000	0.093333	0.053333	0.106667
0.800000	0.066667	0.013333	0.026667	0.026667	0.000000	0.026667	0.040000	0.786667	0.000000	0.040000	0.026667	0.000000	0.013333	0.000000	0.893333	0.000000	0.026667	0.013333	0.040000	0.000000	0.066667	0.026667	0.066667	0.040000	0.080000	0.773333
0.040000	0.026667	0.053333	0.053333	0.866667	0.040000	0.840000	0.040000	0.106667	0.986667	0.066667	0.893333	0.986667	0.080000	0.986667	0.000000	1.000000	0.933333	0.093333	0.040000	0.053333	0.040000	0.000000	0.826667	0.026667	0.040000	0.026667
0.093333	0.853333	0.920000	0.866667	0.053333	0.933333	0.093333	0.826667	0.066667	0.000000	0.026667	0.053333	0.013333	0.840000	0.000000	0.106667	0.000000	0.040000	0.053333	0.840000	0.026667	0.800000	0.920000	0.026667	0.840000	0.826667	0.093333

EMS_ecto_boundary_pos_pattern_28
0.066667
0.900000
0.000000
0.033333

EMS_ecto_boundary_pos_pattern_29
0.127660	0.148936	0.212766	0.531915	0.531915	0.361702	0.574468	0.212766	0.127660	0.319149	0.148936	0.021277	0.893617	0.000000	0.000000	0.000000	0.000000	0.787234	0.000000	0.127660	0.276596	0.148936	0.255319	0.425532	0.170213
0.127660	0.085106	0.063830	0.170213	0.085106	0.170213	0.127660	0.063830	0.170213	0.085106	0.170213	0.851064	0.021277	0.829787	0.000000	0.021277	0.021277	0.085106	0.893617	0.489362	0.404255	0.106383	0.000000	0.148936	0.085106
0.425532	0.085106	0.553191	0.106383	0.191489	0.148936	0.042553	0.148936	0.553191	0.255319	0.446809	0.042553	0.063830	0.021277	1.000000	0.000000	0.978723	0.085106	0.000000	0.170213	0.106383	0.489362	0.170213	0.170213	0.297872
0.319149	0.680851	0.170213	0.191489	0.191489	0.319149	0.255319	0.574468	0.148936	0.340426	0.234043	0.085106	0.021277	0.148936	0.000000	0.978723	0.000000	0.042553	0.106383	0.212766	0.212766	0.255319	0.574468	0.255319	0.446809

EMS_ecto_boundary_pos_pattern_3
0.394498	0.603537	0.794891	0.923115	0.941292	0.971260	0.862196	0.695407	0.554655
0.101449	0.062884	0.018669	0.005895	0.004913	0.004176	0.011791	0.032670	0.075657
0.137804	0.074675	0.042496	0.023090	0.015721	0.007369	0.019406	0.031933	0.053549
0.366249	0.258904	0.143945	0.047900	0.038074	0.017195	0.106608	0.239990	0.316139

EMS_ecto_boundary_pos_pattern_30
0.173913	0.282609	0.130435	0.043478	0.826087	0.000000	0.065217	0.000000	0.043478	0.826087	0.043478	0.304348	0.282609	0.369565	0.217391
0.152174	0.086957	0.152174	0.739130	0.021739	0.739130	0.000000	0.000000	0.130435	0.000000	0.695652	0.217391	0.282609	0.217391	0.326087
0.369565	0.565217	0.065217	0.130435	0.130435	0.043478	0.934783	0.000000	0.804348	0.108696	0.021739	0.239130	0.130435	0.195652	0.043478
0.304348	0.065217	0.652174	0.086957	0.021739	0.217391	0.000000	1.000000	0.021739	0.065217	0.239130	0.239130	0.304348	0.217391	0.413043

EMS_ecto_boundary_pos_pattern_31
0.704545	0.181818	0.318182	0.022727	0.022727	0.068182	0.977273	0.954545	0.204545	0.954545	0.000000	0.000000	0.000000	0.000000	0.000000	0.022727	0.068182	0.045455	0.727273	0.250000	0.068182
0.113636	0.068182	0.068182	0.045455	0.704545	0.931818	0.022727	0.000000	0.000000	0.000000	0.022727	0.000000	0.000000	1.000000	0.136364	0.000000	0.909091	0.863636	0.068182	0.022727	0.659091
0.068182	0.068182	0.022727	0.045455	0.068182	0.000000	0.000000	0.022727	0.727273	0.000000	0.000000	1.000000	0.977273	0.000000	0.227273	0.931818	0.000000	0.000000	0.159091	0.659091	0.136364
0.113636	0.681818	0.590909	0.886364	0.204545	0.000000	0.000000	0.022727	0.068182	0.045455	0.977273	0.000000	0.022727	0.000000	0.636364	0.045455	0.022727	0.090909	0.045455	0.068182	0.136364

EMS_ecto_boundary_pos_pattern_32
0.023256	0.093023
0.000000	0.395349
0.906977	0.000000
0.069767	0.511628

EMS_ecto_boundary_pos_pattern_33
0.048780	0.097561	0.390244	0.487805	0.463415
0.073171	0.609756	0.317073	0.048780	0.073171
0.439024	0.121951	0.170732	0.097561	0.365854
0.439024	0.170732	0.121951	0.365854	0.097561

EMS_ecto_boundary_pos_pattern_34
0.102564	0.179487	0.230769	0.410256	0.282051	0.333333	0.102564	0.358974	0.307692	0.564103	0.076923	0.025641	0.897436	0.025641	0.000000	0.000000	0.000000	0.794872	0.025641
0.230769	0.358974	0.205128	0.230769	0.230769	0.256410	0.205128	0.230769	0.051282	0.128205	0.307692	0.974359	0.076923	0.897436	0.000000	0.000000	0.000000	0.025641	0.769231
0.025641	0.000000	0.410256	0.179487	0.025641	0.153846	0.256410	0.153846	0.307692	0.230769	0.128205	0.000000	0.025641	0.000000	1.000000	0.000000	1.000000	0.051282	0.076923
0.641026	0.461538	0.153846	0.179487	0.461538	0.256410	0.435897	0.256410	0.333333	0.076923	0.487179	0.000000	0.000000	0.076923	0.000000	1.000000	0.000000	0.128205	0.128205

EMS_ecto_boundary_pos_pattern_35
0.161290	0.548387	0.161290	0.129032	0.064516	0.032258	0.193548	0.161290	0.161290	0.258065	0.032258	0.193548	0.096774	0.129032	0.064516	0.064516	0.096774	0.096774	0.032258	0.774194	0.096774	0.096774	0.612903	0.580645	0.612903	0.419355	0.516129	0.161290
0.451613	0.096774	0.225806	0.225806	0.000000	0.161290	0.000000	0.129032	0.032258	0.032258	0.032258	0.032258	0.000000	0.129032	0.000000	0.000000	0.064516	0.032258	0.193548	0.064516	0.548387	0.258065	0.193548	0.161290	0.193548	0.258065	0.129032	0.129032
0.258065	0.129032	0.483871	0.193548	0.903226	0.645161	0.193548	0.645161	0.774194	0.645161	0.903226	0.354839	0.870968	0.677419	0.129032	0.935484	0.580645	0.096774	0.193548	0.032258	0.096774	0.161290	0.161290	0.096774	0.064516	0.129032	0.161290	0.129032
0.129032	0.225806	0.129032	0.451613	0.032258	0.161290	0.612903	0.064516	0.032258	0.064516	0.032258	0.419355	0.032258	0.064516	0.806452	0.000000	0.258065	0.774194	0.580645	0.129032	0.258065	0.483871	0.032258	0.161290	0.129032	0.193548	0.193548	0.580645

EMS_ecto_boundary_pos_pattern_36
0.166667	0.066667	0.700000	0.066667	0.366667	0.300000	0.566667	0.000000	0.166667	0.000000	0.033333	0.000000	0.000000	0.033333	0.133333	0.100000	0.133333	0.000000	0.133333	0.000000	0.133333
0.266667	0.200000	0.133333	0.133333	0.033333	0.200000	0.033333	0.033333	0.733333	0.466667	0.033333	0.000000	0.000000	0.000000	0.133333	0.300000	0.800000	0.266667	0.233333	0.000000	0.033333
0.066667	0.633333	0.066667	0.733333	0.466667	0.266667	0.366667	0.833333	0.033333	0.233333	0.000000	1.000000	1.000000	0.966667	0.666667	0.266667	0.066667	0.000000	0.633333	0.766667	0.800000
0.500000	0.100000	0.100000	0.066667	0.133333	0.233333	0.033333	0.133333	0.066667	0.300000	0.933333	0.000000	0.000000	0.000000	0.066667	0.333333	0.000000	0.733333	0.000000	0.233333	0.033333

EMS_ecto_boundary_pos_pattern_37
0.076923	0.576923	0.153846	0.115385	0.000000	0.000000	0.423077	0.000000	0.000000	0.076923	0.923077	0.000000	0.000000	0.000000	0.000000	0.730769	0.038462	0.307692	0.384615	0.000000	0.576923
0.153846	0.076923	0.230769	0.038462	0.076923	0.884615	0.038462	0.115385	0.038462	0.038462	0.000000	0.038462	0.000000	0.000000	0.000000	0.000000	0.692308	0.000000	0.038462	0.230769	0.230769
0.730769	0.076923	0.576923	0.153846	0.846154	0.000000	0.192308	0.846154	0.076923	0.884615	0.038462	0.000000	0.000000	1.000000	1.000000	0.269231	0.000000	0.461538	0.500000	0.000000	0.000000
0.038462	0.269231	0.038462	0.692308	0.076923	0.115385	0.346154	0.038462	0.884615	0.000000	0.038462	0.961538	1.000000	0.000000	0.000000	0.000000	0.269231	0.230769	0.076923	0.769231	0.192308

EMS_ecto_boundary_pos_pattern_38
0.280000	0.200000	0.200000	0.360000	0.360000	0.360000	0.160000	0.040000	0.200000	0.040000	0.080000	0.160000	0.240000	0.200000	0.120000	0.320000	0.080000	0.280000	0.360000	0.240000	0.320000	0.240000	0.640000	0.280000	0.120000	0.360000	0.080000
0.160000	0.200000	0.480000	0.280000	0.160000	0.000000	0.000000	0.000000	0.000000	0.000000	0.000000	0.040000	0.080000	0.280000	0.040000	0.040000	0.480000	0.480000	0.120000	0.280000	0.160000	0.480000	0.040000	0.160000	0.680000	0.160000	0.720000
0.160000	0.080000	0.200000	0.200000	0.320000	0.400000	0.760000	0.800000	0.720000	0.880000	0.880000	0.560000	0.640000	0.280000	0.680000	0.520000	0.200000	0.120000	0.440000	0.280000	0.160000	0.200000	0.240000	0.240000	0.040000	0.360000	0.160000
0.400000	0.520000	0.120000	0.160000	0.160000	0.240000	0.080000	0.160000	0.080000	0.080000	0.040000	0.240000	0.040000	0.240000	0.160000	0.120000	0.240000	0.120000	0.080000	0.200000	0.360000	0.080000	0.080000	0.320000	0.160000	0.120000	0.040000

EMS_ecto_boundary_pos_pattern_39
0.250000	0.041667	0.166667	0.041667	0.291667	0.083333	0.333333	0.125000	0.291667	0.000000	0.166667	0.000000	0.041667	0.291667	0.041667	0.708333	0.500000
0.041667	0.041667	0.000000	0.041667	0.041667	0.000000	0.250000	0.166667	0.083333	0.041667	0.000000	0.083333	0.041667	0.041667	0.583333	0.041667	0.291667
0.416667	0.750000	0.666667	0.833333	0.500000	0.916667	0.333333	0.625000	0.000000	0.583333	0.791667	0.083333	0.916667	0.041667	0.250000	0.125000	0.000000
0.291667	0.166667	0.166667	0.083333	0.166667	0.000000	0.083333	0.083333	0.625000	0.375000	0.041667	0.833333	0.000000	0.625000	0.125000	0.125000	0.208333

EMS_ecto_boundary_pos_pattern_4
0.347261	0.212484	0.025223	0.014013	0.025732	0.010191	0.033121	0.377070	0.083567
0.188790	0.121783	0.008153	0.003057	0.002293	0.024204	0.011210	0.007389	0.572994
0.165605	0.104204	0.011975	0.982166	0.007643	0.023694	0.071083	0.595159	0.077452
0.298344	0.561529	0.954650	0.000764	0.964331	0.941911	0.884586	0.020382	0.265987

EMS_ecto_boundary_pos_pattern_40
0.583333	0.208333	0.291667	0.291667	0.291667	0.250000	0.166667	0.041667	0.083333	0.208333	0.041667	0.000000	0.125000	0.000000	0.416667	0.125000	0.125000	0.458333	0.125000	0.291667	0.208333	0.125000	0.250000
0.041667	0.125000	0.500000	0.625000	0.416667	0.000000	0.166667	0.041667	0.083333	0.041667	0.041667	0.000000	0.041667	0.000000	0.083333	0.041667	0.083333	0.125000	0.125000	0.375000	0.083333	0.083333	0.041667
0.166667	0.541667	0.166667	0.041667	0.166667	0.708333	0.500000	0.875000	0.791667	0.750000	0.333333	1.000000	0.791667	0.791667	0.083333	0.750000	0.708333	0.083333	0.416667	0.041667	0.041667	0.083333	0.041667
0.208333	0.125000	0.041667	0.041667	0.125000	0.041667	0.166667	0.041667	0.041667	0.000000	0.583333	0.000000	0.041667	0.208333	0.416667	0.083333	0.083333	0.333333	0.333333	0.291667	0.666667	0.708333	0.666667

EMS_ecto_boundary_pos_pattern_41
0.681818	0.272727	0.227273	0.000000	0.181818	0.590909	0.000000	0.318182	0.272727	0.363636	0.409091	0.181818	0.272727	0.272727	0.045455	0.000000	0.363636	0.000000	0.000000	0.090909	0.000000
0.090909	0.363636	0.136364	0.090909	0.363636	0.272727	0.818182	0.181818	0.409091	0.045455	0.409091	0.045455	0.045455	0.500000	0.000000	0.909091	0.500000	0.136364	0.000000	0.454545	0.000000
0.181818	0.090909	0.500000	0.272727	0.318182	0.045455	0.045455	0.363636	0.136364	0.500000	0.136364	0.409091	0.681818	0.227273	0.954545	0.045455	0.136364	0.000000	1.000000	0.272727	0.954545
0.045455	0.272727	0.136364	0.636364	0.136364	0.090909	0.136364	0.136364	0.181818	0.090909	0.045455	0.363636	0.000000	0.000000	0.000000	0.045455	0.000000	0.863636	0.000000	0.181818	0.045455

EMS_ecto_boundary_pos_pattern_42
0.095238	0.095238
0.761905	0.190476
0.142857	0.047619
0.000000	0.666667

EMS_ecto_boundary_pos_pattern_43
0.000000	0.619048
0.000000	0.095238
0.000000	0.285714
1.000000	0.000000

EMS_ecto_boundary_pos_pattern_44
0.095238	0.476190	0.285714	0.095238	0.333333	0.285714	0.095238	0.142857	0.238095	0.142857	0.047619	0.095238	0.380952	0.380952	0.047619	0.000000	0.000000	0.047619	0.000000	0.857143	0.142857	0.714286
0.571429	0.190476	0.285714	0.142857	0.285714	0.047619	0.190476	0.285714	0.000000	0.000000	0.095238	0.095238	0.047619	0.095238	0.000000	0.285714	0.000000	0.047619	0.142857	0.047619	0.619048	0.190476
0.142857	0.285714	0.190476	0.571429	0.047619	0.476190	0.523810	0.238095	0.571429	0.761905	0.571429	0.714286	0.571429	0.190476	0.952381	0.000000	0.904762	0.000000	0.666667	0.047619	0.000000	0.095238
0.190476	0.047619	0.238095	0.190476	0.333333	0.190476	0.190476	0.333333	0.190476	0.095238	0.285714	0.095238	0.000000	0.333333	0.000000	0.714286	0.095238	0.904762	0.190476	0.047619	0.238095	0.000000

EMS_ecto_boundary_pos_pattern_45
0.250000	0.050000	0.450000	0.350000	0.550000	0.250000	0.250000	0.050000	0.500000	0.050000	0.050000	0.150000	0.050000	0.150000	0.450000	0.350000	0.200000	0.350000	0.550000	0.050000	0.400000	0.100000
0.300000	0.150000	0.200000	0.050000	0.000000	0.000000	0.000000	0.000000	0.400000	0.850000	0.000000	0.050000	0.000000	0.000000	0.200000	0.450000	0.350000	0.150000	0.000000	0.300000	0.250000	0.250000
0.250000	0.550000	0.200000	0.500000	0.300000	0.750000	0.750000	0.900000	0.100000	0.000000	0.000000	0.750000	0.950000	0.600000	0.150000	0.100000	0.100000	0.400000	0.400000	0.450000	0.100000	0.300000
0.200000	0.250000	0.150000	0.100000	0.150000	0.000000	0.000000	0.050000	0.000000	0.100000	0.950000	0.050000	0.000000	0.250000	0.200000	0.100000	0.350000	0.100000	0.050000	0.200000	0.250000	0.350000

EMS_ecto_boundary_pos_pattern_5
0.247733	0.296191	0.003887	0.001037	0.990671	0.000777	0.013993	0.011661	0.140969	0.871988	0.071521
0.224410	0.016844	0.010106	0.010884	0.000518	0.995595	0.001296	0.037056	0.793729	0.022545	0.274942
0.147448	0.642394	0.001555	0.976419	0.003369	0.000518	0.983675	0.009847	0.053900	0.058564	0.118424
0.380409	0.044571	0.984452	0.011661	0.005442	0.003110	0.001037	0.941436	0.011402	0.046903	0.535113

EMS_ecto_boundary_pos_pattern_6
0.099662	0.403435	0.058559	0.030405	0.011543	0.008164	0.781813	0.021396
0.435248	0.067286	0.730011	0.016892	0.026745	0.027027	0.033221	0.916948
0.150338	0.461712	0.056869	0.930180	0.006194	0.959459	0.037725	0.014358
0.314752	0.067568	0.154561	0.022523	0.955518	0.005349	0.147241	0.047297

EMS_ecto_boundary_pos_pattern_7
0.270766	0.576304	0.101095	0.003542	0.964263	0.005473	0.012234	0.000966	0.001932	0.867032	0.007083
0.127817	0.080167	0.190921	0.927238	0.003220	0.950741	0.001610	0.005151	0.016098	0.033484	0.783645
0.386671	0.293625	0.077270	0.042176	0.025113	0.009015	0.984224	0.000966	0.980361	0.049581	0.023825
0.214746	0.049903	0.630715	0.027044	0.007405	0.034771	0.001932	0.992917	0.001610	0.049903	0.185448

EMS_ecto_boundary_pos_pattern_8
0.182642	0.225065	0.131153	0.154469	0.040803	0.835816	0.015868	0.008096	0.030764	0.011334	0.177785
0.175194	0.045984	0.073510	0.152850	0.887953	0.068653	0.008744	0.980570	0.009391	0.007124	0.170337
0.191710	0.568329	0.717617	0.032707	0.017811	0.029793	0.967940	0.003238	0.898316	0.972150	0.101036
0.450453	0.160622	0.077720	0.659974	0.053433	0.065738	0.007448	0.008096	0.061528	0.009391	0.550842

EMS_ecto_boundary_pos_pattern_9
0.244171	0.709197	0.029145	0.199482	0.055699	0.001619	0.001295	0.003562	0.033355	0.129210
0.347474	0.017163	0.693005	0.015544	0.027526	0.994495	0.996762	0.002915	0.064119	0.110751
0.133744	0.221179	0.020078	0.013601	0.015544	0.001943	0.001295	0.935557	0.854598	0.058614
0.274611	0.052461	0.257772	0.771373	0.901231	0.001943	0.000648	0.057966	0.047927	0.701425

cnidocyte_gastrula_pos_pattern_0
0.198475	0.019511	0.035852	0.017827	0.031693	0.279588	0.209864	0.248490	0.006438	0.002278	0.007824	0.006339	0.004358	0.009409	0.035060	0.189363
0.148856	0.367337	0.005447	0.011984	0.004259	0.316728	0.060117	0.295236	0.942458	0.992770	0.004853	0.002476	0.012578	0.008220	0.106368	0.167376
0.228979	0.019907	0.933347	0.963454	0.822423	0.068337	0.069228	0.153808	0.031792	0.001387	0.003466	0.959691	0.005942	0.956621	0.584431	0.089433
0.423690	0.593246	0.025354	0.006735	0.141626	0.335347	0.660790	0.302466	0.019313	0.003565	0.983857	0.031495	0.977122	0.025750	0.274141	0.553828

cnidocyte_gastrula_pos_pattern_1
0.263378	0.070569	0.084070	0.008591	0.033996	0.975454	0.007609	0.007241	0.003068	0.012518	0.065783	0.033628
0.334315	0.152921	0.477786	0.114752	0.089838	0.002577	0.008468	0.003682	0.002209	0.001964	0.455817	0.338243
0.059524	0.141998	0.201399	0.011782	0.787310	0.013623	0.004541	0.003314	0.992759	0.963549	0.053756	0.048478
0.342784	0.634512	0.236745	0.864875	0.088856	0.008346	0.979381	0.985763	0.001964	0.021969	0.424644	0.579651

cnidocyte_gastrula_pos_pattern_10
0.241066	0.659519	0.001300	0.257960	0.899935	0.918778	0.109812	0.508122	0.881092	0.006498	0.042885	0.315140	0.982456	0.118908
0.248213	0.081222	0.001300	0.154646	0.061079	0.009747	0.021442	0.042235	0.003899	0.001949	0.020143	0.349578	0.002599	0.109162
0.207277	0.117609	0.000000	0.306693	0.017544	0.011046	0.005198	0.049383	0.009097	0.001300	0.152697	0.165692	0.011046	0.092268
0.303444	0.141650	0.997401	0.280702	0.021442	0.060429	0.863548	0.400260	0.105913	0.990253	0.784276	0.169591	0.003899	0.679662

cnidocyte_gastrula_pos_pattern_11
0.131848	0.160631	0.226555	0.042711	0.039926	0.346332	0.080780	0.061281	0.076137	0.086351	0.123491	0.080780	0.103993
0.381616	0.568245	0.549675	0.848654	0.902507	0.308264	0.812442	0.742804	0.817084	0.765088	0.556175	0.709378	0.718663
0.112349	0.108635	0.085422	0.031569	0.028784	0.053853	0.042711	0.055710	0.023213	0.051068	0.034355	0.057567	0.048282
0.374188	0.162488	0.138347	0.077066	0.028784	0.291551	0.064067	0.140204	0.083565	0.097493	0.285980	0.152275	0.129062

cnidocyte_gastrula_pos_pattern_12
0.235839	0.156540	0.031926	0.051493	0.017508	0.120494	0.091658	0.044284	0.180227	0.186406	0.167868
0.364573	0.100927	0.933059	0.014418	0.945417	0.052523	0.357364	0.041195	0.553038	0.168898	0.549949
0.159629	0.649846	0.013388	0.916581	0.014418	0.784758	0.181256	0.849640	0.145211	0.390319	0.091658
0.239959	0.092688	0.021627	0.017508	0.022657	0.042225	0.369722	0.064882	0.121524	0.254377	0.190525

cnidocyte_gastrula_pos_pattern_13
0.080668	0.015299	0.031989	0.809458	0.002782	0.004172	0.000000	0.027816	0.022253	0.045897
0.260083	0.823366	0.447844	0.004172	0.005563	0.000000	0.000000	0.009736	0.196106	0.557719
0.205841	0.011127	0.048679	0.034771	0.001391	0.000000	0.998609	0.045897	0.054242	0.038943
0.453408	0.150209	0.471488	0.151599	0.990264	0.995828	0.001391	0.916551	0.727399	0.357441

cnidocyte_gastrula_pos_pattern_14
0.452229	0.585987	0.641189	0.730361	0.808917	0.912951	0.955414	0.978769	0.972399	0.745223	0.573248	0.360934	0.588110	0.445860	0.709130	0.348195	0.464968	0.326964
0.104034	0.070064	0.072187	0.031847	0.014862	0.010616	0.004246	0.002123	0.006369	0.029724	0.084926	0.080679	0.116773	0.101911	0.095541	0.089172	0.101911	0.063694
0.150743	0.093418	0.082803	0.059448	0.050955	0.016985	0.008493	0.008493	0.008493	0.025478	0.072187	0.078556	0.087049	0.144374	0.070064	0.133758	0.042463	0.080679
0.292994	0.250531	0.203822	0.178344	0.125265	0.059448	0.031847	0.010616	0.012739	0.199575	0.269639	0.479830	0.208068	0.307856	0.125265	0.428875	0.390658	0.528662

cnidocyte_gastrula_pos_pattern_15
0.218182	0.130909	0.156364	0.149091	0.160000	0.145455	0.109091	0.018182	0.094545	0.869091	0.087273	0.109091	0.054545	0.058182	0.050909	0.058182	0.138182	0.141818	0.050909
0.276364	0.229091	0.298182	0.261818	0.145455	0.410909	0.650909	0.934545	0.741818	0.036364	0.516364	0.341818	0.872727	0.814545	0.709091	0.712727	0.643636	0.280000	0.676364
0.130909	0.065455	0.090909	0.236364	0.287273	0.138182	0.076364	0.014545	0.036364	0.047273	0.294545	0.090909	0.021818	0.003636	0.043636	0.010909	0.058182	0.272727	0.094545
0.374545	0.574545	0.454545	0.352727	0.407273	0.305455	0.163636	0.032727	0.127273	0.047273	0.101818	0.458182	0.050909	0.123636	0.196364	0.218182	0.160000	0.305455	0.178182

cnidocyte_gastrula_pos_pattern_16
0.497872	0.523404	0.455319	0.187234	0.229787	0.208511	0.361702	0.221277	0.268085	0.042553	0.114894	0.889362	0.068085	0.093617	0.034043	0.097872	0.182979	0.148936	0.446809	0.472340	0.110638
0.212766	0.157447	0.170213	0.055319	0.114894	0.051064	0.110638	0.234043	0.489362	0.910638	0.485106	0.017021	0.012766	0.029787	0.838298	0.663830	0.634043	0.285106	0.251064	0.123404	0.523404
0.123404	0.106383	0.085106	0.063830	0.382979	0.582979	0.289362	0.336170	0.148936	0.012766	0.055319	0.042553	0.859574	0.319149	0.063830	0.076596	0.012766	0.042553	0.097872	0.174468	0.093617
0.165957	0.212766	0.289362	0.693617	0.272340	0.157447	0.238298	0.208511	0.093617	0.034043	0.344681	0.051064	0.059574	0.557447	0.063830	0.161702	0.170213	0.523404	0.204255	0.229787	0.272340

cnidocyte_gastrula_pos_pattern_17
0.131250	0.075000	0.581250	0.412500	0.312500	0.418750	0.237500	0.262500	0.225000	0.131250	0.018750	0.000000	0.975000	0.000000	0.112500	0.025000	0.118750
0.050000	0.518750	0.168750	0.268750	0.175000	0.156250	0.287500	0.118750	0.150000	0.006250	0.075000	0.943750	0.000000	0.968750	0.018750	0.187500	0.056250
0.237500	0.143750	0.125000	0.118750	0.175000	0.112500	0.218750	0.393750	0.306250	0.825000	0.018750	0.025000	0.025000	0.000000	0.856250	0.006250	0.818750
0.581250	0.262500	0.125000	0.200000	0.337500	0.312500	0.256250	0.225000	0.318750	0.037500	0.887500	0.031250	0.000000	0.031250	0.012500	0.781250	0.006250

cnidocyte_gastrula_pos_pattern_18
0.076923	0.699301	0.000000	0.097902	0.041958	0.013986	0.041958	0.062937	0.013986	0.188811	0.706294	0.062937	0.160839	0.692308	0.104895
0.041958	0.097902	0.993007	0.867133	0.874126	0.027972	0.020979	0.020979	0.013986	0.048951	0.076923	0.839161	0.055944	0.048951	0.034965
0.839161	0.139860	0.006993	0.000000	0.041958	0.000000	0.923077	0.888112	0.951049	0.727273	0.146853	0.027972	0.734266	0.111888	0.748252
0.041958	0.062937	0.000000	0.034965	0.041958	0.958042	0.013986	0.027972	0.020979	0.034965	0.069930	0.069930	0.048951	0.146853	0.111888

cnidocyte_gastrula_pos_pattern_19
0.761905
0.055556
0.126984
0.055556

cnidocyte_gastrula_pos_pattern_2
0.201060	0.152800	0.041191	0.010468	0.972675	0.003399	0.076400	0.042822	0.157151
0.141381	0.018896	0.059271	0.897363	0.005166	0.981240	0.036841	0.235182	0.080479
0.349782	0.811446	0.028276	0.071234	0.016857	0.002311	0.861881	0.031131	0.720500
0.307776	0.016857	0.871262	0.020935	0.005302	0.013051	0.024878	0.690865	0.041871

cnidocyte_gastrula_pos_pattern_20
0.147541
0.245902
0.081967
0.524590

cnidocyte_gastrula_pos_pattern_21
0.216216	0.180180	0.216216	0.117117	0.162162	0.045045	0.369369	0.036036	0.054054	0.306306	0.126126	0.090090	0.063063	0.072072	0.117117
0.405405	0.207207	0.198198	0.054054	0.063063	0.873874	0.486486	0.891892	0.864865	0.090090	0.729730	0.819820	0.864865	0.801802	0.531532
0.072072	0.108108	0.144144	0.630631	0.117117	0.027027	0.081081	0.000000	0.045045	0.054054	0.036036	0.027027	0.045045	0.054054	0.081081
0.306306	0.504505	0.441441	0.198198	0.657658	0.054054	0.063063	0.072072	0.036036	0.549550	0.108108	0.063063	0.027027	0.072072	0.270270

cnidocyte_gastrula_pos_pattern_22
0.326531	0.510204	0.397959	0.183673	0.469388	0.520408	0.459184	0.632653	0.826531	0.622449	0.857143	0.765306	0.071429	0.663265	0.387755	0.408163	0.795918	0.948980	0.693878	0.755102	0.500000	0.224490	0.428571	0.591837	0.306122	0.602041	0.326531
0.071429	0.112245	0.061224	0.091837	0.142857	0.091837	0.061224	0.030612	0.020408	0.030612	0.010204	0.040816	0.040816	0.071429	0.081633	0.020408	0.030612	0.030612	0.020408	0.040816	0.040816	0.122449	0.122449	0.081633	0.142857	0.040816	0.142857
0.081633	0.122449	0.122449	0.081633	0.112245	0.102041	0.112245	0.183673	0.051020	0.040816	0.030612	0.030612	0.030612	0.030612	0.071429	0.051020	0.030612	0.010204	0.051020	0.010204	0.051020	0.030612	0.091837	0.102041	0.081633	0.122449	0.214286
0.520408	0.255102	0.418367	0.642857	0.275510	0.285714	0.367347	0.153061	0.102041	0.306122	0.102041	0.163265	0.857143	0.234694	0.459184	0.520408	0.142857	0.010204	0.234694	0.193878	0.408163	0.622449	0.357143	0.224490	0.469388	0.234694	0.316327

cnidocyte_gastrula_pos_pattern_23
0.137931	0.057471	0.114943	0.183908	0.057471	0.034483	0.333333	0.022989	0.000000	0.011494	0.977011	0.011494	0.103448	0.160920	0.057471	0.160920	0.022989	0.195402	0.172414	0.126437	0.172414	0.045977	0.126437
0.379310	0.747126	0.126437	0.413793	0.057471	0.034483	0.241379	0.977011	1.000000	0.954023	0.000000	0.034483	0.114943	0.264368	0.091954	0.597701	0.574713	0.298851	0.448276	0.298851	0.126437	0.482759	0.045977
0.114943	0.045977	0.022989	0.229885	0.747126	0.172414	0.103448	0.000000	0.000000	0.011494	0.022989	0.885057	0.655172	0.551724	0.034483	0.114943	0.034483	0.000000	0.080460	0.057471	0.563218	0.356322	0.678161
0.367816	0.149425	0.735632	0.172414	0.137931	0.758621	0.321839	0.000000	0.000000	0.022989	0.000000	0.068966	0.126437	0.022989	0.816092	0.126437	0.367816	0.505747	0.298851	0.517241	0.137931	0.114943	0.149425

cnidocyte_gastrula_pos_pattern_24
0.654762	0.226190	0.738095	0.166667	0.630952	0.250000	0.738095	0.321429	0.821429	0.416667	0.726190	0.464286	0.821429	0.083333	0.892857	0.035714	0.845238	0.083333	0.928571	0.130952	0.845238	0.202381	0.678571	0.202381	0.750000	0.154762	0.726190	0.214286
0.166667	0.107143	0.035714	0.059524	0.035714	0.083333	0.000000	0.011905	0.047619	0.035714	0.035714	0.011905	0.047619	0.011905	0.023810	0.047619	0.035714	0.035714	0.023810	0.035714	0.035714	0.035714	0.047619	0.011905	0.035714	0.035714	0.059524	0.071429
0.011905	0.035714	0.035714	0.047619	0.035714	0.023810	0.023810	0.047619	0.035714	0.047619	0.023810	0.023810	0.023810	0.011905	0.011905	0.023810	0.011905	0.023810	0.035714	0.047619	0.023810	0.047619	0.023810	0.035714	0.059524	0.047619	0.059524	0.071429
0.166667	0.630952	0.190476	0.726190	0.297619	0.642857	0.238095	0.619048	0.095238	0.500000	0.214286	0.500000	0.107143	0.892857	0.071429	0.892857	0.107143	0.857143	0.011905	0.785714	0.095238	0.714286	0.250000	0.750000	0.154762	0.761905	0.154762	0.642857

cnidocyte_gastrula_pos_pattern_25
0.260274	0.054795	0.328767	0.369863	0.136986	0.068493	0.410959	0.123288	0.041096	0.027397	0.027397	0.027397	0.410959	0.068493	0.191781	0.013699	0.041096	0.013699	0.000000	0.000000	0.013699	0.041096	0.054795	0.191781	0.342466	0.150685	0.082192	0.356164
0.068493	0.191781	0.232877	0.315068	0.068493	0.150685	0.164384	0.136986	0.438356	0.027397	0.013699	0.027397	0.109589	0.013699	0.123288	0.931507	0.945205	0.000000	0.027397	0.013699	0.000000	0.095890	0.123288	0.082192	0.164384	0.013699	0.082192	0.164384
0.520548	0.164384	0.095890	0.136986	0.136986	0.356164	0.068493	0.136986	0.027397	0.931507	0.958904	0.753425	0.068493	0.068493	0.068493	0.013699	0.000000	0.000000	0.945205	0.013699	0.684932	0.369863	0.260274	0.054795	0.397260	0.506849	0.630137	0.041096
0.150685	0.589041	0.342466	0.178082	0.657534	0.424658	0.356164	0.602740	0.493151	0.013699	0.000000	0.191781	0.410959	0.849315	0.616438	0.041096	0.013699	0.986301	0.027397	0.972603	0.301370	0.493151	0.561644	0.671233	0.095890	0.328767	0.205479	0.438356

cnidocyte_gastrula_pos_pattern_26
0.222222	0.984127	0.000000	0.015873	0.079365	0.000000	0.031746	0.222222	0.285714	0.269841	0.571429	0.015873	0.301587
0.269841	0.000000	1.000000	0.984127	0.158730	0.000000	0.190476	0.190476	0.174603	0.190476	0.015873	0.920635	0.507937
0.190476	0.000000	0.000000	0.000000	0.333333	1.000000	0.031746	0.079365	0.253968	0.142857	0.317460	0.031746	0.079365
0.317460	0.015873	0.000000	0.000000	0.428571	0.000000	0.746032	0.507937	0.285714	0.396825	0.095238	0.031746	0.111111

cnidocyte_gastrula_pos_pattern_27
0.000000	0.016129
1.000000	0.048387
0.000000	0.000000
0.000000	0.935484

cnidocyte_gastrula_pos_pattern_28
0.050000	0.066667	0.050000	0.066667	0.083333
0.150000	0.083333	0.050000	0.050000	0.050000
0.033333	0.133333	0.050000	0.100000	0.750000
0.766667	0.716667	0.850000	0.783333	0.116667

cnidocyte_gastrula_pos_pattern_29
0.092593	0.759259
0.000000	0.037037
0.000000	0.148148
0.907407	0.055556

cnidocyte_gastrula_pos_pattern_3
0.176575	0.125161	0.955816	0.000803	0.006105	0.126607	0.003856	0.032776
0.436054	0.543862	0.003695	0.996947	0.988753	0.148136	0.001446	0.374357
0.198907	0.062500	0.008676	0.001285	0.003535	0.148618	0.992127	0.025386
0.188464	0.268477	0.031812	0.000964	0.001607	0.576639	0.002571	0.567481

cnidocyte_gastrula_pos_pattern_30
0.155556	0.933333	0.000000	0.000000	0.288889	0.000000	0.288889	0.111111	0.244444	0.244444	0.266667	0.622222	0.111111	0.022222
0.466667	0.000000	1.000000	1.000000	0.177778	0.222222	0.088889	0.155556	0.088889	0.133333	0.400000	0.022222	0.866667	0.866667
0.066667	0.044444	0.000000	0.000000	0.222222	0.755556	0.000000	0.466667	0.577778	0.311111	0.133333	0.177778	0.022222	0.088889
0.311111	0.022222	0.000000	0.000000	0.311111	0.022222	0.622222	0.266667	0.088889	0.311111	0.200000	0.177778	0.000000	0.022222

cnidocyte_gastrula_pos_pattern_31
0.902439	0.048780	0.048780	0.878049	0.902439	0.024390	0.926829	0.951220	0.073171	0.878049	0.048780	0.000000	0.000000	0.024390	0.000000	0.951220	0.000000	0.000000	0.024390	0.000000	0.048780
0.000000	0.024390	0.000000	0.000000	0.024390	0.878049	0.024390	0.024390	0.000000	0.048780	0.073171	0.951220	1.000000	0.000000	0.975610	0.000000	1.000000	0.926829	0.024390	1.000000	0.048780
0.097561	0.048780	0.926829	0.073171	0.024390	0.024390	0.000000	0.024390	0.000000	0.000000	0.000000	0.000000	0.000000	0.975610	0.000000	0.000000	0.000000	0.048780	0.000000	0.000000	0.878049
0.000000	0.878049	0.024390	0.048780	0.048780	0.073171	0.048780	0.000000	0.926829	0.073171	0.878049	0.048780	0.000000	0.000000	0.024390	0.048780	0.000000	0.024390	0.951220	0.000000	0.024390

cnidocyte_gastrula_pos_pattern_32
0.102564
0.076923
0.102564
0.717949

cnidocyte_gastrula_pos_pattern_33
0.117647
0.500000
0.205882
0.176471

cnidocyte_gastrula_pos_pattern_34
0.370370	0.481481	0.074074	0.666667	0.518519	0.444444	0.037037	0.000000	0.962963	0.000000	0.000000	0.000000	0.000000	0.000000	0.074074	0.444444	0.074074	0.074074	0.777778
0.000000	0.037037	0.074074	0.185185	0.000000	0.370370	0.074074	0.074074	0.037037	0.000000	0.000000	0.000000	0.000000	0.444444	0.555556	0.148148	0.148148	0.111111	0.000000
0.592593	0.333333	0.370370	0.000000	0.074074	0.037037	0.000000	0.851852	0.000000	0.074074	0.000000	1.000000	0.518519	0.074074	0.037037	0.111111	0.370370	0.666667	0.111111
0.037037	0.148148	0.481481	0.148148	0.407407	0.148148	0.888889	0.074074	0.000000	0.925926	1.000000	0.000000	0.481481	0.481481	0.333333	0.296296	0.407407	0.148148	0.111111

cnidocyte_gastrula_pos_pattern_35
0.080000	0.200000	0.240000	0.480000	0.160000	0.400000	0.120000	0.240000	0.440000	0.640000	0.360000	0.120000	0.920000	0.000000	0.000000	0.240000	0.000000	0.000000	0.240000	0.240000	0.080000
0.160000	0.080000	0.360000	0.120000	0.360000	0.080000	0.600000	0.160000	0.120000	0.160000	0.240000	0.680000	0.000000	1.000000	1.000000	0.080000	0.000000	0.680000	0.360000	0.280000	0.560000
0.200000	0.360000	0.240000	0.000000	0.080000	0.440000	0.040000	0.480000	0.280000	0.120000	0.360000	0.000000	0.000000	0.000000	0.000000	0.040000	1.000000	0.080000	0.120000	0.440000	0.160000
0.560000	0.360000	0.160000	0.400000	0.400000	0.080000	0.240000	0.120000	0.160000	0.080000	0.040000	0.200000	0.080000	0.000000	0.000000	0.640000	0.000000	0.240000	0.280000	0.040000	0.200000

cnidocyte_gastrula_pos_pattern_36
0.043478	0.739130
0.000000	0.043478
0.086957	0.043478
0.869565	0.173913

cnidocyte_gastrula_pos_pattern_4
0.180747	0.060188	0.216639	0.181115	0.102154	0.217375	0.157003	0.006626	0.013989	0.962820	0.044359	0.087061	0.028713	0.034971	0.092950	0.071784
0.390576	0.311798	0.278667	0.205411	0.053746	0.254555	0.686913	0.976256	0.929321	0.006810	0.020247	0.049512	0.853304	0.638689	0.565802	0.563041
0.216455	0.039757	0.129210	0.522731	0.481502	0.197497	0.041598	0.004233	0.019142	0.017854	0.903552	0.380821	0.054850	0.018038	0.039573	0.039021
0.212222	0.588257	0.375483	0.090742	0.362599	0.330572	0.114486	0.012884	0.037548	0.012516	0.031842	0.482606	0.063133	0.308301	0.301675	0.326155

cnidocyte_gastrula_pos_pattern_5
0.213144	0.268278	0.003795	0.003995	0.979425	0.001199	0.036956	0.020975	0.134838	0.899521	0.075310
0.215941	0.023172	0.013584	0.024371	0.001199	0.984618	0.012185	0.042549	0.791051	0.014183	0.246704
0.199161	0.681782	0.001598	0.933680	0.012785	0.003396	0.946264	0.007791	0.059928	0.054135	0.085497
0.371754	0.026768	0.981023	0.037954	0.006592	0.010787	0.004594	0.928686	0.014183	0.032161	0.592489

cnidocyte_gastrula_pos_pattern_6
0.217651	0.065030	0.060717	0.018580	0.015926	0.002322	0.003318	0.980425	0.007631	0.116457	0.012608	0.003650	0.029197	0.302256	0.565362	0.275713
0.138686	0.062044	0.808228	0.921367	0.003650	0.995023	0.994028	0.006636	0.010949	0.420372	0.004977	0.017253	0.030524	0.038819	0.093895	0.114134
0.512608	0.577306	0.062044	0.051427	0.973457	0.000995	0.001991	0.002986	0.004313	0.113470	0.018248	0.003981	0.805906	0.432979	0.080624	0.051758
0.131055	0.295620	0.069011	0.008626	0.006967	0.001659	0.000664	0.009954	0.977107	0.349701	0.964167	0.975116	0.134373	0.225946	0.260119	0.558394

cnidocyte_gastrula_pos_pattern_7
0.357407	0.104815	0.006296	0.034815	0.828519	0.071852	0.350370	0.773333	0.107407	0.099259	0.011852	0.481111	0.111852	0.066667	0.096296	0.026667	0.097778	0.185556	0.092222
0.082593	0.823333	0.968148	0.941852	0.017778	0.129630	0.255185	0.047037	0.050741	0.149630	0.972963	0.220741	0.205556	0.246667	0.029630	0.827407	0.024444	0.309630	0.125556
0.103704	0.017778	0.012593	0.006667	0.140370	0.345185	0.351111	0.150000	0.120000	0.651852	0.008519	0.021481	0.085556	0.040000	0.761852	0.074444	0.821111	0.413704	0.529259
0.456296	0.054074	0.012963	0.016667	0.013333	0.453333	0.043333	0.029630	0.721852	0.099259	0.006667	0.276667	0.597037	0.646667	0.112222	0.071481	0.056667	0.091111	0.252963

cnidocyte_gastrula_pos_pattern_8
0.161017	0.207627	0.152928	0.092835	0.008860	0.880971	0.012327	0.004622	0.024268	0.010401	0.152157
0.194145	0.052773	0.065100	0.200693	0.980354	0.088983	0.008860	0.984592	0.008475	0.007704	0.119029
0.157550	0.612096	0.687596	0.023883	0.004622	0.005393	0.969569	0.005778	0.921803	0.972650	0.082435
0.487288	0.127504	0.094376	0.682589	0.006163	0.024653	0.009245	0.005008	0.045455	0.009245	0.646379

cnidocyte_gastrula_pos_pattern_9
0.250682	0.148928	0.064327	0.092008	0.026901	0.003509	0.944250	0.013645	0.004678	0.021832	0.013255	0.013255
0.264717	0.194932	0.005068	0.873294	0.010136	0.991033	0.033528	0.010526	0.003509	0.913450	0.037817	0.551657
0.179337	0.079922	0.922417	0.023782	0.952047	0.001949	0.010526	0.022612	0.986745	0.007407	0.830799	0.014815
0.305263	0.576218	0.008187	0.010916	0.010916	0.003509	0.011696	0.953216	0.005068	0.057310	0.118129	0.420273

gland_mucin_pos_pattern_0
0.211667	0.141070	0.100570	0.012262	0.947362	0.009537	0.034927	0.038519	0.114813
0.196557	0.028858	0.057468	0.908224	0.012262	0.972380	0.021922	0.173025	0.095244
0.236066	0.807283	0.044216	0.062299	0.027248	0.005945	0.918999	0.029477	0.749567
0.355710	0.022789	0.797746	0.017216	0.013129	0.012138	0.024152	0.758979	0.040377

gland_mucin_pos_pattern_1
0.115940	0.555081	0.407989	0.030273	0.002638	0.982540	0.978897	0.006657	0.060796	0.877277	0.284512	0.624921
0.334003	0.053636	0.058033	0.899384	0.979400	0.004271	0.003894	0.004396	0.736088	0.014822	0.202990	0.162040
0.168697	0.300716	0.467278	0.015325	0.001507	0.006281	0.006029	0.002889	0.078885	0.099987	0.443914	0.135159
0.381359	0.090567	0.066700	0.055018	0.016455	0.006909	0.011180	0.986057	0.124231	0.007914	0.068584	0.077880

gland_mucin_pos_pattern_10
0.510577	0.451115	0.273871	0.044597	0.045740	0.042882	0.046884	0.140652	0.084620	0.337336	0.214980	0.575758
0.083476	0.064608	0.038308	0.016009	0.016009	0.025729	0.025157	0.100629	0.088622	0.172098	0.126358	0.113779
0.143511	0.067467	0.042310	0.006861	0.006289	0.008005	0.009720	0.035449	0.043453	0.106346	0.112064	0.128645
0.262436	0.416810	0.645512	0.932533	0.931961	0.923385	0.918239	0.723270	0.783305	0.384220	0.546598	0.181818

gland_mucin_pos_pattern_11
0.468124	0.646023	0.721919	0.000000	0.997571	0.985428	0.102004	0.502732	0.094111
0.078931	0.049787	0.228901	0.997571	0.000607	0.004250	0.018215	0.089253	0.074074
0.346084	0.241044	0.006072	0.000607	0.000000	0.004250	0.003036	0.350941	0.820279
0.106861	0.063145	0.043109	0.001821	0.001821	0.006072	0.876746	0.057073	0.011536

gland_mucin_pos_pattern_12
0.421544	0.901619	0.005604	0.021793	0.260897	0.087796	0.026775	0.982565	0.021171	0.721669
0.289539	0.036737	0.009963	0.038605	0.009340	0.041719	0.967621	0.005604	0.026152	0.022416
0.196139	0.019925	0.000623	0.010585	0.016189	0.866750	0.002491	0.004981	0.006227	0.084682
0.092777	0.041719	0.983811	0.929016	0.713574	0.003736	0.003113	0.006849	0.946451	0.171233

gland_mucin_pos_pattern_13
0.378634	0.056119	0.006761	0.033807	0.897904	0.055443	0.370521	0.828262	0.102772	0.088573	0.005409	0.489520	0.132522	0.106153	0.086545	0.022989	0.129141
0.084517	0.859364	0.964841	0.945233	0.012170	0.083840	0.179175	0.033130	0.061528	0.089926	0.983097	0.208249	0.244084	0.208925	0.029074	0.840433	0.031778
0.074375	0.012170	0.011494	0.009466	0.079784	0.347532	0.390805	0.106829	0.088573	0.760649	0.005409	0.028398	0.081812	0.025017	0.752535	0.066937	0.775524
0.462475	0.072346	0.016903	0.011494	0.010142	0.513185	0.059500	0.031778	0.747126	0.060852	0.006085	0.273834	0.541582	0.659905	0.131846	0.069642	0.063556

gland_mucin_pos_pattern_14
0.393594	0.279004	0.160142	0.101068	0.138078	0.106762	0.229893	0.123843	0.318149	0.128826	0.493950	0.135231	0.167260	0.099644	0.076868	0.090391	0.204982	0.155160	0.249110	0.231317
0.091815	0.065480	0.059786	0.041993	0.088256	0.075445	0.138078	0.091103	0.131673	0.084698	0.094662	0.055516	0.051246	0.035587	0.051957	0.042705	0.081851	0.101068	0.129537	0.155160
0.130961	0.089680	0.050534	0.034875	0.034875	0.049110	0.070463	0.085409	0.135231	0.090391	0.084698	0.069751	0.037011	0.027046	0.017794	0.026335	0.059786	0.054093	0.114591	0.092527
0.383630	0.565836	0.729537	0.822064	0.738790	0.768683	0.561566	0.699644	0.414947	0.696085	0.326690	0.739502	0.744484	0.837722	0.853381	0.840569	0.653381	0.689680	0.506762	0.520996

gland_mucin_pos_pattern_15
0.075094	0.023780	0.787234	0.989987	0.001252	0.005006	0.934919	0.220275	0.053817
0.390488	0.102628	0.101377	0.010013	0.001252	0.026283	0.001252	0.128911	0.769712
0.302879	0.005006	0.107635	0.000000	0.000000	0.021277	0.047559	0.624531	0.061327
0.231539	0.868586	0.003755	0.000000	0.997497	0.947434	0.016270	0.026283	0.115144

gland_mucin_pos_pattern_16
0.205318	0.129985	0.112260	0.149188	0.196455	0.020679	0.127031	0.192024	0.587888	0.053176	0.050222	0.719350	0.840473	0.005908
0.172821	0.084195	0.124077	0.156573	0.059084	0.949778	0.270310	0.028065	0.026588	0.002954	0.707533	0.076809	0.047267	0.951256
0.385524	0.638109	0.057607	0.127031	0.667651	0.010340	0.078287	0.032496	0.354505	0.932053	0.022157	0.125554	0.079764	0.005908
0.236337	0.147710	0.706056	0.567208	0.076809	0.019202	0.524372	0.747415	0.031019	0.011817	0.220089	0.078287	0.032496	0.036928

gland_mucin_pos_pattern_17
0.167407	0.057778	0.205926	0.134815	0.044444	0.198519	0.056296	0.048889	0.149630	0.136296
0.459259	0.850370	0.585185	0.727407	0.885926	0.288889	0.854815	0.884444	0.549630	0.579259
0.093333	0.031111	0.077037	0.041481	0.019259	0.072593	0.016296	0.016296	0.068148	0.105185
0.280000	0.060741	0.131852	0.096296	0.050370	0.440000	0.072593	0.050370	0.232593	0.179259

gland_mucin_pos_pattern_18
0.331439	0.564394	0.344697	0.458333	0.308712	0.350379	0.200758	0.357955	0.130682	0.566288	0.098485	0.674242	0.041667	0.844697	0.107955	0.674242	0.183712	0.410985	0.119318	0.443182	0.195076	0.484848	0.259470
0.111742	0.094697	0.106061	0.079545	0.070076	0.068182	0.053030	0.096591	0.041667	0.119318	0.041667	0.083333	0.045455	0.026515	0.035985	0.079545	0.053030	0.090909	0.043561	0.087121	0.077652	0.071970	0.102273
0.089015	0.107955	0.098485	0.107955	0.096591	0.045455	0.045455	0.049242	0.030303	0.096591	0.035985	0.096591	0.028409	0.049242	0.094697	0.043561	0.070076	0.043561	0.045455	0.071970	0.081439	0.113636	0.094697
0.467803	0.232955	0.450758	0.354167	0.524621	0.535985	0.700758	0.496212	0.797348	0.217803	0.823864	0.145833	0.884470	0.079545	0.761364	0.202652	0.693182	0.454545	0.791667	0.397727	0.645833	0.329545	0.543561

gland_mucin_pos_pattern_19
0.156364	0.196364	0.298182	0.065455	0.087273	0.301818	0.047273	0.007273	0.018182	0.901818	0.021818	0.203636	0.254545	0.025455	0.149091	0.040000	0.109091	0.061818	0.058182	0.058182	0.083636	0.087273	0.163636	0.585455
0.490909	0.127273	0.461818	0.090909	0.134545	0.320000	0.883636	0.960000	0.967273	0.010909	0.025455	0.043636	0.181818	0.210909	0.647273	0.443636	0.330909	0.680000	0.207273	0.036364	0.163636	0.050909	0.145455	0.123636
0.156364	0.090909	0.087273	0.563636	0.069091	0.090909	0.010909	0.007273	0.007273	0.076364	0.930909	0.592727	0.494545	0.130909	0.098182	0.021818	0.058182	0.072727	0.047273	0.858182	0.701818	0.738182	0.174545	0.167273
0.196364	0.585455	0.152727	0.280000	0.709091	0.287273	0.058182	0.025455	0.007273	0.010909	0.021818	0.160000	0.069091	0.632727	0.105455	0.494545	0.501818	0.185455	0.687273	0.047273	0.050909	0.123636	0.516364	0.123636

gland_mucin_pos_pattern_2
0.196418	0.020750	0.023735	0.011654	0.028141	0.299602	0.207220	0.256254	0.005259	0.004406	0.012933	0.005543	0.005401	0.006254	0.039511	0.201961
0.137578	0.362280	0.002132	0.003980	0.004974	0.295196	0.056850	0.267908	0.970011	0.989767	0.005117	0.004406	0.008243	0.005685	0.085276	0.152501
0.226265	0.012365	0.956509	0.978397	0.850625	0.053155	0.067652	0.149801	0.017766	0.001706	0.008528	0.960063	0.004974	0.971717	0.620665	0.072484
0.439738	0.604605	0.017624	0.005969	0.116259	0.352047	0.668277	0.326038	0.006964	0.004122	0.973422	0.029989	0.981381	0.016345	0.254548	0.573053

gland_mucin_pos_pattern_20
0.216418	0.160448	0.126866	0.111940	0.108209	0.126866	0.104478	0.108209	0.074627	0.026119	0.026119	0.119403	0.085821	0.048507	0.014925	0.055970	0.037313	0.018657	0.067164	0.048507	0.018657	0.097015	0.145522	0.156716	0.216418	0.197761	0.134328
0.473881	0.563433	0.563433	0.638060	0.667910	0.708955	0.705224	0.652985	0.735075	0.895522	0.884328	0.753731	0.805970	0.716418	0.951493	0.869403	0.891791	0.906716	0.764925	0.809701	0.902985	0.757463	0.630597	0.597015	0.574627	0.503731	0.641791
0.123134	0.115672	0.078358	0.078358	0.070896	0.063433	0.044776	0.044776	0.067164	0.018657	0.029851	0.041045	0.033582	0.011194	0.000000	0.018657	0.022388	0.011194	0.003731	0.026119	0.000000	0.018657	0.048507	0.044776	0.041045	0.123134	0.100746
0.186567	0.160448	0.231343	0.171642	0.152985	0.100746	0.145522	0.194030	0.123134	0.059701	0.059701	0.085821	0.074627	0.223881	0.033582	0.055970	0.048507	0.063433	0.164179	0.115672	0.078358	0.126866	0.175373	0.201493	0.167910	0.175373	0.123134

gland_mucin_pos_pattern_21
0.070175	0.057018	0.245614	0.149123	0.188596	0.030702	0.403509	0.701754	0.162281	0.114035	0.052632	0.004386	0.017544	0.925439	0.074561	0.074561	0.057018	0.039474	0.057018	0.057018	0.750000	0.057018	0.065789	0.065789	0.078947	0.149123	0.061404	0.122807	0.100877
0.574561	0.767544	0.070175	0.627193	0.083333	0.728070	0.070175	0.092105	0.609649	0.070175	0.899123	0.991228	0.938596	0.017544	0.013158	0.061404	0.837719	0.807018	0.754386	0.859649	0.118421	0.723684	0.157895	0.706140	0.074561	0.065789	0.622807	0.679825	0.561404
0.078947	0.061404	0.609649	0.043860	0.657895	0.114035	0.399123	0.078947	0.118421	0.074561	0.004386	0.004386	0.017544	0.043860	0.881579	0.745614	0.057018	0.052632	0.035088	0.030702	0.039474	0.118421	0.122807	0.114035	0.684211	0.578947	0.083333	0.057018	0.092105
0.276316	0.114035	0.074561	0.179825	0.070175	0.127193	0.127193	0.127193	0.109649	0.741228	0.043860	0.000000	0.026316	0.013158	0.030702	0.118421	0.048246	0.100877	0.153509	0.052632	0.092105	0.100877	0.653509	0.114035	0.162281	0.206140	0.232456	0.140351	0.245614

gland_mucin_pos_pattern_22
0.213415	0.158537	0.060976	0.073171	0.890244	0.189024	0.109756	0.085366	0.079268	0.048780	0.030488	0.091463	0.079268	0.073171
0.335366	0.573171	0.853659	0.768293	0.042683	0.274390	0.134146	0.847561	0.804878	0.823171	0.780488	0.609756	0.530488	0.707317
0.091463	0.085366	0.018293	0.054878	0.042683	0.445122	0.128049	0.054878	0.024390	0.024390	0.048780	0.067073	0.176829	0.073171
0.359756	0.182927	0.067073	0.103659	0.024390	0.091463	0.628049	0.012195	0.091463	0.103659	0.140244	0.231707	0.213415	0.146341

gland_mucin_pos_pattern_23
0.400000	0.588235	0.188235	0.376471	0.270588	0.047059	0.141176	0.282353	0.023529	0.294118	0.000000	0.117647	0.105882	0.011765	0.141176	0.235294	0.105882
0.258824	0.188235	0.129412	0.152941	0.305882	0.811765	0.764706	0.235294	0.952941	0.235294	0.964706	0.658824	0.564706	0.882353	0.364706	0.588235	0.670588
0.164706	0.094118	0.117647	0.117647	0.082353	0.000000	0.070588	0.317647	0.011765	0.023529	0.011765	0.129412	0.035294	0.023529	0.200000	0.094118	0.047059
0.176471	0.129412	0.564706	0.352941	0.341176	0.141176	0.023529	0.164706	0.011765	0.447059	0.023529	0.094118	0.294118	0.082353	0.294118	0.082353	0.176471

gland_mucin_pos_pattern_24
0.380952	0.035714	0.571429	0.535714	0.119048	0.071429	0.416667	0.428571	0.392857	0.166667	0.726190	0.357143	0.000000	0.988095	0.964286	0.011905	0.095238	0.880952	0.130952	0.142857	0.119048	0.392857	0.107143	0.023810	0.809524	0.738095	0.095238	0.178571
0.369048	0.571429	0.035714	0.130952	0.357143	0.321429	0.357143	0.083333	0.107143	0.047619	0.107143	0.273810	0.952381	0.000000	0.011905	0.011905	0.773810	0.059524	0.130952	0.357143	0.357143	0.130952	0.107143	0.761905	0.071429	0.119048	0.166667	0.285714
0.107143	0.273810	0.345238	0.309524	0.095238	0.154762	0.154762	0.369048	0.107143	0.476190	0.095238	0.023810	0.000000	0.011905	0.011905	0.000000	0.083333	0.059524	0.714286	0.047619	0.142857	0.357143	0.083333	0.047619	0.035714	0.059524	0.095238	0.392857
0.142857	0.119048	0.047619	0.023810	0.428571	0.452381	0.071429	0.119048	0.392857	0.309524	0.071429	0.345238	0.047619	0.000000	0.011905	0.976190	0.047619	0.000000	0.023810	0.452381	0.380952	0.119048	0.702381	0.166667	0.083333	0.083333	0.642857	0.142857

gland_mucin_pos_pattern_25
0.027778	0.111111	0.763889	0.805556	0.833333	0.027778	0.166667	0.027778	0.819444	0.083333	0.041667	0.000000	0.013889	0.958333	0.013889	0.041667	0.027778	0.069444	0.013889	0.041667	0.819444	0.694444
0.069444	0.097222	0.041667	0.027778	0.000000	0.000000	0.041667	0.013889	0.027778	0.027778	0.916667	1.000000	0.013889	0.027778	0.000000	0.000000	0.930556	0.847222	0.986111	0.069444	0.027778	0.111111
0.833333	0.680556	0.125000	0.013889	0.055556	0.041667	0.763889	0.944444	0.069444	0.861111	0.000000	0.000000	0.069444	0.013889	0.972222	0.000000	0.000000	0.013889	0.000000	0.013889	0.013889	0.055556
0.069444	0.111111	0.069444	0.152778	0.111111	0.930556	0.027778	0.013889	0.083333	0.027778	0.041667	0.000000	0.902778	0.000000	0.013889	0.958333	0.041667	0.069444	0.000000	0.875000	0.138889	0.138889

gland_mucin_pos_pattern_26
0.245902	0.049180	0.491803
0.081967	0.032787	0.049180
0.180328	0.032787	0.049180
0.491803	0.885246	0.409836

gland_mucin_pos_pattern_27
0.481481	0.129630	0.462963	0.055556	0.148148	0.037037	0.000000	0.481481	0.574074	0.055556	0.000000	0.925926	0.314815	0.055556	0.000000	0.074074	0.018519	0.277778	0.296296	0.462963	0.074074	0.296296	0.611111	0.425926	0.055556	0.351852	0.055556
0.222222	0.629630	0.259259	0.166667	0.166667	0.240741	0.611111	0.037037	0.111111	0.166667	0.796296	0.000000	0.388889	0.055556	0.888889	0.037037	0.629630	0.037037	0.296296	0.277778	0.425926	0.129630	0.111111	0.277778	0.314815	0.111111	0.222222
0.148148	0.092593	0.018519	0.148148	0.518519	0.351852	0.000000	0.314815	0.129630	0.166667	0.111111	0.018519	0.166667	0.851852	0.000000	0.888889	0.148148	0.555556	0.259259	0.092593	0.129630	0.370370	0.037037	0.000000	0.240741	0.333333	0.370370
0.148148	0.148148	0.259259	0.629630	0.166667	0.370370	0.388889	0.166667	0.185185	0.611111	0.092593	0.055556	0.129630	0.037037	0.111111	0.000000	0.203704	0.129630	0.148148	0.166667	0.370370	0.203704	0.240741	0.296296	0.388889	0.203704	0.351852

gland_mucin_pos_pattern_28
0.200000	0.040000	0.100000	0.300000	0.080000	0.200000	0.140000	0.280000	0.540000	0.200000	0.300000	0.020000	0.000000	0.000000	0.000000	0.020000	0.020000	0.480000	0.140000
0.480000	0.580000	0.100000	0.500000	0.120000	0.100000	0.140000	0.060000	0.100000	0.080000	0.100000	0.940000	0.940000	0.000000	0.940000	0.080000	0.060000	0.040000	0.600000
0.180000	0.160000	0.720000	0.080000	0.200000	0.500000	0.480000	0.520000	0.120000	0.480000	0.120000	0.000000	0.020000	1.000000	0.040000	0.760000	0.900000	0.240000	0.120000
0.140000	0.220000	0.080000	0.120000	0.600000	0.200000	0.240000	0.140000	0.240000	0.240000	0.480000	0.040000	0.040000	0.000000	0.020000	0.140000	0.020000	0.240000	0.140000

gland_mucin_pos_pattern_29
0.061224	0.755102	0.163265	0.040816	0.877551	0.000000	0.040816	0.938776	0.000000	0.061224	0.061224	0.000000	0.061224	1.000000	0.000000	0.000000	0.000000	0.000000	0.020408	0.020408	0.040816	0.061224	0.000000	0.040816	0.040816	0.061224	0.000000	0.122449
0.020408	0.020408	0.020408	0.061224	0.020408	0.102041	0.040816	0.020408	0.000000	0.000000	0.918367	1.000000	0.040816	0.000000	0.000000	0.000000	1.000000	0.959184	0.061224	0.040816	0.897959	0.000000	0.938776	0.000000	0.000000	0.081633	0.142857	0.020408
0.040816	0.102041	0.020408	0.040816	0.061224	0.000000	0.000000	0.040816	1.000000	0.040816	0.020408	0.000000	0.040816	0.000000	1.000000	0.897959	0.000000	0.000000	0.020408	0.000000	0.000000	0.877551	0.000000	0.938776	0.959184	0.020408	0.081633	0.020408
0.877551	0.122449	0.795918	0.857143	0.040816	0.897959	0.918367	0.000000	0.000000	0.897959	0.000000	0.000000	0.857143	0.000000	0.000000	0.102041	0.000000	0.040816	0.897959	0.938776	0.061224	0.061224	0.061224	0.020408	0.000000	0.836735	0.775510	0.836735

gland_mucin_pos_pattern_3
0.202880	0.055012	0.209341	0.177404	0.102086	0.222079	0.144545	0.009230	0.017353	0.959018	0.036182	0.079934	0.066642	0.033967	0.108178	0.069780	0.144360
0.384161	0.293520	0.287613	0.223371	0.060181	0.264168	0.671036	0.963633	0.915636	0.007384	0.012553	0.046889	0.814288	0.580764	0.615101	0.529998	0.527783
0.216910	0.044305	0.124054	0.515968	0.452834	0.164851	0.033229	0.005354	0.017537	0.019199	0.935758	0.329887	0.059627	0.023629	0.038767	0.058335	0.078272
0.196049	0.607163	0.378992	0.083256	0.384899	0.348902	0.151191	0.021783	0.049474	0.014399	0.015507	0.543290	0.059442	0.361639	0.237955	0.341887	0.249585

gland_mucin_pos_pattern_30
0.847826	0.065217	0.021739	0.586957	0.000000	0.000000	0.043478	0.000000	0.608696	0.021739	0.000000	0.000000	0.434783	0.021739	0.000000	0.021739	0.260870	0.021739	0.043478	0.021739	0.043478	0.456522	0.021739	0.347826	0.043478	0.108696	0.521739	0.347826
0.065217	0.086957	0.043478	0.347826	0.934783	0.282609	0.065217	0.000000	0.021739	0.652174	0.978261	0.913043	0.021739	0.000000	0.065217	0.913043	0.652174	0.086957	0.065217	0.217391	0.543478	0.173913	0.108696	0.043478	0.304348	0.521739	0.086957	0.500000
0.021739	0.304348	0.869565	0.043478	0.043478	0.021739	0.847826	1.000000	0.326087	0.000000	0.000000	0.021739	0.543478	0.978261	0.586957	0.043478	0.021739	0.000000	0.043478	0.000000	0.304348	0.065217	0.782609	0.108696	0.043478	0.282609	0.043478	0.086957
0.065217	0.543478	0.065217	0.021739	0.021739	0.695652	0.043478	0.000000	0.043478	0.326087	0.021739	0.065217	0.000000	0.000000	0.347826	0.021739	0.065217	0.891304	0.847826	0.760870	0.108696	0.304348	0.086957	0.500000	0.608696	0.086957	0.347826	0.065217

gland_mucin_pos_pattern_31
0.372093	0.558140	0.372093	0.465116	0.255814	0.255814	0.209302	0.162791	0.209302	0.209302	0.023256	0.023256	0.046512	0.023256	0.883721	0.139535	0.581395	0.093023	0.046512	0.116279	0.139535	0.302326	0.139535	0.627907	0.720930	0.511628
0.093023	0.093023	0.000000	0.093023	0.255814	0.302326	0.069767	0.279070	0.046512	0.093023	0.046512	0.093023	0.046512	0.023256	0.046512	0.046512	0.046512	0.046512	0.093023	0.000000	0.255814	0.372093	0.186047	0.046512	0.046512	0.023256
0.279070	0.046512	0.372093	0.116279	0.093023	0.162791	0.093023	0.000000	0.046512	0.162791	0.023256	0.000000	0.069767	0.093023	0.023256	0.046512	0.093023	0.000000	0.000000	0.046512	0.023256	0.209302	0.139535	0.162791	0.162791	0.139535
0.255814	0.302326	0.255814	0.325581	0.395349	0.279070	0.627907	0.558140	0.697674	0.534884	0.906977	0.883721	0.837209	0.860465	0.046512	0.767442	0.279070	0.860465	0.860465	0.837209	0.581395	0.116279	0.534884	0.162791	0.069767	0.325581

gland_mucin_pos_pattern_32
0.833333
0.055556
0.055556
0.055556

gland_mucin_pos_pattern_33
0.166667	0.361111	0.305556	0.055556	0.027778	0.055556	0.333333	0.000000	0.000000	0.666667	0.027778	0.055556	0.277778	0.277778	0.000000	0.000000	0.000000	0.055556	0.305556	0.611111	0.333333
0.500000	0.583333	0.083333	0.055556	0.000000	0.055556	0.083333	0.888889	0.027778	0.333333	0.000000	0.944444	0.027778	0.583333	0.000000	0.972222	0.000000	0.000000	0.027778	0.000000	0.277778
0.305556	0.027778	0.000000	0.777778	0.666667	0.888889	0.583333	0.000000	0.944444	0.000000	0.972222	0.000000	0.666667	0.000000	0.944444	0.000000	1.000000	0.611111	0.611111	0.000000	0.333333
0.027778	0.027778	0.611111	0.111111	0.305556	0.000000	0.000000	0.111111	0.027778	0.000000	0.000000	0.000000	0.027778	0.138889	0.055556	0.027778	0.000000	0.333333	0.055556	0.388889	0.055556

gland_mucin_pos_pattern_34
0.060606	0.333333	0.333333	0.030303	0.060606	0.939394	0.696970	0.000000	0.060606	0.909091	0.030303	0.151515	0.151515	0.090909	0.000000	0.212121	0.030303	0.000000	0.121212	0.393939	0.545455	0.545455	0.636364	0.272727	0.272727
0.242424	0.121212	0.090909	0.939394	0.727273	0.030303	0.000000	0.030303	0.212121	0.030303	0.030303	0.757576	0.030303	0.424242	0.000000	0.696970	0.000000	0.696970	0.090909	0.090909	0.060606	0.030303	0.151515	0.272727	0.090909
0.151515	0.393939	0.515152	0.030303	0.000000	0.000000	0.060606	0.000000	0.666667	0.000000	0.878788	0.060606	0.727273	0.212121	0.939394	0.030303	0.969697	0.030303	0.636364	0.151515	0.212121	0.181818	0.090909	0.151515	0.090909
0.545455	0.151515	0.060606	0.000000	0.212121	0.030303	0.242424	0.969697	0.060606	0.060606	0.060606	0.030303	0.090909	0.272727	0.060606	0.060606	0.000000	0.272727	0.151515	0.363636	0.181818	0.242424	0.121212	0.303030	0.545455

gland_mucin_pos_pattern_35
0.060606	0.333333	0.090909	0.030303	0.363636	0.151515
0.060606	0.121212	0.393939	0.545455	0.272727	0.090909
0.303030	0.060606	0.000000	0.060606	0.121212	0.363636
0.575758	0.484848	0.515152	0.363636	0.242424	0.393939

gland_mucin_pos_pattern_36
0.766667	0.033333
0.166667	0.300000
0.066667	0.066667
0.000000	0.600000

gland_mucin_pos_pattern_37
0.035714
0.750000
0.035714
0.178571

gland_mucin_pos_pattern_38
0.083333	0.166667	0.000000	0.083333
0.000000	0.583333	0.166667	0.083333
0.916667	0.125000	0.833333	0.625000
0.000000	0.125000	0.000000	0.208333

gland_mucin_pos_pattern_4
0.233670	0.605612	0.044893	0.015039	0.950393	0.002918	0.002694	0.007183	0.041302	0.950842	0.029630
0.157576	0.080584	0.053872	0.059035	0.008305	0.980696	0.000224	0.010550	0.914478	0.007632	0.671829
0.289338	0.228283	0.022222	0.829181	0.023569	0.004040	0.996633	0.003816	0.035466	0.022896	0.030976
0.319416	0.085522	0.879012	0.096745	0.017733	0.012346	0.000449	0.978451	0.008754	0.018631	0.267565

gland_mucin_pos_pattern_5
0.231007	0.103039	0.084283	0.067664	0.024454	0.009497	0.004511	0.952279	0.016382	0.120370	0.025404	0.009022	0.031576	0.309354	0.588794	0.299145
0.150760	0.064103	0.785850	0.837369	0.009734	0.978158	0.985518	0.014245	0.025166	0.424264	0.017331	0.009497	0.018044	0.058879	0.089981	0.107550
0.497151	0.540123	0.047958	0.067189	0.935660	0.004748	0.005461	0.014008	0.008547	0.118234	0.017331	0.012821	0.856363	0.396011	0.061966	0.060779
0.121083	0.292735	0.081909	0.027778	0.030152	0.007597	0.004511	0.019468	0.949905	0.337132	0.939934	0.968661	0.094017	0.235755	0.259259	0.532526

gland_mucin_pos_pattern_6
0.230957	0.154481	0.044968	0.126950	0.026308	0.014377	0.935454	0.021413	0.007342	0.018354	0.030896	0.024166
0.310493	0.201897	0.004283	0.833282	0.005506	0.964209	0.027531	0.033955	0.004283	0.892628	0.026920	0.576629
0.181707	0.071276	0.945549	0.024472	0.957479	0.008259	0.016825	0.031814	0.980422	0.011318	0.847354	0.022637
0.276843	0.572346	0.005200	0.015295	0.010707	0.013154	0.020190	0.912817	0.007954	0.077700	0.094830	0.376568

gland_mucin_pos_pattern_7
0.192527	0.155516	0.102135	0.256228	0.087544	0.021708	0.027758	0.027758
0.449822	0.094662	0.715302	0.165836	0.681139	0.044840	0.896085	0.013879
0.150890	0.586833	0.066548	0.464413	0.061210	0.909253	0.014591	0.940569
0.206762	0.162989	0.116014	0.113523	0.170107	0.024199	0.061566	0.017794

gland_mucin_pos_pattern_8
0.331288	0.575372	0.007450	0.036810	0.007450	0.013146	0.050394	0.032428	0.617441	0.129273
0.115250	0.074058	0.981157	0.940403	0.004382	0.885627	0.047765	0.033304	0.058282	0.611744
0.250657	0.133216	0.006135	0.009202	0.979404	0.070990	0.033304	0.891323	0.193252	0.085013
0.302805	0.217353	0.005259	0.013585	0.008764	0.030237	0.868536	0.042945	0.131025	0.173970

gland_mucin_pos_pattern_9
0.164823	0.228429	0.054757	0.102876	0.353982	0.044801	0.015487	0.774336	0.045907	0.279867	0.106748	0.101217	0.784292	0.945243	0.016040
0.253872	0.016040	0.047566	0.229535	0.067478	0.753319	0.810841	0.056416	0.019912	0.003872	0.015487	0.636062	0.013827	0.020465	0.913717
0.216814	0.715155	0.059735	0.027655	0.314712	0.043695	0.003872	0.040376	0.019912	0.702434	0.857854	0.027102	0.142146	0.019358	0.004425
0.364491	0.040376	0.837942	0.639934	0.263827	0.158186	0.169801	0.128872	0.914270	0.013827	0.019912	0.235619	0.059735	0.014934	0.065819

neuronal_pos_pattern_0
0.157092	0.530175	0.415464	0.060895	0.006897	0.979127	0.943643	0.015065	0.137762	0.863871
0.297940	0.068881	0.066612	0.847355	0.966875	0.009620	0.011979	0.007895	0.687630	0.008621
0.167257	0.286505	0.441601	0.011253	0.002632	0.006806	0.012615	0.004447	0.117797	0.102913
0.377711	0.114439	0.076323	0.080497	0.023596	0.004447	0.031763	0.972593	0.056811	0.024594

neuronal_pos_pattern_1
0.301869	0.566681	0.266192	0.023784	0.964111	0.030580	0.960289	0.002548	0.013803	0.329475	0.647165	0.331174	0.117116	0.014971	0.020174	0.598429
0.285942	0.086855	0.590996	0.964642	0.010618	0.953706	0.013591	0.001274	0.026333	0.159376	0.073583	0.076874	0.836059	0.964961	0.926948	0.021130
0.154810	0.178700	0.097154	0.005628	0.015502	0.006689	0.014653	0.989382	0.952007	0.281482	0.075812	0.303037	0.003929	0.008282	0.006583	0.352835
0.257379	0.167764	0.045657	0.005946	0.009769	0.009025	0.011467	0.006795	0.007857	0.229667	0.203440	0.288915	0.042897	0.011786	0.046294	0.027607

neuronal_pos_pattern_10
0.528856	0.577125	0.551941	0.545645	0.624344	0.631689	0.726128	0.764953	0.745016	0.834208	0.800630	0.803778	0.814271	0.768101	0.740818	0.568730	0.827912	0.573977	0.948583	0.819517	0.814271	0.570829
0.113326	0.097587	0.095488	0.095488	0.073452	0.071354	0.023085	0.035677	0.031480	0.023085	0.018888	0.027282	0.026233	0.049318	0.060860	0.062959	0.044071	0.051417	0.012592	0.025184	0.046170	0.111228
0.131165	0.117524	0.110178	0.115425	0.098636	0.082896	0.067156	0.058762	0.048269	0.026233	0.040923	0.029381	0.044071	0.050367	0.050367	0.095488	0.055614	0.121721	0.012592	0.062959	0.038825	0.073452
0.226653	0.207765	0.242392	0.243442	0.203568	0.214061	0.183631	0.140609	0.175236	0.116474	0.139559	0.139559	0.115425	0.132214	0.147954	0.272823	0.072403	0.252886	0.026233	0.092340	0.100735	0.244491

neuronal_pos_pattern_11
0.256891	0.044101	0.105843	0.097023	0.149945	0.109151	0.065050	0.141125	0.050717	0.066152	0.115766	0.212789
0.412348	0.876516	0.793826	0.726571	0.678060	0.411246	0.759647	0.661521	0.790518	0.815877	0.654906	0.501654
0.123484	0.022051	0.038589	0.038589	0.082690	0.050717	0.066152	0.100331	0.035281	0.038589	0.058434	0.078280
0.207277	0.057332	0.061742	0.137817	0.089305	0.428886	0.109151	0.097023	0.123484	0.079383	0.170893	0.207277

neuronal_pos_pattern_12
0.319005	0.092760	0.111991	0.237557	0.099548	0.076923	0.167421	0.333710	0.021493	0.030543	0.748869	0.099548	0.110860	0.078054	0.184389	0.084842	0.066742
0.395928	0.651584	0.099548	0.339367	0.040724	0.065611	0.401584	0.566742	0.947964	0.919683	0.046380	0.082579	0.078054	0.602941	0.371041	0.639140	0.636878
0.108597	0.064480	0.037330	0.226244	0.830317	0.187783	0.213801	0.048643	0.010181	0.020362	0.072398	0.778281	0.493213	0.184389	0.173077	0.070136	0.044118
0.176471	0.191176	0.751131	0.196833	0.029412	0.669683	0.217195	0.050905	0.020362	0.029412	0.132353	0.039593	0.317873	0.134615	0.271493	0.205882	0.252262

neuronal_pos_pattern_13
0.293622	0.123947	0.143201	0.246691	0.441637	0.180505	0.117930	0.427196	0.064982	0.072202	0.188929	0.385078	0.185319	0.330927	0.312876	0.121540	0.154031
0.257521	0.620939	0.571600	0.469314	0.128761	0.162455	0.531889	0.212996	0.794224	0.827918	0.571600	0.365824	0.333333	0.205776	0.133574	0.161252	0.134777
0.208183	0.101083	0.078219	0.085439	0.286402	0.140794	0.129964	0.198556	0.043321	0.046931	0.072202	0.081829	0.111913	0.158845	0.209386	0.184116	0.543923
0.240674	0.154031	0.206980	0.198556	0.143201	0.516245	0.220217	0.161252	0.097473	0.052948	0.167268	0.167268	0.369434	0.304452	0.344164	0.533093	0.167268

neuronal_pos_pattern_14
0.157431	0.127204	0.104534	0.065491	0.032746	0.301008	0.114610	0.062972	0.098237	0.158690	0.129723
0.326196	0.086902	0.785894	0.025189	0.924433	0.085642	0.591940	0.055416	0.768262	0.083123	0.510076
0.153652	0.648615	0.037783	0.851385	0.015113	0.534005	0.078086	0.772040	0.039043	0.627204	0.098237
0.362720	0.137280	0.071788	0.057935	0.027708	0.079345	0.215365	0.109572	0.094458	0.130982	0.261965

neuronal_pos_pattern_15
0.219444	0.037500	0.052778	0.138889	0.323611	0.101389	0.061111	0.219444	0.070833	0.097222	0.177778
0.312500	0.916667	0.861111	0.616667	0.213889	0.040278	0.111111	0.113889	0.597222	0.672222	0.495833
0.179167	0.013889	0.045833	0.109722	0.284722	0.337500	0.697222	0.465278	0.102778	0.126389	0.052778
0.288889	0.031944	0.040278	0.134722	0.177778	0.520833	0.130556	0.201389	0.229167	0.104167	0.273611

neuronal_pos_pattern_16
0.355649	0.050209	0.039052	0.059972	0.612273	0.092050	0.255230	0.719665	0.079498	0.043236	0.057183	0.599721	0.152022	0.153417	0.179916	0.085077	0.157601
0.128312	0.892608	0.923291	0.846583	0.112971	0.132497	0.248257	0.034868	0.156206	0.227336	0.810321	0.150628	0.235704	0.271967	0.072524	0.507671	0.085077
0.170153	0.027894	0.016736	0.041841	0.241283	0.189679	0.372385	0.160391	0.136681	0.656904	0.069735	0.054393	0.073919	0.085077	0.499303	0.133891	0.633194
0.345886	0.029289	0.020921	0.051604	0.033473	0.585774	0.124128	0.085077	0.627615	0.072524	0.062762	0.195258	0.538354	0.489540	0.248257	0.273361	0.124128

neuronal_pos_pattern_17
0.167355	0.140496	0.233471	0.200413	0.165289	0.334711	0.266529	0.409091	0.704545	0.018595	0.950413	0.739669	0.729339	0.026860	0.068182	0.553719	0.231405	0.231405	0.076446	0.121901
0.152893	0.163223	0.140496	0.117769	0.183884	0.115702	0.471074	0.113636	0.084711	0.971074	0.010331	0.190083	0.070248	0.010331	0.016529	0.165289	0.148760	0.078512	0.440083	0.739669
0.115702	0.107438	0.105372	0.510331	0.119835	0.128099	0.146694	0.105372	0.088843	0.004132	0.020661	0.033058	0.014463	0.919421	0.894628	0.163223	0.438017	0.194215	0.030992	0.053719
0.564050	0.588843	0.520661	0.171488	0.530992	0.421488	0.115702	0.371901	0.121901	0.006198	0.018595	0.037190	0.185950	0.043388	0.020661	0.117769	0.181818	0.495868	0.452479	0.084711

neuronal_pos_pattern_18
0.271949	0.130621	0.053533	0.665953	0.597430	0.115632	0.160600	0.419700	0.079229	0.042827
0.419700	0.755889	0.815846	0.147752	0.089936	0.068522	0.411135	0.278373	0.730193	0.858672
0.164882	0.032120	0.014989	0.094218	0.233405	0.211991	0.254818	0.152034	0.096360	0.040685
0.143469	0.081370	0.115632	0.092077	0.079229	0.603854	0.173448	0.149893	0.094218	0.057816

neuronal_pos_pattern_19
0.227545	0.119760	0.589820	0.203593	0.416168	0.251497	0.182635	0.239521	0.191617	0.212575	0.041916	0.074850	0.143713	0.359281	0.170659	0.095808	0.224551
0.290419	0.631737	0.116766	0.497006	0.173653	0.104790	0.209581	0.179641	0.488024	0.416168	0.862275	0.823353	0.497006	0.098802	0.167665	0.359281	0.134731
0.164671	0.137725	0.143713	0.095808	0.119760	0.485030	0.410180	0.275449	0.134731	0.188623	0.035928	0.038922	0.110778	0.419162	0.167665	0.224551	0.491018
0.317365	0.110778	0.149701	0.203593	0.290419	0.158683	0.197605	0.305389	0.185629	0.182635	0.059880	0.062874	0.248503	0.122754	0.494012	0.320359	0.149701

neuronal_pos_pattern_2
0.299021	0.541799	0.126872	0.019809	0.803089	0.013796	0.023700	0.004009	0.032779	0.782573	0.027119
0.172857	0.103643	0.114491	0.789530	0.028299	0.903785	0.003184	0.036906	0.051055	0.069096	0.781630
0.270133	0.257753	0.098927	0.064733	0.154935	0.012381	0.968164	0.017451	0.903431	0.066030	0.032779
0.257988	0.096805	0.659710	0.125929	0.013678	0.070039	0.004952	0.941634	0.012734	0.082302	0.158472

neuronal_pos_pattern_20
0.466667	0.076190	0.063492	0.012698	0.438095	0.282540	0.926984	0.060317	0.041270	0.365079	0.098413	0.130159
0.114286	0.193651	0.022222	0.974603	0.041270	0.631746	0.019048	0.019048	0.041270	0.180952	0.057143	0.650794
0.225397	0.101587	0.831746	0.000000	0.317460	0.038095	0.022222	0.031746	0.596825	0.057143	0.771429	0.066667
0.193651	0.628571	0.082540	0.012698	0.203175	0.047619	0.031746	0.888889	0.320635	0.396825	0.073016	0.152381

neuronal_pos_pattern_21
0.080357	0.892857	0.901786	0.044643	0.955357	0.910714	0.044643	0.928571	0.071429
0.017857	0.026786	0.017857	0.910714	0.017857	0.017857	0.017857	0.026786	0.035714
0.866071	0.053571	0.053571	0.017857	0.008929	0.008929	0.000000	0.026786	0.026786
0.035714	0.026786	0.026786	0.026786	0.017857	0.062500	0.937500	0.017857	0.866071

neuronal_pos_pattern_22
0.912088	0.087912
0.010989	0.791209
0.054945	0.032967
0.021978	0.087912

neuronal_pos_pattern_23
0.129032	0.096774	0.032258	0.725806	0.177419
0.048387	0.080645	0.048387	0.064516	0.032258
0.774194	0.725806	0.225806	0.048387	0.096774
0.048387	0.096774	0.693548	0.161290	0.693548

neuronal_pos_pattern_24
0.166667	0.150000	0.183333	0.150000	0.233333	0.216667	0.050000	0.300000	0.066667	0.250000	0.266667	0.200000	0.100000	0.050000	0.400000	0.116667	0.216667	0.066667	0.733333	0.416667	0.033333	0.033333	0.316667	0.333333	0.100000
0.133333	0.516667	0.183333	0.283333	0.300000	0.200000	0.483333	0.366667	0.666667	0.616667	0.383333	0.300000	0.200000	0.633333	0.283333	0.800000	0.600000	0.700000	0.116667	0.083333	0.066667	0.116667	0.233333	0.183333	0.483333
0.233333	0.150000	0.083333	0.183333	0.216667	0.283333	0.316667	0.233333	0.116667	0.083333	0.200000	0.316667	0.183333	0.266667	0.183333	0.000000	0.100000	0.016667	0.050000	0.066667	0.050000	0.850000	0.166667	0.350000	0.066667
0.466667	0.183333	0.550000	0.383333	0.250000	0.300000	0.150000	0.100000	0.150000	0.050000	0.150000	0.183333	0.516667	0.050000	0.133333	0.083333	0.083333	0.216667	0.100000	0.433333	0.850000	0.000000	0.283333	0.133333	0.350000

neuronal_pos_pattern_25
0.166667	0.037037	0.129630	0.037037	0.240741	0.074074	0.296296	0.351852	0.240741	0.277778	0.185185	0.555556	0.333333	0.037037	0.833333	0.092593	0.111111	0.018519	0.018519
0.074074	0.240741	0.055556	0.129630	0.240741	0.370370	0.259259	0.148148	0.203704	0.166667	0.370370	0.129630	0.222222	0.925926	0.055556	0.000000	0.277778	0.037037	0.000000
0.425926	0.611111	0.296296	0.722222	0.185185	0.092593	0.111111	0.185185	0.351852	0.222222	0.166667	0.296296	0.277778	0.018519	0.018519	0.870370	0.555556	0.055556	0.962963
0.333333	0.111111	0.518519	0.111111	0.333333	0.462963	0.333333	0.314815	0.203704	0.333333	0.277778	0.018519	0.166667	0.018519	0.092593	0.037037	0.055556	0.888889	0.018519

neuronal_pos_pattern_26
0.046512	0.093023	0.116279	0.813953	0.046512
0.697674	0.023256	0.093023	0.093023	0.651163
0.139535	0.046512	0.093023	0.023256	0.093023
0.116279	0.837209	0.697674	0.069767	0.209302

neuronal_pos_pattern_27
0.142857	0.142857	0.190476	0.190476	0.285714	0.238095	0.023810	0.119048	0.214286	0.000000	0.023810	0.000000	0.023810	0.857143	0.000000	0.380952	0.238095	0.071429	0.023810	0.047619	0.214286	0.142857	0.071429	0.571429
0.190476	0.142857	0.166667	0.190476	0.428571	0.166667	0.142857	0.428571	0.285714	1.000000	0.000000	0.976190	0.976190	0.000000	0.047619	0.214286	0.000000	0.023810	0.095238	0.047619	0.119048	0.119048	0.095238	0.095238
0.404762	0.595238	0.119048	0.119048	0.047619	0.357143	0.261905	0.285714	0.428571	0.000000	0.976190	0.023810	0.000000	0.023810	0.000000	0.095238	0.023810	0.000000	0.095238	0.904762	0.404762	0.023810	0.119048	0.095238
0.261905	0.119048	0.523810	0.500000	0.238095	0.238095	0.571429	0.166667	0.071429	0.000000	0.000000	0.000000	0.000000	0.119048	0.952381	0.309524	0.738095	0.904762	0.785714	0.000000	0.261905	0.714286	0.714286	0.238095

neuronal_pos_pattern_28
0.296296	0.555556	0.481481	0.037037	0.962963	0.037037	0.925926	0.000000	0.037037	0.185185	0.740741	0.407407	0.222222	0.074074	0.000000	0.481481	0.370370	0.296296	0.407407	0.740741	0.222222
0.111111	0.037037	0.370370	0.925926	0.000000	0.888889	0.037037	0.037037	0.037037	0.148148	0.037037	0.037037	0.666667	0.888889	0.851852	0.074074	0.148148	0.000000	0.444444	0.037037	0.407407
0.074074	0.148148	0.148148	0.037037	0.037037	0.037037	0.000000	0.962963	0.925926	0.370370	0.000000	0.481481	0.000000	0.037037	0.000000	0.444444	0.370370	0.148148	0.111111	0.148148	0.074074
0.518519	0.259259	0.000000	0.000000	0.000000	0.037037	0.037037	0.000000	0.000000	0.296296	0.222222	0.074074	0.111111	0.000000	0.148148	0.000000	0.111111	0.555556	0.037037	0.074074	0.296296

neuronal_pos_pattern_29
0.000000	0.166667
0.958333	0.000000
0.000000	0.833333
0.041667	0.000000

neuronal_pos_pattern_3
0.376066	0.025582	0.621622	0.018500	0.047839	0.013875	0.011418
0.118659	0.947391	0.281255	0.020812	0.460038	0.046105	0.006359
0.316375	0.015031	0.042203	0.942044	0.448331	0.041625	0.969071
0.188900	0.011996	0.054921	0.018644	0.043792	0.898396	0.013152

neuronal_pos_pattern_4
0.258234	0.561528	0.035563	0.020408	0.871287	0.001616	0.012730	0.007880	0.061022	0.967670	0.021621
0.192160	0.097191	0.039200	0.083451	0.025662	0.971914	0.001212	0.038594	0.880178	0.006668	0.679531
0.210346	0.264902	0.018590	0.760760	0.088705	0.006466	0.985452	0.011113	0.048293	0.014953	0.026066
0.339260	0.076379	0.906648	0.135381	0.014346	0.020004	0.000606	0.942413	0.010507	0.010709	0.272782

neuronal_pos_pattern_5
0.154821	0.249862	0.027273	0.128099	0.028099	0.831680	0.014876	0.012121	0.045730	0.097245	0.042975
0.309642	0.021488	0.950413	0.019008	0.923140	0.042149	0.025620	0.006612	0.909642	0.064738	0.640771
0.096419	0.692562	0.013223	0.814325	0.011295	0.085399	0.015152	0.959229	0.012121	0.641047	0.032231
0.439118	0.036088	0.009091	0.038567	0.037466	0.040771	0.944353	0.022039	0.032507	0.196970	0.284022

neuronal_pos_pattern_6
0.157492	0.232957	0.094787	0.082027	0.085308	0.030259	0.010208	0.013489	0.903026	0.037186	0.160408	0.073642	0.023332	0.031717	0.294568	0.571637	0.283266
0.449872	0.103901	0.060882	0.786730	0.808604	0.028071	0.963908	0.957346	0.024061	0.042289	0.400656	0.024790	0.014218	0.025884	0.079110	0.103172	0.092235
0.105359	0.558148	0.570543	0.068903	0.070361	0.907765	0.010937	0.010937	0.028071	0.017499	0.117025	0.038279	0.023332	0.875684	0.420707	0.069996	0.053591
0.287277	0.104995	0.273788	0.062341	0.035727	0.033904	0.014947	0.018228	0.044841	0.903026	0.321910	0.863288	0.939118	0.066715	0.205614	0.255195	0.570908

neuronal_pos_pattern_7
0.400666	0.552270	0.685548	0.852561	0.859225	0.844232	0.417326	0.491045	0.041233	0.570596	0.215327	0.815910	0.513536	0.570596
0.140358	0.074552	0.041233	0.029988	0.014577	0.039567	0.052895	0.112453	0.025823	0.119534	0.071220	0.062057	0.105789	0.121616
0.159517	0.127863	0.113703	0.039150	0.038317	0.031653	0.056643	0.072470	0.022491	0.075802	0.089546	0.047064	0.147022	0.119117
0.299459	0.245314	0.159517	0.078301	0.087880	0.084548	0.473136	0.324032	0.910454	0.234069	0.623907	0.074969	0.233653	0.188671

neuronal_pos_pattern_8
0.512103	0.552194	0.529501	0.478064	0.608926	0.579425	0.690620	0.613464	0.442511	0.449319	0.194402	0.595310	0.328290	0.936460	0.703480	0.727685	0.356278	0.084720	0.062027	0.100605	0.223147
0.135401	0.075643	0.114977	0.093041	0.073374	0.075643	0.074130	0.102118	0.120272	0.158094	0.116490	0.101362	0.061271	0.010590	0.040091	0.027231	0.050681	0.040091	0.040091	0.089259	0.123298
0.128593	0.127837	0.139183	0.124811	0.119516	0.093041	0.081694	0.093797	0.121029	0.154312	0.095310	0.069592	0.107413	0.025719	0.074130	0.043873	0.052950	0.019667	0.014372	0.029501	0.085477
0.223903	0.244327	0.216339	0.304085	0.198185	0.251891	0.153555	0.190620	0.316188	0.238275	0.593797	0.233737	0.503026	0.027231	0.182300	0.201210	0.540091	0.855522	0.883510	0.780635	0.568079

neuronal_pos_pattern_9
0.443890	0.621779	0.748961	0.856193	0.922693	0.791355	0.786367	0.655860	0.610141	0.500416	0.241895	0.293433	0.123857	0.437240	0.268495	0.773899	0.607648	0.743142	0.502909	0.328346	0.251870
0.118038	0.050707	0.041563	0.015794	0.003325	0.010806	0.014131	0.022444	0.050707	0.085619	0.135495	0.197839	0.118869	0.186201	0.135495	0.057357	0.083957	0.050707	0.112219	0.152951	0.112219
0.197839	0.126351	0.100582	0.058188	0.029094	0.027431	0.029094	0.017456	0.039069	0.039900	0.078138	0.129676	0.108063	0.138820	0.180382	0.078969	0.163757	0.102244	0.143807	0.108894	0.091438
0.240233	0.201164	0.108894	0.069825	0.044888	0.170407	0.170407	0.304239	0.300083	0.374065	0.544472	0.379052	0.649210	0.237739	0.415628	0.089776	0.144638	0.103907	0.241064	0.409809	0.544472

NPC_pos_pattern_0
0.081345	0.011050	0.054191	0.603385	0.004584	0.002821	0.003762	0.038556	0.099330
0.226990	0.746327	0.431880	0.008934	0.001998	0.001528	0.001646	0.007171	0.219114
0.257670	0.116727	0.027154	0.035030	0.005055	0.001763	0.993535	0.037734	0.118843
0.433996	0.125896	0.486776	0.352651	0.988363	0.993887	0.001058	0.916539	0.562713

NPC_pos_pattern_1
0.175537	0.022518	0.939739	0.007677	0.013434	0.003966	0.005118	0.762410	0.045420
0.194857	0.859775	0.024437	0.904043	0.010491	0.009212	0.031730	0.075102	0.720829
0.143424	0.069473	0.021878	0.044524	0.971853	0.004478	0.959826	0.085338	0.046187
0.486182	0.048234	0.013946	0.043756	0.004222	0.982344	0.003327	0.077149	0.187564

NPC_pos_pattern_10
0.333642	0.575996	0.006487	0.073679	0.008804	0.019462	0.036145	0.050973	0.677479	0.086191	0.133457
0.173309	0.091288	0.983318	0.875811	0.002317	0.879981	0.048193	0.029657	0.065338	0.671455	0.646895
0.242354	0.177016	0.004634	0.030120	0.986562	0.084801	0.048656	0.867470	0.170992	0.066265	0.037071
0.250695	0.155700	0.005561	0.020389	0.002317	0.015755	0.867006	0.051900	0.086191	0.176089	0.182576

NPC_pos_pattern_11
0.295878	0.199887	0.079616	0.022021	0.943535	0.984754	0.000565	0.031621	0.892151
0.175607	0.078487	0.516657	0.479390	0.035573	0.002823	0.000000	0.123659	0.005082
0.272163	0.584980	0.145680	0.007905	0.008470	0.002259	0.000000	0.092038	0.083004
0.256352	0.136646	0.258046	0.490683	0.012422	0.010164	0.999435	0.752682	0.019763

NPC_pos_pattern_12
0.401473	0.081031	0.017188	0.039288	0.828115	0.062615	0.321670	0.763045	0.100675	0.090239	0.023327	0.488029	0.134438	0.106200	0.108042	0.026397	0.147944
0.087784	0.849601	0.968079	0.932474	0.028238	0.077348	0.226519	0.066912	0.071209	0.135052	0.957643	0.262124	0.196440	0.248005	0.027010	0.839165	0.042971
0.098220	0.025169	0.004911	0.015347	0.119705	0.311234	0.408840	0.131983	0.170657	0.681400	0.011050	0.049724	0.052179	0.065684	0.758134	0.058932	0.732965
0.412523	0.044199	0.009822	0.012891	0.023941	0.548803	0.042971	0.038060	0.657459	0.093309	0.007980	0.200123	0.616943	0.580110	0.106814	0.075506	0.076120

NPC_pos_pattern_13
0.151840	0.152607	0.162577	0.054448	0.032209	0.007669	0.019939	0.053681	0.130368
0.166411	0.552147	0.156442	0.829755	0.052147	0.960123	0.003834	0.501534	0.074387
0.492331	0.111196	0.532209	0.050613	0.894939	0.010736	0.970092	0.161810	0.723926
0.189417	0.184049	0.148773	0.065184	0.020706	0.021472	0.006135	0.282975	0.071319

NPC_pos_pattern_14
0.394318	0.135227	0.938636	0.012500	0.009091	0.005682	0.629545	0.962500	0.997727	0.006818	0.073864	0.640909
0.088636	0.102273	0.009091	0.006818	0.000000	0.889773	0.010227	0.006818	0.000000	0.003409	0.155682	0.096591
0.168182	0.027273	0.018182	0.014773	0.963636	0.036364	0.005682	0.004545	0.000000	0.009091	0.254545	0.089773
0.348864	0.735227	0.034091	0.965909	0.027273	0.068182	0.354545	0.026136	0.002273	0.980682	0.515909	0.172727

NPC_pos_pattern_15
0.217158	0.223861	0.077748	0.044236	0.449062	0.160858	0.076408	0.064343	0.116622	0.104558	0.109920	0.138070	0.239946	0.138070
0.402145	0.573727	0.835121	0.863271	0.355228	0.406166	0.462466	0.815013	0.676944	0.644772	0.648794	0.609920	0.331099	0.514745
0.107239	0.093834	0.020107	0.028150	0.068365	0.254692	0.116622	0.037534	0.067024	0.054960	0.048257	0.072386	0.096515	0.124665
0.273458	0.108579	0.067024	0.064343	0.127346	0.178284	0.344504	0.083110	0.139410	0.195710	0.193029	0.179625	0.332440	0.222520

NPC_pos_pattern_16
0.503597	0.643165	0.686331	0.877698	0.941007	0.933813	0.889209	0.730935	0.568345	0.600000	0.745324	0.725180	0.869065	0.729496	0.830216	0.555396	0.706475
0.107914	0.080576	0.025899	0.011511	0.014388	0.007194	0.017266	0.054676	0.066187	0.066187	0.050360	0.035971	0.028777	0.064748	0.051799	0.079137	0.094964
0.149640	0.102158	0.060432	0.031655	0.012950	0.008633	0.020144	0.047482	0.047482	0.080576	0.057554	0.093525	0.034532	0.060432	0.047482	0.054676	0.073381
0.238849	0.174101	0.227338	0.079137	0.031655	0.050360	0.073381	0.166906	0.317986	0.253237	0.146763	0.145324	0.067626	0.145324	0.070504	0.310791	0.125180

NPC_pos_pattern_17
0.179002	0.117040	0.383821	0.089501	0.012048	0.015491	0.791738	0.020654	0.196213	0.253012	0.086059	0.213425	0.151463	0.137694	0.201377	0.135972	0.141136
0.113597	0.123924	0.203098	0.850258	0.977625	0.960413	0.046472	0.030981	0.091222	0.256454	0.234079	0.325301	0.633391	0.647160	0.342513	0.414802	0.142857
0.476764	0.220310	0.084337	0.030981	0.006885	0.018933	0.130809	0.862306	0.576592	0.392427	0.278830	0.225473	0.043029	0.061962	0.182444	0.165232	0.600688
0.230637	0.538726	0.328744	0.029260	0.003442	0.005164	0.030981	0.086059	0.135972	0.098107	0.401033	0.235800	0.172117	0.153184	0.273666	0.283993	0.115318

NPC_pos_pattern_18
0.181495	0.067616	0.103203	0.419929	0.042705	0.669039	0.003559	0.000000	0.003559	0.035587	0.113879	0.056940	0.601423	0.174377	0.064057	0.224199	0.177936	0.220641
0.516014	0.135231	0.135231	0.352313	0.274021	0.046263	0.056940	0.000000	0.000000	0.014235	0.078292	0.669039	0.053381	0.202847	0.106762	0.088968	0.035587	0.480427
0.135231	0.665480	0.615658	0.081851	0.032028	0.021352	0.003559	0.000000	0.989324	0.007117	0.099644	0.067616	0.078292	0.106762	0.056940	0.071174	0.654804	0.113879
0.167260	0.131673	0.145907	0.145907	0.651246	0.263345	0.935943	1.000000	0.007117	0.943060	0.708185	0.206406	0.266904	0.516014	0.772242	0.615658	0.131673	0.185053

NPC_pos_pattern_19
0.022814	0.125475	0.095057	0.840304	0.121673	0.114068	0.125475
0.022814	0.813688	0.026616	0.102662	0.022814	0.026616	0.798479
0.106464	0.019011	0.034221	0.011407	0.011407	0.000000	0.011407
0.847909	0.041825	0.844106	0.045627	0.844106	0.859316	0.064639

NPC_pos_pattern_2
0.542288	0.269721	0.018975	0.980754	0.016536	0.983193	0.000949	0.007997	0.296286	0.676200	0.347791	0.120900	0.007319	0.022364	0.585525
0.080103	0.610870	0.972079	0.010030	0.978856	0.007319	0.001084	0.019653	0.162104	0.061263	0.056384	0.853212	0.982516	0.938737	0.015993
0.167390	0.093115	0.004608	0.005828	0.002169	0.003931	0.995798	0.967471	0.290729	0.056926	0.301843	0.003388	0.003253	0.002711	0.380998
0.210220	0.026294	0.004337	0.003388	0.002440	0.005557	0.002169	0.004879	0.250881	0.205611	0.293982	0.022499	0.006912	0.036189	0.017484

NPC_pos_pattern_20
0.045455	0.081818	0.722727	0.100000	0.040909	0.077273	0.086364	0.250000	0.013636	0.004545	0.986364	0.968182	0.000000	0.054545	0.931818	0.695455	0.768182	0.177273	0.109091	0.081818	0.086364	0.745455	0.077273	0.127273
0.122727	0.663636	0.031818	0.090909	0.068182	0.095455	0.022727	0.618182	0.945455	0.968182	0.004545	0.004545	0.000000	0.854545	0.013636	0.068182	0.063636	0.022727	0.081818	0.181818	0.745455	0.050000	0.090909	0.645455
0.036364	0.031818	0.040909	0.059091	0.036364	0.050000	0.850000	0.095455	0.013636	0.000000	0.004545	0.004545	0.000000	0.040909	0.050000	0.209091	0.118182	0.086364	0.150000	0.659091	0.040909	0.113636	0.704545	0.163636
0.795455	0.222727	0.204545	0.750000	0.854545	0.777273	0.040909	0.036364	0.027273	0.027273	0.004545	0.022727	1.000000	0.050000	0.004545	0.027273	0.050000	0.713636	0.659091	0.077273	0.127273	0.090909	0.127273	0.063636

NPC_pos_pattern_21
0.139706	0.036765	0.007353	0.000000	0.220588	0.000000	0.022059	0.985294	0.000000	0.308824	0.022059	0.191176	0.742647	0.970588	0.007353
0.242647	0.000000	0.029412	0.080882	0.080882	0.933824	0.610294	0.000000	0.000000	0.000000	0.007353	0.242647	0.036765	0.007353	0.904412
0.308824	0.955882	0.029412	0.022059	0.595588	0.022059	0.000000	0.007353	0.000000	0.632353	0.970588	0.051471	0.154412	0.007353	0.014706
0.308824	0.007353	0.933824	0.897059	0.102941	0.044118	0.367647	0.007353	1.000000	0.058824	0.000000	0.514706	0.066176	0.014706	0.073529

NPC_pos_pattern_22
0.016260	0.097561	0.032520	0.032520	0.024390	0.000000	0.008130	0.040650	0.000000	0.008130	0.000000	0.024390	0.040650
0.918699	0.048780	0.926829	0.065041	0.040650	0.073171	0.967480	0.024390	0.000000	0.000000	0.000000	0.000000	0.065041
0.016260	0.016260	0.008130	0.886179	0.000000	0.008130	0.008130	0.008130	0.008130	0.000000	1.000000	0.000000	0.829268
0.048780	0.837398	0.032520	0.016260	0.934959	0.918699	0.016260	0.926829	0.991870	0.991870	0.000000	0.975610	0.065041

NPC_pos_pattern_23
0.137255	0.725490	0.774510	0.117647	0.019608	0.029412	0.029412	0.068627	0.019608	0.058824
0.754902	0.098039	0.039216	0.745098	0.872549	0.107843	0.774510	0.058824	0.088235	0.656863
0.039216	0.058824	0.078431	0.058824	0.049020	0.000000	0.019608	0.833333	0.058824	0.029412
0.068627	0.117647	0.107843	0.078431	0.058824	0.862745	0.176471	0.039216	0.833333	0.254902

NPC_pos_pattern_24
0.550000	0.600000	0.270000	0.660000	0.520000	0.460000	0.860000	0.940000	0.640000	0.940000	0.860000	0.260000	0.510000	0.470000	0.190000	0.690000	0.490000	0.530000	0.430000	0.520000	0.080000	0.630000	0.590000	0.520000	0.860000	0.720000	0.460000
0.070000	0.090000	0.140000	0.130000	0.080000	0.070000	0.020000	0.030000	0.030000	0.010000	0.020000	0.100000	0.010000	0.160000	0.150000	0.060000	0.090000	0.040000	0.080000	0.210000	0.130000	0.070000	0.050000	0.060000	0.020000	0.080000	0.070000
0.150000	0.140000	0.160000	0.050000	0.170000	0.090000	0.070000	0.000000	0.020000	0.020000	0.020000	0.040000	0.100000	0.100000	0.020000	0.100000	0.110000	0.090000	0.130000	0.050000	0.220000	0.070000	0.170000	0.070000	0.030000	0.020000	0.070000
0.230000	0.170000	0.430000	0.160000	0.230000	0.380000	0.050000	0.030000	0.310000	0.030000	0.100000	0.600000	0.380000	0.270000	0.640000	0.150000	0.310000	0.340000	0.360000	0.220000	0.570000	0.230000	0.190000	0.350000	0.090000	0.180000	0.400000

NPC_pos_pattern_25
0.086957	0.239130	0.163043	0.184783	0.554348	0.152174	0.130435	0.108696	0.163043	0.097826	0.043478	0.076087	0.217391	0.076087	0.021739	0.032609	0.086957	0.032609	0.054348	0.902174	0.130435	0.173913	0.141304	0.586957	0.195652
0.065217	0.097826	0.565217	0.108696	0.130435	0.119565	0.195652	0.576087	0.043478	0.130435	0.141304	0.728261	0.021739	0.663043	0.021739	0.880435	0.000000	0.043478	0.119565	0.032609	0.293478	0.097826	0.097826	0.097826	0.619565
0.750000	0.532609	0.130435	0.141304	0.184783	0.217391	0.119565	0.141304	0.641304	0.163043	0.684783	0.108696	0.706522	0.076087	0.923913	0.010870	0.880435	0.021739	0.771739	0.065217	0.065217	0.119565	0.619565	0.260870	0.065217
0.097826	0.130435	0.141304	0.565217	0.130435	0.510870	0.554348	0.173913	0.152174	0.608696	0.130435	0.086957	0.054348	0.184783	0.032609	0.076087	0.032609	0.902174	0.054348	0.000000	0.510870	0.608696	0.141304	0.054348	0.119565

NPC_pos_pattern_26
0.611940	0.552239	0.149254	0.164179	0.626866	0.104478	0.164179	0.089552	0.686567	0.223881	0.074627	0.014925	0.000000	0.029851	0.343284	0.000000	0.000000	0.000000	0.014925	0.059701	0.074627	0.104478
0.089552	0.104478	0.074627	0.164179	0.059701	0.626866	0.149254	0.641791	0.119403	0.104478	0.567164	0.074627	0.268657	0.835821	0.000000	0.000000	0.000000	0.000000	0.000000	0.567164	0.149254	0.552239
0.104478	0.223881	0.611940	0.134328	0.104478	0.119403	0.507463	0.089552	0.074627	0.567164	0.089552	0.119403	0.626866	0.000000	0.000000	0.000000	0.000000	1.000000	0.000000	0.059701	0.059701	0.104478
0.194030	0.119403	0.164179	0.537313	0.208955	0.149254	0.179104	0.179104	0.119403	0.104478	0.268657	0.791045	0.104478	0.134328	0.656716	1.000000	1.000000	0.000000	0.985075	0.313433	0.716418	0.238806

NPC_pos_pattern_27
0.839286	0.660714
0.017857	0.017857
0.000000	0.089286
0.142857	0.232143

NPC_pos_pattern_28
0.518519	0.407407	0.092593	0.018519	0.407407	0.148148	0.240741	0.314815	0.203704	0.222222	0.037037	0.296296	0.148148	0.111111	0.074074	0.000000	0.018519	0.055556	0.000000	0.425926	0.055556	0.444444	0.240741	0.111111	0.148148
0.092593	0.462963	0.611111	0.777778	0.333333	0.148148	0.148148	0.222222	0.203704	0.333333	0.425926	0.500000	0.537037	0.777778	0.037037	0.962963	0.092593	0.129630	0.111111	0.203704	0.759259	0.092593	0.148148	0.185185	0.537037
0.259259	0.055556	0.203704	0.111111	0.222222	0.425926	0.518519	0.370370	0.148148	0.277778	0.166667	0.111111	0.092593	0.018519	0.870370	0.037037	0.888889	0.129630	0.851852	0.314815	0.055556	0.222222	0.462963	0.537037	0.037037
0.129630	0.074074	0.092593	0.092593	0.037037	0.277778	0.092593	0.092593	0.444444	0.166667	0.370370	0.092593	0.222222	0.092593	0.018519	0.000000	0.000000	0.685185	0.037037	0.055556	0.129630	0.240741	0.148148	0.166667	0.277778

NPC_pos_pattern_29
0.673469	0.591837	0.081633	0.142857	0.163265	0.653061
0.081633	0.122449	0.102041	0.081633	0.122449	0.122449
0.020408	0.163265	0.020408	0.673469	0.693878	0.122449
0.224490	0.122449	0.795918	0.102041	0.020408	0.102041

NPC_pos_pattern_3
0.114165	0.596420	0.400754	0.027638	0.005025	0.979585	0.974874	0.008166	0.064384	0.902952	0.233354	0.609611
0.355999	0.058888	0.039730	0.902795	0.967337	0.007224	0.005182	0.004397	0.769629	0.007695	0.206187	0.160804
0.160176	0.256910	0.478015	0.011307	0.001099	0.009893	0.007852	0.006753	0.100660	0.084485	0.470163	0.135678
0.369661	0.087783	0.081501	0.058260	0.026539	0.003298	0.012092	0.980685	0.065327	0.004868	0.090295	0.093907

NPC_pos_pattern_30
0.255319	0.021277	0.000000	0.000000	0.000000	0.000000	0.787234	0.106383	0.085106	0.170213	0.106383	0.297872	0.361702	0.489362	0.468085	0.319149	0.574468
0.276596	0.893617	1.000000	0.000000	0.978723	1.000000	0.042553	0.063830	0.255319	0.042553	0.276596	0.148936	0.127660	0.085106	0.106383	0.319149	0.148936
0.361702	0.063830	0.000000	1.000000	0.000000	0.000000	0.085106	0.191489	0.234043	0.000000	0.042553	0.127660	0.170213	0.085106	0.063830	0.085106	0.042553
0.106383	0.021277	0.000000	0.000000	0.021277	0.000000	0.085106	0.638298	0.425532	0.787234	0.574468	0.425532	0.340426	0.340426	0.361702	0.276596	0.234043

NPC_pos_pattern_31
0.146341	0.243902	0.146341	0.268293	0.390244	0.585366	0.341463	0.390244	0.317073	0.512195	0.024390	0.048780	0.024390	0.024390	0.073171	0.000000	0.634146	0.073171	0.073171	0.439024	0.268293	0.073171	0.731707
0.146341	0.390244	0.121951	0.365854	0.268293	0.024390	0.121951	0.268293	0.195122	0.000000	0.975610	0.926829	0.000000	0.804878	0.121951	0.048780	0.097561	0.682927	0.756098	0.170732	0.365854	0.487805	0.000000
0.634146	0.146341	0.414634	0.146341	0.170732	0.219512	0.317073	0.073171	0.365854	0.219512	0.000000	0.000000	0.951220	0.170732	0.048780	0.926829	0.097561	0.024390	0.048780	0.292683	0.243902	0.170732	0.121951
0.073171	0.219512	0.317073	0.219512	0.170732	0.170732	0.219512	0.268293	0.121951	0.268293	0.000000	0.024390	0.024390	0.000000	0.756098	0.024390	0.170732	0.219512	0.121951	0.097561	0.121951	0.268293	0.146341

NPC_pos_pattern_32
0.205128	0.410256	0.000000	0.358974	0.102564	0.179487	0.282051	0.153846	0.153846	0.102564	0.153846	0.153846	0.000000	0.794872	0.051282	0.000000	0.179487	0.205128	0.205128	0.076923	0.000000	0.256410	0.076923	0.230769	0.307692
0.230769	0.076923	0.282051	0.025641	0.333333	0.358974	0.410256	0.282051	0.000000	0.128205	0.589744	0.769231	0.948718	0.051282	0.076923	0.179487	0.564103	0.538462	0.384615	0.358974	0.564103	0.230769	0.589744	0.205128	0.051282
0.487179	0.025641	0.717949	0.282051	0.333333	0.102564	0.179487	0.512821	0.487179	0.615385	0.051282	0.025641	0.051282	0.000000	0.820513	0.256410	0.153846	0.051282	0.051282	0.205128	0.076923	0.307692	0.128205	0.358974	0.564103
0.076923	0.487179	0.000000	0.333333	0.230769	0.358974	0.128205	0.051282	0.358974	0.153846	0.205128	0.051282	0.000000	0.153846	0.051282	0.564103	0.102564	0.205128	0.358974	0.358974	0.358974	0.205128	0.205128	0.205128	0.076923

NPC_pos_pattern_33
0.000000	0.257143	0.000000	0.000000	0.000000	0.057143	0.057143	0.057143	0.057143	0.114286	0.771429	0.114286	0.057143	0.114286	0.114286	0.742857
0.971429	0.028571	0.028571	0.028571	0.971429	0.914286	0.028571	0.028571	0.057143	0.771429	0.114286	0.057143	0.028571	0.057143	0.771429	0.085714
0.028571	0.714286	0.942857	0.942857	0.000000	0.000000	0.028571	0.000000	0.000000	0.028571	0.057143	0.714286	0.085714	0.028571	0.028571	0.114286
0.000000	0.000000	0.028571	0.028571	0.028571	0.028571	0.885714	0.914286	0.885714	0.085714	0.057143	0.114286	0.828571	0.800000	0.085714	0.057143

NPC_pos_pattern_34
0.500000	0.500000	0.294118	0.500000	0.529412	0.117647	0.088235	0.176471	0.058824	0.264706	0.029412	0.058824	0.441176	0.176471	0.000000	0.029412	0.500000	0.000000	0.088235	0.852941	0.000000	0.147059	0.088235	0.147059	0.205882	0.500000	0.382353
0.117647	0.088235	0.117647	0.088235	0.176471	0.205882	0.735294	0.352941	0.588235	0.029412	0.823529	0.000000	0.058824	0.058824	0.058824	0.911765	0.058824	0.029412	0.058824	0.000000	0.911765	0.029412	0.058824	0.147059	0.500000	0.176471	0.117647
0.264706	0.382353	0.411765	0.264706	0.117647	0.500000	0.058824	0.294118	0.176471	0.676471	0.058824	0.911765	0.441176	0.117647	0.941176	0.000000	0.411765	0.088235	0.823529	0.058824	0.000000	0.676471	0.676471	0.352941	0.088235	0.117647	0.470588
0.117647	0.029412	0.176471	0.147059	0.176471	0.176471	0.117647	0.176471	0.176471	0.029412	0.088235	0.029412	0.058824	0.647059	0.000000	0.058824	0.029412	0.882353	0.029412	0.088235	0.088235	0.147059	0.176471	0.352941	0.205882	0.205882	0.029412

NPC_pos_pattern_35
0.411765	0.735294	0.441176	0.147059	0.088235	0.088235	0.147059	0.000000	0.000000	0.647059	0.911765	0.088235	0.852941	0.647059	0.088235	0.000000	0.000000	0.441176	0.088235	0.117647	0.029412	0.000000	0.058824	0.029412	0.117647	0.058824	0.058824	0.117647
0.058824	0.058824	0.147059	0.500000	0.088235	0.117647	0.000000	0.941176	0.970588	0.235294	0.029412	0.764706	0.058824	0.000000	0.000000	0.000000	1.000000	0.088235	0.382353	0.176471	0.000000	0.970588	0.000000	0.000000	0.147059	0.529412	0.794118	0.764706
0.294118	0.088235	0.294118	0.235294	0.029412	0.000000	0.058824	0.029412	0.029412	0.029412	0.029412	0.029412	0.058824	0.323529	0.000000	1.000000	0.000000	0.029412	0.058824	0.000000	0.941176	0.000000	0.941176	0.970588	0.058824	0.264706	0.029412	0.088235
0.235294	0.117647	0.117647	0.117647	0.794118	0.794118	0.794118	0.029412	0.000000	0.088235	0.029412	0.117647	0.029412	0.029412	0.911765	0.000000	0.000000	0.441176	0.470588	0.705882	0.029412	0.029412	0.000000	0.000000	0.676471	0.147059	0.117647	0.029412

NPC_pos_pattern_36
0.066667	0.100000	0.033333	0.833333	0.066667	0.866667	0.933333	0.066667	0.833333	0.933333	0.033333	0.000000	0.000000	0.066667	0.000000	0.000000	0.000000	0.000000	0.000000	0.000000	0.000000	0.000000	0.000000	0.000000	0.033333	0.000000	0.000000	0.000000
0.033333	0.000000	0.866667	0.000000	0.000000	0.033333	0.000000	0.833333	0.000000	0.000000	0.033333	0.033333	0.900000	0.000000	0.000000	0.000000	0.000000	0.000000	0.033333	0.866667	0.866667	0.033333	0.000000	0.000000	0.000000	0.066667	0.900000	0.000000
0.033333	0.833333	0.000000	0.133333	0.000000	0.066667	0.066667	0.033333	0.066667	0.033333	0.933333	0.933333	0.000000	0.000000	0.033333	0.000000	1.000000	0.000000	0.000000	0.000000	0.033333	0.000000	0.933333	0.033333	0.966667	0.933333	0.033333	0.966667
0.866667	0.066667	0.100000	0.033333	0.933333	0.033333	0.000000	0.066667	0.100000	0.033333	0.000000	0.033333	0.100000	0.933333	0.966667	1.000000	0.000000	1.000000	0.966667	0.133333	0.100000	0.966667	0.066667	0.966667	0.000000	0.000000	0.066667	0.033333

NPC_pos_pattern_37
0.482759	0.068966	0.241379	0.827586	0.275862	0.310345	0.206897	1.000000	0.034483	1.000000	0.000000	0.000000	0.448276
0.206897	0.620690	0.448276	0.068966	0.034483	0.689655	0.793103	0.000000	0.965517	0.000000	0.000000	0.000000	0.000000
0.206897	0.034483	0.206897	0.000000	0.103448	0.000000	0.000000	0.000000	0.000000	0.000000	1.000000	1.000000	0.172414
0.103448	0.275862	0.103448	0.103448	0.586207	0.000000	0.000000	0.000000	0.000000	0.000000	0.000000	0.000000	0.379310

NPC_pos_pattern_4
0.180365	0.042466	0.017352	0.072146	0.032192	0.062557	0.800685	0.066438
0.362557	0.047717	0.923059	0.016895	0.050000	0.123288	0.065525	0.807078
0.122831	0.881963	0.017808	0.876027	0.028539	0.770091	0.072146	0.031050
0.334247	0.027854	0.041781	0.034932	0.889269	0.044064	0.061644	0.095434

NPC_pos_pattern_5
0.245119	0.591649	0.045011	0.018167	0.959056	0.001898	0.002711	0.002169	0.031182	0.970716	0.022777
0.157809	0.075922	0.056670	0.087039	0.010575	0.981020	0.000542	0.007592	0.937907	0.007592	0.726139
0.263286	0.282267	0.026844	0.776030	0.021150	0.005965	0.995933	0.001627	0.023861	0.013829	0.022234
0.333785	0.050163	0.871475	0.118764	0.009219	0.011117	0.000813	0.988612	0.007050	0.007863	0.228850

NPC_pos_pattern_6
0.195009	0.070789	0.208842	0.244372	0.096013	0.194196	0.160022	0.010306	0.024681	0.962842	0.032818	0.055058	0.061568	0.021969	0.065907	0.094928	0.130730	0.174397	0.102794
0.370220	0.329807	0.241660	0.209113	0.058584	0.240575	0.684296	0.963114	0.873068	0.011120	0.011934	0.066721	0.832113	0.645782	0.630052	0.499322	0.628153	0.228641	0.606726
0.241117	0.062653	0.129645	0.464605	0.518850	0.194467	0.045294	0.005967	0.023868	0.014646	0.938161	0.371847	0.040141	0.024139	0.033632	0.063466	0.063737	0.281530	0.141579
0.193653	0.536751	0.419854	0.081909	0.326553	0.370762	0.110388	0.020613	0.078384	0.011391	0.017087	0.506374	0.066178	0.308110	0.270410	0.342284	0.177380	0.315433	0.148902

NPC_pos_pattern_7
0.475300	0.576440	0.839228	0.934522	0.966384	0.903537	0.781935	0.286466
0.107863	0.050862	0.017831	0.004385	0.004677	0.009939	0.036539	0.071909
0.145571	0.137679	0.044431	0.023385	0.009354	0.016954	0.027477	0.038585
0.271266	0.235019	0.098509	0.037708	0.019585	0.069570	0.154049	0.603040

NPC_pos_pattern_8
0.153293	0.181238	0.147705	0.073453	0.013972	0.944910	0.018363	0.006387	0.004790	0.015569	0.022355
0.235529	0.021557	0.764870	0.022754	0.968064	0.023154	0.022754	0.005589	0.960080	0.005988	0.666667
0.096607	0.764072	0.059481	0.861876	0.008782	0.013972	0.043513	0.983633	0.006387	0.959281	0.029541
0.514571	0.033134	0.027944	0.041916	0.009182	0.017964	0.915369	0.004391	0.028743	0.019162	0.281437

NPC_pos_pattern_9
0.163072	0.211389	0.078947	0.047886	0.025022	0.010354	0.002157	0.008197	0.946074	0.013805	0.098792	0.025453	0.009491	0.031061	0.337791	0.619500	0.320966
0.432701	0.121225	0.074202	0.856342	0.906816	0.006903	0.989215	0.979724	0.014236	0.013805	0.481881	0.011648	0.009060	0.022865	0.040121	0.088007	0.083693
0.122951	0.567299	0.531924	0.049612	0.055651	0.969370	0.005177	0.004745	0.016825	0.010354	0.119068	0.011648	0.009922	0.828732	0.452977	0.042709	0.053494
0.281277	0.100086	0.314927	0.046160	0.012511	0.013374	0.003451	0.007334	0.022865	0.962036	0.300259	0.951251	0.971527	0.117343	0.169111	0.249784	0.541846

