cnidocyte_neg_pattern_0
0.247761	0.214925	0.119403	0.026866	0.934328	0.011940	0.107463	0.047761	0.128358
0.250746	0.053731	0.131343	0.826866	0.014925	0.892537	0.011940	0.346269	0.053731
0.202985	0.692537	0.095522	0.077612	0.032836	0.008955	0.856716	0.050746	0.752239
0.298507	0.038806	0.653731	0.068657	0.017910	0.086567	0.023881	0.555224	0.065672

cnidocyte_neg_pattern_1
0.321192	0.665563	0.019868	0.463576	0.026490	0.013245	0.092715
0.218543	0.036424	0.960265	0.344371	0.013245	0.000000	0.069536
0.201987	0.168874	0.009934	0.086093	0.940397	0.973510	0.016556
0.258278	0.129139	0.009934	0.105960	0.019868	0.013245	0.821192

cnidocyte_neg_pattern_10
0.250000	0.000000	0.000000	0.035714	0.642857	0.035714	0.142857	0.035714	0.285714	0.250000	0.464286	0.535714	0.392857	0.357143	0.357143	0.571429	0.285714
0.178571	0.892857	0.000000	0.964286	0.250000	0.071429	0.071429	0.928571	0.035714	0.428571	0.142857	0.142857	0.107143	0.035714	0.250000	0.214286	0.107143
0.464286	0.035714	0.928571	0.000000	0.035714	0.142857	0.785714	0.035714	0.392857	0.000000	0.178571	0.107143	0.142857	0.142857	0.107143	0.142857	0.035714
0.107143	0.071429	0.071429	0.000000	0.071429	0.750000	0.000000	0.000000	0.285714	0.321429	0.214286	0.214286	0.357143	0.464286	0.285714	0.071429	0.571429

cnidocyte_neg_pattern_2
0.277457	0.300578	0.017341	0.017341	0.942197	0.005780	0.063584	0.063584	0.202312	0.745665	0.115607
0.254335	0.063584	0.069364	0.040462	0.005780	0.947977	0.023121	0.144509	0.572254	0.069364	0.196532
0.150289	0.572254	0.011561	0.838150	0.028902	0.017341	0.901734	0.046243	0.161850	0.052023	0.127168
0.317919	0.063584	0.901734	0.104046	0.023121	0.028902	0.011561	0.745665	0.063584	0.132948	0.560694

cnidocyte_neg_pattern_3
0.329114	0.018987	0.113924	0.025316	0.025316	0.132911	0.132911	0.322785	0.164557
0.227848	0.905063	0.835443	0.012658	0.905063	0.063291	0.120253	0.164557	0.512658
0.145570	0.025316	0.000000	0.943038	0.063291	0.265823	0.556962	0.253165	0.069620
0.297468	0.050633	0.050633	0.018987	0.006329	0.537975	0.189873	0.259494	0.253165

cnidocyte_neg_pattern_4
0.250000	0.586538	0.298077	0.086538	0.932692	0.038462	0.932692	0.009615	0.000000	0.221154	0.653846	0.288462	0.211538	0.000000	0.028846	0.634615
0.250000	0.067308	0.576923	0.865385	0.009615	0.932692	0.000000	0.000000	0.019231	0.125000	0.057692	0.038462	0.692308	0.971154	0.903846	0.067308
0.134615	0.153846	0.096154	0.019231	0.028846	0.019231	0.048077	0.990385	0.971154	0.298077	0.076923	0.384615	0.009615	0.000000	0.009615	0.269231
0.365385	0.192308	0.028846	0.028846	0.028846	0.009615	0.019231	0.000000	0.009615	0.355769	0.211538	0.288462	0.086538	0.028846	0.057692	0.028846

cnidocyte_neg_pattern_5
0.292308	0.030769	0.046154	0.261538	0.015385	0.415385	0.107692	0.092308	0.046154
0.092308	0.846154	0.938462	0.323077	0.984615	0.430769	0.107692	0.107692	0.600000
0.200000	0.046154	0.000000	0.276923	0.000000	0.076923	0.630769	0.707692	0.123077
0.415385	0.076923	0.015385	0.138462	0.000000	0.076923	0.153846	0.092308	0.230769

cnidocyte_neg_pattern_6
0.203125	0.156250	0.718750	0.437500	0.000000	0.000000	0.984375	0.968750	0.046875	0.015625	0.953125	0.406250	0.718750
0.218750	0.500000	0.062500	0.046875	0.921875	0.984375	0.000000	0.000000	0.000000	0.906250	0.000000	0.125000	0.109375
0.093750	0.031250	0.171875	0.406250	0.031250	0.000000	0.015625	0.000000	0.000000	0.031250	0.046875	0.421875	0.093750
0.484375	0.312500	0.046875	0.109375	0.046875	0.015625	0.000000	0.031250	0.953125	0.046875	0.000000	0.046875	0.078125

cnidocyte_neg_pattern_7
0.425000	0.275000	0.150000	0.225000	0.150000	0.150000	0.150000	0.025000	0.150000	0.075000	0.025000	0.075000	0.875000	0.050000	0.100000	0.200000	0.050000	0.125000	0.225000	0.525000	0.325000	0.300000	0.275000	0.225000
0.225000	0.075000	0.250000	0.100000	0.275000	0.200000	0.075000	0.925000	0.750000	0.025000	0.900000	0.875000	0.050000	0.050000	0.525000	0.125000	0.100000	0.000000	0.225000	0.100000	0.150000	0.100000	0.150000	0.200000
0.125000	0.100000	0.250000	0.125000	0.125000	0.525000	0.425000	0.025000	0.050000	0.850000	0.000000	0.050000	0.025000	0.000000	0.100000	0.025000	0.050000	0.425000	0.300000	0.075000	0.025000	0.150000	0.325000	0.050000
0.225000	0.550000	0.350000	0.550000	0.450000	0.125000	0.350000	0.025000	0.050000	0.050000	0.075000	0.000000	0.050000	0.900000	0.275000	0.650000	0.800000	0.450000	0.250000	0.300000	0.500000	0.450000	0.250000	0.525000

cnidocyte_neg_pattern_8
0.400000	0.285714	0.171429	0.485714	0.057143	0.057143	0.314286	0.057143	0.085714	0.028571	0.228571	0.228571	0.114286	0.000000	0.428571	0.228571	0.371429	0.342857	0.342857	0.428571	0.542857
0.200000	0.171429	0.257143	0.200000	0.714286	0.885714	0.571429	0.171429	0.771429	0.828571	0.314286	0.428571	0.657143	0.771429	0.200000	0.142857	0.200000	0.228571	0.171429	0.171429	0.114286
0.085714	0.057143	0.057143	0.142857	0.028571	0.000000	0.085714	0.742857	0.057143	0.085714	0.314286	0.200000	0.057143	0.000000	0.085714	0.114286	0.285714	0.085714	0.085714	0.171429	0.114286
0.314286	0.485714	0.514286	0.171429	0.200000	0.057143	0.028571	0.028571	0.085714	0.057143	0.142857	0.142857	0.171429	0.228571	0.285714	0.514286	0.142857	0.342857	0.400000	0.228571	0.228571

cnidocyte_neg_pattern_9
0.066667	0.266667	0.466667	0.333333	0.133333	0.266667	0.433333	0.233333	0.366667	0.100000	0.566667	0.233333	0.333333	0.300000	0.400000	0.400000	0.333333	0.233333	0.333333	0.233333	0.333333	0.266667	0.266667	0.166667	0.266667
0.266667	0.233333	0.200000	0.133333	0.300000	0.200000	0.133333	0.100000	0.133333	0.500000	0.100000	0.033333	0.066667	0.233333	0.200000	0.233333	0.266667	0.366667	0.133333	0.300000	0.133333	0.133333	0.300000	0.266667	0.300000
0.233333	0.200000	0.133333	0.233333	0.066667	0.066667	0.033333	0.133333	0.066667	0.066667	0.000000	0.333333	0.466667	0.100000	0.166667	0.166667	0.133333	0.166667	0.200000	0.100000	0.333333	0.233333	0.200000	0.066667	0.200000
0.433333	0.300000	0.200000	0.300000	0.500000	0.466667	0.400000	0.533333	0.433333	0.333333	0.333333	0.400000	0.133333	0.366667	0.233333	0.200000	0.266667	0.233333	0.333333	0.366667	0.200000	0.366667	0.233333	0.500000	0.233333

gastro_circular_muscle_1_neg_pattern_0
0.266033	0.033254	0.038005	0.935867	0.011876	0.185273	0.076010
0.140143	0.090261	0.007126	0.023753	0.947743	0.752969	0.263658
0.156770	0.007126	0.952494	0.026128	0.002375	0.042755	0.092637
0.437055	0.869359	0.002375	0.014252	0.038005	0.019002	0.567696

gastro_circular_muscle_1_neg_pattern_1
0.478495	0.088710	0.107527	0.021505	0.013441	0.744624	0.037634
0.069892	0.744624	0.002688	0.024194	0.002688	0.040323	0.817204
0.336022	0.059140	0.854839	0.008065	0.948925	0.053763	0.034946
0.115591	0.107527	0.034946	0.946237	0.034946	0.161290	0.110215

gastro_circular_muscle_1_neg_pattern_10
0.365854	0.097561	0.073171	0.780488	0.121951	0.073171	0.024390	0.829268	0.000000	0.731707
0.170732	0.170732	0.170732	0.048780	0.048780	0.000000	0.000000	0.000000	0.975610	0.121951
0.195122	0.000000	0.634146	0.024390	0.048780	0.000000	0.975610	0.121951	0.000000	0.024390
0.268293	0.731707	0.121951	0.146341	0.780488	0.926829	0.000000	0.048780	0.024390	0.121951

gastro_circular_muscle_1_neg_pattern_11
0.394737	0.078947	0.157895	0.000000	0.026316	0.947368	0.052632	0.078947	0.000000	0.000000	0.026316	0.052632
0.289474	0.105263	0.368421	0.131579	0.052632	0.000000	0.052632	0.000000	0.000000	0.000000	0.184211	0.552632
0.026316	0.052632	0.210526	0.131579	0.868421	0.026316	0.078947	0.052632	1.000000	1.000000	0.210526	0.105263
0.263158	0.736842	0.236842	0.710526	0.026316	0.000000	0.789474	0.868421	0.000000	0.000000	0.578947	0.289474

gastro_circular_muscle_1_neg_pattern_12
0.137931	0.310345	0.068966	0.000000	0.896552	0.000000	0.379310	0.172414	0.137931	0.241379	0.310345	0.241379	0.413793	0.379310	0.068966	0.103448	0.172414
0.482759	0.000000	0.034483	0.068966	0.000000	0.896552	0.103448	0.413793	0.241379	0.068966	0.137931	0.137931	0.103448	0.068966	0.068966	0.034483	0.068966
0.137931	0.655172	0.034483	0.931034	0.068966	0.000000	0.482759	0.068966	0.379310	0.137931	0.034483	0.068966	0.137931	0.034483	0.000000	0.000000	0.000000
0.241379	0.034483	0.862069	0.000000	0.034483	0.103448	0.034483	0.344828	0.241379	0.551724	0.517241	0.551724	0.344828	0.517241	0.862069	0.862069	0.758621

gastro_circular_muscle_1_neg_pattern_2
0.062500	0.801136	0.005682	0.034091	0.011364	0.073864	0.926136	0.062500
0.153409	0.051136	0.937500	0.000000	0.022727	0.840909	0.011364	0.494318
0.375000	0.107955	0.011364	0.948864	0.011364	0.079545	0.017045	0.073864
0.409091	0.039773	0.045455	0.017045	0.954545	0.005682	0.045455	0.369318

gastro_circular_muscle_1_neg_pattern_3
0.296296	0.155556	0.311111	0.177778	0.029630	0.192593	0.066667	0.251852	0.118519	0.074074	0.133333
0.362963	0.614815	0.370370	0.288889	0.111111	0.377778	0.837037	0.311111	0.592593	0.777778	0.533333
0.103704	0.111111	0.096296	0.237037	0.770370	0.140741	0.037037	0.170370	0.111111	0.037037	0.200000
0.237037	0.118519	0.222222	0.296296	0.088889	0.288889	0.059259	0.266667	0.177778	0.111111	0.133333

gastro_circular_muscle_1_neg_pattern_4
0.239669	0.512397	0.239669	0.049587	0.884298	0.223140	0.892562	0.016529	0.066116	0.231405	0.768595	0.256198	0.115702	0.024793	0.074380	0.727273	0.553719
0.198347	0.049587	0.561983	0.884298	0.024793	0.702479	0.024793	0.024793	0.033058	0.206612	0.024793	0.057851	0.809917	0.917355	0.867769	0.057851	0.148760
0.099174	0.181818	0.132231	0.033058	0.074380	0.016529	0.033058	0.925620	0.892562	0.223140	0.033058	0.388430	0.024793	0.024793	0.008264	0.165289	0.148760
0.462810	0.256198	0.066116	0.033058	0.016529	0.057851	0.049587	0.033058	0.008264	0.338843	0.173554	0.297521	0.049587	0.033058	0.049587	0.049587	0.148760

gastro_circular_muscle_1_neg_pattern_5
0.525773	0.051546	0.103093	0.000000	0.000000	0.505155	0.587629
0.072165	0.721649	0.845361	0.020619	0.041237	0.072165	0.144330
0.175258	0.175258	0.030928	0.979381	0.958763	0.206186	0.041237
0.226804	0.051546	0.020619	0.000000	0.000000	0.216495	0.226804

gastro_circular_muscle_1_neg_pattern_6
0.483516	0.527473	0.186813	0.263736	0.296703	0.615385	0.637363	0.263736	0.670330	0.065934	0.000000	0.076923	0.087912	0.043956	0.219780	0.142857	0.175824
0.076923	0.087912	0.186813	0.175824	0.505495	0.142857	0.065934	0.219780	0.175824	0.021978	0.000000	0.000000	0.692308	0.076923	0.054945	0.582418	0.593407
0.175824	0.043956	0.131868	0.087912	0.043956	0.131868	0.208791	0.318681	0.065934	0.164835	1.000000	0.912088	0.109890	0.780220	0.615385	0.087912	0.131868
0.263736	0.340659	0.494505	0.472527	0.153846	0.109890	0.087912	0.197802	0.087912	0.747253	0.000000	0.010989	0.109890	0.098901	0.109890	0.186813	0.098901

gastro_circular_muscle_1_neg_pattern_7
0.371795	0.128205	0.256410	0.320513	0.358974	0.423077	0.192308	0.064103	0.307692	0.371795	0.256410	0.128205	0.153846	0.076923	0.128205	0.128205	0.205128	0.384615	0.333333	0.243590	0.320513
0.217949	0.500000	0.282051	0.320513	0.294872	0.153846	0.076923	0.051282	0.076923	0.307692	0.089744	0.512821	0.564103	0.653846	0.038462	0.141026	0.102564	0.115385	0.166667	0.179487	0.153846
0.153846	0.192308	0.205128	0.192308	0.166667	0.192308	0.564103	0.717949	0.538462	0.153846	0.282051	0.205128	0.141026	0.089744	0.679487	0.628205	0.538462	0.128205	0.141026	0.128205	0.089744
0.256410	0.179487	0.256410	0.166667	0.179487	0.230769	0.166667	0.166667	0.076923	0.166667	0.371795	0.153846	0.141026	0.179487	0.153846	0.102564	0.153846	0.371795	0.358974	0.448718	0.435897

gastro_circular_muscle_1_neg_pattern_8
0.192308	0.288462	0.192308	0.076923	0.615385	0.134615	0.038462	0.096154	0.192308	0.192308	0.153846	0.134615	0.115385	0.269231	0.269231	0.423077	0.230769	0.288462	0.250000
0.384615	0.538462	0.096154	0.576923	0.038462	0.076923	0.000000	0.423077	0.307692	0.211538	0.384615	0.250000	0.596154	0.096154	0.192308	0.134615	0.134615	0.153846	0.096154
0.269231	0.115385	0.576923	0.307692	0.250000	0.480769	0.923077	0.192308	0.307692	0.403846	0.250000	0.423077	0.115385	0.288462	0.211538	0.173077	0.192308	0.096154	0.134615
0.153846	0.057692	0.134615	0.038462	0.096154	0.307692	0.038462	0.288462	0.192308	0.192308	0.211538	0.192308	0.173077	0.346154	0.326923	0.269231	0.442308	0.461538	0.519231

gastro_circular_muscle_1_neg_pattern_9
0.382979	0.106383	0.531915	0.106383	0.063830	0.468085	0.319149	0.255319	0.042553	0.085106	0.638298	0.000000	0.489362
0.085106	0.021277	0.276596	0.021277	0.893617	0.106383	0.276596	0.000000	0.000000	0.000000	0.042553	0.936170	0.042553
0.404255	0.297872	0.106383	0.021277	0.021277	0.382979	0.127660	0.723404	0.000000	0.361702	0.085106	0.000000	0.148936
0.127660	0.574468	0.085106	0.851064	0.021277	0.042553	0.276596	0.021277	0.957447	0.553191	0.234043	0.063830	0.319149

gastro_circular_muscle_2_neg_pattern_0
0.199226	0.061896	0.237911	0.152805	0.094778	0.090909	0.065764	0.017408
0.317215	0.895551	0.632495	0.398453	0.015474	0.576402	0.106383	0.013540
0.224371	0.023211	0.058027	0.034816	0.829787	0.143133	0.406190	0.959381
0.259188	0.019342	0.071567	0.413926	0.059961	0.189555	0.421663	0.009671

gastro_circular_muscle_2_neg_pattern_1
0.245327	0.053738	0.046729	0.906542	0.009346	0.044393	0.046729
0.142523	0.084112	0.021028	0.037383	0.962617	0.936916	0.280374
0.224299	0.021028	0.929907	0.046729	0.000000	0.000000	0.086449
0.387850	0.841121	0.002336	0.009346	0.028037	0.018692	0.586449

gastro_circular_muscle_2_neg_pattern_10
0.424242	0.121212	0.272727	0.212121	0.000000	0.030303	0.151515	0.000000	0.000000	0.969697	0.181818	0.181818	0.030303	0.030303	0.151515	0.515152	0.545455	0.363636	0.303030	0.242424
0.212121	0.090909	0.090909	0.151515	0.787879	0.939394	0.000000	1.000000	1.000000	0.000000	0.030303	0.454545	0.090909	0.000000	0.000000	0.090909	0.090909	0.090909	0.060606	0.181818
0.212121	0.212121	0.393939	0.363636	0.090909	0.000000	0.818182	0.000000	0.000000	0.030303	0.030303	0.030303	0.060606	0.181818	0.515152	0.272727	0.090909	0.000000	0.060606	0.030303
0.151515	0.575758	0.242424	0.272727	0.121212	0.030303	0.030303	0.000000	0.000000	0.000000	0.757576	0.333333	0.818182	0.787879	0.333333	0.121212	0.272727	0.545455	0.575758	0.545455

gastro_circular_muscle_2_neg_pattern_11
0.269231	0.346154	0.307692	0.423077	0.384615	0.038462	0.076923	0.076923	0.384615	0.000000	0.038462	0.076923	0.076923	0.269231	0.269231	0.500000	0.153846	0.269231	0.269231	0.500000	0.307692	0.307692	0.153846	0.115385
0.115385	0.192308	0.153846	0.076923	0.230769	0.000000	0.192308	0.384615	0.000000	0.961538	0.000000	0.423077	0.153846	0.076923	0.192308	0.000000	0.576923	0.115385	0.153846	0.076923	0.269231	0.153846	0.192308	0.192308
0.153846	0.000000	0.115385	0.307692	0.269231	0.961538	0.076923	0.307692	0.115385	0.000000	0.961538	0.115385	0.692308	0.076923	0.153846	0.038462	0.115385	0.076923	0.192308	0.153846	0.153846	0.115385	0.230769	0.423077
0.461538	0.461538	0.423077	0.192308	0.115385	0.000000	0.653846	0.230769	0.500000	0.038462	0.000000	0.384615	0.076923	0.576923	0.384615	0.461538	0.153846	0.538462	0.384615	0.269231	0.269231	0.423077	0.423077	0.269231

gastro_circular_muscle_2_neg_pattern_12
0.478261	0.217391	0.130435	0.347826	0.086957	0.130435	0.391304	0.304348	0.000000	0.000000	0.956522	0.000000	0.043478	0.000000	0.000000	0.000000	0.043478
0.217391	0.652174	0.173913	0.434783	0.086957	0.130435	0.217391	0.652174	1.000000	1.000000	0.000000	0.000000	0.043478	1.000000	0.478261	0.652174	0.521739
0.130435	0.043478	0.000000	0.043478	0.739130	0.217391	0.173913	0.000000	0.000000	0.000000	0.000000	0.956522	0.217391	0.000000	0.347826	0.000000	0.043478
0.173913	0.086957	0.695652	0.173913	0.086957	0.521739	0.217391	0.043478	0.000000	0.000000	0.043478	0.043478	0.695652	0.000000	0.173913	0.347826	0.391304

gastro_circular_muscle_2_neg_pattern_13
0.250000	0.650000	0.200000	0.600000	0.400000	0.500000	0.150000	0.050000	0.050000	0.000000	0.950000	0.100000	0.050000	0.050000	0.100000	0.300000	0.200000	0.150000	0.300000	0.250000	0.250000	0.350000	0.450000	0.250000	0.300000	0.300000	0.350000
0.200000	0.100000	0.250000	0.100000	0.050000	0.100000	0.500000	0.000000	0.150000	0.950000	0.000000	0.150000	0.050000	0.050000	0.200000	0.050000	0.100000	0.200000	0.150000	0.300000	0.150000	0.150000	0.150000	0.150000	0.200000	0.250000	0.300000
0.250000	0.050000	0.350000	0.100000	0.500000	0.350000	0.000000	0.950000	0.100000	0.000000	0.000000	0.050000	0.850000	0.050000	0.250000	0.300000	0.200000	0.400000	0.150000	0.150000	0.100000	0.100000	0.150000	0.050000	0.250000	0.200000	0.100000
0.300000	0.200000	0.200000	0.200000	0.050000	0.050000	0.350000	0.000000	0.700000	0.050000	0.050000	0.700000	0.050000	0.850000	0.450000	0.350000	0.500000	0.250000	0.400000	0.300000	0.500000	0.400000	0.250000	0.550000	0.250000	0.250000	0.250000

gastro_circular_muscle_2_neg_pattern_2
0.250923	0.232472	0.047970	0.011070	0.974170	0.000000	0.195572	0.081181
0.188192	0.047970	0.022140	0.007380	0.007380	0.977860	0.033210	0.173432
0.195572	0.616236	0.018450	0.959410	0.007380	0.003690	0.752768	0.051661
0.365314	0.103321	0.911439	0.022140	0.011070	0.018450	0.018450	0.693727

gastro_circular_muscle_2_neg_pattern_3
0.307018	0.307018	0.149123	0.000000	0.978070	0.000000	0.109649	0.017544	0.100877
0.188596	0.096491	0.100877	0.916667	0.000000	0.964912	0.008772	0.105263	0.144737
0.201754	0.539474	0.087719	0.030702	0.013158	0.000000	0.872807	0.030702	0.728070
0.302632	0.057018	0.662281	0.052632	0.008772	0.035088	0.008772	0.846491	0.026316

gastro_circular_muscle_2_neg_pattern_4
0.297778	0.115556	0.035556	0.035556	0.053333	0.951111	0.035556	0.155556	0.075556	0.511111	0.560000
0.164444	0.177778	0.008889	0.022222	0.906667	0.013333	0.906667	0.057778	0.751111	0.137778	0.097778
0.208889	0.128889	0.951111	0.013333	0.013333	0.022222	0.004444	0.680000	0.040000	0.222222	0.071111
0.328889	0.577778	0.004444	0.928889	0.026667	0.013333	0.053333	0.106667	0.133333	0.128889	0.271111

gastro_circular_muscle_2_neg_pattern_5
0.286486	0.156757	0.156757	0.021622	0.075676	0.081081	0.108108	0.048649
0.340541	0.545946	0.454054	0.897297	0.875676	0.794595	0.113514	0.789189
0.108108	0.189189	0.167568	0.010811	0.016216	0.037838	0.670270	0.048649
0.264865	0.108108	0.221622	0.070270	0.032432	0.086486	0.108108	0.113514

gastro_circular_muscle_2_neg_pattern_6
0.200000	0.054545	0.072727	0.045455	0.063636	0.345455	0.200000	0.372727	0.018182	0.000000	0.072727	0.054545	0.009091	0.027273	0.090909
0.127273	0.245455	0.027273	0.009091	0.018182	0.427273	0.109091	0.236364	0.981818	0.981818	0.027273	0.018182	0.027273	0.027273	0.100000
0.172727	0.036364	0.863636	0.927273	0.809091	0.027273	0.054545	0.109091	0.000000	0.018182	0.018182	0.845455	0.018182	0.881818	0.554545
0.500000	0.663636	0.036364	0.018182	0.109091	0.200000	0.636364	0.281818	0.000000	0.000000	0.881818	0.081818	0.945455	0.063636	0.254545

gastro_circular_muscle_2_neg_pattern_7
0.467890	0.064220	0.000000	0.009174	0.018349	0.568807	0.504587	0.284404	0.183486
0.073394	0.853211	1.000000	0.018349	0.018349	0.073394	0.036697	0.045872	0.128440
0.073394	0.082569	0.000000	0.917431	0.935780	0.027523	0.110092	0.577982	0.073394
0.385321	0.000000	0.000000	0.055046	0.027523	0.330275	0.348624	0.091743	0.614679

gastro_circular_muscle_2_neg_pattern_8
0.084337	0.493976	0.457831	0.000000	0.000000	0.987952	0.891566	0.012048	0.060241	0.831325	0.301205	0.722892
0.313253	0.060241	0.120482	1.000000	1.000000	0.000000	0.000000	0.000000	0.843373	0.036145	0.168675	0.144578
0.168675	0.433735	0.349398	0.000000	0.000000	0.000000	0.108434	0.036145	0.048193	0.084337	0.349398	0.048193
0.433735	0.012048	0.072289	0.000000	0.000000	0.012048	0.000000	0.951807	0.048193	0.048193	0.180723	0.084337

gastro_circular_muscle_2_neg_pattern_9
0.246377	0.000000	0.405797	0.768116	1.000000	0.072464	0.347826	0.086957	0.043478	0.956522	0.101449	0.724638
0.115942	0.000000	0.014493	0.144928	0.000000	0.463768	0.231884	0.362319	0.000000	0.014493	0.188406	0.217391
0.188406	1.000000	0.028986	0.014493	0.000000	0.028986	0.130435	0.072464	0.942029	0.000000	0.159420	0.014493
0.449275	0.000000	0.550725	0.072464	0.000000	0.434783	0.289855	0.478261	0.014493	0.028986	0.550725	0.043478

gastro_parietal_muscle_neg_pattern_0
0.185286	0.155313	0.002725	0.016349	0.940054	0.000000	0.653951
0.460490	0.079019	0.010899	0.002725	0.005450	0.983651	0.089918
0.166213	0.564033	0.000000	0.970027	0.010899	0.000000	0.196185
0.188011	0.201635	0.986376	0.010899	0.043597	0.016349	0.059946

gastro_parietal_muscle_neg_pattern_1
0.458678	0.512397	0.574380	0.008264	0.008264	0.000000	0.004132	0.913223
0.235537	0.074380	0.028926	0.000000	0.008264	0.008264	0.975207	0.004132
0.095041	0.301653	0.355372	0.979339	0.954545	0.016529	0.000000	0.078512
0.206612	0.111570	0.041322	0.012397	0.028926	0.975207	0.020661	0.004132

gastro_parietal_muscle_neg_pattern_10
0.289474	0.052632	0.105263	0.105263	0.236842	0.263158	0.473684	0.052632	0.078947
0.394737	0.157895	0.026316	0.052632	0.289474	0.157895	0.078947	0.842105	0.815789
0.210526	0.368421	0.657895	0.710526	0.105263	0.210526	0.105263	0.000000	0.052632
0.105263	0.421053	0.210526	0.131579	0.368421	0.368421	0.342105	0.105263	0.052632

gastro_parietal_muscle_neg_pattern_11
0.387097	0.677419	0.419355	0.290323	0.096774	0.032258	0.161290	0.000000	1.000000	0.741935	0.000000	0.000000	0.935484
0.193548	0.000000	0.129032	0.451613	0.129032	0.000000	0.096774	1.000000	0.000000	0.193548	0.032258	1.000000	0.000000
0.064516	0.129032	0.258065	0.129032	0.064516	0.967742	0.000000	0.000000	0.000000	0.032258	0.000000	0.000000	0.064516
0.322581	0.161290	0.161290	0.096774	0.677419	0.000000	0.741935	0.000000	0.000000	0.032258	0.967742	0.000000	0.000000

gastro_parietal_muscle_neg_pattern_12
0.222222	0.222222	0.259259	0.296296	0.629630	0.148148	0.074074	0.148148	0.037037	0.000000	0.000000	0.074074
0.259259	0.111111	0.259259	0.407407	0.037037	0.444444	0.074074	0.074074	0.925926	1.000000	0.074074	0.037037
0.370370	0.111111	0.259259	0.222222	0.222222	0.148148	0.074074	0.148148	0.000000	0.000000	0.740741	0.888889
0.148148	0.555556	0.222222	0.074074	0.111111	0.259259	0.777778	0.629630	0.037037	0.000000	0.185185	0.000000

gastro_parietal_muscle_neg_pattern_13
0.240000	0.120000	0.240000	0.240000	0.000000	0.160000	0.000000	0.040000	0.080000	0.080000
0.160000	0.120000	0.160000	0.080000	0.680000	0.640000	0.200000	0.040000	0.200000	0.000000
0.400000	0.680000	0.400000	0.520000	0.320000	0.200000	0.440000	0.880000	0.320000	0.800000
0.200000	0.080000	0.200000	0.160000	0.000000	0.000000	0.360000	0.040000	0.400000	0.120000

gastro_parietal_muscle_neg_pattern_14
0.190476	0.142857	0.523810	0.190476	0.190476	0.095238	0.142857	0.000000	0.000000	0.000000	0.000000	1.000000	0.000000	0.142857	0.047619	0.000000	0.047619	0.619048	0.714286	0.095238	0.238095	0.190476	0.238095	0.714286	0.285714	0.523810	0.190476	0.238095
0.000000	0.523810	0.190476	0.047619	0.047619	0.000000	0.619048	0.809524	0.000000	1.000000	1.000000	0.000000	0.000000	0.714286	0.000000	0.000000	0.000000	0.047619	0.047619	0.047619	0.095238	0.095238	0.095238	0.000000	0.190476	0.095238	0.190476	0.000000
0.095238	0.190476	0.095238	0.047619	0.666667	0.761905	0.095238	0.047619	1.000000	0.000000	0.000000	0.000000	0.000000	0.047619	0.000000	0.000000	0.619048	0.238095	0.190476	0.047619	0.095238	0.047619	0.476190	0.142857	0.476190	0.238095	0.095238	0.000000
0.714286	0.142857	0.190476	0.714286	0.095238	0.142857	0.142857	0.142857	0.000000	0.000000	0.000000	0.000000	1.000000	0.095238	0.952381	1.000000	0.333333	0.095238	0.047619	0.809524	0.571429	0.666667	0.190476	0.142857	0.047619	0.142857	0.523810	0.761905

gastro_parietal_muscle_neg_pattern_2
0.232558	0.023256	0.945736	0.116279	0.054264	0.000000	0.031008	0.604651	0.085271
0.209302	0.860465	0.015504	0.821705	0.007752	0.015504	0.000000	0.116279	0.604651
0.186047	0.046512	0.031008	0.015504	0.790698	0.000000	0.968992	0.124031	0.085271
0.372093	0.069767	0.007752	0.046512	0.147287	0.984496	0.000000	0.155039	0.224806

gastro_parietal_muscle_neg_pattern_3
0.392000	0.128000	0.072000	0.784000	0.000000	0.016000	0.016000	0.080000	0.944000	0.112000
0.200000	0.088000	0.152000	0.016000	0.960000	0.000000	0.008000	0.704000	0.024000	0.592000
0.272000	0.088000	0.560000	0.128000	0.000000	0.976000	0.000000	0.160000	0.016000	0.024000
0.136000	0.696000	0.216000	0.072000	0.040000	0.008000	0.976000	0.056000	0.016000	0.272000

gastro_parietal_muscle_neg_pattern_4
0.180000	0.540000	0.390000	0.020000	0.000000	0.960000	0.950000	0.020000	0.080000	0.780000	0.250000	0.750000
0.220000	0.080000	0.060000	0.980000	0.990000	0.010000	0.010000	0.000000	0.820000	0.010000	0.210000	0.080000
0.160000	0.310000	0.380000	0.000000	0.010000	0.000000	0.020000	0.000000	0.080000	0.160000	0.460000	0.090000
0.440000	0.070000	0.170000	0.000000	0.000000	0.030000	0.020000	0.980000	0.020000	0.050000	0.080000	0.080000

gastro_parietal_muscle_neg_pattern_5
0.263158	0.039474	0.039474	0.039474	0.052632	0.355263	0.131579	0.315789	0.013158	0.013158	0.000000	0.039474	0.039474	0.039474	0.052632
0.197368	0.276316	0.000000	0.000000	0.013158	0.328947	0.052632	0.342105	0.921053	0.960526	0.065789	0.026316	0.026316	0.000000	0.118421
0.210526	0.118421	0.921053	0.921053	0.828947	0.065789	0.039474	0.105263	0.052632	0.013158	0.039474	0.842105	0.052632	0.907895	0.592105
0.328947	0.565789	0.039474	0.039474	0.105263	0.250000	0.776316	0.236842	0.013158	0.013158	0.894737	0.092105	0.881579	0.052632	0.236842

gastro_parietal_muscle_neg_pattern_6
0.328125	0.062500	0.187500	0.281250	0.593750	0.015625	0.015625	0.906250
0.218750	0.734375	0.515625	0.093750	0.000000	0.015625	0.984375	0.015625
0.312500	0.078125	0.031250	0.062500	0.375000	0.000000	0.000000	0.015625
0.140625	0.125000	0.265625	0.562500	0.031250	0.968750	0.000000	0.062500

gastro_parietal_muscle_neg_pattern_7
0.313725	0.470588	0.274510	0.137255	0.196078	0.254902	0.196078	0.117647	0.235294	0.294118	0.215686	0.392157	0.117647	0.039216	0.137255	0.078431
0.137255	0.176471	0.058824	0.372549	0.294118	0.352941	0.098039	0.431373	0.058824	0.313725	0.117647	0.294118	0.764706	0.862745	0.078431	0.647059
0.196078	0.058824	0.137255	0.156863	0.176471	0.137255	0.450980	0.274510	0.529412	0.058824	0.411765	0.098039	0.078431	0.078431	0.666667	0.156863
0.352941	0.294118	0.529412	0.333333	0.333333	0.254902	0.254902	0.176471	0.176471	0.333333	0.254902	0.215686	0.039216	0.019608	0.117647	0.117647

gastro_parietal_muscle_neg_pattern_8
0.260000	0.120000	0.140000	0.320000	0.260000	0.120000	0.160000	0.080000	0.160000	0.080000	0.140000
0.340000	0.660000	0.660000	0.320000	0.420000	0.460000	0.600000	0.580000	0.480000	0.820000	0.700000
0.240000	0.020000	0.060000	0.220000	0.180000	0.260000	0.120000	0.160000	0.080000	0.020000	0.040000
0.160000	0.200000	0.140000	0.140000	0.140000	0.160000	0.120000	0.180000	0.280000	0.080000	0.120000

gastro_parietal_muscle_neg_pattern_9
0.533333	0.044444	0.044444	0.511111	0.244444	0.288889	0.000000	0.111111	0.888889	0.000000
0.177778	0.022222	0.822222	0.066667	0.311111	0.022222	0.000000	0.022222	0.044444	1.000000
0.133333	0.022222	0.022222	0.355556	0.111111	0.688889	0.000000	0.400000	0.000000	0.000000
0.155556	0.911111	0.111111	0.066667	0.333333	0.000000	1.000000	0.466667	0.066667	0.000000

gastro_unknown_1_neg_pattern_0
0.262238	0.253497	0.031469	0.041958	0.903846	0.003497	0.304196	0.152098
0.192308	0.047203	0.019231	0.036713	0.005245	0.972028	0.066434	0.181818
0.211538	0.608392	0.026224	0.861888	0.010490	0.003497	0.561189	0.111888
0.333916	0.090909	0.923077	0.059441	0.080420	0.020979	0.068182	0.554196

gastro_unknown_1_neg_pattern_1
0.166311	0.189765	0.260128	0.008529	0.019190	0.089552
0.253731	0.089552	0.179104	0.972281	0.968017	0.017058
0.179104	0.151386	0.053305	0.000000	0.002132	0.835821
0.400853	0.569296	0.507463	0.019190	0.010661	0.057569

gastro_unknown_1_neg_pattern_10
0.272727	0.090909	0.136364	0.000000	0.318182	0.136364	0.113636	0.045455	0.204545	0.000000	0.340909	0.318182	0.409091	0.318182	0.295455
0.113636	0.181818	0.045455	0.954545	0.022727	0.590909	0.090909	0.181818	0.045455	0.977273	0.022727	0.204545	0.090909	0.204545	0.045455
0.090909	0.159091	0.250000	0.022727	0.659091	0.022727	0.045455	0.113636	0.090909	0.022727	0.477273	0.159091	0.068182	0.068182	0.022727
0.522727	0.568182	0.568182	0.022727	0.000000	0.250000	0.750000	0.659091	0.659091	0.000000	0.159091	0.318182	0.431818	0.409091	0.636364

gastro_unknown_1_neg_pattern_11
0.184211	0.184211	0.210526	0.157895	0.394737	0.342105	0.368421	0.236842	0.236842	0.052632	0.105263	0.184211	0.157895	0.263158	0.315789	0.236842	0.394737	0.263158	0.263158	0.236842	0.210526	0.315789	0.210526	0.289474	0.131579	0.184211
0.368421	0.078947	0.210526	0.157895	0.026316	0.131579	0.052632	0.026316	0.000000	0.078947	0.078947	0.184211	0.210526	0.184211	0.210526	0.131579	0.184211	0.131579	0.157895	0.315789	0.236842	0.131579	0.210526	0.184211	0.657895	0.131579
0.157895	0.105263	0.026316	0.131579	0.131579	0.000000	0.105263	0.000000	0.000000	0.000000	0.078947	0.184211	0.263158	0.078947	0.236842	0.157895	0.105263	0.078947	0.157895	0.131579	0.210526	0.052632	0.184211	0.263158	0.078947	0.552632
0.289474	0.631579	0.552632	0.552632	0.447368	0.526316	0.473684	0.736842	0.763158	0.868421	0.736842	0.447368	0.368421	0.473684	0.236842	0.473684	0.315789	0.526316	0.421053	0.315789	0.342105	0.500000	0.394737	0.263158	0.131579	0.131579

gastro_unknown_1_neg_pattern_2
0.209677	0.099078	0.011521	0.327189	0.170507	0.112903	0.122120
0.278802	0.771889	0.960829	0.299539	0.375576	0.470046	0.739631
0.230415	0.039171	0.011521	0.158986	0.230415	0.087558	0.036866
0.281106	0.089862	0.016129	0.214286	0.223502	0.329493	0.101382

gastro_unknown_1_neg_pattern_3
0.307143	0.014286	0.017857	0.253571	0.400000	0.310714	0.132143	0.096429
0.114286	0.907143	0.003571	0.507143	0.142857	0.289286	0.067857	0.589286
0.417857	0.010714	0.960714	0.060714	0.271429	0.125000	0.667857	0.103571
0.160714	0.067857	0.017857	0.178571	0.185714	0.275000	0.132143	0.210714

gastro_unknown_1_neg_pattern_4
0.195402	0.080460	0.080460	0.019157	0.965517	0.022989	0.199234
0.160920	0.019157	0.011494	0.946360	0.007663	0.900383	0.042146
0.157088	0.881226	0.003831	0.019157	0.003831	0.003831	0.647510
0.486590	0.019157	0.904215	0.015326	0.022989	0.072797	0.111111

gastro_unknown_1_neg_pattern_5
0.381643	0.077295	0.038647	0.937198	0.009662	0.111111	0.033816	0.077295
0.120773	0.072464	0.516908	0.014493	0.913043	0.028986	0.033816	0.009662
0.367150	0.038647	0.299517	0.043478	0.004831	0.845411	0.004831	0.888889
0.130435	0.811594	0.144928	0.004831	0.072464	0.014493	0.927536	0.024155

gastro_unknown_1_neg_pattern_6
0.278689	0.147541	0.221311	0.196721	0.049180	0.090164	0.237705
0.131148	0.073770	0.040984	0.016393	0.000000	0.016393	0.106557
0.114754	0.040984	0.032787	0.008197	0.000000	0.016393	0.024590
0.475410	0.737705	0.704918	0.778689	0.950820	0.877049	0.631148

gastro_unknown_1_neg_pattern_7
0.173913	0.582609	0.452174	0.034783	0.008696	0.895652	0.878261	0.026087	0.078261	0.878261	0.339130	0.634783
0.408696	0.060870	0.034783	0.886957	0.982609	0.008696	0.052174	0.026087	0.843478	0.052174	0.173913	0.139130
0.113043	0.234783	0.356522	0.008696	0.000000	0.052174	0.034783	0.000000	0.052174	0.043478	0.330435	0.095652
0.304348	0.121739	0.156522	0.069565	0.008696	0.043478	0.034783	0.947826	0.026087	0.026087	0.156522	0.130435

gastro_unknown_1_neg_pattern_8
0.280000	0.090000	0.060000	0.010000	0.030000	0.280000	0.170000	0.360000	0.010000	0.020000	0.080000	0.050000	0.020000	0.040000
0.140000	0.310000	0.000000	0.020000	0.050000	0.310000	0.040000	0.210000	0.900000	0.980000	0.020000	0.030000	0.000000	0.040000
0.120000	0.070000	0.860000	0.900000	0.790000	0.080000	0.070000	0.110000	0.040000	0.000000	0.030000	0.820000	0.020000	0.860000
0.460000	0.530000	0.080000	0.070000	0.130000	0.330000	0.720000	0.320000	0.050000	0.000000	0.870000	0.100000	0.960000	0.060000

gastro_unknown_1_neg_pattern_9
0.375000	0.062500	0.140625	0.328125	0.343750	0.078125	0.093750	0.109375	0.265625	0.406250	0.468750	0.593750	0.453125	0.437500	0.187500	0.296875	0.343750	0.312500	0.312500	0.421875	0.390625
0.046875	0.765625	0.156250	0.328125	0.218750	0.781250	0.031250	0.812500	0.062500	0.281250	0.093750	0.062500	0.015625	0.078125	0.156250	0.125000	0.109375	0.234375	0.140625	0.218750	0.125000
0.375000	0.031250	0.546875	0.062500	0.156250	0.046875	0.828125	0.031250	0.546875	0.156250	0.187500	0.125000	0.234375	0.015625	0.109375	0.078125	0.218750	0.187500	0.250000	0.125000	0.187500
0.203125	0.140625	0.156250	0.281250	0.281250	0.093750	0.046875	0.046875	0.125000	0.156250	0.250000	0.218750	0.296875	0.468750	0.546875	0.500000	0.328125	0.265625	0.296875	0.234375	0.296875

gastro_unknown_2_neg_pattern_0
0.251323	0.010582	0.005291	0.970899	0.002646	0.560847
0.068783	0.039683	0.002646	0.005291	0.997354	0.362434
0.187831	0.005291	0.986772	0.007937	0.000000	0.050265
0.492063	0.944444	0.005291	0.015873	0.000000	0.026455

gastro_unknown_2_neg_pattern_1
0.143396	0.147170	0.052830	0.022642	0.947170	0.003774	0.052830	0.086792
0.226415	0.026415	0.037736	0.916981	0.007547	0.932075	0.030189	0.381132
0.169811	0.800000	0.015094	0.033962	0.030189	0.011321	0.890566	0.075472
0.460377	0.026415	0.894340	0.026415	0.015094	0.052830	0.026415	0.456604

gastro_unknown_2_neg_pattern_10
0.500000	0.400000	0.200000	0.100000	0.250000	0.500000	0.500000	0.150000	0.300000	0.200000	0.200000	0.100000	0.200000	0.150000	0.250000	0.200000	0.100000	0.000000	0.250000	0.000000	0.050000	0.150000	0.050000	0.350000	0.050000	0.500000	0.350000	0.250000	0.750000
0.150000	0.300000	0.100000	0.050000	0.100000	0.150000	0.100000	0.150000	0.200000	0.400000	0.400000	0.050000	0.250000	0.050000	0.150000	0.050000	0.000000	0.050000	0.050000	0.000000	0.000000	0.100000	0.300000	0.150000	0.250000	0.100000	0.400000	0.150000	0.050000
0.000000	0.050000	0.200000	0.350000	0.300000	0.100000	0.100000	0.300000	0.250000	0.150000	0.100000	0.200000	0.250000	0.250000	0.150000	0.200000	0.000000	0.950000	0.000000	0.000000	0.000000	0.550000	0.600000	0.300000	0.050000	0.200000	0.150000	0.200000	0.050000
0.350000	0.250000	0.500000	0.500000	0.350000	0.250000	0.300000	0.400000	0.250000	0.250000	0.300000	0.650000	0.300000	0.550000	0.450000	0.550000	0.900000	0.000000	0.700000	1.000000	0.950000	0.200000	0.050000	0.200000	0.650000	0.200000	0.100000	0.400000	0.150000

gastro_unknown_2_neg_pattern_2
0.248366	0.333333	0.013072	0.052288	0.960784	0.006536	0.052288	0.039216	0.294118	0.568627
0.235294	0.065359	0.006536	0.019608	0.000000	0.960784	0.019608	0.104575	0.366013	0.091503
0.169935	0.562092	0.006536	0.856209	0.026144	0.006536	0.928105	0.078431	0.241830	0.137255
0.346405	0.039216	0.973856	0.071895	0.013072	0.026144	0.000000	0.777778	0.098039	0.202614

gastro_unknown_2_neg_pattern_3
0.318182	0.125000	0.159091	0.034091	0.045455	0.931818	0.022727	0.034091	0.011364	0.022727	0.068182	0.011364
0.204545	0.090909	0.352273	0.102273	0.113636	0.022727	0.056818	0.011364	0.000000	0.000000	0.284091	0.272727
0.079545	0.125000	0.204545	0.011364	0.750000	0.011364	0.000000	0.000000	0.977273	0.965909	0.045455	0.068182
0.397727	0.659091	0.284091	0.852273	0.090909	0.034091	0.920455	0.954545	0.011364	0.011364	0.602273	0.647727

gastro_unknown_2_neg_pattern_4
0.309524	0.523810	0.261905	0.142857	0.892857	0.035714	0.892857	0.047619	0.047619	0.214286	0.666667	0.380952	0.190476	0.047619	0.047619	0.678571
0.250000	0.119048	0.511905	0.761905	0.035714	0.880952	0.059524	0.023810	0.023810	0.166667	0.154762	0.071429	0.714286	0.869048	0.869048	0.023810
0.154762	0.166667	0.130952	0.059524	0.035714	0.059524	0.000000	0.904762	0.904762	0.226190	0.035714	0.309524	0.047619	0.035714	0.035714	0.214286
0.285714	0.190476	0.095238	0.035714	0.035714	0.023810	0.047619	0.023810	0.023810	0.392857	0.142857	0.238095	0.047619	0.047619	0.047619	0.083333

gastro_unknown_2_neg_pattern_5
0.181818	0.166667	0.378788	0.196970	0.348485	0.378788	0.090909	0.090909	0.075758	0.136364
0.212121	0.151515	0.227273	0.212121	0.106061	0.242424	0.712121	0.742424	0.090909	0.090909
0.348485	0.469697	0.227273	0.212121	0.181818	0.060606	0.090909	0.030303	0.742424	0.636364
0.257576	0.212121	0.166667	0.378788	0.363636	0.318182	0.106061	0.136364	0.090909	0.136364

gastro_unknown_2_neg_pattern_6
0.276596	0.297872	0.297872	0.191489	0.297872	0.319149	0.425532	0.446809	0.297872	0.170213	0.297872	0.212766	0.382979	0.170213	0.297872	0.191489	0.404255	0.170213	0.085106	0.127660	0.148936	0.553191	0.085106	0.148936	0.297872	0.212766	0.255319	0.319149
0.212766	0.234043	0.234043	0.255319	0.148936	0.170213	0.191489	0.085106	0.148936	0.361702	0.170213	0.382979	0.148936	0.340426	0.148936	0.170213	0.170213	0.276596	0.680851	0.617021	0.617021	0.170213	0.340426	0.425532	0.255319	0.148936	0.148936	0.361702
0.170213	0.085106	0.255319	0.234043	0.255319	0.276596	0.170213	0.234043	0.085106	0.255319	0.276596	0.106383	0.127660	0.127660	0.234043	0.319149	0.170213	0.276596	0.148936	0.085106	0.085106	0.085106	0.255319	0.212766	0.255319	0.319149	0.404255	0.106383
0.340426	0.382979	0.212766	0.319149	0.297872	0.234043	0.212766	0.234043	0.468085	0.212766	0.255319	0.297872	0.340426	0.361702	0.319149	0.319149	0.255319	0.276596	0.085106	0.170213	0.148936	0.191489	0.319149	0.212766	0.191489	0.319149	0.191489	0.212766

gastro_unknown_2_neg_pattern_7
0.255814	0.255814	0.302326	0.302326	0.348837	0.441860	0.372093	0.279070	0.255814	0.302326	0.558140	0.255814	0.279070	0.069767	0.069767	0.395349	0.372093	0.209302	0.162791	0.046512	0.325581	0.255814
0.139535	0.162791	0.232558	0.162791	0.093023	0.069767	0.232558	0.093023	0.209302	0.488372	0.069767	0.395349	0.418605	0.116279	0.186047	0.186047	0.139535	0.116279	0.395349	0.604651	0.232558	0.139535
0.162791	0.209302	0.093023	0.186047	0.186047	0.232558	0.093023	0.279070	0.279070	0.046512	0.279070	0.162791	0.186047	0.627907	0.651163	0.302326	0.186047	0.232558	0.116279	0.186047	0.279070	0.232558
0.441860	0.372093	0.372093	0.348837	0.372093	0.255814	0.302326	0.348837	0.255814	0.162791	0.093023	0.186047	0.116279	0.186047	0.093023	0.116279	0.302326	0.441860	0.325581	0.162791	0.162791	0.372093

gastro_unknown_2_neg_pattern_8
0.432432	0.567568	0.486486	0.567568	0.459459	0.432432	0.297297	0.432432	0.378378	0.189189	0.135135	0.162162	0.081081	0.378378	0.027027	0.162162	0.351351	0.054054	0.000000	0.027027	0.135135	0.135135	0.054054
0.081081	0.108108	0.054054	0.027027	0.162162	0.135135	0.189189	0.324324	0.027027	0.270270	0.189189	0.405405	0.405405	0.270270	0.054054	0.162162	0.081081	0.027027	0.000000	0.000000	0.108108	0.162162	0.054054
0.243243	0.135135	0.108108	0.108108	0.027027	0.378378	0.189189	0.054054	0.270270	0.270270	0.297297	0.135135	0.189189	0.081081	0.000000	0.486486	0.162162	0.000000	0.000000	0.945946	0.270270	0.027027	0.108108
0.243243	0.189189	0.351351	0.297297	0.351351	0.054054	0.324324	0.189189	0.324324	0.270270	0.378378	0.297297	0.324324	0.270270	0.918919	0.189189	0.405405	0.918919	1.000000	0.027027	0.486486	0.675676	0.783784

gastro_unknown_2_neg_pattern_9
0.200000	0.100000	0.250000	0.450000	0.300000	0.200000	0.300000	0.500000	0.200000	0.200000	0.400000	0.400000	0.450000	0.700000	0.600000	0.250000	0.800000	0.000000	0.000000	0.400000	0.000000	0.050000	0.050000	0.200000	0.050000
0.100000	0.100000	0.150000	0.200000	0.150000	0.400000	0.150000	0.200000	0.050000	0.150000	0.150000	0.300000	0.400000	0.050000	0.300000	0.100000	0.000000	0.050000	0.000000	0.000000	1.000000	0.050000	0.100000	0.700000	0.550000
0.300000	0.150000	0.250000	0.100000	0.300000	0.150000	0.100000	0.200000	0.150000	0.300000	0.050000	0.000000	0.000000	0.100000	0.000000	0.550000	0.000000	0.050000	1.000000	0.600000	0.000000	0.900000	0.450000	0.050000	0.300000
0.400000	0.650000	0.350000	0.250000	0.250000	0.250000	0.450000	0.100000	0.600000	0.350000	0.400000	0.300000	0.150000	0.150000	0.100000	0.100000	0.200000	0.900000	0.000000	0.000000	0.000000	0.000000	0.400000	0.050000	0.100000

muscle_1_neg_pattern_0
0.275591	0.015748	0.023622	0.015748	0.015748	0.307087	0.157480	0.267717	0.015748	0.007874	0.023622	0.031496	0.007874	0.007874	0.047244
0.188976	0.267717	0.000000	0.000000	0.015748	0.354331	0.078740	0.346457	0.921260	0.992126	0.023622	0.007874	0.015748	0.023622	0.118110
0.228346	0.039370	0.929134	0.976378	0.795276	0.070866	0.094488	0.173228	0.031496	0.000000	0.000000	0.811024	0.023622	0.913386	0.566929
0.307087	0.677165	0.047244	0.007874	0.173228	0.267717	0.669291	0.212598	0.031496	0.000000	0.952756	0.149606	0.952756	0.055118	0.267717

muscle_1_neg_pattern_1
0.257143	0.085714	0.100000	0.014286	0.042857	0.985714	0.028571	0.057143	0.014286	0.014286	0.128571	0.028571
0.257143	0.100000	0.385714	0.157143	0.157143	0.000000	0.014286	0.014286	0.000000	0.000000	0.342857	0.242857
0.057143	0.085714	0.157143	0.014286	0.685714	0.014286	0.028571	0.028571	0.971429	0.928571	0.071429	0.071429
0.428571	0.728571	0.357143	0.814286	0.114286	0.000000	0.928571	0.900000	0.014286	0.057143	0.457143	0.657143

muscle_1_neg_pattern_2
0.200000	0.218182	0.036364	0.018182	0.981818	0.000000	0.054545	0.000000	0.036364	0.581818	0.072727
0.254545	0.000000	0.018182	0.927273	0.018182	0.909091	0.000000	0.054545	0.018182	0.109091	0.400000
0.236364	0.781818	0.018182	0.036364	0.000000	0.036364	0.927273	0.018182	0.909091	0.181818	0.054545
0.309091	0.000000	0.927273	0.018182	0.000000	0.054545	0.018182	0.927273	0.036364	0.127273	0.472727

muscle_1_neg_pattern_3
0.319149	0.340426	0.000000	0.042553	0.957447	0.000000	0.063830	0.000000	0.212766	0.744681
0.085106	0.063830	0.042553	0.021277	0.000000	1.000000	0.021277	0.063830	0.638298	0.042553
0.127660	0.595745	0.021277	0.914894	0.021277	0.000000	0.914894	0.042553	0.085106	0.127660
0.468085	0.000000	0.936170	0.021277	0.021277	0.000000	0.000000	0.893617	0.063830	0.085106

muscle_1_neg_pattern_4
0.409091	0.136364	0.409091	0.409091	0.227273	0.045455	0.363636	0.045455	0.000000	0.000000	0.000000	0.113636	0.477273	0.409091	0.045455	0.409091	0.454545
0.159091	0.068182	0.022727	0.090909	0.227273	0.159091	0.386364	0.909091	0.022727	0.000000	0.022727	0.022727	0.090909	0.500000	0.477273	0.090909	0.113636
0.318182	0.636364	0.340909	0.477273	0.431818	0.727273	0.113636	0.000000	0.068182	1.000000	0.977273	0.636364	0.181818	0.045455	0.159091	0.227273	0.409091
0.113636	0.159091	0.227273	0.022727	0.113636	0.068182	0.136364	0.045455	0.909091	0.000000	0.000000	0.227273	0.250000	0.045455	0.318182	0.272727	0.022727

muscle_1_neg_pattern_5
0.069767	0.046512	0.023256	0.000000	1.000000	0.023256	0.046512	0.023256
0.255814	0.023256	0.000000	0.883721	0.000000	0.930233	0.069767	0.720930
0.209302	0.930233	0.023256	0.023256	0.000000	0.000000	0.883721	0.116279
0.465116	0.000000	0.953488	0.093023	0.000000	0.046512	0.000000	0.139535

muscle_1_neg_pattern_6
0.250000	0.062500	0.062500	0.000000	0.375000	0.000000	0.031250	0.000000	0.062500
0.062500	0.156250	0.625000	0.968750	0.343750	0.000000	0.843750	0.000000	0.062500
0.406250	0.718750	0.062500	0.031250	0.031250	0.968750	0.031250	0.937500	0.718750
0.281250	0.062500	0.250000	0.000000	0.250000	0.031250	0.093750	0.062500	0.156250

muscle_1_neg_pattern_7
0.233333	0.533333	0.333333	0.433333	0.266667	0.066667	0.233333	0.100000	0.166667	0.066667	0.000000	0.066667	0.033333
0.266667	0.066667	0.366667	0.300000	0.533333	0.566667	0.200000	0.833333	0.433333	0.200000	0.000000	0.000000	0.000000
0.033333	0.100000	0.033333	0.200000	0.100000	0.100000	0.466667	0.033333	0.400000	0.466667	1.000000	0.766667	0.766667
0.466667	0.300000	0.266667	0.066667	0.100000	0.266667	0.100000	0.033333	0.000000	0.266667	0.000000	0.166667	0.200000

muscle_2_neg_pattern_0
0.411765	0.041522	0.027682	0.017301	0.000000	0.951557
0.166090	0.020761	0.006920	0.003460	0.975779	0.000000
0.266436	0.619377	0.965398	0.000000	0.003460	0.038062
0.155709	0.318339	0.000000	0.979239	0.020761	0.010381

muscle_2_neg_pattern_1
0.298893	0.284133	0.092251	0.627306	0.011070	0.014760	0.036900	0.059041	0.952030	0.121771
0.313653	0.077491	0.210332	0.081181	0.896679	0.000000	0.018450	0.896679	0.007380	0.512915
0.254613	0.092251	0.464945	0.177122	0.018450	0.985240	0.003690	0.029520	0.036900	0.025830
0.132841	0.546125	0.232472	0.114391	0.073801	0.000000	0.940959	0.014760	0.003690	0.339483

muscle_2_neg_pattern_10
0.027027	0.000000	0.054054	0.108108	0.108108	0.864865	0.027027	0.243243	0.108108	0.189189	0.054054	0.351351	0.567568	0.378378
0.459459	1.000000	0.000000	0.648649	0.810811	0.027027	0.189189	0.351351	0.135135	0.108108	0.135135	0.027027	0.189189	0.108108
0.297297	0.000000	0.945946	0.000000	0.054054	0.054054	0.027027	0.189189	0.081081	0.108108	0.486486	0.378378	0.162162	0.027027
0.216216	0.000000	0.000000	0.243243	0.027027	0.054054	0.756757	0.216216	0.675676	0.594595	0.324324	0.243243	0.081081	0.486486

muscle_2_neg_pattern_11
0.242424	0.151515	0.242424	0.151515	0.212121	0.242424	0.333333	0.242424	0.151515	0.060606	0.090909	0.333333	0.090909	0.151515	0.090909	0.060606	0.090909	0.181818	0.090909
0.363636	0.454545	0.121212	0.121212	0.242424	0.090909	0.242424	0.121212	0.060606	0.151515	0.060606	0.090909	0.303030	0.090909	0.090909	0.121212	0.090909	0.121212	0.242424
0.121212	0.121212	0.303030	0.151515	0.303030	0.121212	0.060606	0.272727	0.060606	0.030303	0.090909	0.121212	0.030303	0.000000	0.090909	0.121212	0.212121	0.181818	0.090909
0.272727	0.272727	0.333333	0.575758	0.242424	0.545455	0.363636	0.363636	0.727273	0.757576	0.757576	0.454545	0.575758	0.757576	0.727273	0.696970	0.606061	0.515152	0.575758

muscle_2_neg_pattern_2
0.365979	0.195876	0.087629	0.505155	0.020619	0.036082	0.015464	0.056701	0.974227	0.025773
0.201031	0.092784	0.448454	0.046392	0.932990	0.005155	0.025773	0.000000	0.000000	0.829897
0.314433	0.118557	0.108247	0.371134	0.010309	0.943299	0.010309	0.912371	0.005155	0.005155
0.118557	0.592784	0.355670	0.077320	0.036082	0.015464	0.948454	0.030928	0.020619	0.139175

muscle_2_neg_pattern_3
0.215470	0.099448	0.386740	0.033149	0.093923	0.082873	0.022099
0.276243	0.812155	0.187845	0.900552	0.071823	0.436464	0.011050
0.154696	0.049724	0.254144	0.033149	0.773481	0.276243	0.928177
0.353591	0.038674	0.171271	0.033149	0.060773	0.204420	0.038674

muscle_2_neg_pattern_4
0.494382	0.292135	0.039326	0.932584	0.146067	0.921348	0.005618	0.016854	0.258427	0.668539	0.303371	0.129213	0.011236	0.078652	0.657303
0.084270	0.528090	0.910112	0.011236	0.764045	0.011236	0.011236	0.028090	0.140449	0.078652	0.078652	0.831461	0.949438	0.887640	0.044944
0.230337	0.112360	0.033708	0.039326	0.022472	0.016854	0.949438	0.955056	0.292135	0.056180	0.331461	0.005618	0.011236	0.005618	0.235955
0.191011	0.067416	0.016854	0.016854	0.067416	0.050562	0.033708	0.000000	0.308989	0.196629	0.286517	0.033708	0.028090	0.028090	0.061798

muscle_2_neg_pattern_5
0.302083	0.156250	0.302083	0.041667	0.302083	0.135417	0.104167	0.354167	0.052083	0.208333	0.000000	0.083333	0.166667
0.270833	0.500000	0.312500	0.739583	0.385417	0.239583	0.062500	0.343750	0.750000	0.572917	0.781250	0.625000	0.593750
0.093750	0.114583	0.114583	0.062500	0.114583	0.333333	0.802083	0.125000	0.104167	0.135417	0.114583	0.166667	0.031250
0.333333	0.229167	0.270833	0.156250	0.197917	0.291667	0.031250	0.177083	0.093750	0.083333	0.104167	0.125000	0.208333

muscle_2_neg_pattern_6
0.395604	0.065934	0.032967	0.648352	0.912088	0.000000	0.010989	0.879121	0.461538	0.571429
0.164835	0.813187	0.857143	0.010989	0.010989	0.000000	0.989011	0.010989	0.241758	0.109890
0.219780	0.054945	0.000000	0.142857	0.021978	0.000000	0.000000	0.098901	0.208791	0.142857
0.219780	0.065934	0.109890	0.197802	0.054945	1.000000	0.000000	0.010989	0.087912	0.175824

muscle_2_neg_pattern_7
0.287500	0.187500	0.037500	0.000000	0.950000	0.850000	0.050000	0.050000	0.812500
0.112500	0.012500	0.462500	1.000000	0.012500	0.050000	0.050000	0.875000	0.037500
0.200000	0.750000	0.012500	0.000000	0.037500	0.037500	0.037500	0.025000	0.112500
0.400000	0.050000	0.487500	0.000000	0.000000	0.062500	0.862500	0.050000	0.037500

muscle_2_neg_pattern_8
0.259740	0.051948	0.038961	0.077922	0.818182	0.077922	0.129870	0.116883	0.116883	0.090909	0.064935	0.181818
0.259740	0.883117	0.883117	0.896104	0.090909	0.012987	0.142857	0.701299	0.389610	0.506494	0.714286	0.532468
0.220779	0.012987	0.025974	0.012987	0.038961	0.597403	0.467532	0.103896	0.103896	0.064935	0.025974	0.038961
0.259740	0.051948	0.051948	0.012987	0.051948	0.311688	0.259740	0.077922	0.389610	0.337662	0.194805	0.246753

muscle_2_neg_pattern_9
0.380000	0.000000	0.240000	0.040000	0.660000	0.060000	0.000000	0.160000	0.140000	0.040000
0.120000	0.920000	0.000000	0.900000	0.080000	0.120000	0.020000	0.700000	0.100000	0.700000
0.260000	0.020000	0.760000	0.020000	0.180000	0.360000	0.980000	0.080000	0.700000	0.080000
0.240000	0.060000	0.000000	0.040000	0.080000	0.460000	0.000000	0.060000	0.060000	0.180000

digestive_filaments_1_neg_pattern_0
0.405995	0.057221	0.016349	0.035422	0.027248	0.970027	0.201635
0.207084	0.275204	0.000000	0.021798	0.929155	0.010899	0.610354
0.168937	0.103542	0.978202	0.002725	0.021798	0.013624	0.065395
0.217984	0.564033	0.005450	0.940054	0.021798	0.005450	0.122616

digestive_filaments_1_neg_pattern_1
0.192308	0.038462	0.032051	0.044872	0.083333	0.275641	0.166667	0.307692	0.032051	0.019231	0.025641	0.044872	0.025641	0.025641	0.083333
0.217949	0.275641	0.006410	0.012821	0.019231	0.358974	0.051282	0.288462	0.884615	0.935897	0.006410	0.006410	0.000000	0.044872	0.108974
0.153846	0.051282	0.916667	0.929487	0.788462	0.038462	0.083333	0.147436	0.044872	0.032051	0.000000	0.794872	0.038462	0.891026	0.506410
0.435897	0.634615	0.044872	0.012821	0.108974	0.326923	0.698718	0.256410	0.038462	0.012821	0.967949	0.153846	0.935897	0.038462	0.301282

digestive_filaments_1_neg_pattern_10
0.386364	0.090909	0.204545	0.045455	0.931818	0.750000	0.000000	0.045455	0.704545
0.045455	0.045455	0.227273	0.818182	0.022727	0.000000	0.022727	0.795455	0.090909
0.136364	0.818182	0.159091	0.000000	0.045455	0.000000	0.045455	0.022727	0.136364
0.431818	0.045455	0.409091	0.136364	0.000000	0.250000	0.931818	0.136364	0.068182

digestive_filaments_1_neg_pattern_11
0.200000	0.066667	0.200000	0.000000	0.000000	0.000000	0.000000	1.000000	0.000000	0.166667	0.166667	0.000000
0.133333	0.133333	0.666667	0.933333	0.000000	0.766667	0.966667	0.000000	0.033333	0.200000	0.000000	0.133333
0.400000	0.633333	0.066667	0.033333	1.000000	0.000000	0.000000	0.000000	0.000000	0.333333	0.000000	0.000000
0.266667	0.166667	0.066667	0.033333	0.000000	0.233333	0.033333	0.000000	0.966667	0.300000	0.833333	0.866667

digestive_filaments_1_neg_pattern_2
0.380952	0.122449	0.047619	0.775510	0.013605	0.013605	0.034014	0.088435	0.965986	0.081633
0.176871	0.054422	0.163265	0.040816	0.897959	0.000000	0.013605	0.795918	0.006803	0.414966
0.285714	0.054422	0.482993	0.149660	0.006803	0.986395	0.006803	0.088435	0.013605	0.040816
0.156463	0.768707	0.306122	0.034014	0.081633	0.000000	0.945578	0.027211	0.013605	0.462585

digestive_filaments_1_neg_pattern_3
0.246479	0.598592	0.387324	0.021127	0.007042	0.943662	0.943662	0.021127	0.105634	0.873239	0.443662	0.570423
0.316901	0.105634	0.077465	0.936620	0.978873	0.007042	0.014085	0.000000	0.704225	0.014085	0.147887	0.147887
0.161972	0.190141	0.387324	0.021127	0.014085	0.035211	0.028169	0.014085	0.098592	0.077465	0.260563	0.161972
0.274648	0.105634	0.147887	0.021127	0.000000	0.014085	0.014085	0.964789	0.091549	0.035211	0.147887	0.119718

digestive_filaments_1_neg_pattern_4
0.306452	0.250000	0.338710	0.298387	0.072581	0.338710	0.040323	0.024194	0.056452	0.024194	0.120968	0.290323	0.346774	0.145161	0.322581	0.620968
0.080645	0.040323	0.072581	0.104839	0.040323	0.451613	0.741935	0.040323	0.016129	0.016129	0.064516	0.112903	0.354839	0.508065	0.120968	0.056452
0.427419	0.580645	0.451613	0.524194	0.862903	0.153226	0.129032	0.016129	0.927419	0.959677	0.629032	0.282258	0.104839	0.145161	0.330645	0.266129
0.185484	0.129032	0.137097	0.072581	0.024194	0.056452	0.088710	0.919355	0.000000	0.000000	0.185484	0.314516	0.193548	0.201613	0.225806	0.056452

digestive_filaments_1_neg_pattern_5
0.261682	0.000000	0.000000	0.009346	0.028037	0.140187
0.084112	0.813084	0.981308	0.037383	0.280374	0.074766
0.158879	0.158879	0.009346	0.897196	0.663551	0.140187
0.495327	0.028037	0.009346	0.056075	0.028037	0.644860

digestive_filaments_1_neg_pattern_6
0.185185	0.209877	0.160494	0.049383	0.074074	0.197531	0.111111	0.123457	0.185185	0.197531
0.185185	0.160494	0.074074	0.061728	0.074074	0.061728	0.098765	0.123457	0.172840	0.135802
0.160494	0.037037	0.074074	0.049383	0.049383	0.037037	0.111111	0.185185	0.086420	0.160494
0.469136	0.592593	0.691358	0.839506	0.802469	0.703704	0.679012	0.567901	0.555556	0.506173

digestive_filaments_1_neg_pattern_7
0.453333	0.626667	0.533333	0.240000	0.880000	0.040000	0.000000	0.000000	0.773333	0.800000	0.906667	0.066667	0.266667	0.626667
0.186667	0.120000	0.066667	0.040000	0.026667	0.053333	0.000000	0.946667	0.040000	0.013333	0.026667	0.040000	0.133333	0.133333
0.146667	0.146667	0.173333	0.040000	0.053333	0.013333	0.853333	0.000000	0.026667	0.093333	0.013333	0.026667	0.146667	0.053333
0.213333	0.106667	0.226667	0.680000	0.040000	0.893333	0.146667	0.053333	0.160000	0.093333	0.053333	0.866667	0.453333	0.186667

digestive_filaments_1_neg_pattern_8
0.291667	0.291667	0.263889	0.361111	0.430556	0.430556	0.333333	0.263889	0.166667	0.250000	0.180556	0.361111	0.125000	0.083333	0.111111	0.402778	0.111111	0.222222	0.111111	0.250000
0.138889	0.097222	0.180556	0.083333	0.125000	0.111111	0.208333	0.166667	0.041667	0.222222	0.194444	0.166667	0.055556	0.638889	0.652778	0.194444	0.027778	0.375000	0.097222	0.111111
0.208333	0.138889	0.236111	0.291667	0.180556	0.291667	0.125000	0.291667	0.666667	0.319444	0.291667	0.152778	0.736111	0.041667	0.194444	0.111111	0.791667	0.138889	0.638889	0.458333
0.361111	0.472222	0.319444	0.263889	0.263889	0.166667	0.333333	0.277778	0.125000	0.208333	0.333333	0.319444	0.083333	0.236111	0.041667	0.291667	0.069444	0.263889	0.152778	0.180556

digestive_filaments_1_neg_pattern_9
0.381818	0.345455	0.200000	0.054545	0.054545	0.490909	0.981818	0.000000	0.509091	0.181818
0.127273	0.054545	0.036364	0.454545	0.000000	0.509091	0.000000	0.000000	0.018182	0.654545
0.054545	0.072727	0.309091	0.054545	0.945455	0.000000	0.000000	0.000000	0.127273	0.036364
0.436364	0.527273	0.454545	0.436364	0.000000	0.000000	0.018182	1.000000	0.345455	0.127273

digestive_filaments_2_neg_pattern_0
0.098413	0.042857	0.038095	0.007937	0.987302	0.288889
0.149206	0.007937	0.020635	0.987302	0.001587	0.530159
0.238095	0.939683	0.006349	0.000000	0.003175	0.047619
0.514286	0.009524	0.934921	0.004762	0.007937	0.133333

digestive_filaments_2_neg_pattern_1
0.415730	0.140449	0.039326	0.853933	0.005618	0.005618	0.000000	0.039326	0.983146	0.084270
0.162921	0.106742	0.213483	0.044944	0.971910	0.000000	0.044944	0.955056	0.005618	0.511236
0.308989	0.123596	0.528090	0.067416	0.000000	0.994382	0.000000	0.000000	0.011236	0.078652
0.112360	0.629213	0.219101	0.033708	0.022472	0.000000	0.955056	0.005618	0.000000	0.325843

digestive_filaments_2_neg_pattern_10
0.313433	0.597015	0.044776	0.059701	0.014925	0.029851	0.462687	0.597015	0.223881	0.059701
0.268657	0.104478	0.880597	0.940299	0.000000	0.119403	0.253731	0.134328	0.089552	0.477612
0.134328	0.134328	0.074627	0.000000	0.985075	0.820896	0.074627	0.074627	0.388060	0.074627
0.283582	0.164179	0.000000	0.000000	0.000000	0.029851	0.208955	0.194030	0.298507	0.388060

digestive_filaments_2_neg_pattern_11
0.245614	0.000000	0.017544	0.526316	0.035088	0.000000	0.000000	0.298246	0.105263	0.263158	0.385965	0.315789	0.175439	0.280702	0.263158	0.298246	0.298246	0.315789	0.350877	0.263158
0.105263	0.070175	0.000000	0.017544	0.052632	0.000000	0.000000	0.105263	0.350877	0.087719	0.000000	0.175439	0.280702	0.228070	0.210526	0.105263	0.140351	0.210526	0.122807	0.035088
0.245614	0.035088	0.929825	0.035088	0.035088	0.017544	0.982456	0.105263	0.052632	0.052632	0.298246	0.228070	0.157895	0.210526	0.175439	0.122807	0.210526	0.140351	0.122807	0.157895
0.403509	0.894737	0.052632	0.421053	0.877193	0.982456	0.017544	0.491228	0.491228	0.596491	0.315789	0.280702	0.385965	0.280702	0.350877	0.473684	0.350877	0.333333	0.403509	0.543860

digestive_filaments_2_neg_pattern_12
0.222222	0.148148	0.148148	0.444444	0.592593	0.555556	0.629630	0.222222	0.259259	0.333333	0.814815	0.740741	0.296296	0.888889	0.037037	0.037037	0.037037	0.000000	0.037037	0.111111	0.185185	0.111111
0.333333	0.222222	0.222222	0.296296	0.037037	0.222222	0.037037	0.037037	0.185185	0.518519	0.111111	0.185185	0.148148	0.074074	0.037037	0.037037	0.000000	0.962963	0.037037	0.074074	0.629630	0.666667
0.037037	0.037037	0.074074	0.185185	0.111111	0.074074	0.037037	0.037037	0.037037	0.000000	0.037037	0.000000	0.481481	0.000000	0.037037	0.925926	0.962963	0.000000	0.925926	0.777778	0.074074	0.037037
0.407407	0.592593	0.555556	0.074074	0.259259	0.148148	0.296296	0.703704	0.518519	0.148148	0.037037	0.074074	0.074074	0.037037	0.888889	0.000000	0.000000	0.037037	0.000000	0.037037	0.111111	0.185185

digestive_filaments_2_neg_pattern_13
0.333333	0.166667	0.333333	0.000000	0.041667	0.041667	1.000000	0.041667	0.458333	0.625000	0.083333	0.083333	0.041667	0.416667	0.208333	0.166667	0.208333	0.000000
0.166667	0.041667	0.000000	1.000000	0.958333	0.958333	0.000000	0.000000	0.041667	0.250000	0.041667	0.166667	0.916667	0.291667	0.375000	0.250000	0.000000	0.791667
0.083333	0.083333	0.041667	0.000000	0.000000	0.000000	0.000000	0.333333	0.416667	0.125000	0.208333	0.500000	0.000000	0.041667	0.000000	0.000000	0.666667	0.208333
0.416667	0.708333	0.625000	0.000000	0.000000	0.000000	0.000000	0.625000	0.083333	0.000000	0.666667	0.250000	0.041667	0.250000	0.416667	0.583333	0.125000	0.000000

digestive_filaments_2_neg_pattern_14
0.200000	0.100000	0.200000	0.300000	0.250000	0.250000	0.250000	0.350000	0.400000	0.150000	0.200000	0.350000	0.200000	0.800000	0.050000	0.550000	0.050000	0.000000	0.100000	0.200000	0.050000	0.200000	0.100000	0.400000	0.300000	0.200000	0.300000	0.300000	0.050000
0.150000	0.250000	0.200000	0.100000	0.350000	0.100000	0.350000	0.250000	0.300000	0.100000	0.400000	0.200000	0.050000	0.100000	0.950000	0.050000	0.200000	0.000000	0.100000	0.350000	0.500000	0.550000	0.550000	0.350000	0.100000	0.150000	0.550000	0.050000	0.200000
0.300000	0.100000	0.200000	0.300000	0.050000	0.150000	0.100000	0.150000	0.100000	0.600000	0.200000	0.150000	0.750000	0.050000	0.000000	0.100000	0.450000	0.900000	0.200000	0.100000	0.150000	0.200000	0.250000	0.150000	0.400000	0.350000	0.050000	0.350000	0.100000
0.350000	0.550000	0.400000	0.300000	0.350000	0.500000	0.300000	0.250000	0.200000	0.150000	0.200000	0.300000	0.000000	0.050000	0.000000	0.300000	0.300000	0.100000	0.600000	0.350000	0.300000	0.050000	0.100000	0.100000	0.200000	0.300000	0.100000	0.300000	0.650000

digestive_filaments_2_neg_pattern_2
0.527607	0.245399	0.055215	0.975460	0.134969	0.957055	0.006135	0.024540	0.263804	0.742331	0.239264	0.196319	0.006135	0.042945	0.668712
0.061350	0.588957	0.907975	0.012270	0.852761	0.006135	0.000000	0.030675	0.147239	0.061350	0.036810	0.773006	0.969325	0.901840	0.018405
0.233129	0.128834	0.012270	0.012270	0.000000	0.012270	0.993865	0.938650	0.239264	0.061350	0.349693	0.006135	0.000000	0.012270	0.282209
0.177914	0.036810	0.024540	0.000000	0.012270	0.024540	0.000000	0.006135	0.349693	0.134969	0.374233	0.024540	0.024540	0.042945	0.030675

digestive_filaments_2_neg_pattern_3
0.284672	0.072993	0.306569	0.058394	0.321168	0.051095	0.051095	0.138686
0.335766	0.795620	0.065693	0.890511	0.051095	0.233577	0.036496	0.591241
0.182482	0.058394	0.562044	0.029197	0.481752	0.489051	0.810219	0.087591
0.197080	0.072993	0.065693	0.021898	0.145985	0.226277	0.102190	0.182482

digestive_filaments_2_neg_pattern_4
0.176991	0.867257	0.053097	0.053097	0.123894	0.212389	0.008850	0.929204	0.088496	0.619469	0.256637
0.097345	0.026549	0.008850	0.017699	0.017699	0.008850	0.964602	0.035398	0.115044	0.026549	0.150442
0.203540	0.070796	0.017699	0.044248	0.150442	0.769912	0.008850	0.008850	0.035398	0.061947	0.070796
0.522124	0.035398	0.920354	0.884956	0.707965	0.008850	0.017699	0.026549	0.761062	0.292035	0.522124

digestive_filaments_2_neg_pattern_5
0.281818	0.036364	0.118182	0.027273	0.081818	0.981818	0.027273	0.009091	0.000000	0.009091	0.145455	0.018182
0.290909	0.154545	0.390909	0.109091	0.036364	0.009091	0.009091	0.000000	0.009091	0.009091	0.309091	0.254545
0.063636	0.136364	0.163636	0.009091	0.781818	0.009091	0.009091	0.018182	0.990909	0.972727	0.036364	0.072727
0.363636	0.672727	0.327273	0.854545	0.100000	0.000000	0.954545	0.972727	0.000000	0.009091	0.509091	0.654545

digestive_filaments_2_neg_pattern_6
0.220183	0.009174	0.009174	0.000000	0.000000	0.000000	0.743119	0.027523	0.477064	0.137615
0.155963	0.009174	0.009174	0.000000	0.009174	0.036697	0.000000	0.899083	0.110092	0.266055
0.110092	0.009174	0.981651	0.000000	0.000000	0.128440	0.238532	0.000000	0.064220	0.064220
0.513761	0.972477	0.000000	1.000000	0.990826	0.834862	0.018349	0.073394	0.348624	0.532110

digestive_filaments_2_neg_pattern_7
0.134021	0.721649	0.103093	0.206186	0.020619	0.030928
0.546392	0.113402	0.061856	0.515464	0.000000	0.020619
0.164948	0.113402	0.804124	0.164948	0.979381	0.938144
0.154639	0.051546	0.030928	0.113402	0.000000	0.010309

digestive_filaments_2_neg_pattern_8
0.182927	0.060976	0.182927	0.134146	0.158537	0.268293	0.073171	0.024390	0.012195	0.939024	0.048780	0.048780	0.000000	0.036585	0.085366	0.073171
0.439024	0.219512	0.292683	0.243902	0.060976	0.256098	0.756098	0.963415	0.914634	0.024390	0.012195	0.073171	0.914634	0.500000	0.536585	0.573171
0.182927	0.036585	0.097561	0.524390	0.341463	0.146341	0.036585	0.000000	0.012195	0.012195	0.939024	0.451220	0.036585	0.109756	0.036585	0.036585
0.195122	0.682927	0.426829	0.097561	0.439024	0.329268	0.134146	0.012195	0.060976	0.024390	0.000000	0.426829	0.048780	0.353659	0.341463	0.317073

digestive_filaments_2_neg_pattern_9
0.297297	0.256757	0.256757	0.351351	0.364865	0.337838	0.243243	0.094595	0.175676	0.094595	0.418919	0.135135	0.054054	0.108108	0.189189	0.202703	0.013514	0.135135	0.148649
0.121622	0.162162	0.216216	0.148649	0.189189	0.148649	0.216216	0.567568	0.459459	0.797297	0.229730	0.297297	0.337838	0.608108	0.297297	0.432432	0.729730	0.770270	0.635135
0.202703	0.108108	0.162162	0.216216	0.094595	0.162162	0.067568	0.067568	0.067568	0.040541	0.121622	0.472973	0.513514	0.108108	0.283784	0.081081	0.135135	0.081081	0.094595
0.364865	0.459459	0.351351	0.270270	0.337838	0.337838	0.459459	0.256757	0.283784	0.067568	0.229730	0.094595	0.094595	0.175676	0.229730	0.283784	0.121622	0.013514	0.121622

epidermis_1_neg_pattern_0
0.131274	0.544402	0.042471	0.050193	0.011583	0.050193	0.903475	0.030888
0.517375	0.065637	0.880309	0.007722	0.003861	0.007722	0.023166	0.837838
0.092664	0.339768	0.007722	0.899614	0.011583	0.922780	0.038610	0.011583
0.258687	0.050193	0.069498	0.042471	0.972973	0.019305	0.034749	0.119691

epidermis_1_neg_pattern_1
0.305699	0.015544	0.010363	0.207254	0.155440	0.150259	0.082902
0.352332	0.968912	0.968912	0.549223	0.544041	0.336788	0.720207
0.119171	0.010363	0.005181	0.103627	0.082902	0.108808	0.067358
0.222798	0.005181	0.015544	0.139896	0.217617	0.404145	0.129534

epidermis_1_neg_pattern_10
0.285714	0.142857	0.116883	0.233766	0.207792	0.103896	0.259740	0.155844	0.025974	0.000000	0.961039	0.103896	0.077922	0.025974
0.311688	0.532468	0.324675	0.350649	0.077922	0.051948	0.272727	0.545455	0.922078	0.974026	0.012987	0.064935	0.051948	0.922078
0.194805	0.090909	0.038961	0.077922	0.584416	0.454545	0.129870	0.064935	0.000000	0.012987	0.000000	0.675325	0.441558	0.012987
0.194805	0.220779	0.506494	0.324675	0.116883	0.376623	0.324675	0.233766	0.051948	0.012987	0.025974	0.155844	0.428571	0.038961

epidermis_1_neg_pattern_11
0.311475	0.098361	0.803279	0.229508	0.065574	0.000000	0.016393
0.278689	0.836066	0.065574	0.049180	0.721311	0.000000	0.000000
0.098361	0.016393	0.081967	0.721311	0.016393	1.000000	0.983607
0.311475	0.049180	0.049180	0.000000	0.196721	0.000000	0.000000

epidermis_1_neg_pattern_12
0.105263	0.052632	0.140351	0.175439	0.000000	0.000000	0.912281	0.105263	0.140351	0.070175	0.210526	0.157895	0.333333	0.421053	0.298246
0.192982	0.807018	0.701754	0.000000	0.982456	1.000000	0.000000	0.000000	0.315789	0.175439	0.070175	0.105263	0.105263	0.087719	0.087719
0.456140	0.035088	0.087719	0.789474	0.000000	0.000000	0.000000	0.000000	0.280702	0.070175	0.070175	0.508772	0.368421	0.263158	0.070175
0.245614	0.105263	0.070175	0.035088	0.017544	0.000000	0.087719	0.894737	0.263158	0.684211	0.649123	0.228070	0.192982	0.228070	0.543860

epidermis_1_neg_pattern_13
0.321429	0.446429	0.232143	1.000000	0.000000	0.000000	0.000000	0.839286	0.892857	0.892857	0.196429
0.196429	0.035714	0.053571	0.000000	0.000000	0.000000	0.964286	0.017857	0.017857	0.071429	0.035714
0.160714	0.053571	0.000000	0.000000	0.000000	1.000000	0.035714	0.035714	0.053571	0.035714	0.053571
0.321429	0.464286	0.714286	0.000000	1.000000	0.000000	0.000000	0.107143	0.035714	0.000000	0.714286

epidermis_1_neg_pattern_14
0.232558	0.441860	0.046512	0.139535	0.046512	0.069767	0.255814	0.162791	0.325581	0.069767	0.116279
0.372093	0.418605	0.930233	0.790698	0.000000	0.558140	0.093023	0.046512	0.046512	0.627907	0.790698
0.186047	0.000000	0.023256	0.000000	0.953488	0.348837	0.209302	0.558140	0.232558	0.116279	0.023256
0.209302	0.139535	0.000000	0.069767	0.000000	0.023256	0.441860	0.232558	0.395349	0.186047	0.069767

epidermis_1_neg_pattern_15
0.333333	0.194444	0.222222	0.222222	0.000000	0.916667	0.138889	0.000000	0.000000	0.027778	0.000000	0.555556
0.250000	0.083333	0.388889	0.138889	0.833333	0.027778	0.000000	0.000000	0.944444	0.000000	0.861111	0.027778
0.027778	0.638889	0.222222	0.500000	0.055556	0.055556	0.055556	1.000000	0.000000	0.944444	0.027778	0.222222
0.388889	0.083333	0.166667	0.138889	0.111111	0.000000	0.805556	0.000000	0.055556	0.027778	0.111111	0.194444

epidermis_1_neg_pattern_16
0.541667	0.083333	0.041667	0.208333	0.333333	0.416667	0.291667	0.333333	0.541667	0.333333	0.416667	0.250000	0.333333	0.333333	0.625000	0.250000	0.500000	0.541667	0.208333	0.041667	0.916667	0.666667	0.041667	0.208333	0.583333	0.416667	0.083333	0.125000	0.291667
0.041667	0.250000	0.250000	0.291667	0.166667	0.333333	0.250000	0.166667	0.166667	0.125000	0.291667	0.208333	0.083333	0.083333	0.166667	0.208333	0.000000	0.083333	0.375000	0.958333	0.041667	0.125000	0.083333	0.625000	0.041667	0.375000	0.833333	0.541667	0.041667
0.166667	0.416667	0.416667	0.250000	0.291667	0.083333	0.083333	0.166667	0.125000	0.208333	0.083333	0.083333	0.375000	0.166667	0.041667	0.250000	0.375000	0.333333	0.166667	0.000000	0.000000	0.041667	0.000000	0.083333	0.375000	0.083333	0.000000	0.083333	0.250000
0.250000	0.250000	0.291667	0.250000	0.208333	0.166667	0.375000	0.333333	0.166667	0.333333	0.208333	0.458333	0.208333	0.416667	0.166667	0.291667	0.125000	0.041667	0.250000	0.000000	0.041667	0.166667	0.875000	0.083333	0.000000	0.125000	0.083333	0.250000	0.416667

epidermis_1_neg_pattern_17
0.050000	0.050000
0.800000	0.000000
0.000000	0.550000
0.150000	0.400000

epidermis_1_neg_pattern_2
0.142045	0.642045	0.426136	0.011364	0.005682	0.988636	0.971591	0.000000	0.079545	0.846591	0.380682	0.727273
0.318182	0.045455	0.062500	0.948864	0.982955	0.005682	0.011364	0.022727	0.784091	0.034091	0.170455	0.096591
0.125000	0.295455	0.403409	0.000000	0.000000	0.000000	0.000000	0.011364	0.102273	0.102273	0.352273	0.119318
0.414773	0.017045	0.107955	0.039773	0.011364	0.005682	0.017045	0.960227	0.028409	0.011364	0.090909	0.051136

epidermis_1_neg_pattern_3
0.365269	0.592814	0.269461	0.119760	0.982036	0.053892	0.982036	0.011976	0.047904	0.269461	0.700599	0.287425	0.149701	0.017964	0.023952	0.586826
0.227545	0.059880	0.550898	0.826347	0.005988	0.916168	0.000000	0.000000	0.041916	0.185629	0.059880	0.041916	0.808383	0.976048	0.916168	0.047904
0.083832	0.179641	0.131737	0.047904	0.000000	0.000000	0.011976	0.988024	0.892216	0.251497	0.083832	0.275449	0.005988	0.000000	0.017964	0.329341
0.323353	0.167665	0.047904	0.005988	0.011976	0.029940	0.005988	0.000000	0.017964	0.293413	0.155689	0.395210	0.035928	0.005988	0.041916	0.035928

epidermis_1_neg_pattern_4
0.108527	0.604651	0.023256	0.023256	0.023256	0.038760	0.922481	0.054264
0.217054	0.062016	0.852713	0.007752	0.100775	0.930233	0.000000	0.573643
0.356589	0.255814	0.046512	0.961240	0.023256	0.015504	0.046512	0.031008
0.317829	0.077519	0.077519	0.007752	0.852713	0.015504	0.031008	0.341085

epidermis_1_neg_pattern_5
0.270492	0.581967	0.040984	0.016393	0.975410	0.000000	0.032787	0.000000	0.114754	0.991803	0.016393
0.131148	0.131148	0.040984	0.049180	0.000000	0.959016	0.000000	0.000000	0.844262	0.000000	0.475410
0.270492	0.163934	0.024590	0.713115	0.024590	0.008197	0.967213	0.000000	0.032787	0.008197	0.073770
0.327869	0.122951	0.893443	0.221311	0.000000	0.032787	0.000000	1.000000	0.008197	0.000000	0.434426

epidermis_1_neg_pattern_6
0.444444	0.564103	0.017094	0.025641	0.008547	0.000000	0.683761	0.726496
0.170940	0.094017	0.905983	0.940171	0.000000	0.000000	0.008547	0.068376
0.076923	0.059829	0.068376	0.008547	0.982906	0.991453	0.034188	0.059829
0.307692	0.282051	0.008547	0.025641	0.008547	0.008547	0.273504	0.145299

epidermis_1_neg_pattern_7
0.151786	0.160714	0.366071	0.223214	0.008929	0.000000	0.026786
0.160714	0.571429	0.160714	0.339286	0.008929	0.955357	0.017857
0.348214	0.107143	0.401786	0.169643	0.982143	0.017857	0.928571
0.339286	0.160714	0.071429	0.267857	0.000000	0.026786	0.026786

epidermis_1_neg_pattern_8
0.220183	0.000000	0.110092	0.678899	0.284404	0.009174	0.045872	0.743119	0.605505	0.009174	0.009174	0.174312	0.247706	0.403670	0.522936
0.238532	0.201835	0.587156	0.036697	0.229358	0.211009	0.458716	0.009174	0.064220	0.073394	0.935780	0.018349	0.100917	0.018349	0.073394
0.183486	0.284404	0.027523	0.174312	0.284404	0.027523	0.467890	0.247706	0.091743	0.917431	0.018349	0.788991	0.091743	0.449541	0.137615
0.357798	0.513761	0.275229	0.110092	0.201835	0.752294	0.027523	0.000000	0.238532	0.000000	0.036697	0.018349	0.559633	0.128440	0.266055

epidermis_1_neg_pattern_9
0.212963	0.111111	0.287037	0.129630	0.324074	0.000000	0.037037	0.166667	0.240741	0.305556	0.268519	0.120370	0.250000
0.342593	0.750000	0.240741	0.796296	0.083333	0.037037	0.018519	0.425926	0.175926	0.324074	0.435185	0.601852	0.518519
0.185185	0.055556	0.370370	0.018519	0.333333	0.861111	0.879630	0.157407	0.240741	0.157407	0.083333	0.111111	0.092593
0.259259	0.083333	0.101852	0.055556	0.259259	0.101852	0.064815	0.250000	0.342593	0.212963	0.212963	0.166667	0.138889

precursors_1_neg_pattern_0
0.514493	0.210145	0.021739	0.760870	0.000000	0.043478	0.007246	0.000000	0.753623	0.086957
0.130435	0.130435	0.724638	0.014493	0.949275	0.007246	0.021739	0.028986	0.050725	0.681159
0.202899	0.115942	0.079710	0.217391	0.000000	0.927536	0.014493	0.963768	0.094203	0.014493
0.152174	0.543478	0.173913	0.007246	0.050725	0.021739	0.956522	0.007246	0.101449	0.217391

precursors_1_neg_pattern_1
0.250000	0.066176	0.058824	0.022059	0.058824	0.323529	0.169118	0.316176	0.000000	0.014706	0.014706	0.022059	0.000000	0.007353	0.051471
0.191176	0.250000	0.000000	0.007353	0.014706	0.397059	0.088235	0.286765	0.919118	0.977941	0.000000	0.007353	0.014706	0.022059	0.095588
0.176471	0.029412	0.904412	0.963235	0.772059	0.058824	0.066176	0.139706	0.058824	0.007353	0.007353	0.816176	0.022059	0.919118	0.610294
0.382353	0.654412	0.036765	0.007353	0.154412	0.220588	0.676471	0.257353	0.022059	0.000000	0.977941	0.154412	0.963235	0.051471	0.242647

precursors_1_neg_pattern_10
0.266667	0.166667	0.200000	0.100000	0.100000	0.166667	0.033333	0.233333	0.000000	0.133333	0.200000	0.200000	0.166667	0.033333
0.166667	0.166667	0.033333	0.133333	0.033333	0.266667	0.066667	0.200000	0.000000	0.000000	0.033333	0.100000	0.166667	0.166667
0.333333	0.566667	0.700000	0.700000	0.866667	0.500000	0.900000	0.400000	1.000000	0.866667	0.566667	0.633333	0.500000	0.600000
0.233333	0.100000	0.066667	0.066667	0.000000	0.066667	0.000000	0.166667	0.000000	0.000000	0.200000	0.066667	0.166667	0.200000

precursors_1_neg_pattern_11
0.250000	0.050000	0.000000	0.050000	0.000000	0.000000	0.000000	0.000000	0.100000
0.400000	0.200000	0.500000	0.300000	1.000000	0.000000	0.000000	0.150000	0.750000
0.100000	0.150000	0.050000	0.550000	0.000000	1.000000	0.950000	0.550000	0.050000
0.250000	0.600000	0.450000	0.100000	0.000000	0.000000	0.050000	0.300000	0.100000

precursors_1_neg_pattern_2
0.325581	0.081395	0.139535	0.011628	0.034884	0.930233	0.011628	0.000000	0.000000	0.081395	0.139535	0.069767
0.267442	0.139535	0.290698	0.058140	0.081395	0.034884	0.000000	0.000000	0.011628	0.000000	0.360465	0.197674
0.069767	0.104651	0.151163	0.034884	0.802326	0.011628	0.023256	0.000000	0.976744	0.918605	0.046512	0.093023
0.325581	0.662791	0.406977	0.883721	0.069767	0.011628	0.965116	1.000000	0.011628	0.000000	0.453488	0.639535

precursors_1_neg_pattern_3
0.220779	0.077922	0.207792	0.038961	0.012987	0.025974	0.000000
0.090909	0.688312	0.051948	0.857143	0.012987	0.896104	0.012987
0.519481	0.090909	0.636364	0.077922	0.922078	0.038961	0.974026
0.168831	0.142857	0.103896	0.025974	0.051948	0.038961	0.012987

precursors_1_neg_pattern_4
0.473684	0.131579	0.039474	0.868421	0.000000	0.078947	0.026316	0.052632	0.947368	0.039474
0.236842	0.052632	0.118421	0.013158	0.973684	0.000000	0.013158	0.934211	0.000000	0.631579
0.171053	0.065789	0.605263	0.065789	0.000000	0.907895	0.013158	0.013158	0.039474	0.000000
0.118421	0.750000	0.236842	0.052632	0.026316	0.013158	0.947368	0.000000	0.013158	0.328947

precursors_1_neg_pattern_5
0.530612	0.551020	0.142857	0.183673	0.142857	0.857143	0.897959	0.387755	0.918367	0.020408	0.000000	0.000000	0.000000	0.061224	0.142857
0.122449	0.061224	0.285714	0.326531	0.693878	0.061224	0.000000	0.122449	0.020408	0.000000	0.020408	0.020408	0.938776	0.061224	0.142857
0.142857	0.102041	0.040816	0.061224	0.102041	0.061224	0.000000	0.367347	0.020408	0.000000	0.959184	0.979592	0.040816	0.816327	0.673469
0.204082	0.285714	0.530612	0.428571	0.061224	0.020408	0.102041	0.122449	0.040816	0.979592	0.020408	0.000000	0.020408	0.061224	0.040816

precursors_1_neg_pattern_6
0.297872	0.170213	0.127660	0.063830	0.808511	0.000000	0.000000	0.000000	0.042553	0.127660
0.085106	0.085106	0.404255	0.914894	0.042553	0.063830	0.978723	0.000000	0.000000	0.212766
0.489362	0.617021	0.021277	0.000000	0.042553	0.936170	0.021277	0.978723	0.957447	0.106383
0.127660	0.127660	0.446809	0.021277	0.106383	0.000000	0.000000	0.021277	0.000000	0.553191

precursors_1_neg_pattern_7
0.295455	0.090909	0.227273	0.568182	0.022727	0.159091	0.227273	0.045455	0.022727	0.022727	0.113636
0.045455	0.022727	0.250000	0.068182	0.090909	0.454545	0.727273	0.045455	0.022727	0.000000	0.045455
0.363636	0.840909	0.363636	0.295455	0.568182	0.113636	0.022727	0.022727	0.954545	0.931818	0.750000
0.295455	0.045455	0.159091	0.068182	0.318182	0.272727	0.022727	0.886364	0.000000	0.045455	0.090909

precursors_1_neg_pattern_8
0.441176	0.147059	0.323529	0.323529	0.029412	0.029412	0.029412	0.029412	0.029412	0.058824
0.088235	0.470588	0.029412	0.000000	0.941176	0.941176	0.058824	0.500000	0.000000	0.058824
0.352941	0.029412	0.117647	0.176471	0.000000	0.000000	0.911765	0.470588	0.088235	0.794118
0.117647	0.352941	0.529412	0.500000	0.029412	0.029412	0.000000	0.000000	0.882353	0.088235

precursors_1_neg_pattern_9
0.166667	0.166667	0.433333	0.066667	0.000000	0.433333	0.033333	0.000000	0.000000	0.066667	0.166667	0.566667
0.266667	0.033333	0.333333	0.066667	1.000000	0.300000	0.100000	0.000000	0.900000	0.033333	0.433333	0.000000
0.200000	0.700000	0.166667	0.800000	0.000000	0.200000	0.066667	0.966667	0.033333	0.866667	0.200000	0.100000
0.366667	0.100000	0.066667	0.066667	0.000000	0.066667	0.800000	0.033333	0.066667	0.033333	0.200000	0.333333

precursors_2_neg_pattern_0
0.169231	0.150000	0.115385	0.026923	0.880769	0.019231	0.065385	0.107692	0.238462	0.511538
0.223077	0.042308	0.065385	0.865385	0.011538	0.896154	0.019231	0.315385	0.188462	0.111538
0.119231	0.788462	0.046154	0.034615	0.069231	0.015385	0.892308	0.034615	0.480769	0.150000
0.488462	0.019231	0.773077	0.073077	0.038462	0.069231	0.023077	0.542308	0.092308	0.226923

precursors_2_neg_pattern_1
0.162281	0.078947	0.087719	0.793860	0.070175	0.039474	0.004386	0.070175
0.276316	0.188596	0.061404	0.030702	0.057018	0.043860	0.004386	0.000000
0.236842	0.100877	0.758772	0.087719	0.083333	0.035088	0.982456	0.894737
0.324561	0.631579	0.092105	0.087719	0.789474	0.881579	0.008772	0.035088

precursors_2_neg_pattern_10
0.333333	0.148148	0.000000	0.074074	0.111111	0.148148	0.259259	0.000000	0.111111	0.148148
0.111111	0.629630	0.000000	0.925926	0.000000	0.037037	0.296296	1.000000	0.074074	0.703704
0.296296	0.037037	0.962963	0.000000	0.851852	0.592593	0.111111	0.000000	0.703704	0.111111
0.259259	0.185185	0.037037	0.000000	0.037037	0.222222	0.333333	0.000000	0.111111	0.037037

precursors_2_neg_pattern_2
0.248588	0.282486	0.022599	0.022599	0.949153	0.005650	0.084746	0.050847	0.169492	0.677966
0.135593	0.028249	0.062147	0.067797	0.011299	0.971751	0.005650	0.135593	0.525424	0.073446
0.271186	0.621469	0.011299	0.853107	0.016949	0.005650	0.909605	0.056497	0.254237	0.084746
0.344633	0.067797	0.903955	0.056497	0.022599	0.016949	0.000000	0.757062	0.050847	0.163842

precursors_2_neg_pattern_3
0.327273	0.569697	0.345455	0.066667	0.890909	0.054545	0.921212	0.012121	0.024242	0.303030	0.600000	0.339394	0.109091	0.012121	0.018182	0.496970
0.181818	0.084848	0.454545	0.848485	0.048485	0.903030	0.012121	0.012121	0.036364	0.157576	0.127273	0.066667	0.812121	0.915152	0.915152	0.054545
0.200000	0.115152	0.145455	0.030303	0.030303	0.000000	0.030303	0.957576	0.915152	0.315152	0.054545	0.260606	0.042424	0.018182	0.018182	0.400000
0.290909	0.230303	0.054545	0.054545	0.030303	0.042424	0.036364	0.018182	0.024242	0.224242	0.218182	0.333333	0.036364	0.054545	0.048485	0.048485

precursors_2_neg_pattern_4
0.431373	0.267974	0.091503	0.013072	0.000000	0.006536	0.058824
0.189542	0.104575	0.150327	0.124183	0.993464	0.006536	0.019608
0.124183	0.065359	0.392157	0.816993	0.006536	0.960784	0.875817
0.254902	0.562092	0.366013	0.045752	0.000000	0.026144	0.045752

precursors_2_neg_pattern_5
0.301587	0.333333	0.325397	0.293651	0.015873	0.492063	0.095238	0.031746	0.031746	0.039683	0.119048	0.325397	0.349206	0.111111	0.341270	0.563492
0.079365	0.031746	0.039683	0.150794	0.007937	0.325397	0.777778	0.015873	0.000000	0.015873	0.071429	0.174603	0.325397	0.531746	0.071429	0.055556
0.373016	0.492063	0.523810	0.444444	0.968254	0.087302	0.063492	0.031746	0.944444	0.936508	0.642857	0.230159	0.119048	0.111111	0.373016	0.269841
0.246032	0.142857	0.111111	0.111111	0.007937	0.095238	0.063492	0.920635	0.023810	0.007937	0.166667	0.269841	0.206349	0.246032	0.214286	0.111111

precursors_2_neg_pattern_6
0.326087	0.054348	0.532609	0.054348	0.021739	0.010870	0.010870
0.152174	0.630435	0.097826	0.380435	0.010870	0.989130	0.010870
0.391304	0.065217	0.239130	0.097826	0.934783	0.000000	0.978261
0.130435	0.250000	0.130435	0.467391	0.032609	0.000000	0.000000

precursors_2_neg_pattern_7
0.209302	0.034884	0.674419	0.011628	0.000000	0.023256	0.034884	0.209302
0.209302	0.941860	0.093023	0.011628	1.000000	0.023256	0.023256	0.093023
0.139535	0.000000	0.093023	0.976744	0.000000	0.895349	0.930233	0.069767
0.441860	0.023256	0.139535	0.000000	0.000000	0.058140	0.011628	0.627907

precursors_2_neg_pattern_8
0.294872	0.102564	0.538462	0.051282	0.371795	0.076923	0.012821	0.192308	0.205128	0.320513	0.038462	0.179487
0.282051	0.692308	0.282051	0.820513	0.269231	0.076923	0.012821	0.166667	0.205128	0.307692	0.858974	0.602564
0.141026	0.089744	0.051282	0.051282	0.179487	0.743590	0.961538	0.192308	0.333333	0.153846	0.012821	0.051282
0.282051	0.115385	0.128205	0.076923	0.179487	0.102564	0.012821	0.448718	0.256410	0.217949	0.089744	0.166667

precursors_2_neg_pattern_9
0.277778	0.527778	0.000000	0.083333	0.000000	0.055556	0.472222	0.500000	0.305556	0.111111	0.305556	0.166667
0.444444	0.111111	0.972222	0.833333	0.027778	0.027778	0.194444	0.083333	0.250000	0.527778	0.583333	0.583333
0.055556	0.000000	0.027778	0.055556	0.944444	0.888889	0.055556	0.194444	0.222222	0.111111	0.111111	0.055556
0.222222	0.361111	0.000000	0.027778	0.027778	0.027778	0.277778	0.222222	0.222222	0.250000	0.000000	0.194444

precursors_3_neg_pattern_0
0.409375	0.229687	0.095312	0.512500	0.012500	0.026562	0.026562	0.121875	0.812500	0.035937
0.154688	0.076563	0.282813	0.070312	0.839063	0.003125	0.060937	0.468750	0.023438	0.748437
0.229687	0.095312	0.406250	0.351562	0.023438	0.970313	0.023438	0.353125	0.087500	0.017188
0.206250	0.598437	0.215625	0.065625	0.125000	0.000000	0.889062	0.056250	0.076563	0.198437

precursors_3_neg_pattern_1
0.273159	0.038005	0.593824	0.014252	0.066508	0.087886	0.033254
0.344418	0.902613	0.204276	0.902613	0.888361	0.258907	0.049881
0.192399	0.019002	0.152019	0.052257	0.011876	0.130641	0.859857
0.190024	0.040380	0.049881	0.030879	0.033254	0.522565	0.057007

precursors_3_neg_pattern_10
0.310811	0.351351	0.270270	0.418919	0.378378	0.202703	0.297297	0.378378	0.364865	0.351351	0.432432	0.472973	0.324324	0.324324	0.297297	0.270270	0.364865	0.324324	0.351351	0.364865	0.297297	0.297297	0.310811	0.270270	0.229730	0.270270
0.243243	0.108108	0.135135	0.135135	0.108108	0.229730	0.189189	0.121622	0.175676	0.081081	0.094595	0.067568	0.189189	0.175676	0.189189	0.283784	0.135135	0.256757	0.189189	0.175676	0.175676	0.216216	0.175676	0.216216	0.148649	0.270270
0.162162	0.256757	0.283784	0.148649	0.283784	0.189189	0.162162	0.189189	0.229730	0.202703	0.283784	0.229730	0.094595	0.189189	0.202703	0.202703	0.135135	0.162162	0.108108	0.229730	0.256757	0.243243	0.175676	0.216216	0.256757	0.148649
0.283784	0.283784	0.310811	0.297297	0.229730	0.378378	0.351351	0.310811	0.229730	0.364865	0.189189	0.229730	0.391892	0.310811	0.310811	0.243243	0.364865	0.256757	0.351351	0.229730	0.270270	0.243243	0.337838	0.297297	0.364865	0.310811

precursors_3_neg_pattern_11
0.397059	0.558824	0.088235	0.323529	0.161765	0.441176	0.000000	0.044118	0.794118	0.029412	0.529412	0.426471	0.294118	0.558824	0.455882	0.294118	0.235294	0.279412	0.176471	0.161765
0.191176	0.044118	0.794118	0.058824	0.558824	0.029412	0.000000	0.000000	0.014706	0.911765	0.073529	0.132353	0.235294	0.088235	0.058824	0.382353	0.102941	0.132353	0.073529	0.132353
0.308824	0.058824	0.014706	0.573529	0.044118	0.485294	0.000000	0.941176	0.058824	0.000000	0.235294	0.220588	0.279412	0.058824	0.176471	0.058824	0.132353	0.058824	0.058824	0.117647
0.102941	0.338235	0.102941	0.044118	0.235294	0.044118	1.000000	0.014706	0.132353	0.058824	0.161765	0.220588	0.191176	0.294118	0.308824	0.264706	0.529412	0.529412	0.691176	0.588235

precursors_3_neg_pattern_12
0.226415	0.283019	0.245283	0.264151	0.000000	0.830189	0.056604	0.018868	0.000000	0.037736	0.000000
0.320755	0.056604	0.415094	0.264151	0.962264	0.075472	0.094340	0.000000	0.962264	0.000000	0.660377
0.113208	0.547170	0.169811	0.339623	0.018868	0.018868	0.207547	0.981132	0.000000	0.943396	0.018868
0.339623	0.113208	0.169811	0.132075	0.018868	0.075472	0.641509	0.000000	0.037736	0.018868	0.320755

precursors_3_neg_pattern_13
0.370370	0.518519	0.222222	0.518519	0.037037	0.703704	0.666667	0.074074	0.185185	0.111111	0.000000	0.259259	0.259259	0.037037	0.629630	0.222222	0.296296	0.259259	0.407407	0.259259	0.481481
0.111111	0.111111	0.148148	0.185185	0.962963	0.148148	0.037037	0.888889	0.000000	0.851852	0.074074	0.259259	0.222222	0.259259	0.111111	0.222222	0.148148	0.222222	0.148148	0.111111	0.074074
0.296296	0.074074	0.444444	0.111111	0.000000	0.074074	0.222222	0.000000	0.814815	0.000000	0.925926	0.333333	0.185185	0.481481	0.037037	0.148148	0.148148	0.296296	0.333333	0.296296	0.074074
0.222222	0.296296	0.185185	0.185185	0.000000	0.074074	0.074074	0.037037	0.000000	0.037037	0.000000	0.148148	0.333333	0.222222	0.222222	0.407407	0.407407	0.222222	0.111111	0.333333	0.370370

precursors_3_neg_pattern_14
0.217391	0.173913	0.173913	0.347826	0.086957	0.130435	0.260870	0.173913	0.260870	0.086957	0.000000	0.000000	0.043478	0.000000	0.000000	0.913043	0.130435	0.217391	0.086957	0.000000	0.043478	0.304348	0.652174	0.173913
0.043478	0.217391	0.173913	0.130435	0.217391	0.304348	0.347826	0.260870	0.130435	0.000000	0.913043	0.913043	0.000000	1.000000	1.000000	0.000000	0.000000	0.521739	0.043478	0.000000	0.130435	0.043478	0.130435	0.173913
0.173913	0.347826	0.130435	0.391304	0.130435	0.217391	0.043478	0.130435	0.478261	0.565217	0.000000	0.043478	0.956522	0.000000	0.000000	0.086957	0.000000	0.043478	0.086957	0.043478	0.434783	0.434783	0.043478	0.043478
0.565217	0.260870	0.521739	0.130435	0.565217	0.347826	0.347826	0.434783	0.130435	0.347826	0.086957	0.043478	0.000000	0.000000	0.000000	0.000000	0.869565	0.217391	0.782609	0.956522	0.391304	0.217391	0.173913	0.608696

precursors_3_neg_pattern_2
0.498795	0.650602	0.869880	0.000000	0.997590	0.961446	0.395181
0.086747	0.074699	0.055422	1.000000	0.000000	0.024096	0.050602
0.154217	0.192771	0.002410	0.000000	0.002410	0.002410	0.007229
0.260241	0.081928	0.072289	0.000000	0.000000	0.012048	0.546988

precursors_3_neg_pattern_3
0.269663	0.061798	0.382022	0.028090	0.042135	0.028090	0.075843
0.241573	0.794944	0.185393	0.912921	0.005618	0.910112	0.044944
0.244382	0.050562	0.342697	0.011236	0.926966	0.019663	0.806180
0.244382	0.092697	0.089888	0.047753	0.025281	0.042135	0.073034

precursors_3_neg_pattern_4
0.329749	0.028674	0.856631	0.010753	0.103943	0.025090	0.017921	0.501792	0.071685
0.157706	0.931900	0.035842	0.810036	0.007168	0.014337	0.010753	0.103943	0.616487
0.129032	0.003584	0.075269	0.025090	0.878136	0.025090	0.946237	0.182796	0.035842
0.383513	0.035842	0.032258	0.154122	0.010753	0.935484	0.025090	0.211470	0.275986

precursors_3_neg_pattern_5
0.373737	0.005051	0.095960	0.050505	0.060606	0.060606	0.121212
0.222222	0.984848	0.883838	0.040404	0.606061	0.171717	0.050505
0.217172	0.010101	0.005051	0.833333	0.252525	0.121212	0.792929
0.186869	0.000000	0.015152	0.075758	0.080808	0.646465	0.035354

precursors_3_neg_pattern_6
0.213415	0.060976	0.054878	0.073171	0.048780	0.292683	0.195122	0.286585	0.006098	0.012195	0.030488	0.073171	0.006098	0.012195	0.054878
0.164634	0.371951	0.018293	0.000000	0.030488	0.280488	0.048780	0.256098	0.963415	0.981707	0.030488	0.012195	0.018293	0.018293	0.176829
0.201220	0.024390	0.871951	0.896341	0.810976	0.085366	0.054878	0.164634	0.006098	0.000000	0.012195	0.835366	0.030488	0.908537	0.554878
0.420732	0.542683	0.054878	0.030488	0.109756	0.341463	0.701220	0.292683	0.024390	0.006098	0.926829	0.079268	0.945122	0.060976	0.213415

precursors_3_neg_pattern_7
0.412903	0.019355	0.051613	0.225806	0.019355	0.077419	0.051613	0.070968
0.245161	0.903226	0.941935	0.329032	0.019355	0.593548	0.096774	0.025806
0.238710	0.025806	0.000000	0.193548	0.929032	0.141935	0.477419	0.845161
0.103226	0.051613	0.006452	0.251613	0.032258	0.187097	0.374194	0.058065

precursors_3_neg_pattern_8
0.257143	0.121429	0.142857	0.235714	0.100000	0.185714	0.385714	0.007143	0.085714	0.085714	0.092857
0.242857	0.135714	0.064286	0.057143	0.364286	0.192857	0.128571	0.921429	0.771429	0.042857	0.035714
0.207143	0.542857	0.700000	0.585714	0.150000	0.464286	0.342857	0.064286	0.057143	0.628571	0.821429
0.292857	0.200000	0.092857	0.121429	0.385714	0.157143	0.142857	0.007143	0.085714	0.242857	0.050000

precursors_3_neg_pattern_9
0.223301	0.631068	0.466019	0.106796	0.009709	0.951456	0.922330	0.038835	0.165049	0.815534	0.310680	0.640777
0.262136	0.126214	0.048544	0.776699	0.970874	0.019417	0.019417	0.000000	0.689320	0.038835	0.271845	0.145631
0.106796	0.145631	0.330097	0.009709	0.009709	0.009709	0.019417	0.009709	0.126214	0.135922	0.300971	0.097087
0.407767	0.097087	0.155340	0.106796	0.009709	0.019417	0.038835	0.951456	0.019417	0.009709	0.116505	0.116505

neuron_GATA_Islet_1_neg_pattern_0
0.252747	0.065934	0.021978	0.076923	0.021978	0.329670	0.175824	0.340659	0.000000	0.065934	0.010989	0.065934	0.032967	0.043956	0.043956	0.219780
0.153846	0.263736	0.032967	0.010989	0.021978	0.329670	0.076923	0.296703	0.934066	0.901099	0.010989	0.021978	0.032967	0.021978	0.087912	0.164835
0.230769	0.000000	0.879121	0.890110	0.791209	0.054945	0.065934	0.142857	0.000000	0.021978	0.000000	0.890110	0.021978	0.846154	0.659341	0.065934
0.362637	0.670330	0.065934	0.021978	0.164835	0.285714	0.681319	0.219780	0.065934	0.010989	0.978022	0.021978	0.912088	0.087912	0.208791	0.549451

neuron_GATA_Islet_1_neg_pattern_1
0.115942	0.623188	0.289855	0.000000	0.028986	0.913043	0.826087	0.028986	0.115942	0.739130	0.304348	0.565217
0.391304	0.130435	0.086957	0.985507	0.927536	0.014493	0.000000	0.014493	0.637681	0.043478	0.159420	0.173913
0.115942	0.115942	0.449275	0.000000	0.000000	0.028986	0.072464	0.014493	0.101449	0.130435	0.362319	0.173913
0.376812	0.130435	0.173913	0.014493	0.043478	0.043478	0.101449	0.942029	0.144928	0.086957	0.173913	0.086957

neuron_GATA_Islet_1_neg_pattern_10
0.208333	0.208333	0.291667	0.166667	0.583333	0.000000	0.000000	0.000000	0.083333
0.083333	0.041667	0.041667	0.458333	0.083333	0.000000	1.000000	0.000000	0.000000
0.333333	0.583333	0.041667	0.083333	0.125000	1.000000	0.000000	1.000000	0.875000
0.375000	0.166667	0.625000	0.291667	0.208333	0.000000	0.000000	0.000000	0.041667

neuron_GATA_Islet_1_neg_pattern_11
0.250000	0.350000	0.200000	0.500000	0.300000	0.300000	0.500000	0.300000	0.000000	0.000000	0.250000	0.000000	0.100000	0.000000
0.250000	0.500000	0.050000	0.100000	0.150000	0.000000	0.300000	0.150000	0.850000	0.950000	0.150000	0.000000	0.400000	0.150000
0.350000	0.000000	0.500000	0.050000	0.450000	0.450000	0.150000	0.500000	0.150000	0.050000	0.100000	1.000000	0.350000	0.600000
0.150000	0.150000	0.250000	0.350000	0.100000	0.250000	0.050000	0.050000	0.000000	0.000000	0.500000	0.000000	0.150000	0.250000

neuron_GATA_Islet_1_neg_pattern_2
0.250000	0.343750	0.000000	0.015625	0.937500	0.015625	0.046875	0.031250	0.328125	0.765625
0.187500	0.031250	0.015625	0.000000	0.031250	0.968750	0.000000	0.031250	0.562500	0.062500
0.281250	0.546875	0.031250	0.875000	0.015625	0.000000	0.953125	0.015625	0.078125	0.015625
0.281250	0.078125	0.953125	0.109375	0.015625	0.015625	0.000000	0.921875	0.031250	0.156250

neuron_GATA_Islet_1_neg_pattern_3
0.305085	0.593220	0.050847	0.016949	0.000000	0.000000	0.932203	0.677966	0.305085	0.118644
0.169492	0.067797	0.830508	0.983051	0.016949	0.000000	0.000000	0.033898	0.016949	0.152542
0.203390	0.152542	0.084746	0.000000	0.983051	1.000000	0.033898	0.118644	0.677966	0.033898
0.322034	0.186441	0.033898	0.000000	0.000000	0.000000	0.033898	0.169492	0.000000	0.694915

neuron_GATA_Islet_1_neg_pattern_4
0.255814	0.023256	0.000000	0.162791	0.372093	0.279070	0.046512	0.116279	0.232558	0.162791
0.279070	0.953488	0.023256	0.441860	0.093023	0.139535	0.093023	0.418605	0.139535	0.627907
0.372093	0.000000	0.976744	0.116279	0.488372	0.279070	0.767442	0.325581	0.511628	0.139535
0.093023	0.023256	0.000000	0.279070	0.046512	0.302326	0.093023	0.139535	0.116279	0.069767

neuron_GATA_Islet_1_neg_pattern_5
0.317073	0.390244	0.146341	0.024390	1.000000	0.000000	0.048780	0.000000	0.024390	0.365854	0.121951	0.317073	0.317073	0.341463	0.585366
0.195122	0.024390	0.121951	0.975610	0.000000	0.829268	0.073171	0.024390	0.000000	0.170732	0.268293	0.292683	0.121951	0.195122	0.170732
0.243902	0.487805	0.170732	0.000000	0.000000	0.146341	0.853659	0.024390	0.975610	0.219512	0.097561	0.073171	0.097561	0.146341	0.097561
0.243902	0.097561	0.560976	0.000000	0.000000	0.024390	0.024390	0.951220	0.000000	0.243902	0.512195	0.317073	0.463415	0.317073	0.146341

neuron_GATA_Islet_1_neg_pattern_6
0.171429	0.200000	0.200000	0.200000	0.285714	0.342857	0.000000	0.000000	0.514286	0.285714	0.028571	0.028571	0.028571
0.114286	0.028571	0.085714	0.057143	0.114286	0.142857	0.000000	0.000000	0.085714	0.000000	0.000000	0.114286	0.057143
0.285714	0.571429	0.485714	0.600000	0.571429	0.457143	1.000000	0.971429	0.342857	0.628571	0.914286	0.742857	0.800000
0.428571	0.200000	0.228571	0.142857	0.028571	0.057143	0.000000	0.028571	0.057143	0.085714	0.057143	0.114286	0.114286

neuron_GATA_Islet_1_neg_pattern_7
0.153846	0.307692	0.153846	0.038462	0.846154	0.000000	0.115385	0.153846	0.115385	0.346154	0.346154	0.230769	0.192308	0.269231	0.153846	0.346154	0.230769	0.307692	0.307692	0.346154	0.384615	0.423077	0.500000	0.307692
0.307692	0.038462	0.038462	0.000000	0.000000	0.884615	0.038462	0.384615	0.000000	0.076923	0.230769	0.038462	0.230769	0.038462	0.153846	0.115385	0.192308	0.384615	0.269231	0.153846	0.076923	0.115385	0.076923	0.115385
0.384615	0.576923	0.000000	0.923077	0.076923	0.038462	0.769231	0.269231	0.653846	0.307692	0.076923	0.192308	0.346154	0.153846	0.269231	0.153846	0.153846	0.076923	0.038462	0.076923	0.153846	0.192308	0.192308	0.076923
0.153846	0.076923	0.807692	0.038462	0.076923	0.076923	0.076923	0.192308	0.230769	0.269231	0.346154	0.538462	0.230769	0.538462	0.423077	0.384615	0.423077	0.230769	0.384615	0.423077	0.384615	0.269231	0.230769	0.500000

neuron_GATA_Islet_1_neg_pattern_8
0.520000	0.240000	0.320000	0.360000	0.240000	0.200000	0.280000	0.280000	0.320000	0.480000	0.320000	0.520000	0.440000	0.440000	0.320000	0.040000	0.040000	0.000000	0.000000	0.160000	0.040000
0.160000	0.160000	0.320000	0.160000	0.240000	0.080000	0.120000	0.160000	0.440000	0.120000	0.200000	0.040000	0.080000	0.120000	0.040000	0.800000	0.960000	0.000000	0.440000	0.040000	0.040000
0.000000	0.120000	0.080000	0.160000	0.240000	0.360000	0.000000	0.240000	0.080000	0.280000	0.200000	0.400000	0.040000	0.080000	0.160000	0.120000	0.000000	1.000000	0.520000	0.080000	0.840000
0.320000	0.480000	0.280000	0.320000	0.280000	0.360000	0.600000	0.320000	0.160000	0.120000	0.280000	0.040000	0.440000	0.360000	0.480000	0.040000	0.000000	0.000000	0.040000	0.720000	0.080000

neuron_GATA_Islet_1_neg_pattern_9
0.280000	0.480000	0.200000	0.240000	0.520000	0.240000	0.120000	0.240000	0.400000	0.360000	0.320000	0.280000	0.760000	0.040000	0.440000	0.040000	0.000000	0.080000	0.520000	0.360000	0.640000
0.160000	0.080000	0.160000	0.200000	0.040000	0.200000	0.280000	0.040000	0.320000	0.320000	0.080000	0.280000	0.040000	0.000000	0.240000	0.000000	0.000000	0.520000	0.040000	0.040000	0.000000
0.320000	0.000000	0.440000	0.200000	0.160000	0.160000	0.400000	0.320000	0.080000	0.080000	0.160000	0.040000	0.000000	0.200000	0.080000	0.120000	1.000000	0.200000	0.000000	0.040000	0.160000
0.240000	0.440000	0.200000	0.360000	0.280000	0.400000	0.200000	0.400000	0.200000	0.240000	0.440000	0.400000	0.200000	0.760000	0.240000	0.840000	0.000000	0.200000	0.440000	0.560000	0.200000

neuron_Pou4_FoxL2_2_neg_pattern_0
0.211538	0.048077	0.009615	0.038462	0.067308	0.307692	0.278846	0.288462	0.009615	0.038462	0.048077	0.009615	0.019231	0.009615	0.028846	0.125000
0.201923	0.298077	0.019231	0.028846	0.009615	0.298077	0.067308	0.317308	0.923077	0.903846	0.028846	0.048077	0.086538	0.057692	0.134615	0.250000
0.230769	0.067308	0.932692	0.894231	0.769231	0.134615	0.105769	0.144231	0.028846	0.019231	0.038462	0.855769	0.000000	0.846154	0.625000	0.105769
0.355769	0.586538	0.038462	0.038462	0.153846	0.259615	0.548077	0.250000	0.038462	0.038462	0.884615	0.086538	0.894231	0.086538	0.211538	0.519231

neuron_Pou4_FoxL2_2_neg_pattern_1
0.157143	0.742857	0.542857	0.014286	0.000000	0.971429	0.942857	0.028571	0.142857	0.814286	0.328571	0.671429
0.400000	0.057143	0.042857	0.971429	1.000000	0.014286	0.014286	0.028571	0.685714	0.042857	0.200000	0.157143
0.185714	0.171429	0.314286	0.014286	0.000000	0.000000	0.014286	0.014286	0.085714	0.114286	0.328571	0.100000
0.257143	0.028571	0.100000	0.000000	0.000000	0.014286	0.028571	0.928571	0.085714	0.028571	0.142857	0.071429

neuron_Pou4_FoxL2_2_neg_pattern_10
0.300000	0.200000	0.250000	0.150000	0.250000	0.450000	0.450000	0.000000	0.200000	0.150000	0.000000	0.100000	0.100000
0.400000	0.000000	0.100000	0.050000	0.150000	0.150000	0.100000	0.950000	0.750000	0.050000	0.400000	0.000000	0.200000
0.150000	0.300000	0.350000	0.650000	0.050000	0.200000	0.400000	0.050000	0.050000	0.800000	0.550000	0.100000	0.550000
0.150000	0.500000	0.300000	0.150000	0.550000	0.200000	0.050000	0.000000	0.000000	0.000000	0.050000	0.800000	0.150000

neuron_Pou4_FoxL2_2_neg_pattern_2
0.210526	0.289474	0.210526	0.815789	0.000000	0.105263	0.868421	0.894737	0.105263	0.421053	0.789474	0.105263	0.026316	0.342105	0.973684	0.131579
0.315789	0.105263	0.263158	0.078947	0.026316	0.184211	0.078947	0.000000	0.026316	0.026316	0.000000	0.078947	0.052632	0.342105	0.026316	0.157895
0.342105	0.052632	0.184211	0.052632	0.000000	0.263158	0.026316	0.000000	0.026316	0.052632	0.052632	0.026316	0.026316	0.052632	0.000000	0.105263
0.131579	0.552632	0.342105	0.052632	0.973684	0.447368	0.026316	0.105263	0.842105	0.500000	0.157895	0.789474	0.894737	0.263158	0.000000	0.605263

neuron_Pou4_FoxL2_2_neg_pattern_3
0.189189	0.297297	0.297297	0.216216	0.675676	0.054054	0.027027	0.162162	0.000000	0.054054	0.081081
0.108108	0.054054	0.243243	0.405405	0.135135	0.891892	0.891892	0.432432	0.027027	0.594595	0.054054
0.513514	0.513514	0.189189	0.054054	0.108108	0.054054	0.054054	0.054054	0.945946	0.027027	0.486486
0.189189	0.135135	0.270270	0.324324	0.081081	0.000000	0.027027	0.351351	0.027027	0.324324	0.378378

neuron_Pou4_FoxL2_2_neg_pattern_4
0.444444	0.083333	0.000000	0.972222	0.000000	0.000000	0.000000	0.000000	1.000000	0.000000
0.083333	0.083333	0.027778	0.027778	0.944444	0.000000	0.000000	1.000000	0.000000	0.305556
0.333333	0.027778	0.833333	0.000000	0.027778	1.000000	0.000000	0.000000	0.000000	0.000000
0.138889	0.805556	0.138889	0.000000	0.027778	0.000000	1.000000	0.000000	0.000000	0.694444

neuron_Pou4_FoxL2_2_neg_pattern_5
0.314286	0.142857	0.057143	0.514286	0.057143	0.000000	0.028571	0.000000	0.057143	0.200000
0.257143	0.057143	0.714286	0.342857	0.228571	0.000000	0.800000	0.000000	0.228571	0.057143
0.171429	0.685714	0.000000	0.000000	0.028571	1.000000	0.028571	0.885714	0.714286	0.200000
0.257143	0.114286	0.228571	0.142857	0.685714	0.000000	0.142857	0.114286	0.000000	0.542857

neuron_Pou4_FoxL2_2_neg_pattern_6
0.333333	0.566667	0.133333	0.033333	1.000000	0.000000	0.000000	0.033333	0.066667	0.733333	0.000000	0.300000	0.400000	0.266667	0.366667
0.133333	0.100000	0.066667	0.800000	0.000000	0.866667	0.000000	0.000000	0.000000	0.000000	0.700000	0.066667	0.200000	0.200000	0.133333
0.400000	0.233333	0.166667	0.033333	0.000000	0.033333	0.966667	0.000000	0.933333	0.200000	0.033333	0.266667	0.266667	0.333333	0.000000
0.133333	0.100000	0.633333	0.133333	0.000000	0.100000	0.033333	0.966667	0.000000	0.066667	0.266667	0.366667	0.133333	0.200000	0.500000

neuron_Pou4_FoxL2_2_neg_pattern_7
0.200000	0.200000	0.040000	0.560000	0.000000	0.040000	0.000000	0.000000	1.000000	0.000000
0.360000	0.160000	0.120000	0.080000	0.920000	0.000000	0.000000	1.000000	0.000000	0.920000
0.160000	0.080000	0.080000	0.280000	0.000000	0.960000	0.000000	0.000000	0.000000	0.000000
0.280000	0.560000	0.760000	0.080000	0.080000	0.000000	1.000000	0.000000	0.000000	0.080000

neuron_Pou4_FoxL2_2_neg_pattern_8
0.250000	0.208333	0.083333	0.208333	0.208333	0.083333	0.083333	0.083333	0.083333	0.083333	0.041667	0.000000
0.125000	0.000000	0.000000	0.125000	0.125000	0.125000	0.375000	0.583333	0.000000	0.000000	0.041667	0.000000
0.458333	0.750000	0.916667	0.625000	0.541667	0.583333	0.291667	0.250000	0.166667	0.916667	0.833333	1.000000
0.166667	0.041667	0.000000	0.041667	0.125000	0.208333	0.250000	0.083333	0.750000	0.000000	0.083333	0.000000

neuron_Pou4_FoxL2_2_neg_pattern_9
0.190476	0.285714	0.238095	0.000000	0.000000	0.000000	0.000000	1.000000	0.000000
0.095238	0.047619	0.000000	1.000000	0.000000	0.000000	0.000000	0.000000	1.000000
0.285714	0.047619	0.761905	0.000000	1.000000	0.000000	1.000000	0.000000	0.000000
0.428571	0.619048	0.000000	0.000000	0.000000	1.000000	0.000000	0.000000	0.000000

gland_neg_pattern_0
0.307143	0.150000	0.789286	0.064286	0.832143	0.025000	0.017857	0.225000	0.507143	0.242857	0.125000	0.071429	0.171429	0.514286
0.439286	0.764286	0.125000	0.892857	0.032143	0.010714	0.035714	0.221429	0.167857	0.135714	0.735714	0.828571	0.692857	0.046429
0.142857	0.046429	0.028571	0.010714	0.028571	0.903571	0.921429	0.264286	0.142857	0.289286	0.017857	0.035714	0.039286	0.271429
0.110714	0.039286	0.057143	0.032143	0.107143	0.060714	0.025000	0.289286	0.182143	0.332143	0.121429	0.064286	0.096429	0.167857

gland_neg_pattern_1
0.240458	0.072519	0.015267	0.171756	0.000000	0.969466	0.137405	0.137405	0.133588
0.221374	0.179389	0.000000	0.064885	0.977099	0.003817	0.603053	0.122137	0.496183
0.190840	0.057252	0.980916	0.007634	0.007634	0.015267	0.049618	0.553435	0.045802
0.347328	0.690840	0.003817	0.755725	0.015267	0.011450	0.209924	0.187023	0.324427

gland_neg_pattern_10
0.363636	0.560606	0.363636	0.212121	0.333333	0.727273	0.863636	0.424242	0.893939	0.045455	0.015152	0.000000	0.045455	0.060606	0.090909
0.196970	0.075758	0.136364	0.363636	0.393939	0.075758	0.030303	0.196970	0.015152	0.030303	0.000000	0.000000	0.893939	0.030303	0.075758
0.196970	0.075758	0.090909	0.151515	0.121212	0.090909	0.030303	0.151515	0.045455	0.015152	0.984848	1.000000	0.000000	0.818182	0.757576
0.242424	0.287879	0.409091	0.272727	0.151515	0.106061	0.075758	0.227273	0.045455	0.909091	0.000000	0.000000	0.060606	0.090909	0.075758

gland_neg_pattern_11
0.388889	0.018519	0.481481	0.055556	0.037037	0.000000	0.000000	0.148148	0.351852	0.462963	0.129630	0.277778	0.592593	0.185185
0.148148	0.018519	0.500000	0.833333	0.018519	0.000000	0.000000	0.129630	0.166667	0.351852	0.648148	0.037037	0.092593	0.092593
0.296296	0.962963	0.000000	0.018519	0.000000	1.000000	1.000000	0.537037	0.203704	0.074074	0.055556	0.351852	0.277778	0.629630
0.166667	0.000000	0.018519	0.092593	0.944444	0.000000	0.000000	0.185185	0.277778	0.111111	0.166667	0.333333	0.037037	0.092593

gland_neg_pattern_12
0.300000	0.250000	0.175000	0.150000	0.275000	0.225000	0.200000	0.250000	0.225000	0.200000	0.250000	0.200000	0.275000	0.225000	0.275000	0.250000	0.175000	0.275000	0.250000	0.150000	0.350000	0.075000	0.075000	0.025000	0.100000	0.225000	0.200000	0.450000	0.275000
0.125000	0.050000	0.225000	0.100000	0.050000	0.125000	0.100000	0.075000	0.075000	0.025000	0.075000	0.125000	0.100000	0.100000	0.125000	0.200000	0.175000	0.150000	0.250000	0.300000	0.125000	0.050000	0.725000	0.025000	0.075000	0.175000	0.275000	0.075000	0.125000
0.125000	0.150000	0.200000	0.075000	0.125000	0.050000	0.100000	0.075000	0.025000	0.000000	0.000000	0.125000	0.050000	0.100000	0.225000	0.200000	0.425000	0.450000	0.250000	0.250000	0.325000	0.850000	0.100000	0.925000	0.725000	0.425000	0.200000	0.275000	0.100000
0.450000	0.550000	0.400000	0.675000	0.550000	0.600000	0.600000	0.600000	0.675000	0.775000	0.675000	0.550000	0.575000	0.575000	0.375000	0.350000	0.225000	0.125000	0.250000	0.300000	0.200000	0.025000	0.100000	0.025000	0.100000	0.175000	0.325000	0.200000	0.500000

gland_neg_pattern_13
0.470588	0.588235	0.647059	0.588235	0.794118	0.735294	0.764706	0.558824	0.647059	0.617647	0.470588	0.558824	0.558824	0.529412	0.411765	0.294118	0.470588	0.205882	0.323529	0.411765	0.264706	0.088235	0.029412	0.029412	0.088235
0.147059	0.088235	0.117647	0.029412	0.029412	0.000000	0.058824	0.029412	0.088235	0.117647	0.235294	0.000000	0.088235	0.088235	0.088235	0.117647	0.000000	0.147059	0.205882	0.264706	0.176471	0.029412	0.882353	0.000000	0.058824
0.235294	0.117647	0.088235	0.029412	0.058824	0.029412	0.000000	0.205882	0.205882	0.000000	0.147059	0.147059	0.147059	0.147059	0.176471	0.205882	0.352941	0.411765	0.235294	0.117647	0.382353	0.764706	0.058824	0.882353	0.705882
0.147059	0.205882	0.147059	0.352941	0.117647	0.235294	0.176471	0.205882	0.058824	0.264706	0.147059	0.294118	0.205882	0.235294	0.323529	0.382353	0.176471	0.235294	0.235294	0.205882	0.176471	0.117647	0.029412	0.088235	0.147059

gland_neg_pattern_14
0.074074	0.000000	0.851852	0.037037	0.000000	0.074074	0.037037	0.000000	1.000000	0.962963	1.000000	0.000000	0.000000	0.148148	1.000000	0.074074	0.148148	0.000000	0.000000	0.925926	0.888889	0.814815	0.037037	0.037037	0.111111	0.111111	0.111111	0.037037	0.185185
0.037037	0.037037	0.037037	0.925926	0.074074	0.000000	0.888889	1.000000	0.000000	0.000000	0.000000	0.000000	0.000000	0.000000	0.000000	0.037037	0.851852	1.000000	1.000000	0.000000	0.000000	0.074074	0.000000	0.851852	0.074074	0.037037	0.037037	0.037037	0.000000
0.518519	0.851852	0.037037	0.000000	0.037037	0.888889	0.074074	0.000000	0.000000	0.000000	0.000000	1.000000	1.000000	0.185185	0.000000	0.888889	0.000000	0.000000	0.000000	0.074074	0.037037	0.074074	0.037037	0.037037	0.000000	0.111111	0.814815	0.740741	0.000000
0.370370	0.111111	0.074074	0.037037	0.888889	0.037037	0.000000	0.000000	0.000000	0.037037	0.000000	0.000000	0.000000	0.666667	0.000000	0.000000	0.000000	0.000000	0.000000	0.000000	0.074074	0.037037	0.925926	0.074074	0.814815	0.740741	0.037037	0.185185	0.814815

gland_neg_pattern_2
0.329730	0.108108	0.135135	0.000000	0.054054	0.978378	0.010811	0.016216	0.010811	0.005405	0.135135	0.070270
0.194595	0.135135	0.318919	0.129730	0.091892	0.000000	0.021622	0.000000	0.021622	0.005405	0.400000	0.254054
0.081081	0.108108	0.167568	0.027027	0.697297	0.005405	0.010811	0.010811	0.967568	0.956757	0.048649	0.048649
0.394595	0.648649	0.378378	0.843243	0.156757	0.016216	0.956757	0.972973	0.000000	0.032432	0.416216	0.627027

gland_neg_pattern_3
0.339394	0.315152	0.042424	0.006061	0.963636	0.000000	0.048485	0.018182	0.224242	0.751515
0.072727	0.042424	0.018182	0.078788	0.000000	0.975758	0.000000	0.127273	0.606061	0.072727
0.236364	0.618182	0.018182	0.866667	0.024242	0.000000	0.945455	0.048485	0.157576	0.078788
0.351515	0.024242	0.921212	0.048485	0.012121	0.024242	0.006061	0.806061	0.012121	0.096970

gland_neg_pattern_4
0.182482	0.014599	0.846715	0.007299	0.000000	0.014599	0.000000
0.211679	0.963504	0.058394	0.007299	0.832117	0.000000	0.000000
0.248175	0.014599	0.036496	0.970803	0.145985	0.722628	0.992701
0.357664	0.007299	0.058394	0.014599	0.021898	0.262774	0.007299

gland_neg_pattern_5
0.330709	0.598425	0.070866	0.007874	0.000000	0.007874	0.645669	0.622047	0.275591	0.196850
0.244094	0.055118	0.677165	0.952756	0.007874	0.000000	0.070866	0.086614	0.102362	0.204724
0.141732	0.149606	0.188976	0.023622	0.984252	0.992126	0.078740	0.102362	0.527559	0.047244
0.283465	0.196850	0.062992	0.015748	0.007874	0.000000	0.204724	0.188976	0.094488	0.551181

gland_neg_pattern_6
0.268041	0.216495	0.092784	0.000000	1.000000	0.010309	0.134021	0.010309	0.051546
0.206186	0.010309	0.092784	1.000000	0.000000	0.948454	0.041237	0.000000	0.041237
0.185567	0.742268	0.030928	0.000000	0.000000	0.020619	0.804124	0.051546	0.907216
0.340206	0.030928	0.783505	0.000000	0.000000	0.020619	0.020619	0.938144	0.000000

gland_neg_pattern_7
0.210526	0.094737	0.515789	0.105263	0.042105	0.000000	0.010526
0.168421	0.663158	0.231579	0.231579	0.010526	0.852632	0.000000
0.421053	0.147368	0.136842	0.326316	0.884211	0.031579	0.989474
0.200000	0.094737	0.115789	0.336842	0.063158	0.115789	0.000000

gland_neg_pattern_8
0.217949	0.179487	0.141026	0.243590	0.205128	0.410256	0.076923	0.294872	0.012821	0.012821
0.025641	0.064103	0.115385	0.128205	0.089744	0.128205	0.000000	0.115385	0.000000	0.025641
0.487179	0.538462	0.666667	0.538462	0.564103	0.397436	0.884615	0.448718	0.974359	0.948718
0.269231	0.217949	0.076923	0.089744	0.141026	0.064103	0.038462	0.141026	0.012821	0.012821

gland_neg_pattern_9
0.253731	0.940299	0.000000	0.014925	0.119403	0.059701	0.000000	0.925373	0.029851	0.611940	0.253731
0.194030	0.000000	0.000000	0.044776	0.000000	0.029851	0.985075	0.000000	0.059701	0.014925	0.164179
0.208955	0.044776	0.000000	0.014925	0.059701	0.910448	0.000000	0.014925	0.000000	0.074627	0.044776
0.343284	0.014925	1.000000	0.925373	0.820896	0.000000	0.014925	0.059701	0.910448	0.298507	0.537313

ectoderm_neg_pattern_0
0.121905	0.016190	0.066667	0.589524	0.009524	0.001905	0.000000	0.048571	0.111429
0.202857	0.578095	0.450476	0.000952	0.000000	0.000000	0.000000	0.004762	0.172381
0.246667	0.159048	0.023810	0.011429	0.005714	0.005714	0.999048	0.012381	0.130476
0.428571	0.246667	0.459048	0.398095	0.984762	0.992381	0.000952	0.934286	0.585714

ectoderm_neg_pattern_1
0.232813	0.184375	0.085938	0.034375	0.906250	0.014063	0.109375	0.043750	0.225000
0.201563	0.048438	0.096875	0.801562	0.014063	0.896875	0.021875	0.542188	0.106250
0.232813	0.706250	0.095312	0.110937	0.064062	0.010937	0.837500	0.054688	0.521875
0.332813	0.060937	0.721875	0.053125	0.015625	0.078125	0.031250	0.359375	0.146875

ectoderm_neg_pattern_10
0.278846	0.028846	0.057692	0.000000	0.009615	0.288462	0.298077	0.403846
0.201923	0.269231	0.000000	0.000000	0.000000	0.403846	0.144231	0.153846
0.173077	0.086538	0.903846	0.990385	0.807692	0.096154	0.086538	0.240385
0.346154	0.615385	0.038462	0.009615	0.182692	0.211538	0.471154	0.201923

ectoderm_neg_pattern_11
0.202128	0.085106	0.053191	0.053191	0.372340	0.372340	0.021277	0.000000	0.031915	0.531915
0.329787	0.797872	0.521277	0.851064	0.191489	0.127660	0.000000	0.000000	0.010638	0.021277
0.063830	0.074468	0.074468	0.031915	0.191489	0.287234	0.957447	0.968085	0.914894	0.265957
0.404255	0.042553	0.351064	0.063830	0.244681	0.212766	0.021277	0.031915	0.042553	0.180851

ectoderm_neg_pattern_12
0.447059	0.517647	0.505882	0.564706	0.682353	0.576471	0.552941	0.494118	0.329412	0.388235	0.776471	0.635294	0.800000	0.847059	0.729412	0.529412	0.364706	0.294118	0.270588	0.152941	0.458824	0.388235	0.223529
0.141176	0.082353	0.164706	0.082353	0.035294	0.070588	0.094118	0.035294	0.070588	0.082353	0.035294	0.047059	0.023529	0.023529	0.047059	0.105882	0.105882	0.211765	0.235294	0.576471	0.164706	0.211765	0.058824
0.105882	0.188235	0.176471	0.141176	0.117647	0.105882	0.105882	0.082353	0.082353	0.117647	0.058824	0.141176	0.082353	0.035294	0.070588	0.035294	0.223529	0.188235	0.129412	0.129412	0.129412	0.141176	0.188235
0.305882	0.211765	0.152941	0.211765	0.164706	0.247059	0.247059	0.388235	0.517647	0.411765	0.129412	0.176471	0.094118	0.094118	0.152941	0.329412	0.305882	0.305882	0.364706	0.141176	0.247059	0.258824	0.529412

ectoderm_neg_pattern_13
0.291139	0.227848	0.329114	0.443038	0.088608	0.303797	0.037975	0.063291	0.037975	0.012658	0.037975	0.265823	0.341772	0.075949	0.316456
0.088608	0.050633	0.063291	0.075949	0.012658	0.569620	0.784810	0.025316	0.000000	0.000000	0.050633	0.253165	0.392405	0.531646	0.101266
0.354430	0.658228	0.506329	0.417722	0.873418	0.037975	0.101266	0.000000	0.962025	0.962025	0.797468	0.253165	0.101266	0.227848	0.354430
0.265823	0.063291	0.101266	0.063291	0.025316	0.088608	0.075949	0.911392	0.000000	0.025316	0.113924	0.227848	0.164557	0.164557	0.227848

ectoderm_neg_pattern_14
0.222222	0.180556	0.125000	0.472222	0.472222	0.333333	0.041667	0.152778	0.583333	0.055556	0.138889	0.541667	0.027778	0.055556	0.027778	0.027778
0.388889	0.152778	0.569444	0.069444	0.138889	0.152778	0.000000	0.486111	0.208333	0.125000	0.291667	0.277778	0.152778	0.000000	0.000000	0.000000
0.111111	0.583333	0.138889	0.263889	0.236111	0.138889	0.916667	0.250000	0.027778	0.055556	0.291667	0.069444	0.083333	0.805556	0.972222	0.902778
0.277778	0.083333	0.166667	0.194444	0.152778	0.375000	0.041667	0.111111	0.180556	0.763889	0.277778	0.111111	0.736111	0.138889	0.000000	0.069444

ectoderm_neg_pattern_15
0.202899	0.376812	0.043478	0.043478	0.855072	0.289855	0.000000	0.086957	0.420290
0.347826	0.072464	0.000000	0.028986	0.130435	0.086957	0.014493	0.000000	0.086957
0.173913	0.043478	0.043478	0.840580	0.014493	0.072464	0.043478	0.913043	0.449275
0.275362	0.507246	0.913043	0.086957	0.000000	0.550725	0.942029	0.000000	0.043478

ectoderm_neg_pattern_16
0.253968	0.555556	0.444444	0.412698	0.539683	0.714286	0.396825	0.698413	0.666667	0.619048	0.682540	0.460317	0.539683	0.333333	0.126984	0.238095	0.190476	0.174603	0.317460	0.206349
0.253968	0.063492	0.126984	0.111111	0.126984	0.047619	0.095238	0.015873	0.047619	0.063492	0.031746	0.031746	0.063492	0.301587	0.317460	0.079365	0.142857	0.095238	0.174603	0.238095
0.142857	0.079365	0.174603	0.095238	0.126984	0.031746	0.126984	0.063492	0.047619	0.095238	0.015873	0.063492	0.095238	0.095238	0.095238	0.063492	0.111111	0.174603	0.079365	0.111111
0.349206	0.301587	0.253968	0.380952	0.206349	0.206349	0.380952	0.222222	0.238095	0.222222	0.269841	0.444444	0.301587	0.269841	0.460317	0.619048	0.555556	0.555556	0.428571	0.444444

ectoderm_neg_pattern_17
0.317460	0.761905	0.746032	0.809524	0.857143	0.714286	0.634921	0.428571	0.396825	0.333333	0.444444	0.349206	0.507937	0.460317	0.301587	0.365079	0.285714	0.285714	0.317460	0.111111
0.158730	0.063492	0.063492	0.031746	0.000000	0.000000	0.095238	0.079365	0.158730	0.174603	0.095238	0.158730	0.095238	0.095238	0.142857	0.079365	0.158730	0.349206	0.333333	0.793651
0.301587	0.111111	0.142857	0.015873	0.031746	0.095238	0.047619	0.142857	0.111111	0.158730	0.174603	0.174603	0.111111	0.142857	0.206349	0.158730	0.333333	0.158730	0.079365	0.031746
0.222222	0.063492	0.047619	0.142857	0.111111	0.190476	0.222222	0.349206	0.333333	0.333333	0.285714	0.317460	0.285714	0.301587	0.349206	0.396825	0.222222	0.206349	0.269841	0.063492

ectoderm_neg_pattern_18
0.490909	0.563636	0.581818	0.254545	0.145455	0.236364	0.854545	0.872727	0.309091	0.872727	0.054545	0.000000	0.000000	0.054545	0.072727	0.090909	0.363636
0.163636	0.163636	0.036364	0.109091	0.290909	0.600000	0.054545	0.000000	0.200000	0.018182	0.018182	0.000000	0.000000	0.927273	0.054545	0.018182	0.545455
0.200000	0.163636	0.072727	0.163636	0.127273	0.054545	0.036364	0.018182	0.436364	0.054545	0.000000	1.000000	1.000000	0.000000	0.745455	0.800000	0.054545
0.145455	0.109091	0.309091	0.472727	0.436364	0.109091	0.054545	0.109091	0.054545	0.054545	0.927273	0.000000	0.000000	0.018182	0.127273	0.090909	0.036364

ectoderm_neg_pattern_19
0.133333	0.177778	0.200000	0.511111	0.466667	0.555556	0.466667	0.022222	0.000000	0.044444	0.066667	0.133333
0.133333	0.200000	0.288889	0.111111	0.133333	0.066667	0.044444	0.000000	0.022222	0.000000	0.755556	0.133333
0.244444	0.022222	0.000000	0.111111	0.088889	0.266667	0.088889	0.511111	0.977778	0.955556	0.022222	0.688889
0.488889	0.600000	0.511111	0.266667	0.311111	0.111111	0.400000	0.466667	0.000000	0.000000	0.155556	0.044444

ectoderm_neg_pattern_2
0.495601	0.129032	0.041056	0.023460	0.014663
0.129032	0.111437	0.064516	0.049853	0.014663
0.208211	0.621701	0.859238	0.868035	0.964809
0.167155	0.137830	0.035191	0.058651	0.005865

ectoderm_neg_pattern_3
0.153355	0.019169	0.115016	0.977636	0.044728	0.009585	0.022364	0.051118	0.134185	0.067093
0.335463	0.153355	0.108626	0.000000	0.006390	0.003195	0.003195	0.019169	0.383387	0.233227
0.182109	0.009585	0.638978	0.003195	0.000000	0.009585	0.974441	0.843450	0.051118	0.095847
0.329073	0.817891	0.137380	0.019169	0.948882	0.977636	0.000000	0.086262	0.431310	0.603834

ectoderm_neg_pattern_4
0.528139	0.718615	0.774892	0.982684	0.913420	0.952381	0.835498	0.632035
0.082251	0.034632	0.008658	0.000000	0.012987	0.000000	0.025974	0.069264
0.155844	0.103896	0.082251	0.000000	0.021645	0.012987	0.008658	0.069264
0.233766	0.142857	0.134199	0.017316	0.051948	0.034632	0.129870	0.229437

ectoderm_neg_pattern_5
0.218085	0.090426	0.218085	0.148936	0.797872	0.015957	0.090426	0.015957	0.287234	0.042553	0.090426	0.648936	0.244681	0.159574	0.287234	0.473404	0.335106	0.111702
0.218085	0.090426	0.143617	0.547872	0.042553	0.808511	0.005319	0.898936	0.138298	0.223404	0.377660	0.042553	0.271277	0.164894	0.026596	0.265957	0.143617	0.260638
0.186170	0.542553	0.101064	0.047872	0.037234	0.005319	0.898936	0.058511	0.170213	0.010638	0.388298	0.271277	0.175532	0.127660	0.537234	0.202128	0.164894	0.095745
0.377660	0.276596	0.537234	0.255319	0.122340	0.170213	0.005319	0.026596	0.404255	0.723404	0.143617	0.037234	0.308511	0.547872	0.148936	0.058511	0.356383	0.531915

ectoderm_neg_pattern_6
0.236264	0.318681	0.010989	0.016484	0.983516	0.000000	0.065934	0.038462	0.346154	0.642857
0.192308	0.032967	0.005495	0.000000	0.005495	0.983516	0.010989	0.126374	0.478022	0.104396
0.181319	0.604396	0.021978	0.890110	0.005495	0.005495	0.923077	0.027473	0.148352	0.065934
0.390110	0.043956	0.961538	0.093407	0.005495	0.010989	0.000000	0.807692	0.027473	0.186813

ectoderm_neg_pattern_7
0.528736	0.068966	0.028736	0.005747	0.011494
0.178161	0.281609	0.948276	0.000000	0.000000
0.132184	0.637931	0.005747	0.988506	0.971264
0.160920	0.011494	0.017241	0.005747	0.017241

ectoderm_neg_pattern_8
0.416667	0.897436	0.012821	0.051282	0.339744	0.102564	0.051282	0.987179	0.038462	0.608974
0.250000	0.032051	0.000000	0.057692	0.012821	0.083333	0.942308	0.000000	0.019231	0.038462
0.198718	0.006410	0.000000	0.025641	0.012821	0.801282	0.000000	0.000000	0.012821	0.089744
0.134615	0.064103	0.987179	0.865385	0.634615	0.012821	0.006410	0.012821	0.929487	0.262821

ectoderm_neg_pattern_9
0.235849	0.009434	0.773585	0.990566	0.009434	0.000000	0.792453	0.339623	0.150943
0.254717	0.113208	0.066038	0.009434	0.000000	0.000000	0.018868	0.056604	0.556604
0.179245	0.000000	0.150943	0.000000	0.000000	0.028302	0.188679	0.528302	0.113208
0.330189	0.877358	0.009434	0.000000	0.990566	0.971698	0.000000	0.075472	0.179245

EMS_neg_pattern_0
0.220611	0.020611	0.023664	0.809924	0.003053	0.576336
0.090076	0.040458	0.023664	0.024427	0.987023	0.042748
0.413740	0.016031	0.941221	0.052672	0.004580	0.358779
0.275573	0.922901	0.011450	0.112977	0.005344	0.022137

EMS_neg_pattern_1
0.401042	0.627604	0.111979	0.153646	0.002604	0.000000	0.911458	0.726562	0.471354	0.098958
0.138021	0.091146	0.729167	0.825521	0.005208	0.020833	0.013021	0.005208	0.028646	0.268229
0.221354	0.179688	0.096354	0.020833	0.989583	0.979167	0.031250	0.023438	0.453125	0.039062
0.239583	0.101562	0.062500	0.000000	0.002604	0.000000	0.044271	0.244792	0.046875	0.593750

EMS_neg_pattern_10
0.216216	0.337838	0.270270	0.297297	0.067568	0.121622	0.081081	0.067568	0.216216	0.094595	0.189189	0.216216	0.324324	0.351351	0.445946	0.418919	0.472973	0.621622	0.500000	0.594595	0.594595	0.716216	0.702703	0.675676	0.743243	0.662162	0.581081
0.108108	0.202703	0.283784	0.148649	0.675676	0.797297	0.216216	0.067568	0.121622	0.027027	0.175676	0.283784	0.108108	0.175676	0.148649	0.189189	0.189189	0.094595	0.040541	0.121622	0.054054	0.054054	0.040541	0.040541	0.081081	0.067568	0.121622
0.594595	0.270270	0.175676	0.229730	0.121622	0.054054	0.054054	0.837838	0.162162	0.756757	0.351351	0.202703	0.324324	0.189189	0.175676	0.121622	0.054054	0.067568	0.135135	0.081081	0.054054	0.081081	0.081081	0.054054	0.013514	0.094595	0.081081
0.081081	0.189189	0.270270	0.324324	0.135135	0.027027	0.648649	0.027027	0.500000	0.121622	0.283784	0.297297	0.243243	0.283784	0.229730	0.270270	0.283784	0.216216	0.324324	0.202703	0.297297	0.148649	0.175676	0.229730	0.162162	0.175676	0.216216

EMS_neg_pattern_11
0.507042	0.112676	0.042254	0.084507	0.028169	0.436620	0.338028	0.281690	0.112676	0.056338
0.253521	0.464789	0.943662	0.000000	0.098592	0.140845	0.211268	0.084507	0.394366	0.746479
0.070423	0.366197	0.000000	0.915493	0.859155	0.309859	0.070423	0.380282	0.295775	0.042254
0.169014	0.056338	0.014085	0.000000	0.014085	0.112676	0.380282	0.253521	0.197183	0.154930

EMS_neg_pattern_12
0.302326	0.302326	0.325581	0.418605	0.046512	0.511628	0.069767	0.000000	0.000000	0.000000	0.046512	0.302326	0.534884	0.116279	0.209302	0.604651
0.093023	0.139535	0.116279	0.139535	0.046512	0.232558	0.837209	0.000000	0.000000	0.000000	0.000000	0.139535	0.232558	0.604651	0.046512	0.069767
0.348837	0.534884	0.418605	0.441860	0.744186	0.093023	0.046512	0.023256	1.000000	1.000000	0.744186	0.302326	0.116279	0.139535	0.302326	0.139535
0.255814	0.023256	0.139535	0.000000	0.162791	0.162791	0.046512	0.976744	0.000000	0.000000	0.209302	0.255814	0.116279	0.139535	0.441860	0.186047

EMS_neg_pattern_13
0.589744	0.333333	0.410256	0.256410	0.282051	0.538462	0.307692	0.205128	0.307692	0.256410	0.538462	0.538462	0.615385	0.512821	0.128205	0.230769	0.256410	0.153846	0.256410	0.076923	0.000000	0.333333	0.000000	0.974359	0.102564	0.102564	0.128205	0.025641	0.615385
0.102564	0.205128	0.102564	0.282051	0.333333	0.102564	0.205128	0.128205	0.153846	0.102564	0.076923	0.051282	0.153846	0.025641	0.307692	0.076923	0.076923	0.256410	0.102564	0.000000	0.000000	0.051282	1.000000	0.025641	0.205128	0.025641	0.282051	0.307692	0.102564
0.128205	0.307692	0.051282	0.333333	0.000000	0.076923	0.153846	0.384615	0.256410	0.384615	0.102564	0.153846	0.076923	0.205128	0.230769	0.153846	0.076923	0.076923	0.102564	0.025641	1.000000	0.025641	0.000000	0.000000	0.076923	0.769231	0.076923	0.641026	0.025641
0.179487	0.153846	0.435897	0.128205	0.384615	0.282051	0.333333	0.282051	0.282051	0.256410	0.282051	0.256410	0.153846	0.256410	0.333333	0.538462	0.589744	0.512821	0.538462	0.897436	0.000000	0.589744	0.000000	0.000000	0.615385	0.102564	0.512821	0.025641	0.256410

EMS_neg_pattern_14
0.205882	0.588235	0.294118	0.235294	0.176471	0.088235	0.088235	0.088235	0.147059	0.117647	0.088235	0.117647	0.617647	0.088235	0.117647	0.294118	0.029412	0.705882	0.058824	0.029412	0.676471	0.000000	0.911765	0.000000	0.647059	0.205882	0.205882	0.500000
0.029412	0.029412	0.529412	0.529412	0.117647	0.029412	0.411765	0.117647	0.117647	0.029412	0.117647	0.117647	0.088235	0.147059	0.058824	0.058824	0.970588	0.147059	0.000000	0.029412	0.029412	1.000000	0.058824	0.911765	0.176471	0.558824	0.558824	0.176471
0.088235	0.205882	0.029412	0.058824	0.058824	0.176471	0.088235	0.058824	0.088235	0.058824	0.147059	0.088235	0.205882	0.088235	0.764706	0.058824	0.000000	0.029412	0.029412	0.911765	0.058824	0.000000	0.029412	0.058824	0.117647	0.029412	0.029412	0.000000
0.676471	0.176471	0.147059	0.176471	0.647059	0.705882	0.411765	0.735294	0.647059	0.794118	0.647059	0.676471	0.088235	0.676471	0.058824	0.588235	0.000000	0.117647	0.911765	0.029412	0.235294	0.000000	0.000000	0.029412	0.058824	0.205882	0.205882	0.323529

EMS_neg_pattern_15
0.029412	0.235294	0.705882	0.411765	0.147059	0.000000	0.088235	0.676471	0.441176	0.529412	0.323529	0.294118	0.323529	0.470588	0.441176	0.500000	0.588235	0.617647	0.823529	0.764706	0.647059	0.705882	0.441176
0.058824	0.205882	0.117647	0.058824	0.617647	0.823529	0.794118	0.029412	0.205882	0.088235	0.235294	0.147059	0.058824	0.029412	0.088235	0.029412	0.058824	0.000000	0.029412	0.029412	0.058824	0.117647	0.088235
0.852941	0.382353	0.088235	0.294118	0.147059	0.029412	0.029412	0.264706	0.147059	0.176471	0.147059	0.235294	0.235294	0.235294	0.088235	0.088235	0.088235	0.147059	0.000000	0.000000	0.088235	0.029412	0.058824
0.058824	0.176471	0.088235	0.235294	0.088235	0.147059	0.088235	0.029412	0.205882	0.205882	0.294118	0.323529	0.382353	0.264706	0.382353	0.382353	0.264706	0.235294	0.147059	0.205882	0.205882	0.147059	0.411765

EMS_neg_pattern_16
0.068966	0.344828	0.448276	0.344828	0.517241	0.620690	0.482759	0.344828	0.448276	0.551724	0.551724	0.724138	0.724138	0.620690	0.655172	0.379310	0.379310	0.448276	0.517241
0.448276	0.137931	0.068966	0.137931	0.137931	0.103448	0.103448	0.103448	0.137931	0.068966	0.000000	0.034483	0.068966	0.068966	0.172414	0.241379	0.137931	0.310345	0.172414
0.137931	0.310345	0.206897	0.172414	0.241379	0.034483	0.034483	0.137931	0.034483	0.034483	0.172414	0.034483	0.034483	0.000000	0.068966	0.137931	0.068966	0.068966	0.068966
0.344828	0.206897	0.275862	0.344828	0.103448	0.241379	0.379310	0.413793	0.379310	0.344828	0.275862	0.206897	0.172414	0.310345	0.103448	0.241379	0.413793	0.172414	0.241379

EMS_neg_pattern_17
0.346154	0.076923	0.038462	0.115385	0.923077	0.153846	0.000000	0.038462	0.576923	0.038462	0.230769	0.153846	0.461538	0.346154	0.307692	0.230769	0.230769	0.307692	0.384615	0.192308	0.461538	0.307692	0.346154	0.269231
0.115385	0.230769	0.000000	0.000000	0.000000	0.115385	0.038462	0.000000	0.000000	0.653846	0.038462	0.153846	0.192308	0.153846	0.076923	0.076923	0.192308	0.192308	0.153846	0.192308	0.153846	0.076923	0.076923	0.153846
0.153846	0.076923	0.000000	0.884615	0.000000	0.000000	0.038462	0.961538	0.384615	0.038462	0.384615	0.500000	0.038462	0.192308	0.423077	0.076923	0.115385	0.076923	0.076923	0.192308	0.076923	0.307692	0.269231	0.076923
0.384615	0.615385	0.961538	0.000000	0.076923	0.730769	0.923077	0.000000	0.038462	0.269231	0.346154	0.192308	0.307692	0.307692	0.192308	0.615385	0.461538	0.423077	0.384615	0.423077	0.307692	0.307692	0.307692	0.500000

EMS_neg_pattern_2
0.385580	0.112853	0.344828	0.034483	0.006270
0.197492	0.614420	0.341693	0.009404	0.018809
0.250784	0.153605	0.175549	0.871473	0.971787
0.166144	0.119122	0.137931	0.084639	0.003135

EMS_neg_pattern_3
0.327402	0.153025	0.644128	0.021352	0.014235	0.003559	0.007117
0.213523	0.615658	0.071174	0.046263	0.953737	0.000000	0.017794
0.088968	0.056940	0.149466	0.889680	0.017794	0.914591	0.967972
0.370107	0.174377	0.135231	0.042705	0.014235	0.081851	0.007117

EMS_neg_pattern_4
0.248000	0.112000	0.796000	0.052000	0.872000	0.012000	0.020000	0.264000	0.476000	0.236000	0.132000	0.048000	0.088000	0.580000
0.464000	0.816000	0.124000	0.908000	0.056000	0.008000	0.032000	0.220000	0.164000	0.132000	0.740000	0.836000	0.756000	0.092000
0.140000	0.024000	0.048000	0.012000	0.044000	0.940000	0.924000	0.256000	0.084000	0.312000	0.024000	0.028000	0.036000	0.204000
0.148000	0.048000	0.032000	0.028000	0.028000	0.040000	0.024000	0.260000	0.276000	0.320000	0.104000	0.088000	0.120000	0.124000

EMS_neg_pattern_5
0.241071	0.080357	0.513393	0.000000	0.004464	0.000000	0.035714	0.866071	0.026786
0.129464	0.571429	0.058036	0.924107	0.000000	0.035714	0.013393	0.040179	0.629464
0.151786	0.133929	0.383929	0.004464	0.995536	0.013393	0.933036	0.066964	0.044643
0.477679	0.214286	0.044643	0.071429	0.000000	0.950893	0.017857	0.026786	0.299107

EMS_neg_pattern_6
0.406393	0.598174	0.630137	0.602740	0.748858	0.817352	0.894977	0.881279	0.940639	0.689498	0.589041
0.146119	0.091324	0.086758	0.050228	0.027397	0.022831	0.013699	0.004566	0.000000	0.036530	0.123288
0.210046	0.132420	0.091324	0.086758	0.063927	0.063927	0.041096	0.031963	0.013699	0.077626	0.073059
0.237443	0.178082	0.191781	0.260274	0.159817	0.095890	0.050228	0.082192	0.045662	0.196347	0.214612

EMS_neg_pattern_7
0.115207	0.078341	0.009217	0.000000	0.087558	0.096774	0.649770
0.502304	0.004608	0.889401	0.009217	0.225806	0.317972	0.105991
0.115207	0.894009	0.000000	0.981567	0.050691	0.396313	0.147465
0.267281	0.023041	0.101382	0.009217	0.635945	0.188940	0.096774

EMS_neg_pattern_8
0.336449	0.140187	0.126168	0.014019	0.102804	0.985981	0.004673	0.018692	0.023364	0.037383	0.116822	0.056075
0.224299	0.074766	0.429907	0.079439	0.060748	0.009346	0.004673	0.009346	0.000000	0.000000	0.401869	0.294393
0.079439	0.154206	0.116822	0.028037	0.780374	0.004673	0.014019	0.009346	0.976636	0.953271	0.056075	0.051402
0.359813	0.630841	0.327103	0.878505	0.056075	0.000000	0.976636	0.962617	0.000000	0.009346	0.425234	0.598131

EMS_neg_pattern_9
0.157895	0.096491	0.280702	0.157895	0.429825	0.236842	0.263158	0.280702	0.254386	0.245614	0.359649	0.219298	0.149123	0.368421	0.359649	0.535088	0.587719	0.587719	0.438596	0.421053
0.263158	0.078947	0.280702	0.622807	0.070175	0.254386	0.210526	0.131579	0.184211	0.087719	0.078947	0.043860	0.026316	0.078947	0.008772	0.061404	0.017544	0.052632	0.105263	0.105263
0.201754	0.745614	0.087719	0.078947	0.219298	0.078947	0.201754	0.157895	0.061404	0.157895	0.087719	0.052632	0.052632	0.043860	0.026316	0.078947	0.061404	0.105263	0.043860	0.105263
0.377193	0.078947	0.350877	0.140351	0.280702	0.429825	0.324561	0.429825	0.500000	0.508772	0.473684	0.684211	0.771930	0.508772	0.605263	0.324561	0.333333	0.254386	0.412281	0.368421

ecto_aboral_neg_pattern_0
0.106145	0.022346	0.033520	0.611732	0.025140	0.002793	0.005587	0.069832	0.145251
0.206704	0.698324	0.466480	0.002793	0.000000	0.000000	0.000000	0.025140	0.164804
0.270950	0.142458	0.013966	0.011173	0.002793	0.002793	0.994413	0.011173	0.100559
0.416201	0.136872	0.486034	0.374302	0.972067	0.994413	0.000000	0.893855	0.589385

ecto_aboral_neg_pattern_1
0.188679	0.049057	0.003774	0.166038	0.022642	0.090566	0.588679
0.483019	0.041509	0.905660	0.011321	0.124528	0.094340	0.162264
0.169811	0.890566	0.000000	0.769811	0.022642	0.713208	0.113208
0.158491	0.018868	0.090566	0.052830	0.830189	0.101887	0.135849

ecto_aboral_neg_pattern_10
0.351648	0.461538	0.000000	0.000000	0.010989	0.010989	0.406593
0.098901	0.065934	0.989011	1.000000	0.000000	0.219780	0.065934
0.186813	0.054945	0.010989	0.000000	0.956044	0.758242	0.032967
0.362637	0.417582	0.000000	0.000000	0.032967	0.010989	0.494505

ecto_aboral_neg_pattern_11
0.204819	0.084337	0.024096	0.048193	0.084337	0.012048	0.000000	0.903614	0.060241	0.168675	0.108434	0.120482
0.144578	0.060241	0.638554	0.710843	0.048193	0.987952	0.987952	0.000000	0.048193	0.289157	0.036145	0.048193
0.433735	0.638554	0.084337	0.060241	0.831325	0.000000	0.012048	0.024096	0.024096	0.253012	0.132530	0.036145
0.216867	0.216867	0.253012	0.180723	0.036145	0.000000	0.000000	0.072289	0.867470	0.289157	0.722892	0.795181

ecto_aboral_neg_pattern_12
0.287500	0.087500	0.925000	0.037500	0.925000	0.000000	0.037500	0.250000	0.600000	0.262500	0.137500	0.000000	0.087500	0.625000
0.450000	0.887500	0.037500	0.900000	0.037500	0.000000	0.075000	0.262500	0.125000	0.125000	0.825000	0.975000	0.862500	0.025000
0.175000	0.000000	0.012500	0.012500	0.012500	0.962500	0.862500	0.150000	0.125000	0.325000	0.000000	0.000000	0.000000	0.250000
0.087500	0.025000	0.025000	0.050000	0.025000	0.037500	0.025000	0.337500	0.150000	0.287500	0.037500	0.025000	0.050000	0.100000

ecto_aboral_neg_pattern_13
0.240741	0.425926	0.351852	0.370370	0.296296	0.314815	0.314815	0.111111	0.018519	0.018519	0.814815	0.092593	0.259259	0.814815	0.074074	0.111111	0.018519	0.388889	0.148148	0.166667	0.129630	0.111111
0.203704	0.037037	0.148148	0.203704	0.240741	0.203704	0.148148	0.833333	0.962963	0.962963	0.055556	0.074074	0.351852	0.018519	0.111111	0.240741	0.925926	0.185185	0.314815	0.240741	0.037037	0.703704
0.111111	0.092593	0.203704	0.185185	0.166667	0.074074	0.166667	0.000000	0.018519	0.018519	0.055556	0.444444	0.314815	0.129630	0.185185	0.555556	0.018519	0.074074	0.037037	0.055556	0.592593	0.092593
0.444444	0.444444	0.296296	0.240741	0.296296	0.407407	0.370370	0.055556	0.000000	0.000000	0.074074	0.388889	0.074074	0.037037	0.629630	0.092593	0.037037	0.351852	0.500000	0.537037	0.240741	0.092593

ecto_aboral_neg_pattern_14
0.377358	0.773585	0.018868	0.301887	0.113208	0.000000	0.075472	0.981132	0.245283	0.773585	0.301887
0.188679	0.000000	0.018868	0.094340	0.000000	0.000000	0.754717	0.000000	0.037736	0.000000	0.037736
0.113208	0.075472	0.018868	0.000000	0.000000	1.000000	0.000000	0.000000	0.000000	0.018868	0.094340
0.320755	0.150943	0.943396	0.603774	0.886792	0.000000	0.169811	0.018868	0.716981	0.207547	0.566038

ecto_aboral_neg_pattern_15
0.108696	0.065217	0.608696	0.065217	0.891304	0.304348	0.000000	0.065217
0.369565	0.217391	0.326087	0.021739	0.000000	0.000000	0.000000	0.000000
0.130435	0.565217	0.000000	0.021739	0.021739	0.000000	0.065217	0.891304
0.391304	0.152174	0.065217	0.891304	0.086957	0.695652	0.934783	0.043478

ecto_aboral_neg_pattern_16
0.200000	0.228571	0.457143	0.200000	0.257143	0.314286	0.200000	0.200000	0.285714	0.371429	0.314286	0.428571	0.314286	0.314286	0.457143	0.285714	0.142857	0.114286	0.114286	0.171429	0.142857	0.200000	0.228571
0.428571	0.628571	0.257143	0.171429	0.200000	0.171429	0.171429	0.314286	0.142857	0.000000	0.114286	0.057143	0.171429	0.028571	0.000000	0.085714	0.028571	0.000000	0.028571	0.000000	0.000000	0.114286	0.114286
0.171429	0.085714	0.142857	0.057143	0.257143	0.085714	0.457143	0.228571	0.200000	0.228571	0.171429	0.085714	0.114286	0.142857	0.057143	0.028571	0.000000	0.000000	0.000000	0.085714	0.028571	0.085714	0.085714
0.200000	0.057143	0.142857	0.571429	0.285714	0.428571	0.171429	0.257143	0.371429	0.400000	0.400000	0.428571	0.400000	0.514286	0.485714	0.600000	0.828571	0.885714	0.857143	0.742857	0.828571	0.600000	0.571429

ecto_aboral_neg_pattern_17
0.230769	0.192308	0.384615	0.269231	0.576923	0.038462	0.038462	0.000000	0.000000	0.038462	0.000000	0.346154	0.115385	0.115385	0.192308	0.153846	0.538462
0.153846	0.076923	0.115385	0.076923	0.038462	0.846154	0.961538	0.076923	1.000000	0.115385	0.000000	0.115385	0.807692	0.269231	0.384615	0.346154	0.076923
0.192308	0.153846	0.076923	0.384615	0.192308	0.038462	0.000000	0.923077	0.000000	0.230769	0.961538	0.384615	0.038462	0.153846	0.269231	0.230769	0.076923
0.423077	0.576923	0.423077	0.269231	0.192308	0.076923	0.000000	0.000000	0.000000	0.615385	0.038462	0.153846	0.038462	0.461538	0.153846	0.269231	0.307692

ecto_aboral_neg_pattern_18
0.272727	0.590909	0.136364	0.318182	0.181818	0.363636	0.454545	0.363636	0.454545	0.409091	0.318182	0.227273	0.272727	0.409091	0.727273	0.863636	0.636364	0.181818	0.045455	0.045455	0.000000	0.227273	0.136364	0.500000
0.272727	0.136364	0.363636	0.136364	0.272727	0.227273	0.181818	0.045455	0.136364	0.136364	0.181818	0.227273	0.000000	0.090909	0.045455	0.045455	0.000000	0.000000	0.000000	0.000000	0.000000	0.090909	0.409091	0.181818
0.136364	0.136364	0.227273	0.227273	0.272727	0.181818	0.090909	0.272727	0.227273	0.045455	0.090909	0.090909	0.318182	0.181818	0.136364	0.000000	0.045455	0.000000	0.000000	0.000000	0.090909	0.045455	0.136364	0.000000
0.318182	0.136364	0.272727	0.318182	0.272727	0.227273	0.272727	0.318182	0.181818	0.409091	0.409091	0.454545	0.409091	0.318182	0.090909	0.090909	0.318182	0.818182	0.954545	0.954545	0.909091	0.636364	0.318182	0.318182

ecto_aboral_neg_pattern_2
0.294798	0.028902	0.832370	0.034682	0.023121	0.017341	0.017341	0.768786	0.017341
0.184971	0.890173	0.069364	0.867052	0.005780	0.023121	0.011561	0.057803	0.537572
0.115607	0.046243	0.052023	0.034682	0.959538	0.005780	0.959538	0.104046	0.069364
0.404624	0.034682	0.046243	0.063584	0.011561	0.953757	0.011561	0.069364	0.375723

ecto_aboral_neg_pattern_3
0.170886	0.107595	0.063291	0.018987	0.335443	0.075949	0.120253	0.215190
0.272152	0.803797	0.829114	0.974684	0.265823	0.360759	0.405063	0.556962
0.265823	0.050633	0.069620	0.006329	0.272152	0.158228	0.284810	0.075949
0.291139	0.037975	0.037975	0.000000	0.126582	0.405063	0.189873	0.151899

ecto_aboral_neg_pattern_4
0.083871	0.709677	0.000000	0.006452	0.000000	0.045161	1.000000	0.025806
0.225806	0.083871	0.948387	0.012903	0.025806	0.948387	0.000000	0.632258
0.400000	0.174194	0.012903	0.980645	0.000000	0.000000	0.000000	0.025806
0.290323	0.032258	0.038710	0.000000	0.974194	0.006452	0.000000	0.316129

ecto_aboral_neg_pattern_5
0.206667	0.180000	0.053333	0.006667	0.033333	0.013333	0.940000	0.000000
0.260000	0.126667	0.693333	0.000000	0.020000	0.026667	0.013333	0.980000
0.186667	0.626667	0.066667	0.980000	0.000000	0.946667	0.006667	0.006667
0.346667	0.066667	0.186667	0.013333	0.946667	0.013333	0.040000	0.013333

ecto_aboral_neg_pattern_6
0.314286	0.142857	0.085714	0.014286	0.157143	0.985714	0.007143	0.007143	0.107143	0.085714	0.150000	0.135714
0.242857	0.085714	0.400000	0.085714	0.150000	0.007143	0.000000	0.007143	0.000000	0.014286	0.407143	0.228571
0.092857	0.128571	0.185714	0.007143	0.621429	0.000000	0.000000	0.007143	0.885714	0.878571	0.057143	0.064286
0.350000	0.642857	0.328571	0.892857	0.071429	0.007143	0.992857	0.978571	0.007143	0.021429	0.385714	0.571429

ecto_aboral_neg_pattern_7
0.357143	0.238095	0.031746	0.023810	0.031746	0.158730	0.126984	0.182540
0.063492	0.031746	0.007937	0.007937	0.007937	0.071429	0.071429	0.079365
0.150794	0.015873	0.000000	0.000000	0.007937	0.000000	0.031746	0.079365
0.428571	0.714286	0.960317	0.968254	0.952381	0.769841	0.769841	0.658730

ecto_aboral_neg_pattern_8
0.177570	0.074766	0.280374	0.177570	0.158879	0.252336	0.224299	0.018692	0.000000	0.925234	0.130841	0.074766	0.028037	0.168224	0.130841	0.130841
0.448598	0.233645	0.289720	0.168224	0.112150	0.242991	0.551402	0.887850	0.962617	0.009346	0.028037	0.037383	0.887850	0.439252	0.467290	0.504673
0.130841	0.140187	0.158879	0.523364	0.383178	0.242991	0.065421	0.018692	0.000000	0.037383	0.822430	0.401869	0.028037	0.074766	0.093458	0.065421
0.242991	0.551402	0.271028	0.130841	0.345794	0.261682	0.158879	0.074766	0.037383	0.028037	0.018692	0.485981	0.056075	0.317757	0.308411	0.299065

ecto_aboral_neg_pattern_9
0.271028	0.018692	0.084112	0.000000	0.364486	0.168224	0.046729	0.242991	0.009346
0.233645	0.878505	0.794393	0.971963	0.177570	0.112150	0.177570	0.074766	0.009346
0.121495	0.046729	0.074766	0.000000	0.177570	0.448598	0.766355	0.542056	0.962617
0.373832	0.056075	0.046729	0.028037	0.280374	0.271028	0.009346	0.140187	0.018692

ecto_pharynx_neg_pattern_0
0.528121	0.567901	0.928669	0.000000	0.991770	0.962963	0.500686	0.378601	0.187929
0.076818	0.100137	0.008230	1.000000	0.005487	0.002743	0.024691	0.048011	0.168724
0.226337	0.226337	0.004115	0.000000	0.000000	0.002743	0.009602	0.525377	0.614540
0.168724	0.105624	0.058985	0.000000	0.002743	0.031550	0.465021	0.048011	0.028807

ecto_pharynx_neg_pattern_1
0.150350	0.451049	0.041958	0.068182	0.047203	0.062937	0.517483	0.127622
0.520979	0.031469	0.774476	0.010490	0.162587	0.075175	0.150350	0.547203
0.145105	0.456294	0.043706	0.903846	0.036713	0.823427	0.096154	0.106643
0.183566	0.061189	0.139860	0.017483	0.753497	0.038462	0.236014	0.218531

ecto_pharynx_neg_pattern_10
0.390476	0.276190	0.895238	0.095238	0.000000	0.000000	0.676190	0.942857	1.000000	0.000000
0.161905	0.095238	0.009524	0.000000	0.000000	0.838095	0.085714	0.019048	0.000000	0.047619
0.133333	0.047619	0.066667	0.000000	0.990476	0.057143	0.000000	0.028571	0.000000	0.000000
0.314286	0.580952	0.028571	0.904762	0.009524	0.104762	0.238095	0.009524	0.000000	0.952381

ecto_pharynx_neg_pattern_11
0.243590	0.115385	0.230769	0.217949	0.230769	0.205128	0.141026	0.000000	0.000000	0.846154	0.038462	0.243590	0.089744	0.064103	0.076923	0.089744
0.384615	0.166667	0.346154	0.166667	0.102564	0.256410	0.679487	0.974359	1.000000	0.000000	0.051282	0.192308	0.705128	0.500000	0.397436	0.628205
0.076923	0.141026	0.192308	0.551282	0.307692	0.064103	0.051282	0.025641	0.000000	0.128205	0.833333	0.256410	0.089744	0.076923	0.102564	0.038462
0.294872	0.576923	0.230769	0.064103	0.358974	0.474359	0.128205	0.000000	0.000000	0.025641	0.076923	0.307692	0.115385	0.358974	0.423077	0.243590

ecto_pharynx_neg_pattern_12
0.434783	0.043478	0.086957	0.000000	0.434783	0.000000	0.000000
0.130435	0.739130	0.000000	1.000000	0.130435	0.043478	0.043478
0.260870	0.086957	0.913043	0.000000	0.304348	0.000000	0.956522
0.173913	0.130435	0.000000	0.000000	0.130435	0.956522	0.000000

ecto_pharynx_neg_pattern_13
0.177778	0.200000	0.511111	0.133333	0.266667	0.155556	0.222222	0.288889	0.266667	0.177778	0.333333	0.288889	0.288889	0.377778	0.222222	0.222222	0.288889	0.288889
0.088889	0.111111	0.022222	0.088889	0.022222	0.022222	0.111111	0.044444	0.111111	0.111111	0.311111	0.155556	0.133333	0.177778	0.200000	0.133333	0.400000	0.355556
0.355556	0.088889	0.088889	0.088889	0.066667	0.000000	0.022222	0.022222	0.022222	0.133333	0.066667	0.133333	0.111111	0.244444	0.333333	0.177778	0.066667	0.111111
0.377778	0.600000	0.377778	0.688889	0.644444	0.822222	0.644444	0.644444	0.600000	0.577778	0.288889	0.422222	0.466667	0.200000	0.244444	0.466667	0.244444	0.244444

ecto_pharynx_neg_pattern_14
0.232558	0.116279	0.093023	0.046512	0.000000	0.000000	0.000000	0.976744	0.000000	0.093023	0.000000	0.046512	0.139535
0.162791	0.023256	0.720930	0.813953	0.023256	1.000000	1.000000	0.000000	0.023256	0.395349	0.000000	0.023256	0.046512
0.441860	0.697674	0.023256	0.046512	0.976744	0.000000	0.000000	0.023256	0.000000	0.302326	0.046512	0.000000	0.558140
0.162791	0.162791	0.162791	0.093023	0.000000	0.000000	0.000000	0.000000	0.976744	0.209302	0.953488	0.930233	0.255814

ecto_pharynx_neg_pattern_15
0.342105	0.526316	0.289474	0.289474	0.394737	0.105263	0.342105	0.184211	0.342105	0.131579	0.289474	0.447368	0.157895	0.052632	0.078947	0.026316	0.105263
0.078947	0.078947	0.105263	0.078947	0.105263	0.105263	0.105263	0.078947	0.131579	0.184211	0.052632	0.078947	0.026316	0.052632	0.026316	0.078947	0.184211
0.289474	0.157895	0.131579	0.105263	0.026316	0.263158	0.052632	0.052632	0.026316	0.078947	0.052632	0.052632	0.052632	0.000000	0.000000	0.000000	0.184211
0.289474	0.236842	0.473684	0.526316	0.473684	0.526316	0.500000	0.684211	0.500000	0.605263	0.605263	0.421053	0.763158	0.894737	0.894737	0.894737	0.526316

ecto_pharynx_neg_pattern_16
0.387097	0.354839	0.161290	0.193548	0.322581	0.322581	0.580645	0.225806	0.225806	0.129032	0.129032	0.193548	0.193548	0.322581	0.290323	0.322581	0.354839	0.258065	0.516129	0.580645	0.451613	0.032258	0.935484	0.580645
0.129032	0.032258	0.096774	0.193548	0.161290	0.032258	0.032258	0.096774	0.000000	0.000000	0.096774	0.129032	0.290323	0.129032	0.290323	0.129032	0.290323	0.419355	0.064516	0.161290	0.225806	0.870968	0.000000	0.096774
0.161290	0.096774	0.129032	0.064516	0.193548	0.193548	0.129032	0.000000	0.000000	0.032258	0.000000	0.032258	0.064516	0.161290	0.161290	0.193548	0.258065	0.064516	0.290323	0.064516	0.064516	0.000000	0.000000	0.129032
0.322581	0.516129	0.612903	0.548387	0.322581	0.451613	0.258065	0.677419	0.774194	0.838710	0.774194	0.645161	0.451613	0.387097	0.258065	0.354839	0.096774	0.258065	0.129032	0.193548	0.258065	0.096774	0.064516	0.193548

ecto_pharynx_neg_pattern_17
0.523810	0.285714	0.380952	0.285714	0.285714	0.380952	0.238095	0.380952	0.285714	0.285714	0.380952	0.428571	0.428571	0.428571	0.190476	0.000000	0.047619	0.000000	1.000000	1.000000	0.000000	0.000000	0.857143	0.428571	0.095238
0.047619	0.142857	0.190476	0.047619	0.238095	0.190476	0.095238	0.190476	0.285714	0.333333	0.333333	0.190476	0.238095	0.238095	0.095238	0.000000	0.142857	0.952381	0.000000	0.000000	0.000000	0.714286	0.000000	0.047619	0.666667
0.095238	0.285714	0.142857	0.285714	0.333333	0.190476	0.285714	0.142857	0.238095	0.095238	0.190476	0.238095	0.142857	0.142857	0.047619	0.904762	0.047619	0.000000	0.000000	0.000000	0.000000	0.000000	0.142857	0.333333	0.047619
0.333333	0.285714	0.285714	0.380952	0.142857	0.238095	0.380952	0.285714	0.190476	0.285714	0.095238	0.142857	0.190476	0.190476	0.666667	0.095238	0.761905	0.047619	0.000000	0.000000	1.000000	0.285714	0.000000	0.190476	0.190476

ecto_pharynx_neg_pattern_18
0.380952	0.523810	0.380952	0.380952	0.238095	0.428571	0.285714	0.047619	0.142857	0.809524	0.476190	0.666667	0.000000	0.000000	0.047619	0.238095	0.285714	0.333333	0.571429	0.190476	0.380952	0.285714	0.380952	0.380952	0.333333	0.238095	0.190476	0.190476
0.190476	0.142857	0.190476	0.095238	0.142857	0.142857	0.190476	0.238095	0.095238	0.000000	0.142857	0.142857	0.000000	0.000000	0.095238	0.142857	0.190476	0.142857	0.190476	0.238095	0.333333	0.190476	0.095238	0.190476	0.190476	0.142857	0.523810	0.190476
0.333333	0.000000	0.190476	0.047619	0.095238	0.095238	0.095238	0.095238	0.190476	0.095238	0.047619	0.047619	0.047619	0.047619	0.000000	0.000000	0.142857	0.190476	0.095238	0.285714	0.238095	0.285714	0.238095	0.190476	0.095238	0.142857	0.142857	0.333333
0.095238	0.333333	0.238095	0.476190	0.523810	0.333333	0.428571	0.619048	0.571429	0.095238	0.333333	0.142857	0.952381	0.952381	0.857143	0.619048	0.380952	0.333333	0.142857	0.285714	0.047619	0.238095	0.285714	0.238095	0.380952	0.476190	0.142857	0.285714

ecto_pharynx_neg_pattern_2
0.212454	0.527473	0.435897	0.043956	0.007326	0.974359	0.992674	0.021978	0.120879	0.842491	0.322344	0.582418
0.267399	0.065934	0.032967	0.897436	0.974359	0.007326	0.000000	0.003663	0.684982	0.014652	0.168498	0.183150
0.135531	0.315018	0.391941	0.018315	0.000000	0.003663	0.000000	0.003663	0.109890	0.128205	0.366300	0.128205
0.384615	0.091575	0.139194	0.040293	0.018315	0.014652	0.007326	0.970696	0.084249	0.014652	0.142857	0.106227

ecto_pharynx_neg_pattern_3
0.290640	0.581281	0.073892	0.305419	0.177340	0.000000	0.000000	0.004926	0.034483	0.137931
0.221675	0.093596	0.492611	0.019704	0.044335	0.960591	0.995074	0.000000	0.073892	0.088670
0.133005	0.231527	0.068966	0.029557	0.073892	0.039409	0.000000	0.975369	0.862069	0.049261
0.354680	0.093596	0.364532	0.645320	0.704433	0.000000	0.004926	0.019704	0.029557	0.724138

ecto_pharynx_neg_pattern_4
0.331658	0.261307	0.190955	0.030151	0.020101	0.030151	0.095477	0.145729
0.080402	0.065327	0.045226	0.000000	0.035176	0.005025	0.045226	0.075377
0.115578	0.055276	0.025126	0.010050	0.015075	0.000000	0.000000	0.020101
0.472362	0.618090	0.738693	0.959799	0.929648	0.964824	0.859296	0.758794

ecto_pharynx_neg_pattern_5
0.234375	0.177083	0.208333	0.166667	0.062500	0.046875
0.182292	0.598958	0.515625	0.281250	0.859375	0.911458
0.427083	0.083333	0.125000	0.322917	0.052083	0.020833
0.156250	0.140625	0.151042	0.229167	0.026042	0.020833

ecto_pharynx_neg_pattern_6
0.308571	0.000000	0.005714	0.005714	0.074286
0.165714	0.965714	0.994286	0.000000	0.794286
0.257143	0.017143	0.000000	0.994286	0.091429
0.268571	0.017143	0.000000	0.000000	0.040000

ecto_pharynx_neg_pattern_7
0.197452	0.140127	0.121019	0.082803	0.337580	0.286624	0.242038	0.038217	0.012739	0.031847	0.063694	0.025478	0.019108
0.191083	0.050955	0.038217	0.000000	0.318471	0.127389	0.216561	0.834395	0.955414	0.000000	0.000000	0.019108	0.025478
0.089172	0.700637	0.783439	0.757962	0.152866	0.140127	0.318471	0.063694	0.006369	0.025478	0.859873	0.229299	0.853503
0.522293	0.108280	0.057325	0.159236	0.191083	0.445860	0.222930	0.063694	0.025478	0.942675	0.076433	0.726115	0.101911

ecto_pharynx_neg_pattern_8
0.384058	0.731884	0.673913	0.543478	0.000000	1.000000	0.963768	0.681159	0.086957	0.891304	0.572464
0.260870	0.065217	0.065217	0.079710	0.971014	0.000000	0.000000	0.000000	0.789855	0.057971	0.123188
0.050725	0.159420	0.130435	0.268116	0.000000	0.000000	0.000000	0.028986	0.021739	0.021739	0.108696
0.304348	0.043478	0.130435	0.108696	0.028986	0.000000	0.036232	0.289855	0.101449	0.028986	0.195652

ecto_pharynx_neg_pattern_9
0.533835	0.165414	0.022556	0.774436	0.007519	0.000000	0.015038	0.082707	0.954887	0.045113
0.120301	0.082707	0.157895	0.030075	0.969925	0.000000	0.060150	0.887218	0.000000	0.593985
0.248120	0.097744	0.609023	0.157895	0.007519	0.992481	0.007519	0.015038	0.015038	0.045113
0.097744	0.654135	0.210526	0.037594	0.015038	0.007519	0.917293	0.015038	0.030075	0.315789

EMS_ecto_boundary_neg_pattern_0
0.222222	0.143791	0.336601	0.006536	0.872549	0.049020	0.147059	0.088235	0.101307
0.199346	0.049020	0.065359	0.967320	0.013072	0.836601	0.084967	0.183007	0.205882
0.124183	0.764706	0.094771	0.006536	0.094771	0.019608	0.718954	0.045752	0.562092
0.454248	0.042484	0.503268	0.019608	0.019608	0.094771	0.049020	0.683007	0.130719

EMS_ecto_boundary_neg_pattern_1
0.447257	0.569620	0.649789	0.936709	0.936709	0.962025	0.940928	0.502110
0.118143	0.067511	0.037975	0.004219	0.004219	0.000000	0.008439	0.067511
0.122363	0.122363	0.118143	0.029536	0.012658	0.012658	0.012658	0.050633
0.312236	0.240506	0.194093	0.029536	0.046414	0.025316	0.037975	0.379747

EMS_ecto_boundary_neg_pattern_10
0.326389	0.222222	0.173611	0.166667	0.159722	0.284722	0.263889	0.368056	0.243056	0.298611	0.256944	0.277778	0.236111	0.326389	0.291667	0.298611	0.083333	0.104167	0.118056	0.090278	0.284722	0.180556
0.131944	0.131944	0.180556	0.208333	0.256944	0.201389	0.250000	0.229167	0.256944	0.222222	0.201389	0.243056	0.326389	0.284722	0.243056	0.361111	0.840278	0.583333	0.180556	0.791667	0.236111	0.118056
0.187500	0.159722	0.076389	0.062500	0.118056	0.145833	0.173611	0.131944	0.180556	0.194444	0.229167	0.131944	0.104167	0.083333	0.243056	0.187500	0.027778	0.222222	0.562500	0.055556	0.138889	0.500000
0.354167	0.486111	0.569444	0.562500	0.465278	0.368056	0.312500	0.270833	0.319444	0.284722	0.312500	0.347222	0.333333	0.305556	0.222222	0.152778	0.048611	0.090278	0.138889	0.062500	0.340278	0.201389

EMS_ecto_boundary_neg_pattern_11
0.371212	0.075758	0.022727	0.030303	0.000000	1.000000	0.136364
0.181818	0.386364	0.000000	0.015152	0.992424	0.000000	0.757576
0.257576	0.037879	0.977273	0.000000	0.007576	0.000000	0.000000
0.189394	0.500000	0.000000	0.954545	0.000000	0.000000	0.106061

EMS_ecto_boundary_neg_pattern_12
0.511450	0.465649	0.503817	0.442748	0.519084	0.519084	0.480916	0.358779	0.282443	0.412214	0.534351	0.519084	0.175573	0.465649
0.083969	0.160305	0.083969	0.106870	0.091603	0.114504	0.076336	0.061069	0.351145	0.251908	0.122137	0.099237	0.343511	0.137405
0.129771	0.145038	0.251908	0.221374	0.061069	0.076336	0.106870	0.412214	0.053435	0.068702	0.114504	0.122137	0.137405	0.106870
0.274809	0.229008	0.160305	0.229008	0.328244	0.290076	0.335878	0.167939	0.312977	0.267176	0.229008	0.259542	0.343511	0.290076

EMS_ecto_boundary_neg_pattern_13
0.387931	0.017241	0.068966	0.051724	0.034483
0.129310	0.905172	0.905172	0.017241	0.293103
0.198276	0.060345	0.008621	0.922414	0.637931
0.284483	0.017241	0.017241	0.008621	0.034483

EMS_ecto_boundary_neg_pattern_14
0.200000	0.263636	0.218182	0.327273	0.254545	0.263636	0.200000	0.309091	0.209091	0.345455	0.245455	0.236364	0.227273	0.081818	0.227273	0.090909
0.172727	0.136364	0.218182	0.090909	0.109091	0.118182	0.163636	0.145455	0.200000	0.154545	0.272727	0.272727	0.318182	0.527273	0.254545	0.118182
0.100000	0.127273	0.172727	0.163636	0.145455	0.154545	0.090909	0.090909	0.236364	0.254545	0.272727	0.263636	0.381818	0.263636	0.327273	0.672727
0.527273	0.472727	0.390909	0.418182	0.490909	0.463636	0.545455	0.454545	0.354545	0.245455	0.209091	0.227273	0.072727	0.127273	0.190909	0.118182

EMS_ecto_boundary_neg_pattern_15
0.183673	0.122449	0.663265	0.051020	0.846939	0.030612	0.010204
0.489796	0.744898	0.255102	0.908163	0.061224	0.000000	0.030612
0.132653	0.091837	0.051020	0.000000	0.051020	0.928571	0.877551
0.183673	0.030612	0.020408	0.030612	0.040816	0.040816	0.081633

EMS_ecto_boundary_neg_pattern_16
0.480000	0.520000	0.440000	0.780000	0.760000	0.840000	0.760000	0.560000	0.680000	0.380000	0.360000	0.240000	0.260000	0.220000	0.160000	0.140000	0.120000	0.360000
0.180000	0.040000	0.040000	0.020000	0.080000	0.020000	0.000000	0.000000	0.100000	0.320000	0.380000	0.040000	0.100000	0.200000	0.080000	0.200000	0.140000	0.200000
0.180000	0.040000	0.100000	0.000000	0.000000	0.060000	0.040000	0.020000	0.020000	0.040000	0.020000	0.140000	0.040000	0.060000	0.140000	0.080000	0.120000	0.220000
0.160000	0.400000	0.420000	0.200000	0.160000	0.080000	0.200000	0.420000	0.200000	0.260000	0.240000	0.580000	0.600000	0.520000	0.620000	0.580000	0.620000	0.220000

EMS_ecto_boundary_neg_pattern_17
0.388889	0.500000	0.722222	0.833333	0.888889	0.861111	0.722222	0.583333	0.666667	0.694444	0.444444	0.500000	0.222222	0.500000	0.222222	0.222222	0.250000	0.138889	0.527778	0.138889	0.194444	0.194444	0.194444	0.138889
0.222222	0.138889	0.055556	0.000000	0.027778	0.000000	0.000000	0.083333	0.055556	0.111111	0.194444	0.055556	0.194444	0.111111	0.166667	0.138889	0.277778	0.277778	0.111111	0.472222	0.138889	0.083333	0.250000	0.111111
0.166667	0.111111	0.027778	0.055556	0.027778	0.027778	0.000000	0.027778	0.138889	0.027778	0.194444	0.138889	0.194444	0.222222	0.277778	0.472222	0.166667	0.361111	0.138889	0.111111	0.250000	0.611111	0.416667	0.694444
0.222222	0.250000	0.194444	0.111111	0.055556	0.111111	0.277778	0.305556	0.138889	0.166667	0.166667	0.305556	0.388889	0.166667	0.333333	0.166667	0.305556	0.222222	0.222222	0.277778	0.416667	0.111111	0.138889	0.055556

EMS_ecto_boundary_neg_pattern_18
0.285714	0.178571	0.035714	0.142857	0.071429	0.214286	0.214286	0.321429	0.178571	0.285714	0.464286	0.214286	0.500000	0.214286	0.285714
0.071429	0.071429	0.071429	0.107143	0.214286	0.142857	0.142857	0.428571	0.250000	0.321429	0.214286	0.142857	0.071429	0.000000	0.142857
0.285714	0.178571	0.071429	0.107143	0.178571	0.142857	0.142857	0.107143	0.214286	0.107143	0.250000	0.250000	0.107143	0.321429	0.178571
0.357143	0.571429	0.821429	0.642857	0.535714	0.500000	0.500000	0.142857	0.357143	0.285714	0.071429	0.392857	0.321429	0.464286	0.392857

EMS_ecto_boundary_neg_pattern_19
0.285714	0.464286	0.535714	0.250000	0.642857	0.571429	0.750000	0.785714	0.785714	0.750000	0.642857	0.535714	0.785714	0.607143	0.714286	0.535714	0.642857	0.250000	0.357143	0.428571	0.464286	0.678571	0.392857	0.535714	0.285714	0.214286	0.285714	0.142857
0.250000	0.107143	0.107143	0.178571	0.071429	0.035714	0.000000	0.035714	0.035714	0.000000	0.035714	0.035714	0.000000	0.107143	0.107143	0.071429	0.214286	0.107143	0.142857	0.178571	0.285714	0.071429	0.142857	0.214286	0.142857	0.035714	0.107143	0.571429
0.214286	0.178571	0.107143	0.250000	0.142857	0.321429	0.107143	0.035714	0.035714	0.107143	0.107143	0.107143	0.071429	0.071429	0.142857	0.285714	0.071429	0.142857	0.214286	0.107143	0.071429	0.178571	0.357143	0.035714	0.142857	0.571429	0.392857	0.107143
0.250000	0.250000	0.250000	0.321429	0.142857	0.071429	0.142857	0.142857	0.142857	0.142857	0.214286	0.321429	0.142857	0.214286	0.035714	0.107143	0.071429	0.500000	0.285714	0.285714	0.178571	0.071429	0.107143	0.214286	0.428571	0.178571	0.214286	0.178571

EMS_ecto_boundary_neg_pattern_2
0.394495	0.573394	0.518349	0.417431	0.004587	0.958716	0.977064	0.697248	0.004587	0.940367
0.183486	0.068807	0.041284	0.266055	0.944954	0.032110	0.013761	0.004587	0.949541	0.004587
0.050459	0.252294	0.215596	0.188073	0.000000	0.000000	0.004587	0.000000	0.018349	0.036697
0.371560	0.105505	0.224771	0.128440	0.050459	0.009174	0.004587	0.298165	0.027523	0.018349

EMS_ecto_boundary_neg_pattern_3
0.228155	0.582524	0.296117	0.067961	0.000000	0.990291	0.980583	0.004854	0.228155	0.771845	0.354369	0.577670
0.315534	0.043689	0.004854	0.805825	0.980583	0.000000	0.009709	0.009709	0.582524	0.024272	0.174757	0.179612
0.179612	0.165049	0.582524	0.000000	0.000000	0.000000	0.004854	0.000000	0.111650	0.160194	0.330097	0.140777
0.276699	0.208738	0.116505	0.126214	0.019417	0.009709	0.004854	0.985437	0.077670	0.043689	0.140777	0.101942

EMS_ecto_boundary_neg_pattern_4
0.343137	0.112745	0.029412	0.710784	0.965686	0.946078	0.000000	0.936275	0.598039
0.063725	0.014706	0.215686	0.215686	0.009804	0.049020	0.995098	0.004902	0.068627
0.112745	0.833333	0.014706	0.019608	0.014706	0.000000	0.000000	0.004902	0.102941
0.480392	0.039216	0.740196	0.053922	0.009804	0.004902	0.004902	0.053922	0.230392

EMS_ecto_boundary_neg_pattern_5
0.414365	0.309392	0.674033	0.243094	0.049724	0.000000	0.723757	0.955801	1.000000	0.000000	0.795580
0.193370	0.049724	0.044199	0.016575	0.005525	0.624309	0.215470	0.022099	0.000000	0.033149	0.049724
0.160221	0.077348	0.160221	0.044199	0.939227	0.000000	0.005525	0.005525	0.000000	0.011050	0.027624
0.232044	0.563536	0.121547	0.696133	0.005525	0.375691	0.055249	0.016575	0.000000	0.955801	0.127072

EMS_ecto_boundary_neg_pattern_6
0.219101	0.303371	0.028090	0.000000	0.938202	0.000000	0.123596	0.044944	0.241573	0.612360
0.196629	0.073034	0.033708	0.044944	0.011236	0.988764	0.056180	0.078652	0.477528	0.101124
0.202247	0.533708	0.016854	0.904494	0.028090	0.000000	0.808989	0.050562	0.241573	0.089888
0.382022	0.089888	0.921348	0.050562	0.022472	0.011236	0.011236	0.825843	0.039326	0.196629

EMS_ecto_boundary_neg_pattern_7
0.136905	0.154762	0.148810	0.285714	0.273810	0.303571	0.101190	0.119048	0.071429	0.184524	0.261905	0.255952	0.261905	0.214286	0.345238	0.303571	0.321429	0.166667	0.244048	0.267857	0.291667	0.244048	0.267857
0.285714	0.375000	0.095238	0.130952	0.160714	0.101190	0.077381	0.119048	0.172619	0.208333	0.160714	0.238095	0.172619	0.250000	0.178571	0.142857	0.136905	0.154762	0.101190	0.142857	0.119048	0.142857	0.136905
0.345238	0.095238	0.500000	0.303571	0.125000	0.119048	0.053571	0.023810	0.029762	0.071429	0.142857	0.125000	0.208333	0.267857	0.142857	0.130952	0.095238	0.071429	0.142857	0.148810	0.190476	0.148810	0.154762
0.232143	0.375000	0.255952	0.279762	0.440476	0.476190	0.767857	0.738095	0.726190	0.535714	0.434524	0.380952	0.357143	0.267857	0.333333	0.422619	0.446429	0.607143	0.511905	0.440476	0.398810	0.464286	0.440476

EMS_ecto_boundary_neg_pattern_8
0.456790	0.419753	0.401235	0.185185	0.111111	0.104938	0.209877	0.240741	0.259259	0.296296	0.179012	0.172840	0.197531	0.222222	0.197531	0.197531	0.191358
0.179012	0.135802	0.129630	0.043210	0.067901	0.117284	0.135802	0.203704	0.197531	0.228395	0.259259	0.283951	0.172840	0.308642	0.240741	0.240741	0.117284
0.135802	0.098765	0.098765	0.043210	0.037037	0.030864	0.092593	0.160494	0.253086	0.222222	0.339506	0.320988	0.487654	0.283951	0.314815	0.277778	0.512346
0.228395	0.345679	0.370370	0.728395	0.783951	0.746914	0.561728	0.395062	0.290123	0.253086	0.222222	0.222222	0.141975	0.185185	0.246914	0.283951	0.179012

EMS_ecto_boundary_neg_pattern_9
0.360000	0.300000	0.226667	0.186667	0.240000	0.246667	0.340000	0.266667	0.246667	0.220000	0.206667	0.200000	0.206667	0.180000	0.313333	0.153333	0.133333	0.253333	0.033333	0.700000	0.086667	0.220000	0.113333	0.200000
0.066667	0.153333	0.120000	0.126667	0.186667	0.100000	0.060000	0.086667	0.160000	0.060000	0.160000	0.173333	0.160000	0.226667	0.100000	0.186667	0.113333	0.086667	0.766667	0.086667	0.666667	0.060000	0.160000	0.133333
0.160000	0.120000	0.113333	0.180000	0.106667	0.113333	0.153333	0.120000	0.146667	0.126667	0.106667	0.080000	0.060000	0.140000	0.213333	0.206667	0.613333	0.120000	0.086667	0.113333	0.060000	0.513333	0.133333	0.513333
0.413333	0.426667	0.540000	0.506667	0.466667	0.540000	0.446667	0.526667	0.446667	0.593333	0.526667	0.546667	0.573333	0.453333	0.373333	0.453333	0.140000	0.540000	0.113333	0.100000	0.186667	0.206667	0.593333	0.153333

cnidocyte_gastrula_neg_pattern_0
0.385900	0.512059	0.005566	0.480519	0.003711	0.005566	0.057514
0.179963	0.055659	0.981447	0.181818	0.001855	0.005566	0.044527
0.248609	0.380334	0.009276	0.166976	0.983302	0.985158	0.044527
0.185529	0.051948	0.003711	0.170686	0.011132	0.003711	0.853432

cnidocyte_gastrula_neg_pattern_1
0.248175	0.058394	0.572993	0.025547	0.010949	0.000000	0.010949	0.748175	0.080292
0.149635	0.609489	0.040146	0.766423	0.000000	0.120438	0.000000	0.076642	0.711679
0.222628	0.138686	0.324818	0.065693	0.978102	0.010949	0.985401	0.087591	0.051095
0.379562	0.193431	0.062044	0.142336	0.010949	0.868613	0.003650	0.087591	0.156934

cnidocyte_gastrula_neg_pattern_10
0.490566	0.000000	0.188679	0.000000	0.018868	0.018868	0.000000	0.452830	0.150943	0.075472
0.075472	0.962264	0.773585	0.018868	0.886792	0.018868	0.000000	0.075472	0.603774	0.490566
0.207547	0.018868	0.037736	0.981132	0.094340	0.056604	0.981132	0.339623	0.018868	0.000000
0.226415	0.018868	0.000000	0.000000	0.000000	0.905660	0.018868	0.132075	0.226415	0.433962

cnidocyte_gastrula_neg_pattern_11
0.279070	0.302326	0.953488	0.953488	0.348837	1.000000	0.046512	0.000000	0.000000	0.000000	0.023256	0.069767	0.325581
0.302326	0.581395	0.023256	0.023256	0.186047	0.000000	0.000000	0.000000	0.000000	0.953488	0.046512	0.069767	0.511628
0.093023	0.069767	0.023256	0.000000	0.372093	0.000000	0.000000	1.000000	1.000000	0.000000	0.906977	0.860465	0.046512
0.325581	0.046512	0.000000	0.023256	0.093023	0.000000	0.953488	0.000000	0.000000	0.046512	0.023256	0.000000	0.116279

cnidocyte_gastrula_neg_pattern_12
0.046512	0.000000	0.023256	0.906977	0.000000	0.000000	0.000000	0.069767	0.069767	0.023256
0.232558	0.790698	0.674419	0.000000	0.000000	0.000000	0.000000	0.000000	0.162791	0.418605
0.209302	0.046512	0.023256	0.000000	0.000000	0.000000	1.000000	0.046512	0.000000	0.046512
0.511628	0.162791	0.279070	0.093023	1.000000	1.000000	0.000000	0.883721	0.767442	0.511628

cnidocyte_gastrula_neg_pattern_13
0.128205	0.051282	0.435897	0.512821	0.410256	0.051282	0.358974	0.615385	0.153846	0.051282	0.564103	0.000000	0.128205	0.000000	0.000000
0.230769	0.615385	0.153846	0.102564	0.102564	0.102564	0.333333	0.051282	0.102564	0.307692	0.282051	0.025641	0.000000	0.000000	0.025641
0.512821	0.076923	0.282051	0.179487	0.230769	0.666667	0.205128	0.179487	0.256410	0.358974	0.051282	0.179487	0.846154	1.000000	0.897436
0.128205	0.256410	0.128205	0.205128	0.256410	0.179487	0.102564	0.153846	0.487179	0.282051	0.102564	0.794872	0.025641	0.000000	0.076923

cnidocyte_gastrula_neg_pattern_2
0.333333	0.109524	0.123810	0.009524	0.071429	0.966667	0.000000	0.009524	0.009524	0.014286	0.119048	0.019048
0.219048	0.152381	0.357143	0.185714	0.161905	0.000000	0.000000	0.009524	0.004762	0.004762	0.409524	0.333333
0.071429	0.128571	0.195238	0.028571	0.595238	0.014286	0.009524	0.004762	0.985714	0.904762	0.028571	0.066667
0.376190	0.609524	0.323810	0.776190	0.171429	0.019048	0.990476	0.976190	0.000000	0.076190	0.442857	0.580952

cnidocyte_gastrula_neg_pattern_3
0.231343	0.582090	0.037313	0.044776	0.910448	0.007463	0.007463	0.000000	0.126866	0.955224
0.194030	0.126866	0.126866	0.126866	0.007463	0.910448	0.007463	0.029851	0.820896	0.000000
0.291045	0.171642	0.022388	0.552239	0.059701	0.029851	0.985075	0.007463	0.044776	0.029851
0.283582	0.119403	0.813433	0.276119	0.022388	0.052239	0.000000	0.962687	0.007463	0.014925

cnidocyte_gastrula_neg_pattern_4
0.495575	0.212389	0.061947	0.893805	0.123894	0.946903	0.008850	0.017699	0.309735	0.654867	0.221239	0.123894	0.035398	0.079646	0.610619
0.070796	0.566372	0.893805	0.026549	0.849558	0.000000	0.000000	0.017699	0.194690	0.088496	0.123894	0.805310	0.849558	0.761062	0.044248
0.203540	0.168142	0.026549	0.053097	0.000000	0.044248	0.982301	0.955752	0.212389	0.070796	0.362832	0.017699	0.017699	0.026549	0.265487
0.230088	0.053097	0.017699	0.026549	0.026549	0.008850	0.008850	0.008850	0.283186	0.185841	0.292035	0.053097	0.097345	0.132743	0.079646

cnidocyte_gastrula_neg_pattern_5
0.175926	0.620370	0.037037	0.009259	0.027778	0.027778	0.935185	0.027778
0.342593	0.037037	0.500000	0.000000	0.037037	0.916667	0.018519	0.953704
0.240741	0.175926	0.166667	0.990741	0.009259	0.037037	0.037037	0.000000
0.240741	0.166667	0.296296	0.000000	0.925926	0.018519	0.009259	0.018519

cnidocyte_gastrula_neg_pattern_6
0.235294	0.541176	0.435294	0.435294	0.352941	0.352941	0.294118	0.376471	0.447059	0.282353	0.258824	0.294118	0.235294	0.317647	0.376471	0.011765	0.600000	0.011765	0.011765	0.023529	0.188235	0.705882
0.164706	0.152941	0.129412	0.070588	0.094118	0.105882	0.082353	0.176471	0.105882	0.223529	0.164706	0.247059	0.164706	0.223529	0.094118	0.858824	0.035294	0.835294	0.011765	0.129412	0.682353	0.105882
0.200000	0.082353	0.082353	0.176471	0.223529	0.164706	0.223529	0.105882	0.141176	0.141176	0.129412	0.176471	0.200000	0.270588	0.258824	0.047059	0.282353	0.011765	0.976471	0.000000	0.070588	0.105882
0.400000	0.223529	0.352941	0.317647	0.329412	0.376471	0.400000	0.341176	0.305882	0.352941	0.447059	0.282353	0.400000	0.188235	0.270588	0.082353	0.082353	0.141176	0.000000	0.847059	0.058824	0.082353

cnidocyte_gastrula_neg_pattern_7
0.346154	0.333333	0.179487	0.294872	0.294872	0.410256	0.256410	0.333333	0.217949	0.038462	0.153846	0.115385	0.307692	0.217949	0.269231	0.179487
0.076923	0.102564	0.089744	0.051282	0.102564	0.115385	0.051282	0.025641	0.038462	0.064103	0.064103	0.064103	0.089744	0.064103	0.230769	0.115385
0.166667	0.102564	0.153846	0.115385	0.115385	0.089744	0.064103	0.038462	0.038462	0.025641	0.025641	0.025641	0.089744	0.179487	0.089744	0.192308
0.410256	0.461538	0.576923	0.538462	0.487179	0.384615	0.628205	0.602564	0.705128	0.871795	0.756410	0.794872	0.512821	0.538462	0.410256	0.512821

cnidocyte_gastrula_neg_pattern_8
0.185714	0.171429	0.285714	0.628571	0.042857	0.328571	0.742857	0.857143	0.257143	0.357143	0.828571	0.100000	0.057143	0.414286	0.857143	0.242857
0.385714	0.171429	0.400000	0.100000	0.028571	0.085714	0.157143	0.028571	0.042857	0.042857	0.014286	0.028571	0.028571	0.300000	0.028571	0.100000
0.157143	0.114286	0.085714	0.142857	0.057143	0.285714	0.014286	0.014286	0.000000	0.057143	0.071429	0.042857	0.157143	0.142857	0.057143	0.085714
0.271429	0.542857	0.228571	0.128571	0.871429	0.300000	0.085714	0.100000	0.700000	0.542857	0.085714	0.828571	0.757143	0.142857	0.057143	0.571429

cnidocyte_gastrula_neg_pattern_9
0.241935	0.000000	0.596774	0.096774	0.000000	0.000000	0.016129
0.080645	0.000000	0.193548	0.451613	0.032258	0.000000	0.000000
0.387097	1.000000	0.145161	0.209677	0.048387	1.000000	0.983871
0.290323	0.000000	0.064516	0.241935	0.919355	0.000000	0.000000

gland_mucin_neg_pattern_0
0.113861	0.600660	0.046205	0.061056	0.042904	0.067657	0.646865	0.059406
0.518152	0.057756	0.777228	0.009901	0.072607	0.092409	0.044554	0.729373
0.188119	0.227723	0.049505	0.914191	0.029703	0.793729	0.099010	0.029703
0.179868	0.113861	0.127063	0.014851	0.854785	0.046205	0.209571	0.181518

gland_mucin_neg_pattern_1
0.082474	0.025773	0.221649	0.896907	0.056701	0.015464	0.005155	0.170103	0.082474
0.283505	0.515464	0.268041	0.015464	0.000000	0.005155	0.000000	0.103093	0.407216
0.195876	0.056701	0.164948	0.015464	0.000000	0.005155	0.994845	0.278351	0.030928
0.438144	0.402062	0.345361	0.072165	0.943299	0.974227	0.000000	0.448454	0.479381

gland_mucin_neg_pattern_10
0.157480	0.094488	0.448819	0.259843	0.141732	0.062992	0.181102	0.543307	0.559055	0.007874
0.322835	0.685039	0.251969	0.070866	0.015748	0.015748	0.433071	0.094488	0.133858	0.921260
0.370079	0.023622	0.110236	0.055118	0.818898	0.905512	0.094488	0.228346	0.157480	0.015748
0.149606	0.196850	0.188976	0.614173	0.023622	0.015748	0.291339	0.133858	0.149606	0.055118

gland_mucin_neg_pattern_11
0.148936	0.042553	0.372340	0.968085	0.074468	0.063830	0.138298	0.191489	0.148936	0.340426	0.510638	0.446809	0.478723	0.414894	0.446809	0.372340	0.478723	0.510638	0.414894	0.404255	0.446809	0.521277	0.500000	0.457447
0.170213	0.180851	0.212766	0.021277	0.000000	0.042553	0.000000	0.063830	0.276596	0.202128	0.106383	0.127660	0.138298	0.148936	0.053191	0.138298	0.148936	0.063830	0.191489	0.085106	0.106383	0.117021	0.159574	0.095745
0.287234	0.031915	0.340426	0.000000	0.000000	0.042553	0.829787	0.670213	0.106383	0.095745	0.202128	0.191489	0.117021	0.148936	0.095745	0.170213	0.063830	0.085106	0.170213	0.127660	0.191489	0.106383	0.159574	0.223404
0.393617	0.744681	0.074468	0.010638	0.925532	0.851064	0.031915	0.074468	0.468085	0.361702	0.180851	0.234043	0.265957	0.287234	0.404255	0.319149	0.308511	0.340426	0.223404	0.382979	0.255319	0.255319	0.180851	0.223404

gland_mucin_neg_pattern_12
0.217949	0.256410	0.333333	0.230769	0.282051	0.294872	0.320513	0.538462	0.384615	0.525641	0.230769	0.166667	0.269231	0.076923	0.025641	0.025641	0.051282	0.089744	0.294872	0.307692	0.179487
0.153846	0.089744	0.141026	0.307692	0.230769	0.192308	0.205128	0.025641	0.115385	0.115385	0.500000	0.282051	0.115385	0.807692	0.692308	0.000000	0.217949	0.397436	0.230769	0.115385	0.628205
0.179487	0.089744	0.179487	0.166667	0.192308	0.307692	0.115385	0.153846	0.230769	0.076923	0.089744	0.217949	0.217949	0.012821	0.012821	0.948718	0.666667	0.089744	0.333333	0.333333	0.025641
0.448718	0.564103	0.346154	0.294872	0.294872	0.205128	0.358974	0.282051	0.269231	0.282051	0.179487	0.333333	0.397436	0.102564	0.269231	0.025641	0.064103	0.423077	0.141026	0.243590	0.166667

gland_mucin_neg_pattern_13
0.196721	0.065574	0.770492	0.114754	0.819672	0.000000	0.049180	0.229508	0.557377	0.147541	0.049180	0.049180	0.098361	0.557377
0.540984	0.852459	0.081967	0.786885	0.065574	0.000000	0.016393	0.295082	0.131148	0.098361	0.934426	0.803279	0.803279	0.065574
0.114754	0.032787	0.114754	0.049180	0.032787	1.000000	0.934426	0.131148	0.114754	0.442623	0.000000	0.049180	0.032787	0.262295
0.147541	0.049180	0.032787	0.049180	0.081967	0.000000	0.000000	0.344262	0.196721	0.311475	0.016393	0.098361	0.065574	0.114754

gland_mucin_neg_pattern_14
0.250000	0.133333	0.000000	0.016667	0.733333	0.083333	0.133333	0.266667	0.083333	0.150000	0.033333
0.216667	0.683333	0.916667	0.916667	0.050000	0.000000	0.133333	0.600000	0.233333	0.250000	0.883333
0.116667	0.000000	0.000000	0.033333	0.066667	0.833333	0.483333	0.050000	0.150000	0.383333	0.016667
0.416667	0.183333	0.083333	0.033333	0.150000	0.083333	0.250000	0.083333	0.533333	0.216667	0.066667

gland_mucin_neg_pattern_15
0.307692	0.615385	0.500000	0.365385	0.230769	0.269231	0.730769	0.788462	0.346154	0.865385	0.038462	0.019231	0.057692	0.000000	0.057692	0.153846	0.134615
0.250000	0.019231	0.134615	0.134615	0.211538	0.423077	0.115385	0.096154	0.192308	0.019231	0.019231	0.019231	0.019231	0.884615	0.019231	0.038462	0.634615
0.211538	0.134615	0.096154	0.153846	0.153846	0.115385	0.057692	0.076923	0.269231	0.038462	0.038462	0.961538	0.923077	0.057692	0.903846	0.750000	0.076923
0.230769	0.230769	0.269231	0.346154	0.403846	0.192308	0.096154	0.038462	0.192308	0.076923	0.903846	0.000000	0.000000	0.057692	0.019231	0.057692	0.153846

gland_mucin_neg_pattern_16
0.176471	0.490196	0.431373	0.294118	0.431373	0.509804	0.235294	0.470588	0.294118	0.313725	0.411765	0.372549	0.294118	0.254902	0.137255	0.078431	0.078431	0.019608	0.313725	0.078431	0.058824	0.019608	0.254902	0.019608
0.313725	0.078431	0.176471	0.117647	0.078431	0.078431	0.176471	0.254902	0.156863	0.254902	0.156863	0.294118	0.352941	0.294118	0.549020	0.784314	0.862745	0.843137	0.352941	0.411765	0.686275	0.784314	0.352941	0.921569
0.137255	0.117647	0.176471	0.235294	0.098039	0.196078	0.254902	0.098039	0.176471	0.196078	0.176471	0.098039	0.156863	0.117647	0.117647	0.039216	0.000000	0.039216	0.137255	0.372549	0.039216	0.098039	0.117647	0.000000
0.372549	0.313725	0.215686	0.352941	0.392157	0.215686	0.333333	0.176471	0.372549	0.235294	0.254902	0.235294	0.196078	0.333333	0.196078	0.098039	0.058824	0.098039	0.196078	0.137255	0.215686	0.098039	0.274510	0.058824

gland_mucin_neg_pattern_17
0.275000	0.450000	0.175000	0.400000	0.650000	0.700000	0.700000	0.550000	0.725000	0.500000	0.575000	0.400000	0.675000	0.575000	0.375000	0.575000	0.525000	0.325000	0.175000	0.425000	0.250000	0.350000	0.175000	0.050000	0.550000	0.100000
0.100000	0.075000	0.225000	0.075000	0.125000	0.025000	0.125000	0.025000	0.000000	0.025000	0.100000	0.075000	0.150000	0.100000	0.025000	0.050000	0.125000	0.100000	0.500000	0.175000	0.375000	0.125000	0.100000	0.125000	0.150000	0.775000
0.250000	0.075000	0.225000	0.125000	0.075000	0.125000	0.025000	0.075000	0.025000	0.050000	0.100000	0.175000	0.025000	0.150000	0.250000	0.100000	0.150000	0.225000	0.050000	0.200000	0.100000	0.300000	0.050000	0.800000	0.150000	0.025000
0.375000	0.400000	0.375000	0.400000	0.150000	0.150000	0.150000	0.350000	0.250000	0.425000	0.225000	0.350000	0.150000	0.175000	0.350000	0.275000	0.200000	0.350000	0.275000	0.200000	0.275000	0.225000	0.675000	0.025000	0.150000	0.100000

gland_mucin_neg_pattern_18
0.473684	0.578947	0.684211	0.842105	0.789474	0.552632	0.736842	0.552632	0.421053	0.315789	0.236842	0.210526	0.078947	0.131579	0.052632	0.473684	0.736842	0.026316	0.000000	0.131579	0.105263
0.052632	0.078947	0.026316	0.026316	0.052632	0.000000	0.026316	0.210526	0.289474	0.078947	0.078947	0.157895	0.105263	0.210526	0.210526	0.157895	0.078947	0.184211	0.052632	0.000000	0.052632
0.157895	0.105263	0.131579	0.026316	0.000000	0.026316	0.026316	0.000000	0.078947	0.131579	0.131579	0.131579	0.263158	0.184211	0.131579	0.236842	0.131579	0.000000	0.000000	0.815789	0.736842
0.315789	0.236842	0.157895	0.105263	0.157895	0.421053	0.210526	0.236842	0.210526	0.473684	0.552632	0.500000	0.552632	0.473684	0.605263	0.131579	0.052632	0.789474	0.947368	0.052632	0.105263

gland_mucin_neg_pattern_19
0.407407	0.740741	0.851852	0.703704	0.851852	0.703704	0.555556	0.666667	0.407407	0.333333	0.333333	0.518519	0.333333	0.629630	0.518519	0.259259	0.259259	0.222222	0.296296	0.481481	0.185185	0.111111	0.259259	0.222222
0.111111	0.000000	0.000000	0.037037	0.000000	0.037037	0.037037	0.000000	0.074074	0.185185	0.111111	0.111111	0.185185	0.111111	0.185185	0.185185	0.481481	0.185185	0.407407	0.037037	0.259259	0.074074	0.296296	0.074074
0.296296	0.111111	0.111111	0.111111	0.000000	0.074074	0.111111	0.074074	0.148148	0.074074	0.074074	0.148148	0.037037	0.148148	0.074074	0.185185	0.074074	0.333333	0.185185	0.333333	0.037037	0.740741	0.185185	0.407407
0.185185	0.148148	0.037037	0.148148	0.148148	0.185185	0.296296	0.259259	0.370370	0.407407	0.481481	0.222222	0.444444	0.111111	0.222222	0.370370	0.185185	0.259259	0.111111	0.148148	0.518519	0.074074	0.259259	0.296296

gland_mucin_neg_pattern_2
0.314433	0.515464	0.500000	0.690722	0.706186	0.865979	0.871134	0.881443	0.881443	0.793814	0.474227	0.597938
0.170103	0.103093	0.097938	0.056701	0.041237	0.015464	0.015464	0.005155	0.015464	0.046392	0.103093	0.118557
0.211340	0.144330	0.201031	0.139175	0.077320	0.051546	0.036082	0.041237	0.020619	0.025773	0.072165	0.082474
0.304124	0.237113	0.201031	0.113402	0.175258	0.067010	0.077320	0.072165	0.082474	0.134021	0.350515	0.201031

gland_mucin_neg_pattern_20
0.461538	0.346154	0.384615	0.384615	0.500000	0.423077	0.461538	0.576923	0.653846	0.615385	0.307692	0.423077	0.076923	0.269231	0.192308	0.346154	0.192308	0.346154	0.115385	0.038462	0.346154	0.346154	0.500000	0.230769	0.230769	0.307692	0.307692
0.076923	0.038462	0.153846	0.153846	0.192308	0.076923	0.076923	0.076923	0.115385	0.076923	0.000000	0.038462	0.038462	0.115385	0.115385	0.153846	0.076923	0.115385	0.000000	0.461538	0.076923	0.423077	0.115385	0.269231	0.076923	0.230769	0.269231
0.076923	0.192308	0.115385	0.192308	0.076923	0.153846	0.115385	0.153846	0.038462	0.076923	0.038462	0.076923	0.000000	0.076923	0.192308	0.153846	0.153846	0.038462	0.192308	0.153846	0.115385	0.076923	0.038462	0.038462	0.538462	0.269231	0.000000
0.384615	0.423077	0.346154	0.269231	0.230769	0.346154	0.346154	0.192308	0.192308	0.230769	0.653846	0.461538	0.884615	0.538462	0.500000	0.346154	0.576923	0.500000	0.692308	0.346154	0.461538	0.153846	0.346154	0.461538	0.153846	0.192308	0.423077

gland_mucin_neg_pattern_21
0.391304	0.521739	0.652174	0.608696	0.652174	0.478261	0.826087	0.565217	0.478261	0.391304	0.347826	0.565217	0.434783	0.217391	0.304348	0.086957	0.347826	0.652174	0.913043	0.043478	0.130435	0.478261
0.130435	0.130435	0.043478	0.043478	0.130435	0.086957	0.043478	0.043478	0.086957	0.173913	0.000000	0.043478	0.173913	0.043478	0.304348	0.782609	0.565217	0.347826	0.000000	0.000000	0.304348	0.130435
0.217391	0.086957	0.086957	0.130435	0.043478	0.086957	0.086957	0.043478	0.043478	0.130435	0.086957	0.043478	0.086957	0.217391	0.173913	0.000000	0.000000	0.000000	0.086957	0.260870	0.347826	0.347826
0.260870	0.260870	0.217391	0.217391	0.173913	0.347826	0.043478	0.347826	0.391304	0.304348	0.565217	0.347826	0.304348	0.521739	0.217391	0.130435	0.086957	0.000000	0.000000	0.695652	0.217391	0.043478

gland_mucin_neg_pattern_3
0.154696	0.022099	0.674033	0.966851	0.005525	0.011050	0.767956	0.237569
0.287293	0.110497	0.149171	0.022099	0.000000	0.033149	0.000000	0.071823
0.193370	0.000000	0.165746	0.005525	0.000000	0.022099	0.204420	0.618785
0.364641	0.867403	0.011050	0.005525	0.994475	0.933702	0.027624	0.071823

gland_mucin_neg_pattern_4
0.271605	0.154321	0.246914	0.154321	0.277778	0.080247	0.018519	0.197531	0.117284	0.296296	0.080247
0.179012	0.561728	0.314815	0.549383	0.166667	0.166667	0.000000	0.364198	0.135802	0.154321	0.783951
0.246914	0.172840	0.302469	0.104938	0.351852	0.574074	0.944444	0.104938	0.598765	0.228395	0.037037
0.302469	0.111111	0.135802	0.191358	0.203704	0.179012	0.037037	0.333333	0.148148	0.320988	0.098765

gland_mucin_neg_pattern_5
0.337500	0.106250	0.068750	0.000000	0.106250	1.000000	0.006250	0.012500	0.012500	0.056250	0.137500	0.062500
0.268750	0.137500	0.418750	0.150000	0.118750	0.000000	0.000000	0.000000	0.000000	0.012500	0.387500	0.243750
0.056250	0.081250	0.206250	0.006250	0.656250	0.000000	0.000000	0.006250	0.987500	0.862500	0.012500	0.050000
0.337500	0.675000	0.306250	0.843750	0.118750	0.000000	0.993750	0.981250	0.000000	0.068750	0.462500	0.643750

gland_mucin_neg_pattern_6
0.259740	0.551948	0.188312	0.051948	0.857143	0.006494	0.006494	0.006494	0.110390	0.863636	0.116883
0.155844	0.129870	0.129870	0.077922	0.045455	0.941558	0.006494	0.012987	0.759740	0.025974	0.506494
0.298701	0.123377	0.058442	0.701299	0.064935	0.019481	0.987013	0.000000	0.103896	0.045455	0.025974
0.285714	0.194805	0.623377	0.168831	0.032468	0.032468	0.000000	0.980519	0.025974	0.064935	0.350649

gland_mucin_neg_pattern_7
0.351724	0.117241	0.068966	0.062069	0.089655	0.193103	0.262069	0.337931	0.200000
0.331034	0.137931	0.737931	0.000000	0.075862	0.331034	0.289655	0.068966	0.572414
0.131034	0.551724	0.041379	0.896552	0.724138	0.200000	0.179310	0.365517	0.068966
0.186207	0.193103	0.151724	0.041379	0.110345	0.275862	0.268966	0.227586	0.158621

gland_mucin_neg_pattern_8
0.432624	0.879433	0.007092	0.049645	0.319149	0.085106	0.092199	0.943262	0.063830	0.588652
0.205674	0.049645	0.014184	0.056738	0.000000	0.078014	0.907801	0.000000	0.021277	0.049645
0.234043	0.014184	0.007092	0.007092	0.021277	0.836879	0.000000	0.028369	0.021277	0.106383
0.127660	0.056738	0.971631	0.886525	0.659574	0.000000	0.000000	0.028369	0.893617	0.255319

gland_mucin_neg_pattern_9
0.519380	0.387597	0.573643	0.449612	0.573643	0.674419	0.612403	0.689922	0.612403	0.620155	0.511628	0.581395	0.403101	0.534884	0.472868	0.341085	0.333333	0.271318	0.193798	0.193798	0.186047	0.317829	0.341085	0.387597	0.209302
0.100775	0.170543	0.131783	0.093023	0.124031	0.085271	0.054264	0.046512	0.139535	0.077519	0.131783	0.093023	0.178295	0.108527	0.170543	0.193798	0.232558	0.387597	0.341085	0.054264	0.069767	0.410853	0.224806	0.201550	0.480620
0.170543	0.139535	0.116279	0.178295	0.116279	0.116279	0.139535	0.131783	0.116279	0.116279	0.062016	0.131783	0.155039	0.139535	0.131783	0.193798	0.232558	0.069767	0.131783	0.565891	0.658915	0.085271	0.248062	0.232558	0.046512
0.209302	0.302326	0.178295	0.279070	0.186047	0.124031	0.193798	0.131783	0.131783	0.186047	0.294574	0.193798	0.263566	0.217054	0.224806	0.271318	0.201550	0.271318	0.333333	0.186047	0.085271	0.186047	0.186047	0.178295	0.263566

neuronal_neg_pattern_0
0.361673	0.144399	0.573549	0.031039	0.068826	0.041835	0.021592
0.149798	0.631579	0.130904	0.016194	0.058030	0.133603	0.006748
0.302294	0.133603	0.132254	0.908232	0.798920	0.264507	0.952767
0.186235	0.090418	0.163293	0.044534	0.074224	0.560054	0.018893

neuronal_neg_pattern_1
0.408759	0.129927	0.004380	0.945985	0.849635	0.051095	0.227737	0.737226
0.067153	0.665693	0.937226	0.016058	0.018978	0.014599	0.467153	0.020438
0.420438	0.027737	0.007299	0.020438	0.016058	0.005839	0.167883	0.140146
0.103650	0.176642	0.051095	0.017518	0.115328	0.928467	0.137226	0.102190

neuronal_neg_pattern_10
0.327586	0.172414	0.206897	0.310345	0.396552	0.448276	0.413793	0.586207	0.379310	0.224138	0.068966	0.120690	0.224138	0.293103	0.344828	0.172414	0.189655	0.068966	0.431034	0.362069	0.327586	0.206897	0.310345	0.224138	0.172414	0.224138
0.189655	0.120690	0.172414	0.155172	0.258621	0.120690	0.189655	0.051724	0.086207	0.086207	0.103448	0.051724	0.310345	0.206897	0.120690	0.310345	0.155172	0.844828	0.103448	0.275862	0.086207	0.327586	0.017241	0.137931	0.051724	0.534483
0.103448	0.120690	0.224138	0.172414	0.051724	0.103448	0.086207	0.051724	0.172414	0.034483	0.000000	0.103448	0.068966	0.086207	0.189655	0.224138	0.413793	0.034483	0.362069	0.068966	0.327586	0.068966	0.465517	0.120690	0.500000	0.120690
0.379310	0.586207	0.396552	0.362069	0.293103	0.327586	0.310345	0.310345	0.362069	0.655172	0.827586	0.724138	0.396552	0.413793	0.344828	0.293103	0.241379	0.051724	0.103448	0.293103	0.258621	0.396552	0.206897	0.517241	0.275862	0.120690

neuronal_neg_pattern_11
0.070175	0.456140	0.333333	0.263158	0.175439	0.315789	0.192982	0.403509	0.491228	0.508772	0.631579	0.631579	0.666667	0.508772	0.456140	0.491228	0.438596
0.140351	0.157895	0.192982	0.175439	0.070175	0.105263	0.192982	0.087719	0.052632	0.140351	0.070175	0.052632	0.105263	0.070175	0.070175	0.087719	0.157895
0.771930	0.140351	0.035088	0.228070	0.192982	0.157895	0.122807	0.105263	0.140351	0.087719	0.087719	0.052632	0.035088	0.122807	0.087719	0.052632	0.087719
0.017544	0.245614	0.438596	0.333333	0.561404	0.421053	0.491228	0.403509	0.315789	0.263158	0.210526	0.263158	0.192982	0.298246	0.385965	0.368421	0.315789

neuronal_neg_pattern_12
0.344828	0.620690	0.413793	0.206897	0.241379	0.310345	0.275862	0.241379	0.344828	0.517241	0.586207	0.310345	0.379310	0.275862	0.172414	0.206897	0.275862	0.000000	0.137931	0.000000	0.689655	0.137931	0.103448	0.413793	0.103448	0.000000	0.137931	0.551724
0.103448	0.206897	0.103448	0.137931	0.137931	0.206897	0.206897	0.310345	0.344828	0.034483	0.068966	0.275862	0.206897	0.103448	0.241379	0.206897	0.000000	1.000000	0.000000	0.965517	0.034483	0.068966	0.172414	0.206897	0.034483	0.344828	0.137931	0.172414
0.172414	0.068966	0.103448	0.137931	0.275862	0.137931	0.241379	0.137931	0.172414	0.241379	0.172414	0.034483	0.103448	0.275862	0.137931	0.172414	0.517241	0.000000	0.793103	0.000000	0.172414	0.103448	0.517241	0.241379	0.482759	0.137931	0.482759	0.068966
0.379310	0.103448	0.379310	0.517241	0.344828	0.344828	0.275862	0.310345	0.137931	0.206897	0.172414	0.379310	0.310345	0.344828	0.448276	0.413793	0.206897	0.000000	0.068966	0.034483	0.103448	0.689655	0.206897	0.137931	0.379310	0.517241	0.241379	0.206897

neuronal_neg_pattern_13
0.363636	0.545455	0.545455	0.681818	0.454545	0.545455	0.272727	0.181818	0.181818	0.363636	0.045455	0.136364	0.045455	0.136364	0.000000	0.636364	0.181818	0.181818	0.227273	0.227273	0.409091	0.227273
0.227273	0.136364	0.090909	0.000000	0.045455	0.136364	0.409091	0.136364	0.318182	0.136364	0.363636	0.045455	0.954545	0.000000	1.000000	0.045455	0.181818	0.090909	0.318182	0.272727	0.136364	0.045455
0.000000	0.090909	0.272727	0.090909	0.045455	0.000000	0.000000	0.181818	0.090909	0.272727	0.000000	0.772727	0.000000	0.863636	0.000000	0.272727	0.090909	0.181818	0.136364	0.363636	0.181818	0.136364
0.409091	0.227273	0.090909	0.227273	0.454545	0.318182	0.318182	0.500000	0.409091	0.227273	0.590909	0.045455	0.000000	0.000000	0.000000	0.045455	0.545455	0.545455	0.318182	0.136364	0.272727	0.590909

neuronal_neg_pattern_14
0.450000	0.050000	0.050000	0.150000	0.650000	0.450000	0.450000	0.500000	0.250000	0.450000	0.450000	0.300000	0.500000	0.600000	0.750000	0.800000	0.450000	0.750000	0.700000	0.450000	0.550000	0.600000	0.550000
0.100000	0.900000	0.950000	0.750000	0.050000	0.050000	0.100000	0.150000	0.250000	0.200000	0.300000	0.000000	0.100000	0.150000	0.100000	0.050000	0.100000	0.100000	0.100000	0.000000	0.050000	0.000000	0.150000
0.100000	0.050000	0.000000	0.000000	0.300000	0.050000	0.150000	0.200000	0.100000	0.100000	0.050000	0.350000	0.200000	0.150000	0.100000	0.050000	0.200000	0.000000	0.000000	0.100000	0.100000	0.150000	0.050000
0.350000	0.000000	0.000000	0.100000	0.000000	0.450000	0.300000	0.150000	0.400000	0.250000	0.200000	0.350000	0.200000	0.100000	0.050000	0.100000	0.250000	0.150000	0.200000	0.450000	0.300000	0.250000	0.250000

neuronal_neg_pattern_2
0.413008	0.178862	0.068293	0.582114	0.014634	0.040650	0.048780	0.110569	0.826016	0.092683
0.143089	0.073171	0.369106	0.068293	0.873171	0.009756	0.099187	0.682927	0.029268	0.489431
0.292683	0.079675	0.284553	0.281301	0.022764	0.943089	0.053659	0.162602	0.060163	0.052033
0.149593	0.666667	0.278049	0.068293	0.089431	0.006504	0.798374	0.043902	0.084553	0.365854

neuronal_neg_pattern_3
0.393443	0.631148	0.770492	0.926230	0.819672	0.901639	0.446721	0.631148	0.311475
0.135246	0.069672	0.020492	0.016393	0.016393	0.024590	0.040984	0.122951	0.086066
0.139344	0.155738	0.073770	0.032787	0.049180	0.040984	0.057377	0.020492	0.065574
0.331967	0.143443	0.135246	0.024590	0.114754	0.032787	0.454918	0.225410	0.536885

neuronal_neg_pattern_4
0.401869	0.102804	0.584112	0.009346	0.023364	0.018692	0.004673
0.107477	0.794393	0.238318	0.042056	0.897196	0.051402	0.000000
0.200935	0.032710	0.098131	0.939252	0.023364	0.070093	0.976636
0.289720	0.070093	0.079439	0.009346	0.056075	0.859813	0.018692

neuronal_neg_pattern_5
0.247253	0.027473	0.862637	0.049451	0.016484	0.005495	0.027473	0.719780	0.065934
0.126374	0.923077	0.021978	0.758242	0.010989	0.000000	0.016484	0.109890	0.510989
0.186813	0.010989	0.087912	0.027473	0.972527	0.010989	0.939560	0.071429	0.032967
0.439560	0.038462	0.027473	0.164835	0.000000	0.983516	0.016484	0.098901	0.390110

neuronal_neg_pattern_6
0.238372	0.093023	0.168605	0.156977	0.168605	0.313953	0.232558	0.267442	0.011628	0.069767	0.075581	0.075581	0.052326	0.011628
0.191860	0.232558	0.052326	0.069767	0.034884	0.325581	0.087209	0.244186	0.941860	0.877907	0.052326	0.029070	0.063953	0.005814
0.203488	0.087209	0.691860	0.697674	0.633721	0.116279	0.122093	0.250000	0.029070	0.000000	0.116279	0.761628	0.023256	0.959302
0.366279	0.587209	0.087209	0.075581	0.162791	0.244186	0.558140	0.238372	0.017442	0.052326	0.755814	0.133721	0.860465	0.023256

neuronal_neg_pattern_7
0.267241	0.612069	0.215517	0.310345	0.077586	0.017241	0.000000	0.456897	0.224138
0.465517	0.043103	0.224138	0.025862	0.301724	0.000000	0.991379	0.017241	0.137931
0.146552	0.181034	0.077586	0.370690	0.112069	0.974138	0.000000	0.422414	0.086207
0.120690	0.163793	0.482759	0.293103	0.508621	0.008621	0.008621	0.103448	0.551724

neuronal_neg_pattern_8
0.341772	0.151899	0.164557	0.278481	0.278481	0.189873	0.202532	0.075949	0.088608	0.088608	0.151899	0.075949	0.025316
0.151899	0.063291	0.151899	0.164557	0.113924	0.177215	0.443038	0.860759	0.341772	0.025316	0.139241	0.126582	0.075949
0.253165	0.658228	0.481013	0.405063	0.303797	0.518987	0.164557	0.025316	0.126582	0.797468	0.417722	0.151899	0.886076
0.253165	0.126582	0.202532	0.151899	0.303797	0.113924	0.189873	0.037975	0.443038	0.088608	0.291139	0.645570	0.012658

neuronal_neg_pattern_9
0.246753	0.116883	0.000000	0.857143	0.129870	0.129870	0.064935	0.000000
0.415584	0.025974	1.000000	0.051948	0.363636	0.077922	0.168831	0.051948
0.142857	0.805195	0.000000	0.064935	0.038961	0.727273	0.038961	0.935065
0.194805	0.051948	0.000000	0.025974	0.467532	0.064935	0.727273	0.012987

NPC_neg_pattern_0
0.541455	0.879019	0.000000	0.990694	0.983926	0.442470	0.465313	0.218274
0.104907	0.048223	0.994078	0.005922	0.001692	0.022843	0.032149	0.140440
0.202200	0.011844	0.001692	0.001692	0.000846	0.004230	0.421320	0.630288
0.151438	0.060914	0.004230	0.001692	0.013536	0.530457	0.081218	0.010998

NPC_neg_pattern_1
0.164038	0.022082	0.485804	0.977918	0.016824	0.021030	0.315457	0.279706
0.255521	0.038906	0.098843	0.002103	0.007361	0.026288	0.007361	0.088328
0.199790	0.007361	0.350158	0.002103	0.004206	0.031546	0.647739	0.526814
0.380652	0.931651	0.065195	0.017876	0.971609	0.921136	0.029443	0.105152

NPC_neg_pattern_10
0.279279	0.225225	0.243243	0.333333	0.189189	0.234234	0.126126	0.162162	0.153153	0.225225	0.171171	0.198198	0.288288	0.153153	0.297297	0.225225	0.108108	0.234234	0.072072	0.045045
0.135135	0.162162	0.099099	0.036036	0.144144	0.036036	0.108108	0.081081	0.144144	0.144144	0.135135	0.279279	0.171171	0.333333	0.270270	0.288288	0.684685	0.342342	0.036036	0.117117
0.117117	0.081081	0.090090	0.081081	0.054054	0.126126	0.045045	0.045045	0.081081	0.144144	0.297297	0.207207	0.243243	0.270270	0.270270	0.306306	0.144144	0.171171	0.837838	0.729730
0.468468	0.531532	0.567568	0.549550	0.612613	0.603604	0.720721	0.711712	0.621622	0.486486	0.396396	0.315315	0.297297	0.243243	0.162162	0.180180	0.063063	0.252252	0.054054	0.108108

NPC_neg_pattern_11
0.257426	0.188119	0.138614	0.029703	0.594059	0.099010	0.029703	0.207921	0.118812	0.217822	0.099010
0.277228	0.683168	0.732673	0.900990	0.188119	0.069307	0.099010	0.405941	0.475248	0.257426	0.643564
0.108911	0.069307	0.079208	0.009901	0.158416	0.683168	0.831683	0.118812	0.237624	0.287129	0.069307
0.356436	0.059406	0.049505	0.059406	0.059406	0.148515	0.039604	0.267327	0.168317	0.237624	0.188119

NPC_neg_pattern_12
0.505618	0.168539	0.089888	0.786517	0.000000	0.887640	0.011236	0.022472	0.191011	0.483146	0.247191	0.191011	0.033708	0.179775	0.707865
0.089888	0.640449	0.853933	0.078652	0.977528	0.044944	0.022472	0.033708	0.213483	0.112360	0.089888	0.685393	0.898876	0.752809	0.078652
0.202247	0.134831	0.022472	0.056180	0.011236	0.011236	0.966292	0.910112	0.303371	0.168539	0.348315	0.000000	0.011236	0.011236	0.168539
0.202247	0.056180	0.033708	0.078652	0.011236	0.056180	0.000000	0.033708	0.292135	0.235955	0.314607	0.123596	0.056180	0.056180	0.044944

NPC_neg_pattern_13
0.388235	0.035294	0.623529	0.023529	0.011765	0.058824	0.094118	0.341176	0.082353
0.176471	0.858824	0.176471	0.023529	0.176471	0.047059	0.082353	0.176471	0.588235
0.235294	0.094118	0.082353	0.917647	0.811765	0.035294	0.811765	0.294118	0.047059
0.200000	0.011765	0.117647	0.035294	0.000000	0.858824	0.011765	0.188235	0.282353

NPC_neg_pattern_14
0.451220	0.463415	0.390244	0.451220	0.426829	0.451220	0.402439	0.378049	0.439024	0.451220	0.524390	0.646341	0.646341	0.719512	0.609756	0.658537	0.597561	0.475610	0.341463	0.219512	0.060976	0.487805	0.756098	0.109756	0.060976	0.317073
0.146341	0.048780	0.134146	0.109756	0.085366	0.146341	0.109756	0.146341	0.134146	0.121951	0.085366	0.036585	0.060976	0.036585	0.073171	0.048780	0.097561	0.182927	0.146341	0.292683	0.560976	0.195122	0.060976	0.012195	0.048780	0.012195
0.170732	0.146341	0.243902	0.158537	0.158537	0.146341	0.207317	0.109756	0.134146	0.158537	0.121951	0.073171	0.036585	0.097561	0.134146	0.036585	0.060976	0.060976	0.231707	0.073171	0.060976	0.121951	0.048780	0.012195	0.146341	0.597561
0.231707	0.341463	0.231707	0.280488	0.329268	0.256098	0.280488	0.365854	0.292683	0.268293	0.268293	0.243902	0.256098	0.146341	0.182927	0.256098	0.243902	0.280488	0.280488	0.414634	0.317073	0.195122	0.134146	0.865854	0.743902	0.073171

NPC_neg_pattern_15
0.191176	0.102941	0.205882	0.411765	0.058824	0.132353	0.573529	0.117647	0.088235	0.029412	0.044118
0.132353	0.058824	0.352941	0.294118	0.220588	0.514706	0.073529	0.382353	0.029412	0.014706	0.044118
0.250000	0.750000	0.264706	0.058824	0.161765	0.235294	0.220588	0.073529	0.705882	0.941176	0.882353
0.426471	0.088235	0.176471	0.235294	0.558824	0.117647	0.132353	0.426471	0.176471	0.014706	0.029412

NPC_neg_pattern_16
0.380952	0.428571	0.412698	0.492063	0.539683	0.460317	0.523810	0.523810	0.507937	0.555556	0.317460	0.476190	0.238095	0.476190	0.190476	0.317460	0.079365	0.238095	0.222222	0.142857	0.111111	0.349206	0.412698	0.158730	0.079365	0.301587
0.301587	0.158730	0.190476	0.031746	0.111111	0.174603	0.190476	0.126984	0.095238	0.079365	0.079365	0.174603	0.063492	0.095238	0.079365	0.095238	0.126984	0.142857	0.190476	0.269841	0.476190	0.095238	0.095238	0.063492	0.158730	0.111111
0.158730	0.142857	0.158730	0.174603	0.142857	0.063492	0.079365	0.095238	0.269841	0.126984	0.158730	0.111111	0.079365	0.111111	0.063492	0.079365	0.142857	0.142857	0.126984	0.190476	0.047619	0.269841	0.111111	0.190476	0.222222	0.428571
0.158730	0.269841	0.238095	0.301587	0.206349	0.301587	0.206349	0.253968	0.126984	0.238095	0.444444	0.238095	0.619048	0.317460	0.666667	0.507937	0.650794	0.476190	0.460317	0.396825	0.365079	0.285714	0.380952	0.587302	0.539683	0.158730

NPC_neg_pattern_17
0.220000	0.280000	0.360000	0.280000	0.160000	0.320000	0.180000	0.080000	0.000000	0.000000	0.120000	0.260000	0.420000	0.120000
0.040000	0.040000	0.120000	0.320000	0.200000	0.460000	0.620000	0.120000	0.000000	0.000000	0.120000	0.160000	0.300000	0.660000
0.520000	0.520000	0.400000	0.360000	0.500000	0.120000	0.100000	0.020000	1.000000	1.000000	0.560000	0.300000	0.100000	0.080000
0.220000	0.160000	0.120000	0.040000	0.140000	0.100000	0.100000	0.780000	0.000000	0.000000	0.200000	0.280000	0.180000	0.140000

NPC_neg_pattern_18
0.604651	0.418605	0.558140	0.488372	0.581395	0.558140	0.627907	0.465116	0.395349	0.372093	0.232558	0.162791
0.069767	0.139535	0.069767	0.093023	0.186047	0.023256	0.162791	0.186047	0.116279	0.162791	0.162791	0.534884
0.093023	0.139535	0.232558	0.069767	0.093023	0.255814	0.046512	0.069767	0.139535	0.186047	0.162791	0.093023
0.232558	0.302326	0.139535	0.348837	0.139535	0.162791	0.162791	0.279070	0.348837	0.279070	0.441860	0.209302

NPC_neg_pattern_19
0.200000	0.566667	0.533333	0.500000	0.466667	0.166667	0.000000	0.000000	0.033333	0.100000	0.066667	0.233333	0.033333	0.566667
0.500000	0.100000	0.200000	0.100000	0.166667	0.366667	0.033333	0.033333	0.900000	0.300000	0.033333	0.566667	0.766667	0.200000
0.066667	0.233333	0.066667	0.233333	0.166667	0.033333	0.866667	0.966667	0.000000	0.500000	0.700000	0.100000	0.033333	0.000000
0.233333	0.100000	0.200000	0.166667	0.200000	0.433333	0.100000	0.000000	0.066667	0.100000	0.200000	0.100000	0.166667	0.233333

NPC_neg_pattern_2
0.236453	0.221675	0.140394	0.020936	0.855911	0.025862	0.124384	0.068966
0.227833	0.068966	0.113300	0.913793	0.024631	0.886700	0.064039	0.263547
0.195813	0.607143	0.130542	0.034483	0.077586	0.023399	0.766010	0.071429
0.339901	0.102217	0.615764	0.030788	0.041872	0.064039	0.045567	0.596059

NPC_neg_pattern_20
0.518519	0.518519	0.592593	0.444444	0.481481	0.370370	0.592593	0.555556	0.592593	0.740741	0.703704	0.555556	0.481481	0.407407	0.444444	0.407407	0.444444	0.444444	0.555556	0.481481	0.740741	0.000000	0.962963	0.629630	0.481481	0.407407	0.074074
0.185185	0.259259	0.148148	0.074074	0.037037	0.111111	0.074074	0.222222	0.037037	0.037037	0.037037	0.111111	0.074074	0.148148	0.000000	0.148148	0.185185	0.111111	0.111111	0.111111	0.148148	0.925926	0.000000	0.296296	0.074074	0.037037	0.074074
0.037037	0.000000	0.185185	0.148148	0.074074	0.185185	0.074074	0.111111	0.148148	0.000000	0.074074	0.037037	0.074074	0.111111	0.185185	0.074074	0.111111	0.148148	0.111111	0.148148	0.037037	0.037037	0.000000	0.000000	0.037037	0.555556	0.814815
0.259259	0.222222	0.074074	0.333333	0.407407	0.333333	0.259259	0.111111	0.222222	0.222222	0.185185	0.296296	0.370370	0.333333	0.370370	0.370370	0.259259	0.296296	0.222222	0.259259	0.074074	0.037037	0.037037	0.074074	0.407407	0.000000	0.037037

NPC_neg_pattern_21
0.400000	0.350000	0.450000	0.300000	0.350000	0.200000	0.000000	0.400000	0.150000	0.250000	0.200000	0.300000	0.500000	0.000000	0.050000	0.500000	0.050000	0.050000	0.100000	0.050000	0.250000	0.000000	0.200000	0.250000	0.200000	0.500000	0.500000	0.300000	0.450000
0.100000	0.250000	0.100000	0.150000	0.200000	0.100000	0.200000	0.000000	0.200000	0.200000	0.200000	0.200000	0.100000	0.650000	0.950000	0.050000	0.950000	0.700000	0.100000	0.000000	0.450000	0.750000	0.300000	0.500000	0.350000	0.200000	0.050000	0.200000	0.200000
0.050000	0.050000	0.200000	0.200000	0.200000	0.200000	0.100000	0.000000	0.150000	0.050000	0.200000	0.150000	0.250000	0.250000	0.000000	0.450000	0.000000	0.050000	0.350000	0.850000	0.050000	0.150000	0.150000	0.050000	0.000000	0.100000	0.100000	0.150000	0.000000
0.450000	0.350000	0.250000	0.350000	0.250000	0.500000	0.700000	0.600000	0.500000	0.500000	0.400000	0.350000	0.150000	0.100000	0.000000	0.000000	0.000000	0.200000	0.450000	0.100000	0.250000	0.100000	0.350000	0.200000	0.450000	0.200000	0.350000	0.350000	0.350000

NPC_neg_pattern_3
0.334416	0.288961	0.064935	0.009740	0.961039	0.009740	0.084416	0.045455
0.188312	0.042208	0.058442	0.029221	0.000000	0.948052	0.019481	0.178571
0.181818	0.616883	0.035714	0.870130	0.016234	0.009740	0.879870	0.061688
0.295455	0.051948	0.840909	0.090909	0.022727	0.032468	0.016234	0.714286

NPC_neg_pattern_4
0.251121	0.224215	0.098655	0.152466	0.681614	0.031390	0.031390	0.044843	0.367713	0.143498
0.304933	0.035874	0.076233	0.556054	0.067265	0.883408	0.017937	0.838565	0.206278	0.197309
0.139013	0.538117	0.147982	0.107623	0.188341	0.004484	0.941704	0.035874	0.269058	0.085202
0.304933	0.201794	0.677130	0.183857	0.062780	0.080717	0.008969	0.080717	0.156951	0.573991

NPC_neg_pattern_5
0.427632	0.013158	0.026316	0.039474	0.032895
0.184211	0.927632	0.914474	0.013158	0.177632
0.203947	0.000000	0.013158	0.934211	0.769737
0.184211	0.059211	0.046053	0.013158	0.019737

NPC_neg_pattern_6
0.174497	0.067114	0.026846	0.959732	0.228188	0.000000	0.006711	0.154362
0.181208	0.114094	0.791946	0.000000	0.154362	0.013423	0.798658	0.033557
0.503356	0.174497	0.127517	0.040268	0.093960	0.966443	0.026846	0.751678
0.140940	0.644295	0.053691	0.000000	0.523490	0.020134	0.167785	0.060403

NPC_neg_pattern_7
0.195946	0.533784	0.060811	0.033784	0.006757	0.000000
0.506757	0.202703	0.067568	0.925676	0.000000	0.033784
0.087838	0.195946	0.810811	0.013514	0.932432	0.959459
0.209459	0.067568	0.060811	0.027027	0.060811	0.006757

NPC_neg_pattern_8
0.227941	0.198529	0.558824	0.948529	0.073529	0.080882	0.352941	0.132353	0.073529	0.882353	0.110294	0.654412
0.286765	0.154412	0.125000	0.014706	0.000000	0.014706	0.014706	0.051471	0.919118	0.022059	0.073529	0.029412
0.183824	0.102941	0.205882	0.000000	0.000000	0.044118	0.044118	0.801471	0.007353	0.022059	0.014706	0.080882
0.301471	0.544118	0.110294	0.036765	0.926471	0.860294	0.588235	0.014706	0.000000	0.073529	0.801471	0.235294

NPC_neg_pattern_9
0.400000	0.576923	0.792308	0.869231	0.915385	0.923077	0.923077	0.769231	0.653846
0.107692	0.038462	0.069231	0.015385	0.000000	0.000000	0.030769	0.015385	0.100000
0.207692	0.146154	0.053846	0.030769	0.023077	0.023077	0.000000	0.023077	0.061538
0.284615	0.238462	0.084615	0.084615	0.061538	0.053846	0.046154	0.192308	0.184615

